ROLLINGDB_ID,POS
ERR4828282,497491
ERR4828282,797736
ERR4828282,931123
ERR4828282,1759252
ERR4828282,2505085
Peru4072,62657
Peru4072,107794
Peru4072,891756
Peru4072,1759252
Peru4469,764995
Peru4469,1759252
Peru4469,4316114
ERR4829103,1487796
ERR4829103,1759252
ERR4829103,2411730
KOR-K2016-0002,497491
KOR-K2016-0002,797736
KOR-K2016-0002,931123
KOR-K2016-0002,1759252
KOR-K2016-0002,2505085
TRL0114583,62657
TRL0114583,891756
TRL0114583,1759252
IDR1900011778,497491
IDR1900011778,797736
IDR1900011778,931123
IDR1900011778,1759252
IDR1900011778,2505085
TRL0041018,764995
TRL0041018,1759252
TRL0041018,3388166
TRL0041018,4316114
ERR4831824,497491
ERR4831824,797736
ERR4831824,931123
ERR4831824,1759252
ERR4831824,2505085
ERR4796987,497491
ERR4796987,797736
ERR4796987,931123
ERR4796987,1759252
ERR4796987,2505085
ERR4796987,4248115
MNG-S2014-0002,497491
MNG-S2014-0002,797736
MNG-S2014-0002,931123
MNG-S2014-0002,1759252
MNG-S2014-0002,2505085
Peru4568,764995
Peru4568,1132368
Peru4568,1759252
Peru4568,3977226
ERR4830225,615938
ERR4830225,931123
ERR4830225,1759252
ERR4830225,3021283
ERR4830225,3216553
ERR4830225,4404247
ERR4797669,1759252
ERR4797669,3836739
ERR4810845,346693
ERR4810845,497491
ERR4810845,931123
ERR4810845,1759252
ERR4810845,2505085
ERR4810477,346693
ERR4810477,497491
ERR4810477,931123
ERR4810477,1759252
ERR4810477,2505085
ERR4812408,62657
ERR4812408,514245
ERR4812408,1759252
ERR4812896,764995
ERR4812896,1132368
ERR4812896,1759252
ERR4812896,3977226
ERR4831112,1759252
ERR4831112,3836739
ERR5917717,403364
ERR5917717,764995
ERR5917717,1759252
C242,62657
C242,891756
C242,1759252
ERR4796795,1487796
ERR4796795,1759252
ERR4796795,2411730
ERR5917695,497491
ERR5917695,797736
ERR5917695,931123
ERR5917695,1759252
ERR5917695,2505085
ERR4809338,931123
ERR4809338,1759252
ERR4809338,3273107
ERR4828624,497491
ERR4828624,797736
ERR4828624,931123
ERR4828624,1759252
ERR4828624,2505085
ERR4811297,497491
ERR4811297,797736
ERR4811297,931123
ERR4811297,1759252
ERR4811297,2505085
GA041-123,615938
GA041-123,931123
GA041-123,1759252
GA041-123,3470377
ERR4829631,1759252
ERR4810616,497491
ERR4810616,797736
ERR4810616,931123
ERR4810616,1759252
ERR4810616,2505085
ERR4828600,615938
ERR4828600,931123
ERR4828600,1759252
ERR4828600,3479545
ERR4811804,764995
ERR4811804,1132368
ERR4811804,1759252
ERR4811804,3977226
ERR2184208,62657
ERR2184208,514245
ERR2184208,1759252
ERR4830252,62657
ERR4830252,107794
ERR4830252,891756
ERR4830252,1759252
ERR4831386,615938
ERR4831386,931123
ERR4831386,1759252
ERR4831386,3479545
Peru3354,62657
Peru3354,107794
Peru3354,891756
Peru3354,1759252
ERR4828261,497491
ERR4828261,797736
ERR4828261,931123
ERR4828261,1759252
ERR4828261,2505085
ERR4828649,615938
ERR4828649,931123
ERR4828649,1759252
ERR4828649,3479545
Peru4484,497491
Peru4484,797736
Peru4484,931123
Peru4484,1759252
Peru4484,2505085
ERR4809164,497491
ERR4809164,797736
ERR4809164,931123
ERR4809164,1759252
ERR4809164,2505085
ERR4830805,1487796
ERR4830805,1759252
ERR4830805,2411730
M0014892-5,1759252
ERR4797083,497491
ERR4797083,797736
ERR4797083,931123
ERR4797083,1759252
ERR4797083,2505085
ERR4797083,4248115
ERR4796874,931123
ERR4796874,1759252
ERR4796874,3273107
ERR4828446,497491
ERR4828446,797736
ERR4828446,931123
ERR4828446,1759252
ERR4828446,2505085
ERR4811119,1719757
ERR4811119,1759252
ERR4809005,497491
ERR4809005,797736
ERR4809005,931123
ERR4809005,1759252
ERR4809005,2505085
ERR2510470,931123
ERR2510470,1759252
ERR2510470,3273107
ERR4830474,62657
ERR4830474,891756
ERR4830474,1759252
TRL0114849,62657
TRL0114849,107794
TRL0114849,891756
TRL0114849,1759252
ERR4797048,497491
ERR4797048,797736
ERR4797048,931123
ERR4797048,1759252
ERR4797048,2505085
ERR4811709,764995
ERR4811709,1759252
ERR4811709,4316114
ERR5917997,346693
ERR5917997,497491
ERR5917997,931123
ERR5917997,1759252
ERR5917997,2505085
ERR4828700,497491
ERR4828700,797736
ERR4828700,931123
ERR4828700,1759252
ERR4828700,2505085
ERR4828700,4248115
C459,931123
C459,1237818
C459,1759252
C459,3273107
C459,3722702
ERR4828723,62657
ERR4828723,107794
ERR4828723,891756
ERR4828723,1759252
ERR4830170,497491
ERR4830170,797736
ERR4830170,931123
ERR4830170,1759252
ERR4830170,2505085
ERR4828576,1487796
ERR4828576,1759252
ERR4828576,2411730
Peru5088,497491
Peru5088,797736
Peru5088,931123
Peru5088,1759252
Peru5088,2505085
ERR4809314,355181
ERR4809314,1759252
ERR4809314,4151558
ERR4809314,4307886
ERR2510704,1759252
ERR2510704,3836739
ERR4797220,615938
ERR4797220,931123
ERR4797220,1491275
ERR4797220,1759252
ERR4797220,4404247
ERR4829422,62657
ERR4829422,514245
ERR4829422,1759252
ERR4829422,4229087
ERR4832036,497491
ERR4832036,797736
ERR4832036,931123
ERR4832036,1759252
ERR4832036,2505085
ERR4832036,4248115
ERR4797833,931123
ERR4797833,1759252
ERR4797833,3273107
ERR4812749,403364
ERR4812749,764995
ERR4812749,1759252
ERR4810595,497491
ERR4810595,797736
ERR4810595,931123
ERR4810595,1759252
ERR4810595,2505085
ERR4812710,62657
ERR4812710,107794
ERR4812710,891756
ERR4812710,1759252
ERR4828204,615938
ERR4828204,931123
ERR4828204,1759252
ERR4828204,3021283
ERR4828204,4404247
ERR4822641,783601
ERR4822641,1759252
ERR4822641,2411730
SAMEA3558151,1759252
SAMEA3558151,4249732
ERR4812261,764995
ERR4812261,1759252
ERR4812261,4316114
ERR3287515,62657
ERR3287515,107794
ERR3287515,891756
ERR3287515,1759252
ERR4812159,62657
ERR4812159,107794
ERR4812159,891756
ERR4812159,1759252
Peru4075,62657
Peru4075,107794
Peru4075,891756
Peru4075,1759252
C310,62657
C310,514245
C310,1759252
C310,4229087
ERR4796991,1759252
ERR4796991,4249732
ERR4828270,497491
ERR4828270,797736
ERR4828270,931123
ERR4828270,1759252
ERR4828270,2505085
ERR4811025,497491
ERR4811025,797736
ERR4811025,931123
ERR4811025,1759252
ERR4811025,2505085
ERR4797142,615938
ERR4797142,931123
ERR4797142,1759252
ERR4797142,3470377
ERR4829755,62657
ERR4829755,107794
ERR4829755,891756
ERR4829755,1759252
ERR4811013,497491
ERR4811013,797736
ERR4811013,931123
ERR4811013,1759252
ERR4811013,2505085
ERR4830055,1759252
ERR4828675,615938
ERR4828675,931123
ERR4828675,1759252
ERR4828675,3021283
ERR4828675,3216553
ERR4828675,4404247
ERR4811470,1719757
ERR4811470,1759252
ERR4812414,497491
ERR4812414,797736
ERR4812414,931123
ERR4812414,1759252
ERR4812414,2505085
TRL0022753,62657
TRL0022753,107794
TRL0022753,891756
TRL0022753,1759252
ERR2510502,931123
ERR2510502,1759252
ERR2510502,3273107
ERR4812780,62657
ERR4812780,107794
ERR4812780,891756
ERR4812780,1759252
ERR4796259,1759252
ERR4796259,4307886
ERR4796939,497491
ERR4796939,797736
ERR4796939,931123
ERR4796939,1759252
ERR4796939,2505085
ERR4831514,931123
ERR4831514,1759252
ERR4831514,3273107
ERR4798049,764995
ERR4798049,1759252
ERR4798049,3977226
ERR4798049,4398141
ERR4828462,615938
ERR4828462,931123
ERR4828462,1759252
ERR4828462,3021283
ERR4828462,4404247
ERR2184627,62657
ERR2184627,107794
ERR2184627,891756
ERR2184627,1759252
ERR2184465,764995
ERR2184465,1759252
ERR2184465,4316114
C072,346693
C072,497491
C072,931123
C072,1759252
C072,2505085
ERR4811543,497491
ERR4811543,797736
ERR4811543,931123
ERR4811543,1759252
ERR4811543,2505085
ERR4830999,497491
ERR4830999,797736
ERR4830999,931123
ERR4830999,1759252
ERR4830999,2505085
ERR2184241,497491
ERR2184241,797736
ERR2184241,931123
ERR2184241,1759252
ERR2184241,2505085
IDR1800051995,497491
IDR1800051995,797736
IDR1800051995,931123
IDR1800051995,1759252
IDR1800051995,2505085
M0020454-6,1759252
M0020454-6,3836739
ERR4797428,497491
ERR4797428,797736
ERR4797428,931123
ERR4797428,1759252
ERR4797428,2505085
ERR4831305,62657
ERR4831305,891756
ERR4831305,1759252
ERR4831156,1719757
ERR4831156,1759252
TDR136S104L002,403364
TDR136S104L002,764995
TDR136S104L002,1759252
ERR4828521,497491
ERR4828521,797736
ERR4828521,931123
ERR4828521,1759252
ERR4828521,2505085
ERR4809278,1759252
ERR4809278,3836739
ERR4811659,62657
ERR4811659,107794
ERR4811659,891756
ERR4811659,1759252
ERR3287814,62657
ERR3287814,514245
ERR3287814,1759252
ERR3287814,4229087
Peru3528,403364
Peru3528,764995
Peru3528,1759252
ERR2184284,62657
ERR2184284,1759252
ERR4814032,62657
ERR4814032,107794
ERR4814032,891756
ERR4814032,1759252
ERR4811094,1759252
ERR4809070,764995
ERR4809070,1759252
ERR4809070,3388166
ERR4809070,4316114
ERR5918031,1759252
ERR5918031,3836739
ERR4830229,497491
ERR4830229,797736
ERR4830229,931123
ERR4830229,1759252
ERR4830229,2505085
ERR4828965,403364
ERR4828965,764995
ERR4828965,1759252
ERR4830399,615938
ERR4830399,931123
ERR4830399,1759252
ERR4830399,3021283
ERR4830399,3216553
ERR4830399,4404247
ERR4811508,1719757
ERR4811508,1759252
ERR4829477,1719757
ERR4829477,1759252
SAMN02360559,346693
SAMN02360559,497491
SAMN02360559,931123
SAMN02360559,1759252
SAMN02360559,2505085
ERR4810913,1719757
ERR4810913,1759252
ERR4831058,931123
ERR4831058,1759252
ERR4831058,3273107
ERR4796340,1759252
ERR4796340,3836739
ERR4798153,931123
ERR4798153,1759252
ERR4798153,3273107
ERR4830303,62657
ERR4830303,891756
ERR4830303,1759252
ERR2184433,497491
ERR2184433,797736
ERR2184433,931123
ERR2184433,1759252
ERR2184433,2505085
ERR4797230,497491
ERR4797230,797736
ERR4797230,931123
ERR4797230,1759252
ERR4797230,2505085
ERR4828670,497491
ERR4828670,797736
ERR4828670,931123
ERR4828670,1759252
ERR4828670,2505085
C321,497491
C321,797736
C321,931123
C321,1759252
C321,2505085
ERR4813240,497491
ERR4813240,797736
ERR4813240,931123
ERR4813240,1759252
ERR4813240,2505085
ERR4831402,1719757
ERR4831402,1759252
M0001638-7,62657
M0001638-7,107794
M0001638-7,891756
M0001638-7,1759252
ERR4810976,497491
ERR4810976,797736
ERR4810976,931123
ERR4810976,1759252
ERR4810976,2505085
KOR-K2016-0008,497491
KOR-K2016-0008,797736
KOR-K2016-0008,931123
KOR-K2016-0008,1759252
KOR-K2016-0008,2505085
IDR1200032739,497491
IDR1200032739,797736
IDR1200032739,931123
IDR1200032739,1759252
IDR1200032739,2505085
ERR4797455,931123
ERR4797455,1759252
ERR4797455,3273107
ERR4828151,497491
ERR4828151,797736
ERR4828151,931123
ERR4828151,1759252
ERR4828151,2505085
TRL0115821,1759252
TRL0115821,3836739
ERR4831208,403364
ERR4831208,764995
ERR4831208,1759252
ERR4830508,497491
ERR4830508,797736
ERR4830508,931123
ERR4830508,1759252
ERR4830508,2505085
ERR4808937,931123
ERR4808937,1084911
ERR4808937,1759252
ERR4808937,3273107
ERR4822480,1719757
ERR4822480,1759252
ERR4798059,931123
ERR4798059,1237818
ERR4798059,1759252
ERR4798059,3273107
ERR4798059,3722702
ERR4797223,931123
ERR4797223,1759252
ERR4797223,3273107
ERR4797223,3722702
ERR4811920,62657
ERR4811920,107794
ERR4811920,891756
ERR4811920,1759252
ERR2510647,931123
ERR2510647,1759252
ERR2510647,3273107
ERR4828435,615938
ERR4828435,931123
ERR4828435,1759252
ERR4828435,3021283
ERR4828435,3216553
ERR4828435,4404247
NLA000701201,931123
NLA000701201,1759252
NLA000701201,3273107
Peru3005,764995
Peru3005,1759252
Peru3005,3977226
Peru3005,4398141
ERR3287669,764995
ERR3287669,1132368
ERR3287669,1759252
ERR3287669,3977226
ERR3287796,497491
ERR3287796,797736
ERR3287796,931123
ERR3287796,1759252
ERR3287796,2505085
ERR4828584,1719757
ERR4828584,1759252
JA00176841,1759252
JA00176841,3836739
TDR83S174L002,931123
TDR83S174L002,1759252
TDR83S174L002,3273107
ERR2510361,497491
ERR2510361,797736
ERR2510361,931123
ERR2510361,1759252
ERR2510361,2505085
ERR4797690,931123
ERR4797690,1759252
ERR4797690,3273107
ERR4828683,497491
ERR4828683,797736
ERR4828683,931123
ERR4828683,1759252
ERR4828683,2505085
ERR4828683,4248115
ERR4811141,497491
ERR4811141,797736
ERR4811141,931123
ERR4811141,1759252
ERR4811141,2505085
C038,346693
C038,497491
C038,931123
C038,1759252
C038,2505085
ERR4830773,931123
ERR4830773,1759252
ERR4830773,3273107
ERR4830627,497491
ERR4830627,797736
ERR4830627,931123
ERR4830627,1759252
ERR4830627,2505085
Peru4562,62657
Peru4562,514245
Peru4562,1759252
KOR-K2016-0161,497491
KOR-K2016-0161,797736
KOR-K2016-0161,931123
KOR-K2016-0161,1759252
KOR-K2016-0161,2505085
ERR3287381,497491
ERR3287381,797736
ERR3287381,931123
ERR3287381,1759252
ERR3287381,2505085
CD00862502,346693
CD00862502,497491
CD00862502,931123
CD00862502,1759252
CD00862502,2505085
ERR4828179,497491
ERR4828179,797736
ERR4828179,931123
ERR4828179,1759252
ERR4828179,2505085
ERR4830720,62657
ERR4830720,107794
ERR4830720,891756
ERR4830720,1759252
SAMEA3558164,1759252
SAMEA3558164,3836739
ERR4796644,615938
ERR4796644,931123
ERR4796644,1759252
ERR4796644,2622402
ERR4796644,4404247
TDR233S205L002,62657
TDR233S205L002,514245
TDR233S205L002,1759252
TDR233S205L002,4229087
ERR5917753,403364
ERR5917753,764995
ERR5917753,1759252
ERR4831811,497491
ERR4831811,797736
ERR4831811,931123
ERR4831811,1759252
ERR4831811,2505085
ERR3287767,764995
ERR3287767,1132368
ERR3287767,1759252
ERR3287767,3977226
29846,403364
29846,764995
29846,1759252
ERR4811336,346693
ERR4811336,497491
ERR4811336,931123
ERR4811336,1759252
ERR4811336,2505085
ERR3287362,62657
ERR3287362,891756
ERR3287362,1759252
ERR4831456,615938
ERR4831456,931123
ERR4831456,1759252
ERR4831456,2622402
ERR4831456,4404247
Peru3399,497491
Peru3399,797736
Peru3399,931123
Peru3399,1759252
Peru3399,2505085
ERR4830698,62657
ERR4830698,107794
ERR4830698,891756
ERR4830698,1759252
ERR4822468,403364
ERR4822468,764995
ERR4822468,1759252
Peru5031,62657
Peru5031,514245
Peru5031,1759252
Peru4459,62657
Peru4459,107794
Peru4459,891756
Peru4459,1759252
ERR4830926,497491
ERR4830926,797736
ERR4830926,931123
ERR4830926,1759252
ERR4830926,2505085
ERR4810589,497491
ERR4810589,797736
ERR4810589,931123
ERR4810589,1759252
ERR4810589,2505085
Peru3032,62657
Peru3032,107794
Peru3032,891756
Peru3032,1759252
ERR2510263,931123
ERR2510263,1759252
ERR2510263,3273107
ERR4796828,931123
ERR4796828,1759252
ERR4796828,3273107
ERR4811702,403364
ERR4811702,764995
ERR4811702,1759252
ERR4797352,931123
ERR4797352,1759252
ERR4797352,3273107
ERR4797480,615938
ERR4797480,931123
ERR4797480,1759252
ERR4797480,3470377
ERR2510466,931123
ERR2510466,1759252
ERR2510466,3273107
ERR4811648,497491
ERR4811648,797736
ERR4811648,931123
ERR4811648,1759252
ERR4811648,2505085
ERR4810818,497491
ERR4810818,797736
ERR4810818,931123
ERR4810818,1759252
ERR4810818,2505085
ERR4811623,1759252
ERR4829503,1759252
ERR4829503,3836739
Peru4063,62657
Peru4063,107794
Peru4063,891756
Peru4063,1759252
ERR4797997,62657
ERR4797997,514245
ERR4797997,1759252
ERR4797997,4229087
ERR4829143,931123
ERR4829143,1084911
ERR4829143,1759252
ERR4829143,3273107
ERR4813402,497491
ERR4813402,797736
ERR4813402,931123
ERR4813402,1759252
ERR4813402,2505085
ERR4812430,62657
ERR4812430,107794
ERR4812430,891756
ERR4812430,1759252
ERR2184436,764995
ERR2184436,1759252
ERR2184436,4316114
ERR4811045,497491
ERR4811045,797736
ERR4811045,931123
ERR4811045,1759252
ERR4811045,2505085
ERR4796494,615938
ERR4796494,931123
ERR4796494,1759252
ERR4796494,2622402
ERR4796494,4404247
Peru4710,403364
Peru4710,764995
Peru4710,1759252
ERR4812526,764995
ERR4812526,1759252
ERR4812526,4316114
Peru3998,62657
Peru3998,107794
Peru3998,891756
Peru3998,1759252
ERR4830389,497491
ERR4830389,797736
ERR4830389,931123
ERR4830389,1759252
ERR4830389,2505085
Peru4103,62657
Peru4103,107794
Peru4103,891756
Peru4103,1759252
Peru4734,62657
Peru4734,514245
Peru4734,1759252
Peru4734,1850119
ERR4828585,615938
ERR4828585,931123
ERR4828585,1759252
ERR4828585,3021283
ERR4828585,4404247
ERR4830443,497491
ERR4830443,797736
ERR4830443,931123
ERR4830443,1759252
ERR4830443,2505085
ERR4797094,1487796
ERR4797094,1759252
ERR4797094,2411730
SAMEA3558153,62657
SAMEA3558153,891756
SAMEA3558153,1759252
ERR4830944,497491
ERR4830944,797736
ERR4830944,931123
ERR4830944,1759252
ERR4830944,2505085
Peru3063,403364
Peru3063,764995
Peru3063,1759252
ERR4811049,497491
ERR4811049,797736
ERR4811049,931123
ERR4811049,1759252
ERR4811049,2505085
ERR4809152,355181
ERR4809152,1759252
ERR4809152,4151558
ERR4809152,4307886
SAMEA3558206,764995
SAMEA3558206,1759252
ERR4813349,764995
ERR4813349,1132368
ERR4813349,1759252
ERR4813349,3977226
02R1106,403364
02R1106,764995
02R1106,1759252
ERR4830273,1719757
ERR4830273,1759252
TRL0031813,931123
TRL0031813,1759252
TRL0031813,3273107
ERR4830094,497491
ERR4830094,797736
ERR4830094,931123
ERR4830094,1759252
ERR4830094,2505085
ERR2184537,62657
ERR2184537,1759252
26243,764995
26243,1759252
26243,3388166
26243,4316114
ERR4831254,497491
ERR4831254,797736
ERR4831254,931123
ERR4831254,1759252
ERR4831254,2505085
ERR4796678,931123
ERR4796678,1759252
ERR4796678,3273107
C462,764995
C462,1759252
C462,3388166
C462,4316114
ERR4828249,497491
ERR4828249,797736
ERR4828249,931123
ERR4828249,1759252
ERR4828249,2505085
ERR4831438,931123
ERR4831438,1759252
ERR4831438,3273107
KOR-K2016-0222,497491
KOR-K2016-0222,797736
KOR-K2016-0222,931123
KOR-K2016-0222,1759252
KOR-K2016-0222,2505085
ERR4828784,764995
ERR4828784,1132368
ERR4828784,1759252
ERR4828784,3977226
ERR4797076,931123
ERR4797076,1759252
ERR4797076,3273107
ERR4811987,403364
ERR4811987,764995
ERR4811987,1759252
ERR4811882,403364
ERR4811882,764995
ERR4811882,1759252
ERR4829056,1759252
ERR4829056,4249732
ERR4830629,497491
ERR4830629,797736
ERR4830629,931123
ERR4830629,1759252
ERR4830629,2505085
ERR4796512,497491
ERR4796512,797736
ERR4796512,931123
ERR4796512,1759252
ERR4796512,2505085
ERR4796512,4248115
ERR4796581,931123
ERR4796581,1759252
ERR4796581,3273107
Peru5149,62657
Peru5149,107794
Peru5149,891756
Peru5149,1759252
ERR4830616,497491
ERR4830616,797736
ERR4830616,931123
ERR4830616,1759252
ERR4830616,2505085
ERR4810671,346693
ERR4810671,497491
ERR4810671,931123
ERR4810671,1759252
ERR4810671,2505085
ERR4829188,1759252
ERR4829188,2875883
ERR4829188,3466426
ERR4829188,4125058
SAMN02364076,497491
SAMN02364076,931123
SAMN02364076,1759252
SAMN02364076,1881090
ERR4811273,497491
ERR4811273,797736
ERR4811273,931123
ERR4811273,1759252
ERR4811273,2505085
ERR4796688,931123
ERR4796688,1759252
ERR4796688,3273107
IDR1500049548,355181
IDR1500049548,1759252
IDR1500049548,4151558
IDR1500049548,4307886
ERR4797616,931123
ERR4797616,1759252
ERR4797616,3273107
ERR4796772,931123
ERR4796772,1759252
ERR4796772,3273107
ERR4796772,3722702
NLA009700296,931123
NLA009700296,1084911
NLA009700296,1759252
NLA009700296,3273107
ERR4797566,931123
ERR4797566,1759252
ERR4797566,3273107
Peru4941,497491
Peru4941,797736
Peru4941,931123
Peru4941,1759252
Peru4941,2505085
ERR2184507,764995
ERR2184507,1759252
ERR2184507,4316114
ERR4831348,1719757
ERR4831348,1759252
ERR4831822,615938
ERR4831822,931123
ERR4831822,1759252
ERR4831822,3021283
ERR4831822,3216553
ERR4831822,4404247
ERR4811029,497491
ERR4811029,797736
ERR4811029,931123
ERR4811029,1759252
ERR4811029,2505085
ERR4831951,1759252
ERR4831951,4246508
ERR4831951,4307886
C068,346693
C068,497491
C068,931123
C068,1759252
C068,2505085
ERR4809332,62657
ERR4809332,107794
ERR4809332,891756
ERR4809332,1759252
Peru4618,1501468
Peru4618,1759252
Peru4618,3466426
Peru4618,4260268
Peru5433,1759252
Peru5433,3836739
ERR4813813,764995
ERR4813813,1759252
ERR4813813,3977226
ERR4813813,4398141
ERR4797571,931123
ERR4797571,1237818
ERR4797571,1759252
ERR4797571,3273107
ERR4797571,3722702
ERR4796317,615938
ERR4796317,931123
ERR4796317,1759252
ERR4796317,2622402
ERR4796317,4404247
ERR4811584,497491
ERR4811584,797736
ERR4811584,931123
ERR4811584,1759252
ERR4811584,2505085
ERR4811584,4248115
ERR4828210,497491
ERR4828210,797736
ERR4828210,931123
ERR4828210,1759252
ERR4828210,2505085
ERR4813292,497491
ERR4813292,797736
ERR4813292,931123
ERR4813292,1759252
ERR4813292,2505085
ERR4822427,1759252
ERR4822427,2875883
ERR4822427,3466426
ERR4822427,4125058
ERR4810825,497491
ERR4810825,797736
ERR4810825,931123
ERR4810825,1759252
ERR4810825,2505085
ERR4829177,1759252
ERR4829177,2875883
ERR4829177,3466426
ERR4829177,4125058
ERR4813751,62657
ERR4813751,514245
ERR4813751,1759252
ERR4813751,4229087
ERR4811568,497491
ERR4811568,797736
ERR4811568,931123
ERR4811568,1759252
ERR4811568,2505085
ERR4797041,931123
ERR4797041,1759252
ERR4797041,3273107
C089,497491
C089,797736
C089,931123
C089,1759252
C089,2505085
ERR4796786,497491
ERR4796786,797736
ERR4796786,931123
ERR4796786,1759252
ERR4796786,2505085
ERR4830800,931123
ERR4830800,1084911
ERR4830800,1759252
ERR4830800,3273107
ERR5917990,497491
ERR5917990,797736
ERR5917990,931123
ERR5917990,1759252
ERR5917990,2505085
ERR5917990,4248115
C460,62657
C460,514245
C460,1759252
C460,4229087
ERR2184424,403364
ERR2184424,764995
ERR2184424,1759252
M0002998-4,62657
M0002998-4,514245
M0002998-4,1759252
ERR4828474,615938
ERR4828474,931123
ERR4828474,1759252
ERR4828474,3479545
ERR3287408,764995
ERR3287408,1759252
ERR3287408,4316114
ERR4796745,497491
ERR4796745,797736
ERR4796745,931123
ERR4796745,1759252
ERR4796745,2505085
ERR4796745,3836274
ERR4810618,497491
ERR4810618,797736
ERR4810618,931123
ERR4810618,1759252
ERR4810618,2505085
ERR4796756,615938
ERR4796756,931123
ERR4796756,1759252
ERR4796756,2622402
ERR4796756,4404247
ERR4811663,62657
ERR4811663,107794
ERR4811663,891756
ERR4811663,1759252
ERR4810824,497491
ERR4810824,797736
ERR4810824,931123
ERR4810824,1759252
ERR4810824,2505085
ERR4822347,497491
ERR4822347,797736
ERR4822347,931123
ERR4822347,1759252
ERR4822347,2505085
ERR2510248,931123
ERR2510248,1759252
ERR2510248,3273107
ERR4812785,497491
ERR4812785,797736
ERR4812785,931123
ERR4812785,1759252
ERR4812785,2505085
ERR4809114,497491
ERR4809114,797736
ERR4809114,931123
ERR4809114,1759252
ERR4809114,2505085
ERR4810786,497491
ERR4810786,797736
ERR4810786,931123
ERR4810786,1759252
ERR4810786,2505085
ERR4812769,62657
ERR4812769,107794
ERR4812769,891756
ERR4812769,1759252
ERR2510290,1759252
ERR2510290,3466426
ERR2510290,3570528
ERR2510290,4125058
ERR4811625,497491
ERR4811625,797736
ERR4811625,931123
ERR4811625,1759252
ERR4811625,2505085
ERR3287338,1759252
ERR3287338,3836739
ERR4810849,497491
ERR4810849,797736
ERR4810849,931123
ERR4810849,1759252
ERR4810849,2505085
ERR4810849,4248115
ERR4812339,355181
ERR4812339,1759252
ERR4812339,4151558
ERR4812339,4307886
ERR4810651,1719757
ERR4810651,1759252
ERR4832039,497491
ERR4832039,797736
ERR4832039,931123
ERR4832039,1759252
ERR4832039,2505085
ERR4809190,403364
ERR4809190,764995
ERR4809190,1759252
JPN-R2012-0084,497491
JPN-R2012-0084,797736
JPN-R2012-0084,931123
JPN-R2012-0084,1759252
JPN-R2012-0084,2505085
TRL0113671,764995
TRL0113671,1759252
TRL0113671,3388166
TRL0113671,4316114
ERR4830745,497491
ERR4830745,797736
ERR4830745,931123
ERR4830745,1759252
ERR4830745,2505085
TRL0113476,764995
TRL0113476,1759252
TRL0113476,3977226
TRL0113476,4398141
ERR4810620,1759252
ERR4810620,4246508
ERR4810620,4307886
Peru4929,62657
Peru4929,514245
Peru4929,1759252
Peru4929,4229087
ERR4830067,497491
ERR4830067,797736
ERR4830067,931123
ERR4830067,1759252
ERR4830067,2505085
ERR2510389,931123
ERR2510389,1759252
ERR2510389,3273107
ERR4811367,497491
ERR4811367,797736
ERR4811367,931123
ERR4811367,1759252
ERR4811367,2505085
C002,497491
C002,797736
C002,931123
C002,1759252
C002,2505085
C002,4248115
ERR2184563,1759252
ERR4797382,615938
ERR4797382,931123
ERR4797382,1759252
ERR4797382,3470377
ERR4811381,497491
ERR4811381,797736
ERR4811381,931123
ERR4811381,1759252
ERR4811381,2505085
C453,346693
C453,497491
C453,931123
C453,1759252
C453,2505085
ERR4828345,615938
ERR4828345,931123
ERR4828345,1759252
ERR4828345,3021283
ERR4828345,3216553
ERR4828345,4404247
ERR4830343,1759252
ERR4811974,497491
ERR4811974,797736
ERR4811974,931123
ERR4811974,1759252
ERR4811974,2505085
ERR4828414,615938
ERR4828414,931123
ERR4828414,1759252
ERR4828414,3021283
ERR4828414,3216553
ERR4828414,4404247
IDR1700000670,931123
IDR1700000670,1759252
IDR1700000670,3273107
ERR2184276,403364
ERR2184276,764995
ERR2184276,1759252
C094,764995
C094,1759252
C094,3388166
C094,4316114
ERR4812415,62657
ERR4812415,514245
ERR4812415,1759252
KOR-K2016-0101,346693
KOR-K2016-0101,497491
KOR-K2016-0101,931123
KOR-K2016-0101,1759252
KOR-K2016-0101,2505085
ERR4831350,1759252
ERR4831350,3836739
ERR4796269,497491
ERR4796269,797736
ERR4796269,931123
ERR4796269,1759252
ERR4796269,2505085
ERR4796659,497491
ERR4796659,797736
ERR4796659,931123
ERR4796659,1759252
ERR4796659,2505085
ERR4796748,403364
ERR4796748,764995
ERR4796748,1759252
ERR4828685,615938
ERR4828685,931123
ERR4828685,1759252
ERR4828685,3021283
ERR4828685,3216553
ERR4828685,4404247
KOR-K2016-0211,497491
KOR-K2016-0211,797736
KOR-K2016-0211,931123
KOR-K2016-0211,1759252
KOR-K2016-0211,2505085
TRL0113646,497491
TRL0113646,797736
TRL0113646,931123
TRL0113646,1759252
TRL0113646,2505085
ERR4809297,497491
ERR4809297,797736
ERR4809297,931123
ERR4809297,1759252
ERR4809297,2505085
ERR4809297,4248115
ERR4797159,931123
ERR4797159,1759252
ERR4797159,3273107
EC504-305,1759252
EC504-305,3836739
ERR4812175,403364
ERR4812175,764995
ERR4812175,1759252
EC367-431,1759252
EC367-431,3836739
ERR2184237,355181
ERR2184237,1759252
ERR2184237,4151558
ERR2184237,4307886
ERR4796628,497491
ERR4796628,797736
ERR4796628,931123
ERR4796628,1759252
ERR4796628,2505085
ERR4797156,497491
ERR4797156,797736
ERR4797156,931123
ERR4797156,1759252
ERR4797156,2505085
C276,346693
C276,497491
C276,931123
C276,1759252
C276,2505085
ERR4797131,497491
ERR4797131,797736
ERR4797131,931123
ERR4797131,1759252
ERR4797131,2505085
ERR2184396,403364
ERR2184396,764995
ERR2184396,1759252
SAMEA3558132,931123
SAMEA3558132,1759252
SAMEA3558132,3273107
ERR2184403,62657
ERR2184403,514245
ERR2184403,1759252
Peru3298,62657
Peru3298,107794
Peru3298,891756
Peru3298,1759252
ERR2510355,497491
ERR2510355,797736
ERR2510355,931123
ERR2510355,1759252
ERR2510355,2505085
ERR4830138,1759252
ERR4830138,3836739
ERR4797344,615938
ERR4797344,931123
ERR4797344,1759252
ERR4797344,3470377
ERR4808892,346693
ERR4808892,497491
ERR4808892,931123
ERR4808892,1759252
ERR4808892,2505085
C477,497491
C477,797736
C477,931123
C477,1759252
C477,2505085
ERR4813983,764995
ERR4813983,1132368
ERR4813983,1759252
ERR4813983,3977226
1793,1759252
1793,4246508
1793,4307886
FS352-472,764995
FS352-472,1132368
FS352-472,1759252
FS352-472,3977226
ERR4813112,403364
ERR4813112,764995
ERR4813112,1759252
ERR4808866,346693
ERR4808866,497491
ERR4808866,931123
ERR4808866,1759252
ERR4808866,2505085
ERR4811037,1719757
ERR4811037,1759252
ERR4822566,403364
ERR4822566,764995
ERR4822566,1759252
ERR4811915,497491
ERR4811915,797736
ERR4811915,931123
ERR4811915,1759252
ERR4811915,2505085
ERR3287612,403364
ERR3287612,764995
ERR3287612,1759252
Peru2939,62657
Peru2939,514245
Peru2939,1759252
Peru2939,4229087
ERR4811185,1719757
ERR4811185,1759252
IDR1300033719,62657
IDR1300033719,514245
IDR1300033719,1759252
ERR4810919,497491
ERR4810919,797736
ERR4810919,931123
ERR4810919,1759252
ERR4810919,2505085
ERR4811221,497491
ERR4811221,797736
ERR4811221,931123
ERR4811221,1759252
ERR4811221,2505085
ERR4797189,1759252
ERR4797189,4307886
TRL0105195,62657
TRL0105195,107794
TRL0105195,891756
TRL0105195,1759252
ERR4831646,497491
ERR4831646,797736
ERR4831646,931123
ERR4831646,1759252
ERR4831646,2505085
Peru5134,62657
Peru5134,107794
Peru5134,891756
Peru5134,1759252
ERR4830581,497491
ERR4830581,797736
ERR4830581,931123
ERR4830581,1759252
ERR4830581,2505085
ERR2510869,497491
ERR2510869,797736
ERR2510869,931123
ERR2510869,1759252
ERR2510869,2505085
ERR4812225,1759252
ERR4812225,4151558
ERR4812225,4307886
ERR4813073,403364
ERR4813073,764995
ERR4813073,1759252
ERR4797286,931123
ERR4797286,1237818
ERR4797286,1759252
ERR4797286,3273107
ERR4797286,3722702
ERR4829524,931123
ERR4829524,1759252
ERR4829524,3273107
ERR4810931,497491
ERR4810931,797736
ERR4810931,931123
ERR4810931,1759252
ERR4810931,2505085
ERR4797188,1759252
ERR4797188,4307886
ERR4797024,615938
ERR4797024,931123
ERR4797024,1759252
ERR4797024,3470377
Peru3255,403364
Peru3255,764995
Peru3255,1759252
ERR4830387,497491
ERR4830387,797736
ERR4830387,931123
ERR4830387,1759252
ERR4830387,2505085
BE01391332,764995
BE01391332,1759252
BE01391332,3388166
BE01391332,4316114
ERR4812206,764995
ERR4812206,1759252
ERR4812206,4316114
TRL0114786,497491
TRL0114786,797736
TRL0114786,931123
TRL0114786,1759252
TRL0114786,2505085
Peru2925,1759252
Peru2925,3836739
ERR4828823,62657
ERR4828823,107794
ERR4828823,891756
ERR4828823,1759252
ERR4810698,497491
ERR4810698,797736
ERR4810698,931123
ERR4810698,1759252
ERR4810698,2505085
TDR50S113L002,1501468
TDR50S113L002,1759252
TDR50S113L002,3466426
TDR50S113L002,4260268
ERR4812368,62657
ERR4812368,107794
ERR4812368,891756
ERR4812368,1759252
Peru3371,403364
Peru3371,764995
Peru3371,1759252
03R1337,403364
03R1337,764995
03R1337,1759252
C035,403364
C035,764995
C035,1759252
ERR4828768,615938
ERR4828768,931123
ERR4828768,1759252
ERR4828768,3021283
ERR4828768,3216553
ERR4828768,4404247
Peru4955,403364
Peru4955,764995
Peru4955,1759252
ERR4829121,403364
ERR4829121,764995
ERR4829121,1759252
ERR4831925,497491
ERR4831925,797736
ERR4831925,931123
ERR4831925,1759252
ERR4831925,2505085
ERR4830276,497491
ERR4830276,797736
ERR4830276,931123
ERR4830276,1759252
ERR4830276,2505085
ERR4830276,4248115
ERR4830895,764995
ERR4830895,1759252
KOR-K2016-0146,497491
KOR-K2016-0146,797736
KOR-K2016-0146,931123
KOR-K2016-0146,1759252
KOR-K2016-0146,2505085
01R1339,1759252
ERR4829984,1759252
ERR4829984,2875883
ERR4829984,3466426
ERR4829984,4125058
ERR4796258,1759252
ERR4796258,3836739
ERR4796479,497491
ERR4796479,797736
ERR4796479,931123
ERR4796479,1759252
ERR4796479,2505085
ERR4808890,346693
ERR4808890,497491
ERR4808890,931123
ERR4808890,1759252
ERR4808890,2505085
TRL0115834,62657
TRL0115834,514245
TRL0115834,1759252
TRL0115834,4229087
EC113A-275,1759252
EC113A-275,3836739
29779,497491
29779,797736
29779,931123
29779,1759252
29779,2505085
ERR4812147,1759252
ERR4812147,3836739
ERR2184248,62657
ERR2184248,107794
ERR2184248,891756
ERR2184248,1759252
ERR4809126,355181
ERR4809126,1759252
ERR4809126,4151558
ERR4809126,4307886
ERR2510599,1759252
ERR2510599,3836739
ERR4797512,497491
ERR4797512,797736
ERR4797512,931123
ERR4797512,1759252
ERR4797512,2505085
ERR4797475,931123
ERR4797475,1759252
ERR4797475,3273107
ERR4797475,3722702
ERR4830715,355181
ERR4830715,1759252
ERR4830715,4151558
ERR4830715,4307886
Peru4059,403364
Peru4059,764995
Peru4059,1759252
Peru5017,403364
Peru5017,764995
Peru5017,1759252
Peru5091,403364
Peru5091,764995
Peru5091,1759252
ERR2510677,1759252
ERR2510677,3836739
KOR-K2016-0119,346693
KOR-K2016-0119,497491
KOR-K2016-0119,931123
KOR-K2016-0119,1759252
KOR-K2016-0119,2505085
ERR4809337,346693
ERR4809337,497491
ERR4809337,931123
ERR4809337,1759252
ERR4809337,2505085
ERR4809163,346693
ERR4809163,497491
ERR4809163,931123
ERR4809163,1759252
ERR4809163,2505085
ERR4812956,62657
ERR4812956,514245
ERR4812956,1759252
ERR4812170,1759252
ERR4812170,3836739
Peru2914,403364
Peru2914,764995
Peru2914,1759252
NLA009801500,346693
NLA009801500,497491
NLA009801500,931123
NLA009801500,1759252
NLA009801500,2505085
ERR4822538,931123
ERR4822538,1084911
ERR4822538,1759252
ERR4822538,3273107
ERR4831476,615938
ERR4831476,931123
ERR4831476,1759252
ERR4831476,2622402
ERR4831476,4404247
ERR4822426,62657
ERR4822426,1759252
ERR4810483,497491
ERR4810483,797736
ERR4810483,931123
ERR4810483,1759252
ERR4810483,2505085
ERR4831329,1719757
ERR4831329,1759252
ERR4813099,497491
ERR4813099,797736
ERR4813099,931123
ERR4813099,1759252
ERR4813099,2505085
ERR4812247,62657
ERR4812247,107794
ERR4812247,891756
ERR4812247,1759252
JG00304736,355181
JG00304736,1759252
JG00304736,4151558
JG00304736,4307886
TDR45S167L002,403364
TDR45S167L002,615938
TDR45S167L002,931123
TDR45S167L002,1491275
TDR45S167L002,1759252
TDR45S167L002,4404247
ERR4830131,497491
ERR4830131,797736
ERR4830131,931123
ERR4830131,1759252
ERR4830131,2505085
ERR2510571,931123
ERR2510571,1759252
ERR2510571,3273107
Peru5416,1759252
Peru5416,3836739
ERR4811479,497491
ERR4811479,797736
ERR4811479,931123
ERR4811479,1759252
ERR4811479,2505085
TDR166S153L002,497491
TDR166S153L002,797736
TDR166S153L002,931123
TDR166S153L002,1759252
TDR166S153L002,2505085
ERR4828638,497491
ERR4828638,797736
ERR4828638,931123
ERR4828638,1759252
ERR4828638,2505085
ERR2184410,403364
ERR2184410,764995
ERR2184410,1759252
ERR4811643,497491
ERR4811643,797736
ERR4811643,931123
ERR4811643,1759252
ERR4811643,2505085
ERR2510365,931123
ERR2510365,1759252
ERR2510365,3273107
Peru4551,62657
Peru4551,107794
Peru4551,891756
Peru4551,1759252
ERR4811846,403364
ERR4811846,764995
ERR4811846,1759252
ERR4808998,497491
ERR4808998,797736
ERR4808998,931123
ERR4808998,1759252
ERR4808998,2505085
21839,62657
21839,514245
21839,1759252
21839,4229087
ERR2510274,931123
ERR2510274,1759252
ERR2510274,3273107
ERR4811881,62657
ERR4811881,107794
ERR4811881,891756
ERR4811881,1759252
ERR4796357,615938
ERR4796357,931123
ERR4796357,1759252
ERR4796357,2622402
ERR4796357,4404247
SAMEA3558135,931123
SAMEA3558135,1759252
SAMEA3558135,3273107
SAMEA3558135,3722702
ERR2510883,931123
ERR2510883,1759252
ERR2510883,3273107
Peru4104,403364
Peru4104,764995
Peru4104,1759252
ERR4822498,764995
ERR4822498,1759252
ERR4822498,3977226
ERR4822498,4398141
ERR4797700,615938
ERR4797700,931123
ERR4797700,1491275
ERR4797700,1759252
ERR2510441,931123
ERR2510441,1759252
ERR2510441,3273107
ERR4813093,403364
ERR4813093,764995
ERR4813093,1759252
ERR2184491,62657
ERR2184491,891756
ERR2184491,1759252
KOR-K2016-0198,497491
KOR-K2016-0198,797736
KOR-K2016-0198,931123
KOR-K2016-0198,1759252
KOR-K2016-0198,2505085
Peru5100,1759252
Peru5100,3836739
ERR4796681,1759252
ERR4796681,3836739
ERR3287751,62657
ERR3287751,107794
ERR3287751,891756
ERR3287751,1759252
ERR4830477,497491
ERR4830477,797736
ERR4830477,931123
ERR4830477,1759252
ERR4830477,2505085
ERR4812047,497491
ERR4812047,797736
ERR4812047,931123
ERR4812047,1759252
ERR4812047,2505085
ERR2184659,62657
ERR2184659,107794
ERR2184659,891756
ERR2184659,1759252
BF01481932,764995
BF01481932,1759252
BF01481932,3388166
BF01481932,4316114
ERR4796535,931123
ERR4796535,1759252
ERR4796535,3273107
ERR2510591,931123
ERR2510591,1759252
ERR2510591,3273107
ERR2510591,3722702
ERR4828535,615938
ERR4828535,931123
ERR4828535,1759252
ERR4828535,3479545
ERR4831382,62657
ERR4831382,107794
ERR4831382,891756
ERR4831382,1759252
ERR4830162,497491
ERR4830162,797736
ERR4830162,931123
ERR4830162,1759252
ERR4830162,2505085
ERR4811440,62657
ERR4811440,514245
ERR4811440,1759252
ERR4811440,4229087
ERR4829097,1455780
ERR4829097,1487796
ERR4829097,1759252
ERR4829097,2411730
ERR4829771,62657
ERR4829771,107794
ERR4829771,891756
ERR4829771,1759252
ERR4811388,62657
ERR4811388,107794
ERR4811388,891756
ERR4811388,1759252
ERR4829014,62657
ERR4829014,1759252
ERR4830705,62657
ERR4830705,107794
ERR4830705,891756
ERR4830705,1759252
ERR4812849,764995
ERR4812849,1759252
ERR3287681,403364
ERR3287681,764995
ERR3287681,1759252
ERR4831145,403364
ERR4831145,764995
ERR4831145,1759252
ERR4809244,497491
ERR4809244,797736
ERR4809244,931123
ERR4809244,1759252
ERR4809244,2505085
NLA000100510,355181
NLA000100510,1759252
NLA000100510,4151558
NLA000100510,4307886
ERR4797762,497491
ERR4797762,797736
ERR4797762,931123
ERR4797762,1759252
ERR4797762,2505085
ERR4830334,403364
ERR4830334,764995
ERR4830334,1759252
ERR4811550,497491
ERR4811550,797736
ERR4811550,931123
ERR4811550,1759252
ERR4811550,2505085
ERR4830159,1759252
ERR4830159,3836739
ERR4810500,1759252
ERR4810500,4246508
ERR4810500,4307886
Peru4554,62657
Peru4554,107794
Peru4554,891756
Peru4554,1759252
ERR4813759,764995
ERR4813759,1132368
ERR4813759,1759252
ERR4813759,3977226
ERR4829406,497491
ERR4829406,797736
ERR4829406,931123
ERR4829406,1759252
ERR4829406,2505085
ERR4797664,931123
ERR4797664,1759252
ERR4797664,3273107
ERR4831262,497491
ERR4831262,797736
ERR4831262,931123
ERR4831262,1759252
ERR4831262,2505085
ERR4797825,1759252
ERR4797825,3836739
SAMN02398708,346693
SAMN02398708,497491
SAMN02398708,931123
SAMN02398708,1759252
SAMN02398708,2505085
KOR-K2016-0036,497491
KOR-K2016-0036,797736
KOR-K2016-0036,931123
KOR-K2016-0036,1759252
KOR-K2016-0036,2505085
ERR4831971,497491
ERR4831971,797736
ERR4831971,931123
ERR4831971,1759252
ERR4831971,2505085
IDR1900048051,497491
IDR1900048051,797736
IDR1900048051,931123
IDR1900048051,1759252
IDR1900048051,2505085
ERR2510496,931123
ERR2510496,1759252
ERR2510496,3273107
ERR4809266,497491
ERR4809266,797736
ERR4809266,931123
ERR4809266,1759252
ERR4809266,2505085
Peru5414,62657
Peru5414,107794
Peru5414,891756
Peru5414,1759252
ERR4822345,1759252
ERR4822345,4246508
ERR4822345,4307886
ERR4828524,615938
ERR4828524,931123
ERR4828524,1759252
ERR4828524,3021283
ERR4828524,4404247
ERR4796869,497491
ERR4796869,797736
ERR4796869,931123
ERR4796869,1759252
ERR4796869,2505085
ERR4797197,62657
ERR4797197,514245
ERR4797197,541048
ERR4797197,1759252
1784,931123
1784,1759252
1784,3273107
ERR4809157,497491
ERR4809157,797736
ERR4809157,931123
ERR4809157,1759252
ERR4809157,2505085
ERR4809157,4248115
ERR4831917,497491
ERR4831917,797736
ERR4831917,931123
ERR4831917,1759252
ERR4831917,2505085
ERR4797045,1759252
ERR4797045,3836739
IDR2000262831,1759252
IDR2000262831,4246508
IDR2000262831,4307886
ERR4810735,497491
ERR4810735,797736
ERR4810735,931123
ERR4810735,1759252
ERR4810735,2505085
C011,346693
C011,497491
C011,931123
C011,1759252
C011,2505085
ERR2510332,931123
ERR2510332,1759252
ERR2510332,3273107
ERR4830175,497491
ERR4830175,797736
ERR4830175,931123
ERR4830175,1759252
ERR4830175,2505085
ERR4809282,497491
ERR4809282,797736
ERR4809282,931123
ERR4809282,1759252
ERR4809282,2505085
KOR-K2016-0073,346693
KOR-K2016-0073,497491
KOR-K2016-0073,931123
KOR-K2016-0073,1759252
KOR-K2016-0073,2505085
ERR4830816,931123
ERR4830816,1084911
ERR4830816,1759252
ERR4830816,3273107
IDR1700034386,497491
IDR1700034386,797736
IDR1700034386,931123
IDR1700034386,1759252
IDR1700034386,2505085
IDR1700034386,4248115
ERR4811398,1759252
ERR4811398,2875883
ERR4811398,3466426
ERR4811398,4125058
ERR4813466,62657
ERR4813466,107794
ERR4813466,891756
ERR4813466,1759252
ERR4829071,1759252
ERR4829071,2875883
ERR4829071,3466426
ERR4829071,4125058
ERR4831091,931123
ERR4831091,1759252
ERR4831091,3273107
ERR4822586,1759252
ERR4796297,931123
ERR4796297,1759252
ERR4796297,3273107
ERR4796606,615938
ERR4796606,931123
ERR4796606,1491275
ERR4796606,1759252
ERR4796606,4404247
ERR4811385,615938
ERR4811385,931123
ERR4811385,1759252
ERR4811385,3021283
ERR4811385,4404247
ERR4796444,497491
ERR4796444,797736
ERR4796444,931123
ERR4796444,1759252
ERR4796444,2505085
ERR4813445,403364
ERR4813445,764995
ERR4813445,1759252
ERR4828211,497491
ERR4828211,797736
ERR4828211,931123
ERR4828211,1759252
ERR4828211,2505085
ERR4828211,4248115
ERR4797033,62657
ERR4797033,514245
ERR4797033,1759252
ERR4797033,1850119
ERR4828935,615938
ERR4828935,931123
ERR4828935,1759252
ERR4828935,3470377
ERR2184504,62657
ERR2184504,107794
ERR2184504,891756
ERR2184504,1759252
C243,497491
C243,797736
C243,931123
C243,1759252
C243,2505085
ERR4828456,497491
ERR4828456,797736
ERR4828456,931123
ERR4828456,1759252
ERR4828456,2505085
ERR4797360,1759252
ERR4797360,4307886
ERR4797446,615938
ERR4797446,931123
ERR4797446,1491275
ERR4797446,1759252
ERR4797446,4404247
ERR4830270,62657
ERR4830270,107794
ERR4830270,891756
ERR4830270,1759252
ERR2184428,62657
ERR2184428,514245
ERR2184428,1759252
ERR5917684,497491
ERR5917684,797736
ERR5917684,931123
ERR5917684,1759252
ERR5917684,2505085
ERR4829063,62657
ERR4829063,107794
ERR4829063,891756
ERR4829063,1759252
ERR4810937,497491
ERR4810937,797736
ERR4810937,931123
ERR4810937,1759252
ERR4810937,2505085
Peru5148,764995
Peru5148,1132368
Peru5148,1759252
Peru5148,3977226
ERR4831003,497491
ERR4831003,797736
ERR4831003,931123
ERR4831003,1759252
ERR4831003,2505085
ERR4831003,4248115
ERR4811224,1487796
ERR4811224,1759252
ERR4811224,2411730
ERR4811421,1759252
ERR4811421,2875883
ERR4811421,3466426
ERR4811421,4125058
ERR4796707,403364
ERR4796707,764995
ERR4796707,1759252
ERR4829389,1759252
ERR4829389,3836739
ERR4797354,931123
ERR4797354,1759252
ERR4797354,3273107
TDR82S179L002,497491
TDR82S179L002,797736
TDR82S179L002,931123
TDR82S179L002,1759252
TDR82S179L002,2505085
ERR4808928,931123
ERR4808928,1084911
ERR4808928,1759252
ERR4808928,3273107
ERR4811133,497491
ERR4811133,797736
ERR4811133,931123
ERR4811133,1759252
ERR4811133,2505085
KOR-K2016-0122,497491
KOR-K2016-0122,797736
KOR-K2016-0122,931123
KOR-K2016-0122,1759252
KOR-K2016-0122,2505085
MNG-S2014-0039,497491
MNG-S2014-0039,797736
MNG-S2014-0039,931123
MNG-S2014-0039,1759252
MNG-S2014-0039,2505085
ERR2510523,931123
ERR2510523,1759252
ERR2510523,3273107
ERR2184487,1759252
ERR2184487,2694560
ERR2184487,4151558
ERR2184487,4307886
ERR4809276,355181
ERR4809276,1759252
ERR4809276,4151558
ERR4809276,4307886
ERR4796293,615938
ERR4796293,931123
ERR4796293,1759252
ERR4796293,3470377
ERR4812229,62657
ERR4812229,107794
ERR4812229,891756
ERR4812229,1759252
ERR5918129,497491
ERR5918129,797736
ERR5918129,931123
ERR5918129,1759252
ERR5918129,2505085
ERR5918129,4248115
Peru4004,764995
Peru4004,1132368
Peru4004,1759252
Peru4004,3977226
ERR4810987,497491
ERR4810987,797736
ERR4810987,931123
ERR4810987,1759252
ERR4810987,2505085
ERR4811773,497491
ERR4811773,797736
ERR4811773,931123
ERR4811773,1759252
ERR4811773,2505085
C009,497491
C009,797736
C009,931123
C009,1759252
C009,2505085
C122,497491
C122,797736
C122,931123
C122,1759252
C122,2505085
ERR4811913,403364
ERR4811913,764995
ERR4811913,1759252
1753,62657
1753,107794
1753,891756
1753,1759252
JPN-R2012-0056,497491
JPN-R2012-0056,931123
JPN-R2012-0056,1759252
JPN-R2012-0056,1881090
ERR4796933,1759252
ERR4796933,3836739
ERR4830741,355181
ERR4830741,1759252
ERR4830741,4151558
ERR4830741,4307886
KOR-K2016-0006,497491
KOR-K2016-0006,797736
KOR-K2016-0006,931123
KOR-K2016-0006,1759252
KOR-K2016-0006,2505085
IDR1900043326,62657
IDR1900043326,514245
IDR1900043326,1759252
IDR1900043326,1850119
ERR4796528,497491
ERR4796528,797736
ERR4796528,931123
ERR4796528,1759252
ERR4796528,2505085
ERR4830357,497491
ERR4830357,797736
ERR4830357,931123
ERR4830357,1759252
ERR4830357,2505085
ERR4830357,4248115
ERR4831367,1759252
ERR4831367,3836739
Peru4054,403364
Peru4054,764995
Peru4054,1759252
ERR4828295,615938
ERR4828295,931123
ERR4828295,1759252
ERR4828295,3021283
ERR4828295,3216553
ERR4828295,4404247
03R0327,497491
03R0327,797736
03R0327,931123
03R0327,1759252
03R0327,2505085
21324,355181
21324,1759252
21324,4151558
21324,4307886
ERR4828586,1719757
ERR4828586,1759252
ERR3287652,62657
ERR3287652,514245
ERR3287652,1759252
23768,1759252
23768,3836739
TRL0084676,62657
TRL0084676,514245
TRL0084676,1759252
JC00272056,1759252
JC00272056,3836739
SAMEA3558233,931123
SAMEA3558233,1759252
ERR4831278,615938
ERR4831278,931123
ERR4831278,1759252
ERR4831278,2622402
ERR4831278,4404247
ERR4828928,1759252
ERR4828928,3836739
Peru5078,403364
Peru5078,764995
Peru5078,1759252
ERR4829480,62657
ERR4829480,107794
ERR4829480,891756
ERR4829480,1759252
JPN-R2012-0087,615938
JPN-R2012-0087,931123
JPN-R2012-0087,1759252
JPN-R2012-0087,3479545
ERR4831643,497491
ERR4831643,797736
ERR4831643,931123
ERR4831643,1759252
ERR4831643,2505085
FD00214542,62657
FD00214542,514245
FD00214542,1759252
FD00214542,1850119
ERR4828826,1759252
ERR4828826,3466426
ERR4828826,4125058
JG00406558,764995
JG00406558,1132368
JG00406558,1759252
JG00406558,3977226
ERR3287646,764995
ERR3287646,1132368
ERR3287646,1759252
ERR3287646,3977226
ERR4830054,497491
ERR4830054,797736
ERR4830054,931123
ERR4830054,1759252
ERR4830054,2505085
FS359-477,931123
FS359-477,1084911
FS359-477,1759252
FS359-477,3273107
ERR4810728,497491
ERR4810728,797736
ERR4810728,931123
ERR4810728,1759252
ERR4810728,2505085
ERR4812718,1759252
ERR4812718,4249732
ERR4830955,497491
ERR4830955,797736
ERR4830955,931123
ERR4830955,1759252
ERR4830955,2505085
ERR2184561,497491
ERR2184561,797736
ERR2184561,931123
ERR2184561,1759252
ERR2184561,2505085
ERR4829169,497491
ERR4829169,797736
ERR4829169,931123
ERR4829169,1759252
ERR4829169,2505085
ERR4813046,403364
ERR4813046,764995
ERR4813046,1759252
ERR4829129,931123
ERR4829129,1084911
ERR4829129,1759252
ERR4829129,3273107
ERR3287620,403364
ERR3287620,764995
ERR3287620,1759252
Peru3281,403364
Peru3281,764995
Peru3281,1759252
M0020843-0,62657
M0020843-0,107794
M0020843-0,891756
M0020843-0,1759252
ERR4810938,497491
ERR4810938,797736
ERR4810938,931123
ERR4810938,1759252
ERR4810938,2505085
ERR4828438,497491
ERR4828438,797736
ERR4828438,931123
ERR4828438,1759252
ERR4828438,2505085
ERR4796955,497491
ERR4796955,797736
ERR4796955,931123
ERR4796955,1759252
ERR4796955,2505085
ERR2184663,62657
ERR2184663,514245
ERR2184663,1759252
ERR2184663,4229087
ERR4813996,62657
ERR4813996,107794
ERR4813996,891756
ERR4813996,1759252
ERR4822470,62657
ERR4822470,107794
ERR4822470,891756
ERR4822470,1759252
ERR4811275,497491
ERR4811275,797736
ERR4811275,931123
ERR4811275,1759252
ERR4811275,2505085
TRL0115652,346693
TRL0115652,497491
TRL0115652,931123
TRL0115652,1759252
TRL0115652,2505085
TDR96S191L002,497491
TDR96S191L002,797736
TDR96S191L002,931123
TDR96S191L002,1759252
TDR96S191L002,2505085
ERR4808966,497491
ERR4808966,797736
ERR4808966,931123
ERR4808966,1759252
ERR4808966,2505085
ERR4829879,403364
ERR4829879,764995
ERR4829879,1759252
ERR4811057,497491
ERR4811057,797736
ERR4811057,931123
ERR4811057,1759252
ERR4811057,2505085
Peru3325,764995
Peru3325,1759252
Peru3325,3977226
Peru3325,4398141
ERR4796918,497491
ERR4796918,797736
ERR4796918,931123
ERR4796918,1759252
ERR4796918,2505085
ERR4822594,1759252
Peru4990,62657
Peru4990,107794
Peru4990,891756
Peru4990,1759252
ERR4796643,615938
ERR4796643,931123
ERR4796643,1759252
ERR4796643,2622402
ERR4796643,4404247
29834,497491
29834,797736
29834,931123
29834,1759252
29834,2505085
ERR2510317,931123
ERR2510317,1759252
ERR2510317,3273107
Peru4030,764995
Peru4030,1132368
Peru4030,1759252
Peru4030,3977226
ERR4811975,62657
ERR4811975,107794
ERR4811975,891756
ERR4811975,1759252
IDR1700026229,497491
IDR1700026229,797736
IDR1700026229,931123
IDR1700026229,1759252
IDR1700026229,2505085
ERR4830451,615938
ERR4830451,931123
ERR4830451,1759252
ERR4830451,3021283
ERR4830451,4404247
Peru3383,403364
Peru3383,764995
Peru3383,1759252
Peru3972,1759252
Peru3972,3836739
ERR4831840,497491
ERR4831840,797736
ERR4831840,931123
ERR4831840,1759252
ERR4831840,2505085
TRL0113629,497491
TRL0113629,797736
TRL0113629,931123
TRL0113629,1759252
TRL0113629,2505085
ERR4830913,497491
ERR4830913,797736
ERR4830913,931123
ERR4830913,1759252
ERR4830913,2505085
ERR3287361,62657
ERR3287361,107794
ERR3287361,891756
ERR3287361,1759252
ERR4812150,403364
ERR4812150,764995
ERR4812150,1759252
ERR4796671,615938
ERR4796671,931123
ERR4796671,1759252
ERR4796671,2622402
ERR4796671,4404247
ERR4810517,346693
ERR4810517,497491
ERR4810517,931123
ERR4810517,1759252
ERR4810517,2505085
ERR4811573,497491
ERR4811573,797736
ERR4811573,931123
ERR4811573,1759252
ERR4811573,2505085
ERR4809261,764995
ERR4809261,1759252
ERR4809261,3388166
ERR4809261,4316114
ERR4797931,1759252
ERR4797931,2694560
ERR4797931,4151558
ERR4797931,4307886
ERR4829954,615938
ERR4829954,931123
ERR4829954,1759252
ERR4829954,2622402
ERR4829954,4404247
ERR4812898,403364
ERR4812898,764995
ERR4812898,1759252
02R1479,62657
02R1479,514245
02R1479,1759252
02R1479,4229087
ERR4831801,497491
ERR4831801,797736
ERR4831801,931123
ERR4831801,1759252
ERR4831801,2505085
ERR4797162,497491
ERR4797162,797736
ERR4797162,931123
ERR4797162,1759252
ERR4797162,2505085
Peru3422,62657
Peru3422,107794
Peru3422,891756
Peru3422,1759252
ERR2184509,764995
ERR2184509,1759252
ERR2184509,4316114
C175,497491
C175,797736
C175,931123
C175,1759252
C175,2505085
ERR4832006,497491
ERR4832006,797736
ERR4832006,931123
ERR4832006,1759252
ERR4832006,2505085
ERR2184251,764995
ERR2184251,1759252
ERR2184251,4316114
ERR4812630,1759252
ERR4796974,497491
ERR4796974,797736
ERR4796974,931123
ERR4796974,1759252
ERR4796974,2505085
ERR4798310,615938
ERR4798310,931123
ERR4798310,1759252
ERR4798310,3470377
ERR4809206,764995
ERR4809206,1759252
ERR4809206,3977226
ERR4809206,4398141
M0021852-0,62657
M0021852-0,107794
M0021852-0,891756
M0021852-0,1759252
ERR5918016,497491
ERR5918016,797736
ERR5918016,931123
ERR5918016,1759252
ERR5918016,2505085
ERR3287657,403364
ERR3287657,764995
ERR3287657,1759252
1853,355181
1853,1759252
1853,4151558
1853,4307886
ERR4832049,497491
ERR4832049,931123
ERR4832049,1759252
ERR4832049,1881090
ERR2510402,931123
ERR2510402,1759252
ERR2510402,3273107
ERR4810522,497491
ERR4810522,797736
ERR4810522,931123
ERR4810522,1759252
ERR4810522,2505085
ERR4813976,62657
ERR4813976,107794
ERR4813976,891756
ERR4813976,1759252
ERR4797178,931123
ERR4797178,1759252
ERR4797178,3273107
ERR4812976,62657
ERR4812976,514245
ERR4812976,1759252
TDR130S99L002,764995
TDR130S99L002,1132368
TDR130S99L002,1759252
TDR130S99L002,3977226
ERR4809213,62657
ERR4809213,514245
ERR4809213,1759252
ERR4809213,1850119
ERR2184545,497491
ERR2184545,797736
ERR2184545,931123
ERR2184545,1759252
ERR2184545,2505085
ERR4828817,497491
ERR4828817,797736
ERR4828817,931123
ERR4828817,1759252
ERR4828817,2505085
Peru4574,403364
Peru4574,764995
Peru4574,1759252
ERR3287762,355181
ERR3287762,1759252
ERR3287762,4151558
ERR3287762,4307886
ERR4822442,1759252
ERR4822442,3836739
ERR4830569,497491
ERR4830569,797736
ERR4830569,931123
ERR4830569,1759252
ERR4830569,2505085
ERR4830459,497491
ERR4830459,797736
ERR4830459,931123
ERR4830459,1759252
ERR4830459,2505085
ERR4812178,764995
ERR4812178,1132368
ERR4812178,1759252
ERR4812178,3977226
02R1262,764995
02R1262,1759252
02R1262,3977226
02R1262,4398141
ERR4811853,764995
ERR4811853,1759252
ERR4829460,62657
ERR4829460,514245
ERR4829460,1759252
ERR4829460,4229087
PK00651442,497491
PK00651442,797736
PK00651442,931123
PK00651442,1759252
PK00651442,2505085
ERR4811530,497491
ERR4811530,797736
ERR4811530,931123
ERR4811530,1759252
ERR4811530,2505085
ERR4829000,931123
ERR4829000,1759252
ERR4829000,3273107
SAMN02398706,346693
SAMN02398706,497491
SAMN02398706,931123
SAMN02398706,1759252
SAMN02398706,2505085
ERR4832018,497491
ERR4832018,797736
ERR4832018,931123
ERR4832018,1759252
ERR4832018,2505085
ERR4830939,497491
ERR4830939,797736
ERR4830939,931123
ERR4830939,1759252
ERR4830939,2505085
ERR4811603,497491
ERR4811603,797736
ERR4811603,931123
ERR4811603,1759252
ERR4811603,2505085
ERR5918036,62657
ERR5918036,891756
ERR5918036,1759252
ERR4797203,62657
ERR4797203,514245
ERR4797203,1759252
ERR4797203,4229087
ERR4810712,497491
ERR4810712,797736
ERR4810712,931123
ERR4810712,1759252
ERR4810712,2505085
ERR3287794,403364
ERR3287794,764995
ERR3287794,1759252
ERR4829007,497491
ERR4829007,797736
ERR4829007,931123
ERR4829007,1759252
ERR4829007,2505085
17-3391-0212,615938
17-3391-0212,931123
17-3391-0212,1759252
17-3391-0212,3479545
ERR4829600,62657
ERR4829600,514245
ERR4829600,1759252
ERR4829600,4229087
ERR2510716,497491
ERR2510716,797736
ERR2510716,931123
ERR2510716,1759252
ERR2510716,2505085
ERR4828827,1719757
ERR4828827,1759252
Peru4024,62657
Peru4024,107794
Peru4024,891756
Peru4024,1759252
ERR4814014,1759252
ERR4814014,3836739
ERR4828530,497491
ERR4828530,797736
ERR4828530,931123
ERR4828530,1759252
ERR4828530,2505085
ERR4796451,931123
ERR4796451,1759252
ERR4796451,3273107
ERR4830558,403364
ERR4830558,764995
ERR4830558,1759252
ERR4812253,615614
ERR4812253,764995
ERR4812253,1759252
TRL0115039,62657
TRL0115039,107794
TRL0115039,891756
TRL0115039,1759252
ERR3287450,62657
ERR3287450,107794
ERR3287450,891756
ERR3287450,1759252
ERR2184374,764995
ERR2184374,1759252
ERR2184374,4316114
ERR4831641,497491
ERR4831641,797736
ERR4831641,931123
ERR4831641,1759252
ERR4831641,2505085
ERR4797732,497491
ERR4797732,797736
ERR4797732,931123
ERR4797732,1759252
ERR4797732,2505085
Peru3268,403364
Peru3268,764995
Peru3268,1759252
Peru4009,764995
Peru4009,1759252
Peru4009,4316114
ERR4831241,1487796
ERR4831241,1759252
ERR4831241,2411730
Peru4627,497491
Peru4627,797736
Peru4627,931123
Peru4627,1759252
Peru4627,2505085
ERR4798331,497491
ERR4798331,797736
ERR4798331,931123
ERR4798331,1759252
ERR4798331,2505085
ERR4798331,4248115
SAMN02398713,346693
SAMN02398713,497491
SAMN02398713,931123
SAMN02398713,1759252
SAMN02398713,2505085
ERR4796568,497491
ERR4796568,797736
ERR4796568,931123
ERR4796568,1759252
ERR4796568,2505085
ERR3287458,764995
ERR3287458,1759252
ERR3287458,4316114
ERR4808865,1759252
ERR4808865,4249732
ERR4797876,497491
ERR4797876,797736
ERR4797876,931123
ERR4797876,1759252
ERR4797876,2505085
ERR4828188,1759252
ERR4828188,4246508
ERR4828188,4307886
ERR4797573,497491
ERR4797573,797736
ERR4797573,931123
ERR4797573,1759252
ERR4797573,2505085
ERR4797573,4248115
ERR4811748,403364
ERR4811748,764995
ERR4811748,1759252
ERR4830526,1759252
ERR4830526,3836739
ERR4828182,615938
ERR4828182,931123
ERR4828182,1759252
ERR4828182,3021283
ERR4828182,3216553
ERR4828182,4404247
ERR4830234,497491
ERR4830234,797736
ERR4830234,931123
ERR4830234,1759252
ERR4830234,2505085
ERR4822523,931123
ERR4822523,1084911
ERR4822523,1759252
ERR4822523,3273107
TRL0114836,346693
TRL0114836,497491
TRL0114836,931123
TRL0114836,1759252
TRL0114836,2505085
ERR4813168,764995
ERR4813168,1759252
ERR4813168,4316114
ERR4798358,497491
ERR4798358,797736
ERR4798358,931123
ERR4798358,1759252
ERR4798358,2505085
ERR4811453,615938
ERR4811453,931123
ERR4811453,1759252
ERR4811453,3021283
ERR4811453,4404247
ERR4829563,62657
ERR4829563,107794
ERR4829563,891756
ERR4829563,1759252
ERR4813228,497491
ERR4813228,797736
ERR4813228,931123
ERR4813228,1759252
ERR4813228,2505085
TRL0099205,764995
TRL0099205,1759252
TRL0099205,3388166
TRL0099205,4316114
ERR4822524,1759252
ERR4822524,2875883
ERR4822524,3466426
ERR4822524,4125058
ERR4808975,403364
ERR4808975,764995
ERR4808975,1759252
ERR4828252,497491
ERR4828252,797736
ERR4828252,931123
ERR4828252,1759252
ERR4828252,2505085
Peru5029,764995
Peru5029,1132368
Peru5029,1759252
Peru5029,3977226
TRL0086755,62657
TRL0086755,514245
TRL0086755,1759252
TRL0086755,4229087
ERR4808962,615938
ERR4808962,931123
ERR4808962,1759252
ERR4808962,3470377
ERR4811405,62657
ERR4811405,514245
ERR4811405,1759252
ERR4811405,4229087
ERR4813381,62657
ERR4813381,514245
ERR4813381,1759252
ERR4813381,4229087
ERR4828232,497491
ERR4828232,797736
ERR4828232,931123
ERR4828232,1759252
ERR4828232,2505085
ERR2184586,1759252
ERR2184586,3836739
ERR4831497,931123
ERR4831497,1759252
ERR4831497,3273107
Peru4301,497491
Peru4301,797736
Peru4301,931123
Peru4301,1759252
Peru4301,2505085
ERR4808927,497491
ERR4808927,797736
ERR4808927,931123
ERR4808927,1759252
ERR4808927,2505085
Peru4668,1759252
IDR1800048680,1759252
IDR1800048680,3836739
ERR4796435,497491
ERR4796435,797736
ERR4796435,931123
ERR4796435,1759252
ERR4796435,2505085
ERR4831126,355181
ERR4831126,1759252
ERR4831126,4151558
ERR4831126,4307886
ERR2510731,62657
ERR2510731,107794
ERR2510731,891756
ERR2510731,1759252
ERR2510487,931123
ERR2510487,1759252
ERR2510487,3273107
KOR-K2016-0037,497491
KOR-K2016-0037,797736
KOR-K2016-0037,931123
KOR-K2016-0037,1759252
KOR-K2016-0037,2505085
ERR4808930,764995
ERR4808930,1132368
ERR4808930,1502120
ERR4808930,1759252
ERR4808930,3977226
ERR2510359,931123
ERR2510359,1759252
ERR2510359,3273107
M0022539-2,497491
M0022539-2,797736
M0022539-2,931123
M0022539-2,1759252
M0022539-2,2505085
ERR4810758,497491
ERR4810758,797736
ERR4810758,931123
ERR4810758,1759252
ERR4810758,2505085
ERR3287675,62657
ERR3287675,514245
ERR3287675,1759252
ERR3287675,4229087
ERR4812499,62657
ERR4812499,107794
ERR4812499,891756
ERR4812499,1759252
Peru4558,62657
Peru4558,514245
Peru4558,1759252
ERR4810737,1759252
ERR4810737,4246508
ERR4810737,4307886
ERR4832060,497491
ERR4832060,797736
ERR4832060,931123
ERR4832060,1759252
ERR4832060,2505085
ERR4797383,615938
ERR4797383,931123
ERR4797383,1759252
ERR4797383,2622402
ERR4797383,4404247
SAMEA3558145,931123
SAMEA3558145,1759252
SAMEA3558145,3273107
ERR4796720,615938
ERR4796720,931123
ERR4796720,1759252
ERR4796720,2622402
ERR4796720,4404247
ERR4830037,497491
ERR4830037,797736
ERR4830037,931123
ERR4830037,1759252
ERR4830037,2505085
Peru4580,1759252
Peru4580,3836739
SAMEA3558230,62657
SAMEA3558230,514245
SAMEA3558230,1759252
SAMEA3558230,1850119
ERR4796603,615938
ERR4796603,931123
ERR4796603,1759252
ERR4796603,2622402
ERR4796603,4404247
ERR4796389,497491
ERR4796389,797736
ERR4796389,931123
ERR4796389,1759252
ERR4796389,2505085
ERR4796850,497491
ERR4796850,797736
ERR4796850,931123
ERR4796850,1759252
ERR4796850,2505085
ERR5917696,783601
ERR5917696,1759252
ERR5917696,2411730
ERR4812915,764995
ERR4812915,1132368
ERR4812915,1759252
ERR4812915,3977226
ERR4812646,62657
ERR4812646,514245
ERR4812646,1759252
ERR4796723,497491
ERR4796723,797736
ERR4796723,931123
ERR4796723,1759252
ERR4796723,2505085
KOR-K2016-0032,497491
KOR-K2016-0032,797736
KOR-K2016-0032,931123
KOR-K2016-0032,1759252
KOR-K2016-0032,2505085
OB00122369,497491
OB00122369,797736
OB00122369,931123
OB00122369,1759252
OB00122369,2505085
ERR4813977,1759252
ERR4813977,3836739
ERR4811615,497491
ERR4811615,797736
ERR4811615,931123
ERR4811615,1759252
ERR4811615,2505085
ERR4814006,764995
ERR4814006,1132368
ERR4814006,1759252
ERR4814006,3977226
ERR4830870,355181
ERR4830870,1759252
ERR4830870,4151558
ERR4830870,4307886
ERR4796664,931123
ERR4796664,1759252
ERR4796664,3273107
ERR4812691,62657
ERR4812691,107794
ERR4812691,891756
ERR4812691,1759252
TDR171S96L002,62657
TDR171S96L002,107794
TDR171S96L002,891756
TDR171S96L002,1759252
KOR-K2016-0142,497491
KOR-K2016-0142,797736
KOR-K2016-0142,931123
KOR-K2016-0142,1759252
KOR-K2016-0142,2505085
ERR4797626,931123
ERR4797626,1759252
ERR4797626,3273107
ERR4797626,3722702
TDR196S120L002,497491
TDR196S120L002,797736
TDR196S120L002,931123
TDR196S120L002,1759252
TDR196S120L002,2505085
ERR4812326,403364
ERR4812326,764995
ERR4812326,1759252
C440,497491
C440,797736
C440,931123
C440,1759252
C440,2505085
ERR4828688,497491
ERR4828688,797736
ERR4828688,931123
ERR4828688,1759252
ERR4828688,2505085
SAMEA3558188,62657
SAMEA3558188,107794
SAMEA3558188,891756
SAMEA3558188,1759252
IDR1900007815,62657
IDR1900007815,107794
IDR1900007815,891756
IDR1900007815,1759252
ERR4830117,497491
ERR4830117,797736
ERR4830117,931123
ERR4830117,1759252
ERR4830117,2505085
Peru4311,403364
Peru4311,764995
Peru4311,1759252
IDR1800049786,497491
IDR1800049786,797736
IDR1800049786,931123
IDR1800049786,1759252
IDR1800049786,2505085
ERR4797378,497491
ERR4797378,797736
ERR4797378,931123
ERR4797378,1759252
ERR4797378,2505085
ERR4797378,4248115
ERR5917734,403364
ERR5917734,764995
ERR5917734,1759252
C339,497491
C339,797736
C339,931123
C339,1759252
C339,2505085
ERR2184470,497491
ERR2184470,797736
ERR2184470,931123
ERR2184470,1759252
ERR2184470,2505085
C412,62657
C412,514245
C412,1759252
C412,4229087
ERR4796350,497491
ERR4796350,797736
ERR4796350,931123
ERR4796350,1759252
ERR4796350,2505085
ERR4796350,4248115
ERR4829596,497491
ERR4829596,797736
ERR4829596,931123
ERR4829596,1759252
ERR4829596,2505085
ERR4822545,1487796
ERR4822545,1759252
ERR4822545,2411730
ERR4830156,497491
ERR4830156,797736
ERR4830156,931123
ERR4830156,1759252
ERR4830156,2505085
ERR4831092,497491
ERR4831092,797736
ERR4831092,931123
ERR4831092,1759252
ERR4831092,2505085
ERR4831999,497491
ERR4831999,797736
ERR4831999,931123
ERR4831999,1759252
ERR4831999,2505085
ERR4829924,403364
ERR4829924,764995
ERR4829924,1759252
ERR2510424,931123
ERR2510424,1759252
ERR2510424,3273107
KOR-K2016-0178,497491
KOR-K2016-0178,797736
KOR-K2016-0178,931123
KOR-K2016-0178,1759252
KOR-K2016-0178,2505085
ERR4830775,783601
ERR4830775,1759252
ERR4830775,2411730
ERR4830910,497491
ERR4830910,797736
ERR4830910,931123
ERR4830910,1759252
ERR4830910,2505085
ERR4830832,931123
ERR4830832,1084911
ERR4830832,1759252
ERR4830832,3273107
ERR4813103,62657
ERR4813103,107794
ERR4813103,891756
ERR4813103,1759252
NLA009700174,62657
NLA009700174,891756
NLA009700174,1759252
ERR4828769,355181
ERR4828769,1759252
ERR4828769,4151558
ERR4828769,4307886
C443,615938
C443,931123
C443,1759252
C443,3470377
ERR4813743,62657
ERR4813743,891756
ERR4813743,1759252
ERR4811034,1719757
ERR4811034,1759252
ERR4810627,497491
ERR4810627,797736
ERR4810627,931123
ERR4810627,1759252
ERR4810627,2505085
Peru5108,62657
Peru5108,107794
Peru5108,891756
Peru5108,1759252
ERR4830973,497491
ERR4830973,797736
ERR4830973,931123
ERR4830973,1759252
ERR4830973,2505085
ERR3287700,764995
ERR3287700,1759252
ERR3287700,3977226
ERR3287700,4398141
ERR2184494,62657
ERR2184494,107794
ERR2184494,891756
ERR2184494,1759252
ERR4797356,497491
ERR4797356,797736
ERR4797356,931123
ERR4797356,1759252
ERR4797356,2505085
ERR4797356,3836274
ERR4830366,497491
ERR4830366,797736
ERR4830366,931123
ERR4830366,1759252
ERR4830366,2505085
ERR4830366,4248115
ERR4830088,1759252
ERR4830088,3836739
Peru4488,497491
Peru4488,797736
Peru4488,931123
Peru4488,1759252
Peru4488,2505085
ERR4822500,62657
ERR4822500,107794
ERR4822500,891756
ERR4822500,1759252
1726,403364
1726,764995
1726,1759252
ERR4811281,497491
ERR4811281,797736
ERR4811281,931123
ERR4811281,1759252
ERR4811281,2505085
KOR-K2016-0190,346693
KOR-K2016-0190,497491
KOR-K2016-0190,931123
KOR-K2016-0190,1759252
KOR-K2016-0190,2505085
Peru4564,62657
Peru4564,107794
Peru4564,891756
Peru4564,1759252
ERR4796872,497491
ERR4796872,797736
ERR4796872,931123
ERR4796872,1759252
ERR4796872,2505085
ERR4813066,62657
ERR4813066,107794
ERR4813066,891756
ERR4813066,1759252
ERR4797482,1719757
ERR4797482,1759252
ERR4829850,764995
ERR4829850,1132368
ERR4829850,1759252
ERR4829850,3977226
Peru4620,62657
Peru4620,107794
Peru4620,891756
Peru4620,1759252
ERR2184511,62657
ERR2184511,107794
ERR2184511,891756
ERR2184511,1759252
ERR4811805,1759252
ERR4811805,3836739
ERR4828375,615938
ERR4828375,931123
ERR4828375,1759252
ERR4828375,3021283
ERR4828375,4404247
ERR4796574,931123
ERR4796574,1759252
ERR4796574,3273107
ERR4831421,497491
ERR4831421,797736
ERR4831421,931123
ERR4831421,1759252
ERR4831421,2505085
NLA009901304,1759252
NLA009901304,3836739
Peru4493,62657
Peru4493,107794
Peru4493,891756
Peru4493,1759252
ERR4830938,497491
ERR4830938,797736
ERR4830938,931123
ERR4830938,1759252
ERR4830938,2505085
ERR4829117,355181
ERR4829117,1759252
ERR4829117,4151558
ERR4829117,4307886
C012,346693
C012,497491
C012,931123
C012,1759252
C012,2505085
IDR1800052536,497491
IDR1800052536,797736
IDR1800052536,931123
IDR1800052536,1759252
IDR1800052536,2505085
ERR4797422,931123
ERR4797422,1759252
ERR4797422,3273107
ERR4829950,931123
ERR4829950,1759252
ERR4829950,3273107
ERR4812185,62657
ERR4812185,107794
ERR4812185,891756
ERR4812185,1759252
ERR2510832,1759252
ERR2510832,3836739
ERR2510510,497491
ERR2510510,797736
ERR2510510,931123
ERR2510510,1759252
ERR2510510,2505085
C333,497491
C333,797736
C333,931123
C333,1759252
C333,2505085
C333,4248115
ERR4822515,931123
ERR4822515,1084911
ERR4822515,1759252
ERR4822515,3273107
ERR4813216,403364
ERR4813216,764995
ERR4813216,1759252
ERR4813776,764995
ERR4813776,1132368
ERR4813776,1759252
ERR4813776,3977226
ERR4822622,62657
ERR4822622,107794
ERR4822622,891756
ERR4822622,1759252
ERR4810605,497491
ERR4810605,797736
ERR4810605,931123
ERR4810605,1759252
ERR4810605,2505085
ERR4831054,931123
ERR4831054,1759252
ERR4831054,3273107
JPN-R2013-0098,346693
JPN-R2013-0098,497491
JPN-R2013-0098,931123
JPN-R2013-0098,1759252
JPN-R2013-0098,2505085
IDR1900016945,1759252
IDR1900016945,3836739
ERR4830793,1487796
ERR4830793,1759252
ERR4830793,2411730
TRL0114134,62657
TRL0114134,107794
TRL0114134,891756
TRL0114134,1759252
Peru3048,403364
Peru3048,764995
Peru3048,1759252
C441,764995
C441,1759252
C441,3388166
C441,4316114
ERR4830706,1759252
ERR4830706,3836739
1759,783601
1759,1759252
1759,2411730
GA531-277,764995
GA531-277,1759252
GA531-277,4316114
ERR4831173,874787
ERR4831173,1759252
ERR4831173,3466426
ERR4831173,4260268
ERR4812926,62657
ERR4812926,107794
ERR4812926,891756
ERR4812926,1759252
ERR4828902,62657
ERR4828902,107794
ERR4828902,891756
ERR4828902,1759252
DH00704921,764995
DH00704921,1759252
DH00704921,3388166
DH00704921,4316114
ERR4797183,931123
ERR4797183,1759252
ERR4797183,3273107
M0019957-1,62657
M0019957-1,107794
M0019957-1,891756
M0019957-1,1759252
ERR4797715,497491
ERR4797715,797736
ERR4797715,931123
ERR4797715,1759252
ERR4797715,2505085
ERR4797715,4248115
ERR4796502,497491
ERR4796502,797736
ERR4796502,931123
ERR4796502,1759252
ERR4796502,2505085
ERR4796502,4248115
JC00276287,764995
JC00276287,1759252
JC00276287,3388166
JC00276287,4316114
ERR4797541,931123
ERR4797541,1759252
ERR4797541,3273107
ERR4797541,3722702
ERR4796493,931123
ERR4796493,1759252
ERR4796493,3273107
ERR2510524,931123
ERR2510524,1759252
ERR2510524,3273107
ERR4828332,497491
ERR4828332,797736
ERR4828332,931123
ERR4828332,1759252
ERR4828332,2505085
ERR4811719,403364
ERR4811719,764995
ERR4811719,1759252
KOR-K2016-0112,497491
KOR-K2016-0112,797736
KOR-K2016-0112,931123
KOR-K2016-0112,1759252
KOR-K2016-0112,2505085
ERR4797706,931123
ERR4797706,1759252
ERR4797706,3273107
ERR4822449,497491
ERR4822449,797736
ERR4822449,931123
ERR4822449,1759252
ERR4822449,2505085
Peru4321,62657
Peru4321,107794
Peru4321,891756
Peru4321,1759252
ERR4796428,931123
ERR4796428,1759252
ERR4796428,3273107
ERR3287851,764995
ERR3287851,1132368
ERR3287851,1759252
ERR3287851,3977226
ERR4831467,931123
ERR4831467,1759252
ERR4831467,3273107
ERR2510561,497491
ERR2510561,797736
ERR2510561,931123
ERR2510561,1759252
ERR2510561,2505085
ERR2510511,931123
ERR2510511,1759252
ERR2510511,3273107
ERR2510718,497491
ERR2510718,797736
ERR2510718,931123
ERR2510718,1759252
ERR2510718,2505085
ERR4797659,931123
ERR4797659,1759252
ERR4797659,3273107
ERR3287589,497491
ERR3287589,797736
ERR3287589,931123
ERR3287589,1759252
ERR3287589,2505085
ERR2510564,931123
ERR2510564,1759252
ERR2510564,3273107
ERR4814001,764995
ERR4814001,1759252
ERR4814001,3977226
ERR4814001,4398141
ERR4812507,62657
ERR4812507,107794
ERR4812507,891756
ERR4812507,1759252
Peru3983,403364
Peru3983,764995
Peru3983,1759252
ERR5917761,497491
ERR5917761,797736
ERR5917761,931123
ERR5917761,1759252
ERR5917761,2505085
TRL0114616,346693
TRL0114616,497491
TRL0114616,931123
TRL0114616,1759252
TRL0114616,2505085
ERR4812033,62657
ERR4812033,107794
ERR4812033,891756
ERR4812033,1759252
ERR4829982,1759252
ERR4829982,2875883
ERR4829982,3466426
ERR4829982,4125058
ERR4822621,62657
ERR4822621,107794
ERR4822621,891756
ERR4822621,1759252
Peru5446,1759252
Peru5446,3836739
IDR1900007806,62657
IDR1900007806,107794
IDR1900007806,891756
IDR1900007806,1759252
ERR4797389,615938
ERR4797389,931123
ERR4797389,1759252
ERR4797389,2622402
ERR4797389,4404247
ERR4831611,497491
ERR4831611,797736
ERR4831611,931123
ERR4831611,1759252
ERR4831611,2505085
ERR4813430,62657
ERR4813430,107794
ERR4813430,891756
ERR4813430,1759252
ERR4831373,497491
ERR4831373,797736
ERR4831373,931123
ERR4831373,1759252
ERR4831373,2505085
FS019-71,403364
FS019-71,764995
FS019-71,1759252
NLA009601659,497491
NLA009601659,797736
NLA009601659,931123
NLA009601659,1759252
NLA009601659,2505085
ERR4829904,62657
ERR4829904,107794
ERR4829904,891756
ERR4829904,1759252
ERR4829794,783601
ERR4829794,1759252
ERR4829794,2411730
NLA000301077,931123
NLA000301077,1759252
NLA000301077,1882180
NLA000301077,2831482
ERR4812227,1719757
ERR4812227,1759252
Peru3006,1759252
ERR4797439,497491
ERR4797439,797736
ERR4797439,931123
ERR4797439,1759252
ERR4797439,2505085
TRL0116064,497491
TRL0116064,797736
TRL0116064,931123
TRL0116064,1759252
TRL0116064,2505085
ERR2510877,764995
ERR2510877,1132368
ERR2510877,1759252
ERR2510877,3977226
ERR4828542,497491
ERR4828542,797736
ERR4828542,931123
ERR4828542,1759252
ERR4828542,2505085
ERR2184634,1759252
ERR2184634,4249732
ERR3287394,764995
ERR3287394,1132368
ERR3287394,1759252
ERR3287394,3977226
ERR4810890,1759252
ERR4810890,4246508
ERR4810890,4307886
ERR4822459,783601
ERR4822459,1759252
ERR4822459,2411730
ERR4829910,783601
ERR4829910,1759252
ERR4829910,2411730
PS00307966,497491
PS00307966,797736
PS00307966,931123
PS00307966,1759252
PS00307966,2505085
KOR-K2016-0233,497491
KOR-K2016-0233,797736
KOR-K2016-0233,931123
KOR-K2016-0233,1759252
KOR-K2016-0233,2505085
TRL0113344,355181
TRL0113344,1759252
TRL0113344,4151558
TRL0113344,4307886
ERR4830814,931123
ERR4830814,1084911
ERR4830814,1759252
ERR4830814,3273107
ERR4831879,497491
ERR4831879,797736
ERR4831879,931123
ERR4831879,1759252
ERR4831879,2505085
ERR4828911,62657
ERR4828911,107794
ERR4828911,891756
ERR4828911,1759252
C361,764995
C361,1132368
C361,1502120
C361,1759252
C361,3977226
ERR4811735,62657
ERR4811735,514245
ERR4811735,1759252
ERR4796566,497491
ERR4796566,797736
ERR4796566,931123
ERR4796566,1759252
ERR4796566,2505085
ERR4796566,4248115
Peru4575,62657
Peru4575,107794
Peru4575,891756
Peru4575,1759252
ERR4810944,1759252
ERR4810944,3216553
ERR4810944,4246508
ERR4810944,4307886
KOR-K2016-0184,497491
KOR-K2016-0184,797736
KOR-K2016-0184,931123
KOR-K2016-0184,1759252
KOR-K2016-0184,2505085
ERR4831980,497491
ERR4831980,797736
ERR4831980,931123
ERR4831980,1759252
ERR4831980,2505085
ERR4831980,4248115
ERR4829437,764995
ERR4829437,1132368
ERR4829437,1759252
ERR4829437,3977226
ERR2510579,1487796
ERR2510579,1759252
ERR2510579,2411730
Peru2964,497491
Peru2964,797736
Peru2964,931123
Peru2964,1759252
Peru2964,2505085
ERR4811005,1719757
ERR4811005,1759252
ERR5917996,346693
ERR5917996,497491
ERR5917996,931123
ERR5917996,1759252
ERR5917996,2505085
ERR4831256,497491
ERR4831256,797736
ERR4831256,931123
ERR4831256,1759252
ERR4831256,2505085
C367,497491
C367,797736
C367,931123
C367,1759252
C367,2505085
ERR4796898,497491
ERR4796898,797736
ERR4796898,931123
ERR4796898,1759252
ERR4796898,2505085
ERR4831970,497491
ERR4831970,797736
ERR4831970,931123
ERR4831970,1759252
ERR4831970,2505085
ERR4813090,1759252
ERR4813090,3836739
ERR4796967,497491
ERR4796967,797736
ERR4796967,931123
ERR4796967,1759252
ERR4796967,2505085
ERR4797237,497491
ERR4797237,797736
ERR4797237,931123
ERR4797237,1759252
ERR4797237,2505085
ERR4811168,497491
ERR4811168,797736
ERR4811168,931123
ERR4811168,1759252
ERR4811168,2505085
ERR4813772,62657
ERR4813772,107794
ERR4813772,891756
ERR4813772,1759252
ERR4829368,497491
ERR4829368,797736
ERR4829368,931123
ERR4829368,1759252
ERR4829368,2505085
ERR4809181,62657
ERR4809181,107794
ERR4809181,891756
ERR4809181,1759252
ERR4813039,764995
ERR4813039,1759252
C110,497491
C110,797736
C110,931123
C110,1759252
C110,2505085
C110,4248115
ERR4829689,62657
ERR4829689,107794
ERR4829689,891756
ERR4829689,1759252
RJ00284466,62657
RJ00284466,514245
RJ00284466,1759252
RJ00284466,4229087
ERR4798344,615938
ERR4798344,931123
ERR4798344,1759252
ERR4798344,3470377
ERR4829080,403364
ERR4829080,764995
ERR4829080,1759252
ERR4830528,931123
ERR4830528,1759252
ERR4830528,3273107
ERR4809347,403364
ERR4809347,764995
ERR4809347,1759252
ERR4813997,497491
ERR4813997,797736
ERR4813997,931123
ERR4813997,1759252
ERR4813997,2505085
ERR4829844,62657
ERR4829844,107794
ERR4829844,891756
ERR4829844,1759252
ERR4812454,497491
ERR4812454,797736
ERR4812454,931123
ERR4812454,1759252
ERR4812454,2505085
ERR4798047,783601
ERR4798047,1759252
ERR4798047,2411730
ERR4797327,931123
ERR4797327,1759252
ERR4797327,3273107
Peru4948,764995
Peru4948,1759252
Peru4948,4316114
ERR4830608,497491
ERR4830608,797736
ERR4830608,931123
ERR4830608,1759252
ERR4830608,2505085
ERR4812277,497491
ERR4812277,797736
ERR4812277,931123
ERR4812277,1759252
ERR4812277,2505085
KOR-K2016-0091,346693
KOR-K2016-0091,497491
KOR-K2016-0091,931123
KOR-K2016-0091,1759252
KOR-K2016-0091,2505085
TDR36S112L002,764995
TDR36S112L002,1132368
TDR36S112L002,1759252
TDR36S112L002,3977226
ERR4797368,931123
ERR4797368,1759252
ERR4797368,3273107
ERR4797368,3722702
Peru3038,403364
Peru3038,764995
Peru3038,1759252
ERR4828781,497491
ERR4828781,797736
ERR4828781,931123
ERR4828781,1759252
ERR4828781,2505085
TRL0115627,346693
TRL0115627,497491
TRL0115627,931123
TRL0115627,1759252
TRL0115627,2505085
ERR4810558,497491
ERR4810558,797736
ERR4810558,931123
ERR4810558,1759252
ERR4810558,2505085
ERR4796964,497491
ERR4796964,797736
ERR4796964,931123
ERR4796964,1759252
ERR4796964,2505085
ERR4828676,497491
ERR4828676,797736
ERR4828676,931123
ERR4828676,1759252
ERR4828676,2505085
Peru5032,764995
Peru5032,1759252
Peru5032,4316114
ERR3287343,403364
ERR3287343,764995
ERR3287343,1759252
ERR4796570,931123
ERR4796570,1759252
ERR4796570,3273107
ERR4831502,1487796
ERR4831502,1759252
ERR4831502,2411730
ERR3287479,62657
ERR3287479,107794
ERR3287479,891756
ERR3287479,1759252
C117,62657
C117,514245
C117,1759252
C117,4229087
ERR4829655,615614
ERR4829655,764995
ERR4829655,1759252
ERR4830584,497491
ERR4830584,797736
ERR4830584,931123
ERR4830584,1759252
ERR4830584,2505085
MNG-S2014-0010,497491
MNG-S2014-0010,797736
MNG-S2014-0010,931123
MNG-S2014-0010,1759252
MNG-S2014-0010,2505085
ERR4830151,497491
ERR4830151,797736
ERR4830151,931123
ERR4830151,1759252
ERR4830151,2505085
ERR3287711,62657
ERR3287711,107794
ERR3287711,891756
ERR3287711,1759252
ERR4829678,783601
ERR4829678,1759252
ERR4829678,2411730
ERR4812514,62657
ERR4812514,107794
ERR4812514,891756
ERR4812514,1759252
ERR2510540,931123
ERR2510540,1759252
ERR2510540,3273107
Peru4944,764995
Peru4944,1759252
Peru4944,4316114
TDR99S194L002,346693
TDR99S194L002,497491
TDR99S194L002,931123
TDR99S194L002,1759252
TDR99S194L002,2505085
KOR-K2016-0208,497491
KOR-K2016-0208,797736
KOR-K2016-0208,931123
KOR-K2016-0208,1759252
KOR-K2016-0208,2505085
Peru4322,403364
Peru4322,764995
Peru4322,1759252
ERR4809130,764995
ERR4809130,1759252
ERR4809130,3388166
ERR4809130,4316114
ERR4796631,497491
ERR4796631,797736
ERR4796631,931123
ERR4796631,1759252
ERR4796631,2505085
Peru4047,403364
Peru4047,764995
Peru4047,1759252
ERR4822469,355181
ERR4822469,1759252
ERR4822469,4151558
ERR4822469,4307886
ERR2184392,62657
ERR2184392,514245
ERR2184392,1759252
ERR3287334,497491
ERR3287334,797736
ERR3287334,931123
ERR3287334,1759252
ERR3287334,2505085
ERR4809218,497491
ERR4809218,797736
ERR4809218,931123
ERR4809218,1759252
ERR4809218,2505085
ERR4829469,1759252
ERR4829469,2875883
ERR4829469,3466426
ERR4829469,4125058
ERR4812390,403364
ERR4812390,764995
ERR4812390,1759252
Peru4675,764995
Peru4675,1132368
Peru4675,1759252
Peru4675,3977226
ERR4808953,497491
ERR4808953,797736
ERR4808953,931123
ERR4808953,1759252
ERR4808953,2505085
ERR4797540,931123
ERR4797540,1759252
ERR4797540,3273107
ERR4830631,497491
ERR4830631,797736
ERR4830631,931123
ERR4830631,1759252
ERR4830631,2505085
ERR4797148,497491
ERR4797148,797736
ERR4797148,931123
ERR4797148,1759252
ERR4797148,2505085
ERR4830139,403364
ERR4830139,764995
ERR4830139,1759252
ERR4829380,615938
ERR4829380,931123
ERR4829380,1759252
ERR4829380,3479545
ERR4822463,497491
ERR4822463,797736
ERR4822463,931123
ERR4822463,1759252
ERR4822463,2505085
ERR4808992,615938
ERR4808992,931123
ERR4808992,1759252
ERR4808992,3470377
EC085-204,497491
EC085-204,797736
EC085-204,931123
EC085-204,1759252
EC085-204,2505085
EC085-204,4248115
ERR4830577,497491
ERR4830577,797736
ERR4830577,931123
ERR4830577,1759252
ERR4830577,2505085
ERR4812940,764995
ERR4812940,1759252
ERR4812940,4316114
ERR2184684,62657
ERR2184684,514245
ERR2184684,1759252
ERR2510473,931123
ERR2510473,1759252
ERR2510473,3273107
Peru3042,62657
Peru3042,107794
Peru3042,891756
Peru3042,1759252
KOR-K2016-0202,497491
KOR-K2016-0202,797736
KOR-K2016-0202,931123
KOR-K2016-0202,1759252
KOR-K2016-0202,2505085
KOR-K2016-0154,497491
KOR-K2016-0154,797736
KOR-K2016-0154,931123
KOR-K2016-0154,1759252
KOR-K2016-0154,2505085
ERR4831042,783601
ERR4831042,1759252
ERR4831042,2411730
C486,764995
C486,1759252
C486,3388166
C486,4316114
ERR4812535,1759252
ERR4829989,1759252
ERR4829989,2875883
ERR4829989,3466426
ERR4829989,4125058
ERR4811003,1719757
ERR4811003,1759252
ERR4829857,497491
ERR4829857,797736
ERR4829857,931123
ERR4829857,1759252
ERR4829857,2505085
Peru3424,764995
Peru3424,1132368
Peru3424,1759252
Peru3424,3977226
ERR4808981,615938
ERR4808981,931123
ERR4808981,1759252
ERR4808981,3470377
ERR4830942,497491
ERR4830942,797736
ERR4830942,931123
ERR4830942,1759252
ERR4830942,2505085
BN00042248,403364
BN00042248,764995
BN00042248,1759252
ERR4828933,355181
ERR4828933,1759252
ERR4828933,4151558
ERR4828933,4307886
ERR2510297,931123
ERR2510297,1759252
ERR2510297,3273107
ERR4828875,62657
ERR4828875,107794
ERR4828875,891756
ERR4828875,1759252
ERR4830755,497491
ERR4830755,797736
ERR4830755,931123
ERR4830755,1759252
ERR4830755,2505085
ERR3287745,497491
ERR3287745,797736
ERR3287745,931123
ERR3287745,1759252
ERR3287745,2505085
ERR4831232,62657
ERR4831232,107794
ERR4831232,891756
ERR4831232,1759252
EI00664567,764995
EI00664567,1759252
EI00664567,3388166
EI00664567,4316114
ERR4809219,497491
ERR4809219,797736
ERR4809219,931123
ERR4809219,1759252
ERR4809219,2505085
ERR4822603,497491
ERR4822603,797736
ERR4822603,931123
ERR4822603,1759252
ERR4822603,2505085
ERR4830414,497491
ERR4830414,797736
ERR4830414,931123
ERR4830414,1759252
ERR4830414,2505085
ERR4830461,615938
ERR4830461,931123
ERR4830461,1759252
ERR4830461,3021283
ERR4830461,4404247
IDR1900051733,615938
IDR1900051733,931123
IDR1900051733,1759252
IDR1900051733,3470377
ERR4822517,62657
ERR4822517,891756
ERR4822517,1759252
TRL0107371,764995
TRL0107371,1759252
TRL0107371,3388166
TRL0107371,4316114
ERR4812536,497491
ERR4812536,797736
ERR4812536,931123
ERR4812536,1759252
ERR4812536,2505085
MNG-S2014-0041,497491
MNG-S2014-0041,797736
MNG-S2014-0041,931123
MNG-S2014-0041,1759252
MNG-S2014-0041,2505085
ERR4809008,346693
ERR4809008,497491
ERR4809008,931123
ERR4809008,1759252
ERR4809008,2505085
ERR2184581,764995
ERR2184581,1759252
ERR2184581,3977226
ERR2184581,4398141
ERR4809038,403364
ERR4809038,764995
ERR4809038,1759252
ERR4830424,497491
ERR4830424,797736
ERR4830424,931123
ERR4830424,1759252
ERR4830424,2505085
ERR2184316,764995
ERR2184316,1759252
ERR2184316,4316114
ERR3287717,764995
ERR3287717,1759252
ERR3287717,3977226
ERR3287717,4398141
ERR4828832,403364
ERR4828832,764995
ERR4828832,1759252
ERR2184415,497491
ERR2184415,797736
ERR2184415,931123
ERR2184415,1759252
ERR2184415,2505085
ERR4810496,497491
ERR4810496,797736
ERR4810496,931123
ERR4810496,1759252
ERR4810496,2505085
ERR4812544,62657
ERR4812544,107794
ERR4812544,891756
ERR4812544,1759252
IDR1900007809,62657
IDR1900007809,107794
IDR1900007809,891756
IDR1900007809,1759252
ERR2510522,931123
ERR2510522,1759252
ERR2510522,3273107
KOR-K2016-0200,346693
KOR-K2016-0200,497491
KOR-K2016-0200,931123
KOR-K2016-0200,1759252
KOR-K2016-0200,2505085
19-002-0028,497491
19-002-0028,797736
19-002-0028,931123
19-002-0028,1759252
19-002-0028,2505085
ERR4811044,1487796
ERR4811044,1759252
ERR4811044,2411730
ERR4796803,497491
ERR4796803,797736
ERR4796803,931123
ERR4796803,1759252
ERR4796803,2505085
ERR4828189,615938
ERR4828189,931123
ERR4828189,1759252
ERR4828189,3021283
ERR4828189,3216553
ERR4828189,4404247
ERR3287331,62657
ERR3287331,514245
ERR3287331,1759252
ERR3287331,4229087
ERR4813946,62657
ERR4813946,107794
ERR4813946,891756
ERR4813946,1759252
Peru5423,62657
Peru5423,107794
Peru5423,891756
Peru5423,1759252
ERR4796600,931123
ERR4796600,1237818
ERR4796600,1759252
ERR4796600,3273107
ERR4796600,3722702
ERR4830311,497491
ERR4830311,797736
ERR4830311,931123
ERR4830311,1759252
ERR4830311,2505085
ERR4811186,1719757
ERR4811186,1759252
Peru4316,62657
Peru4316,107794
Peru4316,891756
Peru4316,1759252
ERR2510614,931123
ERR2510614,1759252
ERR2510614,3273107
ERR5917967,355181
ERR5917967,1759252
ERR5917967,4151558
ERR5917967,4307886
KOR-K2016-0113,497491
KOR-K2016-0113,797736
KOR-K2016-0113,931123
KOR-K2016-0113,1759252
KOR-K2016-0113,2505085
NLA000100450,62657
NLA000100450,1759252
ERR5917720,497491
ERR5917720,797736
ERR5917720,931123
ERR5917720,1759252
ERR5917720,2505085
ERR4822378,497491
ERR4822378,797736
ERR4822378,931123
ERR4822378,1759252
ERR4822378,2505085
ERR4797091,931123
ERR4797091,1759252
ERR4797091,3273107
ERR4830275,497491
ERR4830275,931123
ERR4830275,1759252
ERR4830275,1881090
ERR4828899,1759252
ERR4828899,4249732
ERR4828641,615938
ERR4828641,931123
ERR4828641,1759252
ERR4828641,3021283
ERR4828641,3216553
ERR4828641,4404247
ERR4809231,615938
ERR4809231,931123
ERR4809231,1759252
ERR4809231,3470377
ERR4797315,497491
ERR4797315,797736
ERR4797315,931123
ERR4797315,1759252
ERR4797315,2505085
ERR4822560,497491
ERR4822560,797736
ERR4822560,931123
ERR4822560,1759252
ERR4822560,2505085
ERR4808969,931123
ERR4808969,1759252
ERR4808969,3273107
ERR4808969,3722702
ERR4812933,764995
ERR4812933,1759252
Peru4007,62657
Peru4007,107794
Peru4007,891756
Peru4007,1759252
ERR2510481,931123
ERR2510481,1237818
ERR2510481,1759252
ERR2510481,3273107
ERR2510481,3722702
ERR4797359,497491
ERR4797359,797736
ERR4797359,931123
ERR4797359,1759252
ERR4797359,2505085
Peru4919,1759252
ERR4812738,403364
ERR4812738,764995
ERR4812738,1759252
ERR5918071,764995
ERR5918071,1132368
ERR5918071,1502120
ERR5918071,1759252
ERR5918071,3977226
ERR4813985,764995
ERR4813985,1759252
ERR4813985,3977226
ERR4813985,4398141
TRL0113095,355181
TRL0113095,1759252
TRL0113095,4151558
TRL0113095,4307886
TDR192S97L002,497491
TDR192S97L002,797736
TDR192S97L002,931123
TDR192S97L002,1759252
TDR192S97L002,2505085
Peru3975,62657
Peru3975,107794
Peru3975,891756
Peru3975,1759252
ERR4796645,497491
ERR4796645,797736
ERR4796645,931123
ERR4796645,1759252
ERR4796645,2505085
ERR2184285,497491
ERR2184285,797736
ERR2184285,931123
ERR2184285,1759252
ERR2184285,2505085
ERR4809243,497491
ERR4809243,797736
ERR4809243,931123
ERR4809243,1759252
ERR4809243,2505085
ERR4809243,4248115
ERR4828930,62657
ERR4828930,107794
ERR4828930,891756
ERR4828930,1759252
ERR4812528,62657
ERR4812528,107794
ERR4812528,891756
ERR4812528,1759252
ERR4796271,615938
ERR4796271,931123
ERR4796271,1759252
ERR4796271,2622402
ERR4796271,4404247
M0012253-2,764995
M0012253-2,1759252
M0012253-2,4316114
BR00096736,62657
BR00096736,514245
BR00096736,1759252
BR00096736,4229087
ERR2184298,403364
ERR2184298,764995
ERR2184298,1759252
Peru3332,1759252
ERR4828726,497491
ERR4828726,797736
ERR4828726,931123
ERR4828726,1759252
ERR4828726,2505085
ERR4811534,497491
ERR4811534,797736
ERR4811534,931123
ERR4811534,1759252
ERR4811534,2505085
ERR4796326,497491
ERR4796326,797736
ERR4796326,931123
ERR4796326,1759252
ERR4796326,2505085
ERR4796326,4248115
ERR4796764,931123
ERR4796764,1759252
ERR4796764,3273107
19-1773-0260,615938
19-1773-0260,931123
19-1773-0260,1759252
19-1773-0260,3470377
ERR4811386,62657
ERR4811386,1759252
KOR-K2016-0090,497491
KOR-K2016-0090,797736
KOR-K2016-0090,931123
KOR-K2016-0090,1759252
KOR-K2016-0090,2505085
ERR4822618,403364
ERR4822618,764995
ERR4822618,1759252
ERR4811448,1759252
ERR4811448,2875883
ERR4811448,3466426
ERR4811448,4125058
ERR3287709,62657
ERR3287709,514245
ERR3287709,1759252
ERR3287746,764995
ERR3287746,1759252
ERR3287746,3977226
ERR3287746,4398141
ERR4796516,497491
ERR4796516,797736
ERR4796516,931123
ERR4796516,1759252
ERR4796516,2505085
ERR4813747,355181
ERR4813747,1759252
ERR4813747,4151558
ERR4813747,4307886
ERR5918089,764995
ERR5918089,1759252
ERR5918089,3388166
ERR5918089,4316114
ERR4796871,931123
ERR4796871,1759252
ERR4796871,3273107
ERR2510276,931123
ERR2510276,1759252
ERR2510276,3273107
ERR4813201,403364
ERR4813201,764995
ERR4813201,1759252
TDR186S141L002,764995
TDR186S141L002,1759252
TDR186S141L002,4316114
ERR4828684,346693
ERR4828684,497491
ERR4828684,931123
ERR4828684,1759252
ERR4828684,2505085
ERR4828300,615938
ERR4828300,931123
ERR4828300,1759252
ERR4828300,3021283
ERR4828300,4404247
ERR4830401,497491
ERR4830401,797736
ERR4830401,931123
ERR4830401,1759252
ERR4830401,2505085
ERR4830401,4248115
ERR2184654,764995
ERR2184654,1759252
ERR2184654,4316114
ERR4828337,497491
ERR4828337,797736
ERR4828337,931123
ERR4828337,1759252
ERR4828337,2505085
ERR3287633,1759252
ERR4831360,497491
ERR4831360,797736
ERR4831360,931123
ERR4831360,1759252
ERR4831360,2505085
ERR4828214,615938
ERR4828214,931123
ERR4828214,1759252
ERR4828214,3021283
ERR4828214,3216553
ERR4828214,4404247
ERR4809182,1759252
ERR4809182,4249732
ERR4828829,497491
ERR4828829,797736
ERR4828829,931123
ERR4828829,1759252
ERR4828829,2505085
ERR2510714,497491
ERR2510714,797736
ERR2510714,931123
ERR2510714,1759252
ERR2510714,2505085
ERR4796776,497491
ERR4796776,797736
ERR4796776,931123
ERR4796776,1759252
ERR4796776,2505085
ERR4796776,4248115
KOR-K2016-0195,346693
KOR-K2016-0195,497491
KOR-K2016-0195,931123
KOR-K2016-0195,1759252
KOR-K2016-0195,2505085
ERR4812504,62657
ERR4812504,107794
ERR4812504,891756
ERR4812504,1759252
ERR4812161,403364
ERR4812161,764995
ERR4812161,1759252
TRL0112884,497491
TRL0112884,797736
TRL0112884,931123
TRL0112884,1759252
TRL0112884,2505085
ERR4813801,764995
ERR4813801,1759252
ERR4813801,3977226
ERR4813801,4398141
SAMN02360593,346693
SAMN02360593,497491
SAMN02360593,931123
SAMN02360593,1759252
SAMN02360593,2505085
TRL0115469,62657
TRL0115469,514245
TRL0115469,1759252
TRL0115469,4229087
Peru4549,1759252
ERR4796402,931123
ERR4796402,1759252
ERR4811418,1759252
ERR4811418,2875883
ERR4811418,3466426
ERR4811418,4125058
ERR4797748,1759252
ERR4797748,3836739
TRL0115404,346693
TRL0115404,497491
TRL0115404,931123
TRL0115404,1759252
TRL0115404,2505085
Peru3264,403364
Peru3264,764995
Peru3264,1759252
ERR4797532,615938
ERR4797532,931123
ERR4797532,1759252
ERR4797532,3470377
Peru4537,1759252
ERR2510409,931123
ERR2510409,1759252
ERR2510409,3273107
ERR4829550,1759252
ERR4829550,3836739
ERR4797047,497491
ERR4797047,797736
ERR4797047,931123
ERR4797047,1759252
ERR4797047,2505085
ERR4797047,4248115
JA00213685,1759252
JA00213685,3836739
ERR4828898,62657
ERR4828898,107794
ERR4828898,891756
ERR4828898,1759252
ERR4831852,1719757
ERR4831852,1759252
ERR2510537,931123
ERR2510537,1759252
ERR2510537,3273107
ERR4829921,62657
ERR4829921,891756
ERR4829921,1759252
ERR4811706,62657
ERR4811706,107794
ERR4811706,891756
ERR4811706,1759252
ERR4810674,497491
ERR4810674,797736
ERR4810674,931123
ERR4810674,1759252
ERR4810674,2505085
ERR2184488,403364
ERR2184488,764995
ERR2184488,1759252
TDR59S114L002,1501468
TDR59S114L002,1759252
TDR59S114L002,3466426
TDR59S114L002,4260268
ERR2510253,1759252
ERR2510253,3836739
ERR4809226,764995
ERR4809226,1759252
ERR4809226,3388166
ERR4809226,4316114
ERR4828274,615938
ERR4828274,931123
ERR4828274,1759252
ERR4828274,3021283
ERR4828274,3216553
ERR4828274,4404247
IDR1900007827,62657
IDR1900007827,107794
IDR1900007827,891756
IDR1900007827,1759252
IDR1900007816,62657
IDR1900007816,107794
IDR1900007816,891756
IDR1900007816,1759252
ERR4797135,931123
ERR4797135,1759252
ERR4797135,3273107
IDR1900007824,62657
IDR1900007824,107794
IDR1900007824,891756
IDR1900007824,1759252
C340,497491
C340,797736
C340,931123
C340,1759252
C340,2505085
ERR4822367,615938
ERR4822367,931123
ERR4822367,1759252
ERR4822367,3479545
MNG-S2014-0001,497491
MNG-S2014-0001,797736
MNG-S2014-0001,931123
MNG-S2014-0001,1759252
MNG-S2014-0001,2505085
ERR3287528,62657
ERR3287528,107794
ERR3287528,891756
ERR3287528,1759252
IDR1800036783,1759252
IDR1800036783,2875883
IDR1800036783,3466426
IDR1800036783,4125058
ERR4797692,497491
ERR4797692,797736
ERR4797692,931123
ERR4797692,1759252
ERR4797692,2505085
ERR3287677,764995
ERR3287677,1132368
ERR3287677,1759252
ERR3287677,3977226
ERR2184242,497491
ERR2184242,797736
ERR2184242,931123
ERR2184242,1759252
ERR2184242,2505085
ERR4797306,615938
ERR4797306,931123
ERR4797306,1759252
ERR4797306,3470377
ERR4796307,931123
ERR4796307,1237818
ERR4796307,1759252
ERR4796307,3273107
ERR4796307,3722702
ERR3287728,403364
ERR3287728,764995
ERR3287728,1759252
ERR3287873,497491
ERR3287873,797736
ERR3287873,931123
ERR3287873,1759252
ERR3287873,2505085
ERR4796386,615938
ERR4796386,931123
ERR4796386,1759252
ERR4796386,2622402
ERR4796386,4404247
ERR4811522,497491
ERR4811522,797736
ERR4811522,931123
ERR4811522,1759252
ERR4811522,2505085
ERR4812344,1759252
ERR4812344,3836739
ERR4829498,931123
ERR4829498,1759252
ERR4829498,1816587
ERR4829498,1882180
C448,497491
C448,797736
C448,931123
C448,1759252
C448,2505085
Peru2969,403364
Peru2969,764995
Peru2969,1759252
IDR1900022511,615938
IDR1900022511,931123
IDR1900022511,1759252
IDR1900022511,2622402
IDR1900022511,4404247
ERR3287401,62657
ERR3287401,107794
ERR3287401,891756
ERR3287401,1759252
ERR4810850,497491
ERR4810850,797736
ERR4810850,931123
ERR4810850,1759252
ERR4810850,2505085
ERR4828457,497491
ERR4828457,797736
ERR4828457,931123
ERR4828457,1759252
ERR4828457,2505085
ERR4829173,62657
ERR4829173,107794
ERR4829173,891756
ERR4829173,1759252
ERR4832068,497491
ERR4832068,797736
ERR4832068,931123
ERR4832068,1759252
ERR4832068,2505085
ERR4828185,497491
ERR4828185,797736
ERR4828185,931123
ERR4828185,1759252
ERR4828185,2505085
NLA009601360,403364
NLA009601360,764995
NLA009601360,1759252
ERR4810996,1759252
ERR4810996,3216553
ERR4810996,4246508
ERR4810996,4307886
ERR4810796,497491
ERR4810796,797736
ERR4810796,931123
ERR4810796,1759252
ERR4810796,2505085
ERR4829054,615938
ERR4829054,931123
ERR4829054,1759252
ERR4829054,3470377
SAMEA3558114,1759252
ERR4810908,497491
ERR4810908,797736
ERR4810908,931123
ERR4810908,1759252
ERR4810908,2505085
ERR4812572,764995
ERR4812572,1759252
ERR4812572,4316114
ERR4822358,497491
ERR4822358,797736
ERR4822358,931123
ERR4822358,1759252
ERR4822358,2505085
ERR4811953,62657
ERR4811953,107794
ERR4811953,891756
ERR4811953,1759252
Peru5454,403364
Peru5454,764995
Peru5454,1759252
Peru3346,403364
Peru3346,764995
Peru3346,1759252
ERR4810826,497491
ERR4810826,797736
ERR4810826,931123
ERR4810826,1759252
ERR4810826,2505085
ERR4822355,497491
ERR4822355,797736
ERR4822355,931123
ERR4822355,1759252
ERR4822355,2505085
ERR4830481,355181
ERR4830481,1759252
ERR4830481,4151558
ERR4830481,4307886
ERR4828403,497491
ERR4828403,797736
ERR4828403,931123
ERR4828403,1759252
ERR4828403,2505085
ERR4828403,4248115
C341,403364
C341,764995
C341,1759252
ERR4830971,497491
ERR4830971,797736
ERR4830971,931123
ERR4830971,1759252
ERR4830971,2505085
SAMEA3558222,62657
SAMEA3558222,107794
SAMEA3558222,891756
SAMEA3558222,1759252
ERR4829156,1759252
ERR4829156,2875883
ERR4829156,3466426
ERR4829156,4125058
ERR4829417,403364
ERR4829417,764995
ERR4829417,1759252
Peru3408,1759252
ERR4809322,346693
ERR4809322,497491
ERR4809322,931123
ERR4809322,1759252
ERR4809322,2505085
TRL0113167,764995
TRL0113167,1759252
TRL0113167,3388166
TRL0113167,4316114
ERR4796587,1759252
ERR4796587,3836739
1728,403364
1728,764995
1728,1759252
ERR4796995,497491
ERR4796995,797736
ERR4796995,931123
ERR4796995,1759252
ERR4796995,2505085
ERR4829106,931123
ERR4829106,1084911
ERR4829106,1759252
ERR4829106,3273107
ERR4811478,1759252
ERR4811478,4246508
ERR4811478,4307886
ERR4809225,403364
ERR4809225,764995
ERR4809225,1759252
ERR3287660,62657
ERR3287660,514245
ERR3287660,1759252
ERR4811278,497491
ERR4811278,797736
ERR4811278,931123
ERR4811278,1759252
ERR4811278,2505085
Peru3979,62657
Peru3979,107794
Peru3979,891756
Peru3979,1759252
ERR5918078,497491
ERR5918078,797736
ERR5918078,931123
ERR5918078,1759252
ERR5918078,2505085
ERR3287865,403364
ERR3287865,764995
ERR3287865,1759252
M0022871-9,403364
M0022871-9,764995
M0022871-9,1759252
ERR4830794,1487796
ERR4830794,1759252
ERR4830794,2411730
ERR4812353,497491
ERR4812353,797736
ERR4812353,931123
ERR4812353,1759252
ERR4812353,2505085
ERR4797502,497491
ERR4797502,797736
ERR4797502,931123
ERR4797502,1759252
ERR4797502,2505085
ERR4828237,497491
ERR4828237,797736
ERR4828237,931123
ERR4828237,1759252
ERR4828237,2505085
ERR4828263,346693
ERR4828263,497491
ERR4828263,931123
ERR4828263,1759252
ERR4828263,2505085
Peru4616,1759252
Peru4616,3836739
ERR2510589,931123
ERR2510589,1759252
ERR2510589,3273107
ERR4829887,1759252
ERR4829887,2875883
ERR4829887,3466426
ERR4829887,4125058
ERR4831012,497491
ERR4831012,797736
ERR4831012,931123
ERR4831012,1759252
ERR4831012,2505085
ERR4831012,4248115
ERR4796729,615938
ERR4796729,931123
ERR4796729,1759252
ERR4796729,2622402
ERR4796729,4404247
ERR4828374,497491
ERR4828374,797736
ERR4828374,931123
ERR4828374,1759252
ERR4828374,2505085
ERR4828374,4248115
ERR4828857,62657
ERR4828857,107794
ERR4828857,891756
ERR4828857,1759252
Peru5135,1759252
ERR4822529,62657
ERR4822529,107794
ERR4822529,891756
ERR4822529,1759252
ERR4797168,931123
ERR4797168,1237818
ERR4797168,1759252
ERR4797168,3273107
ERR4797168,3722702
TDR57S91L002,874787
TDR57S91L002,1759252
TDR57S91L002,3466426
TDR57S91L002,4260268
ERR4814021,355181
ERR4814021,1759252
ERR4814021,4151558
ERR4814021,4307886
ERR4828196,615938
ERR4828196,931123
ERR4828196,1759252
ERR4828196,3021283
ERR4828196,3216553
ERR4828196,4404247
KD00166042,497491
KD00166042,797736
KD00166042,931123
KD00166042,1759252
KD00166042,2505085
ERR4796842,931123
ERR4796842,1759252
ERR4796842,3273107
ERR4796842,3722702
Peru4908,764995
Peru4908,1132368
Peru4908,1759252
Peru4908,3977226
ERR4810771,497491
ERR4810771,797736
ERR4810771,931123
ERR4810771,1759252
ERR4810771,2505085
ERR2184229,62657
ERR2184229,107794
ERR2184229,891756
ERR2184229,1759252
ERR5918076,497491
ERR5918076,797736
ERR5918076,931123
ERR5918076,1759252
ERR5918076,2505085
ERR5918076,4248115
ERR4808997,346693
ERR4808997,497491
ERR4808997,931123
ERR4808997,1759252
ERR4808997,2505085
ERR2184688,1759252
ERR2184688,4151558
ERR2184688,4307886
SAMN02360558,346693
SAMN02360558,497491
SAMN02360558,931123
SAMN02360558,1759252
SAMN02360558,2505085
ERR4811109,1719757
ERR4811109,1759252
ERR4811577,497491
ERR4811577,797736
ERR4811577,931123
ERR4811577,1759252
ERR4811577,2505085
ERR4830679,1759252
ERR4830679,3836739
ERR4830924,497491
ERR4830924,797736
ERR4830924,931123
ERR4830924,1759252
ERR4830924,2505085
FS014-11,497491
FS014-11,797736
FS014-11,931123
FS014-11,1759252
FS014-11,2505085
ERR3287453,497491
ERR3287453,797736
ERR3287453,931123
ERR3287453,1759252
ERR3287453,2505085
IDR1900031552,62657
IDR1900031552,514245
IDR1900031552,1759252
IDR1900031552,1850119
ERR4811806,497491
ERR4811806,797736
ERR4811806,931123
ERR4811806,1759252
ERR4811806,2505085
ERR2510446,931123
ERR2510446,1759252
ERR2510446,3273107
Peru2901,497491
Peru2901,797736
Peru2901,931123
Peru2901,1759252
Peru2901,2505085
ERR4828640,497491
ERR4828640,931123
ERR4828640,1759252
ERR4828640,1881090
ERR4829077,62657
ERR4829077,514245
ERR4829077,1759252
ERR4813446,62657
ERR4813446,514245
ERR4813446,1759252
ERR4830253,497491
ERR4830253,797736
ERR4830253,931123
ERR4830253,1759252
ERR4830253,2505085
ERR4796799,615938
ERR4796799,931123
ERR4796799,1759252
ERR4796799,2622402
ERR4796799,4404247
ERR5917759,497491
ERR5917759,797736
ERR5917759,931123
ERR5917759,1759252
ERR5917759,2505085
ERR2510403,931123
ERR2510403,1759252
ERR2510403,3273107
ERR2510643,1719757
ERR2510643,1759252
ERR4808950,403364
ERR4808950,764995
ERR4808950,1759252
ERR4828334,615938
ERR4828334,931123
ERR4828334,1759252
ERR4828334,3021283
ERR4828334,3216553
ERR4828334,4404247
ERR4829370,931123
ERR4829370,1759252
ERR4829370,3273107
ERR4830598,497491
ERR4830598,797736
ERR4830598,931123
ERR4830598,1759252
ERR4830598,2505085
ERR5918158,346693
ERR5918158,497491
ERR5918158,931123
ERR5918158,1759252
ERR5918158,2505085
PI00148593,764995
PI00148593,1132368
PI00148593,1502120
PI00148593,1759252
PI00148593,3977226
ERR4828592,497491
ERR4828592,797736
ERR4828592,931123
ERR4828592,1759252
ERR4828592,2505085
Peru3425,764995
Peru3425,1759252
Peru3425,3977226
Peru3425,4398141
ERR4831377,62657
ERR4831377,107794
ERR4831377,891756
ERR4831377,1759252
ERR2184580,62657
ERR2184580,514245
ERR2184580,1759252
ERR4831762,497491
ERR4831762,797736
ERR4831762,931123
ERR4831762,1759252
ERR4831762,2505085
ERR4812388,764995
ERR4812388,1132368
ERR4812388,1759252
ERR4812388,3977226
ERR4811090,1719757
ERR4811090,1759252
ERR4811269,1719757
ERR4811269,1759252
ERR4797287,931123
ERR4797287,1759252
ERR4797287,3273107
ERR3287460,764995
ERR3287460,1132368
ERR3287460,1759252
ERR3287460,3977226
ERR4831099,497491
ERR4831099,797736
ERR4831099,931123
ERR4831099,1759252
ERR4831099,2505085
ERR4831180,403364
ERR4831180,764995
ERR4831180,1759252
TRL0113054,615938
TRL0113054,931123
TRL0113054,1759252
TRL0113054,3470377
ERR4797437,931123
ERR4797437,1759252
ERR4797437,3273107
ERR4797437,3722702
Peru3274,62657
Peru3274,107794
Peru3274,891756
Peru3274,1759252
ERR4813268,497491
ERR4813268,797736
ERR4813268,931123
ERR4813268,1759252
ERR4813268,2505085
ERR4828157,497491
ERR4828157,797736
ERR4828157,931123
ERR4828157,1759252
ERR4828157,2505085
ERR4830020,1719757
ERR4830020,1759252
JPN-R2012-0079,346693
JPN-R2012-0079,497491
JPN-R2012-0079,931123
JPN-R2012-0079,1759252
JPN-R2012-0079,2505085
ERR5917664,497491
ERR5917664,797736
ERR5917664,931123
ERR5917664,1759252
ERR5917664,2505085
ERR4811116,1719757
ERR4811116,1759252
ERR4797595,1759252
ERR4797595,2694560
ERR4797595,4151558
ERR4797595,4307886
ERR4822392,497491
ERR4822392,797736
ERR4822392,931123
ERR4822392,1759252
ERR4822392,2505085
Peru4074,403364
Peru4074,764995
Peru4074,1759252
TRL0111034,403364
TRL0111034,764995
TRL0111034,1759252
ERR4831901,497491
ERR4831901,797736
ERR4831901,931123
ERR4831901,1759252
ERR4831901,2505085
ERR2510606,931123
ERR2510606,1759252
ERR2510606,3273107
03R0797,62657
03R0797,107794
03R0797,891756
03R0797,1759252
Peru3357,403364
Peru3357,764995
Peru3357,1759252
ERR4828583,497491
ERR4828583,797736
ERR4828583,931123
ERR4828583,1759252
ERR4828583,2505085
Peru4025,62657
Peru4025,514245
Peru4025,1759252
TRL0074450,764995
TRL0074450,1759252
TRL0074450,3388166
TRL0074450,4316114
JPN-R2012-0022,497491
JPN-R2012-0022,797736
JPN-R2012-0022,931123
JPN-R2012-0022,1759252
JPN-R2012-0022,2505085
Peru3318,62657
Peru3318,107794
Peru3318,891756
Peru3318,1759252
ERR4822558,1759252
ERR4822558,3836739
TDR217S194L002,62657
TDR217S194L002,107794
TDR217S194L002,891756
TDR217S194L002,1759252
ERR4829022,615938
ERR4829022,931123
ERR4829022,1759252
ERR4829022,2622402
ERR4829022,4404247
ERR2510364,931123
ERR2510364,1759252
ERR2510364,3273107
ERR4828152,346693
ERR4828152,497491
ERR4828152,931123
ERR4828152,1759252
ERR4828152,2505085
ERR4809179,764995
ERR4809179,1759252
ERR4809179,3388166
ERR4809179,4316114
ERR4796766,615938
ERR4796766,931123
ERR4796766,1759252
ERR4796766,2622402
ERR4796766,4404247
ERR3287492,764995
ERR3287492,1132368
ERR3287492,1759252
ERR3287492,3977226
ERR4811004,497491
ERR4811004,797736
ERR4811004,931123
ERR4811004,1759252
ERR4811004,2505085
ERR4808968,497491
ERR4808968,797736
ERR4808968,931123
ERR4808968,1759252
ERR4808968,2505085
ERR4796854,615938
ERR4796854,931123
ERR4796854,1759252
ERR4796854,3479545
ERR4812372,1759252
ERR4828541,497491
ERR4828541,797736
ERR4828541,931123
ERR4828541,1759252
ERR4828541,2505085
ERR4829971,931123
ERR4829971,1759252
ERR4829971,3273107
Peru4099,1759252
ERR4822371,497491
ERR4822371,797736
ERR4822371,931123
ERR4822371,1759252
ERR4822371,2505085
ERR4796508,615938
ERR4796508,931123
ERR4796508,1759252
ERR4796508,2622402
ERR4796508,4404247
C250,403364
C250,764995
C250,1759252
ERR4812332,764995
ERR4812332,1759252
ERR4812332,4316114
ERR4812119,62657
ERR4812119,107794
ERR4812119,891756
ERR4812119,1759252
ERR4811163,1759252
ERR4811163,4246508
ERR4811163,4307886
ERR4796703,1759252
ERR4796703,3836739
ERR4812913,497491
ERR4812913,797736
ERR4812913,931123
ERR4812913,1759252
ERR4812913,2505085
ERR4830770,497491
ERR4830770,797736
ERR4830770,931123
ERR4830770,1759252
ERR4830770,2505085
ERR4811130,497491
ERR4811130,797736
ERR4811130,931123
ERR4811130,1759252
ERR4811130,2505085
ERR4796507,931123
ERR4796507,1759252
ERR4796507,3273107
ERR5917750,1759252
ERR5917750,3836739
M0005620-1,62657
M0005620-1,107794
M0005620-1,891756
M0005620-1,1759252
ERR4811553,497491
ERR4811553,797736
ERR4811553,931123
ERR4811553,1759252
ERR4811553,2505085
Peru4931,62657
Peru4931,107794
Peru4931,891756
Peru4931,1759252
IDR1900007805,1759252
IDR1900007805,3836739
ERR4797507,497491
ERR4797507,797736
ERR4797507,931123
ERR4797507,1759252
ERR4797507,2505085
Peru3379,497491
Peru3379,797736
Peru3379,931123
Peru3379,1759252
Peru3379,2505085
ERR4812435,764995
ERR4812435,1759252
ERR4812435,4316114
ERR4812437,1759252
ERR4812437,3836739
ERR4822599,403364
ERR4822599,764995
ERR4822599,1759252
Peru4530,62657
Peru4530,514245
Peru4530,1759252
ERR4812325,403364
ERR4812325,764995
ERR4812325,1759252
Peru3278,62657
Peru3278,514245
Peru3278,1759252
Peru3278,4229087
ERR3287764,403364
ERR3287764,764995
ERR3287764,1759252
ERR4812327,62657
ERR4812327,107794
ERR4812327,891756
ERR4812327,1759252
ERR5917765,1759252
ERR5917765,3836739
ERR4822537,62657
ERR4822537,107794
ERR4822537,891756
ERR4822537,1759252
KOR-K2016-0098,497491
KOR-K2016-0098,797736
KOR-K2016-0098,931123
KOR-K2016-0098,1759252
KOR-K2016-0098,2505085
ERR4828900,62657
ERR4828900,107794
ERR4828900,891756
ERR4828900,1759252
ERR4831893,497491
ERR4831893,797736
ERR4831893,931123
ERR4831893,1759252
ERR4831893,2505085
ERR4831893,4248115
ERR4830966,497491
ERR4830966,797736
ERR4830966,931123
ERR4830966,1759252
ERR4830966,2505085
ERR4811380,497491
ERR4811380,797736
ERR4811380,931123
ERR4811380,1759252
ERR4811380,2505085
ERR4829783,615938
ERR4829783,931123
ERR4829783,1759252
ERR4829783,3479545
ERR4822497,1487796
ERR4822497,1759252
ERR4822497,2411730
ERR4828618,1719757
ERR4828618,1759252
Peru5115,1759252
ERR4831433,931123
ERR4831433,1759252
ERR4831433,3273107
ERR4828993,1487796
ERR4828993,1759252
ERR4828993,2411730
ERR4829960,1759252
ERR2184677,62657
ERR2184677,514245
ERR2184677,1759252
ERR4828795,497491
ERR4828795,797736
ERR4828795,931123
ERR4828795,1759252
ERR4828795,2505085
Peru4001,764995
Peru4001,1759252
Peru4001,4316114
ERR4796794,497491
ERR4796794,797736
ERR4796794,931123
ERR4796794,1759252
ERR4796794,2505085
ERR4829824,931123
ERR4829824,1759252
ERR4829824,3273107
ERR4797006,931123
ERR4797006,1759252
ERR4797006,3273107
ERR4810808,497491
ERR4810808,797736
ERR4810808,931123
ERR4810808,1759252
ERR4810808,2505085
ERR4830434,497491
ERR4830434,797736
ERR4830434,931123
ERR4830434,1759252
ERR4830434,2505085
ERR4796959,497491
ERR4796959,797736
ERR4796959,931123
ERR4796959,1759252
ERR4796959,2505085
ERR4813067,62657
ERR4813067,107794
ERR4813067,891756
ERR4813067,1759252
ERR2510477,931123
ERR2510477,1759252
ERR2510477,3273107
ERR3287649,403364
ERR3287649,764995
ERR3287649,1759252
M0003470-3,62657
M0003470-3,107794
M0003470-3,891756
M0003470-3,1759252
ERR4811585,497491
ERR4811585,797736
ERR4811585,931123
ERR4811585,1759252
ERR4811585,2505085
Peru2944,764995
Peru2944,1759252
Peru2944,3977226
Peru2944,4398141
ERR4828473,1719757
ERR4828473,1759252
ERR2510573,931123
ERR2510573,1759252
ERR2510573,3273107
ERR3287816,403364
ERR3287816,764995
ERR3287816,1759252
ERR4810740,1759252
ERR4810740,4246508
ERR4810740,4307886
ERR4812194,62657
ERR4812194,107794
ERR4812194,891756
ERR4812194,1759252
KOR-K2016-0227,497491
KOR-K2016-0227,797736
KOR-K2016-0227,931123
KOR-K2016-0227,1759252
KOR-K2016-0227,2505085
ERR2510401,931123
ERR2510401,1759252
ERR2510401,3273107
ERR4828172,1759252
ERR4828172,3836739
ERR2510565,931123
ERR2510565,1759252
ERR2510565,3273107
TRL0117008,497491
TRL0117008,797736
TRL0117008,931123
TRL0117008,1759252
TRL0117008,2505085
TRL0117008,4248115
ERR4812850,764995
ERR4812850,1759252
ERR4797051,497491
ERR4797051,797736
ERR4797051,931123
ERR4797051,1759252
ERR4797051,2505085
ERR4811199,1759252
ERR4811199,4246508
ERR4811199,4307886
IDR1700013003,62657
IDR1700013003,514245
IDR1700013003,1759252
ERR4814024,764995
ERR4814024,1132368
ERR4814024,1759252
ERR4814024,3977226
ERR4828420,497491
ERR4828420,797736
ERR4828420,931123
ERR4828420,1759252
ERR4828420,2505085
C292,355181
C292,1759252
C292,4151558
C292,4307886
ERR4810817,497491
ERR4810817,797736
ERR4810817,931123
ERR4810817,1759252
ERR4810817,2505085
ERR4810970,497491
ERR4810970,797736
ERR4810970,931123
ERR4810970,1759252
ERR4810970,2505085
TRL0115669,497491
TRL0115669,797736
TRL0115669,931123
TRL0115669,1759252
TRL0115669,2505085
ERR4831517,931123
ERR4831517,1759252
ERR4831517,3273107
ERR4797701,931123
ERR4797701,1759252
ERR4797701,3273107
TRL0083468,403364
TRL0083468,764995
TRL0083468,1759252
ERR4797027,615938
ERR4797027,931123
ERR4797027,1759252
ERR4797027,2622402
ERR4797027,4404247
ERR4797676,615938
ERR4797676,931123
ERR4797676,1759252
ERR4797676,3470377
Peru5073,403364
Peru5073,764995
Peru5073,1759252
ERR4813048,764995
ERR4813048,1132368
ERR4813048,1759252
ERR4813048,3977226
JPN-R2012-0054,764995
JPN-R2012-0054,1759252
JPN-R2012-0054,3977226
JPN-R2012-0054,4398141
GA567A-317,931123
GA567A-317,1084911
GA567A-317,1759252
GA567A-317,3273107
ERR4828467,497491
ERR4828467,797736
ERR4828467,931123
ERR4828467,1759252
ERR4828467,2505085
ERR4831427,931123
ERR4831427,1759252
ERR4831427,3273107
ERR4813266,62657
ERR4813266,107794
ERR4813266,891756
ERR4813266,1759252
ERR2184666,62657
ERR2184666,107794
ERR2184666,891756
ERR2184666,1759252
ERR4810566,497491
ERR4810566,797736
ERR4810566,931123
ERR4810566,1759252
ERR4810566,2505085
ERR4822314,497491
ERR4822314,797736
ERR4822314,931123
ERR4822314,1759252
ERR4822314,2505085
ERR4809195,764995
ERR4809195,1759252
ERR4809195,3388166
ERR4809195,4316114
IDR1800038242,615938
IDR1800038242,931123
IDR1800038242,1759252
IDR1800038242,2622402
IDR1800038242,4404247
IDR1800003683,355181
IDR1800003683,1759252
IDR1800003683,4151558
IDR1800003683,4307886
ERR4796845,497491
ERR4796845,797736
ERR4796845,931123
ERR4796845,1759252
ERR4796845,2505085
ERR3287379,403364
ERR3287379,764995
ERR3287379,1759252
ERR4831706,497491
ERR4831706,797736
ERR4831706,931123
ERR4831706,1759252
ERR4831706,2505085
02R1543,355181
02R1543,1759252
02R1543,4151558
02R1543,4307886
ERR4798312,615938
ERR4798312,931123
ERR4798312,1759252
ERR4798312,2622402
ERR4798312,4404247
ERR4808891,403364
ERR4808891,764995
ERR4808891,1759252
ERR4797089,931123
ERR4797089,1759252
Peru4939,1759252
ERR3287356,62657
ERR3287356,514245
ERR3287356,1759252
ERR3287356,4229087
KOR-K2016-0078,346693
KOR-K2016-0078,497491
KOR-K2016-0078,931123
KOR-K2016-0078,1759252
KOR-K2016-0078,2505085
ERR4796890,931123
ERR4796890,1759252
ERR4796890,3273107
ERR4822508,62657
ERR4822508,107794
ERR4822508,891756
ERR4822508,1759252
ERR4822393,497491
ERR4822393,797736
ERR4822393,931123
ERR4822393,1759252
ERR4822393,2505085
ERR4830903,497491
ERR4830903,797736
ERR4830903,931123
ERR4830903,1759252
ERR4830903,2505085
C190,497491
C190,797736
C190,931123
C190,1759252
C190,2505085
ERR4797646,403364
ERR4797646,764995
ERR4797646,1759252
ERR4797061,497491
ERR4797061,797736
ERR4797061,931123
ERR4797061,1759252
ERR4797061,2505085
ERR4797061,4248115
ERR3287368,62657
ERR3287368,107794
ERR3287368,891756
ERR3287368,1759252
JPN-R2011-0061,346693
JPN-R2011-0061,497491
JPN-R2011-0061,931123
JPN-R2011-0061,1759252
JPN-R2011-0061,2505085
IDR1800008163,615938
IDR1800008163,931123
IDR1800008163,1759252
IDR1800008163,3470377
ERR4829847,62657
ERR4829847,107794
ERR4829847,891756
ERR4829847,1759252
ERR4810656,1759252
ERR4810656,4246508
ERR4810656,4307886
KOR-K2016-0087,346693
KOR-K2016-0087,497491
KOR-K2016-0087,931123
KOR-K2016-0087,1759252
KOR-K2016-0087,2505085
ERR4830769,403364
ERR4830769,764995
ERR4830769,1759252
ERR4796375,497491
ERR4796375,797736
ERR4796375,931123
ERR4796375,1759252
ERR4796375,2505085
ERR3287440,403364
ERR3287440,764995
ERR3287440,1759252
ERR4828982,62657
ERR4828982,1759252
ERR4810788,1487796
ERR4810788,1759252
ERR4810788,2411730
ERR4812127,764995
ERR4812127,1759252
ERR4812127,3977226
ERR4812127,4398141
ERR2510400,1487796
ERR2510400,1759252
ERR2510400,2411730
Peru3314,764995
Peru3314,1132368
Peru3314,1759252
Peru3314,3977226
Peru4043,62657
Peru4043,107794
Peru4043,891756
Peru4043,1759252
ERR4811997,403364
ERR4811997,764995
ERR4811997,1759252
ERR4813450,403364
ERR4813450,764995
ERR4813450,1759252
ERR2184515,1759252
ERR2184515,3836739
IDR1900047618,615938
IDR1900047618,931123
IDR1900047618,1759252
IDR1900047618,3479545
ERR4822306,497491
ERR4822306,797736
ERR4822306,931123
ERR4822306,1759252
ERR4822306,2505085
C431,497491
C431,797736
C431,931123
C431,1759252
C431,2505085
C431,4248115
C433,497491
C433,797736
C433,931123
C433,1759252
C433,2505085
ERR2184651,764995
ERR2184651,1759252
ERR2184651,4316114
C033,497491
C033,797736
C033,931123
C033,1759252
C033,2505085
SAMEA3558202,1455780
SAMEA3558202,1487796
SAMEA3558202,1759252
SAMEA3558202,2411730
ERR4810732,497491
ERR4810732,797736
ERR4810732,931123
ERR4810732,1759252
ERR4810732,2505085
ERR2510545,497491
ERR2510545,797736
ERR2510545,931123
ERR2510545,1759252
ERR2510545,2505085
ERR4813793,497491
ERR4813793,797736
ERR4813793,931123
ERR4813793,1759252
ERR4813793,2505085
ERR4822607,497491
ERR4822607,797736
ERR4822607,931123
ERR4822607,1759252
ERR4822607,2505085
TDR144S111L002,783601
TDR144S111L002,1759252
TDR144S111L002,2411730
TDR138S106L002,62657
TDR138S106L002,107794
TDR138S106L002,891756
TDR138S106L002,1759252
ERR4830158,403364
ERR4830158,764995
ERR4830158,1759252
ERR4796895,931123
ERR4796895,1759252
ERR4796895,3273107
ERR4829878,497491
ERR4829878,797736
ERR4829878,931123
ERR4829878,1759252
ERR4829878,2505085
ERR4811707,403364
ERR4811707,764995
ERR4811707,1759252
ERR2510518,931123
ERR2510518,1759252
ERR2510518,3273107
ERR4829585,1759252
ERR4829585,4249732
TRL0114500,346693
TRL0114500,497491
TRL0114500,931123
TRL0114500,1759252
TRL0114500,2505085
ERR4797678,497491
ERR4797678,797736
ERR4797678,931123
ERR4797678,1759252
ERR4797678,2505085
ERR4811787,764995
ERR4811787,1759252
ERR4811787,4316114
Peru3284,62657
Peru3284,1759252
TDR20S134L002,764995
TDR20S134L002,1132368
TDR20S134L002,1502120
TDR20S134L002,1759252
TDR20S134L002,3977226
ERR4811495,1759252
ERR4811495,4246508
ERR4811495,4307886
Peru5006,1759252
ERR4829687,497491
ERR4829687,797736
ERR4829687,931123
ERR4829687,1759252
ERR4829687,2505085
ERR2510249,931123
ERR2510249,1759252
ERR2510249,3273107
ERR4829589,62657
ERR4829589,107794
ERR4829589,891756
ERR4829589,1759252
ERR4812471,62657
ERR4812471,107794
ERR4812471,891756
ERR4812471,1759252
ERR4796660,497491
ERR4796660,797736
ERR4796660,931123
ERR4796660,1759252
ERR4796660,2505085
ERR4829029,783601
ERR4829029,1759252
ERR4829029,2411730
ERR4810538,497491
ERR4810538,797736
ERR4810538,931123
ERR4810538,1759252
ERR4810538,2505085
ERR4830824,1487796
ERR4830824,1759252
ERR4830824,2411730
ERR4829859,1759252
ERR4829859,3836739
ERR4814010,62657
ERR4814010,891756
ERR4814010,1759252
ERR4830196,615938
ERR4830196,931123
ERR4830196,1759252
ERR4830196,3021283
ERR4830196,3216553
ERR4830196,4404247
C330,497491
C330,797736
C330,931123
C330,1759252
C330,2505085
Peru4918,1759252
ERR5918088,1759252
ERR5918088,3836739
SAMEA3558136,62657
SAMEA3558136,514245
SAMEA3558136,1759252
SAMEA3558136,4229087
ERR4829058,62657
ERR4829058,107794
ERR4829058,891756
ERR4829058,1759252
ERR3287834,403364
ERR3287834,764995
ERR3287834,1759252
ERR4797643,497491
ERR4797643,797736
ERR4797643,931123
ERR4797643,1759252
ERR4797343,497491
ERR4797343,797736
ERR4797343,931123
ERR4797343,1759252
ERR4797343,2505085
ERR4812216,497491
ERR4812216,797736
ERR4812216,931123
ERR4812216,1759252
ERR4812216,2505085
ERR4809304,764995
ERR4809304,1759252
ERR4809304,3388166
ERR4809304,4316114
ERR4796642,615938
ERR4796642,931123
ERR4796642,1759252
ERR4796642,2622402
ERR4796642,4404247
Peru4126,62657
Peru4126,1759252
ERR4797608,497491
ERR4797608,797736
ERR4797608,931123
ERR4797608,1759252
ERR4797608,2505085
ERR4828877,1759252
ERR4828877,2875883
ERR4828877,3466426
ERR4828877,4125058
ERR4796520,931123
ERR4796520,1759252
ERR4796520,3273107
ERR4811054,1759252
ERR4811054,4246508
ERR4811054,4307886
ERR4822346,497491
ERR4822346,797736
ERR4822346,931123
ERR4822346,1759252
ERR4822346,2505085
ERR4830988,497491
ERR4830988,797736
ERR4830988,931123
ERR4830988,1759252
ERR4830988,2505085
ERR4830205,615938
ERR4830205,931123
ERR4830205,1491275
ERR4830205,1759252
ERR4830205,4404247
TDR11S87L002,615938
TDR11S87L002,931123
TDR11S87L002,1759252
TDR11S87L002,2622402
TDR11S87L002,4404247
ERR4828507,615938
ERR4828507,931123
ERR4828507,1759252
ERR4828507,3479545
04R0292,497491
04R0292,797736
04R0292,931123
04R0292,1759252
04R0292,2505085
ERR4811680,497491
ERR4811680,797736
ERR4811680,931123
ERR4811680,1759252
ERR4811680,2505085
1763,497491
1763,797736
1763,931123
1763,1759252
1763,2505085
ERR4811542,497491
ERR4811542,797736
ERR4811542,931123
ERR4811542,1759252
ERR4811542,2505085
ERR4828548,497491
ERR4828548,931123
ERR4828548,1759252
ERR4828548,1881090
ERR4808908,497491
ERR4808908,797736
ERR4808908,931123
ERR4808908,1759252
ERR4808908,2505085
ERR4808908,4248115
ERR4812029,62657
ERR4812029,107794
ERR4812029,891756
ERR4812029,1759252
ERR4796339,497491
ERR4796339,797736
ERR4796339,931123
ERR4796339,1759252
ERR4796339,2505085
ERR4811569,497491
ERR4811569,797736
ERR4811569,931123
ERR4811569,1759252
ERR4811569,2505085
ERR4813211,1759252
ERR4813211,3836739
ERR2184379,62657
ERR2184379,107794
ERR2184379,891756
ERR2184379,1759252
SAMEA3558148,931123
SAMEA3558148,1759252
IDR1800045366,615938
IDR1800045366,931123
IDR1800045366,1759252
IDR1800045366,3470377
ERR4831455,931123
ERR4831455,1759252
ERR4831455,3273107
TRL0073196,62657
TRL0073196,514245
TRL0073196,1759252
TRL0073196,4229087
JPN-R2012-0027,497491
JPN-R2012-0027,797736
JPN-R2012-0027,931123
JPN-R2012-0027,1759252
JPN-R2012-0027,2505085
ERR4796364,615938
ERR4796364,931123
ERR4796364,1759252
ERR4796364,3470377
TRL0116938,62657
TRL0116938,514245
TRL0116938,1759252
TRL0116938,4229087
ERR4796972,497491
ERR4796972,797736
ERR4796972,931123
ERR4796972,1759252
ERR4796972,2505085
ERR4796972,4248115
ERR4829842,403364
ERR4829842,764995
ERR4829842,1759252
SAMEA3558232,931123
SAMEA3558232,1759252
SAMEA3558232,4404247
ERR4828422,497491
ERR4828422,797736
ERR4828422,931123
ERR4828422,1759252
ERR4828422,2505085
ERR4828422,4248115
C389,497491
C389,797736
C389,931123
C389,1759252
C389,2505085
ERR4831265,1759252
ERR4831265,3836739
ERR4822572,403364
ERR4822572,764995
ERR4822572,1759252
ERR4809222,1759252
ERR4809222,3836739
ERR4809102,355181
ERR4809102,1759252
ERR4809102,4151558
ERR4809102,4307886
ERR4797265,615938
ERR4797265,931123
ERR4797265,1491275
ERR4797265,1759252
ERR4797265,4404247
IDR1700038585,62657
IDR1700038585,514245
IDR1700038585,1759252
IDR1700038585,4229087
ERR4797749,615938
ERR4797749,931123
ERR4797749,1759252
ERR4797749,2622402
ERR4797749,4404247
JPN-R2013-0095,497491
JPN-R2013-0095,797736
JPN-R2013-0095,931123
JPN-R2013-0095,1759252
JPN-R2013-0095,2505085
C281,1759252
C281,3836739
Peru5447,62657
Peru5447,107794
Peru5447,891756
Peru5447,1759252
Peru4709,497491
Peru4709,797736
Peru4709,931123
Peru4709,1759252
Peru4709,2505085
ERR4811426,1759252
ERR4811426,2875883
ERR4811426,3466426
ERR4811426,4125058
ERR3287686,403364
ERR3287686,764995
ERR3287686,1759252
TRL0115619,62657
TRL0115619,514245
TRL0115619,1759252
TRL0115619,4229087
ERR3287367,764995
ERR3287367,1759252
ERR3287367,3977226
ERR3287367,4398141
ERR4831246,497491
ERR4831246,797736
ERR4831246,931123
ERR4831246,1759252
ERR4831246,2505085
ERR4829033,497491
ERR4829033,797736
ERR4829033,931123
ERR4829033,1759252
ERR4829033,2505085
ERR2184254,62657
ERR2184254,514245
ERR2184254,1759252
ERR2184254,4229087
ERR4810506,497491
ERR4810506,797736
ERR4810506,931123
ERR4810506,1759252
ERR4810506,2505085
ERR4831129,62657
ERR4831129,107794
ERR4831129,891756
ERR4831129,1759252
ERR2510637,931123
ERR2510637,1759252
ERR2510637,3273107
ERR2510637,3722702
SAMEA3558133,931123
SAMEA3558133,1759252
SAMEA3558133,3273107
ERR2184409,62657
ERR2184409,514245
ERR2184409,1759252
ERR2184409,4229087
ERR4797611,497491
ERR4797611,797736
ERR4797611,931123
ERR4797611,1759252
ERR4797611,2505085
ERR4811290,497491
ERR4811290,797736
ERR4811290,931123
ERR4811290,1759252
ERR4811290,2505085
ERR4830701,931123
ERR4830701,1759252
ERR4830701,3273107
ERR4811631,497491
ERR4811631,797736
ERR4811631,931123
ERR4811631,1759252
ERR4811631,2505085
Peru4655,62657
Peru4655,107794
Peru4655,891756
Peru4655,1759252
ERR4829087,62657
ERR4829087,107794
ERR4829087,891756
ERR4829087,1759252
ERR5917987,346693
ERR5917987,497491
ERR5917987,931123
ERR5917987,1759252
ERR5917987,2505085
ERR4796948,497491
ERR4796948,797736
ERR4796948,931123
ERR4796948,1759252
ERR4796948,2505085
ERR3287813,403364
ERR3287813,764995
ERR3287813,1759252
ERR4830726,1759252
ERR4830726,3836739
Peru3067,403364
Peru3067,764995
Peru3067,1759252
ERR4822474,931123
ERR4822474,1759252
ERR4822474,3273107
KOR-K2016-0214,497491
KOR-K2016-0214,797736
KOR-K2016-0214,931123
KOR-K2016-0214,1759252
KOR-K2016-0214,2505085
ERR4828160,615938
ERR4828160,931123
ERR4828160,1759252
ERR4828160,3479545
ERR4831957,497491
ERR4831957,797736
ERR4831957,931123
ERR4831957,1759252
ERR4831957,2505085
ERR4797453,497491
ERR4797453,797736
ERR4797453,931123
ERR4797453,1759252
ERR4797453,2505085
ERR4831915,497491
ERR4831915,797736
ERR4831915,931123
ERR4831915,1759252
ERR4831915,2505085
ERR4831915,4248115
ERR4810806,497491
ERR4810806,797736
ERR4810806,931123
ERR4810806,1759252
ERR4810806,2505085
ERR4812562,62657
ERR4812562,514245
ERR4812562,1759252
ERR4812191,403364
ERR4812191,764995
ERR4812191,1759252
ERR4797544,497491
ERR4797544,797736
ERR4797544,931123
ERR4797544,1759252
ERR4797544,2505085
ERR3287831,403364
ERR3287831,764995
ERR3287831,1759252
ERR4829429,62657
ERR4829429,107794
ERR4829429,891756
ERR4829429,1759252
ERR4797546,931123
ERR4797546,1759252
ERR4797546,3273107
ERR4796591,931123
ERR4796591,1759252
ERR4796591,3273107
ERR4830307,497491
ERR4830307,797736
ERR4830307,931123
ERR4830307,1759252
ERR4830307,2505085
ERR4830307,4248115
ERR4830040,62657
ERR4830040,107794
ERR4830040,891756
ERR4830040,1759252
ERR2184462,62657
ERR2184462,514245
ERR2184462,1759252
ERR2184462,4229087
ERR4829691,62657
ERR4829691,1759252
ERR2184408,403364
ERR2184408,764995
ERR2184408,1759252
ERR4830333,497491
ERR4830333,797736
ERR4830333,931123
ERR4830333,1759252
ERR4830333,2505085
ERR4828779,497491
ERR4828779,797736
ERR4828779,931123
ERR4828779,1759252
ERR4828779,2505085
TDR148S113L002,497491
TDR148S113L002,797736
TDR148S113L002,931123
TDR148S113L002,1759252
TDR148S113L002,2505085
ERR3287364,403364
ERR3287364,764995
ERR3287364,1759252
ERR4831974,497491
ERR4831974,931123
ERR4831974,1759252
ERR4831974,1881090
C402,497491
C402,797736
C402,931123
C402,1759252
C402,2505085
ERR4809085,62657
ERR4809085,514245
ERR4809085,1759252
ERR4809085,4229087
JG00406968,62657
JG00406968,514245
JG00406968,1759252
JG00406968,4229087
TDR28S123L002,497491
TDR28S123L002,797736
TDR28S123L002,931123
TDR28S123L002,1759252
TDR28S123L002,2505085
ERR4830723,615614
ERR4830723,764995
ERR4830723,1759252
ERR4831907,497491
ERR4831907,797736
ERR4831907,931123
ERR4831907,1759252
ERR4831907,2505085
ERR4831907,4248115
ERR4809311,355181
ERR4809311,1759252
ERR4809311,4151558
ERR4809311,4307886
ERR4829598,62657
ERR4829598,107794
ERR4829598,891756
ERR4829598,1759252
Peru3312,764995
Peru3312,1759252
Peru3312,4316114
Peru4082,497491
Peru4082,797736
Peru4082,931123
Peru4082,1759252
Peru4082,2505085
ERR4830819,931123
ERR4830819,1084911
ERR4830819,1759252
ERR4830819,3273107
JPN-R2012-0076,497491
JPN-R2012-0076,797736
JPN-R2012-0076,931123
JPN-R2012-0076,1759252
JPN-R2012-0076,2505085
ERR3287838,764995
ERR3287838,1132368
ERR3287838,1759252
ERR3287838,3977226
ERR4812719,764995
ERR4812719,1759252
ERR4812719,4316114
ERR2184607,62657
ERR2184607,107794
ERR2184607,891756
ERR2184607,1759252
ERR4828699,1719757
ERR4828699,1759252
Peru3398,403364
Peru3398,764995
Peru3398,1759252
ERR4830476,497491
ERR4830476,797736
ERR4830476,931123
ERR4830476,1759252
ERR4830476,2505085
ERR4812196,403364
ERR4812196,764995
ERR4812196,1759252
ERR4830685,764995
ERR4830685,1759252
ERR4830685,4316114
ERR4828159,497491
ERR4828159,797736
ERR4828159,931123
ERR4828159,1759252
ERR4828159,2505085
ERR2184514,764995
ERR2184514,1759252
ERR2184514,4316114
C366,497491
C366,797736
C366,931123
C366,1759252
C366,2505085
ERR4796683,497491
ERR4796683,797736
ERR4796683,931123
ERR4796683,1759252
ERR4796683,2505085
ERR4811679,764995
ERR4811679,1759252
ERR4811679,4316114
ERR4809336,497491
ERR4809336,797736
ERR4809336,931123
ERR4809336,1759252
ERR4809336,2505085
ERR4830015,497491
ERR4830015,797736
ERR4830015,931123
ERR4830015,1759252
ERR4830015,2505085
ERR4830563,764995
ERR4830563,1759252
ERR4830563,3388166
ERR4830563,4316114
ERR4796341,497491
ERR4796341,797736
ERR4796341,931123
ERR4796341,1759252
ERR4796341,2505085
ERR4812232,1759252
ERR4810469,497491
ERR4810469,797736
ERR4810469,931123
ERR4810469,1759252
ERR4810469,2505085
ERR4830759,497491
ERR4830759,797736
ERR4830759,931123
ERR4830759,1759252
ERR4830759,2505085
ERR4832005,497491
ERR4832005,797736
ERR4832005,931123
ERR4832005,1759252
ERR4832005,2505085
ERR4832005,4248115
ERR3287496,403364
ERR3287496,764995
ERR3287496,1759252
ERR2510471,931123
ERR2510471,1759252
ERR2510471,3273107
ERR4811895,62657
ERR4811895,107794
ERR4811895,891756
ERR4811895,1759252
ERR2510348,931123
ERR2510348,1759252
ERR2510348,3273107
ERR4796911,615938
ERR4796911,931123
ERR4796911,1759252
ERR4796911,3470377
ERR4813397,62657
ERR4813397,107794
ERR4813397,891756
ERR4813397,1759252
KOR-K2016-0095,497491
KOR-K2016-0095,797736
KOR-K2016-0095,931123
KOR-K2016-0095,1759252
KOR-K2016-0095,2505085
C446,497491
C446,797736
C446,931123
C446,1759252
C446,2505085
ERR4811978,62657
ERR4811978,107794
ERR4811978,891756
ERR4811978,1759252
ERR4811120,497491
ERR4811120,797736
ERR4811120,931123
ERR4811120,1759252
ERR4811120,2505085
ERR4808862,497491
ERR4808862,797736
ERR4808862,931123
ERR4808862,1759252
ERR4808862,2505085
IDR1700028962,346693
IDR1700028962,497491
IDR1700028962,931123
IDR1700028962,1759252
IDR1700028962,2505085
ERR5918033,764995
ERR5918033,1759252
ERR5918033,3388166
ERR5918033,4316114
TRL0114667,346693
TRL0114667,497491
TRL0114667,931123
TRL0114667,1759252
TRL0114667,2505085
ERR4829139,1759252
ERR4829139,2875883
ERR4829139,3466426
ERR4829139,4125058
ERR4829084,497491
ERR4829084,797736
ERR4829084,931123
ERR4829084,1759252
ERR4829084,2505085
SAMN02381013,931123
SAMN02381013,1237818
SAMN02381013,1759252
SAMN02381013,3273107
SAMN02381013,3722702
ERR4813545,62657
ERR4813545,891756
ERR4813545,1759252
ERR4811527,1719757
ERR4811527,1759252
ERR4830702,62657
ERR4830702,891756
ERR4830702,1759252
ERR4830746,497491
ERR4830746,797736
ERR4830746,931123
ERR4830746,1759252
ERR4830746,2505085
ERR4813945,1759252
ERR4813945,3836739
ERR4797167,497491
ERR4797167,797736
ERR4797167,931123
ERR4797167,1759252
ERR4797167,2505085
ERR4829525,403364
ERR4829525,764995
ERR4829525,1759252
ERR4830872,355181
ERR4830872,1759252
ERR4830872,4151558
ERR4830872,4307886
ERR4822446,497491
ERR4822446,797736
ERR4822446,931123
ERR4822446,1759252
ERR4822446,2505085
ERR4797377,497491
ERR4797377,797736
ERR4797377,931123
ERR4797377,1759252
ERR4797377,2505085
ERR4797377,4248115
ERR4830896,1759252
ERR4811788,403364
ERR4811788,764995
ERR4811788,1759252
ERR4797456,403364
ERR4797456,764995
ERR4797456,1759252
ERR2510544,931123
ERR2510544,1759252
ERR2510544,3273107
ERR2510544,3722702
ERR4829506,403364
ERR4829506,764995
ERR4829506,1759252
ERR4809119,355181
ERR4809119,1759252
ERR4809119,4151558
ERR4809119,4307886
SAMN02381027,497491
SAMN02381027,797736
SAMN02381027,931123
SAMN02381027,1759252
SAMN02381027,2505085
PK00599668,764995
PK00599668,1132368
PK00599668,1502120
PK00599668,1759252
PK00599668,3977226
ERR3287674,62657
ERR3287674,107794
ERR3287674,891756
ERR3287674,1759252
ERR4796728,615938
ERR4796728,931123
ERR4796728,1759252
ERR4796728,2622402
ERR4796728,4404247
ERR4828815,62657
ERR4828815,891756
ERR4828815,1759252
ERR4830165,497491
ERR4830165,797736
ERR4830165,931123
ERR4830165,1759252
ERR4830165,2505085
ERR4798070,497491
ERR4798070,797736
ERR4798070,931123
ERR4798070,1759252
ERR4798070,2505085
ERR4797055,931123
ERR4797055,1759252
ERR4797055,3273107
ERR4796256,497491
ERR4796256,797736
ERR4796256,931123
ERR4796256,1759252
ERR4796256,2505085
ERR3287624,62657
ERR3287624,514245
ERR3287624,1759252
ERR3287444,403364
ERR3287444,764995
ERR3287444,1759252
ERR4830611,783601
ERR4830611,1759252
ERR4830611,2411730
Peru4716,62657
Peru4716,514245
Peru4716,1759252
ERR4830144,62657
ERR4830144,107794
ERR4830144,891756
ERR4830144,1759252
Peru3276,403364
Peru3276,764995
Peru3276,1759252
ERR4797447,615938
ERR4797447,931123
ERR4797447,1759252
ERR4797447,2622402
ERR4797447,4404247
ERR4808947,497491
ERR4808947,797736
ERR4808947,931123
ERR4808947,1759252
ERR4808947,2505085
ERR4808947,4248115
ERR4797593,931123
ERR4797593,1759252
ERR4797593,3273107
ERR4808952,497491
ERR4808952,797736
ERR4808952,931123
ERR4808952,1759252
ERR4808952,2505085
ERR4808952,4248115
TDR52S211L002,764995
TDR52S211L002,1132368
TDR52S211L002,1502120
TDR52S211L002,1759252
TDR52S211L002,3977226
ERR4830673,62657
ERR4830673,107794
ERR4830673,891756
ERR4830673,1759252
ERR4797607,497491
ERR4797607,797736
ERR4797607,931123
ERR4797607,1759252
ERR4797607,2505085
ERR4811686,62657
ERR4811686,107794
ERR4811686,891756
ERR4811686,1759252
TRL0112979,764995
TRL0112979,1759252
TRL0112979,3388166
TRL0112979,4316114
ERR4812698,62657
ERR4812698,107794
ERR4812698,891756
ERR4812698,1759252
ERR4830515,403364
ERR4830515,764995
ERR4830515,1759252
SAMEA3558199,1759252
Peru4651,62657
Peru4651,514245
Peru4651,1759252
Peru4651,4229087
ERR2184550,764995
ERR2184550,1759252
ERR2184550,4316114
ERR3287706,497491
ERR3287706,797736
ERR3287706,931123
ERR3287706,1759252
ERR3287706,2505085
ERR4831710,497491
ERR4831710,797736
ERR4831710,931123
ERR4831710,1759252
ERR4831710,2505085
ERR5918100,764995
ERR5918100,1132368
ERR5918100,1502120
ERR5918100,1759252
ERR5918100,3977226
C114,497491
C114,797736
C114,931123
C114,1759252
C114,2505085
C114,4248115
ERR4796901,931123
ERR4796901,1237818
ERR4796901,1759252
ERR4796901,3273107
ERR4796901,3722702
M0024514-3,764995
M0024514-3,1759252
M0024514-3,4316114
IDR1900007822,62657
IDR1900007822,107794
IDR1900007822,891756
IDR1900007822,1759252
TRL0018609,497491
TRL0018609,797736
TRL0018609,931123
TRL0018609,1759252
TRL0018609,2505085
ERR4796937,497491
ERR4796937,797736
ERR4796937,931123
ERR4796937,1759252
ERR4796937,2505085
ERR4822631,62657
ERR4822631,107794
ERR4822631,891756
ERR4822631,1759252
ERR4831885,497491
ERR4831885,797736
ERR4831885,931123
ERR4831885,1759252
ERR4831885,2505085
ERR4830388,497491
ERR4830388,797736
ERR4830388,931123
ERR4830388,1759252
ERR4830388,2505085
ERR4811407,1759252
ERR4811407,2875883
ERR4811407,3466426
ERR4811407,4125058
KOR-K2016-0187,497491
KOR-K2016-0187,797736
KOR-K2016-0187,931123
KOR-K2016-0187,1759252
KOR-K2016-0187,2505085
KOR-K2016-0187,4248115
Peru3410,764995
Peru3410,1759252
Peru3410,3977226
Peru3410,4398141
ERR4811099,1719757
ERR4811099,1759252
TDR128S129L002,764995
TDR128S129L002,1759252
TDR128S129L002,3977226
TDR128S129L002,4398141
ERR2184391,764995
ERR2184391,1759252
ERR2184391,4316114
ERR2184568,497491
ERR2184568,797736
ERR2184568,931123
ERR2184568,1759252
ERR2184568,2505085
ERR4813785,62657
ERR4813785,107794
ERR4813785,891756
ERR4813785,1759252
ERR4811305,1719757
ERR4811305,1759252
ERR4797318,615938
ERR4797318,931123
ERR4797318,1759252
ERR4829764,62657
ERR4829764,107794
ERR4829764,891756
ERR4829764,1759252
ERR3287662,403364
ERR3287662,764995
ERR3287662,1759252
ERR4810843,497491
ERR4810843,797736
ERR4810843,931123
ERR4810843,1759252
ERR4810843,2505085
02R1681,764995
02R1681,1759252
02R1681,4316114
JPN-R2013-0101,615938
JPN-R2013-0101,931123
JPN-R2013-0101,1759252
JPN-R2013-0101,3479545
ERR2510431,931123
ERR2510431,1759252
ERR2510431,3273107
ERR4808858,497491
ERR4808858,797736
ERR4808858,931123
ERR4808858,1759252
ERR4808858,2505085
ERR4796699,931123
ERR4796699,1237818
ERR4796699,1759252
ERR4796699,3273107
ERR4796699,3722702
ERR4810905,497491
ERR4810905,797736
ERR4810905,931123
ERR4810905,1759252
ERR4810905,2505085
Peru4458,62657
Peru4458,107794
Peru4458,891756
Peru4458,1759252
SAMEA3558194,1759252
SAMEA3558194,3479545
ERR4796781,497491
ERR4796781,797736
ERR4796781,931123
ERR4796781,1759252
ERR4796781,2505085
ERR4809035,764995
ERR4809035,1759252
ERR4809035,3977226
ERR4809035,4398141
IDR2000272655,497491
IDR2000272655,797736
IDR2000272655,931123
IDR2000272655,1759252
IDR2000272655,2505085
ERR4830529,497491
ERR4830529,797736
ERR4830529,931123
ERR4830529,1759252
ERR4830529,2505085
ERR4831482,931123
ERR4831482,1759252
ERR4831482,3273107
ERR4822536,62657
ERR4822536,514245
ERR4822536,1759252
ERR4822536,1850119
ERR4812432,62657
ERR4812432,514245
ERR4812432,1759252
ERR4812432,4229087
SAMEA3558216,403364
SAMEA3558216,764995
SAMEA3558216,1759252
ERR4809256,497491
ERR4809256,797736
ERR4809256,931123
ERR4809256,1759252
ERR4809256,2505085
ERR4809256,4248115
SAMEA3558176,1759252
ERR4813467,403364
ERR4813467,764995
ERR4813467,1759252
ERR2184235,497491
ERR2184235,797736
ERR2184235,931123
ERR2184235,1759252
ERR2184235,2505085
ERR4796747,615938
ERR4796747,931123
ERR4796747,1759252
ERR4796747,2622402
ERR4796747,4404247
ERR4810531,497491
ERR4810531,797736
ERR4810531,931123
ERR4810531,1759252
ERR4810531,2505085
ERR4798026,615938
ERR4798026,931123
ERR4798026,1759252
ERR4798026,3470377
ERR4796436,615938
ERR4796436,931123
ERR4796436,1759252
ERR4796436,3470377
ERR4829372,497491
ERR4829372,797736
ERR4829372,931123
ERR4829372,1759252
ERR4829372,2505085
ERR4830266,1487796
ERR4830266,1759252
ERR4830266,2411730
ERR2510328,931123
ERR2510328,1759252
ERR2510328,3273107
ERR4811655,403364
ERR4811655,764995
ERR4811655,1759252
ERR4828367,615938
ERR4828367,931123
ERR4828367,1759252
ERR4828367,3021283
ERR4828367,3216553
ERR4828367,4404247
ERR4828844,1759252
ERR4822492,764995
ERR4822492,1132368
ERR4822492,1759252
ERR4822492,3977226
TDR135S141L002,497491
TDR135S141L002,797736
TDR135S141L002,931123
TDR135S141L002,1759252
TDR135S141L002,2505085
ERR4813350,497491
ERR4813350,797736
ERR4813350,931123
ERR4813350,1759252
ERR4813350,2505085
ERR4831101,403364
ERR4831101,764995
ERR4831101,1759252
ERR4810523,497491
ERR4810523,797736
ERR4810523,931123
ERR4810523,1759252
ERR4810523,2505085
Peru4625,62657
Peru4625,107794
Peru4625,891756
Peru4625,1759252
ERR2510542,931123
ERR2510542,1759252
ERR2510542,3273107
C240,764995
C240,1132368
C240,1502120
C240,1759252
C240,3977226
TRL0073861,1759252
TRL0073861,3836739
SAMEA3558134,931123
SAMEA3558134,1759252
ERR4798091,1759252
ERR4798091,3836739
ERR4797248,931123
ERR4797248,1759252
ERR4797248,3273107
M0004607-9,1759252
ERR4797120,62657
ERR4797120,514245
ERR4797120,1759252
ERR4797120,4229087
Peru4905,62657
Peru4905,514245
Peru4905,1759252
ERR5917748,403364
ERR5917748,764995
ERR5917748,1759252
ERR5918159,497491
ERR5918159,797736
ERR5918159,931123
ERR5918159,1759252
ERR5918159,2505085
ERR5918159,4248115
ERR4813223,764995
ERR4813223,1759252
ERR4813223,4316114
Peru4600,62657
Peru4600,107794
Peru4600,891756
Peru4600,1759252
Peru3331,403364
Peru3331,764995
Peru3331,1759252
ERR4812230,403364
ERR4812230,764995
ERR4812230,1759252
ERR4831518,931123
ERR4831518,1759252
ERR4831518,3273107
ERR4829534,615938
ERR4829534,931123
ERR4829534,1491275
ERR4829534,1759252
ERR4829534,4404247
ERR4831011,497491
ERR4831011,797736
ERR4831011,931123
ERR4831011,1759252
ERR4831011,2505085
ERR4830231,615938
ERR4830231,931123
ERR4830231,1759252
ERR4830231,3479545
IDR1900013251,497491
IDR1900013251,797736
IDR1900013251,931123
IDR1900013251,1759252
IDR1900013251,2505085
ERR4811618,497491
ERR4811618,797736
ERR4811618,931123
ERR4811618,1759252
ERR4811618,2505085
ERR4796936,497491
ERR4796936,797736
ERR4796936,931123
ERR4796936,1759252
ERR4796936,2505085
ERR4822565,497491
ERR4822565,797736
ERR4822565,931123
ERR4822565,1759252
ERR4822565,2505085
ERR4796342,403364
ERR4796342,764995
ERR4796342,1759252
ERR4828415,615938
ERR4828415,931123
ERR4828415,1759252
ERR4828415,3021283
ERR4828415,4404247
TDR10S168L002,346693
TDR10S168L002,497491
TDR10S168L002,931123
TDR10S168L002,1759252
TDR10S168L002,2505085
NLA000016726,764995
NLA000016726,1132368
NLA000016726,1502120
NLA000016726,1759252
NLA000016726,3977226
ERR4830915,497491
ERR4830915,797736
ERR4830915,931123
ERR4830915,1759252
ERR4830915,2505085
ERR4797821,931123
ERR4797821,1759252
ERR4797821,3273107
ERR2184209,62657
ERR2184209,107794
ERR2184209,891756
ERR2184209,1759252
ERR4813952,764995
ERR4813952,1759252
ERR4813952,3977226
ERR4813952,4398141
C015,497491
C015,797736
C015,931123
C015,1759252
C015,2505085
ERR5918044,497491
ERR5918044,797736
ERR5918044,931123
ERR5918044,1759252
ERR5918044,2505085
00R1566,62657
00R1566,514245
00R1566,1759252
00R1566,4229087
ERR2184227,403364
ERR2184227,764995
ERR2184227,1759252
ERR4828819,62657
ERR4828819,107794
ERR4828819,891756
ERR4828819,1759252
25496,497491
25496,797736
25496,931123
25496,1759252
25496,2505085
25496,4248115
ERR4813088,62657
ERR4813088,107794
ERR4813088,891756
ERR4813088,1759252
Peru4988,1759252
ERR4830114,497491
ERR4830114,797736
ERR4830114,931123
ERR4830114,1759252
ERR4830114,2505085
ERR4797563,497491
ERR4797563,797736
ERR4797563,931123
ERR4797563,1759252
ERR4797563,2505085
ERR4822626,1759252
ERR4822626,3836739
ERR4812742,62657
ERR4812742,107794
ERR4812742,891756
ERR4812742,1759252
ERR4810854,497491
ERR4810854,797736
ERR4810854,931123
ERR4810854,1759252
ERR4810854,2505085
03R0154,403364
03R0154,764995
03R0154,1759252
ERR4811887,497491
ERR4811887,797736
ERR4811887,931123
ERR4811887,1759252
ERR4811887,2505085
ERR4797820,497491
ERR4797820,797736
ERR4797820,931123
ERR4797820,1759252
ERR4797820,2505085
TRL0051487,62657
TRL0051487,107794
TRL0051487,891756
TRL0051487,1759252
ERR4830680,62657
ERR4830680,107794
ERR4830680,891756
ERR4830680,1759252
ERR4812410,62657
ERR4812410,107794
ERR4812410,891756
ERR4812410,1759252
ERR4813166,403364
ERR4813166,764995
ERR4813166,1759252
Peru4664,764995
Peru4664,1132368
Peru4664,1759252
Peru4664,3977226
ERR4830376,497491
ERR4830376,797736
ERR4830376,931123
ERR4830376,1759252
ERR4830376,2505085
M0010456-3,62657
M0010456-3,107794
M0010456-3,891756
M0010456-3,1759252
ERR4813086,403364
ERR4813086,764995
ERR4813086,1759252
ERR4829424,615938
ERR4829424,931123
ERR4829424,1759252
ERR4829424,3021283
ERR4829424,4404247
ERR4810685,1759252
ERR4810685,4246508
ERR4810685,4307886
ERR2510360,497491
ERR2510360,797736
ERR2510360,931123
ERR2510360,1759252
ERR2510360,2505085
ERR4797310,497491
ERR4797310,797736
ERR4797310,931123
ERR4797310,1759252
ERR4797310,2505085
ERR4831598,497491
ERR4831598,797736
ERR4831598,931123
ERR4831598,1759252
ERR4831598,2505085
ERR4831598,4248115
ERR4811169,497491
ERR4811169,797736
ERR4811169,931123
ERR4811169,1759252
ERR4811169,2505085
ERR4828843,1487796
ERR4828843,1759252
ERR4828843,2411730
ERR4822555,497491
ERR4822555,797736
ERR4822555,931123
ERR4822555,1759252
ERR4822555,2505085
ERR4812219,62657
ERR4812219,514245
ERR4812219,1759252
ERR4830483,497491
ERR4830483,797736
ERR4830483,931123
ERR4830483,1759252
ERR4830483,2505085
ERR4829718,62657
ERR4829718,107794
ERR4829718,891756
ERR4829718,1759252
SAMEA3558124,1759252
C125,1759252
ERR4797363,497491
ERR4797363,797736
ERR4797363,931123
ERR4797363,1759252
ERR4797363,2505085
Peru4312,62657
Peru4312,514245
Peru4312,1759252
Peru4312,4229087
ERR4810708,497491
ERR4810708,797736
ERR4810708,931123
ERR4810708,1759252
ERR4810708,2505085
ERR4796904,1487796
ERR4796904,1759252
ERR4796904,2411730
C317,764995
C317,1759252
C317,3388166
C317,4316114
ERR2184384,62657
ERR2184384,107794
ERR2184384,891756
ERR2184384,1759252
ERR4811610,497491
ERR4811610,797736
ERR4811610,931123
ERR4811610,1759252
ERR4811610,2505085
Peru4049,764995
Peru4049,1759252
Peru4049,3977226
ERR4810880,1719757
ERR4810880,1759252
ERR4808932,764995
ERR4808932,1759252
ERR4808932,3388166
ERR4808932,4316114
ERR5918080,497491
ERR5918080,797736
ERR5918080,931123
ERR5918080,1759252
ERR5918080,2505085
ERR4810776,1719757
ERR4810776,1759252
ERR4831017,497491
ERR4831017,797736
ERR4831017,931123
ERR4831017,1759252
ERR4831017,2505085
ERR4830688,62657
ERR4830688,107794
ERR4830688,891756
ERR4830688,1759252
ERR4830142,783601
ERR4830142,1759252
ERR4830142,2411730
ERR2510279,497491
ERR2510279,797736
ERR2510279,931123
ERR2510279,1759252
ERR2510279,2505085
ERR5917970,403364
ERR5917970,764995
ERR5917970,1759252
SAMN02380999,1487796
SAMN02380999,1759252
SAMN02380999,2411730
ERR2184387,497491
ERR2184387,797736
ERR2184387,931123
ERR2184387,1759252
ERR2184387,2505085
ERR4812233,764995
ERR4812233,1132368
ERR4812233,1759252
ERR4812233,3977226
ERR4811175,1719757
ERR4811175,1759252
ERR4811062,497491
ERR4811062,797736
ERR4811062,931123
ERR4811062,1759252
ERR4811062,2505085
ERR4810977,1719757
ERR4810977,1759252
ERR4811565,497491
ERR4811565,797736
ERR4811565,931123
ERR4811565,1759252
ERR4811565,2505085
ERR4796533,497491
ERR4796533,797736
ERR4796533,931123
ERR4796533,1759252
ERR4796533,2505085
ERR4797501,497491
ERR4797501,797736
ERR4797501,931123
ERR4797501,1759252
ERR4797501,2505085
ERR4812510,403364
ERR4812510,764995
ERR4812510,1759252
ERR4808904,346693
ERR4808904,497491
ERR4808904,931123
ERR4808904,1759252
ERR4808904,2505085
ERR4796585,497491
ERR4796585,797736
ERR4796585,931123
ERR4796585,1759252
ERR4796585,2505085
ERR4796777,497491
ERR4796777,797736
ERR4796777,931123
ERR4796777,1759252
ERR4796777,2505085
ERR4812354,403364
ERR4812354,764995
ERR4812354,1759252
Peru3980,764995
Peru3980,1759252
Peru3980,4316114
ERR4797110,931123
ERR4797110,1759252
ERR4797110,3273107
ERR4829985,1759252
ERR4829985,2875883
ERR4829985,3466426
ERR4829985,4125058
Peru5020,62657
Peru5020,107794
Peru5020,891756
Peru5020,1759252
ERR4811682,497491
ERR4811682,797736
ERR4811682,931123
ERR4811682,1759252
ERR4811682,2505085
Peru4144,403364
Peru4144,764995
Peru4144,1759252
ERR2510587,931123
ERR2510587,1759252
ERR2510587,3273107
ERR4810548,497491
ERR4810548,797736
ERR4810548,931123
ERR4810548,1759252
ERR4810548,2505085
03R0411,403364
03R0411,764995
03R0411,1759252
SAMN02398700,497491
SAMN02398700,797736
SAMN02398700,931123
SAMN02398700,1759252
SAMN02398700,2505085
ERR4813008,62657
ERR4813008,514245
ERR4813008,1759252
ERR4822579,1759252
ERR4828808,497491
ERR4828808,797736
ERR4828808,931123
ERR4828808,1759252
ERR4828808,2505085
ERR4822372,497491
ERR4822372,797736
ERR4822372,931123
ERR4822372,1759252
ERR4822372,2505085
SAMN02380988,355181
SAMN02380988,1759252
SAMN02380988,4151558
SAMN02380988,4307886
ERR4811933,1759252
ERR4811933,4249732
ERR4811129,497491
ERR4811129,797736
ERR4811129,931123
ERR4811129,1759252
ERR4811129,2505085
ERR4810899,497491
ERR4810899,797736
ERR4810899,931123
ERR4810899,1759252
ERR4810899,2505085
ERR4808941,764995
ERR4808941,1759252
ERR4808941,3388166
ERR4808941,4316114
ERR4830221,346693
ERR4830221,497491
ERR4830221,931123
ERR4830221,1759252
ERR4830221,2505085
ERR4810917,497491
ERR4810917,797736
ERR4810917,931123
ERR4810917,1759252
ERR4810917,2505085
ERR4797494,931123
ERR4797494,1759252
ERR4797494,3273107
ERR4812699,764995
ERR4812699,1759252
ERR4812699,4316114
FS582-372,497491
FS582-372,797736
FS582-372,931123
FS582-372,1759252
FS582-372,2505085
ERR4830328,497491
ERR4830328,797736
ERR4830328,931123
ERR4830328,1759252
ERR4830328,2505085
ERR4830328,4248115
Peru3367,1759252
NLA001000120,62657
NLA001000120,107794
NLA001000120,891756
NLA001000120,1759252
ERR4831292,931123
ERR4831292,1759252
ERR4831292,3273107
ERR4813024,764995
ERR4813024,1759252
ERR4810530,1759252
ERR4810530,4246508
ERR4810530,4307886
ERR2510442,931123
ERR2510442,1759252
ERR2510442,3273107
ERR4822540,1487796
ERR4822540,1759252
ERR4822540,2411730
ERR4809118,62657
ERR4809118,514245
ERR4809118,1759252
ERR4809118,1850119
ERR4830839,1487796
ERR4830839,1759252
ERR4830839,2411730
KOR-K2016-0010,346693
KOR-K2016-0010,497491
KOR-K2016-0010,931123
KOR-K2016-0010,1759252
KOR-K2016-0010,2505085
MNG-S2014-0051,497491
MNG-S2014-0051,797736
MNG-S2014-0051,931123
MNG-S2014-0051,1759252
MNG-S2014-0051,2505085
ERR5918074,764995
ERR5918074,1759252
ERR5918074,3388166
ERR5918074,4316114
ERR4810867,497491
ERR4810867,797736
ERR4810867,931123
ERR4810867,1759252
ERR4810867,2505085
19-1773-0276,497491
19-1773-0276,797736
19-1773-0276,931123
19-1773-0276,1759252
19-1773-0276,2505085
SAMN02360576,346693
SAMN02360576,497491
SAMN02360576,931123
SAMN02360576,1759252
SAMN02360576,2505085
ERR4828394,615938
ERR4828394,931123
ERR4828394,1759252
ERR4828394,3021283
ERR4828394,3216553
ERR4828394,4404247
ERR4831506,931123
ERR4831506,1759252
ERR4831506,3273107
ERR4810744,497491
ERR4810744,797736
ERR4810744,931123
ERR4810744,1759252
ERR4810744,2505085
Peru2976,403364
Peru2976,764995
Peru2976,1759252
Peru2961,62657
Peru2961,107794
Peru2961,891756
Peru2961,1759252
ERR2510732,1759252
ERR2510732,2875883
ERR2510732,3466426
ERR2510732,4125058
ERR4830785,1487796
ERR4830785,1759252
ERR4830785,2411730
ERR3287449,1759252
ERR4812586,497491
ERR4812586,797736
ERR4812586,931123
ERR4812586,1759252
ERR4812586,2505085
Peru2970,403364
Peru2970,764995
Peru2970,1759252
ERR4830919,497491
ERR4830919,797736
ERR4830919,931123
ERR4830919,1759252
ERR4830919,2505085
C437,62657
C437,514245
C437,1759252
C437,4229087
Peru4526,1759252
Peru5034,497491
Peru5034,797736
Peru5034,931123
Peru5034,1759252
Peru5034,2505085
ERR3287328,62657
ERR3287328,107794
ERR3287328,891756
ERR3287328,1759252
ERR4829698,497491
ERR4829698,797736
ERR4829698,931123
ERR4829698,1759252
ERR4829698,2505085
ERR4812601,764995
ERR4812601,1759252
ERR4812601,4316114
C373,497491
C373,797736
C373,931123
C373,1759252
C373,2505085
ERR4811536,497491
ERR4811536,797736
ERR4811536,931123
ERR4811536,1759252
ERR4811536,2505085
ERR3287740,1759252
TRL0115283,346693
TRL0115283,497491
TRL0115283,931123
TRL0115283,1759252
TRL0115283,2505085
ERR4796497,497491
ERR4796497,797736
ERR4796497,931123
ERR4796497,1759252
ERR4796497,2505085
ERR4828694,497491
ERR4828694,797736
ERR4828694,931123
ERR4828694,1759252
ERR4828694,2505085
TDR33S170L002,1759252
TDR33S170L002,4249732
ERR4797060,497491
ERR4797060,797736
ERR4797060,931123
ERR4797060,1759252
ERR4797060,2505085
ERR4797391,497491
ERR4797391,797736
ERR4797391,931123
ERR4797391,1759252
ERR4797391,2505085
ERR4812581,403364
ERR4812581,764995
ERR4812581,1759252
ERR2184448,764995
ERR2184448,1759252
ERR2184448,4316114
ERR4812694,62657
ERR4812694,891756
ERR4812694,1759252
ERR4811976,403364
ERR4811976,764995
ERR4811976,1759252
ERR2510549,931123
ERR2510549,1759252
ERR2510549,3273107
ERR4828738,497491
ERR4828738,797736
ERR4828738,931123
ERR4828738,1759252
ERR4828738,2505085
C061,497491
C061,797736
C061,931123
C061,1759252
C061,2505085
Peru4463,764995
Peru4463,1759252
Peru4463,4316114
ERR4809264,764995
ERR4809264,1759252
ERR4809264,3388166
ERR4809264,4316114
ERR4830494,615938
ERR4830494,931123
ERR4830494,1759252
ERR4830494,3470377
ERR4810486,497491
ERR4810486,797736
ERR4810486,931123
ERR4810486,1759252
ERR4810486,2505085
JPN-R2012-0086,497491
JPN-R2012-0086,931123
JPN-R2012-0086,1759252
JPN-R2012-0086,1881090
ERR4812134,1759252
ERR4812134,4249732
ERR4828554,1487796
ERR4828554,1759252
ERR4828554,2411730
ERR4797633,497491
ERR4797633,797736
ERR4797633,931123
ERR4797633,1759252
ERR4797633,2505085
ERR4797388,931123
ERR4797388,1759252
ERR4797388,3273107
ERR4797548,931123
ERR4797548,1759252
ERR4797548,3273107
ERR4797548,3722702
ERR4812359,1759252
ERR4828376,497491
ERR4828376,797736
ERR4828376,931123
ERR4828376,1759252
ERR4828376,2505085
ERR4822513,931123
ERR4822513,1759252
ERR4822513,3273107
ERR4813458,403364
ERR4813458,764995
ERR4813458,1759252
ERR4813044,764995
ERR4813044,1759252
ERR4828931,62657
ERR4828931,107794
ERR4828931,891756
ERR4828931,1759252
ERR4831022,497491
ERR4831022,797736
ERR4831022,931123
ERR4831022,1759252
ERR4831022,2505085
ERR4812589,764995
ERR4812589,1132368
ERR4812589,1759252
ERR4812589,3977226
ERR4828871,1487796
ERR4828871,1759252
ERR4828871,2411730
Peru4477,403364
Peru4477,764995
Peru4477,1759252
Peru4969,62657
Peru4969,107794
Peru4969,891756
Peru4969,1759252
SAMEA3558156,764995
SAMEA3558156,1759252
SAMEA3558156,3977226
SAMEA3558156,4398141
ERR4822596,497491
ERR4822596,797736
ERR4822596,931123
ERR4822596,1759252
ERR4822596,2505085
ERR4830767,615614
ERR4830767,764995
ERR4830767,1759252
ERR2184437,403364
ERR2184437,764995
ERR2184437,1759252
ERR4822404,497491
ERR4822404,797736
ERR4822404,931123
ERR4822404,1759252
ERR4822404,2505085
IDR1900036958,931123
IDR1900036958,1759252
IDR1900036958,3273107
ERR4796788,931123
ERR4796788,1759252
ERR4796788,3273107
NLA009900895,497491
NLA009900895,797736
NLA009900895,931123
NLA009900895,1759252
NLA009900895,2505085
ERR3287731,62657
ERR3287731,514245
ERR3287731,1759252
ERR4830082,497491
ERR4830082,797736
ERR4830082,931123
ERR4830082,1759252
ERR4830082,2505085
ERR4797250,497491
ERR4797250,797736
ERR4797250,931123
ERR4797250,1759252
ERR4797250,2505085
ERR4811117,497491
ERR4811117,797736
ERR4811117,931123
ERR4811117,1759252
ERR4811117,2505085
ERR4831933,497491
ERR4831933,797736
ERR4831933,931123
ERR4831933,1759252
ERR4831933,2505085
ERR4796714,931123
ERR4796714,1759252
ERR4796714,3273107
ERR4830590,497491
ERR4830590,797736
ERR4830590,931123
ERR4830590,1759252
ERR4830590,2505085
Peru5131,403364
Peru5131,764995
Peru5131,1759252
ERR4810636,346693
ERR4810636,497491
ERR4810636,931123
ERR4810636,1759252
ERR4810636,2505085
Peru5026,497491
Peru5026,797736
Peru5026,931123
Peru5026,1759252
Peru5026,2505085
Peru5093,62657
Peru5093,107794
Peru5093,891756
Peru5093,1759252
ERR4796837,931123
ERR4796837,1759252
ERR4796837,3273107
Peru3999,62657
Peru3999,1759252
TDR133S102L002,403364
TDR133S102L002,764995
TDR133S102L002,1759252
ERR4810464,1759252
ERR4810464,4246508
ERR4810464,4307886
ERR4828763,931123
ERR4828763,1084911
ERR4828763,1759252
ERR4828763,3273107
ERR4796503,931123
ERR4796503,1759252
ERR4796503,3273107
TRL0056535,62657
TRL0056535,107794
TRL0056535,891756
TRL0056535,1759252
C088,62657
C088,514245
C088,1759252
C088,4229087
ERR2184270,62657
ERR2184270,107794
ERR2184270,891756
ERR2184270,1759252
ON00035801,355181
ON00035801,1759252
ON00035801,4151558
ON00035801,4307886
Peru4146,1759252
Peru4146,3836739
C226,497491
C226,797736
C226,931123
C226,1759252
C226,2505085
C226,4248115
ERR4809241,783601
ERR4809241,1759252
ERR4809241,2411730
ERR4796867,931123
ERR4796867,1759252
ERR4796867,3273107
ERR4796867,3722702
ERR2510569,931123
ERR2510569,1759252
ERR2510569,3273107
ERR5918132,62657
ERR5918132,514245
ERR5918132,1759252
ERR5918132,4229087
JPN-R2012-0051,764995
JPN-R2012-0051,1759252
JPN-R2012-0051,3977226
JPN-R2012-0051,4398141
ERR4822485,62657
ERR4822485,1759252
ERR4796328,497491
ERR4796328,797736
ERR4796328,931123
ERR4796328,1759252
ERR4796328,2505085
ERR4828493,497491
ERR4828493,797736
ERR4828493,931123
ERR4828493,1759252
ERR4828493,2505085
ERR4831452,931123
ERR4831452,1759252
ERR4831452,3273107
ERR4812450,62657
ERR4812450,107794
ERR4812450,891756
ERR4812450,1759252
ERR4811586,1487796
ERR4811586,1759252
ERR4811586,2411730
ERR4831798,497491
ERR4831798,797736
ERR4831798,931123
ERR4831798,1759252
ERR4831798,2505085
ERR4830782,1487796
ERR4830782,1759252
ERR4830782,2411730
ERR2510469,931123
ERR2510469,1759252
ERR2510469,3273107
ERR4813032,62657
ERR4813032,514245
ERR4813032,1759252
ERR4813032,4229087
C370,497491
C370,797736
C370,931123
C370,1759252
C370,2505085
C370,4248115
ERR4810830,497491
ERR4810830,797736
ERR4810830,931123
ERR4810830,1759252
ERR4810830,2505085
M0006465-0,1759252
M0006465-0,3836739
ERR4797146,931123
ERR4797146,1759252
ERR4797146,3273107
ERR4829917,1759252
ERR4829917,4249732
ERR3287349,62657
ERR3287349,107794
ERR3287349,891756
ERR3287349,1759252
ERR4814025,1759252
ERR4814025,4249732
ERR4812596,403364
ERR4812596,764995
ERR4812596,1759252
IDR1800015681,497491
IDR1800015681,797736
IDR1800015681,931123
IDR1800015681,1759252
IDR1800015681,2505085
ERR4830299,1759252
ERR4830299,3836739
IDR1900007807,62657
IDR1900007807,107794
IDR1900007807,891756
IDR1900007807,1759252
ERR4796482,497491
ERR4796482,797736
ERR4796482,931123
ERR4796482,1759252
ERR4796482,2505085
C338,346693
C338,497491
C338,931123
C338,1759252
C338,2505085
ERR4812434,62657
ERR4812434,107794
ERR4812434,891756
ERR4812434,1759252
03R0920,62657
03R0920,107794
03R0920,891756
03R0920,1759252
C314,355181
C314,1759252
C314,4151558
C314,4307886
ERR4811514,1759252
ERR4811514,4246508
ERR4811514,4307886
ERR4812058,764995
ERR4812058,1759252
ERR4812058,4316114
Peru4482,62657
Peru4482,107794
Peru4482,891756
Peru4482,1759252
JG00407001,355181
JG00407001,1759252
JG00407001,4151558
JG00407001,4307886
ERR4829371,1759252
ERR4829371,3836739
JPN-R2012-0007,497491
JPN-R2012-0007,797736
JPN-R2012-0007,931123
JPN-R2012-0007,1759252
JPN-R2012-0007,2505085
TRL0117023,403364
TRL0117023,764995
TRL0117023,1759252
C269,62657
C269,107794
C269,891756
C269,1759252
Peru4052,1759252
Peru4052,4249732
ERR4796499,931123
ERR4796499,1759252
ERR4796499,3273107
ERR4830626,497491
ERR4830626,797736
ERR4830626,931123
ERR4830626,1759252
ERR4830626,2505085
SAMN02360596,346693
SAMN02360596,497491
SAMN02360596,931123
SAMN02360596,1759252
SAMN02360596,2505085
Peru4964,62657
Peru4964,514245
Peru4964,1759252
ERR4809279,764995
ERR4809279,1759252
ERR4809279,3388166
ERR4809279,4316114
ERR4796804,497491
ERR4796804,797736
ERR4796804,931123
ERR4796804,1759252
ERR4796804,2505085
ERR2184412,764995
ERR2184412,1132368
ERR2184412,1759252
ERR2184412,3977226
ERR4798141,497491
ERR4798141,797736
ERR4798141,931123
ERR4798141,1759252
ERR4798141,2505085
ERR4798141,3836274
ERR4796934,403364
ERR4796934,764995
ERR4796934,1759252
0209928,403364
0209928,764995
0209928,1759252
ERR4809092,764995
ERR4809092,1759252
ERR4809092,3388166
ERR4809092,4316114
ERR4822600,403364
ERR4822600,764995
ERR4822600,1759252
ERR4797677,615938
ERR4797677,931123
ERR4797677,1759252
ERR4797677,2622402
ERR4797677,4404247
ERR4828161,346693
ERR4828161,497491
ERR4828161,931123
ERR4828161,1759252
ERR4828161,2505085
ERR4831080,931123
ERR4831080,1759252
ERR4831080,3273107
Peru3295,62657
Peru3295,107794
Peru3295,891756
Peru3295,1759252
ERR4830557,403364
ERR4830557,764995
ERR4830557,1759252
Peru4122,62657
Peru4122,107794
Peru4122,891756
Peru4122,1759252
ERR4813388,62657
ERR4813388,107794
ERR4813388,891756
ERR4813388,1759252
ERR4796949,497491
ERR4796949,797736
ERR4796949,931123
ERR4796949,1759252
ERR4796949,2505085
ERR4796949,4248115
ERR4810901,1759252
ERR4810901,4246508
ERR4810901,4307886
SAMN02381033,1759252
SAMN02381033,3836739
ERR4831055,62657
ERR4831055,107794
ERR4831055,891756
ERR4831055,1759252
SAMEA3558212,764995
SAMEA3558212,1759252
ERR4829604,615938
ERR4829604,931123
ERR4829604,1759252
ERR4829604,3479545
NLA009800926,497491
NLA009800926,797736
NLA009800926,931123
NLA009800926,1759252
NLA009800926,2505085
ERR4812766,764995
ERR4812766,1759252
ERR4812766,4316114
ERR4810475,497491
ERR4810475,797736
ERR4810475,931123
ERR4810475,1759252
ERR4810475,2505085
IDR1900013242,497491
IDR1900013242,797736
IDR1900013242,931123
IDR1900013242,1759252
IDR1900013242,2505085
ERR4809300,615938
ERR4809300,931123
ERR4809300,1759252
ERR4809300,3470377
ERR2510467,931123
ERR2510467,1759252
ERR2510467,3273107
ERR4797534,615938
ERR4797534,931123
ERR4797534,1759252
ERR4797534,3470377
IDR1700047568,497491
IDR1700047568,797736
IDR1700047568,931123
IDR1700047568,1759252
IDR1700047568,2505085
ERR2184583,62657
ERR2184583,107794
ERR2184583,891756
ERR2184583,1759252
TDR85S180L002,497491
TDR85S180L002,797736
TDR85S180L002,931123
TDR85S180L002,1759252
TDR85S180L002,2505085
ERR4813386,764995
ERR4813386,1132368
ERR4813386,1759252
ERR4813386,3977226
Peru4101,1759252
ERR4810879,1759252
ERR4810879,4246508
ERR4810879,4307886
TDR63S161L002,62657
TDR63S161L002,107794
TDR63S161L002,891756
TDR63S161L002,1759252
ERR4828920,1759252
ERR4828920,3836739
M0004757-2,764995
M0004757-2,1759252
M0004757-2,4316114
JPN-R2012-0080,497491
JPN-R2012-0080,797736
JPN-R2012-0080,931123
JPN-R2012-0080,1759252
JPN-R2012-0080,2505085
ERR4810829,497491
ERR4810829,797736
ERR4810829,931123
ERR4810829,1759252
ERR4810829,2505085
ERR4828209,497491
ERR4828209,797736
ERR4828209,931123
ERR4828209,1759252
ERR4828209,2505085
ERR4810784,497491
ERR4810784,797736
ERR4810784,931123
ERR4810784,1759252
ERR4810784,2505085
ERR2184308,62657
ERR2184308,514245
ERR2184308,1759252
ERR2184308,4229087
ERR4797106,497491
ERR4797106,797736
ERR4797106,931123
ERR4797106,1759252
ERR4797106,2505085
ERR2510717,497491
ERR2510717,797736
ERR2510717,931123
ERR2510717,1759252
ERR2510717,2505085
ERR4831307,931123
ERR4831307,1084911
ERR4831307,1759252
ERR4831307,3273107
ERR3287439,764995
ERR3287439,1132368
ERR3287439,1759252
ERR3287439,3977226
Peru5448,1759252
Peru5448,3836739
ERR2184551,62657
ERR2184551,107794
ERR2184551,891756
ERR2184551,1759252
ERR3287321,403364
ERR3287321,764995
ERR3287321,1759252
ERR4810752,1759252
ERR4810752,4246508
ERR4810752,4307886
ERR4813858,764995
ERR4813858,1759252
ERR4830149,497491
ERR4830149,797736
ERR4830149,931123
ERR4830149,1759252
ERR4830149,2505085
TDR179S154L002,615614
TDR179S154L002,764995
TDR179S154L002,1759252
Peru4632,403364
Peru4632,764995
Peru4632,1759252
NE00095715,497491
NE00095715,797736
NE00095715,931123
NE00095715,1759252
NE00095715,2505085
ERR5918137,1759252
ERR5918137,3836739
ERR2184442,764995
ERR2184442,1759252
ERR2184442,3977226
ERR2184442,4398141
C457,497491
C457,797736
C457,931123
C457,1759252
C457,2505085
C457,4248115
JPN-R2012-0050,497491
JPN-R2012-0050,797736
JPN-R2012-0050,931123
JPN-R2012-0050,1759252
JPN-R2012-0050,2505085
ERR4797015,497491
ERR4797015,797736
ERR4797015,931123
ERR4797015,1759252
ERR4797015,2505085
ERR2184472,62657
ERR2184472,107794
ERR2184472,891756
ERR2184472,1759252
ERR4796517,931123
ERR4796517,1084911
ERR4796517,1759252
ERR4796517,3273107
ERR4831409,1487796
ERR4831409,1759252
ERR4831409,2411730
ERR4810614,1759252
ERR4810614,4246508
ERR4810614,4307886
IDR1800016246,615938
IDR1800016246,931123
IDR1800016246,1759252
IDR1800016246,2622402
IDR1800016246,4404247
ERR4812011,497491
ERR4812011,797736
ERR4812011,931123
ERR4812011,1759252
ERR4812011,2505085
ERR4831977,497491
ERR4831977,797736
ERR4831977,931123
ERR4831977,1759252
ERR4831977,2505085
ERR4831977,4248115
C374,497491
C374,797736
C374,931123
C374,1759252
C374,2505085
C374,4248115
ERR2510661,931123
ERR2510661,1759252
ERR2510661,3273107
EC365-430,764995
EC365-430,1759252
EC365-430,3388166
EC365-430,4316114
ERR4811447,1759252
ERR4811447,2875883
ERR4811447,3466426
ERR4811447,4125058
Peru4703,62657
Peru4703,1759252
ERR4831010,497491
ERR4831010,797736
ERR4831010,931123
ERR4831010,1759252
ERR4831010,2505085
TRL0115420,62657
TRL0115420,107794
TRL0115420,891756
TRL0115420,1759252
ERR4828912,764995
ERR4828912,1132368
ERR4828912,1759252
ERR4828912,3977226
Peru3027,62657
Peru3027,107794
Peru3027,891756
Peru3027,1759252
ERR4829911,1759252
ERR4829911,4249732
C253,355181
C253,1759252
C253,4151558
C253,4307886
ERR4813413,62657
ERR4813413,107794
ERR4813413,891756
ERR4813413,1759252
SAMN02381034,931123
SAMN02381034,1759252
SAMN02381034,3273107
1756,783601
1756,1759252
1756,2411730
ERR4830356,931123
ERR4830356,1759252
ERR4830356,3216553
ERR4830356,4404247
ERR4828864,1759252
ERR4828864,3836739
ERR4809307,355181
ERR4809307,1759252
ERR4809307,4151558
ERR4809307,4307886
ERR3287598,764995
ERR3287598,1132368
ERR3287598,1759252
ERR3287598,3977226
ERR4796885,497491
ERR4796885,797736
ERR4796885,931123
ERR4796885,1759252
ERR4796885,2505085
C322,403364
C322,764995
C322,1759252
ERR4810544,497491
ERR4810544,797736
ERR4810544,931123
ERR4810544,1759252
ERR4810544,2505085
ERR4809334,764995
ERR4809334,1759252
ERR4809334,3388166
ERR4809334,4316114
JPN-R2013-0097,346693
JPN-R2013-0097,497491
JPN-R2013-0097,931123
JPN-R2013-0097,1759252
JPN-R2013-0097,2505085
ERR2184466,764995
ERR2184466,1759252
ERR2184466,4316114
MNG-S2014-0193,497491
MNG-S2014-0193,797736
MNG-S2014-0193,931123
MNG-S2014-0193,1759252
MNG-S2014-0193,2505085
ERR4830914,497491
ERR4830914,797736
ERR4830914,931123
ERR4830914,1759252
ERR4830914,2505085
ERR4811052,1719757
ERR4811052,1759252
ERR4809228,764995
ERR4809228,1132368
ERR4809228,1502120
ERR4809228,1759252
ERR4809228,3977226
ERR2510428,931123
ERR2510428,1759252
ERR2510428,3273107
ERR2510486,931123
ERR2510486,1759252
ERR2510486,3273107
ERR4797043,615938
ERR4797043,931123
ERR4797043,1759252
ERR4797043,2622402
ERR4797043,4404247
SAMN02360614,497491
SAMN02360614,797736
SAMN02360614,931123
SAMN02360614,1759252
SAMN02360614,2505085
ERR4797150,497491
ERR4797150,797736
ERR4797150,931123
ERR4797150,1759252
ERR4797150,2505085
ERR2184637,1759252
ERR4822454,62657
ERR4822454,107794
ERR4822454,891756
ERR4822454,1759252
JPN-R2012-0005,62657
JPN-R2012-0005,514245
JPN-R2012-0005,1759252
JPN-R2012-0005,4229087
TRL0081287,497491
TRL0081287,797736
TRL0081287,931123
TRL0081287,1759252
TRL0081287,2505085
ERR4797130,497491
ERR4797130,797736
ERR4797130,931123
ERR4797130,1759252
ERR4797130,2505085
ERR4797130,4248115
ERR4828424,1759252
ERR4828424,4246508
ERR4828424,4307886
ERR4831639,497491
ERR4831639,797736
ERR4831639,931123
ERR4831639,1759252
ERR4831639,2505085
ERR4831639,4248115
FS308-438,403364
FS308-438,764995
Peru4691,1759252
ERR4811557,497491
ERR4811557,797736
ERR4811557,931123
ERR4811557,1759252
ERR4811557,2505085
ERR4813261,62657
ERR4813261,1759252
C077,497491
C077,797736
C077,931123
C077,1759252
C077,2505085
ERR4813206,62657
ERR4813206,514245
ERR4813206,1759252
02R1871,62657
02R1871,107794
02R1871,891756
02R1871,1759252
ERR4812615,62657
ERR4812615,107794
ERR4812615,891756
ERR4812615,1759252
Peru2902,764995
Peru2902,1759252
Peru2902,3977226
Peru2902,4398141
ERR4813435,764995
ERR4813435,1759252
ERR4813435,4316114
ERR4797199,497491
ERR4797199,797736
ERR4797199,931123
ERR4797199,1759252
ERR4797199,2505085
IDR1700033676,497491
IDR1700033676,797736
IDR1700033676,931123
IDR1700033676,1759252
IDR1700033676,2505085
ERR4813989,764995
ERR4813989,1759252
ERR4813989,4316114
ERR4830354,1759252
ERR4830354,2411730
ERR4812559,62657
ERR4812559,107794
ERR4812559,891756
ERR4812559,1759252
TRL0113512,62657
TRL0113512,514245
TRL0113512,1759252
TRL0113512,4229087
Peru4696,1759252
ERR4830296,615938
ERR4830296,931123
ERR4830296,1759252
ERR4830296,3021283
ERR4830296,3216553
ERR4830296,4404247
ERR4813473,764995
ERR4813473,1759252
ERR4813473,3977226
ERR4813473,4398141
ERR4809001,497491
ERR4809001,797736
ERR4809001,931123
ERR4809001,1759252
ERR4809001,2505085
SAMN02360613,346693
SAMN02360613,497491
SAMN02360613,931123
SAMN02360613,1759252
SAMN02360613,2505085
ERR4829846,497491
ERR4829846,797736
ERR4829846,931123
ERR4829846,1759252
ERR4829846,2505085
ERR4828629,497491
ERR4828629,797736
ERR4828629,931123
ERR4828629,1759252
ERR4828629,2505085
JPN-R2012-0045,497491
JPN-R2012-0045,797736
JPN-R2012-0045,931123
JPN-R2012-0045,1759252
JPN-R2012-0045,2505085
ERR4828977,783601
ERR4828977,1759252
ERR4828977,2411730
ERR2184445,764995
ERR2184445,1759252
ERR2184445,4316114
ERR4828432,1719757
ERR4828432,1759252
ERR4829394,783601
ERR4829394,1759252
ERR4829394,2411730
ERR4796648,497491
ERR4796648,797736
ERR4796648,931123
ERR4796648,1759252
ERR4796648,2505085
M0003422-4,497491
M0003422-4,797736
M0003422-4,931123
M0003422-4,1759252
M0003422-4,2505085
ERR2510608,931123
ERR2510608,1759252
ERR2510608,3273107
ERR4828748,615938
ERR4828748,931123
ERR4828748,1759252
ERR4828748,3021283
ERR4828748,4404247
16-3391-0130,615938
16-3391-0130,931123
16-3391-0130,1759252
16-3391-0130,3479545
ERR2184404,1759252
ERR4822472,1487796
ERR4822472,1759252
ERR4822472,2411730
ERR4831510,931123
ERR4831510,1759252
ERR4831510,3273107
ERR4812765,764995
ERR4812765,1759252
ERR4812765,4316114
ERR4831338,62657
ERR4831338,107794
ERR4831338,891756
ERR4831338,1759252
IDR1900024113,1759252
IDR1900024113,4246508
IDR1900024113,4307886
ERR3287610,403364
ERR3287610,764995
ERR3287610,1759252
SAMEA3558163,764995
SAMEA3558163,1132368
SAMEA3558163,1759252
SAMEA3558163,3977226
ERR4797718,615938
ERR4797718,931123
ERR4797718,1759252
ERR4797718,2622402
ERR4797718,4404247
ERR4828849,764995
ERR4828849,1759252
ERR4828849,4316114
ERR4812714,62657
ERR4812714,514245
ERR4812714,1759252
ERR4812714,4229087
ERR4811927,403364
ERR4811927,764995
ERR4811927,1759252
ERR4812485,1759252
ERR4831064,931123
ERR4831064,1759252
ERR4831064,3273107
ERR4829998,1759252
ERR4829998,2875883
ERR4829998,3466426
ERR4829998,4125058
Peru5150,62657
Peru5150,107794
Peru5150,891756
Peru5150,1759252
NLA000301074,62657
NLA000301074,1759252
ERR4796833,497491
ERR4796833,797736
ERR4796833,931123
ERR4796833,1759252
ERR4796833,2505085
Peru4678,497491
Peru4678,797736
Peru4678,931123
Peru4678,1759252
Peru4678,2505085
ERR2184469,403364
ERR2184469,764995
ERR2184469,1759252
KOR-K2016-0140,346693
KOR-K2016-0140,497491
KOR-K2016-0140,931123
KOR-K2016-0140,1759252
KOR-K2016-0140,2505085
ERR4797615,931123
ERR4797615,1759252
ERR4797615,3273107
ERR4830104,403364
ERR4830104,764995
ERR4830104,1759252
ERR4830579,497491
ERR4830579,797736
ERR4830579,931123
ERR4830579,1759252
ERR4830579,2505085
ERR4831457,931123
ERR4831457,1759252
ERR4831457,3273107
ERR4811745,62657
ERR4811745,107794
ERR4811745,891756
ERR4811745,1759252
PK00709697,497491
PK00709697,797736
PK00709697,931123
PK00709697,1759252
PK00709697,2505085
ERR4811208,1759252
ERR4811208,4246508
ERR4811208,4307886
ERR5918009,346693
ERR5918009,497491
ERR5918009,931123
ERR5918009,1759252
ERR5918009,2505085
ERR2184542,62657
ERR2184542,107794
ERR2184542,891756
ERR2184542,1759252
ERR4829455,931123
ERR4829455,1759252
ERR4829455,1882180
ERR4829455,2831482
ERR2510519,931123
ERR2510519,1759252
ERR2510519,3273107
ERR4811678,497491
ERR4811678,797736
ERR4811678,931123
ERR4811678,1759252
ERR4811678,2505085
ERR4830320,1487796
ERR4830320,1759252
ERR4830320,2411730
TDR207S186L002,62657
TDR207S186L002,107794
TDR207S186L002,891756
TDR207S186L002,1759252
ERR4797562,497491
ERR4797562,797736
ERR4797562,931123
ERR4797562,1759252
ERR4797562,2505085
ERR4829580,62657
ERR4829580,107794
ERR4829580,891756
ERR4829580,1759252
ERR4809165,497491
ERR4809165,797736
ERR4809165,931123
ERR4809165,1759252
ERR4809165,2505085
ERR4809165,4248115
Peru4652,1759252
ERR4812027,62657
ERR4812027,107794
ERR4812027,891756
ERR4812027,1759252
Peru4631,1759252
Peru4631,3836739
ERR4828478,615938
ERR4828478,931123
ERR4828478,1759252
ERR4828478,3479545
ERR4811765,764995
ERR4811765,1759252
ERR4811765,4316114
ERR4809328,764995
ERR4809328,1759252
ERR4809328,3388166
ERR4809328,4316114
ERR4810925,1759252
ERR4812157,403364
ERR4812157,764995
ERR4812157,1759252
ERR2510391,931123
ERR2510391,1759252
ERR2510391,3273107
ERR4830381,497491
ERR4830381,797736
ERR4830381,931123
ERR4830381,1759252
ERR4830381,2505085
ERR4809238,403364
ERR4809238,764995
ERR4809238,1759252
KOR-K2016-0150,497491
KOR-K2016-0150,797736
KOR-K2016-0150,931123
KOR-K2016-0150,1759252
KOR-K2016-0150,2505085
OO00095615,62657
OO00095615,514245
OO00095615,1759252
OO00095615,4229087
ERR2510451,931123
ERR2510451,1759252
ERR2510451,3273107
ERR4828755,497491
ERR4828755,797736
ERR4828755,931123
ERR4828755,1759252
ERR4828755,2505085
IDR1900007820,62657
IDR1900007820,107794
IDR1900007820,891756
IDR1900007820,1759252
IDR1700022371,615938
IDR1700022371,931123
IDR1700022371,1759252
IDR1700022371,3470377
NC00179466,1759252
NC00179466,3836739
ERR4809221,764995
ERR4809221,1132368
ERR4809221,1502120
ERR4809221,1759252
ERR4809221,3977226
ERR4828147,615938
ERR4828147,931123
ERR4828147,1759252
ERR4828147,3021283
ERR4828147,4404247
NF00130189,764995
NF00130189,1759252
NF00130189,3388166
NF00130189,4316114
MNG-S2014-0009,497491
MNG-S2014-0009,797736
MNG-S2014-0009,931123
MNG-S2014-0009,1759252
MNG-S2014-0009,2505085
ERR2510292,931123
ERR2510292,1759252
ERR2510292,3273107
ERR4830765,931123
ERR4830765,1759252
ERR4830765,3273107
02R1267,615938
02R1267,931123
02R1267,1759252
02R1267,3021283
02R1267,4404247
ERR4813852,403364
ERR4813852,764995
ERR4813852,1759252
ERR4797617,497491
ERR4797617,797736
ERR4797617,931123
ERR4797617,1759252
ERR4797617,2505085
ERR4810957,497491
ERR4810957,797736
ERR4810957,931123
ERR4810957,1759252
ERR4810957,2505085
Peru3322,1759252
Peru3322,3836739
NLA000016764,764995
NLA000016764,1759252
NLA000016764,3977226
NLA000016764,4398141
ERR3287320,62657
ERR3287320,891756
ERR3287320,1759252
ERR4813374,62657
ERR4813374,107794
ERR4813374,891756
ERR4813374,1759252
ERR4811641,497491
ERR4811641,797736
ERR4811641,931123
ERR4811641,1759252
ERR4811641,2505085
ERR4810889,1759252
ERR4810889,4246508
ERR4810889,4307886
ERR2510673,497491
ERR2510673,797736
ERR2510673,931123
ERR2510673,1759252
ERR2510673,2505085
ERR4828929,62657
ERR4828929,514245
ERR4828929,1759252
C315,346693
C315,497491
C315,931123
C315,1759252
C315,2505085
Peru3994,62657
Peru3994,107794
Peru3994,891756
Peru3994,1759252
C430,497491
C430,797736
C430,931123
C430,1759252
C430,2505085
NLA000301067,931123
NLA000301067,1084911
NLA000301067,1759252
NLA000301067,3273107
ERR4809073,62657
ERR4809073,514245
ERR4809073,1759252
ERR4809073,4229087
ERR4831226,1759252
ERR4831226,2875883
ERR4831226,3466426
ERR4831226,4125058
ERR4810546,497491
ERR4810546,797736
ERR4810546,931123
ERR4810546,1759252
ERR4810546,2505085
ERR3287694,403364
ERR3287694,764995
ERR3287694,1759252
IDR1900043284,615938
IDR1900043284,931123
IDR1900043284,1759252
IDR1900043284,3479545
ERR4796462,931123
ERR4796462,1759252
ERR4796462,3273107
ERR4796462,3722702
ERR4830552,764995
ERR4830552,1759252
ERR4830552,3388166
ERR4830552,4316114
Peru4697,62657
Peru4697,107794
Peru4697,891756
Peru4697,1759252
ERR4812231,1759252
ERR4812231,4249732
ERR4812798,62657
ERR4812798,107794
ERR4812798,891756
ERR4812798,1759252
ERR4828973,355181
ERR4828973,1759252
ERR4828973,4151558
ERR4828973,4307886
KOR-K2016-0165,346693
KOR-K2016-0165,497491
KOR-K2016-0165,931123
KOR-K2016-0165,1759252
KOR-K2016-0165,2505085
ERR5917687,497491
ERR5917687,797736
ERR5917687,931123
ERR5917687,1759252
ERR5917687,2505085
ERR2510632,931123
ERR2510632,1759252
ERR2510632,3273107
ERR2510632,3722702
ERR4831161,931123
ERR4831161,1759252
ERR4831161,3273107
ERR4812806,764995
ERR4812806,1759252
1741,62657
1741,891756
1741,1759252
ERR4810563,1719757
ERR4810563,1759252
ERR4822408,497491
ERR4822408,797736
ERR4822408,931123
ERR4822408,1759252
ERR4822408,2505085
ERR4812936,615614
ERR4812936,764995
ERR4812936,1759252
ERR4831952,497491
ERR4831952,797736
ERR4831952,931123
ERR4831952,1759252
ERR4831952,2505085
ERR4831952,4248115
ERR4829086,931123
ERR4829086,1759252
ERR4829086,3273107
ERR2510660,931123
ERR2510660,1759252
ERR2510660,3273107
Peru2949,62657
Peru2949,107794
Peru2949,891756
Peru2949,1759252
19-002-0048,497491
19-002-0048,797736
19-002-0048,931123
19-002-0048,1759252
19-002-0048,2505085
ERR3287802,764995
ERR3287802,1759252
ERR3287802,4316114
ERR4811458,1759252
ERR4811458,2875883
ERR4811458,3466426
ERR4811458,4125058
ERR4830254,497491
ERR4830254,797736
ERR4830254,931123
ERR4830254,1759252
ERR4830254,2505085
ERR4830254,4248115
ERR4797688,497491
ERR4797688,797736
ERR4797688,931123
ERR4797688,1759252
ERR4797688,2505085
Peru2919,764995
Peru2919,1132368
Peru2919,1759252
Peru2919,3977226
ERR2510657,1759252
ERR2510657,3836739
ERR4830113,497491
ERR4830113,797736
ERR4830113,931123
ERR4830113,1759252
ERR4830113,2505085
ERR4808933,497491
ERR4808933,797736
ERR4808933,931123
ERR4808933,1759252
ERR4808933,2505085
ERR4813483,764995
ERR4813483,1759252
ERR4811427,1759252
ERR4811427,3466426
ERR2510410,931123
ERR2510410,1759252
ERR2510410,3273107
Peru3968,1759252
ERR4812988,764995
ERR4812988,1759252
ERR4796447,497491
ERR4796447,797736
ERR4796447,931123
ERR4796447,1759252
ERR4796447,2505085
ERR4829504,1759252
ERR4829504,3836739
ERR4813034,62657
ERR4813034,107794
ERR4813034,891756
ERR4813034,1759252
ERR4830141,497491
ERR4830141,797736
ERR4830141,931123
ERR4830141,1759252
ERR4830141,2505085
ERR4830164,497491
ERR4830164,797736
ERR4830164,931123
ERR4830164,1759252
ERR4830164,2505085
ERR4830713,1759252
ERR4830713,3836739
ERR4830467,497491
ERR4830467,797736
ERR4830467,931123
ERR4830467,1759252
ERR4830467,2505085
1834,615938
1834,931123
1834,1759252
1834,3479545
ERR4829383,1759252
ERR4829383,2875883
ERR4829383,3466426
ERR4829383,4125058
ERR4822632,1759252
ERR4822632,3836739
ERR4830871,497491
ERR4830871,797736
ERR4830871,931123
ERR4830871,1759252
ERR4830871,2505085
ERR4830871,4248115
ERR4796923,497491
ERR4796923,797736
ERR4796923,931123
ERR4796923,1759252
ERR4796923,2505085
ERR4798006,931123
ERR4798006,1759252
ERR4798006,3273107
Peru5412,403364
Peru5412,764995
Peru5412,1759252
ERR4797014,615938
ERR4797014,931123
ERR4797014,1759252
ERR4797014,3470377
JG00432562,62657
JG00432562,514245
JG00432562,1759252
JG00432562,1850119
ERR4809156,764995
ERR4809156,1759252
ERR4809156,3388166
ERR4809156,4316114
ERR4829763,764995
ERR4829763,1759252
ERR4829763,3977226
ERR4829763,4398141
M0002403-5,764995
M0002403-5,1759252
M0002403-5,3977226
M0002403-5,4398141
ERR4830409,497491
ERR4830409,797736
ERR4830409,931123
ERR4830409,1759252
ERR4830409,2505085
ERR4830083,1759252
ERR4830083,3836739
ERR2510254,497491
ERR2510254,797736
ERR2510254,931123
ERR2510254,1759252
ERR2510254,2505085
ERR4809016,615938
ERR4809016,931123
ERR4809016,1759252
ERR4809016,3470377
TRL0113733,615938
TRL0113733,931123
TRL0113733,1759252
TRL0113733,3470377
ERR4796572,931123
ERR4796572,1759252
ERR4796572,3273107
ERR4829552,1759252
ERR4829552,3836739
EC026-90,346693
EC026-90,497491
EC026-90,931123
EC026-90,1759252
EC026-90,2505085
ERR4829109,1759252
ERR4829109,3836739
ERR4812518,764995
ERR4812518,1759252
ERR4812518,3977226
ERR4812518,4398141
04R0273,62657
04R0273,514245
04R0273,1759252
ERR4828785,62657
ERR4828785,107794
ERR4828785,891756
ERR4828785,1759252
ERR4811999,62657
ERR4811999,107794
ERR4811999,891756
ERR4811999,1759252
TRL0115399,497491
TRL0115399,797736
TRL0115399,931123
TRL0115399,1759252
TRL0115399,2505085
ERR4813964,1759252
ERR4813964,3836739
ERR3287497,764995
ERR3287497,1132368
ERR3287497,1759252
ERR3287497,3977226
Peru3014,764995
Peru3014,1132368
Peru3014,1759252
Peru3014,3977226
ERR4822486,1487796
ERR4822486,1759252
ERR4822486,2411730
TRL0090417,497491
TRL0090417,797736
TRL0090417,931123
TRL0090417,1759252
TRL0090417,2505085
Peru3429,403364
Peru3429,764995
Peru3429,1759252
ERR4796393,931123
ERR4796393,1759252
ERR4796393,3273107
ERR4828168,615938
ERR4828168,931123
ERR4828168,1759252
ERR4828168,3021283
ERR4828168,4404247
KOR-K2016-0132,497491
KOR-K2016-0132,797736
KOR-K2016-0132,931123
KOR-K2016-0132,1759252
KOR-K2016-0132,2505085
ERR3287388,497491
ERR3287388,797736
ERR3287388,931123
ERR3287388,1759252
ERR3287388,2505085
ERR5917680,62657
ERR5917680,107794
ERR5917680,891756
ERR5917680,1759252
Peru3288,403364
Peru3288,764995
Peru3288,1759252
ERR4796917,497491
ERR4796917,797736
ERR4796917,931123
ERR4796917,1759252
ERR4796917,2505085
ERR4822317,497491
ERR4822317,797736
ERR4822317,931123
ERR4822317,1759252
ERR4822317,2505085
ERR4797496,615938
ERR4797496,931123
ERR4797496,1759252
ERR4797496,2622402
ERR4797496,4404247
ERR4796527,497491
ERR4796527,797736
ERR4796527,931123
ERR4796527,1759252
ERR4796527,2505085
ERR4828509,615938
ERR4828509,931123
ERR4828509,1759252
ERR4828509,3021283
ERR4828509,3216553
ERR4828509,4404247
02R1140,1759252
02R1140,3836739
ERR2510465,931123
ERR2510465,1759252
ERR2510465,3273107
SAMN02380993,1759252
Peru4110,403364
Peru4110,764995
Peru4110,1759252
ERR4830829,1487796
ERR4830829,1759252
ERR4830829,2411730
ERR4796554,615938
ERR4796554,931123
ERR4796554,1759252
ERR4796554,2622402
ERR4796554,4404247
ERR4828469,1719757
ERR4828469,1759252
Peru4070,764995
Peru4070,1759252
Peru4070,4316114
ERR4810543,1719757
ERR4810543,1759252
SAMEA3558146,931123
SAMEA3558146,1759252
SAMEA3558146,3273107
ERR2184402,62657
ERR2184402,107794
ERR2184402,891756
ERR2184402,1759252
KOR-K2016-0015,346693
KOR-K2016-0015,497491
KOR-K2016-0015,931123
KOR-K2016-0015,1759252
KOR-K2016-0015,2505085
ERR4828408,497491
ERR4828408,797736
ERR4828408,931123
ERR4828408,1759252
ERR4828408,2505085
ERR4828408,4248115
ERR4796996,497491
ERR4796996,797736
ERR4796996,931123
ERR4796996,1759252
ERR4796996,2505085
ERR4809121,62657
ERR4809121,514245
ERR4809121,1759252
ERR4809121,4229087
ERR4810785,497491
ERR4810785,797736
ERR4810785,931123
ERR4810785,1759252
ERR4810785,2505085
Peru4471,497491
Peru4471,797736
Peru4471,931123
Peru4471,1759252
Peru4471,2505085
FS535-367,497491
FS535-367,797736
FS535-367,931123
FS535-367,1759252
FS535-367,2505085
FS535-367,4248115
ERR4813426,62657
ERR4813426,514245
ERR4813426,1759252
ERR4810478,497491
ERR4810478,797736
ERR4810478,931123
ERR4810478,1759252
ERR4810478,2505085
ERR4822351,497491
ERR4822351,797736
ERR4822351,931123
ERR4822351,1759252
ERR4822351,2505085
ERR4831430,931123
ERR4831430,1759252
ERR4831430,3273107
ERR5917689,497491
ERR5917689,783601
ERR5917689,1759252
ERR5917689,2411730
ERR4828208,615938
ERR4828208,931123
ERR4828208,1759252
ERR4828208,3021283
ERR4828208,3216553
ERR4828208,4404247
ERR4810986,497491
ERR4810986,797736
ERR4810986,931123
ERR4810986,1759252
ERR4810986,2505085
ERR4813076,497491
ERR4813076,797736
ERR4813076,931123
ERR4813076,1759252
ERR4813076,2505085
ERR4831443,931123
ERR4831443,1759252
ERR4831443,3273107
ERR4831443,3722702
ERR4831892,497491
ERR4831892,797736
ERR4831892,931123
ERR4831892,1759252
ERR4831892,2505085
Peru3022,497491
Peru3022,797736
Peru3022,931123
Peru3022,1759252
Peru3022,2505085
SAMN02398696,346693
SAMN02398696,497491
SAMN02398696,931123
SAMN02398696,1759252
SAMN02398696,2505085
ERR4809343,355181
ERR4809343,1759252
ERR4809343,4151558
ERR4809343,4307886
ERR4811782,1759252
ERR4811782,3836739
C287,497491
C287,797736
C287,931123
C287,1759252
C287,2505085
ERR4830992,497491
ERR4830992,797736
ERR4830992,931123
ERR4830992,1759252
ERR4830992,2505085
ERR4797336,615938
ERR4797336,931123
ERR4797336,1759252
ERR4797336,3479545
C288,764995
C288,1759252
C288,3388166
C288,4316114
TRL0114469,346693
TRL0114469,497491
TRL0114469,931123
TRL0114469,1759252
TRL0114469,2505085
ERR4822390,497491
ERR4822390,797736
ERR4822390,931123
ERR4822390,1759252
ERR4822390,2505085
ERR4822379,497491
ERR4822379,797736
ERR4822379,931123
ERR4822379,1759252
ERR4822379,2505085
1744,1455780
1744,1487796
1744,1759252
1744,2411730
ERR4813768,764995
ERR4813768,1759252
ERR4813768,3977226
ERR4813768,4398141
M0023347-9,764995
M0023347-9,1759252
M0023347-9,4316114
ERR4810736,1719757
ERR4810736,1759252
ERR4828706,497491
ERR4828706,797736
ERR4828706,931123
ERR4828706,1759252
ERR4828706,2505085
ERR2510445,931123
ERR2510445,1759252
ERR2510445,3273107
C174,764995
C174,1759252
C174,3388166
C174,4316114
ERR3287353,62657
ERR3287353,1759252
ERR4808900,764995
ERR4808900,1132368
ERR4808900,1502120
ERR4808900,1759252
ERR4808900,3977226
ERR4831810,497491
ERR4831810,797736
ERR4831810,931123
ERR4831810,1759252
ERR4831810,2505085
ERR4796685,931123
ERR4796685,1759252
ERR4796685,3273107
ERR4796685,3722702
ERR4813070,403364
ERR4813070,764995
ERR4813070,1759252
ERR4829408,355181
ERR4829408,1759252
ERR4829408,4151558
ERR4829408,4307886
ERR4796468,497491
ERR4796468,797736
ERR4796468,931123
ERR4796468,1759252
ERR4796468,2505085
ERR4828284,497491
ERR4828284,797736
ERR4828284,931123
ERR4828284,1759252
ERR4828284,2505085
ERR4808943,355181
ERR4808943,1759252
ERR4808943,4151558
ERR4808943,4307886
ERR3287446,62657
ERR3287446,514245
ERR3287446,1759252
ERR3287446,4229087
GA029-117,764995
GA029-117,1759252
ERR4812741,62657
ERR4812741,107794
ERR4812741,891756
ERR4812741,1759252
ERR4829936,615938
ERR4829936,931123
ERR4829936,1759252
ERR4829936,2622402
ERR4829936,4404247
Peru3007,764995
Peru3007,1132368
Peru3007,1759252
Peru3007,3977226
C047,346693
C047,497491
C047,931123
C047,1759252
C047,2505085
Peru4032,62657
Peru4032,107794
Peru4032,891756
Peru4032,1759252
ERR4812401,403364
ERR4812401,764995
ERR4812401,1759252
PL00097805,764995
PL00097805,1759252
PL00097805,3388166
PL00097805,4316114
IDR2000081393,615938
IDR2000081393,931123
IDR2000081393,1491275
IDR2000081393,1759252
IDR2000081393,4404247
TDR39S124L002,497491
TDR39S124L002,797736
TDR39S124L002,931123
TDR39S124L002,1759252
TDR39S124L002,2505085
ERR5918160,764995
ERR5918160,1132368
ERR5918160,1502120
ERR5918160,1759252
ERR5918160,3977226
ERR4831000,497491
ERR4831000,797736
ERR4831000,931123
ERR4831000,1759252
ERR4831000,2505085
ERR4829782,764995
ERR4829782,1132368
ERR4829782,1759252
ERR4829782,3977226
ERR4796886,931123
ERR4796886,1759252
ERR4796886,3273107
ERR4812902,403364
ERR4812902,764995
ERR4812902,1759252
ERR4811377,497491
ERR4811377,797736
ERR4811377,931123
ERR4811377,1759252
ERR4811377,2505085
TRL0091794,62657
TRL0091794,514245
TRL0091794,1759252
TRL0091794,4229087
Peru4317,403364
Peru4317,764995
Peru4317,1759252
ERR2510583,931123
ERR2510583,1759252
ERR2510583,3273107
ERR4829972,931123
ERR4829972,1759252
ERR4829972,3273107
ERR4796922,497491
ERR4796922,797736
ERR4796922,931123
ERR4796922,1759252
ERR4796922,2505085
ERR4830058,497491
ERR4830058,797736
ERR4830058,931123
ERR4830058,1759252
ERR4830058,2505085
ERR4830090,497491
ERR4830090,797736
ERR4830090,931123
ERR4830090,1759252
ERR4830090,2505085
ERR4796743,497491
ERR4796743,797736
ERR4796743,931123
ERR4796743,1759252
ERR4796743,2505085
ERR4822331,403364
ERR4822331,764995
ERR4822331,1759252
ERR4828825,62657
ERR4828825,107794
ERR4828825,891756
ERR4828825,1759252
ERR4828718,497491
ERR4828718,797736
ERR4828718,931123
ERR4828718,1759252
ERR4828718,2505085
ERR4796778,615938
ERR4796778,931123
ERR4796778,1759252
ERR4796778,3470377
ERR4813204,497491
ERR4813204,797736
ERR4813204,931123
ERR4813204,1759252
ERR4813204,2505085
TDR232S204L002,1759252
TDR232S204L002,2875883
TDR232S204L002,3466426
TDR232S204L002,4125058
Peru3020,403364
Peru3020,764995
Peru3020,1759252
ERR4828680,615938
ERR4828680,931123
ERR4828680,1759252
ERR4828680,3021283
ERR4828680,3216553
ERR4828680,4404247
ERR3287318,1759252
ERR3287318,4249732
ERR4831094,403364
ERR4831094,764995
ERR4831094,1759252
ERR4797479,497491
ERR4797479,797736
ERR4797479,931123
ERR4797479,1759252
ERR4797479,2505085
ERR4797479,3836274
Peru4020,764995
Peru4020,1759252
Peru4020,4316114
ERR4831863,497491
ERR4831863,797736
ERR4831863,931123
ERR4831863,1759252
ERR4831863,2505085
ERR4831863,4248115
ERR4830107,497491
ERR4830107,797736
ERR4830107,931123
ERR4830107,1759252
ERR4830107,2505085
ERR4811216,1759252
ERR4811216,4246508
ERR4811216,4307886
ERR4822570,403364
ERR4822570,764995
ERR4822570,1759252
ERR4810847,1719757
ERR4810847,1759252
ERR4831098,403364
ERR4831098,764995
ERR4831098,1759252
KOR-K2016-0053,346693
KOR-K2016-0053,497491
KOR-K2016-0053,931123
KOR-K2016-0053,1759252
KOR-K2016-0053,2505085
ERR4828597,615938
ERR4828597,931123
ERR4828597,1759252
ERR4828597,3021283
ERR4828597,3216553
ERR4828597,4404247
IDR1800049944,764995
IDR1800049944,1759252
IDR1800049944,3977226
IDR1800049944,4398141
ERR4812022,497491
ERR4812022,797736
ERR4812022,931123
ERR4812022,1759252
ERR4812022,2505085
ERR4796763,497491
ERR4796763,797736
ERR4796763,931123
ERR4796763,1759252
ERR4796763,2505085
ERR4809026,346693
ERR4809026,497491
ERR4809026,931123
ERR4809026,1759252
ERR4809026,2505085
ERR4796651,497491
ERR4796651,797736
ERR4796651,931123
ERR4796651,1759252
ERR4796651,2505085
ERR4796651,4248115
ERR4810527,1719757
ERR4810527,1759252
ERR4811301,497491
ERR4811301,797736
ERR4811301,931123
ERR4811301,1759252
ERR4811301,2505085
C335,764995
C335,1759252
C335,3388166
C335,4316114
ERR4797172,497491
ERR4797172,797736
ERR4797172,931123
ERR4797172,1759252
ERR4797172,2505085
ERR4809154,497491
ERR4809154,797736
ERR4809154,931123
ERR4809154,1759252
ERR4809154,2505085
ERR4809154,4248115
ERR4811323,497491
ERR4811323,797736
ERR4811323,931123
ERR4811323,1759252
ERR4811323,2505085
ERR4812954,1759252
ERR4812954,4151558
ERR4812954,4307886
C197,764995
C197,1759252
C197,3388166
C197,4316114
ERR4831705,497491
ERR4831705,797736
ERR4831705,931123
ERR4831705,1759252
ERR4831705,2505085
ERR4796658,615938
ERR4796658,931123
ERR4796658,1759252
ERR4796658,3470377
ERR4811520,497491
ERR4811520,797736
ERR4811520,931123
ERR4811520,1759252
ERR4811520,2505085
Peru3263,403364
Peru3263,764995
Peru3263,1759252
C319,346693
C319,497491
C319,931123
C319,1759252
C319,2505085
ERR4829973,931123
ERR4829973,1759252
ERR4829973,3273107
ERR4809224,497491
ERR4809224,797736
ERR4809224,931123
ERR4809224,1759252
ERR4809224,2505085
ERR4809224,4248115
ERR4830292,497491
ERR4830292,797736
ERR4830292,931123
ERR4830292,1759252
ERR4830292,2505085
ERR4828348,615938
ERR4828348,931123
ERR4828348,1759252
ERR4828348,3479545
ERR4828853,931123
ERR4828853,1759252
ERR4828853,3273107
ERR4797844,931123
ERR4797844,1759252
ERR4797844,3273107
ERR4797844,3722702
ERR4812346,62657
ERR4812346,107794
ERR4812346,891756
ERR4812346,1759252
ERR2510644,931123
ERR2510644,1759252
ERR2510644,3273107
ERR4829873,355181
ERR4829873,1759252
ERR4829873,4151558
ERR4829873,4307886
SAMN02360598,497491
SAMN02360598,797736
SAMN02360598,931123
SAMN02360598,1759252
SAMN02360598,2505085
ERR2184434,62657
ERR2184434,107794
ERR2184434,891756
ERR2184434,1759252
ERR4822305,931123
ERR4822305,1759252
ERR4822305,3273107
ERR4797531,931123
ERR4797531,1759252
ERR4797531,3273107
ERR4797531,3722702
ERR2184247,62657
ERR2184247,107794
ERR2184247,891756
ERR2184247,1759252
Peru4907,403364
Peru4907,764995
Peru4907,1759252
ERR4797269,497491
ERR4797269,797736
ERR4797269,931123
ERR4797269,1759252
ERR4797269,2505085
ERR2184618,497491
ERR2184618,797736
ERR2184618,931123
ERR2184618,1759252
ERR2184618,2505085
ERR4828302,497491
ERR4828302,797736
ERR4828302,931123
ERR4828302,1759252
ERR4828302,2505085
C113,497491
C113,797736
C113,931123
C113,1759252
C113,2505085
IDR1800044748,1759252
IDR1800044748,3836739
TRL0116593,497491
TRL0116593,797736
TRL0116593,931123
TRL0116593,1759252
TRL0116593,2505085
ERR4812705,497491
ERR4812705,797736
ERR4812705,931123
ERR4812705,1759252
ERR4812705,2505085
TRL0045387,764995
TRL0045387,1132368
TRL0045387,1502120
TRL0045387,1759252
TRL0045387,3977226
ERR4829661,355181
ERR4829661,1759252
ERR4829661,4151558
ERR4829661,4307886
Peru3986,62657
Peru3986,107794
Peru3986,891756
Peru3986,1759252
ERR4812405,497491
ERR4812405,797736
ERR4812405,931123
ERR4812405,1759252
ERR4812405,2505085
ERR4812980,403364
ERR4812980,764995
ERR4812980,1759252
ERR4798009,497491
ERR4798009,797736
ERR4798009,931123
ERR4798009,1759252
ERR4798009,2505085
ERR4797742,497491
ERR4797742,797736
ERR4797742,931123
ERR4797742,1759252
ERR4797742,2505085
ERR4829502,403364
ERR4829502,764995
ERR4829502,1759252
ERR4797558,497491
ERR4797558,797736
ERR4797558,931123
ERR4797558,1759252
ERR4797558,2505085
ERR2184510,764995
ERR2184510,1759252
ERR2184510,4316114
ERR4811032,1487796
ERR4811032,1759252
ERR4811032,2411730
99R1083,403364
99R1083,764995
99R1083,1759252
ERR4813068,403364
ERR4813068,764995
ERR4813068,1759252
Peru3283,62657
Peru3283,107794
Peru3283,891756
Peru3283,1759252
ERR2510715,497491
ERR2510715,797736
ERR2510715,931123
ERR2510715,1759252
ERR2510715,2505085
ERR4811844,355181
ERR4811844,1759252
ERR4811844,4151558
ERR4811844,4307886
ERR4809022,497491
ERR4809022,797736
ERR4809022,931123
ERR4809022,1759252
ERR4809022,2505085
ERR4796761,497491
ERR4796761,797736
ERR4796761,931123
ERR4796761,1759252
ERR4796761,2505085
ERR4829836,615938
ERR4829836,931123
ERR4829836,1759252
ERR4829836,3479545
ERR4809139,497491
ERR4809139,797736
ERR4809139,931123
ERR4809139,1759252
ERR4809139,2505085
ERR4810594,1719757
ERR4810594,1759252
ERR4832026,497491
ERR4832026,797736
ERR4832026,931123
ERR4832026,1759252
ERR4832026,2505085
ERR4830115,497491
ERR4830115,797736
ERR4830115,931123
ERR4830115,1759252
ERR4830115,2505085
ERR5918042,403364
ERR5918042,764995
ERR5918042,1759252
ERR4822465,931123
ERR4822465,1759252
ERR4822465,3273107
TDR230S202L002,497491
TDR230S202L002,797736
TDR230S202L002,931123
TDR230S202L002,1759252
TDR230S202L002,2505085
TRL0116115,764995
TRL0116115,1759252
TRL0116115,3388166
TRL0116115,4316114
ERR4829431,1759252
ERR4829431,2875883
ERR4829431,3466426
ERR4829431,4125058
ERR4828246,615938
ERR4828246,931123
ERR4828246,1759252
ERR4828246,3021283
ERR4828246,3216553
ERR4828246,4404247
ERR4829548,931123
ERR4829548,1759252
ERR4829548,1882180
ERR4829548,2831482
ERR3287668,764995
ERR3287668,1132368
ERR3287668,1759252
ERR3287668,3977226
Peru4681,497491
Peru4681,797736
Peru4681,931123
Peru4681,1759252
Peru4681,2505085
ERR3287494,403364
ERR3287494,764995
ERR3287494,1759252
ERR4808987,764995
ERR4808987,1759252
ERR4808987,3388166
ERR4808987,4316114
ERR4831081,497491
ERR4831081,797736
ERR4831081,931123
ERR4831081,1759252
ERR4831081,2505085
ERR5917762,1759252
ERR5917762,3836739
SAMEA3558196,1759252
SAMEA3558196,3836739
ERR4813868,403364
ERR4813868,764995
ERR4813868,1759252
ERR4797374,931123
ERR4797374,1237818
ERR4797374,1759252
ERR4797374,3273107
ERR4797374,3722702
ERR4796884,497491
ERR4796884,797736
ERR4796884,931123
ERR4796884,1759252
ERR4796884,2505085
ERR4810608,497491
ERR4810608,797736
ERR4810608,931123
ERR4810608,1759252
ERR4810608,2505085
ERR4831522,497491
ERR4831522,797736
ERR4831522,931123
ERR4831522,1759252
ERR4831522,2505085
ERR4828483,497491
ERR4828483,797736
ERR4828483,931123
ERR4828483,1759252
ERR4828483,2505085
ERR4830419,497491
ERR4830419,797736
ERR4830419,931123
ERR4830419,1759252
ERR4830419,2505085
ERR2184493,355181
ERR2184493,1759252
ERR2184493,4151558
ERR2184493,4307886
ERR4828145,497491
ERR4828145,797736
ERR4828145,931123
ERR4828145,1759252
ERR4828145,2505085
ERR4828277,615938
ERR4828277,931123
ERR4828277,1759252
ERR4828277,3021283
ERR4828277,3216553
ERR4828277,4404247
ERR2510726,1759252
ERR2510726,3836739
ERR4828780,783601
ERR4828780,1759252
ERR4828780,2411730
ERR4796565,931123
ERR4796565,1759252
ERR4796565,3273107
TRL0063481,355181
TRL0063481,1759252
TRL0063481,4151558
TRL0063481,4307886
ERR4830969,497491
ERR4830969,797736
ERR4830969,931123
ERR4830969,1759252
ERR4830969,2505085
ERR4809103,1759252
ERR4809103,3836739
ERR4810526,1759252
ERR4810526,4246508
ERR4810526,4307886
ERR3287757,497491
ERR3287757,797736
ERR3287757,931123
ERR3287757,1759252
ERR3287757,2505085
ERR4797451,403364
ERR4797451,764995
ERR4797451,1759252
Peru4532,403364
Peru4532,764995
Peru4532,1759252
KG00082202,497491
KG00082202,797736
KG00082202,931123
KG00082202,1759252
KG00082202,2505085
ERR4808918,346693
ERR4808918,497491
ERR4808918,931123
ERR4808918,1759252
ERR4808918,2505085
ERR4831882,497491
ERR4831882,797736
ERR4831882,931123
ERR4831882,1759252
ERR4831882,2505085
Peru3973,1759252
TRL0117027,497491
TRL0117027,797736
TRL0117027,931123
TRL0117027,1759252
TRL0117027,2505085
C407,346693
C407,497491
C407,931123
C407,1759252
C407,2505085
ERR4831133,764995
ERR4831133,1132368
ERR4831133,1502120
ERR4831133,1759252
ERR4831133,3977226
ERR4830034,497491
ERR4830034,797736
ERR4830034,931123
ERR4830034,1759252
ERR4830034,2505085
ERR4812235,62657
ERR4812235,107794
ERR4812235,891756
ERR4812235,1759252
ERR4812423,615614
ERR4812423,764995
ERR4812423,1759252
ERR4830848,355181
ERR4830848,1759252
ERR4830848,4151558
ERR4830848,4307886
ERR4813543,62657
ERR4813543,107794
ERR4813543,891756
ERR4813543,1759252
ERR4828301,615938
ERR4828301,931123
ERR4828301,1759252
ERR4828301,3021283
ERR4828301,3216553
ERR4828301,4404247
ERR4828860,615614
ERR4828860,764995
ERR4828860,1759252
ERR5918125,497491
ERR5918125,797736
ERR5918125,931123
ERR5918125,1759252
ERR5918125,2505085
ERR5918125,4248115
ERR4810904,497491
ERR4810904,797736
ERR4810904,931123
ERR4810904,1759252
ERR4810904,2505085
Peru3009,403364
Peru3009,764995
Peru3009,1759252
ERR4813892,62657
ERR4813892,107794
ERR4813892,891756
ERR4813892,1759252
ERR4828399,497491
ERR4828399,797736
ERR4828399,931123
ERR4828399,1759252
ERR4828399,2505085
C151,497491
C151,797736
C151,931123
C151,1759252
C151,2505085
ERR4808955,497491
ERR4808955,797736
ERR4808955,931123
ERR4808955,1759252
ERR4808955,2505085
ERR4812361,1759252
ERR4812361,4249732
ERR4796557,615938
ERR4796557,931123
ERR4796557,1759252
ERR4796557,3470377
ERR4830592,497491
ERR4830592,797736
ERR4830592,931123
ERR4830592,1759252
ERR4830592,2505085
ERR5917749,497491
ERR5917749,797736
ERR5917749,931123
ERR5917749,1759252
ERR5917749,2505085
ERR4831604,497491
ERR4831604,797736
ERR4831604,931123
ERR4831604,1759252
ERR4831604,2505085
ERR4810657,497491
ERR4810657,797736
ERR4810657,931123
ERR4810657,1759252
ERR4810657,2505085
ERR4810657,4248115
ERR4811581,1759252
ERR4811581,4246508
ERR4811581,4307886
ERR4828956,62657
ERR4828956,891756
ERR4828956,1759252
VG00075805,497491
VG00075805,797736
VG00075805,931123
VG00075805,1759252
VG00075805,2505085
ERR2510713,497491
ERR2510713,797736
ERR2510713,931123
ERR2510713,1759252
ERR2510713,2505085
ERR2510350,931123
ERR2510350,1759252
ERR2510350,3273107
ERR4830645,497491
ERR4830645,797736
ERR4830645,931123
ERR4830645,1759252
ERR4830645,2505085
ERR4797381,1759252
ERR4797381,3836739
ERR4797000,497491
ERR4797000,797736
ERR4797000,931123
ERR4797000,1759252
ERR4797000,2505085
ERR2184669,62657
ERR2184669,107794
ERR2184669,891756
ERR2184669,1759252
ERR4822548,62657
ERR4822548,107794
ERR4822548,891756
ERR4822548,1759252
ERR4810777,497491
ERR4810777,797736
ERR4810777,931123
ERR4810777,1759252
ERR4810777,2505085
ERR2184443,62657
ERR2184443,514245
ERR2184443,1759252
ERR2184443,4229087
Peru5009,62657
Peru5009,107794
Peru5009,891756
Peru5009,1759252
ERR4812340,62657
ERR4812340,514245
ERR4812340,1759252
ERR4797362,403364
ERR4797362,764995
ERR4797362,1759252
KOR-K2016-0123,346693
KOR-K2016-0123,497491
KOR-K2016-0123,931123
KOR-K2016-0123,1759252
KOR-K2016-0123,2505085
ERR4830562,355181
ERR4830562,1759252
ERR4830562,4151558
ERR4830562,4307886
Peru3003,403364
Peru3003,764995
Peru3003,1759252
ERR4830012,62657
ERR4830012,107794
ERR4830012,891756
ERR4830012,1759252
PS00308033,355181
PS00308033,1759252
PS00308033,4151558
PS00308033,4307886
ERR2510246,931123
ERR2510246,1759252
ERR2510246,3273107
ERR4828731,497491
ERR4828731,797736
ERR4828731,931123
ERR4828731,1759252
ERR4828731,2505085
ERR4811544,346693
ERR4811544,497491
ERR4811544,931123
ERR4811544,1759252
ERR4811544,2505085
ERR4797182,1759252
ERR4797182,3836739
17-3391-0259,931123
17-3391-0259,1759252
17-3391-0259,3273107
ERR3287329,62657
ERR3287329,107794
ERR3287329,891756
ERR3287329,1759252
C093,62657
C093,514245
C093,1759252
C093,4229087
ERR2184473,497491
ERR2184473,797736
ERR2184473,931123
ERR2184473,1759252
ERR2184473,2505085
ERR2510535,497491
ERR2510535,797736
ERR2510535,931123
ERR2510535,1759252
ERR2510535,2505085
ERR4829656,764995
ERR4829656,1759252
ERR4829656,4316114
ERR4829110,783601
ERR4829110,1759252
ERR4829110,2411730
ERR4822483,62657
ERR4822483,107794
ERR4822483,891756
ERR4822483,1759252
Peru5024,403364
Peru5024,764995
Peru5024,1759252
ERR4798023,497491
ERR4798023,797736
ERR4798023,931123
ERR4798023,1759252
ERR4798023,2505085
Peru4911,764995
Peru4911,1132368
Peru4911,1759252
Peru4911,3977226
ERR2184506,403364
ERR2184506,764995
ERR2184506,1759252
Peru5079,62657
Peru5079,107794
Peru5079,891756
Peru5079,1759252
ERR2510421,62657
ERR2510421,514245
ERR2510421,1759252
ERR2510421,1850119
M0012119-5,764995
M0012119-5,1132368
M0012119-5,1759252
M0012119-5,3977226
SAMN02381020,931123
SAMN02381020,1759252
SAMN02381020,3273107
ERR4812398,62657
ERR4812398,107794
ERR4812398,891756
ERR4812398,1759252
Peru3299,403364
Peru3299,764995
Peru3299,1759252
ERR4830073,497491
ERR4830073,797736
ERR4830073,931123
ERR4830073,1759252
ERR4830073,2505085
ERR4810876,1719757
ERR4810876,1759252
ERR4810560,497491
ERR4810560,797736
ERR4810560,931123
ERR4810560,1759252
ERR4810560,2505085
ERR4810560,4248115
ERR4828429,1759252
ERR4813364,764995
ERR4813364,1759252
ERR4831086,615938
ERR4831086,931123
ERR4831086,1759252
ERR4831086,2622402
ERR4831086,4404247
ERR4796938,497491
ERR4796938,797736
ERR4796938,931123
ERR4796938,1759252
ERR4796938,2505085
ERR4812051,62657
ERR4812051,107794
ERR4812051,891756
ERR4812051,1759252
ERR4811941,497491
ERR4811941,797736
ERR4811941,931123
ERR4811941,1759252
ERR4811941,2505085
MNG-S2014-0011,497491
MNG-S2014-0011,797736
MNG-S2014-0011,931123
MNG-S2014-0011,1759252
MNG-S2014-0011,2505085
ERR4831044,931123
ERR4831044,1759252
ERR4831044,3273107
ERR4828272,615938
ERR4828272,931123
ERR4828272,1759252
ERR4828272,3021283
ERR4828272,3216553
ERR4828272,4404247
TDR185S140L002,1759252
TDR185S140L002,2875883
TDR185S140L002,3466426
TDR185S140L002,4125058
ERR4831195,62657
ERR4831195,891756
ERR4831195,1759252
ERR4810480,346693
ERR4810480,497491
ERR4810480,931123
ERR4810480,1759252
ERR4810480,2505085
ERR4812171,403364
ERR4812171,764995
ERR4812171,1759252
ERR4829851,615938
ERR4829851,931123
ERR4829851,1759252
ERR4829851,3479545
ERR4810816,497491
ERR4810816,797736
ERR4810816,931123
ERR4810816,1759252
ERR4810816,2505085
ERR4797602,615938
ERR4797602,931123
ERR4797602,1759252
ERR4797602,3470377
C179,764995
C179,1759252
C179,3388166
C179,4316114
ERR4813918,1759252
ERR4813918,3836739
ERR4797067,931123
ERR4797067,1759252
ERR4797067,3273107
ERR4812453,1759252
ERR4812453,4307886
ERR4796820,497491
ERR4796820,797736
ERR4796820,931123
ERR4796820,1759252
ERR4796820,2505085
ERR4811262,1719757
ERR4811262,1759252
ERR4796571,1759252
ERR4796571,3836739
ERR4831088,355181
ERR4831088,1759252
ERR4831088,4151558
ERR4831088,4307886
ERR4822386,497491
ERR4822386,797736
ERR4822386,931123
ERR4822386,1759252
ERR4822386,2505085
ERR4796963,931123
ERR4796963,1759252
ERR4796963,3273107
TDR203S155L002,62657
TDR203S155L002,107794
TDR203S155L002,891756
TDR203S155L002,1759252
ERR4830664,62657
ERR4830664,107794
ERR4830664,891756
ERR4830664,1759252
Peru4076,62657
Peru4076,107794
Peru4076,891756
Peru4076,1759252
ERR4830187,497491
ERR4830187,797736
ERR4830187,931123
ERR4830187,1759252
ERR4830187,2505085
Peru5001,62657
Peru5001,107794
Peru5001,891756
Peru5001,1759252
Peru5022,62657
Peru5022,107794
Peru5022,891756
Peru5022,1759252
Peru4707,1759252
ERR4811948,764995
ERR4811948,1759252
ERR4811948,4316114
ERR4830272,497491
ERR4830272,797736
ERR4830272,931123
ERR4830272,1759252
ERR4830272,2505085
ERR4796675,931123
ERR4796675,1759252
ERR4796675,3273107
ERR4830201,346693
ERR4830201,497491
ERR4830201,931123
ERR4830201,1759252
ERR4830201,2505085
1745,497491
1745,797736
1745,931123
1745,1759252
1745,2505085
ERR4797179,615938
ERR4797179,931123
ERR4797179,1759252
ERR4797179,3470377
IDR1900007829,62657
IDR1900007829,107794
IDR1900007829,891756
IDR1900007829,1759252
ERR4811294,497491
ERR4811294,797736
ERR4811294,931123
ERR4811294,1759252
ERR4811294,2505085
ERR4796361,497491
ERR4796361,797736
ERR4796361,931123
ERR4796361,1759252
ERR4796361,2505085
ERR4813342,403364
ERR4813342,764995
ERR4813342,1759252
ERR4796623,497491
ERR4796623,797736
ERR4796623,931123
ERR4796623,1759252
ERR4796623,2505085
ERR4831165,403364
ERR4831165,764995
ERR4831165,1759252
ERR4810629,1487796
ERR4810629,1759252
ERR4810629,2411730
ERR3287729,403364
ERR3287729,764995
ERR3287729,1759252
ERR4822309,1759252
ERR4822309,3836739
ERR4796670,931123
ERR4796670,1759252
ERR4796670,3273107
ERR3287860,403364
ERR3287860,764995
ERR3287860,1759252
ERR4797296,615938
ERR4797296,931123
ERR4797296,1759252
ERR4797296,3470377
ERR4811112,1719757
ERR4811112,1759252
ERR4811917,62657
ERR4811917,514245
ERR4811917,1759252
ERR4797682,497491
ERR4797682,797736
ERR4797682,931123
ERR4797682,1759252
ERR4797682,2505085
ERR4830920,62657
ERR4830920,514245
ERR4830920,1759252
ERR4830920,4229087
Peru3381,403364
Peru3381,764995
Peru3381,1759252
ERR4796478,497491
ERR4796478,797736
ERR4796478,931123
ERR4796478,1759252
ERR4796478,2505085
ERR4796478,4248115
ERR4822435,1487796
ERR4822435,1759252
ERR4822435,2411730
ERR4812063,497491
ERR4812063,797736
ERR4812063,931123
ERR4812063,1759252
ERR4812063,2505085
ERR4810570,1759252
ERR4797466,615938
ERR4797466,931123
ERR4797466,1759252
ERR4797466,2622402
ERR4797466,4404247
Peru5411,62657
Peru5411,514245
Peru5411,1759252
Peru5411,4229087
ERR4808878,403364
ERR4808878,764995
ERR4808878,1759252
ERR4822409,783601
ERR4822409,1759252
ERR4822409,2411730
ERR4829684,403364
ERR4829684,764995
ERR4829684,1759252
ERR4809099,355181
ERR4809099,1759252
ERR4809099,4151558
ERR4809099,4307886
C345,497491
C345,797736
C345,931123
C345,1759252
C345,2505085
ERR4830754,931123
ERR4830754,1759252
ERR4830754,3273107
ERR4822464,62657
ERR4822464,107794
ERR4822464,891756
ERR4822464,1759252
SAMEA3558183,403364
SAMEA3558183,764995
SAMEA3558183,1759252
ERR3287441,764995
ERR3287441,1759252
ERR3287441,4316114
Peru5122,403364
Peru5122,764995
Peru5122,1759252
ERR4829663,1487796
ERR4829663,1759252
ERR4829663,2411730
Peru4634,403364
Peru4634,764995
Peru4634,1759252
ERR4830017,497491
ERR4830017,797736
ERR4830017,931123
ERR4830017,1759252
ERR4830017,2505085
ERR2184452,62657
ERR2184452,107794
ERR2184452,891756
ERR2184452,1759252
Peru4125,403364
Peru4125,764995
Peru4125,1759252
ERR4797190,1759252
ERR4797190,3836739
TDR111S87L002,1501468
TDR111S87L002,1759252
TDR111S87L002,3466426
TDR111S87L002,4260268
Peru4525,107794
Peru4525,1759252
ERR4811690,497491
ERR4811690,797736
ERR4811690,931123
ERR4811690,1759252
ERR4811690,2505085
Peru4972,62657
Peru4972,514245
Peru4972,1759252
ERR4810858,497491
ERR4810858,797736
ERR4810858,931123
ERR4810858,1759252
ERR4810858,2505085
ERR4830602,783601
ERR4830602,1759252
ERR4830602,2411730
Peru4064,403364
Peru4064,764995
Peru4064,1759252
ERR3287351,62657
ERR3287351,107794
ERR3287351,891756
ERR3287351,1759252
ERR4829667,1455780
ERR4829667,1487796
ERR4829667,1759252
ERR4829667,2411730
ERR4812863,764995
ERR4812863,1759252
Peru4543,62657
Peru4543,1759252
M0007352-9,62657
M0007352-9,1759252
ERR4811154,1719757
ERR4811154,1759252
Peru4061,764995
Peru4061,1759252
Peru4061,4316114
ERR4796332,931123
ERR4796332,1759252
ERR4796332,3273107
ERR4809308,497491
ERR4809308,797736
ERR4809308,931123
ERR4809308,1759252
ERR4809308,2505085
ERR4812427,62657
ERR4812427,107794
ERR4812427,891756
ERR4812427,1759252
ERR4797481,931123
ERR4797481,1759252
ERR4797481,3273107
ERR4830933,497491
ERR4830933,797736
ERR4830933,931123
ERR4830933,1759252
ERR4830933,2505085
IDR1800044741,1759252
IDR1800044741,3836739
ERR4811714,497491
ERR4811714,797736
ERR4811714,931123
ERR4811714,1759252
ERR4811714,2505085
ERR4812218,497491
ERR4812218,797736
ERR4812218,931123
ERR4812218,1759252
ERR4812218,2505085
ERR4822428,62657
ERR4822428,107794
ERR4822428,891756
ERR4822428,1759252
ERR4822514,62657
ERR4822514,107794
ERR4822514,891756
ERR4822514,1759252
ERR2510882,783601
ERR2510882,1759252
ERR2510882,2411730
ERR4831345,615938
ERR4831345,931123
ERR4831345,1759252
ERR4831345,2622402
ERR4831345,4404247
Peru3400,62657
Peru3400,107794
Peru3400,891756
Peru3400,1759252
TDR5S121L002,615938
TDR5S121L002,931123
TDR5S121L002,1759252
TDR5S121L002,2622402
TDR5S121L002,4404247
ERR4828325,497491
ERR4828325,797736
ERR4828325,931123
ERR4828325,1759252
ERR4828325,2505085
ERR2510480,931123
ERR2510480,1759252
ERR2510480,3273107
ERR5917711,1759252
ERR5917711,3836739
ERR4809166,62657
ERR4809166,514245
ERR4809166,1759252
ERR4809166,1850119
ERR4797766,615938
ERR4797766,931123
ERR4797766,1759252
ERR4797766,3470377
MNG-S2014-0045,497491
MNG-S2014-0045,797736
MNG-S2014-0045,931123
MNG-S2014-0045,1759252
MNG-S2014-0045,2505085
ERR4811688,497491
ERR4811688,797736
ERR4811688,931123
ERR4811688,1759252
ERR4811688,2505085
ERR4797322,497491
ERR4797322,797736
ERR4797322,931123
ERR4797322,1759252
ERR4797322,2505085
ERR4797322,3836274
TRL0114845,403364
TRL0114845,764995
TRL0114845,1759252
ERR4829388,62657
ERR4829388,107794
ERR4829388,891756
ERR4829388,1759252
GA030-61,62657
GA030-61,107794
GA030-61,891756
GA030-61,1759252
ERR4828491,1759252
ERR4828491,4246508
ERR4828491,4307886
ERR4809030,497491
ERR4809030,797736
ERR4809030,931123
ERR4809030,1759252
ERR4809030,2505085
C092,497491
C092,797736
C092,931123
C092,1759252
C092,2505085
ERR2510485,931123
ERR2510485,1759252
ERR2510485,3273107
KOR-K2016-0172,346693
KOR-K2016-0172,497491
KOR-K2016-0172,931123
KOR-K2016-0172,1759252
KOR-K2016-0172,2505085
ERR4810927,497491
ERR4810927,797736
ERR4810927,931123
ERR4810927,1759252
ERR4810927,2505085
ERR4810602,497491
ERR4810602,797736
ERR4810602,931123
ERR4810602,1759252
ERR4810602,2505085
ERR4811015,497491
ERR4811015,797736
ERR4811015,931123
ERR4811015,1759252
ERR4811015,2505085
ERR4811082,346693
ERR4811082,497491
ERR4811082,931123
ERR4811082,1759252
ERR4811082,2505085
ERR4812050,62657
ERR4812050,107794
ERR4812050,891756
ERR4812050,1759252
ERR4822467,1759252
ERR4822467,3836739
Peru5102,403364
Peru5102,764995
Peru5102,1759252
ERR4828609,497491
ERR4828609,797736
ERR4828609,931123
ERR4828609,1759252
ERR4828609,2505085
ERR2510521,931123
ERR2510521,1759252
ERR2510521,3273107
ERR4813477,764995
ERR4813477,1132368
ERR4813477,1759252
ERR4813477,3977226
ERR3287459,403364
ERR3287459,764995
ERR3287459,1759252
SAMN02398704,346693
SAMN02398704,497491
SAMN02398704,931123
SAMN02398704,1759252
SAMN02398704,2505085
GA036-64,615938
GA036-64,931123
GA036-64,1491275
GA036-64,1759252
GA036-64,4404247
ERR4811763,62657
ERR4811763,107794
ERR4811763,891756
ERR4811763,1759252
ERR4830828,1487796
ERR4830828,1759252
ERR4830828,2411730
C059,346693
C059,497491
C059,931123
C059,1759252
C059,2505085
C246,497491
C246,797736
C246,931123
C246,1759252
C246,2505085
ERR5918081,62657
ERR5918081,514245
ERR5918081,1759252
ERR5918081,4229087
ERR4828395,497491
ERR4828395,797736
ERR4828395,931123
ERR4828395,1759252
ERR4828395,2505085
ERR5917730,62657
ERR5917730,107794
ERR5917730,891756
ERR5917730,1759252
ERR3287411,403364
ERR3287411,764995
ERR3287411,1759252
ERR4829159,615614
ERR4829159,764995
ERR4829159,1759252
ERR3287478,764995
ERR3287478,1132368
ERR3287478,1759252
ERR3287478,3977226
ERR4812781,497491
ERR4812781,797736
ERR4812781,931123
ERR4812781,1759252
ERR4812781,2505085
ERR4813547,403364
ERR4813547,764995
ERR4813547,1759252
ERR4831251,497491
ERR4831251,797736
ERR4831251,931123
ERR4831251,1759252
ERR4831251,2505085
TRL0113484,403364
TRL0113484,764995
TRL0113484,1759252
ERR4828217,497491
ERR4828217,797736
ERR4828217,931123
ERR4828217,1759252
ERR4828217,2505085
KOR-K2016-0079,497491
KOR-K2016-0079,797736
KOR-K2016-0079,931123
KOR-K2016-0079,1759252
KOR-K2016-0079,2505085
ERR4812003,764995
ERR4812003,1759252
ERR4812003,4316114
C020,346693
C020,497491
C020,931123
C020,1759252
C020,2505085
ERR4831804,497491
ERR4831804,797736
ERR4831804,931123
ERR4831804,1759252
ERR4831804,2505085
ERR2184214,403364
ERR2184214,764995
ERR2184214,1759252
ERR4829546,62657
ERR4829546,514245
ERR4829546,1759252
ERR4829546,1850119
SAMN02381052,764995
SAMN02381052,1132368
SAMN02381052,1502120
SAMN02381052,1759252
SAMN02381052,3977226
ERR4812550,1759252
ERR4812550,4249732
ERR4829862,1759252
ERR4829862,3836739
C454,62657
C454,107794
C454,891756
C454,1759252
ERR4811202,497491
ERR4811202,797736
ERR4811202,931123
ERR4811202,1759252
ERR4811202,2505085
ERR4812117,1759252
ERR4831805,497491
ERR4831805,797736
ERR4831805,931123
ERR4831805,1759252
ERR4831805,2505085
ERR4831805,4248115
ERR4828253,615938
ERR4828253,931123
ERR4828253,1759252
ERR4828253,3021283
ERR4828253,3216553
ERR4828253,4404247
ERR5918106,355181
ERR5918106,1759252
ERR5918106,4151558
ERR5918106,4307886
ERR4811217,1759252
KOR-K2016-0055,497491
KOR-K2016-0055,797736
KOR-K2016-0055,931123
KOR-K2016-0055,1759252
KOR-K2016-0055,2505085
ERR4831339,931123
ERR4831339,1759252
ERR4831339,3273107
ERR4829737,62657
ERR4829737,107794
ERR4829737,891756
ERR4829737,1759252
ERR4822635,62657
ERR4822635,107794
ERR4822635,891756
ERR4822635,1759252
ERR4797361,615938
ERR4797361,931123
ERR4797361,1759252
ERR4797361,2622402
ERR4797361,4404247
IDR1900019066,62657
IDR1900019066,514245
IDR1900019066,541048
IDR1900019066,1759252
ERR4830662,497491
ERR4830662,797736
ERR4830662,931123
ERR4830662,1759252
ERR4830662,2505085
ERR4813417,764995
ERR4813417,1132368
ERR4813417,1759252
ERR4813417,3977226
ERR4829140,1759252
ERR4829140,2875883
ERR4829140,3466426
ERR4829140,4125058
SAMEA3558234,403364
SAMEA3558234,615938
SAMEA3558234,931123
SAMEA3558234,1491275
SAMEA3558234,1759252
SAMEA3558234,4404247
ERR4831849,615938
ERR4831849,931123
ERR4831849,1759252
ERR4831849,3021283
ERR4831849,3216553
ERR4831849,4404247
Peru4923,62657
Peru4923,514245
Peru4923,1759252
Peru4923,4229087
ERR4797756,931123
ERR4797756,1759252
ERR4797756,3273107
Peru4997,1759252
ERR4828235,497491
ERR4828235,797736
ERR4828235,931123
ERR4828235,1759252
ERR4828235,2505085
ERR4796630,931123
ERR4796630,1759252
ERR4796630,3273107
ERR4796630,3722702
ERR4829639,931123
ERR4829639,1759252
ERR4829639,1816587
ERR4829639,1882180
ERR4796380,931123
ERR4796380,1759252
ERR4796380,3273107
1815,931123
1815,1759252
1815,3273107
ERR4810664,497491
ERR4810664,797736
ERR4810664,931123
ERR4810664,1759252
ERR4810664,2505085
ERR4810664,4248115
ERR4829712,1759252
ERR4829712,3836739
ERR4822553,497491
ERR4822553,797736
ERR4822553,931123
ERR4822553,1759252
ERR4822553,2505085
ERR4829027,355181
ERR4829027,1759252
ERR4829027,4151558
ERR4829027,4307886
RB00104514,1759252
RB00104514,3836739
ERR4811561,1719757
ERR4811561,1759252
ERR3287475,403364
ERR3287475,764995
ERR3287475,1759252
ERR4796896,1759252
ERR4796896,3836739
ERR2510379,931123
ERR2510379,1759252
ERR2510379,3273107
Peru4653,403364
Peru4653,764995
Peru4653,1759252
ERR4831403,1759252
ERR4831403,4249732
ERR4797834,497491
ERR4797834,797736
ERR4797834,931123
ERR4797834,1759252
ERR4797834,2505085
ERR4811147,1719757
ERR4811147,1759252
IDR1900031541,62657
IDR1900031541,514245
IDR1900031541,1759252
ERR2510701,931123
ERR2510701,1084911
ERR2510701,1759252
ERR2510701,3273107
ERR4797644,931123
ERR4797644,1759252
ERR4797644,3273107
ERR3287341,62657
ERR3287341,107794
ERR3287341,891756
ERR3287341,1759252
TRL0095023,62657
TRL0095023,107794
TRL0095023,891756
TRL0095023,1759252
ERR4811237,497491
ERR4811237,797736
ERR4811237,931123
ERR4811237,1759252
ERR4811237,2505085
ERR2510316,615938
ERR2510316,931123
ERR2510316,1759252
ERR2510316,2622402
ERR2510316,4404247
Peru4689,1759252
JPN-R2012-0004,346693
JPN-R2012-0004,497491
JPN-R2012-0004,931123
JPN-R2012-0004,1759252
JPN-R2012-0004,2505085
ERR4797136,615938
ERR4797136,931123
ERR4797136,1759252
ERR4797136,2622402
ERR4797136,4404247
SAMEA3558113,1759252
Peru5109,62657
Peru5109,107794
Peru5109,891756
Peru5109,1759252
ERR4822350,497491
ERR4822350,797736
ERR4822350,931123
ERR4822350,1759252
ERR4822350,2505085
TDR107S140L002,1759252
TRL0114477,615938
TRL0114477,931123
TRL0114477,1759252
TRL0114477,3470377
Peru4921,403364
Peru4921,764995
Peru4921,1759252
KOR-K2016-0012,497491
KOR-K2016-0012,797736
KOR-K2016-0012,931123
KOR-K2016-0012,1759252
KOR-K2016-0012,2505085
ERR4830227,497491
ERR4830227,797736
ERR4830227,931123
ERR4830227,1759252
ERR4830227,2505085
ERR4813250,62657
ERR4813250,107794
ERR4813250,891756
ERR4813250,1759252
ERR2184610,497491
ERR2184610,797736
ERR2184610,931123
ERR2184610,1759252
ERR2184610,2505085
ERR4813267,403364
ERR4813267,764995
ERR4813267,1759252
ERR4811452,615938
ERR4811452,931123
ERR4811452,1759252
ERR4811452,2622402
ERR4811452,4404247
ERR4831630,497491
ERR4831630,797736
ERR4831630,931123
ERR4831630,1759252
ERR4831630,2505085
1821,783601
1821,1759252
1821,2411730
Peru4137,764995
Peru4137,1759252
Peru4137,3977226
Peru4137,4398141
Peru4737,62657
Peru4737,514245
Peru4737,1759252
Peru4737,4229087
ERR4810677,1719757
ERR4810677,1759252
ERR4809271,1759252
ERR4809271,3836739
NLA000401210,497491
NLA000401210,797736
NLA000401210,931123
NLA000401210,1759252
NLA000401210,2505085
ERR4797073,615938
ERR4797073,931123
ERR4797073,1759252
ERR4797073,2622402
ERR4797073,4404247
Peru5420,764995
Peru5420,1132368
Peru5420,1759252
Peru5420,3977226
IDR1800044747,1759252
IDR1800044747,3836739
Peru4665,764995
Peru4665,1759252
Peru4665,3977226
Peru4665,4398141
ERR4811939,497491
ERR4811939,797736
ERR4811939,931123
ERR4811939,1759252
ERR4811939,2505085
Peru4129,62657
Peru4129,514245
Peru4129,1759252
Peru4129,4229087
ERR4828461,346693
ERR4828461,497491
ERR4828461,931123
ERR4828461,1759252
ERR4828461,2505085
ERR4830098,62657
ERR4830098,107794
ERR4830098,891756
ERR4830098,1759252
ERR4822455,1487796
ERR4822455,1759252
ERR4822455,2411730
ERR4831144,931123
ERR4831144,1759252
ERR4831144,3273107
Peru4924,1759252
SAMEA3558170,1759252
ERR4828960,62657
ERR4828960,107794
ERR4828960,891756
ERR4828960,1759252
ERR4811723,764995
ERR4811723,1759252
ERR4811723,3977226
ERR4811723,4398141
ERR4809037,62657
ERR4809037,514245
ERR4809037,1759252
ERR4809037,4229087
ERR4828941,62657
ERR4828941,107794
ERR4828941,891756
ERR4828941,1759252
ERR4828693,346693
ERR4828693,497491
ERR4828693,931123
ERR4828693,1759252
ERR4828693,2505085
ERR4828481,497491
ERR4828481,797736
ERR4828481,931123
ERR4828481,1759252
ERR4828481,2505085
ERR3287822,497491
ERR3287822,797736
ERR3287822,931123
ERR3287822,1759252
ERR3287822,2505085
ERR4830906,497491
ERR4830906,797736
ERR4830906,931123
ERR4830906,1759252
ERR4830906,2505085
ERR4830438,497491
ERR4830438,797736
ERR4830438,931123
ERR4830438,1759252
ERR4830438,2505085
ERR4811135,1759252
ERR4811135,3836739
ERR3287346,403364
ERR3287346,764995
ERR3287346,1759252
ERR4808978,346693
ERR4808978,497491
ERR4808978,931123
ERR4808978,1759252
ERR4808978,2505085
ERR4828463,497491
ERR4828463,797736
ERR4828463,931123
ERR4828463,1759252
ERR4828463,2505085
ERR4814004,62657
ERR4814004,107794
ERR4814004,891756
ERR4814004,1759252
ERR4809088,764995
ERR4809088,1759252
ERR4809088,3388166
ERR4809088,4316114
ERR4808882,62657
ERR4808882,514245
ERR4808882,1759252
ERR4808882,1850119
ERR4796586,497491
ERR4796586,797736
ERR4796586,931123
ERR4796586,1759252
ERR4796586,2505085
ERR4796586,4248115
ERR4822614,1759252
ERR4822614,3836739
ERR4828488,497491
ERR4828488,797736
ERR4828488,931123
ERR4828488,1759252
ERR4828488,2505085
ERR4829963,1719757
ERR4829963,1759252
ERR4830651,497491
ERR4830651,797736
ERR4830651,931123
ERR4830651,1759252
ERR4830651,2505085
ERR4831816,497491
ERR4831816,797736
ERR4831816,931123
ERR4831816,1759252
ERR4831816,2505085
ERR4830803,1487796
ERR4830803,1759252
ERR4830803,2411730
ERR4830722,615614
ERR4830722,764995
ERR4830722,1759252
ERR4797448,931123
ERR4797448,1759252
ERR4797448,3273107
ERR4811730,62657
ERR4811730,107794
ERR4811730,891756
ERR4811730,1759252
ERR4822477,764995
ERR4822477,1132368
ERR4822477,1759252
ERR4822477,3977226
ERR4830047,62657
ERR4830047,107794
ERR4830047,891756
ERR4830047,1759252
1761,403364
1761,764995
1761,1759252
ERR4809258,346693
ERR4809258,497491
ERR4809258,931123
ERR4809258,1759252
ERR4809258,2505085
ERR4830168,497491
ERR4830168,797736
ERR4830168,931123
ERR4830168,1759252
ERR4830168,2505085
ERR4797773,931123
ERR4797773,1759252
ERR4797773,3273107
ERR4809267,497491
ERR4809267,797736
ERR4809267,931123
ERR4809267,1759252
ERR4809267,2505085
ERR4809267,4248115
ERR4812986,62657
ERR4812986,107794
ERR4812986,891756
ERR4812986,1759252
ERR4797425,931123
ERR4797425,1759252
ERR4797425,3273107
ERR4797425,3722702
ERR4830309,615938
ERR4830309,931123
ERR4830309,1759252
ERR4830309,3021283
ERR4830309,3216553
ERR4830309,4404247
ERR4828444,497491
ERR4828444,931123
ERR4828444,1759252
ERR5917992,346693
ERR5917992,497491
ERR5917992,931123
ERR5917992,1759252
ERR5917992,2505085
ERR4830183,1759252
ERR4830183,3836739
ERR4797175,403364
ERR4797175,764995
ERR4797175,1759252
ERR4796576,497491
ERR4796576,797736
ERR4796576,931123
ERR4796576,1759252
ERR4796576,2505085
ERR4822551,497491
ERR4822551,797736
ERR4822551,931123
ERR4822551,1759252
ERR4822551,2505085
02R1723,62657
02R1723,107794
02R1723,891756
02R1723,1759252
ERR4831856,497491
ERR4831856,797736
ERR4831856,931123
ERR4831856,1759252
ERR4831856,2505085
ERR4811439,62657
ERR4811439,107794
ERR4811439,891756
ERR4811439,1759252
ERR4797057,931123
ERR4797057,1759252
ERR4797057,3273107
ERR4797057,3722702
C456,497491
C456,797736
C456,931123
C456,1759252
C456,2505085
C456,4248115
ERR4822387,497491
ERR4822387,797736
ERR4822387,931123
ERR4822387,1759252
ERR4822387,2505085
ERR4811613,1759252
ERR4828627,1719757
ERR4828627,1759252
ERR4829187,764995
ERR4829187,1132368
ERR4829187,1759252
ERR4829187,3977226
ERR4811445,62657
ERR4811445,514245
ERR4811445,1759252
ERR4811445,4229087
MNG-S2014-0160,497491
MNG-S2014-0160,797736
MNG-S2014-0160,931123
MNG-S2014-0160,1759252
MNG-S2014-0160,2505085
ERR4812971,403364
ERR4812971,764995
ERR4812971,1759252
ERR4812195,62657
ERR4812195,107794
ERR4812195,891756
ERR4812195,1759252
ERR4830672,615614
ERR4830672,764995
ERR4830672,1759252
ERR5918104,346693
ERR5918104,497491
ERR5918104,931123
ERR5918104,1759252
ERR5918104,2505085
Peru5141,403364
Peru5141,764995
Peru5141,1759252
ERR4812169,497491
ERR4812169,797736
ERR4812169,931123
ERR4812169,1759252
ERR4812169,2505085
ERR4812352,62657
ERR4812352,107794
ERR4812352,891756
ERR4812352,1759252
ERR4812406,62657
ERR4812406,514245
ERR4812406,1759252
SAMN02380984,1501468
SAMN02380984,1759252
SAMN02380984,3466426
SAMN02380984,4260268
ERR4829135,62657
ERR4829135,107794
ERR4829135,891756
ERR4829135,1759252
ERR4797314,497491
ERR4797314,797736
ERR4797314,931123
ERR4797314,1759252
ERR4797314,2505085
Peru4083,403364
Peru4083,764995
Peru4083,1759252
ERR4831610,497491
ERR4831610,797736
ERR4831610,931123
ERR4831610,1759252
ERR4831610,2505085
ERR4813371,1759252
ERR2184495,62657
ERR2184495,107794
ERR2184495,891756
ERR2184495,1759252
ERR4828635,1759252
ERR4828635,3836739
ERR4809211,497491
ERR4809211,797736
ERR4809211,931123
ERR4809211,1759252
ERR4809211,2505085
ERR4809211,4248115
Peru3416,403364
Peru3416,764995
Peru3416,1759252
ERR4831070,931123
ERR4831070,1759252
ERR4831070,3273107
ERR4809112,355181
ERR4809112,1759252
ERR4809112,4151558
ERR4809112,4307886
ERR4830087,62657
ERR4830087,107794
ERR4830087,891756
ERR4830087,1759252
ERR4830337,497491
ERR4830337,797736
ERR4830337,931123
ERR4830337,1759252
ERR4830337,2505085
ERR4808868,497491
ERR4808868,931123
ERR4808868,1759252
ERR4808868,2505085
KOR-K2016-0042,1719757
KOR-K2016-0042,1759252
ERR4813810,764995
ERR4813810,1759252
ERR4813810,3977226
ERR4813810,4398141
ERR2184531,62657
ERR2184531,107794
ERR2184531,891756
ERR2184531,1759252
IDR1800024146,764995
IDR1800024146,1759252
IDR1800024146,4316114
ERR4797023,62657
ERR4797023,514245
ERR4797023,1759252
ERR4797023,4229087
Peru4952,62657
Peru4952,514245
Peru4952,1759252
ERR4798027,497491
ERR4798027,797736
ERR4798027,931123
ERR4798027,1759252
ERR4798027,2505085
KOR-K2016-0191,497491
KOR-K2016-0191,797736
KOR-K2016-0191,931123
KOR-K2016-0191,1759252
KOR-K2016-0191,2505085
ERR4831413,931123
ERR4831413,1759252
ERR4831413,3273107
ERR4797839,783601
ERR4797839,1759252
ERR4797839,2411730
ERR4798321,615938
ERR4798321,931123
ERR4798321,1759252
ERR4798321,2622402
ERR4798321,4404247
IDR1900007403,764995
IDR1900007403,1759252
IDR1900007403,3977226
IDR1900007403,4398141
ERR4813742,1759252
KOR-K2016-0152,497491
KOR-K2016-0152,797736
KOR-K2016-0152,931123
KOR-K2016-0152,1759252
KOR-K2016-0152,2505085
ERR2184522,497491
ERR2184522,797736
ERR2184522,931123
ERR2184522,1759252
ERR2184522,2505085
ERR4811463,497491
ERR4811463,797736
ERR4811463,931123
ERR4811463,1759252
ERR4811463,2505085
ERR4809313,764995
ERR4809313,1132368
ERR4809313,1502120
ERR4809313,1759252
ERR4809313,3977226
ERR4828409,497491
ERR4828409,797736
ERR4828409,931123
ERR4828409,1759252
ERR4828409,2505085
Peru5432,764995
Peru5432,1132368
Peru5432,1759252
Peru5432,3977226
Peru4706,403364
Peru4706,764995
Peru4706,1759252
JPN-R2012-0044,1487796
JPN-R2012-0044,1759252
JPN-R2012-0044,2411730
ERR4832013,497491
ERR4832013,797736
ERR4832013,931123
ERR4832013,1759252
ERR4832013,2505085
ERR4829496,62657
ERR4829496,107794
ERR4829496,891756
ERR4829496,1759252
ERR4796870,931123
ERR4796870,1759252
ERR4796870,3273107
JPN-R2012-0043,497491
JPN-R2012-0043,797736
JPN-R2012-0043,931123
JPN-R2012-0043,1759252
JPN-R2012-0043,2505085
ERR5918056,497491
ERR5918056,797736
ERR5918056,931123
ERR5918056,1759252
ERR5918056,2505085
KOR-K2016-0033,346693
KOR-K2016-0033,497491
KOR-K2016-0033,931123
KOR-K2016-0033,1759252
KOR-K2016-0033,2505085
ERR4796979,497491
ERR4796979,797736
ERR4796979,931123
ERR4796979,1759252
ERR4796979,2505085
ERR4831821,497491
ERR4831821,797736
ERR4831821,931123
ERR4831821,1759252
ERR4831821,2505085
C285,764995
C285,1759252
C285,3388166
C285,4316114
ERR4813189,403364
ERR4813189,764995
ERR4813189,1759252
ERR4829752,355181
ERR4829752,1759252
ERR4829752,4151558
ERR4829752,4307886
ERR4822617,931123
ERR4822617,1084911
ERR4822617,1759252
ERR4822617,3273107
ERR4812614,62657
ERR4812614,107794
ERR4812614,891756
ERR4812614,1759252
ERR4812228,62657
ERR4812228,514245
ERR4812228,1759252
ERR4812228,4229087
02R0911,403364
02R0911,764995
02R0911,1759252
ERR4811415,1759252
ERR4811415,2875883
ERR4811415,3466426
ERR4811415,4125058
ERR4810754,1719757
ERR4810754,1759252
ERR4811257,497491
ERR4811257,797736
ERR4811257,931123
ERR4811257,1759252
ERR4811257,2505085
Peru3435,764995
Peru3435,1759252
Peru3435,3977226
Peru3435,4398141
ERR4830291,615938
ERR4830291,931123
ERR4830291,1759252
ERR4830291,3021283
ERR4830291,3216553
ERR4830291,4404247
02R1793,497491
02R1793,797736
02R1793,931123
02R1793,1759252
02R1793,2505085
ERR4831387,615938
ERR4831387,931123
ERR4831387,1759252
ERR4831387,3470377
ERR4813846,764995
ERR4813846,1759252
ERR4813846,3977226
ERR4813846,4398141
ERR4830902,497491
ERR4830902,797736
ERR4830902,931123
ERR4830902,1759252
ERR4830902,2505085
C318,764995
C318,1759252
C318,3388166
C318,4316114
ERR3287656,62657
ERR3287656,514245
ERR3287656,1759252
ERR3287656,4229087
ERR4811685,764995
ERR4811685,1759252
ERR4811685,4316114
Peru5087,62657
Peru5087,107794
Peru5087,891756
Peru5087,1759252
ERR2184559,764995
ERR2184559,1759252
ERR2184559,4316114
ERR4831320,1759252
ERR4831320,2875883
ERR4831320,3466426
ERR4831320,4125058
ERR4811183,497491
ERR4811183,797736
ERR4811183,931123
ERR4811183,1759252
ERR4811183,2505085
ERR4811183,4248115
Peru5012,1759252
1770,931123
1770,1759252
1770,3273107
ERR4831176,1759252
ERR4831176,4249732
Peru2950,62657
Peru2950,107794
Peru2950,891756
Peru2950,1759252
SAMEA3558140,615938
SAMEA3558140,931123
SAMEA3558140,1759252
SAMEA3558140,2622402
SAMEA3558140,4404247
ERR4831606,497491
ERR4831606,797736
ERR4831606,931123
ERR4831606,1759252
ERR4831606,2505085
VG00072668,346693
VG00072668,497491
VG00072668,931123
VG00072668,1759252
VG00072668,2505085
ERR4830951,497491
ERR4830951,797736
ERR4830951,931123
ERR4830951,1759252
ERR4830951,2505085
ERR4796477,615938
ERR4796477,931123
ERR4796477,1759252
ERR4796477,3470377
KOR-K2016-0224,497491
KOR-K2016-0224,797736
KOR-K2016-0224,931123
KOR-K2016-0224,1759252
KOR-K2016-0224,2505085
ERR4830023,497491
ERR4830023,797736
ERR4830023,931123
ERR4830023,1759252
ERR4830023,2505085
ERR4813760,764995
ERR4813760,1759252
ERR4813760,3977226
ERR4813760,4398141
ERR4796523,615938
ERR4796523,931123
ERR4796523,1759252
ERR4796523,2622402
ERR4796523,4404247
ERR4808979,764995
ERR4808979,1759252
ERR4808979,3388166
ERR4808979,4316114
ERR4812985,62657
ERR4812985,514245
ERR4812985,1759252
ERR4797528,497491
ERR4797528,797736
ERR4797528,931123
ERR4797528,1759252
ERR4797528,2505085
ERR4797713,931123
ERR4797713,1759252
ERR4797713,3273107
Peru2974,403364
Peru2974,764995
Peru2974,1759252
ERR4828383,497491
ERR4828383,931123
ERR4828383,1759252
ERR4828383,2505085
Peru4974,764995
Peru4974,1132368
Peru4974,1759252
Peru4974,3977226
FS041-141,62657
FS041-141,891756
FS041-141,1759252
SAMEA3558210,764995
SAMEA3558210,1759252
ERR4828370,615938
ERR4828370,931123
ERR4828370,1759252
ERR4828370,3021283
ERR4828370,4404247
Peru4521,1759252
ERR4797016,931123
ERR4797016,1759252
ERR4797016,3273107
ERR3287758,403364
ERR3287758,764995
ERR3287758,1759252
Peru3393,497491
Peru3393,797736
Peru3393,931123
Peru3393,1759252
Peru3393,2505085
ERR4813744,62657
ERR4813744,107794
ERR4813744,891756
ERR4813744,1759252
ERR4829900,1759252
ERR4829900,4249732
ERR5917731,403364
ERR5917731,764995
ERR5917731,1759252
Peru4672,764995
Peru4672,1759252
Peru4672,3977226
Peru4672,4398141
Peru5105,62657
Peru5105,107794
Peru5105,891756
Peru5105,1759252
ERR4797099,497491
ERR4797099,797736
ERR4797099,931123
ERR4797099,1759252
ERR4797099,2505085
ERR4831347,931123
ERR4831347,1759252
ERR4831347,3273107
ERR4830344,615938
ERR4830344,931123
ERR4830344,1759252
ERR4830344,3021283
ERR4830344,3216553
ERR4830344,4404247
FS068C-242,62657
FS068C-242,514245
FS068C-242,541048
FS068C-242,1759252
ERR4831384,403364
ERR4831384,764995
ERR4831384,1759252
ERR4829172,931123
ERR4829172,1759252
ERR4829172,3273107
M0022188-8,62657
M0022188-8,107794
M0022188-8,891756
M0022188-8,1759252
ERR4811239,497491
ERR4811239,797736
ERR4811239,931123
ERR4811239,1759252
ERR4811239,2505085
ERR4809239,615938
ERR4809239,931123
ERR4809239,1759252
ERR4809239,3470377
ERR4810577,497491
ERR4810577,797736
ERR4810577,931123
ERR4810577,1759252
ERR4810577,2505085
ERR4809086,62657
ERR4809086,514245
ERR4809086,1759252
ERR4809086,1850119
KOR-K2016-0072,346693
KOR-K2016-0072,497491
KOR-K2016-0072,931123
KOR-K2016-0072,1759252
KOR-K2016-0072,2505085
ERR4813475,403364
ERR4813475,764995
ERR4813475,1759252
ERR3287647,62657
ERR3287647,514245
ERR3287647,1759252
ERR4797078,931123
ERR4797078,1759252
ERR4797078,3273107
ERR4822506,62657
ERR4822506,107794
ERR4822506,891756
ERR4822506,1759252
ERR4810619,497491
ERR4810619,797736
ERR4810619,931123
ERR4810619,1759252
ERR4810619,2505085
TDR007S79L002,62657
TDR007S79L002,514245
TDR007S79L002,1759252
TDR007S79L002,1850119
ERR3287704,764995
ERR3287704,1759252
ERR3287704,4316114
ERR4829403,62657
ERR4829403,1759252
ERR2510631,931123
ERR2510631,1759252
ERR2510631,3273107
ERR4828397,931123
ERR4828397,1759252
C052,346693
C052,497491
C052,931123
C052,1759252
C052,2505085
Peru4608,497491
Peru4608,797736
Peru4608,931123
Peru4608,1759252
Peru4608,2505085
ERR2184562,764995
ERR2184562,1759252
ERR2184562,4316114
IDR1800019768,497491
IDR1800019768,797736
IDR1800019768,931123
IDR1800019768,1759252
IDR1800019768,2505085
ERR4829462,1759252
ERR4829462,4249732
TDR129S132L002,62657
TDR129S132L002,107794
TDR129S132L002,891756
TDR129S132L002,1759252
TRL0116928,346693
TRL0116928,497491
TRL0116928,931123
TRL0116928,1759252
TRL0116928,2505085
ERR4808996,764995
ERR4808996,1759252
ERR4808996,3388166
ERR4808996,4316114
TRL0116598,62657
TRL0116598,514245
TRL0116598,1759252
TRL0116598,4229087
ERR4831828,615938
ERR4831828,931123
ERR4831828,1759252
ERR4831828,3021283
ERR4831828,3216553
ERR4831828,4404247
Peru4938,497491
Peru4938,797736
Peru4938,931123
Peru4938,1759252
Peru4938,2505085
ERR4813860,403364
ERR4813860,764995
ERR4813860,1759252
ERR4831087,931123
ERR4831087,1759252
ERR4831087,3273107
IDR1900052686,62657
IDR1900052686,107794
IDR1900052686,891756
IDR1900052686,1759252
ERR4829132,931123
ERR4829132,1759252
ERR4829132,3273107
Peru4454,1759252
EC311-397,1759252
EC311-397,3836739
SAMN02398711,346693
SAMN02398711,497491
SAMN02398711,931123
SAMN02398711,1759252
SAMN02398711,2505085
ERR4808902,346693
ERR4808902,497491
ERR4808902,931123
ERR4808902,1759252
ERR4808902,2505085
ERR5918012,497491
ERR5918012,797736
ERR5918012,931123
ERR5918012,1759252
ERR5918012,2505085
ERR4828329,615938
ERR4828329,931123
ERR4828329,1759252
ERR4828329,3021283
ERR4828329,3216553
ERR4828329,4404247
ERR4812788,764995
ERR4812788,1759252
ERR4812788,4316114
ERR4813745,764995
ERR4813745,1132368
ERR4813745,1759252
ERR4813745,3977226
NLA009501310,403364
NLA009501310,764995
NLA009501310,1759252
ERR4830236,615938
ERR4830236,931123
ERR4830236,1759252
ERR4830236,3021283
ERR4830236,3216553
ERR4830236,4404247
ERR4829497,615938
ERR4829497,931123
ERR4829497,1759252
ERR4829497,2622402
ERR4829497,4404247
ERR4831473,1759252
ERR4831473,3836739
ERR4831628,62657
ERR4831628,891756
ERR4831628,1759252
ERR4828363,797736
ERR4828363,931123
ERR4828363,1759252
ERR4828830,1759252
ERR4828830,3836739
ERR4811436,62657
ERR4811436,1759252
ERR4810946,497491
ERR4810946,797736
ERR4810946,931123
ERR4810946,1759252
ERR4810946,2505085
Peru4142,62657
Peru4142,107794
Peru4142,891756
Peru4142,1759252
ERR4829004,1487796
ERR4829004,1759252
ERR4829004,2411730
ERR4808948,355181
ERR4808948,1759252
ERR4808948,4151558
ERR4808948,4307886
ERR4797642,497491
ERR4797642,797736
ERR4797642,931123
ERR4797642,1759252
ERR4797642,2505085
ERR4797340,497491
ERR4797340,797736
ERR4797340,931123
ERR4797340,1759252
ERR4797340,2505085
ERR4809184,497491
ERR4809184,797736
ERR4809184,931123
ERR4809184,1759252
ERR4809184,2505085
ERR4796344,931123
ERR4796344,1759252
ERR4796344,3273107
ERR5917766,403364
ERR5917766,764995
ERR5917766,1759252
ERR4832055,497491
ERR4832055,797736
ERR4832055,931123
ERR4832055,1759252
ERR4832055,2505085
ERR2184406,1759252
ERR2184406,3836739
ERR3287454,764995
ERR3287454,1132368
ERR3287454,1759252
ERR3287454,3977226
ERR4796285,497491
ERR4796285,797736
ERR4796285,931123
ERR4796285,1759252
ERR4796285,2505085
SAMN02360560,346693
SAMN02360560,497491
SAMN02360560,931123
SAMN02360560,1759252
SAMN02360560,2505085
TDR199S150L002,497491
TDR199S150L002,797736
TDR199S150L002,931123
TDR199S150L002,1759252
TDR199S150L002,2505085
ERR4811890,497491
ERR4811890,797736
ERR4811890,931123
ERR4811890,1759252
ERR4811890,2505085
ERR2184385,403364
ERR2184385,764995
ERR2184385,1759252
ERR4796737,497491
ERR4796737,797736
ERR4796737,931123
ERR4796737,1759252
ERR4796737,2505085
ERR4808869,497491
ERR4808869,797736
ERR4808869,931123
ERR4808869,1759252
ERR4808869,2505085
ERR4808869,4248115
ERR3287375,62657
ERR3287375,107794
ERR3287375,891756
ERR3287375,1759252
ERR5918064,62657
ERR5918064,514245
ERR5918064,1759252
ERR5918064,1850119
ERR2510245,931123
ERR2510245,1759252
ERR2510245,3273107
ERR4822638,62657
ERR4822638,107794
ERR4822638,891756
ERR4822638,1759252
ERR2510570,931123
ERR2510570,1759252
ERR2510570,3273107
C428,497491
C428,797736
C428,931123
C428,1759252
C428,2505085
C428,4248115
ERR4810836,497491
ERR4810836,797736
ERR4810836,931123
ERR4810836,1759252
ERR4810836,2505085
ERR4829539,1759252
ERR4829539,3836739
ERR4831474,931123
ERR4831474,1759252
ERR4831474,3273107
KOR-K2016-0096,1759252
ERR4829520,1759252
ERR4829520,3836739
ERR4812996,1759252
ERR4830482,1759252
ERR4830482,3836739
ERR4811564,497491
ERR4811564,797736
ERR4811564,931123
ERR4811564,1759252
ERR4811564,2505085
ERR4811564,4248115
TDR112S88L002,346693
TDR112S88L002,497491
TDR112S88L002,931123
TDR112S88L002,1759252
TDR112S88L002,2505085
ERR4828240,497491
ERR4828240,797736
ERR4828240,931123
ERR4828240,1759252
ERR4828240,2505085
ERR4822499,62657
ERR4822499,107794
ERR4822499,891756
ERR4822499,1759252
ERR4828502,497491
ERR4828502,797736
ERR4828502,931123
ERR4828502,1759252
ERR4828502,2505085
SAMEA3558155,764995
SAMEA3558155,1759252
SAMEA3558155,3977226
SAMEA3558155,4398141
ERR4831004,497491
ERR4831004,797736
ERR4831004,931123
ERR4831004,1759252
ERR4831004,2505085
C214,497491
C214,797736
C214,931123
C214,1759252
C214,2505085
ERR4831453,931123
ERR4831453,1759252
ERR4831453,3273107
ERR5918079,355181
ERR5918079,1759252
ERR5918079,4151558
ERR5918079,4307886
ERR4812459,62657
ERR4812459,107794
ERR4812459,891756
ERR4812459,1759252
ERR4829120,1759252
ERR4829120,3836739
02R0237,1759252
02R0237,3836739
ERR4796740,497491
ERR4796740,797736
ERR4796740,931123
ERR4796740,1759252
ERR4796740,2505085
Peru4565,1759252
ERR4811877,497491
ERR4811877,931123
ERR4811877,1759252
ERR4811877,1881090
ERR4809135,497491
ERR4809135,797736
ERR4809135,931123
ERR4809135,1759252
ERR4809135,2505085
ERR5918062,497491
ERR5918062,797736
ERR5918062,931123
ERR5918062,1759252
ERR5918062,2505085
ERR3287648,497491
ERR3287648,797736
ERR3287648,931123
ERR3287648,1759252
ERR3287648,2505085
ERR4831486,615938
ERR4831486,931123
ERR4831486,1759252
ERR4831486,2622402
ERR4831486,4404247
JPN-R2012-0089,497491
JPN-R2012-0089,797736
JPN-R2012-0089,931123
JPN-R2012-0089,1759252
JPN-R2012-0089,2505085
ERR2510468,931123
ERR2510468,1759252
ERR2510468,3273107
ERR4831897,497491
ERR4831897,797736
ERR4831897,931123
ERR4831897,1759252
ERR4831897,2505085
ERR4831001,497491
ERR4831001,797736
ERR4831001,931123
ERR4831001,1759252
ERR4831001,2505085
JPN-R2012-0006,615938
JPN-R2012-0006,931123
JPN-R2012-0006,1759252
JPN-R2012-0006,3479545
ERR4813406,62657
ERR4813406,107794
ERR4813406,891756
ERR4813406,1759252
Peru4089,764995
Peru4089,1759252
Peru4089,4316114
ERR4812010,62657
ERR4812010,514245
ERR4812010,1759252
ERR4812010,4229087
ERR4830188,497491
ERR4830188,797736
ERR4830188,931123
ERR4830188,1759252
ERR4830188,2505085
ERR4811432,403364
ERR4811432,764995
ERR4811432,1759252
ERR5918068,764995
ERR5918068,1132368
ERR5918068,1502120
ERR5918068,1759252
ERR5918068,3977226
ERR4829933,497491
ERR4829933,797736
ERR4829933,931123
ERR4829933,1759252
ERR4829933,2505085
ERR2510433,931123
ERR2510433,1759252
ERR2510433,3273107
Peru2911,764995
Peru2911,1132368
Peru2911,1759252
Peru2911,3977226
Peru3070,403364
Peru3070,764995
Peru3070,1759252
ERR2510415,931123
ERR2510415,1759252
ERR2510415,3273107
ERR4797736,931123
ERR4797736,1759252
ERR4797736,1882180
ERR4797736,2831482
ERR4829724,783601
ERR4829724,1759252
ERR4829724,2411730
ERR2184572,62657
ERR2184572,107794
ERR2184572,891756
ERR2184572,1759252
ERR4796506,931123
ERR4796506,1237818
ERR4796506,1759252
ERR4796506,3273107
ERR4796506,3722702
ERR4831162,355181
ERR4831162,1759252
ERR4831162,4151558
ERR4831162,4307886
ERR4796290,931123
ERR4796290,1759252
ERR4796290,3273107
TRL0113347,355181
TRL0113347,1759252
TRL0113347,4151558
TRL0113347,4307886
ERR4812392,764995
ERR4812392,1759252
ERR4812392,4316114
ERR3287314,62657
ERR3287314,107794
ERR3287314,891756
ERR3287314,1759252
ERR4796838,931123
ERR4796838,1759252
ERR4796838,3273107
ERR4796838,3722702
ERR4797772,497491
ERR4797772,797736
ERR4797772,931123
ERR4797772,1759252
ERR4797772,2505085
ERR4797137,497491
ERR4797137,797736
ERR4797137,931123
ERR4797137,1759252
ERR4797137,2505085
ERR4828186,615938
ERR4828186,931123
ERR4828186,1759252
ERR4828186,3021283
ERR4828186,3216553
ERR4828186,4404247
ERR4811733,497491
ERR4811733,797736
ERR4811733,931123
ERR4811733,1759252
ERR4811733,2505085
ERR4797292,1759252
ERR4797292,3836739
IDR1600020202,62657
IDR1600020202,107794
IDR1600020202,891756
IDR1600020202,1759252
ERR4830899,497491
ERR4830899,797736
ERR4830899,931123
ERR4830899,1759252
ERR4830899,2505085
Peru4079,62657
Peru4079,514245
Peru4079,1759252
TRL0114463,497491
TRL0114463,797736
TRL0114463,931123
TRL0114463,1759252
TRL0114463,2505085
ERR4830369,497491
ERR4830369,797736
ERR4830369,931123
ERR4830369,1759252
ERR4830369,2505085
ERR4812052,764995
ERR4812052,1759252
TRL0083502,497491
TRL0083502,797736
TRL0083502,931123
TRL0083502,1759252
TRL0083502,2505085
TRL0083502,4248115
ERR3287799,497491
ERR3287799,797736
ERR3287799,931123
ERR3287799,1759252
ERR3287799,2505085
ERR4808923,1719757
ERR4808923,1759252
ERR4812599,1759252
ERR4812599,4151558
ERR4812599,4307886
Peru5445,1759252
02R1076,62657
02R1076,107794
02R1076,891756
02R1076,1759252
ERR4813998,403364
ERR4813998,764995
ERR4813998,1759252
ERR4812752,764995
ERR4812752,1132368
ERR4812752,1759252
ERR4812752,3977226
ERR4828927,1759252
ERR4828927,3836739
ERR4831137,1719757
ERR4831137,1759252
ERR4810582,497491
ERR4810582,797736
ERR4810582,931123
ERR4810582,1759252
ERR4810582,2505085
ERR3287848,62657
ERR3287848,514245
ERR3287848,1759252
ERR3287848,4229087
ERR2184261,355181
ERR2184261,1759252
ERR2184261,4151558
ERR2184261,4307886
ERR4811245,1719757
ERR4811245,1759252
ERR4796989,497491
ERR4796989,797736
ERR4796989,931123
ERR4796989,1759252
ERR4796989,2505085
ERR4796989,4248115
ERR4797419,497491
ERR4797419,797736
ERR4797419,931123
ERR4797419,1759252
ERR4797419,2505085
ERR4796270,931123
ERR4796270,1759252
ERR4796270,3273107
ERR4812458,403364
ERR4812458,764995
ERR4812458,1759252
ERR4832058,497491
ERR4832058,797736
ERR4832058,931123
ERR4832058,1759252
ERR4832058,2505085
ERR4832058,4248115
ERR4809345,764995
ERR4809345,1759252
ERR4809345,3388166
ERR4809345,4316114
TDR78S175L002,497491
TDR78S175L002,797736
TDR78S175L002,931123
TDR78S175L002,1759252
TDR78S175L002,2505085
ERR4822539,355181
ERR4822539,1759252
ERR4822539,4151558
ERR4822539,4307886
ERR4797401,931123
ERR4797401,1759252
ERR4797401,3273107
ERR4811990,62657
ERR4811990,107794
ERR4811990,891756
ERR4811990,1759252
ERR4829445,62657
ERR4829445,107794
ERR4829445,891756
ERR4829445,1759252
SAMN02567674,764995
SAMN02567674,1132368
SAMN02567674,1759252
SAMN02567674,3977226
ERR4829685,615938
ERR4829685,931123
ERR4829685,1759252
ERR4829685,3479545
TRL0037975,1759252
TRL0037975,3836739
ERR4814016,1759252
ERR4814016,4151558
ERR4814016,4307886
TDR67S103L002,1501468
TDR67S103L002,1759252
TDR67S103L002,3466426
TDR67S103L002,4260268
ERR4810658,497491
ERR4810658,797736
ERR4810658,931123
ERR4810658,1759252
ERR4810658,2505085
ERR4831407,1759252
ERR4831407,3836739
ERR3287787,764995
ERR3287787,1759252
ERR3287787,4316114
KF00065920,764995
KF00065920,1759252
KF00065920,3388166
KF00065920,4316114
ERR4810979,1487796
ERR4810979,1759252
ERR4810979,2411730
ERR4831182,931123
ERR4831182,1759252
ERR4831182,1882180
ERR4831182,2831482
ERR4829100,1759252
ERR4829100,3466426
ERR4829100,4125058
SAMEA3558207,62657
SAMEA3558207,107794
SAMEA3558207,891756
SAMEA3558207,1759252
ERR2510322,62657
ERR2510322,514245
ERR2510322,1759252
ERR2510322,1850119
ERR4828671,497491
ERR4828671,797736
ERR4828671,931123
ERR4828671,1759252
ERR4828671,2505085
ERR4811074,497491
ERR4811074,797736
ERR4811074,931123
ERR4811074,1759252
ERR4811074,2505085
Peru4649,62657
Peru4649,107794
Peru4649,891756
Peru4649,1759252
ERR4812577,403364
ERR4812577,764995
ERR4812577,1759252
ERR4828149,497491
ERR4828149,797736
ERR4828149,931123
ERR4828149,1759252
ERR4828149,2505085
ERR4828149,4248115
ERR4809298,355181
ERR4809298,1759252
ERR4809298,4151558
ERR4809298,4307886
1788,497491
1788,797736
1788,931123
1788,1759252
1788,2505085
ERR4831009,497491
ERR4831009,797736
ERR4831009,931123
ERR4831009,1759252
ERR4831009,2505085
ERR4796965,497491
ERR4796965,797736
ERR4796965,931123
ERR4796965,1759252
ERR4796965,2505085
ERR4796965,3836274
ERR4813790,764995
ERR4813790,1132368
ERR4813790,1759252
ERR4813790,3977226
ERR4796650,931123
ERR4796650,1759252
ERR4796650,3273107
ERR4809000,497491
ERR4809000,797736
ERR4809000,931123
ERR4809000,1759252
ERR4809000,2505085
ERR4809000,4248115
19-1773-0234,497491
19-1773-0234,797736
19-1773-0234,931123
19-1773-0234,1759252
19-1773-0234,2505085
19-1773-0234,4248115
ERR4830112,497491
ERR4830112,797736
ERR4830112,931123
ERR4830112,1759252
ERR4830112,2505085
ERR2510562,931123
ERR2510562,1759252
ERR2510562,3273107
1795,1759252
1795,4249732
SAMEA3558187,1759252
SAMEA3558187,3836739
ERR4829126,615938
ERR4829126,931123
ERR4829126,1759252
ERR4829126,3021283
ERR4829126,4404247
ERR4796538,497491
ERR4796538,797736
ERR4796538,931123
ERR4796538,1759252
ERR4796538,2505085
Peru2927,403364
Peru2927,764995
Peru2927,1759252
ERR4830978,497491
ERR4830978,797736
ERR4830978,931123
ERR4830978,1759252
ERR4830978,2505085
ERR4811626,1759252
ERR4811626,4246508
ERR4811626,4307886
ERR4796943,615938
ERR4796943,931123
ERR4796943,1759252
ERR4796943,3479545
ERR4797005,615938
ERR4797005,931123
ERR4797005,1759252
ERR4797005,2622402
ERR4797005,4404247
ERR4808909,497491
ERR4808909,797736
ERR4808909,931123
ERR4808909,1759252
ERR4808909,2505085
ERR4829700,1759252
ERR4829700,3836739
ERR4797329,497491
ERR4797329,797736
ERR4797329,931123
ERR4797329,1759252
ERR4797329,2505085
ERR2184222,403364
ERR2184222,764995
ERR2184222,1759252
ERR4812957,1759252
ERR4812957,3836739
ERR4830068,497491
ERR4830068,797736
ERR4830068,931123
ERR4830068,1759252
ERR4830068,2505085
ERR5918020,497491
ERR5918020,797736
ERR5918020,931123
ERR5918020,1759252
ERR5918020,2505085
ERR4829568,1759252
ERR4829568,3836739
ERR4831005,1487796
ERR4831005,1759252
ERR4831005,2411730
ERR4796400,615938
ERR4796400,931123
ERR4796400,1759252
ERR4796400,2622402
ERR4796400,4404247
TDR159S106L002,62657
TDR159S106L002,107794
TDR159S106L002,891756
TDR159S106L002,1759252
ERR4797640,497491
ERR4797640,797736
ERR4797640,931123
ERR4797640,1759252
ERR4797640,2505085
ERR4812929,403364
ERR4812929,764995
ERR4812929,1759252
ERR4811428,1759252
ERR4811428,2875883
ERR4811428,3466426
ERR4811428,4125058
KOR-K2016-0134,497491
KOR-K2016-0134,797736
KOR-K2016-0134,931123
KOR-K2016-0134,1759252
KOR-K2016-0134,2505085
ERR5918030,764995
ERR5918030,1759252
ERR5918030,3388166
ERR5918030,4316114
ERR4797832,931123
ERR4797832,1759252
ERR4797832,3273107
ERR4830728,355181
ERR4830728,1759252
ERR4830728,4151558
ERR4830728,4307886
ERR2184579,62657
ERR2184579,107794
ERR2184579,891756
ERR2184579,1759252
ERR4813459,62657
ERR4813459,514245
ERR4813459,1759252
ERR4813459,4229087
Peru3372,62657
Peru3372,107794
Peru3372,891756
Peru3372,1759252
ERR4829153,1759252
ERR4829153,3466426
ERR4828968,62657
ERR4828968,107794
ERR4828968,891756
ERR4828968,1759252
Peru4062,1759252
Peru4062,3836739
ERR5917755,62657
ERR5917755,891756
ERR5917755,1759252
ERR4813089,62657
ERR4813089,107794
ERR4813089,891756
ERR4813089,1759252
ERR4828863,764995
ERR4828863,1132368
ERR4828863,1759252
ERR4828863,3977226
ERR4797631,497491
ERR4797631,797736
ERR4797631,931123
ERR4797631,1759252
ERR4797631,2505085
ERR4811124,497491
ERR4811124,797736
ERR4811124,931123
ERR4811124,1759252
ERR4811124,2505085
ERR4828957,62657
ERR4828957,107794
ERR4828957,891756
ERR4828957,1759252
ERR4813806,403364
ERR4813806,764995
ERR4813806,1759252
ERR4796905,497491
ERR4796905,797736
ERR4796905,931123
ERR4796905,1759252
ERR4796905,2505085
ERR4797761,931123
ERR4797761,1759252
ERR4797761,3273107
ERR4797018,403364
ERR4797018,764995
ERR4797018,1759252
JG00423359,497491
JG00423359,797736
JG00423359,931123
JG00423359,1759252
JG00423359,2505085
ERR4822567,1719757
ERR4822567,1759252
ERR4828954,62657
ERR4828954,107794
ERR4828954,891756
ERR4828954,1759252
FS519-287,615938
FS519-287,931123
FS519-287,1759252
FS519-287,3470377
ERR4829378,497491
ERR4829378,797736
ERR4829378,931123
ERR4829378,1759252
ERR4829378,2505085
ERR4828651,497491
ERR4828651,797736
ERR4828651,931123
ERR4828651,1759252
ERR4828651,2505085
ERR4828651,4248115
ERR4797180,497491
ERR4797180,797736
ERR4797180,931123
ERR4797180,1759252
ERR4797180,2505085
Peru4936,1759252
KOR-K2016-0194,346693
KOR-K2016-0194,497491
KOR-K2016-0194,931123
KOR-K2016-0194,1759252
KOR-K2016-0194,2505085
ERR4796356,931123
ERR4796356,1759252
ERR4796356,3273107
TRL0115581,346693
TRL0115581,497491
TRL0115581,931123
TRL0115581,1759252
TRL0115581,2505085
ERR5918141,764995
ERR5918141,1759252
ERR5918141,3388166
ERR5918141,4316114
ERR4811365,497491
ERR4811365,797736
ERR4811365,931123
ERR4811365,1759252
ERR4811365,2505085
TDR49S210L002,497491
TDR49S210L002,797736
TDR49S210L002,931123
TDR49S210L002,1759252
TDR49S210L002,2505085
KOR-K2016-0219,497491
KOR-K2016-0219,797736
KOR-K2016-0219,931123
KOR-K2016-0219,1759252
KOR-K2016-0219,2505085
ERR4830186,497491
ERR4830186,797736
ERR4830186,931123
ERR4830186,1759252
ERR4830186,2505085
ERR4811244,497491
ERR4811244,797736
ERR4811244,931123
ERR4811244,1759252
ERR4811244,2505085
Peru4094,764995
Peru4094,1759252
Peru4094,3977226
Peru4094,4398141
ERR4830192,615938
ERR4830192,931123
ERR4830192,1759252
ERR4830192,3021283
ERR4830192,3216553
ERR4830192,4404247
21573,764995
21573,1759252
21573,3388166
21573,4316114
ERR4830799,1487796
ERR4830799,1759252
ERR4830799,2411730
JPN-R2012-0003,497491
JPN-R2012-0003,797736
JPN-R2012-0003,931123
JPN-R2012-0003,1759252
JPN-R2012-0003,2505085
JPN-R2012-0025,1719757
JPN-R2012-0025,1759252
ERR4830588,783601
ERR4830588,1759252
ERR4830588,2411730
IDR1700031502,1759252
IDR1700031502,3836739
ERR4830610,497491
ERR4830610,797736
ERR4830610,931123
ERR4830610,1759252
ERR4830610,2505085
ERR4810547,497491
ERR4810547,797736
ERR4810547,931123
ERR4810547,1759252
ERR4810547,2505085
ERR4811521,497491
ERR4811521,797736
ERR4811521,931123
ERR4811521,1759252
ERR4811521,2505085
ERR4828538,615938
ERR4828538,931123
ERR4828538,1759252
ERR4828538,3021283
ERR4828538,3216553
ERR4828538,4404247
ERR4797335,615938
ERR4797335,931123
ERR4797335,1759252
ERR4797335,2622402
ERR4797335,4404247
ERR3287385,764995
ERR3287385,1759252
ERR3287385,4316114
JA00127310,497491
JA00127310,797736
JA00127310,931123
JA00127310,1759252
JA00127310,2505085
ERR5918091,497491
ERR5918091,797736
ERR5918091,931123
ERR5918091,1759252
ERR5918091,2505085
ERR5918091,4248115
ERR4798044,497491
ERR4798044,797736
ERR4798044,931123
ERR4798044,1759252
ERR4798044,2505085
ERR4810866,497491
ERR4810866,797736
ERR4810866,931123
ERR4810866,1759252
ERR4810866,2505085
C432,497491
C432,797736
C432,931123
C432,1759252
C432,2505085
C432,4248115
UH00163533,346693
UH00163533,497491
UH00163533,931123
UH00163533,1759252
UH00163533,2505085
ERR4798369,615938
ERR4798369,931123
ERR4798369,1759252
ERR4798369,3470377
Peru4701,931123
Peru4701,1759252
Peru4701,1882180
Peru4701,2831482
ERR4828790,62657
ERR4828790,107794
ERR4828790,891756
ERR4828790,1759252
IDR1900022516,1759252
IDR1900022516,4246508
IDR1900022516,4307886
ERR4811611,497491
ERR4811611,797736
ERR4811611,931123
ERR4811611,1759252
ERR4811611,2505085
ERR4797568,931123
ERR4797568,1237818
ERR4797568,1759252
ERR4797568,3273107
ERR4797568,3722702
TDR176S119L002,615938
TDR176S119L002,931123
TDR176S119L002,1759252
TDR176S119L002,3479545
ERR4812335,403364
ERR4812335,764995
ERR4812335,1759252
ERR4811695,62657
ERR4811695,107794
ERR4811695,891756
ERR4811695,1759252
ERR4811799,764995
ERR4811799,1759252
ERR4811799,4316114
1780,931123
1780,1759252
1780,3273107
0310017,346693
0310017,497491
0310017,931123
0310017,1759252
0310017,2505085
ERR5918028,497491
ERR5918028,797736
ERR5918028,931123
ERR5918028,1759252
ERR5918028,2505085
ERR5918028,4248115
ERR4828724,497491
ERR4828724,797736
ERR4828724,931123
ERR4828724,1759252
ERR4828724,2505085
ERR4828724,4248115
ERR4811298,497491
ERR4811298,797736
ERR4811298,931123
ERR4811298,1759252
ERR4811298,2505085
ERR4831773,497491
ERR4831773,797736
ERR4831773,931123
ERR4831773,1759252
ERR4831773,2505085
ERR4798315,1719757
ERR4798315,1759252
ERR4811747,355181
ERR4811747,1759252
ERR4811747,4151558
ERR4811747,4307886
ERR4811306,497491
ERR4811306,797736
ERR4811306,931123
ERR4811306,1759252
ERR4811306,2505085
ERR4831896,497491
ERR4831896,797736
ERR4831896,931123
ERR4831896,1759252
ERR4831896,2505085
Peru4740,62657
Peru4740,514245
Peru4740,1759252
ERR4830267,497491
ERR4830267,797736
ERR4830267,931123
ERR4830267,1759252
ERR4830267,2505085
ERR4830267,4248115
Peru4687,497491
Peru4687,931123
Peru4687,1759252
Peru4687,1881090
ERR2184626,1759252
ERR2184626,3836739
C404,497491
C404,797736
C404,931123
C404,1759252
C404,2505085
C404,4248115
C247,764995
C247,1759252
C247,3388166
C247,4316114
ERR4809255,346693
ERR4809255,497491
ERR4809255,931123
ERR4809255,1759252
ERR4809255,2505085
ERR4796621,931123
ERR4796621,1759252
ERR4796621,3273107
M0010478-7,1759252
M0010478-7,4151558
M0010478-7,4307886
Peru4090,403364
Peru4090,764995
Peru4090,1759252
SAMEA3558162,497491
SAMEA3558162,797736
SAMEA3558162,931123
SAMEA3558162,1759252
SAMEA3558162,2505085
ERR4831847,497491
ERR4831847,797736
ERR4831847,931123
ERR4831847,1759252
ERR4831847,2505085
ERR4822520,62657
ERR4822520,107794
ERR4822520,891756
ERR4822520,1759252
RF00127752,403364
RF00127752,764995
RF00127752,1759252
Peru2945,62657
Peru2945,514245
Peru2945,1759252
ERR4830511,497491
ERR4830511,797736
ERR4830511,931123
ERR4830511,1759252
ERR4830511,2505085
ERR4828605,615938
ERR4828605,931123
ERR4828605,1759252
ERR4828605,3021283
ERR4828605,4404247
ERR4812566,764995
ERR4812566,1759252
ERR4812566,4316114
Peru5030,62657
Peru5030,514245
Peru5030,1759252
NLA009500730,62657
NLA009500730,514245
NLA009500730,1759252
NLA009500730,1850119
ERR4829704,497491
ERR4829704,797736
ERR4829704,931123
ERR4829704,1759252
ERR4829704,2505085
ERR2510374,931123
ERR2510374,1759252
ERR2510374,3273107
ERR4813114,62657
ERR4813114,107794
ERR4813114,891756
ERR4813114,1759252
ERR3287741,497491
ERR3287741,797736
ERR3287741,931123
ERR3287741,1759252
ERR3287741,2505085
ERR4829920,1455780
ERR4829920,1487796
ERR4829920,1759252
ERR4829920,2411730
FS048-148,497491
FS048-148,797736
FS048-148,931123
FS048-148,1759252
FS048-148,2505085
FS048-148,4248115
ERR4797415,615938
ERR4797415,931123
ERR4797415,1759252
ERR4797415,2622402
ERR4797415,4404247
ERR4829876,931123
ERR4829876,1084911
ERR4829876,1759252
ERR4829876,3273107
ERR4810881,1719757
ERR4810881,1759252
ERR4828926,1759252
ERR4828926,3466426
ERR4810833,1759252
ERR4810833,2411730
ERR4828831,497491
ERR4828831,797736
ERR4828831,931123
ERR4828831,1759252
ERR4828831,2505085
ERR4797049,931123
ERR4797049,1759252
ERR4797049,3273107
ERR4812042,1759252
ERR4812042,4249732
ERR4796750,403364
ERR4796750,764995
ERR4796750,1759252
ERR4812465,62657
ERR4812465,107794
ERR4812465,891756
ERR4812465,1759252
ERR4809096,355181
ERR4809096,1759252
ERR4809096,4151558
ERR4809096,4307886
C415,497491
C415,797736
C415,931123
C415,1759252
C415,2505085
ERR4812925,403364
ERR4812925,764995
ERR4812925,1759252
ERR4811238,346693
ERR4811238,497491
ERR4811238,931123
ERR4811238,1759252
ERR4811238,2505085
ERR4812190,1759252
ERR4812190,4151558
ERR4812190,4307886
TDR180S135L002,62657
TDR180S135L002,891756
TDR180S135L002,1759252
ERR4812342,62657
ERR4812342,107794
ERR4812342,891756
ERR4812342,1759252
ERR4829627,931123
ERR4829627,1759252
ERR4829627,1882180
ERR4829627,2831482
ERR4810585,1759252
ERR4810585,4246508
ERR4810585,4307886
ERR4828359,615938
ERR4828359,931123
ERR4828359,1759252
ERR4828359,3021283
ERR4828359,3216553
ERR4828359,4404247
ERR4811838,62657
ERR4811838,107794
ERR4811838,891756
ERR4811838,1759252
KOR-K2016-0218,497491
KOR-K2016-0218,797736
KOR-K2016-0218,931123
KOR-K2016-0218,1759252
KOR-K2016-0218,2505085
Peru3269,403364
Peru3269,764995
Peru3269,1759252
ERR4808931,764995
ERR4808931,1759252
ERR4808931,3388166
ERR4808931,4316114
Peru2910,62657
Peru2910,107794
Peru2910,891756
Peru2910,1759252
02R1685,403364
02R1685,764995
02R1685,1759252
ERR4830421,497491
ERR4830421,797736
ERR4830421,931123
ERR4830421,1759252
ERR4830421,2505085
ERR2184650,403364
ERR2184650,764995
ERR2184650,1759252
Peru4305,62657
Peru4305,107794
Peru4305,891756
Peru4305,1759252
JPN-R2012-0078,497491
JPN-R2012-0078,797736
JPN-R2012-0078,931123
JPN-R2012-0078,1759252
JPN-R2012-0078,2505085
ERR2184519,62657
ERR2184519,107794
ERR2184519,891756
ERR2184519,1759252
ERR4828195,497491
ERR4828195,797736
ERR4828195,931123
ERR4828195,1759252
ERR4828195,2505085
ERR4809315,497491
ERR4809315,797736
ERR4809315,931123
ERR4809315,1759252
ERR4809315,2505085
ERR4809315,4248115
C270,1759252
C270,3836739
ERR4811206,1487796
ERR4811206,1759252
ERR4811206,2411730
ERR4830448,497491
ERR4830448,797736
ERR4830448,931123
ERR4830448,1759252
ERR4830448,2505085
SAMEA3558111,1759252
ERR4813269,62657
ERR4813269,107794
ERR4813269,891756
ERR4813269,1759252
MNG-S2014-0014,497491
MNG-S2014-0014,797736
MNG-S2014-0014,931123
MNG-S2014-0014,1759252
MNG-S2014-0014,2505085
ERR4809246,62657
ERR4809246,514245
ERR4809246,1759252
ERR4809246,4229087
Peru4958,403364
Peru4958,764995
Peru4958,1759252
ERR4828705,497491
ERR4828705,797736
ERR4828705,931123
ERR4828705,1759252
ERR4828705,2505085
ERR4828705,4248115
ERR4829907,62657
ERR4829907,107794
ERR4829907,891756
ERR4829907,1759252
ERR4828695,497491
ERR4828695,797736
ERR4828695,931123
ERR4828695,1759252
ERR4828695,2505085
ERR4828910,1759252
ERR4828910,3836739
ERR4829021,1759252
ERR4829021,3836739
Peru3049,403364
Peru3049,764995
Peru3049,1759252
ERR4808861,764995
ERR4808861,1132368
ERR4808861,1502120
ERR4808861,1759252
ERR4808861,3977226
ERR4831401,62657
ERR4831401,107794
ERR4831401,891756
ERR4831401,1759252
C482,497491
C482,797736
C482,931123
C482,1759252
C482,2505085
ERR4797326,497491
ERR4797326,797736
ERR4797326,931123
ERR4797326,1759252
ERR4797326,2505085
ERR4811299,497491
ERR4811299,797736
ERR4811299,931123
ERR4811299,1759252
ERR4811299,2505085
Peru3329,403364
Peru3329,764995
Peru3329,1759252
ERR4828604,497491
ERR4828604,797736
ERR4828604,931123
ERR4828604,1759252
ERR4828604,2505085
ERR3287327,62657
ERR3287327,107794
ERR3287327,891756
ERR3287327,1759252
ERR4797207,1487796
ERR4797207,1759252
ERR4797207,2411730
ERR4796330,931123
ERR4796330,1759252
ERR4796330,3273107
ERR4830304,497491
ERR4830304,797736
ERR4830304,931123
ERR4830304,1759252
ERR4830304,2505085
ERR4812018,403364
ERR4812018,764995
ERR4812018,1759252
ERR4797064,931123
ERR4797064,1759252
ERR4797064,3273107
ERR4809289,497491
ERR4809289,797736
ERR4809289,931123
ERR4809289,1759252
ERR4809289,2505085
Peru4963,497491
Peru4963,797736
Peru4963,931123
Peru4963,1759252
Peru4963,2505085
ERR4812203,764995
ERR4812203,1759252
ERR4812203,4316114
ERR4828330,615938
ERR4828330,931123
ERR4828330,1759252
ERR4828330,3021283
ERR4828330,3216553
ERR4828330,4404247
ERR4822589,497491
ERR4822589,797736
ERR4822589,931123
ERR4822589,1759252
ERR4822589,2505085
ERR2510619,931123
ERR2510619,1759252
ERR2510619,3273107
ERR4809117,764995
ERR4809117,1759252
ERR4809117,3388166
ERR4809117,4316114
ERR4830433,615938
ERR4830433,931123
ERR4830433,1759252
ERR4830433,3021283
ERR4830433,3216553
ERR4830433,4404247
KOR-K2016-0130,346693
KOR-K2016-0130,497491
KOR-K2016-0130,931123
KOR-K2016-0130,1759252
KOR-K2016-0130,2505085
ERR4828868,1487796
ERR4828868,1759252
ERR4828868,2411730
ERR4812404,1759252
ERR4830327,497491
ERR4830327,797736
ERR4830327,931123
ERR4830327,1759252
ERR4830327,2505085
ERR4810684,1759252
ERR4810684,4246508
ERR4810684,4307886
ERR2184479,497491
ERR2184479,797736
ERR2184479,931123
ERR2184479,1759252
ERR2184479,2505085
ERR4812548,62657
ERR4812548,107794
ERR4812548,891756
ERR4812548,1759252
ERR4797007,497491
ERR4797007,797736
ERR4797007,931123
ERR4797007,1759252
ERR4797007,2505085
ERR4797044,497491
ERR4797044,797736
ERR4797044,931123
ERR4797044,1759252
ERR4797044,2505085
ERR4809205,497491
ERR4809205,797736
ERR4809205,931123
ERR4809205,1759252
ERR4809205,2505085
ERR4812892,403364
ERR4812892,764995
ERR4812892,1759252
ERR4812212,403364
ERR4812212,764995
ERR4812212,1759252
Peru4690,62657
Peru4690,514245
Peru4690,1759252
Peru4690,4229087
ERR2184585,62657
ERR2184585,107794
ERR2184585,891756
ERR2184585,1759252
ERR3287452,403364
ERR3287452,764995
ERR3287452,1759252
ERR4828184,1759252
ERR4828184,2694560
ERR4828184,4151558
ERR4828184,4307886
ERR4830308,615938
ERR4830308,931123
ERR4830308,1759252
ERR4830308,3021283
ERR4830308,3216553
ERR4830308,4404247
ERR2510354,931123
ERR2510354,1759252
ERR2510354,3273107
ERR4830208,497491
ERR4830208,797736
ERR4830208,931123
ERR4830208,1759252
ERR4830208,2505085
ERR4830208,4248115
Peru4909,62657
Peru4909,107794
Peru4909,891756
Peru4909,1759252
ERR2510560,931123
ERR2510560,1759252
ERR2510560,3273107
ERR4830264,497491
ERR4830264,797736
ERR4830264,931123
ERR4830264,1759252
ERR4830264,2505085
ERR4830264,4248115
ERR4812513,764995
ERR4812513,1759252
ERR4812513,4316114
ERR2510343,931123
ERR2510343,1759252
ERR2510343,3273107
Peru4636,1759252
Peru4636,3836739
IDR1800026450,764995
IDR1800026450,1759252
IDR1800026450,3977226
IDR1800026450,4398141
ERR2184492,764995
ERR2184492,1759252
ERR2184492,4316114
ERR4830428,615938
ERR4830428,931123
ERR4830428,1759252
ERR4830428,3021283
ERR4830428,3216553
ERR4830428,4404247
ERR4796452,931123
ERR4796452,1759252
ERR4796452,3273107
IDR1700032939,497491
IDR1700032939,797736
IDR1700032939,931123
IDR1700032939,1759252
IDR1700032939,2505085
Peru3378,403364
Peru3378,764995
Peru3378,1759252
ERR4822615,931123
ERR4822615,1084911
ERR4822615,1759252
ERR4822615,3273107
KOR-K2016-0068,497491
KOR-K2016-0068,797736
KOR-K2016-0068,931123
KOR-K2016-0068,1759252
KOR-K2016-0068,2505085
ERR4830202,615938
ERR4830202,931123
ERR4830202,1759252
ERR4830202,3021283
ERR4830202,3216553
ERR4830202,4404247
ERR4831720,497491
ERR4831720,797736
ERR4831720,931123
ERR4831720,1759252
ERR4831720,2505085
ERR4831720,4248115
NLA009900478,403364
NLA009900478,764995
NLA009900478,1759252
ERR4830766,403364
ERR4830766,764995
ERR4830766,1759252
ERR4828833,62657
ERR4828833,107794
ERR4828833,891756
ERR4828833,1759252
ERR4830781,62657
ERR4830781,107794
ERR4830781,891756
ERR4830781,1759252
ERR4813877,764995
ERR4813877,1759252
M0014577-2,62657
M0014577-2,107794
M0014577-2,891756
M0014577-2,1759252
ERR4831442,931123
ERR4831442,1759252
ERR4831442,3273107
ERR4830384,497491
ERR4830384,797736
ERR4830384,931123
ERR4830384,1759252
ERR4830384,2505085
ERR4830384,3836274
02R0407,62657
02R0407,107794
02R0407,891756
02R0407,1759252
ERR4811662,764995
ERR4811662,1759252
ERR4811662,4316114
ERR4828293,497491
ERR4828293,797736
ERR4828293,931123
ERR4828293,1759252
ERR4828293,2505085
ERR4797476,615938
ERR4797476,931123
ERR4797476,1759252
ERR4797476,2622402
ERR4797476,4404247
ERR4830332,497491
ERR4830332,797736
ERR4830332,931123
ERR4830332,1759252
ERR4830332,2505085
ERR2184429,403364
ERR2184429,764995
ERR2184429,1759252
TRL0101440,497491
TRL0101440,797736
TRL0101440,931123
TRL0101440,1759252
TRL0101440,2505085
ERR4796632,615938
ERR4796632,931123
ERR4796632,1759252
ERR4796632,2622402
ERR4796632,4404247
Peru4556,355181
Peru4556,1759252
Peru4556,4151558
Peru4556,4307886
ERR4811739,403364
ERR4811739,764995
ERR4811739,1759252
ERR4830981,497491
ERR4830981,797736
ERR4830981,931123
ERR4830981,1759252
ERR4830981,2505085
ERR4829864,1759252
ERR4829864,3836739
SAMEA3558137,931123
SAMEA3558137,1759252
SAMEA3558137,3273107
ERR4811911,497491
ERR4811911,797736
ERR4811911,931123
ERR4811911,1759252
ERR4811911,2505085
KOR-K2016-0069,346693
KOR-K2016-0069,497491
KOR-K2016-0069,931123
KOR-K2016-0069,1759252
KOR-K2016-0069,2505085
ERR4830967,62657
ERR4830967,107794
ERR4830967,891756
ERR4830967,1759252
ERR4797399,497491
ERR4797399,797736
ERR4797399,931123
ERR4797399,1759252
ERR4797399,2505085
ERR4809245,497491
ERR4809245,797736
ERR4809245,931123
ERR4809245,1759252
ERR4809245,2505085
ERR4809245,4248115
1785,62657
1785,514245
1785,1759252
1785,4229087
Peru3347,355181
Peru3347,1759252
Peru3347,4151558
Peru3347,4307886
ERR4797460,931123
ERR4797460,1759252
ERR4797460,3273107
ERR4810814,1719757
ERR4810814,1759252
TDR183S138L002,1759252
TDR183S138L002,2875883
TDR183S138L002,3466426
TDR183S138L002,4125058
ERR4810734,497491
ERR4810734,797736
ERR4810734,931123
ERR4810734,1759252
ERR4810734,2505085
ERR2510687,1759252
ERR2510687,2875883
ERR2510687,3466426
ERR2510687,4125058
ERR2510533,931123
ERR2510533,1759252
ERR2510533,3273107
ERR3287618,403364
ERR3287618,764995
ERR3287618,1759252
ERR4830345,615938
ERR4830345,931123
ERR4830345,1759252
ERR4830345,3021283
ERR4830345,3216553
ERR4830345,4404247
C142,497491
C142,797736
C142,931123
C142,1759252
C142,2505085
ERR4814033,764995
ERR4814033,1759252
ERR4814033,3977226
ERR4814033,4398141
TRL0016762,764995
TRL0016762,1759252
TRL0016762,3388166
TRL0016762,4316114
ERR4796525,497491
ERR4796525,797736
ERR4796525,931123
ERR4796525,1759252
ERR4796525,2505085
SAMN02381017,931123
SAMN02381017,1759252
SAMN02381017,3273107
ERR4828577,797736
ERR4828577,931123
ERR4828577,1759252
ERR4828577,2505085
ERR2510454,931123
ERR2510454,1759252
ERR2510454,3273107
ERR4810969,497491
ERR4810969,797736
ERR4810969,931123
ERR4810969,1759252
ERR4810969,2505085
ERR4796785,497491
ERR4796785,797736
ERR4796785,931123
ERR4796785,1759252
ERR4796785,2505085
ERR4829937,931123
ERR4829937,1759252
ERR4829937,3273107
ERR2510383,931123
ERR2510383,1759252
ERR2510383,3273107
ERR4829123,1759252
ERR4829123,2875883
ERR4829123,3466426
ERR4829123,4125058
ERR4812023,497491
ERR4812023,797736
ERR4812023,931123
ERR4812023,1759252
ERR4812023,2505085
ERR4811068,1719757
ERR4811068,1759252
ERR4831183,1759252
ERR4831183,3836739
Peru3287,62657
Peru3287,107794
Peru3287,891756
Peru3287,1759252
ERR4828251,497491
ERR4828251,797736
ERR4828251,931123
ERR4828251,1759252
ERR4828251,2505085
Peru3019,764995
Peru3019,1759252
Peru3019,4316114
ERR4796706,497491
ERR4796706,797736
ERR4796706,931123
ERR4796706,1759252
ERR4796706,2505085
Peru2971,403364
Peru2971,764995
Peru2971,1759252
ERR4796711,497491
ERR4796711,797736
ERR4796711,931123
ERR4796711,1759252
ERR4796711,2505085
ERR4811705,62657
ERR4811705,107794
ERR4811705,891756
ERR4811705,1759252
ERR4828406,497491
ERR4828406,797736
ERR4828406,931123
ERR4828406,1759252
ERR4828406,2505085
ERR4812708,403364
ERR4812708,764995
ERR4812708,1759252
ERR4830281,62657
ERR4830281,514245
ERR4830281,1759252
ERR4830281,1850119
ERR4830133,497491
ERR4830133,797736
ERR4830133,931123
ERR4830133,1759252
ERR4830133,2505085
ERR4828633,62657
ERR4828633,891756
ERR4828633,1759252
ERR4829433,1759252
ERR4829433,3836739
ERR3287821,1759252
ERR3287821,3836739
M0014540-0,403364
M0014540-0,764995
M0014540-0,1759252
ERR3287471,403364
ERR3287471,764995
ERR3287471,1759252
ERR4796973,497491
ERR4796973,797736
ERR4796973,931123
ERR4796973,1759252
ERR4796973,2505085
ERR4811545,497491
ERR4811545,797736
ERR4811545,931123
ERR4811545,1759252
ERR4811545,2505085
ERR4813973,1759252
ERR4813973,3836739
ERR4809326,346693
ERR4809326,497491
ERR4809326,931123
ERR4809326,1759252
ERR4809326,2505085
ERR4811098,497491
ERR4811098,797736
ERR4811098,931123
ERR4811098,1759252
ERR4811098,2505085
ERR4830368,615938
ERR4830368,931123
ERR4830368,1759252
ERR4830368,3021283
ERR4830368,3216553
ERR4830368,4404247
ERR2184240,764995
ERR2184240,1759252
ERR2184240,4316114
ERR4830244,62657
ERR4830244,891756
ERR4830244,1759252
ERR4829059,62657
ERR4829059,514245
ERR4829059,1759252
ERR4829059,1850119
ERR4829154,1759252
ERR4829154,2875883
ERR4829154,3466426
ERR4829154,4125058
ERR4808914,346693
ERR4808914,497491
ERR4808914,931123
ERR4808914,1759252
ERR4808914,2505085
ERR4813781,355181
ERR4813781,1759252
ERR4813781,4151558
ERR4813781,4307886
ERR4811248,497491
ERR4811248,797736
ERR4811248,931123
ERR4811248,1759252
ERR4811248,2505085
TDR108S84L002,1719757
TDR108S84L002,1759252
ERR4812730,403364
ERR4812730,764995
ERR4812730,1759252
TRL0113487,764995
TRL0113487,1132368
TRL0113487,1502120
TRL0113487,1759252
TRL0113487,3977226
ERR4828390,615938
ERR4828390,931123
ERR4828390,1759252
ERR4828390,3021283
ERR4828390,4404247
ERR4797316,615938
ERR4797316,931123
ERR4797316,1759252
ERR4797316,2622402
ERR4797316,4404247
ERR4796908,497491
ERR4796908,797736
ERR4796908,931123
ERR4796908,1759252
ERR4796908,2505085
ERR4796824,497491
ERR4796824,797736
ERR4796824,931123
ERR4796824,1759252
ERR4796824,2505085
ERR5918086,764995
ERR5918086,1759252
ERR5918086,3388166
ERR5918086,4316114
ERR4831960,497491
ERR4831960,797736
ERR4831960,931123
ERR4831960,1759252
ERR4831960,2505085
ERR4831855,497491
ERR4831855,797736
ERR4831855,931123
ERR4831855,1759252
ERR4831855,2505085
ERR4831855,4248115
C120,497491
C120,797736
C120,931123
C120,1759252
C120,2505085
ERR4829713,1759252
ERR4829713,3836739
KOR-K2016-0207,346693
KOR-K2016-0207,497491
KOR-K2016-0207,931123
KOR-K2016-0207,1759252
KOR-K2016-0207,2505085
Peru4902,764995
Peru4902,1759252
Peru4902,3977226
Peru4902,4398141
Peru4609,62657
Peru4609,514245
Peru4609,1759252
Peru4609,1850119
ERR4810670,497491
ERR4810670,797736
ERR4810670,931123
ERR4810670,1759252
ERR4810670,2505085
ERR4796956,62657
ERR4796956,514245
ERR4796956,1759252
ERR4796956,4229087
ERR4831311,931123
ERR4831311,1084911
ERR4831311,1759252
ERR4831311,3273107
ERR4829821,497491
ERR4829821,797736
ERR4829821,931123
ERR4829821,1759252
ERR4829821,2505085
ERR4796997,931123
ERR4796997,1759252
ERR4796997,3273107
ERR3287708,1759252
ERR3287708,3836739
ERR4808970,497491
ERR4808970,797736
ERR4808970,931123
ERR4808970,1759252
ERR4808970,2505085
JPN-R2011-0069,497491
JPN-R2011-0069,797736
JPN-R2011-0069,931123
JPN-R2011-0069,1759252
JPN-R2011-0069,2505085
ERR4822574,1719757
ERR4822574,1759252
ERR4829475,615938
ERR4829475,931123
ERR4829475,1759252
ERR4829475,3479545
Peru2973,62657
Peru2973,107794
Peru2973,891756
Peru2973,1759252
ERR4829137,1759252
ERR4829137,2875883
ERR4829137,3466426
ERR4829137,4125058
ERR4811397,62657
ERR4811397,107794
ERR4811397,891756
ERR4811397,1759252
ERR4829840,403364
ERR4829840,764995
ERR4829840,1759252
Peru4148,764995
Peru4148,1759252
Peru4148,4316114
SAMN02360555,346693
SAMN02360555,497491
SAMN02360555,931123
SAMN02360555,1759252
SAMN02360555,2505085
Peru3406,764995
Peru3406,1759252
KOR-K2016-0235,346693
KOR-K2016-0235,497491
KOR-K2016-0235,931123
KOR-K2016-0235,1759252
KOR-K2016-0235,2505085
ERR4797426,497491
ERR4797426,797736
ERR4797426,931123
ERR4797426,1759252
ERR4797426,2505085
ERR4830594,497491
ERR4830594,797736
ERR4830594,931123
ERR4830594,1759252
ERR4830594,2505085
IDR1900007737,497491
IDR1900007737,797736
IDR1900007737,931123
IDR1900007737,1759252
IDR1900007737,2505085
IDR1900007737,4248115
ERR3287377,764995
ERR3287377,1759252
ERR3287377,4316114
ERR4811312,497491
ERR4811312,797736
ERR4811312,931123
ERR4811312,1759252
ERR4811312,2505085
ERR4829046,1759252
ERR4829046,3836739
ERR4831777,497491
ERR4831777,797736
ERR4831777,931123
ERR4831777,1759252
ERR4831777,2505085
ERR4831777,4248115
ERR2510450,931123
ERR2510450,1759252
ERR2510450,3273107
ERR4813045,497491
ERR4813045,797736
ERR4813045,931123
ERR4813045,1759252
ERR4813045,2505085
ERR4828692,615938
ERR4828692,931123
ERR4828692,1759252
ERR4828692,3021283
ERR4828692,3216553
ERR4828692,4404247
NLA000100143,403364
NLA000100143,764995
NLA000100143,1759252
ERR4829787,1759252
ERR4829787,3836739
SAMN02380997,1501468
SAMN02380997,1759252
SAMN02380997,3466426
SAMN02380997,4260268
ERR4797755,931123
ERR4797755,1759252
ERR4797755,3273107
ERR4797070,497491
ERR4797070,797736
ERR4797070,931123
ERR4797070,1759252
ERR4797070,2505085
ERR4811632,497491
ERR4811632,797736
ERR4811632,931123
ERR4811632,1759252
ERR4811632,2505085
ERR4796992,497491
ERR4796992,797736
ERR4796992,931123
ERR4796992,1759252
ERR4796992,2505085
ERR4808940,355181
ERR4808940,1759252
ERR4808940,4151558
ERR4808940,4307886
TRL0023642,62657
TRL0023642,514245
TRL0023642,1759252
TRL0023642,4229087
ERR4829983,1759252
ERR4829983,2875883
ERR4829983,3466426
ERR4829983,4125058
ERR4813208,403364
ERR4813208,764995
ERR4813208,1759252
ERR4828389,931123
ERR4828389,1759252
ERR4828389,3021283
ERR4812364,497491
ERR4812364,797736
ERR4812364,931123
ERR4812364,1759252
ERR4812364,2505085
ERR4831424,931123
ERR4831424,1759252
ERR4831424,3273107
ERR2184554,62657
ERR2184554,514245
ERR2184554,1759252
ERR4813248,497491
ERR4813248,797736
ERR4813248,931123
ERR4813248,1759252
ERR4813248,2505085
ERR4810768,497491
ERR4810768,797736
ERR4810768,931123
ERR4810768,1759252
ERR4810768,2505085
ERR2510435,931123
ERR2510435,1759252
ERR2510435,3273107
ERR2184569,62657
ERR2184569,514245
ERR2184569,1759252
ERR2184569,4229087
ERR4797235,931123
ERR4797235,1759252
ERR4797235,3273107
ERR4831263,931123
ERR4831263,1759252
ERR4831263,1816587
ERR4831263,1882180
ERR4796717,615938
ERR4796717,931123
ERR4796717,1759252
ERR4796717,2622402
ERR4796717,4404247
ERR4797025,931123
ERR4797025,1759252
ERR4797025,3273107
ERR4811066,497491
ERR4811066,797736
ERR4811066,931123
ERR4811066,1759252
ERR4811066,2505085
ERR2184288,764995
ERR2184288,1759252
ERR2184288,4316114
C465,497491
C465,797736
C465,931123
C465,1759252
C465,2505085
ERR4829178,1759252
ERR4829178,2875883
ERR4829178,3466426
ERR4829178,4125058
ERR3287484,403364
ERR3287484,764995
ERR3287484,1759252
ERR4811016,1719757
ERR4811016,1759252
JPN-R2014-0111,497491
JPN-R2014-0111,797736
JPN-R2014-0111,931123
JPN-R2014-0111,1759252
JPN-R2014-0111,2505085
JPN-R2014-0111,4248115
ERR3287791,1759252
ERR4831870,497491
ERR4831870,797736
ERR4831870,931123
ERR4831870,1759252
ERR4831870,2505085
ERR4831870,4248115
ERR4811703,403364
ERR4811703,764995
ERR4811703,1759252
ERR4812610,62657
ERR4812610,107794
ERR4812610,891756
ERR4812610,1759252
Peru4613,1501468
Peru4613,1759252
Peru4613,3466426
Peru4613,4260268
ERR3287793,403364
ERR3287793,764995
ERR3287793,1759252
ERR4822398,497491
ERR4822398,797736
ERR4822398,931123
ERR4822398,1759252
ERR4822398,2505085
TRL0114821,62657
TRL0114821,107794
TRL0114821,891756
TRL0114821,1759252
ERR4808886,346693
ERR4808886,497491
ERR4808886,931123
ERR4808886,1759252
ERR4808886,2505085
KOR-K2016-0189,497491
KOR-K2016-0189,797736
KOR-K2016-0189,931123
KOR-K2016-0189,1759252
KOR-K2016-0189,2505085
ERR4814020,764995
ERR4814020,1132368
ERR4814020,1759252
ERR4814020,3977226
Peru3317,403364
Peru3317,764995
Peru3317,1759252
ERR4797606,931123
ERR4797606,1759252
ERR4797606,3273107
ERR4828314,497491
ERR4828314,797736
ERR4828314,931123
ERR4828314,1759252
ERR4828314,2505085
ERR4810778,497491
ERR4810778,797736
ERR4810778,931123
ERR4810778,1759252
ERR4810778,2505085
ERR4814108,1759252
ERR4814108,3836739
TRL0113491,497491
TRL0113491,797736
TRL0113491,931123
TRL0113491,1759252
TRL0113491,2505085
TRL0113491,4248115
ERR2510667,497491
ERR2510667,797736
ERR2510667,931123
ERR2510667,1759252
ERR2510667,2505085
ERR4812417,497491
ERR4812417,797736
ERR4812417,931123
ERR4812417,1759252
ERR4812417,2505085
ERR4796424,497491
ERR4796424,797736
ERR4796424,931123
ERR4796424,1759252
ERR4796424,2505085
TDR100S104L002,346693
TDR100S104L002,497491
TDR100S104L002,931123
TDR100S104L002,1759252
TDR100S104L002,2505085
M0017287-5,764995
M0017287-5,1759252
M0017287-5,3977226
M0017287-5,4398141
ERR4831147,62657
ERR4831147,891756
ERR4831147,1759252
ERR4822613,497491
ERR4822613,797736
ERR4822613,931123
ERR4822613,1759252
ERR4822613,2505085
ERR4831626,497491
ERR4831626,797736
ERR4831626,931123
ERR4831626,1759252
ERR4831626,2505085
ERR2184558,62657
ERR2184558,107794
ERR2184558,891756
ERR2184558,1759252
ERR5917769,403364
ERR5917769,764995
ERR5917769,1759252
Peru5137,62657
Peru5137,514245
Peru5137,1759252
Peru5137,4229087
ERR4812598,497491
ERR4812598,797736
ERR4812598,931123
ERR4812598,1759252
ERR4812598,2505085
ERR2510460,931123
ERR2510460,1759252
ERR2510460,3273107
ERR4828148,497491
ERR4828148,797736
ERR4828148,931123
ERR4828148,1759252
ERR4828148,2505085
M0001238-6,403364
M0001238-6,764995
M0001238-6,1759252
Peru4619,1501468
Peru4619,1759252
Peru4619,3466426
Peru4619,4260268
PM00210785,62657
PM00210785,891756
PM00210785,1759252
ERR2510719,497491
ERR2510719,797736
ERR2510719,931123
ERR2510719,1759252
ERR2510719,2505085
03R0951,62657
03R0951,107794
03R0951,891756
03R0951,1759252
ERR4809236,355181
ERR4809236,1759252
ERR4809236,4151558
ERR4809236,4307886
ERR4796343,1759252
ERR4796343,3836739
ERR4796751,497491
ERR4796751,797736
ERR4796751,931123
ERR4796751,1759252
ERR4796751,2505085
ERR4832012,497491
ERR4832012,797736
ERR4832012,931123
ERR4832012,1759252
ERR4832012,2505085
JPN-R2012-0052,497491
JPN-R2012-0052,797736
JPN-R2012-0052,931123
JPN-R2012-0052,1759252
JPN-R2012-0052,2505085
ERR4811670,497491
ERR4811670,797736
ERR4811670,931123
ERR4811670,1759252
ERR4811670,2505085
03R0821,403364
03R0821,764995
03R0821,1759252
ERR4831244,497491
ERR4831244,797736
ERR4831244,931123
ERR4831244,1759252
ERR4831244,2505085
ERR4831645,497491
ERR4831645,797736
ERR4831645,931123
ERR4831645,1759252
ERR4831645,2505085
ERR4811165,1487796
ERR4811165,1759252
ERR4811165,2411730
KOR-K2016-0230,497491
KOR-K2016-0230,797736
KOR-K2016-0230,931123
KOR-K2016-0230,1759252
KOR-K2016-0230,2505085
KOR-K2016-0230,4248115
ERR4828400,497491
ERR4828400,797736
ERR4828400,931123
ERR4828400,1759252
ERR4828400,2505085
ERR3287874,62657
ERR3287874,107794
ERR3287874,891756
ERR3287874,1759252
ERR4831958,497491
ERR4831958,797736
ERR4831958,931123
ERR4831958,1759252
ERR4831958,2505085
ERR4831958,4248115
ERR4830222,615938
ERR4830222,931123
ERR4830222,1759252
ERR4830222,3021283
ERR4830222,3216553
ERR4830222,4404247
ERR4828565,615938
ERR4828565,931123
ERR4828565,1759252
ERR4828565,3021283
ERR4828565,3216553
ERR4828565,4404247
ERR2184499,62657
ERR2184499,107794
ERR2184499,891756
ERR2184499,1759252
ERR2184502,62657
ERR2184502,107794
ERR2184502,891756
ERR2184502,1759252
ERR4808936,497491
ERR4808936,797736
ERR4808936,931123
ERR4808936,1759252
ERR4808936,2505085
EC073-181,62657
EC073-181,514245
EC073-181,1759252
EC073-181,4229087
ERR4809091,764995
ERR4809091,1132368
ERR4809091,1502120
ERR4809091,1759252
ERR4809091,3977226
ERR4809257,497491
ERR4809257,931123
ERR4809257,1759252
ERR4809257,2505085
ERR4830996,497491
ERR4830996,797736
ERR4830996,931123
ERR4830996,1759252
ERR4830996,2505085
Peru4715,764995
Peru4715,1759252
Peru4715,3977226
Peru4715,4398141
ERR4808994,764995
ERR4808994,1759252
ERR4808994,3388166
ERR4808994,4316114
ERR4797071,497491
ERR4797071,797736
ERR4797071,931123
ERR4797071,1759252
ERR4797071,2505085
ERR4797369,615938
ERR4797369,931123
ERR4797369,1759252
ERR4797369,3470377
Peru4304,497491
Peru4304,797736
Peru4304,931123
Peru4304,1759252
Peru4304,2505085
ERR4831979,497491
ERR4831979,797736
ERR4831979,931123
ERR4831979,1759252
ERR4831979,2505085
ERR4829681,1759252
ERR4829681,4249732
ERR4813028,764995
ERR4813028,1759252
ERR4830980,931123
ERR4830980,1237818
ERR4830980,1759252
ERR4830980,3273107
ERR4830980,3722702
ERR2510686,497491
ERR2510686,797736
ERR2510686,931123
ERR2510686,1759252
ERR2510686,2505085
ERR4828353,497491
ERR4828353,797736
ERR4828353,931123
ERR4828353,1759252
ERR4828353,2505085
ERR4828356,615938
ERR4828356,931123
ERR4828356,1759252
ERR4828356,3021283
ERR4828356,3216553
ERR4828356,4404247
ERR4831231,62657
ERR4831231,107794
ERR4831231,891756
ERR4831231,1759252
ERR4811383,62657
ERR4811383,107794
ERR4811383,891756
ERR4811383,1759252
ERR5918093,764995
ERR5918093,1132368
ERR5918093,1502120
ERR5918093,1759252
ERR5918093,3977226
IDR1900007814,1759252
IDR1900007814,3836739
ERR5918152,497491
ERR5918152,797736
ERR5918152,931123
ERR5918152,1759252
ERR5918152,2505085
TDR215S192L002,62657
TDR215S192L002,514245
TDR215S192L002,1759252
ERR4810632,1759252
ERR4810632,4246508
ERR4810632,4307886
ERR3287420,497491
ERR3287420,797736
ERR3287420,931123
ERR3287420,1759252
ERR3287420,2505085
ERR2510532,931123
ERR2510532,1759252
ERR2510532,3273107
ERR4822509,1719757
ERR4822509,1759252
ERR4797079,931123
ERR4797079,1759252
ERR4797079,3273107
ERR4797079,3722702
ERR4830449,497491
ERR4830449,797736
ERR4830449,931123
ERR4830449,1759252
ERR4830449,2505085
SAMN02380996,874787
SAMN02380996,1759252
SAMN02380996,3466426
SAMN02380996,4260268
TRL0037452,355181
TRL0037452,1759252
TRL0037452,4151558
TRL0037452,4307886
ERR4829703,62657
ERR4829703,107794
ERR4829703,891756
ERR4829703,1759252
ERR4829183,931123
ERR4829183,1759252
ERR4829183,3273107
ERR4829183,3722702
ERR4829373,764995
ERR4829373,1132368
ERR4829373,1759252
ERR4829373,3977226
19-002-0086,497491
19-002-0086,797736
19-002-0086,931123
19-002-0086,1759252
19-002-0086,2505085
ERR3287495,62657
ERR3287495,514245
ERR3287495,1759252
ERR3287495,4229087
ERR4812789,497491
ERR4812789,797736
ERR4812789,931123
ERR4812789,1759252
ERR4812789,2505085
ERR2184497,764995
ERR2184497,1759252
ERR2184497,3977226
ERR2184497,4398141
C331,497491
C331,797736
C331,931123
C331,1759252
C331,2505085
C331,4248115
ERR4809067,497491
ERR4809067,797736
ERR4809067,931123
ERR4809067,1759252
ERR4809067,2505085
ERR4809067,4248115
ERR4812617,62657
ERR4812617,107794
ERR4812617,891756
ERR4812617,1759252
ERR2510371,931123
ERR2510371,1759252
ERR2510371,3273107
ERR4809174,497491
ERR4809174,797736
ERR4809174,931123
ERR4809174,1759252
ERR4809174,2505085
ERR4830038,497491
ERR4830038,797736
ERR4830038,931123
ERR4830038,1759252
ERR4830038,2505085
ERR4829632,403364
ERR4829632,764995
ERR4829632,1759252
ERR2510277,931123
ERR2510277,1759252
ERR2510277,3273107
ERR4811296,497491
ERR4811296,797736
ERR4811296,931123
ERR4811296,1759252
ERR4811296,2505085
ERR4811296,4248115
ERR4831756,346693
ERR4831756,497491
ERR4831756,931123
ERR4831756,1759252
ERR4831756,2505085
ERR4813310,497491
ERR4813310,797736
ERR4813310,931123
ERR4813310,1759252
ERR4813310,2505085
ERR4811791,403364
ERR4811791,764995
ERR4811791,1759252
ERR4797542,497491
ERR4797542,797736
ERR4797542,931123
ERR4797542,1759252
ERR4797542,2505085
ERR4797542,4248115
ERR4814027,764995
ERR4814027,1132368
ERR4814027,1759252
ERR4814027,3977226
ERR4830811,931123
ERR4830811,1084911
ERR4830811,1759252
ERR4830811,3273107
ERR4828664,497491
ERR4828664,797736
ERR4828664,931123
ERR4828664,1759252
ERR4828664,2505085
ERR4831432,931123
ERR4831432,1759252
ERR4831432,3273107
ERR4831170,62657
ERR4831170,107794
ERR4831170,891756
ERR4831170,1759252
ERR4810993,497491
ERR4810993,797736
ERR4810993,931123
ERR4810993,1759252
ERR4810993,2505085
ERR3287600,1759252
ERR3287600,3836739
ERR4822564,403364
ERR4822564,764995
ERR4822564,1759252
ERR4828722,497491
ERR4828722,797736
ERR4828722,931123
ERR4828722,1759252
ERR4828722,2505085
IDR1900011934,1759252
IDR1900011934,3836739
23880,346693
23880,497491
23880,931123
23880,1759252
23880,2505085
ERR4796376,931123
ERR4796376,1759252
ERR4796376,3273107
JPN-R2011-0073,346693
JPN-R2011-0073,497491
JPN-R2011-0073,931123
JPN-R2011-0073,1759252
JPN-R2011-0073,2505085
IDR1900007826,764995
IDR1900007826,1132368
IDR1900007826,1759252
IDR1900007826,3977226
ERR4813900,764995
ERR4813900,1759252
Peru4611,355181
Peru4611,1759252
Peru4611,4151558
Peru4611,4307886
ERR4829978,1759252
ERR4829978,3466426
ERR4809081,497491
ERR4809081,797736
ERR4809081,931123
ERR4809081,1759252
ERR4809081,2505085
Peru4085,403364
Peru4085,764995
Peru4085,1759252
Peru4677,764995
Peru4677,1132368
Peru4677,1759252
Peru4677,3977226
TDR151S117L002,1501468
TDR151S117L002,1759252
TDR151S117L002,3466426
TDR151S117L002,4260268
ERR4830124,497491
ERR4830124,797736
ERR4830124,931123
ERR4830124,1759252
ERR4830124,2505085
ERR4812285,1759252
ERR4811777,764995
ERR4811777,1132368
ERR4811777,1759252
ERR4811777,3977226
ERR4822439,497491
ERR4822439,797736
ERR4822439,931123
ERR4822439,1759252
ERR4822439,2505085
ERR4809141,764995
ERR4809141,1132368
ERR4809141,1502120
ERR4809141,1759252
ERR4809141,3977226
ERR4810617,1719757
ERR4810617,1759252
ERR4812007,764995
ERR4812007,1759252
ERR4812007,3977226
ERR4812007,4398141
JPN-R2011-0064,497491
JPN-R2011-0064,797736
JPN-R2011-0064,931123
JPN-R2011-0064,1759252
JPN-R2011-0064,2505085
ERR4828569,497491
ERR4828569,931123
ERR4828569,1759252
ERR4828569,1881090
ERR4822478,615938
ERR4822478,931123
ERR4822478,1759252
ERR4822478,2622402
ERR4822478,4404247
ERR4811393,1759252
ERR4811393,2875883
ERR4811393,3466426
ERR4811393,4125058
ERR4829396,1759252
ERR4829396,3836739
ERR4831950,497491
ERR4831950,797736
ERR4831950,931123
ERR4831950,1759252
ERR4831950,2505085
TRL0115095,62657
TRL0115095,514245
TRL0115095,1759252
TRL0115095,4229087
Peru5077,62657
Peru5077,107794
Peru5077,891756
Peru5077,1759252
Peru5425,62657
Peru5425,107794
Peru5425,891756
Peru5425,1759252
ERR4796841,615938
ERR4796841,931123
ERR4796841,1759252
ERR4796841,2622402
ERR4796841,4404247
ERR4831988,1759252
ERR4810911,497491
ERR4810911,797736
ERR4810911,931123
ERR4810911,1759252
ERR4810911,2505085
ERR3287493,497491
ERR3287493,797736
ERR3287493,931123
ERR3287493,1759252
ERR3287493,2505085
Peru4135,62657
Peru4135,107794
Peru4135,891756
Peru4135,1759252
ERR4810951,497491
ERR4810951,797736
ERR4810951,931123
ERR4810951,1759252
ERR4810951,2505085
SAMN02364078,497491
SAMN02364078,797736
SAMN02364078,931123
SAMN02364078,1759252
SAMN02364078,2505085
SAMN02364078,4248115
ERR4809319,346693
ERR4809319,497491
ERR4809319,931123
ERR4809319,1759252
ERR4809319,2505085
ERR4813238,497491
ERR4813238,797736
ERR4813238,931123
ERR4813238,1759252
ERR4813238,2505085
ERR4829031,764995
ERR4829031,1132368
ERR4829031,1759252
ERR4829031,3977226
ERR4811027,497491
ERR4811027,797736
ERR4811027,931123
ERR4811027,1759252
ERR4811027,2505085
ERR4828703,497491
ERR4828703,797736
ERR4828703,931123
ERR4828703,1759252
ERR4828703,2505085
ERR4812723,497491
ERR4812723,797736
ERR4812723,931123
ERR4812723,1759252
ERR4812723,2505085
ERR4812686,764995
ERR4812686,1759252
ERR4812686,4316114
ERR2510671,62657
ERR2510671,107794
ERR2510671,891756
ERR2510671,1759252
ERR2184458,403364
ERR2184458,764995
ERR2184458,1759252
ERR4797152,497491
ERR4797152,797736
ERR4797152,931123
ERR4797152,1759252
ERR4797152,2505085
ERR2184338,1759252
ERR4810488,1719757
ERR4810488,1759252
ERR4811429,1759252
ERR4811429,2875883
ERR4811429,3466426
ERR4811429,4125058
ERR4812395,403364
ERR4812395,764995
ERR4812395,1759252
22755,497491
22755,797736
22755,931123
22755,1759252
22755,2505085
22755,4248115
GA020-56,1759252
GA020-56,3836739
ERR4831515,931123
ERR4831515,1759252
ERR4831515,3273107
1806,931123
1806,1759252
1806,1882180
1806,2831482
ERR4798348,764995
ERR4798348,1132368
ERR4798348,1759252
ERR4798348,3977226
ERR2510250,931123
ERR2510250,1759252
ERR2510250,3273107
ERR2184611,1759252
ERR2184611,4249732
ERR2510367,931123
ERR2510367,1759252
ERR2510367,3273107
ERR4830216,497491
ERR4830216,797736
ERR4830216,931123
ERR4830216,1759252
ERR4830216,2505085
Peru3055,62657
Peru3055,107794
Peru3055,891756
Peru3055,1759252
C079,62657
C079,514245
C079,1759252
C079,4229087
ERR4830298,497491
ERR4830298,797736
ERR4830298,931123
ERR4830298,1759252
ERR4830298,2505085
ERR4830874,355181
ERR4830874,1759252
ERR4830874,4151558
ERR4830874,4307886
ERR4811333,1487796
ERR4811333,1759252
ERR4811333,2411730
ERR3287456,764995
ERR3287456,1132368
ERR3287456,1759252
ERR3287456,3977226
Peru4557,62657
Peru4557,107794
Peru4557,891756
Peru4557,1759252
ERR4809359,346693
ERR4809359,497491
ERR4809359,931123
ERR4809359,1759252
ERR4809359,2505085
TRL0115197,346693
TRL0115197,497491
TRL0115197,931123
TRL0115197,1759252
TRL0115197,2505085
ERR4830106,497491
ERR4830106,797736
ERR4830106,931123
ERR4830106,1759252
ERR4830106,2505085
ERR4811862,62657
ERR4811862,107794
ERR4811862,891756
ERR4811862,1759252
ERR4812991,403364
ERR4812991,764995
ERR4812991,1759252
ERR4811940,1759252
ERR4811940,2694560
ERR4811940,4151558
ERR4811940,4307886
ERR4830624,497491
ERR4830624,797736
ERR4830624,931123
ERR4830624,1759252
ERR4830624,2505085
ERR2184380,1759252
ERR2184380,4249732
ERR4810832,1719757
ERR4810832,1759252
ERR4831426,931123
ERR4831426,1759252
ERR4831426,3273107
KOR-K2016-0174,346693
KOR-K2016-0174,497491
KOR-K2016-0174,931123
KOR-K2016-0174,1759252
KOR-K2016-0174,2505085
ERR4810921,497491
ERR4810921,797736
ERR4810921,931123
ERR4810921,1759252
ERR4810921,2505085
ERR4828909,497491
ERR4828909,797736
ERR4828909,931123
ERR4828909,1759252
ERR4828909,2505085
ERR4831782,497491
ERR4831782,797736
ERR4831782,931123
ERR4831782,1759252
ERR4831782,2505085
Peru4151,1759252
Peru4151,3836739
ERR4829113,1759252
ERR4829113,3836739
ERR4829902,764995
ERR4829902,1132368
ERR4829902,1759252
ERR4829902,3977226
ERR3287830,62657
ERR3287830,107794
ERR3287830,891756
ERR3287830,1759252
ERR4830506,403364
ERR4830506,764995
ERR4830506,1759252
ERR4811652,497491
ERR4811652,797736
ERR4811652,931123
ERR4811652,1759252
ERR4811652,2505085
Peru4531,62657
Peru4531,107794
Peru4531,891756
Peru4531,1759252
ERR4808910,346693
ERR4808910,497491
ERR4808910,931123
ERR4808910,1759252
ERR4808910,2505085
ERR4828297,497491
ERR4828297,797736
ERR4828297,931123
ERR4828297,1759252
ERR4828297,2505085
ERR4812317,764995
ERR4812317,1759252
ERR4796639,931123
ERR4796639,1759252
ERR4796639,3273107
ERR4796639,3722702
ERR3287501,764995
ERR3287501,1132368
ERR3287501,1759252
ERR3287501,3977226
ERR4810729,497491
ERR4810729,797736
ERR4810729,931123
ERR4810729,1759252
ERR4810729,2505085
JPN-R2011-0066,615938
JPN-R2011-0066,931123
JPN-R2011-0066,1759252
JPN-R2011-0066,3479545
ERR4813969,403364
ERR4813969,764995
ERR4813969,1759252
ERR4831627,1719757
ERR4831627,1759252
Peru3008,403364
Peru3008,764995
Peru3008,1759252
ERR4811095,1719757
ERR4811095,1759252
ERR4822533,931123
ERR4822533,1759252
ERR4822533,3273107
TRL0115824,615938
TRL0115824,931123
TRL0115824,1759252
TRL0115824,3470377
KOR-K2016-0143,346693
KOR-K2016-0143,497491
KOR-K2016-0143,931123
KOR-K2016-0143,1759252
KOR-K2016-0143,2505085
ERR4830239,497491
ERR4830239,797736
ERR4830239,931123
ERR4830239,1759252
ERR4830239,2505085
ERR4829089,355181
ERR4829089,1759252
ERR4829089,4151558
ERR4829089,4307886
ERR4812165,403364
ERR4812165,764995
ERR4812165,1759252
ERR4828423,615938
ERR4828423,931123
ERR4828423,1759252
ERR4828423,3479545
ERR4831078,497491
ERR4831078,797736
ERR4831078,931123
ERR4831078,1759252
ERR4831078,2505085
ERR4830248,497491
ERR4830248,797736
ERR4830248,931123
ERR4830248,1759252
ERR4830248,2505085
C006,346693
C006,497491
C006,931123
C006,1759252
C006,2505085
IDR1700027275,931123
IDR1700027275,1759252
IDR1700027275,3273107
IDR1700027275,3722702
ERR4808911,764995
ERR4808911,1759252
ERR4808911,3388166
ERR4808911,4316114
ERR2510622,931123
ERR2510622,1759252
ERR2510622,3273107
ERR2510710,497491
ERR2510710,797736
ERR2510710,931123
ERR2510710,1759252
ERR2510710,2505085
C351,62657
C351,514245
C351,1759252
C351,4229087
ERR4828648,615938
ERR4828648,931123
ERR4828648,1759252
ERR4828648,3021283
ERR4828648,3216553
ERR4828648,4404247
ERR4811158,346693
ERR4811158,497491
ERR4811158,931123
ERR4811158,1759252
ERR4811158,2505085
ERR4830374,497491
ERR4830374,797736
ERR4830374,931123
ERR4830374,1759252
ERR4830374,2505085
ERR4828496,497491
ERR4828496,797736
ERR4828496,931123
ERR4828496,1759252
ERR4828496,2505085
Peru3303,764995
Peru3303,1759252
Peru3303,4316114
IDR2000007236,764995
IDR2000007236,1132368
IDR2000007236,1759252
IDR2000007236,3977226
ERR2184524,62657
ERR2184524,107794
ERR2184524,891756
ERR2184524,1759252
Peru4067,62657
Peru4067,107794
Peru4067,891756
Peru4067,1759252
21849,764995
21849,1132368
21849,1502120
21849,1759252
21849,3977226
ERR4830019,1719757
ERR4830019,1759252
ERR4831941,497491
ERR4831941,797736
ERR4831941,931123
ERR4831941,1759252
ERR4831941,2505085
ERR4797084,497491
ERR4797084,797736
ERR4797084,931123
ERR4797084,1759252
ERR4797084,2505085
IDR1900025325,1759252
IDR1900025325,4246508
IDR1900025325,4307886
TRL0115445,497491
TRL0115445,797736
TRL0115445,931123
TRL0115445,1759252
TRL0115445,2505085
TRL0115445,4248115
ERR4813986,62657
ERR4813986,107794
ERR4813986,891756
ERR4813986,1759252
ERR4831051,1759252
ERR4831051,3836739
ERR4830403,497491
ERR4830403,797736
ERR4830403,931123
ERR4830403,1759252
ERR4830403,2505085
ERR4830835,1487796
ERR4830835,1759252
ERR4830835,2411730
KOR-K2016-0173,346693
KOR-K2016-0173,497491
KOR-K2016-0173,931123
KOR-K2016-0173,1759252
KOR-K2016-0173,2505085
ERR4812040,403364
ERR4812040,764995
ERR4812040,1759252
ERR4811127,497491
ERR4811127,797736
ERR4811127,931123
ERR4811127,1759252
ERR4811127,2505085
ERR4830179,403364
ERR4830179,764995
ERR4830179,1759252
ERR4796504,615938
ERR4796504,931123
ERR4796504,1759252
ERR4796504,2622402
ERR4796504,4404247
ERR4828741,615938
ERR4828741,931123
ERR4828741,1759252
ERR4828741,3021283
ERR4828741,4404247
Peru4916,403364
Peru4916,764995
Peru4916,1759252
ERR4828647,615938
ERR4828647,931123
ERR4828647,1759252
ERR4828647,3021283
ERR4828647,3216553
ERR4828647,4404247
ERR4810731,1719757
ERR4810731,1759252
ERR4830633,1759252
ERR4830633,3836739
SAMEA3558181,346693
SAMEA3558181,497491
SAMEA3558181,931123
SAMEA3558181,1759252
SAMEA3558181,2505085
Peru4012,1759252
Peru4012,3836739
ERR2510449,931123
ERR2510449,1759252
ERR2510449,3273107
IDR1800047253,497491
IDR1800047253,797736
IDR1800047253,931123
IDR1800047253,1759252
IDR1800047253,2505085
IDR1800047253,4248115
Peru5450,62657
Peru5450,107794
Peru5450,891756
Peru5450,1759252
ERR4830831,1487796
ERR4830831,1759252
ERR4830831,2411730
ERR4830169,497491
ERR4830169,797736
ERR4830169,931123
ERR4830169,1759252
ERR4830169,2505085
ERR4811287,497491
ERR4811287,797736
ERR4811287,931123
ERR4811287,1759252
ERR4811287,2505085
Peru4915,62657
Peru4915,514245
Peru4915,1759252
SAMN02360618,497491
SAMN02360618,797736
SAMN02360618,931123
SAMN02360618,1759252
SAMN02360618,2505085
TDR170S177L002,62657
TDR170S177L002,107794
TDR170S177L002,891756
TDR170S177L002,1759252
C283,1759252
C283,4249732
JPN-R2013-0099,497491
JPN-R2013-0099,797736
JPN-R2013-0099,931123
JPN-R2013-0099,1759252
JPN-R2013-0099,2505085
Peru4324,403364
Peru4324,764995
Peru4324,1759252
Peru3423,403364
Peru3423,764995
Peru3423,1759252
ERR4813962,62657
ERR4813962,107794
ERR4813962,891756
ERR4813962,1759252
ERR4811532,497491
ERR4811532,797736
ERR4811532,931123
ERR4811532,1759252
ERR4811532,2505085
ERR4811532,4248115
ERR2510636,1759252
ERR2510636,3836739
ERR4797104,615938
ERR4797104,931123
ERR4797104,1759252
ERR4797104,2622402
ERR4797104,4404247
ERR4830193,497491
ERR4830193,797736
ERR4830193,931123
ERR4830193,1759252
ERR4830193,2505085
ERR4810973,497491
ERR4810973,797736
ERR4810973,931123
ERR4810973,1759252
ERR4810973,2505085
ERR4829436,1759252
ERR4829436,3466426
ERR4829436,4125058
SAMEA3558128,1759252
ERR4829101,931123
ERR4829101,1084911
ERR4829101,1759252
ERR4829101,3273107
ERR4813472,62657
ERR4813472,514245
ERR4813472,1759252
ERR5917699,62657
ERR5917699,107794
ERR5917699,891756
ERR5917699,1759252
M0022618-4,62657
M0022618-4,107794
M0022618-4,891756
M0022618-4,1759252
ERR4813104,62657
ERR4813104,107794
ERR4813104,891756
ERR4813104,1759252
ERR4812188,1759252
ERR4812188,4249732
ERR4796638,615938
ERR4796638,931123
ERR4796638,1759252
ERR4796638,2622402
ERR4796638,4404247
ERR3287807,497491
ERR3287807,797736
ERR3287807,931123
ERR3287807,1759252
ERR3287807,2505085
ERR2184686,764995
ERR2184686,1132368
ERR2184686,1759252
ERR2184686,3977226
ERR4797698,931123
ERR4797698,1759252
ERR4797698,3273107
ERR4813273,62657
ERR4813273,107794
ERR4813273,891756
ERR4813273,1759252
ERR4813362,497491
ERR4813362,797736
ERR4813362,931123
ERR4813362,1759252
ERR4813362,2505085
ERR3287824,403364
ERR3287824,764995
ERR3287824,1759252
0209688,615938
0209688,931123
0209688,1759252
0209688,3021283
0209688,4404247
ERR4809358,497491
ERR4809358,797736
ERR4809358,931123
ERR4809358,1759252
ERR4809358,2505085
ERR4809358,4248115
ERR4829079,62657
ERR4829079,107794
ERR4829079,891756
ERR4829079,1759252
ERR4796945,497491
ERR4796945,797736
ERR4796945,931123
ERR4796945,1759252
ERR4796945,2505085
ERR4829952,931123
ERR4829952,1759252
ERR4829952,3273107
ERR4813412,497491
ERR4813412,797736
ERR4813412,931123
ERR4813412,1759252
ERR4813412,2505085
Peru4120,62657
Peru4120,107794
Peru4120,891756
Peru4120,1759252
ERR4796475,1719757
ERR4796475,1759252
Peru4586,403364
Peru4586,764995
Peru4586,1759252
ERR4829157,1759252
ERR4829157,2875883
ERR4829157,3466426
ERR4829157,4125058
ERR4830591,497491
ERR4830591,797736
ERR4830591,931123
ERR4830591,1759252
ERR4830591,2505085
ERR4832048,497491
ERR4832048,797736
ERR4832048,931123
ERR4832048,1759252
ERR4832048,2505085
ERR4811092,1487796
ERR4811092,1759252
ERR4811092,2411730
ERR4796977,497491
ERR4796977,797736
ERR4796977,931123
ERR4796977,1759252
ERR4796977,2505085
ERR4796977,3836274
ERR4809158,497491
ERR4809158,797736
ERR4809158,931123
ERR4809158,1759252
ERR4809158,2505085
ERR4796637,615938
ERR4796637,931123
ERR4796637,1491275
ERR4796637,1759252
ERR4796637,4404247
TRL0038616,497491
TRL0038616,797736
TRL0038616,931123
TRL0038616,1759252
TRL0038616,2505085
SAMEA3558204,403364
SAMEA3558204,764995
SAMEA3558204,1759252
ERR4812006,1759252
1852,764995
1852,1759252
1852,3977226
1852,4398141
ERR4797062,931123
ERR4797062,1084911
ERR4797062,1759252
ERR4797062,3273107
M0019715-3,62657
M0019715-3,107794
M0019715-3,891756
M0019715-3,1759252
ERR4831994,497491
ERR4831994,797736
ERR4831994,931123
ERR4831994,1759252
ERR4831994,2505085
TDR84S93L002,497491
TDR84S93L002,797736
TDR84S93L002,931123
TDR84S93L002,1759252
TDR84S93L002,2505085
IDR1900007808,62657
IDR1900007808,107794
IDR1900007808,891756
IDR1900007808,1759252
ERR4829515,1759252
ERR4829515,4249732
ERR4810557,1719757
ERR4810557,1759252
ERR4796352,1759252
ERR4796352,3836739
WG00050823,355181
WG00050823,1759252
WG00050823,4151558
WG00050823,4307886
ERR4796721,931123
ERR4796721,1759252
ERR4796721,3273107
NLA000016985,1455780
NLA000016985,1487796
NLA000016985,1759252
NLA000016985,2411730
ERR2510711,783601
ERR2510711,1759252
ERR2510711,2411730
ERR4811888,403364
ERR4811888,764995
ERR4811888,1759252
ERR4797125,615938
ERR4797125,931123
ERR4797125,1491275
ERR4797125,1759252
ERR4797125,4404247
Peru5428,62657
Peru5428,107794
Peru5428,891756
Peru5428,1759252
ERR4812886,403364
ERR4812886,764995
ERR4812886,1759252
ERR4796442,497491
ERR4796442,797736
ERR4796442,931123
ERR4796442,1759252
ERR4796442,2505085
ERR4796442,4248115
Peru3313,403364
Peru3313,764995
Peru3313,1759252
ERR4811983,497491
ERR4811983,797736
ERR4811983,931123
ERR4811983,1759252
ERR4811983,2505085
SAMEA3558129,931123
SAMEA3558129,1759252
SAMEA3558129,3273107
ERR4797406,497491
ERR4797406,797736
ERR4797406,931123
ERR4797406,1759252
ERR4797406,2505085
PE00190349,403364
PE00190349,764995
PE00190349,1759252
ERR4797209,497491
ERR4797209,797736
ERR4797209,931123
ERR4797209,1759252
ERR4797209,2505085
KOR-K2016-0018,346693
KOR-K2016-0018,497491
KOR-K2016-0018,931123
KOR-K2016-0018,1759252
KOR-K2016-0018,2505085
C163,403364
C163,764995
C163,1759252
ERR4830348,615938
ERR4830348,931123
ERR4830348,1759252
ERR4830348,3021283
ERR4830348,3216553
ERR4830348,4404247
ERR4811943,346693
ERR4811943,497491
ERR4811943,931123
ERR4811943,1759252
ERR4811943,2505085
ERR4811778,1759252
ERR4811778,3836739
ERR3287397,1719757
ERR3287397,1759252
ERR4796310,615938
ERR4796310,931123
ERR4796310,1759252
ERR4796310,2622402
ERR4796310,4404247
ERR4809216,62657
ERR4809216,107794
ERR4809216,891756
ERR4809216,1759252
KOR-K2016-0034,346693
KOR-K2016-0034,497491
KOR-K2016-0034,931123
KOR-K2016-0034,1759252
KOR-K2016-0034,2505085
ERR2184576,1759252
ERR2184576,3836739
ERR4828519,497491
ERR4828519,797736
ERR4828519,931123
ERR4828519,1759252
ERR4828519,2505085
Peru4029,62657
Peru4029,107794
Peru4029,891756
Peru4029,1759252
ERR4831871,497491
ERR4831871,797736
ERR4831871,931123
ERR4831871,1759252
ERR4831871,2505085
ERR4797509,931123
ERR4797509,1759252
ERR4797509,3273107
ERR4796800,931123
ERR4796800,1759252
ERR4796800,3273107
Peru4594,403364
Peru4594,764995
Peru4594,1759252
ERR4811845,62657
ERR4811845,107794
ERR4811845,891756
ERR4811845,1759252
ERR4811647,497491
ERR4811647,797736
ERR4811647,931123
ERR4811647,1759252
ERR4811647,2505085
ERR4831090,497491
ERR4831090,797736
ERR4831090,931123
ERR4831090,1759252
ERR4831090,2505085
KOR-K2016-0157,497491
KOR-K2016-0157,797736
KOR-K2016-0157,931123
KOR-K2016-0157,1759252
KOR-K2016-0157,2505085
ERR4831104,497491
ERR4831104,797736
ERR4831104,931123
ERR4831104,1759252
ERR4831104,2505085
ERR4829127,931123
ERR4829127,1759252
ERR4829127,3273107
ERR2184661,62657
ERR2184661,107794
ERR2184661,891756
ERR2184661,1759252
ERR4822525,1759252
ERR4822525,3836739
ERR4828533,615938
ERR4828533,931123
ERR4828533,1759252
ERR4828533,3021283
ERR4828533,3216553
ERR4828533,4404247
ERR4813113,403364
ERR4813113,764995
ERR4813113,1759252
ERR3287701,497491
ERR3287701,797736
ERR3287701,931123
ERR3287701,1759252
ERR3287701,2505085
ERR4812351,764995
ERR4812351,1759252
ERR4812351,3977226
ERR4812351,4398141
ERR4812151,764995
ERR4812151,1759252
ERR4812151,4316114
ERR4829052,62657
ERR4829052,107794
ERR4829052,891756
ERR4829052,1759252
ERR2510255,615938
ERR2510255,931123
ERR2510255,1759252
ERR2510255,3470377
SAMN02360587,346693
SAMN02360587,497491
SAMN02360587,931123
SAMN02360587,1759252
SAMN02360587,2505085
ERR4797397,931123
ERR4797397,1759252
ERR4797397,3273107
ERR4797397,3722702
ERR4809106,764995
ERR4809106,1132368
ERR4809106,1502120
ERR4809106,1759252
ERR4809106,3977226
ERR4797518,931123
ERR4797518,1084911
ERR4797518,1759252
ERR4797518,3273107
TRL0115885,497491
TRL0115885,797736
TRL0115885,931123
TRL0115885,1759252
TRL0115885,2505085
ERR2184244,764995
ERR2184244,1759252
ERR2184244,4316114
ERR4812932,62657
ERR4812932,107794
ERR4812932,891756
ERR4812932,1759252
ERR4796541,497491
ERR4796541,797736
ERR4796541,931123
ERR4796541,1759252
ERR4796541,2505085
ERR4796541,4248115
ERR4809259,346693
ERR4809259,497491
ERR4809259,931123
ERR4809259,1759252
ERR4809259,2505085
ERR2510681,355181
ERR2510681,1759252
ERR2510681,4151558
ERR2510681,4307886
ERR2510439,931123
ERR2510439,1759252
ERR2510439,3273107
ERR2510623,931123
ERR2510623,1759252
ERR2510623,3273107
ERR4830435,1759252
ERR4830435,4249732
ERR4829686,62657
ERR4829686,107794
ERR4829686,891756
ERR4829686,1759252
ERR4809329,497491
ERR4809329,797736
ERR4809329,931123
ERR4809329,1759252
ERR4809329,2505085
ERR2184217,62657
ERR2184217,107794
ERR2184217,891756
ERR2184217,1759252
ERR4812503,403364
ERR4812503,764995
ERR4812503,1759252
ERR4811155,1719757
ERR4811155,1759252
ERR4796308,615938
ERR4796308,931123
ERR4796308,1491275
ERR4796308,1759252
ERR4796308,4404247
ERR4813416,403364
ERR4813416,764995
ERR4813416,1759252
Peru4927,62657
Peru4927,107794
Peru4927,891756
Peru4927,1759252
ERR4813960,62657
ERR4813960,107794
ERR4813960,891756
ERR4813960,1759252
ERR4811276,497491
ERR4811276,797736
ERR4811276,931123
ERR4811276,1759252
ERR4811276,2505085
ERR4812575,403364
ERR4812575,764995
ERR4812575,1759252
ERR4829151,615614
ERR4829151,764995
ERR4829151,1759252
Peru5444,62657
Peru5444,107794
Peru5444,891756
Peru5444,1759252
C300,764995
C300,1759252
C300,3388166
C300,4316114
BF01114045,1759252
BF01114045,3836739
ERR4808946,764995
ERR4808946,1132368
ERR4808946,1502120
ERR4808946,1759252
ERR4808946,3977226
C304,497491
C304,797736
C304,931123
C304,1759252
C304,2505085
C304,4248115
ERR4813761,764995
ERR4813761,1759252
ERR4813761,3977226
ERR4813761,4398141
ERR3287433,497491
ERR3287433,797736
ERR3287433,931123
ERR3287433,1759252
ERR3287433,2505085
SAMN02360550,497491
SAMN02360550,797736
SAMN02360550,931123
SAMN02360550,1759252
SAMN02360550,2505085
M0024027-6,764995
M0024027-6,1759252
M0024027-6,4316114
ERR4829602,1759252
ERR4829602,3836739
ERR4812713,62657
ERR4812713,107794
ERR4812713,891756
ERR4812713,1759252
ERR4811998,403364
ERR4811998,764995
ERR4811998,1759252
ERR4828430,62657
ERR4828430,891756
ERR4828430,1759252
ERR4810461,497491
ERR4810461,797736
ERR4810461,931123
ERR4810461,1759252
ERR4810461,2505085
ERR2510478,931123
ERR2510478,1759252
ERR2510478,3273107
PE00291237,615938
PE00291237,931123
PE00291237,1759252
PE00291237,3470377
M0014480-9,764995
M0014480-9,1759252
M0014480-9,4316114
ERR4811638,497491
ERR4811638,797736
ERR4811638,931123
ERR4811638,1759252
ERR4811638,2505085
ERR4796403,615938
ERR4796403,931123
ERR4796403,1759252
ERR4796403,2622402
ERR4796403,4404247
ERR4831260,62657
ERR4831260,107794
ERR4831260,891756
ERR4831260,1759252
TRL0117139,403364
TRL0117139,764995
TRL0117139,1759252
ERR5917715,783601
ERR5917715,1759252
ERR5917715,2411730
ERR3287883,62657
ERR3287883,514245
ERR3287883,1759252
ERR3287883,4229087
Peru4486,403364
Peru4486,764995
Peru4486,1759252
ERR4831123,764995
ERR4831123,1132368
ERR4831123,1759252
ERR4831123,3977226
ERR4811438,1759252
ERR4811438,2875883
ERR4811438,3466426
ERR4811438,4125058
TDR150S116L002,764995
TDR150S116L002,1132368
TDR150S116L002,1502120
TDR150S116L002,1759252
TDR150S116L002,3977226
ERR2184621,1759252
ERR2184621,3836739
ERR4828187,615938
ERR4828187,931123
ERR4828187,1759252
ERR4828187,3479545
ERR4830751,1719757
ERR4830751,1759252
ERR2184226,764995
ERR2184226,1759252
ERR2184226,4316114
ERR4811634,497491
ERR4811634,797736
ERR4811634,931123
ERR4811634,1759252
ERR4811634,2505085
ERR4811195,497491
ERR4811195,797736
ERR4811195,931123
ERR4811195,1759252
ERR4811195,2505085
ERR5918087,497491
ERR5918087,797736
ERR5918087,931123
ERR5918087,1759252
ERR5918087,2505085
ERR5918087,4248115
ERR4829492,783601
ERR4829492,1759252
ERR4829492,2411730
ERR4796483,497491
ERR4796483,797736
ERR4796483,931123
ERR4796483,1759252
ERR4796483,2505085
ERR4829108,1759252
ERR4810584,497491
ERR4810584,797736
ERR4810584,931123
ERR4810584,1759252
ERR4810584,2505085
ERR3287683,403364
ERR3287683,764995
ERR3287683,1759252
ERR3287380,62657
ERR3287380,891756
ERR3287380,1759252
C098,62657
C098,514245
C098,1759252
C098,4229087
ERR5918057,62657
ERR5918057,514245
ERR5918057,1759252
ERR5918057,4229087
ERR4812981,1759252
ERR4797758,615938
ERR4797758,931123
ERR4797758,1759252
ERR4797758,2622402
ERR4797758,4404247
ERR4796487,497491
ERR4796487,797736
ERR4796487,931123
ERR4796487,1759252
ERR4796487,2505085
ERR4797157,1487796
ERR4797157,1759252
ERR4797157,2411730
ERR4810980,497491
ERR4810980,797736
ERR4810980,931123
ERR4810980,1759252
ERR4810980,2505085
ERR3287359,62657
ERR3287359,107794
ERR3287359,891756
ERR3287359,1759252
TRL0090962,497491
TRL0090962,797736
TRL0090962,931123
TRL0090962,1759252
TRL0090962,2505085
Peru3324,1759252
Peru3324,3836739
ERR4830798,1487796
ERR4830798,1759252
ERR4830798,2411730
Peru4934,62657
Peru4934,107794
Peru4934,891756
Peru4934,1759252
SAMN02381002,931123
SAMN02381002,1759252
Peru3064,62657
Peru3064,107794
Peru3064,891756
Peru3064,1759252
ERR4797539,497491
ERR4797539,797736
ERR4797539,931123
ERR4797539,1759252
ERR4797539,2505085
ERR4829543,931123
ERR4829543,1759252
ERR4829543,1882180
ERR4829543,2831482
ERR4809296,1759252
ERR4809296,3836739
ERR4822554,403364
ERR4822554,764995
ERR4822554,1759252
SAMEA3558158,62657
SAMEA3558158,1759252
ERR4831609,497491
ERR4831609,797736
ERR4831609,931123
ERR4831609,1759252
ERR4831609,2505085
ERR4831609,4248115
ERR4812950,403364
ERR4812950,764995
ERR4812950,1759252
ERR4822612,403364
ERR4822612,764995
ERR4822612,1759252
ERR4829441,931123
ERR4829441,1759252
ERR4829441,3273107
ERR2510697,931123
ERR2510697,1759252
ERR2510697,3273107
ERR4813771,1759252
ERR4813771,3836739
ERR4830258,497491
ERR4830258,797736
ERR4830258,931123
ERR4830258,1759252
ERR4830258,2505085
ERR4830786,931123
ERR4830786,1084911
ERR4830786,1759252
ERR4830786,3273107
ERR4812163,62657
ERR4812163,107794
ERR4812163,891756
ERR4812163,1759252
ERR4810795,497491
ERR4810795,797736
ERR4810795,931123
ERR4810795,1759252
ERR4810795,2505085
ERR4808859,403364
ERR4808859,764995
ERR4808859,1759252
ERR4831815,497491
ERR4831815,797736
ERR4831815,931123
ERR4831815,1759252
ERR4831815,2505085
ERR4811923,62657
ERR4811923,107794
ERR4811923,891756
ERR4811923,1759252
ERR4831844,497491
ERR4831844,797736
ERR4831844,931123
ERR4831844,1759252
ERR4831844,2505085
Peru4065,403364
Peru4065,764995
Peru4065,1759252
ERR5918114,615938
ERR5918114,931123
ERR5918114,1759252
ERR5918114,3470377
ERR3287391,1759252
ERR3287391,4249732
TDR145S164L002,1759252
TDR145S164L002,3836739
ERR2510362,1759252
ERR2510362,3466426
ERR2510362,4125058
ERR4831205,355181
ERR4831205,1759252
ERR4831205,4151558
ERR4831205,4307886
ERR4809129,764995
ERR4809129,1132368
ERR4809129,1502120
ERR4809129,1759252
ERR4809129,3977226
ERR2510368,931123
ERR2510368,1759252
ERR2510368,3273107
ERR4808884,764995
ERR4808884,1759252
ERR4808884,3388166
ERR4808884,4316114
Peru5119,764995
Peru5119,1132368
Peru5119,1759252
Peru5119,3977226
ERR4808856,346693
ERR4808856,497491
ERR4808856,931123
ERR4808856,1759252
ERR4808856,2505085
Peru3330,403364
Peru3330,764995
Peru3330,1759252
ERR4831629,497491
ERR4831629,797736
ERR4831629,931123
ERR4831629,1759252
ERR4831629,2505085
Peru3011,764995
Peru3011,1759252
Peru3011,4316114
ERR4828417,497491
ERR4828417,797736
ERR4828417,931123
ERR4828417,1759252
ERR4828417,2505085
ERR4828417,4248115
ERR4829582,497491
ERR4829582,797736
ERR4829582,931123
ERR4829582,1759252
ERR4829582,2505085
ERR3287852,497491
ERR3287852,797736
ERR3287852,931123
ERR3287852,1759252
ERR3287852,2505085
ERR4830319,615938
ERR4830319,931123
ERR4830319,1759252
ERR4830319,3021283
ERR4830319,3216553
ERR4830319,4404247
ERR4822481,764995
ERR4822481,1759252
ERR4822481,4316114
ERR4830242,615938
ERR4830242,931123
ERR4830242,1759252
ERR4830242,3021283
ERR4830242,4404247
ERR4829067,497491
ERR4829067,797736
ERR4829067,931123
ERR4829067,1759252
ERR4829067,2505085
ERR4828607,497491
ERR4828607,797736
ERR4828607,931123
ERR4828607,1759252
ERR4828607,2505085
ERR4797109,931123
ERR4797109,1759252
ERR4797109,3273107
ERR4811344,1719757
ERR4811344,1759252
ERR4828727,497491
ERR4828727,931123
ERR4828727,1759252
ERR4828727,1881090
ERR4813782,764995
ERR4813782,1759252
ERR4813782,3977226
ERR4813782,4398141
ERR4822530,62657
ERR4822530,107794
ERR4822530,891756
ERR4822530,1759252
ERR3287418,403364
ERR3287418,764995
ERR3287418,1759252
ERR4812439,62657
ERR4812439,514245
ERR4812439,1759252
M0017610-8,62657
M0017610-8,107794
M0017610-8,891756
M0017610-8,1759252
Peru5004,403364
Peru5004,764995
Peru5004,1759252
ERR4796441,497491
ERR4796441,797736
ERR4796441,931123
ERR4796441,1759252
ERR4796441,2505085
TDR34S89L002,931123
TDR34S89L002,1237818
TDR34S89L002,1759252
TDR34S89L002,3273107
TDR34S89L002,3722702
ERR4829399,1759252
ERR4829399,3836739
ERR4812616,403364
ERR4812616,764995
ERR4812616,1759252
ERR4828218,497491
ERR4828218,797736
ERR4828218,931123
ERR4828218,1759252
ERR4828218,2505085
ERR4828218,4248115
Peru3384,403364
Peru3384,764995
Peru3384,1759252
ERR4831178,1487796
ERR4831178,1759252
ERR4831178,2411730
C145,346693
C145,497491
C145,931123
C145,1759252
C145,2505085
C213,346693
C213,497491
C213,931123
C213,1759252
C213,2505085
Peru4152,764995
Peru4152,1759252
Peru4152,4316114
TRL0113579,497491
TRL0113579,797736
TRL0113579,931123
TRL0113579,1759252
TRL0113579,2505085
ERR4796613,497491
ERR4796613,797736
ERR4796613,931123
ERR4796613,1759252
ERR4796613,2505085
ERR4822583,497491
ERR4822583,797736
ERR4822583,931123
ERR4822583,1759252
ERR4822583,2505085
ERR4796725,615938
ERR4796725,931123
ERR4796725,1759252
ERR4796725,3470377
ERR4797613,931123
ERR4797613,1759252
ERR4797613,3273107
ERR4797613,3722702
ERR4812522,497491
ERR4812522,797736
ERR4812522,931123
ERR4812522,1759252
ERR4812522,2505085
ERR4811622,1719757
ERR4811622,1759252
ERR4797105,497491
ERR4797105,797736
ERR4797105,931123
ERR4797105,1759252
ERR4797105,2505085
ERR4797105,4248115
ERR4808895,346693
ERR4808895,497491
ERR4808895,931123
ERR4808895,1759252
ERR4808895,2505085
Peru4719,1759252
Peru4719,4249732
ERR4830621,497491
ERR4830621,797736
ERR4830621,931123
ERR4830621,1759252
ERR4830621,2505085
ERR4830203,497491
ERR4830203,797736
ERR4830203,931123
ERR4830203,1759252
ERR4830203,2505085
1831,62657
1831,107794
1831,891756
1831,1759252
Peru2926,764995
Peru2926,1759252
Peru2926,4316114
ERR4830453,497491
ERR4830453,797736
ERR4830453,931123
ERR4830453,1759252
ERR4830453,2505085
ERR4828947,1759252
ERR4828947,3836739
ERR4796489,931123
ERR4796489,1759252
ERR4796489,3273107
ERR4830763,1719757
ERR4830763,1759252
ERR4811694,62657
ERR4811694,514245
ERR4811694,1759252
ERR4810492,1719757
ERR4810492,1759252
ERR2184378,1759252
ERR2184378,3836739
ERR4822568,403364
ERR4822568,764995
ERR4822568,1759252
20-002-0019,615938
20-002-0019,931123
20-002-0019,1759252
20-002-0019,3479545
ERR4810840,497491
ERR4810840,797736
ERR4810840,931123
ERR4810840,1759252
ERR4810840,2505085
ERR4810607,1759252
ERR4810607,4246508
ERR4810607,4307886
ERR4831656,497491
ERR4831656,797736
ERR4831656,931123
ERR4831656,1759252
ERR4831656,2505085
ERR4830497,931123
ERR4830497,1759252
ERR4830497,3273107
ERR4811957,1759252
ERR4796790,1759252
ERR4796790,3836739
IDR1800031203,931123
IDR1800031203,1759252
IDR1800031203,3273107
ERR4831471,1759252
ERR4831471,3836739
ERR3287313,403364
ERR3287313,764995
ERR3287313,1759252
ERR4797720,931123
ERR4797720,1759252
ERR4797720,3273107
ERR4811599,497491
ERR4811599,797736
ERR4811599,931123
ERR4811599,1759252
ERR4811599,2505085
ERR4812433,62657
ERR4812433,107794
ERR4812433,891756
ERR4812433,1759252
ERR4797420,497491
ERR4797420,797736
ERR4797420,931123
ERR4797420,1759252
ERR4797420,2505085
ERR4830181,497491
ERR4830181,797736
ERR4830181,931123
ERR4830181,1759252
ERR4830181,2505085
ERR4811213,497491
ERR4811213,797736
ERR4811213,931123
ERR4811213,1759252
ERR4811213,2505085
ERR4796770,497491
ERR4796770,797736
ERR4796770,931123
ERR4796770,1759252
ERR4796770,2505085
ERR4830921,497491
ERR4830921,797736
ERR4830921,931123
ERR4830921,1759252
ERR4830921,2505085
ERR4822482,1759252
ERR4822482,3836739
ERR4809095,1759252
ERR4809095,3836739
ERR4831460,931123
ERR4831460,1759252
ERR4831460,3273107
ERR4810659,497491
ERR4810659,797736
ERR4810659,931123
ERR4810659,1759252
ERR4810659,2505085
ERR4812077,764995
ERR4812077,1759252
ERR4812077,4316114
ERR4796813,497491
ERR4796813,797736
ERR4796813,931123
ERR4796813,1759252
ERR4796813,2505085
ERR4811419,62657
ERR4811419,514245
ERR4811419,1759252
ERR4811419,4229087
ERR2184407,62657
ERR2184407,107794
ERR2184407,891756
ERR2184407,1759252
ERR4809234,497491
ERR4809234,797736
ERR4809234,931123
ERR4809234,1759252
ERR4809234,2505085
ERR2510656,497491
ERR2510656,797736
ERR2510656,931123
ERR2510656,1759252
ERR2510656,2505085
ERR2510568,931123
ERR2510568,1759252
ERR2510568,3273107
ERR4809341,355181
ERR4809341,1759252
ERR4809341,4151558
ERR4809341,4307886
C255,497491
C255,797736
C255,931123
C255,1759252
C255,2505085
C255,4248115
ERR4812226,62657
ERR4812226,107794
ERR4812226,891756
ERR4812226,1759252
ERR4810481,497491
ERR4810481,797736
ERR4810481,931123
ERR4810481,1759252
ERR4810481,2505085
ERR4812319,62657
ERR4812319,107794
ERR4812319,891756
ERR4812319,1759252
ERR4812085,497491
ERR4812085,797736
ERR4812085,931123
ERR4812085,1759252
ERR4812085,2505085
ERR4831921,1719757
ERR4831921,1759252
ERR4810870,497491
ERR4810870,797736
ERR4810870,931123
ERR4810870,1759252
ERR4810870,2505085
Peru2948,403364
Peru2948,764995
Peru2948,1759252
ERR4831252,62657
ERR4831252,107794
ERR4831252,891756
ERR4831252,1759252
ERR4830568,346693
ERR4830568,497491
ERR4830568,931123
ERR4830568,1759252
ERR4830568,2505085
ERR2184439,62657
ERR2184439,107794
ERR2184439,891756
ERR2184439,1759252
ERR3287732,403364
ERR3287732,764995
ERR3287732,1759252
ERR4811738,764995
ERR4811738,1759252
ERR4811738,4316114
ERR4797375,62657
ERR4797375,514245
ERR4797375,1759252
ERR4797375,4229087
ERR4812992,403364
ERR4812992,764995
ERR4812992,1759252
ERR4829124,1759252
ERR4829124,2875883
ERR4829124,3466426
ERR4829124,4125058
ERR5918061,497491
ERR5918061,797736
ERR5918061,931123
ERR5918061,1759252
ERR5918061,2505085
ERR4830912,497491
ERR4830912,797736
ERR4830912,931123
ERR4830912,1759252
ERR4830912,2505085
TDR1S86L002,615938
TDR1S86L002,931123
TDR1S86L002,1759252
TDR1S86L002,2622402
TDR1S86L002,4404247
ERR5917700,497491
ERR5917700,797736
ERR5917700,931123
ERR5917700,1759252
ERR5917700,2505085
FS322-446,62657
FS322-446,514245
FS322-446,1759252
FS322-446,4229087
ERR4822606,931123
ERR4822606,1084911
ERR4822606,1759252
ERR4822606,3273107
ERR4796314,931123
ERR4796314,1759252
ERR4796314,3273107
ERR4796314,3722702
TDR25S88L002,615938
TDR25S88L002,931123
TDR25S88L002,1759252
TDR25S88L002,3470377
ERR4830997,497491
ERR4830997,797736
ERR4830997,931123
ERR4830997,1759252
ERR4830997,2505085
KOR-K2016-0205,346693
KOR-K2016-0205,497491
KOR-K2016-0205,931123
KOR-K2016-0205,1759252
KOR-K2016-0205,2505085
ERR4822562,403364
ERR4822562,764995
ERR4822562,1759252
ERR4796434,497491
ERR4796434,797736
ERR4796434,931123
ERR4796434,1759252
ERR4796434,2505085
ERR3287465,764995
ERR3287465,1132368
ERR3287465,1759252
ERR3287465,3977226
ERR5918082,355181
ERR5918082,1759252
ERR5918082,4151558
ERR5918082,4307886
SAMEA3558112,1759252
ERR2184628,764995
ERR2184628,1759252
ERR2184628,4316114
ERR4797300,615938
ERR4797300,931123
ERR4797300,1759252
ERR4797300,3470377
ERR4828562,1759252
ERR4828562,2875883
ERR4828562,3466426
ERR4828562,4125058
Peru4109,497491
Peru4109,797736
Peru4109,931123
Peru4109,1759252
Peru4109,2505085
ERR4830877,355181
ERR4830877,1759252
ERR4830877,4151558
ERR4830877,4307886
ERR4828949,62657
ERR4828949,107794
ERR4828949,891756
ERR4828949,1759252
ERR4831738,346693
ERR4831738,497491
ERR4831738,931123
ERR4831738,1759252
ERR4831738,2505085
ERR4822488,1759252
ERR4822488,3466426
ERR4822488,4125058
ERR4813804,764995
ERR4813804,1759252
ERR4813804,4316114
C188,497491
C188,797736
C188,931123
C188,1759252
C188,2505085
C188,4248115
IDR1800047562,62657
IDR1800047562,514245
IDR1800047562,1759252
IDR1800047562,1850119
ERR4831465,1759252
ERR4831465,3836739
ERR4809208,497491
ERR4809208,797736
ERR4809208,931123
ERR4809208,1759252
ERR4809208,2505085
ERR4809208,4248115
ERR4796695,615938
ERR4796695,931123
ERR4796695,1759252
ERR4796695,2622402
ERR4796695,4404247
PS00217691,764995
PS00217691,1759252
PS00217691,3388166
PS00217691,4316114
ERR4830661,497491
ERR4830661,797736
ERR4830661,931123
ERR4830661,1759252
ERR4830661,2505085
ERR4797283,931123
ERR4797283,1759252
ERR4797283,3273107
C355,497491
C355,797736
C355,931123
C355,1759252
C355,2505085
C355,4248115
ERR2184365,1759252
ERR4811211,497491
ERR4811211,797736
ERR4811211,931123
ERR4811211,1759252
ERR4811211,2505085
ERR4797034,497491
ERR4797034,797736
ERR4797034,931123
ERR4797034,1759252
ERR4797034,2505085
ERR4797034,4248115
ERR4797679,497491
ERR4797679,797736
ERR4797679,931123
ERR4797679,1759252
ERR4797679,2505085
C062,497491
C062,797736
C062,931123
C062,1759252
C062,2505085
JPN-R2012-0010,1719757
JPN-R2012-0010,1759252
ERR4830838,1487796
ERR4830838,1759252
ERR4830838,2411730
02R0241,764995
02R0241,1132368
02R0241,1759252
02R0241,3977226
ERR4828165,615614
ERR4828165,764995
ERR4828165,1759252
ERR4831709,497491
ERR4831709,797736
ERR4831709,931123
ERR4831709,1759252
ERR4831709,2505085
M0014906-3,1759252
M0014906-3,4249732
ERR4796755,1759252
ERR4796755,3836739
ERR4828999,1759252
ERR4828999,3836739
ERR4796829,931123
ERR4796829,1759252
ERR4796829,3273107
ERR4813457,764995
ERR4813457,1759252
ERR4813457,4316114
ERR4811148,497491
ERR4811148,797736
ERR4811148,931123
ERR4811148,1759252
ERR4811148,2505085
ERR4829076,62657
ERR4829076,107794
ERR4829076,891756
ERR4829076,1759252
Peru4739,403364
Peru4739,764995
Peru4739,1759252
ERR4829174,1759252
ERR4829174,3836739
ERR4809350,615938
ERR4809350,931123
ERR4809350,1759252
ERR4809350,3470377
02R1203,62657
02R1203,514245
02R1203,1759252
ERR5917743,1759252
ERR5917743,3836739
ERR4797366,497491
ERR4797366,797736
ERR4797366,931123
ERR4797366,1759252
ERR4797366,2505085
Peru4615,497491
Peru4615,797736
Peru4615,931123
Peru4615,1759252
Peru4615,2505085
ERR4813205,62657
ERR4813205,107794
ERR4813205,891756
ERR4813205,1759252
TDR69S127L002,1501468
TDR69S127L002,1759252
TDR69S127L002,3466426
TDR69S127L002,4260268
TDR65S169L002,403364
TDR65S169L002,764995
TDR65S169L002,1759252
ERR4828294,615938
ERR4828294,931123
ERR4828294,1759252
ERR4828294,3021283
ERR4828294,3216553
ERR4828294,4404247
ERR4831062,62657
ERR4831062,514245
ERR4831062,1759252
ERR2184642,62657
ERR2184642,107794
ERR2184642,891756
ERR2184642,1759252
ERR4829003,497491
ERR4829003,797736
ERR4829003,931123
ERR4829003,1759252
ERR4829003,2505085
JPN-R2014-0108,403364
JPN-R2014-0108,764995
JPN-R2014-0108,1759252
ERR4811952,62657
ERR4811952,107794
ERR4811952,891756
ERR4811952,1759252
ERR4830692,1759252
ERR4830692,3836739
ERR4797117,615938
ERR4797117,931123
ERR4797117,1759252
ERR4797117,3470377
ERR4830489,62657
ERR4830489,514245
ERR4830489,1759252
ERR4830489,1850119
ERR2510578,931123
ERR2510578,1759252
ERR2510578,3273107
Peru3045,403364
Peru3045,764995
Peru3045,1759252
TDR110S86L002,497491
TDR110S86L002,797736
TDR110S86L002,931123
TDR110S86L002,1759252
TDR110S86L002,2505085
ERR4813950,1759252
ERR4813950,3836739
ERR4831910,497491
ERR4831910,797736
ERR4831910,931123
ERR4831910,1759252
ERR4831910,2505085
ERR4831910,4248115
ERR4828834,783601
ERR4828834,1759252
ERR4828834,2411730
Peru4473,62657
Peru4473,107794
Peru4473,891756
Peru4473,1759252
ERR4829065,497491
ERR4829065,797736
ERR4829065,931123
ERR4829065,1759252
ERR4829065,2505085
Peru4583,62657
Peru4583,107794
Peru4583,891756
Peru4583,1759252
Peru3301,403364
Peru3301,764995
Peru3301,1759252
ERR4832000,497491
ERR4832000,797736
ERR4832000,931123
ERR4832000,1759252
ERR4832000,2505085
ERR2184397,497491
ERR2184397,797736
ERR2184397,931123
ERR2184397,1759252
ERR2184397,2505085
MNG-S2014-0015,497491
MNG-S2014-0015,797736
MNG-S2014-0015,931123
MNG-S2014-0015,1759252
MNG-S2014-0015,2505085
ERR4822526,1759252
ERR4822526,3836739
Peru5008,62657
Peru5008,514245
Peru5008,1759252
ERR4830397,497491
ERR4830397,931123
ERR4830397,1759252
ERR4830397,1881090
ERR4810518,1719757
ERR4810518,1759252
ERR4830772,931123
ERR4830772,1759252
ERR4830772,3273107
KOR-K2016-0156,346693
KOR-K2016-0156,497491
KOR-K2016-0156,931123
KOR-K2016-0156,1759252
KOR-K2016-0156,2505085
ERR4796713,931123
ERR4796713,1759252
ERR4796713,3273107
ERR3287849,403364
ERR3287849,764995
ERR3287849,1759252
ERR4796417,783601
ERR4796417,1759252
ERR4796417,2411730
ERR4797838,931123
ERR4797838,1759252
ERR4797838,3273107
ERR4796287,497491
ERR4796287,797736
ERR4796287,931123
ERR4796287,1759252
ERR4796287,2505085
C249,497491
C249,797736
C249,931123
C249,1759252
C249,2505085
Peru3289,403364
Peru3289,764995
Peru3289,1759252
ERR4831306,62657
ERR4831306,891756
ERR4831306,1759252
ERR4830350,615938
ERR4830350,931123
ERR4830350,1759252
ERR4830350,3021283
ERR4830350,3216553
ERR4830350,4404247
ERR4829896,62657
ERR4829896,891756
ERR4829896,1759252
ERR4809356,497491
ERR4809356,797736
ERR4809356,931123
ERR4809356,1759252
ERR4809356,2505085
ERR4809356,4248115
KOR-K2016-0186,1759252
KOR-K2016-0186,3836739
ERR3287395,403364
ERR3287395,764995
ERR3287395,1759252
ERR4811064,1719757
ERR4811064,1759252
TDR169S165L002,62657
TDR169S165L002,107794
TDR169S165L002,891756
TDR169S165L002,1759252
TDR80S177L002,346693
TDR80S177L002,497491
TDR80S177L002,931123
TDR80S177L002,1759252
TDR80S177L002,2505085
ERR4828821,62657
ERR4828821,107794
ERR4828821,891756
ERR4828821,1759252
ERR4809065,62657
ERR4809065,514245
ERR4809065,1759252
ERR4809065,4229087
C439,62657
C439,514245
C439,1759252
C439,4229087
ERR2510839,497491
ERR2510839,797736
ERR2510839,931123
ERR2510839,1759252
ERR2510839,2505085
ERR4822495,1759252
ERR4822495,4249732
C371,497491
C371,797736
C371,931123
C371,1759252
C371,2505085
C371,4248115
Peru4720,403364
Peru4720,764995
Peru4720,1759252
KOR-K2016-0163,497491
KOR-K2016-0163,797736
KOR-K2016-0163,931123
KOR-K2016-0163,1759252
KOR-K2016-0163,2505085
ERR3287412,403364
ERR3287412,764995
ERR3287412,1759252
ERR2184481,62657
ERR2184481,514245
ERR2184481,1759252
ERR2510394,497491
ERR2510394,797736
ERR2510394,931123
ERR2510394,1759252
ERR2510394,2505085
ERR4829176,1759252
ERR4829176,2875883
ERR4829176,3466426
ERR4829176,4125058
Peru4519,764995
Peru4519,1759252
Peru4519,4316114
ERR4797065,497491
ERR4797065,797736
ERR4797065,931123
ERR4797065,1759252
ERR4797065,2505085
ERR3287759,62657
ERR3287759,891756
ERR3287759,1759252
ERR4813792,615938
ERR4813792,931123
ERR4813792,1491275
ERR4813792,1759252
ERR4813792,4404247
ERR4796537,931123
ERR4796537,1759252
ERR4796537,3273107
C083,931123
C083,1084911
C083,1759252
C083,3273107
ERR4811541,1759252
ERR4811511,497491
ERR4811511,797736
ERR4811511,931123
ERR4811511,1759252
ERR4811511,2505085
ERR4831895,497491
ERR4831895,797736
ERR4831895,931123
ERR4831895,1759252
ERR4831895,2505085
ERR2184393,62657
ERR2184393,107794
ERR2184393,891756
ERR2184393,1759252
ERR5918063,62657
ERR5918063,891756
ERR5918063,1759252
ERR4812135,764995
ERR4812135,1759252
ERR4812135,4316114
ERR4797337,497491
ERR4797337,797736
ERR4797337,931123
ERR4797337,1759252
ERR4797337,2505085
M0015931-0,62657
M0015931-0,107794
M0015931-0,891756
M0015931-0,1759252
Peru5120,62657
Peru5120,514245
Peru5120,1759252
Peru5120,4229087
ERR4812551,497491
ERR4812551,797736
ERR4812551,931123
ERR4812551,1759252
ERR4812551,2505085
ERR4811382,62657
ERR4811382,1759252
ERR4810751,497491
ERR4810751,797736
ERR4810751,931123
ERR4810751,1759252
ERR4810751,2505085
ERR4828199,497491
ERR4828199,797736
ERR4828199,931123
ERR4828199,1759252
ERR4828199,2505085
ERR4829947,931123
ERR4829947,1759252
ERR4829947,3273107
ERR4828919,615614
ERR4828919,764995
ERR4828919,1759252
1824,62657
1824,1759252
Peru4967,497491
Peru4967,797736
Peru4967,931123
Peru4967,1759252
Peru4967,2505085
ERR3287581,1759252
ERR4811883,403364
ERR4811883,764995
ERR4811883,1759252
Peru5431,764995
Peru5431,1759252
Peru5431,3977226
Peru5431,4398141
Peru4046,764995
Peru4046,1759252
Peru4046,4316114
Peru4544,62657
Peru4544,107794
Peru4544,891756
Peru4544,1759252
ERR4813394,764995
ERR4813394,1759252
ERR4813394,3977226
ERR4813394,4398141
ERR4809325,403364
ERR4809325,764995
ERR4809325,1759252
ERR4822376,497491
ERR4822376,797736
ERR4822376,931123
ERR4822376,1759252
ERR4822376,2505085
ERR4830917,497491
ERR4830917,797736
ERR4830917,931123
ERR4830917,1759252
ERR4830917,2505085
C387,497491
C387,797736
C387,931123
C387,1759252
C387,2505085
ERR4811409,1759252
ERR4811409,2875883
ERR4811409,3466426
ERR4811409,4125058
ERR4828901,1759252
ERR4828901,3836739
ERR4796464,615938
ERR4796464,931123
ERR4796464,1759252
ERR4796464,3470377
ERR4812020,62657
ERR4812020,107794
ERR4812020,891756
ERR4812020,1759252
ERR4796362,615938
ERR4796362,931123
ERR4796362,1759252
ERR4796362,2622402
ERR4796362,4404247
ERR4828851,62657
ERR4828851,514245
ERR4828851,1759252
ERR4828347,1487796
ERR4828347,1759252
ERR4828347,2411730
ERR3287443,1759252
ERR4811433,62657
ERR4811433,107794
ERR4811433,891756
ERR4811433,1759252
ERR4813178,764995
ERR4813178,1759252
ERR4813178,3977226
ERR4813178,4398141
ERR4829975,1719757
ERR4829975,1759252
ERR4796700,497491
ERR4796700,797736
ERR4796700,931123
ERR4796700,1759252
ERR4796700,2505085
ERR4831142,1759252
ERR4831142,4249732
ERR4828697,497491
ERR4828697,797736
ERR4828697,931123
ERR4828697,1759252
ERR4828697,2505085
ERR4809063,355181
ERR4809063,1759252
ERR4809063,4151558
ERR4809063,4307886
ERR4796387,497491
ERR4796387,797736
ERR4796387,931123
ERR4796387,1759252
ERR4796387,2505085
Peru4977,764995
Peru4977,1759252
Peru4977,3977226
Peru4977,4398141
SAMN02398715,346693
SAMN02398715,497491
SAMN02398715,931123
SAMN02398715,1759252
SAMN02398715,2505085
ERR4813170,497491
ERR4813170,797736
ERR4813170,931123
ERR4813170,1759252
ERR4813170,2505085
ERR4797405,497491
ERR4797405,797736
ERR4797405,931123
ERR4797405,1759252
ERR4797405,2505085
ERR4829835,1759252
ERR4829835,3836739
SAMEA3558126,1759252
TRL0113098,355181
TRL0113098,1759252
TRL0113098,4151558
TRL0113098,4307886
ERR4831650,497491
ERR4831650,797736
ERR4831650,931123
ERR4831650,1759252
ERR4831650,2505085
ERR2184644,62657
ERR2184644,514245
ERR2184644,1759252
ERR2184644,4229087
ERR4812183,403364
ERR4812183,764995
ERR4812183,1759252
SAMN02360582,346693
SAMN02360582,497491
SAMN02360582,931123
SAMN02360582,1759252
SAMN02360582,2505085
ERR4832025,497491
ERR4832025,797736
ERR4832025,931123
ERR4832025,1759252
ERR4832025,2505085
ERR4828513,497491
ERR4828513,797736
ERR4828513,931123
ERR4828513,1759252
ERR4828513,2505085
ERR4828513,4248115
ERR4811444,1759252
ERR4811444,2875883
ERR4811444,3466426
ERR4811444,4125058
ERR4830204,497491
ERR4830204,797736
ERR4830204,931123
ERR4830204,1759252
ERR4830204,2505085
ERR4810902,497491
ERR4810902,797736
ERR4810902,931123
ERR4810902,1759252
ERR4810902,2505085
ERR4812790,764995
ERR4812790,1132368
ERR4812790,1759252
ERR4812790,3977226
SAMEA3558221,1487796
SAMEA3558221,1759252
SAMEA3558221,2411730
ERR4822440,497491
ERR4822440,797736
ERR4822440,931123
ERR4822440,1759252
ERR4822440,2505085
ERR4811657,62657
ERR4811657,107794
ERR4811657,891756
ERR4811657,1759252
C090,497491
C090,797736
C090,931123
C090,1759252
C090,2505085
ERR4797229,62657
ERR4797229,514245
ERR4797229,1759252
ERR4797229,1850119
ERR4797522,497491
ERR4797522,797736
ERR4797522,931123
ERR4797522,1759252
ERR4797522,2505085
ERR4796304,931123
ERR4796304,1084911
ERR4796304,1759252
ERR4796304,3273107
TRL0114829,346693
TRL0114829,497491
TRL0114829,931123
TRL0114829,1759252
TRL0114829,2505085
ERR4829010,497491
ERR4829010,797736
ERR4829010,931123
ERR4829010,1759252
ERR4829010,2505085
C282,497491
C282,797736
C282,931123
C282,1759252
C282,2505085
C282,4248115
Peru4999,403364
Peru4999,764995
Peru4999,1759252
TRL0116714,615938
TRL0116714,931123
TRL0116714,1759252
TRL0116714,3470377
ERR4829943,931123
ERR4829943,1759252
ERR4829943,3273107
ERR4810503,497491
ERR4810503,797736
ERR4810503,931123
ERR4810503,1759252
ERR4810503,2505085
ERR4808873,497491
ERR4808873,797736
ERR4808873,931123
ERR4808873,1759252
ERR4808873,2505085
ERR4811491,1719757
ERR4811491,1759252
ERR4829990,62657
ERR4829990,107794
ERR4829990,891756
ERR4829990,1759252
ERR4813163,403364
ERR4813163,764995
ERR4813163,1759252
Peru3285,764995
Peru3285,1132368
Peru3285,1759252
Peru3285,3977226
ERR4813451,403364
ERR4813451,764995
ERR4813451,1759252
SAMN02381032,497491
SAMN02381032,797736
SAMN02381032,931123
SAMN02381032,1759252
SAMN02381032,2505085
ERR4828602,931123
ERR4828602,1759252
Peru4522,764995
Peru4522,1759252
Peru4522,3977226
Peru4522,4398141
Peru5019,62657
Peru5019,514245
Peru5019,1759252
SAMN02380989,931123
SAMN02380989,1084911
SAMN02380989,1759252
SAMN02380989,3273107
ERR4811126,1719757
ERR4811126,1759252
GA569-315,62657
GA569-315,891756
GA569-315,1759252
ERR4797569,931123
ERR4797569,1759252
ERR4797569,3273107
ERR4830331,497491
ERR4830331,797736
ERR4830331,931123
ERR4830331,1759252
ERR4830331,2505085
ERR4830331,4248115
ERR4813817,764995
ERR4813817,1759252
ERR4813817,3977226
ERR4813817,4398141
ERR4829068,497491
ERR4829068,797736
ERR4829068,931123
ERR4829068,1759252
ERR4829068,2505085
ERR4830847,1487796
ERR4830847,1759252
ERR4830847,2411730
ERR4812725,403364
ERR4812725,764995
ERR4812725,1759252
ERR4813424,497491
ERR4813424,797736
ERR4813424,931123
ERR4813424,1759252
ERR4813424,2505085
ERR4829636,346693
ERR4829636,497491
ERR4829636,931123
ERR4829636,1759252
ERR4829636,2505085
ERR2184529,403364
ERR2184529,764995
ERR2184529,1759252
ERR4812345,355181
ERR4812345,1759252
ERR4812345,4151558
ERR4812345,4307886
ERR4812953,403364
ERR4812953,764995
ERR4812953,1759252
Peru4060,764995
Peru4060,1759252
ERR4811230,497491
ERR4811230,797736
ERR4811230,931123
ERR4811230,1759252
ERR4811230,2505085
ERR4831469,931123
ERR4831469,1759252
ERR4831469,3273107
ERR4830111,497491
ERR4830111,797736
ERR4830111,931123
ERR4830111,1759252
ERR4830111,2505085
ERR4811693,497491
ERR4811693,797736
ERR4811693,931123
ERR4811693,1759252
ERR4811693,2505085
JPN-R2012-0015,497491
JPN-R2012-0015,797736
JPN-R2012-0015,931123
JPN-R2012-0015,1759252
JPN-R2012-0015,2505085
ERR4830735,1759252
ERR4830735,3836739
Peru4087,62657
Peru4087,514245
Peru4087,1759252
ERR4796496,615938
ERR4796496,931123
ERR4796496,1759252
ERR4796496,3470377
ERR4831757,346693
ERR4831757,497491
ERR4831757,931123
ERR4831757,1759252
ERR4831757,2505085
ERR4812186,1759252
ERR4812186,3836739
ERR2510692,1759252
ERR3287847,764995
ERR3287847,1132368
ERR3287847,1759252
ERR3287847,3977226
ERR4830517,355181
ERR4830517,1759252
ERR4830517,4151558
ERR4830517,4307886
ERR4797516,497491
ERR4797516,797736
ERR4797516,931123
ERR4797516,1759252
ERR4797516,2505085
ERR3287392,62657
ERR3287392,107794
ERR3287392,891756
ERR3287392,1759252
ERR4830150,62657
ERR4830150,1759252
ERR4810936,1487796
ERR4810936,1759252
ERR4810936,2411730
ERR4797218,497491
ERR4797218,797736
ERR4797218,931123
ERR4797218,1759252
ERR4797218,2505085
ERR4829167,931123
ERR4829167,1759252
ERR4829167,3273107
ERR4830573,497491
ERR4830573,797736
ERR4830573,931123
ERR4830573,1759252
ERR4830573,2505085
ERR4829517,764995
ERR4829517,1759252
ERR4829517,4316114
ERR3287350,764995
ERR3287350,1759252
ERR3287350,4316114
ERR4828354,497491
ERR4828354,797736
ERR4828354,931123
ERR4828354,1759252
ERR4828354,2505085
ERR4808956,355181
ERR4808956,1759252
ERR4808956,4151558
ERR4808956,4307886
ERR2184653,764995
ERR2184653,1759252
ERR2184653,4316114
C157,62657
C157,107794
C157,891756
C157,1759252
ERR4829788,403364
ERR4829788,764995
ERR4829788,1759252
TDR173S107L002,615938
TDR173S107L002,931123
TDR173S107L002,1759252
TDR173S107L002,3479545
ERR4812389,62657
ERR4812389,107794
ERR4812389,891756
ERR4812389,1759252
ERR5918077,497491
ERR5918077,797736
ERR5918077,931123
ERR5918077,1759252
ERR5918077,2505085
ERR4832065,497491
ERR4832065,797736
ERR4832065,931123
ERR4832065,1759252
ERR4832065,2505085
ERR4797533,931123
ERR4797533,1237818
ERR4797533,1759252
ERR4797533,3273107
ERR4797533,3722702
ERR4797649,615938
ERR4797649,931123
ERR4797649,1759252
ERR4797649,3470377
ERR4796657,1759252
ERR4796657,3836739
ERR4822417,497491
ERR4822417,797736
ERR4822417,931123
ERR4822417,1759252
ERR4822417,2505085
ERR2184417,497491
ERR2184417,797736
ERR2184417,931123
ERR2184417,1759252
ERR2184417,2505085
ERR4831660,497491
ERR4831660,797736
ERR4831660,931123
ERR4831660,1759252
ERR4831660,2505085
ERR3287414,403364
ERR3287414,764995
ERR3287414,1759252
ERR4828497,615938
ERR4828497,931123
ERR4828497,1759252
ERR4828497,3479545
ERR4828809,62657
ERR4828809,107794
ERR4828809,891756
ERR4828809,1759252
ERR4830347,615938
ERR4830347,931123
ERR4830347,1759252
ERR4830347,3021283
ERR4830347,4404247
TRL0116137,497491
TRL0116137,797736
TRL0116137,931123
TRL0116137,1759252
TRL0116137,2505085
JPN-R2012-0090,62657
JPN-R2012-0090,107794
JPN-R2012-0090,891756
JPN-R2012-0090,1759252
ERR4797510,497491
ERR4797510,797736
ERR4797510,931123
ERR4797510,1759252
ERR4797510,2505085
Peru4727,403364
Peru4727,764995
Peru4727,1759252
C451,62657
C451,891756
C451,1759252
ERR4809353,62657
ERR4809353,107794
ERR4809353,891756
ERR4809353,1759252
ERR4811642,497491
ERR4811642,797736
ERR4811642,931123
ERR4811642,1759252
ERR4811642,2505085
ERR4829401,62657
ERR4829401,107794
ERR4829401,891756
ERR4829401,1759252
22514,497491
22514,797736
22514,931123
22514,1759252
22514,2505085
ERR4811292,497491
ERR4811292,797736
ERR4811292,931123
ERR4811292,1759252
ERR4811292,2505085
ERR4830049,403364
ERR4830049,764995
ERR4830049,1759252
Peru4669,403364
Peru4669,764995
Peru4669,1759252
ERR4830373,497491
ERR4830373,797736
ERR4830373,931123
ERR4830373,1759252
ERR4830373,2505085
KOR-K2016-0082,346693
KOR-K2016-0082,497491
KOR-K2016-0082,931123
KOR-K2016-0082,1759252
KOR-K2016-0082,2505085
ERR4828632,497491
ERR4828632,797736
ERR4828632,931123
ERR4828632,1759252
ERR4828632,2505085
ERR4796624,931123
ERR4796624,1759252
ERR4796624,3273107
ERR4829638,931123
ERR4829638,1759252
ERR4829638,1816587
ERR4829638,1882180
ERR2184438,62657
ERR2184438,107794
ERR2184438,891756
ERR2184438,1759252
ERR4828468,497491
ERR4828468,797736
ERR4828468,931123
ERR4828468,1759252
ERR4828468,2505085
ERR4831729,497491
ERR4831729,797736
ERR4831729,931123
ERR4831729,1759252
ERR4831729,2505085
ERR4831729,4248115
ERR4822307,931123
ERR4822307,1759252
ERR4822307,3273107
SAMEA3558169,764995
SAMEA3558169,1759252
SAMEA3558169,3977226
SAMEA3558169,4398141
FS018-70,403364
FS018-70,764995
FS018-70,1759252
ERR4796526,931123
ERR4796526,1759252
ERR4796526,3273107
ERR4796526,3722702
ERR2510459,497491
ERR2510459,797736
ERR2510459,931123
ERR2510459,1759252
ERR2510459,2505085
ERR4828800,62657
ERR4828800,107794
ERR4828800,891756
ERR4828800,1759252
IDR1900016127,1719757
IDR1900016127,1759252
ERR3287707,764995
ERR3287707,1759252
ERR3287707,3977226
ERR3287707,4398141
KD00184898,62657
KD00184898,107794
KD00184898,891756
KD00184898,1759252
ERR4822296,497491
ERR4822296,797736
ERR4822296,931123
ERR4822296,1759252
ERR4822296,2505085
ERR4797208,497491
ERR4797208,797736
ERR4797208,931123
ERR4797208,1759252
ERR4797208,2505085
C413,346693
C413,497491
C413,931123
C413,1759252
C413,2505085
ERR4797592,497491
ERR4797592,797736
ERR4797592,931123
ERR4797592,1759252
ERR4797592,2505085
ERR4831061,497491
ERR4831061,797736
ERR4831061,931123
ERR4831061,1759252
ERR4831061,2505085
24304,62657
24304,514245
24304,1759252
24304,1850119
ERR4811743,62657
ERR4811743,107794
ERR4811743,891756
ERR4811743,1759252
ERR4830753,615938
ERR4830753,931123
ERR4830753,1759252
ERR4830753,2622402
ERR4830753,4404247
ERR4828476,497491
ERR4828476,797736
ERR4828476,931123
ERR4828476,1759252
ERR4828476,2505085
IDR1700011701,615938
IDR1700011701,931123
IDR1700011701,1491275
IDR1700011701,1759252
IDR1700011701,4404247
Peru4942,403364
Peru4942,764995
Peru4942,1759252
ERR4831914,62657
ERR4831914,107794
ERR4831914,891756
ERR4831914,1759252
ERR4831884,497491
ERR4831884,797736
ERR4831884,931123
ERR4831884,1759252
ERR4831884,2505085
ERR4831884,4248115
Peru2965,1759252
ERR4810637,497491
ERR4810637,797736
ERR4810637,931123
ERR4810637,1759252
ERR4810637,2505085
ERR4811435,62657
ERR4811435,514245
ERR4811435,1759252
ERR4811435,4229087
ERR4811863,62657
ERR4811863,107794
ERR4811863,891756
ERR4811863,1759252
ERR4809043,62657
ERR4809043,107794
ERR4809043,891756
ERR4809043,1759252
ERR4808920,497491
ERR4808920,797736
ERR4808920,931123
ERR4808920,1759252
ERR4808920,2505085
ERR4808920,4248115
TDR73S150L002,62657
TDR73S150L002,107794
TDR73S150L002,891756
TDR73S150L002,1759252
ERR3287775,403364
ERR3287775,764995
ERR3287775,1759252
ERR3287725,403364
ERR3287725,764995
ERR3287725,1759252
0310150,764995
0310150,1132368
0310150,1502120
0310150,1759252
0310150,3977226
ERR4813816,764995
ERR4813816,1759252
ERR4813816,3977226
ERR4813816,4398141
ERR4796345,931123
ERR4796345,1759252
ERR4796345,3273107
ERR4829946,931123
ERR4829946,1759252
ERR4829946,3273107
SAMEA3558144,346693
SAMEA3558144,497491
SAMEA3558144,931123
SAMEA3558144,1759252
SAMEA3558144,2505085
26927,764995
26927,1759252
26927,3388166
26927,4316114
ERR4796812,497491
ERR4796812,797736
ERR4796812,931123
ERR4796812,1759252
ERR4796812,2505085
ERR4830941,497491
ERR4830941,797736
ERR4830941,931123
ERR4830941,1759252
ERR4830941,2505085
ERR4828936,1759252
ERR4828936,3836739
ERR2510295,931123
ERR2510295,1759252
ERR2510295,3273107
DH00680828,497491
DH00680828,797736
DH00680828,931123
DH00680828,1759252
DH00680828,2505085
Peru3385,403364
Peru3385,764995
Peru3385,1759252
ERR4796784,931123
ERR4796784,1759252
ERR4796784,3273107
ERR4798058,497491
ERR4798058,797736
ERR4798058,931123
ERR4798058,1759252
ERR4798058,2505085
IDR1700027728,403364
IDR1700027728,764995
IDR1700027728,1759252
ERR4822321,497491
ERR4822321,797736
ERR4822321,931123
ERR4822321,1759252
ERR4822321,2505085
ERR4830301,497491
ERR4830301,797736
ERR4830301,931123
ERR4830301,1759252
ERR4830301,2505085
1832,1487796
1832,1759252
1832,2411730
ERR4822633,1759252
ERR4822633,3836739
C022,497491
C022,797736
C022,931123
C022,1759252
C022,2505085
ERR4811499,1719757
ERR4811499,1759252
JPN-R2012-0033,497491
JPN-R2012-0033,797736
JPN-R2012-0033,931123
JPN-R2012-0033,1759252
JPN-R2012-0033,2505085
ERR4797545,497491
ERR4797545,797736
ERR4797545,931123
ERR4797545,1759252
ERR4797545,2505085
TDR3S156L002,615938
TDR3S156L002,931123
TDR3S156L002,1491275
TDR3S156L002,1759252
TDR3S156L002,4404247
ERR4811595,497491
ERR4811595,797736
ERR4811595,931123
ERR4811595,1759252
ERR4811595,2505085
C308,764995
C308,1759252
C308,3388166
C308,4316114
C268,497491
C268,797736
C268,931123
C268,1759252
C268,2505085
ERR4811726,497491
ERR4811726,797736
ERR4811726,931123
ERR4811726,1759252
ERR4811726,2505085
KOR-K2016-0111,497491
KOR-K2016-0111,797736
KOR-K2016-0111,931123
KOR-K2016-0111,1759252
KOR-K2016-0111,2505085
ERR4797376,615938
ERR4797376,931123
ERR4797376,1759252
ERR4797376,3479545
ERR4812438,62657
ERR4812438,107794
ERR4812438,891756
ERR4812438,1759252
ERR4810574,1719757
ERR4810574,1759252
ERR4796560,497491
ERR4796560,797736
ERR4796560,931123
ERR4796560,1759252
ERR4796560,2505085
Peru5434,764995
Peru5434,1132368
Peru5434,1759252
Peru5434,3977226
IDR1300021110,497491
IDR1300021110,797736
IDR1300021110,931123
IDR1300021110,1759252
IDR1300021110,2505085
ERR4812474,403364
ERR4812474,764995
ERR4812474,1759252
ERR4811673,764995
ERR4811673,1759252
ERR4811673,4316114
ERR4810507,1719757
ERR4810507,1759252
ERR4828621,497491
ERR4828621,797736
ERR4828621,931123
ERR4828621,1759252
ERR4828621,2505085
ERR4828621,4248115
TRL0113427,62657
TRL0113427,107794
TRL0113427,891756
TRL0113427,1759252
ERR4829729,1759252
ERR4829729,4249732
ERR4830195,615938
ERR4830195,931123
ERR4830195,1759252
ERR4830195,3021283
ERR4830195,4404247
ERR4796292,931123
ERR4796292,1759252
ERR4796292,3273107
ERR5918116,62657
ERR5918116,107794
ERR5918116,891756
ERR5918116,1759252
ERR4812184,403364
ERR4812184,764995
ERR4812184,1759252
ERR4812202,62657
ERR4812202,107794
ERR4812202,891756
ERR4812202,1759252
ERR4828840,62657
ERR4828840,107794
ERR4828840,891756
ERR4828840,1759252
ERR4809273,62657
ERR4809273,514245
ERR4809273,1759252
ERR4809273,4229087
ERR4830232,497491
ERR4830232,797736
ERR4830232,931123
ERR4830232,1759252
ERR4830232,2505085
KOR-K2016-0180,497491
KOR-K2016-0180,797736
KOR-K2016-0180,931123
KOR-K2016-0180,1759252
KOR-K2016-0180,2505085
FD00222433,62657
FD00222433,514245
FD00222433,1759252
FD00222433,4229087
C119,497491
C119,797736
C119,931123
C119,1759252
C119,2505085
C119,4248115
MNG-S2014-0200,497491
MNG-S2014-0200,797736
MNG-S2014-0200,931123
MNG-S2014-0200,1759252
MNG-S2014-0200,2505085
TRL0115007,62657
TRL0115007,514245
TRL0115007,1759252
TRL0115007,4229087
Peru5038,62657
Peru5038,514245
Peru5038,1759252
Peru5038,1850119
ERR3287409,62657
ERR3287409,107794
ERR3287409,891756
ERR3287409,1759252
ERR5917984,346693
ERR5917984,497491
ERR5917984,931123
ERR5917984,1759252
ERR5917984,2505085
ERR3287743,62657
ERR3287743,514245
ERR3287743,1759252
ERR3287743,4229087
ERR4814124,1759252
ERR4814124,4151558
ERR4814124,4307886
ERR4813407,497491
ERR4813407,797736
ERR4813407,931123
ERR4813407,1759252
ERR4813407,2505085
ERR3287490,764995
ERR3287490,1132368
ERR3287490,1759252
ERR3287490,3977226
ERR2510823,1759252
ERR2510823,3836739
ERR4828190,497491
ERR4828190,797736
ERR4828190,931123
ERR4828190,1759252
ERR4828190,2505085
ERR4811425,62657
ERR4811425,107794
ERR4811425,891756
ERR4811425,1759252
ERR4831886,497491
ERR4831886,797736
ERR4831886,931123
ERR4831886,1759252
ERR4831886,2505085
ERR4830943,497491
ERR4830943,797736
ERR4830943,931123
ERR4830943,1759252
ERR4830943,2505085
ERR4830943,4248115
ERR4828916,62657
ERR4828916,1759252
ERR4831965,497491
ERR4831965,797736
ERR4831965,931123
ERR4831965,1759252
ERR4831965,2505085
ERR4829048,931123
ERR4829048,1759252
ERR4829048,3273107
C297,764995
C297,1132368
C297,1502120
C297,1759252
C297,3977226
ERR4829467,615938
ERR4829467,931123
ERR4829467,1759252
ERR4829467,3470377
C132,497491
C132,797736
C132,931123
C132,1759252
C132,2505085
ERR4810721,497491
ERR4810721,797736
ERR4810721,931123
ERR4810721,1759252
ERR4810721,2505085
ERR4796273,931123
ERR4796273,1759252
ERR4796273,3273107
ERR2184526,403364
ERR2184526,764995
ERR2184526,1759252
ERR2510278,931123
ERR2510278,1759252
ERR2510278,3273107
JPN-R2012-0028,497491
JPN-R2012-0028,797736
JPN-R2012-0028,931123
JPN-R2012-0028,1759252
JPN-R2012-0028,2505085
ERR4830665,1759252
ERR4830665,3466426
ERR4830665,4125058
ERR4828887,403364
ERR4828887,764995
ERR4828887,1759252
ERR4797550,497491
ERR4797550,797736
ERR4797550,931123
ERR4797550,1759252
ERR4797550,2505085
IDR1800038180,764995
IDR1800038180,1759252
TRL0116109,615938
TRL0116109,931123
TRL0116109,1759252
TRL0116109,3470377
ERR4822471,615938
ERR4822471,931123
ERR4822471,1759252
ERR4822471,2622402
ERR4822471,4404247
ERR2510691,1455780
ERR2510691,1487796
ERR2510691,1759252
ERR2510691,2411730
ERR4809323,764995
ERR4809323,1759252
ERR4809323,3388166
ERR4809323,4316114
Peru3315,403364
Peru3315,764995
Peru3315,1759252
ERR4830454,497491
ERR4830454,797736
ERR4830454,931123
ERR4830454,1759252
ERR4830454,2505085
ERR4831750,497491
ERR4831750,797736
ERR4831750,931123
ERR4831750,1759252
ERR4831750,2505085
Peru3995,62657
Peru3995,107794
Peru3995,891756
Peru3995,1759252
ERR2184541,62657
ERR2184541,107794
ERR2184541,891756
ERR2184541,1759252
C224,497491
C224,797736
C224,931123
C224,1759252
C224,2505085
Peru4548,403364
Peru4548,764995
Peru4548,1759252
ERR4796556,931123
ERR4796556,1759252
ERR4796556,3273107
CE01607859,1759252
CE01607859,3836739
ERR4811259,1719757
ERR4811259,1759252
ERR4812728,62657
ERR4812728,514245
ERR4812728,1759252
ERR4828814,1759252
ERR4828814,3836739
ERR4822637,931123
ERR4822637,1759252
ERR4822637,3273107
ERR4809076,346693
ERR4809076,497491
ERR4809076,931123
ERR4809076,1759252
ERR4809076,2505085
ERR4811938,403364
ERR4811938,764995
ERR4811938,1759252
ERR4830018,497491
ERR4830018,797736
ERR4830018,931123
ERR4830018,1759252
ERR4830018,2505085
ERR4796810,615938
ERR4796810,931123
ERR4796810,1759252
ERR4796810,2622402
ERR4796810,4404247
Peru2951,764995
Peru2951,1132368
Peru2951,1759252
Peru2951,3977226
ERR2184363,764995
ERR2184363,1759252
ERR2184363,4316114
ERR5917728,497491
ERR5917728,797736
ERR5917728,931123
ERR5917728,1759252
ERR5917728,2505085
KOR-K2016-0045,497491
KOR-K2016-0045,797736
KOR-K2016-0045,931123
KOR-K2016-0045,1759252
KOR-K2016-0045,2505085
ERR4830530,931123
ERR4830530,1759252
ERR4830530,3273107
ERR4811291,497491
ERR4811291,797736
ERR4811291,931123
ERR4811291,1759252
ERR4811291,2505085
TRL0043835,355181
TRL0043835,1759252
TRL0043835,4151558
TRL0043835,4307886
ERR4796877,497491
ERR4796877,797736
ERR4796877,931123
ERR4796877,1759252
ERR4796877,2505085
ERR3287659,764995
ERR3287659,1132368
ERR3287659,1759252
ERR3287659,3977226
ERR4797465,62657
ERR4797465,514245
ERR4797465,1759252
ERR4797465,1850119
ERR4810727,346693
ERR4810727,497491
ERR4810727,931123
ERR4810727,1759252
ERR4810727,2505085
ERR4797687,931123
ERR4797687,1084911
ERR4797687,1759252
ERR4797687,3273107
ERR4796449,497491
ERR4796449,797736
ERR4796449,931123
ERR4796449,1759252
ERR4796449,2505085
ERR4796449,4248115
ERR4811014,497491
ERR4811014,797736
ERR4811014,931123
ERR4811014,1759252
ERR4811014,2505085
ERR4822403,497491
ERR4822403,797736
ERR4822403,931123
ERR4822403,1759252
ERR4822403,2505085
Peru3390,403364
Peru3390,764995
Peru3390,1759252
TDR216S193L002,403364
TDR216S193L002,764995
TDR216S193L002,1759252
ERR3287875,62657
ERR3287875,107794
ERR3287875,891756
ERR3287875,1759252
TRL0116715,497491
TRL0116715,797736
TRL0116715,931123
TRL0116715,1759252
TRL0116715,2505085
ERR4810900,497491
ERR4810900,797736
ERR4810900,931123
ERR4810900,1759252
ERR4810900,2505085
ERR4829955,931123
ERR4829955,1759252
ERR4829955,3273107
KOR-K2016-0217,497491
KOR-K2016-0217,797736
KOR-K2016-0217,931123
KOR-K2016-0217,1759252
KOR-K2016-0217,2505085
C042,497491
C042,797736
C042,931123
C042,1759252
C042,2505085
C042,4248115
ERR2184570,497491
ERR2184570,797736
ERR2184570,931123
ERR2184570,1759252
ERR2184570,2505085
IDR1900007825,62657
IDR1900007825,107794
IDR1900007825,891756
IDR1900007825,1759252
ERR4828918,62657
ERR4828918,107794
ERR4828918,891756
ERR4828918,1759252
KOR-K2016-0049,497491
KOR-K2016-0049,797736
KOR-K2016-0049,931123
KOR-K2016-0049,1759252
KOR-K2016-0049,2505085
ERR4830315,615938
ERR4830315,931123
ERR4830315,1759252
ERR4830315,3021283
ERR4830315,4404247
ERR4810929,497491
ERR4810929,797736
ERR4810929,931123
ERR4810929,1759252
ERR4810929,2505085
Peru4026,764995
Peru4026,1759252
Peru4026,4316114
ERR4830396,497491
ERR4830396,931123
ERR4830396,1759252
ERR4830396,1881090
ERR4813056,764995
ERR4813056,1132368
ERR4813056,1759252
ERR4813056,3977226
ERR4829012,497491
ERR4829012,797736
ERR4829012,931123
ERR4829012,1759252
ERR4829012,2505085
ERR4797009,62657
ERR4797009,107794
ERR4797009,891756
ERR4797009,1759252
ERR3287881,764995
ERR3287881,1132368
ERR3287881,1759252
ERR3287881,3977226
ERR4831341,1759252
ERR4831341,2875883
ERR4831341,3466426
ERR4831341,4125058
TRL0114153,497491
TRL0114153,797736
TRL0114153,931123
TRL0114153,1759252
TRL0114153,2505085
ERR4812603,403364
ERR4812603,764995
ERR4812603,1759252
ERR4796552,615938
ERR4796552,931123
ERR4796552,1759252
ERR4796552,3470377
ERR5917994,764995
ERR5917994,1759252
ERR5917994,3388166
ERR5917994,4316114
ERR4831261,615938
ERR4831261,931123
ERR4831261,1759252
ERR4831261,2622402
ERR4831261,4404247
ERR4811338,1487796
ERR4811338,1759252
ERR4811338,2411730
ERR4830836,931123
ERR4830836,1084911
ERR4830836,1759252
ERR4830836,3273107
KOR-K2016-0144,497491
KOR-K2016-0144,797736
KOR-K2016-0144,931123
KOR-K2016-0144,1759252
KOR-K2016-0144,2505085
ERR4809087,62657
ERR4809087,514245
ERR4809087,1759252
ERR4809087,4229087
IDR1800052540,931123
IDR1800052540,1759252
IDR1800052540,3273107
IDR1800052540,3722702
ERR2510438,931123
ERR2510438,1759252
ERR2510438,3273107
ERR4831150,615938
ERR4831150,931123
ERR4831150,1759252
ERR4831150,2622402
ERR4831150,4404247
ERR4822569,1759252
ERR4822569,3836739
Peru4590,62657
Peru4590,107794
Peru4590,891756
Peru4590,1759252
ERR4828886,62657
ERR4828886,891756
ERR4828886,1759252
Peru2959,1759252
ERR4829961,497491
ERR4829961,797736
ERR4829961,931123
ERR4829961,1759252
ERR4829961,2505085
ERR4829961,4248115
ERR4797444,931123
ERR4797444,1759252
ERR4797444,3273107
SAMN02381015,403364
SAMN02381015,764995
SAMN02381015,1759252
TDR157S122L002,497491
TDR157S122L002,797736
TDR157S122L002,931123
TDR157S122L002,1759252
TDR157S122L002,2505085
ERR4811289,497491
ERR4811289,797736
ERR4811289,931123
ERR4811289,1759252
ERR4811289,2505085
ERR4796401,931123
ERR4796401,1759252
ERR4796401,3273107
ERR4830013,62657
ERR4830013,107794
ERR4830013,891756
ERR4830013,1759252
ERR4809125,62657
ERR4809125,514245
ERR4809125,1759252
ERR4809125,4229087
ERR4829629,931123
ERR4829629,1759252
ERR4829629,1882180
ERR4829629,2831482
ERR4796839,497491
ERR4796839,797736
ERR4796839,931123
ERR4796839,1759252
ERR4796839,2505085
Peru4903,403364
Peru4903,764995
Peru4903,1759252
ERR4829019,403364
ERR4829019,764995
ERR4829019,1759252
ERR4796758,497491
ERR4796758,797736
ERR4796758,931123
ERR4796758,1759252
ERR4796758,2505085
ERR4810851,346693
ERR4810851,497491
ERR4810851,931123
ERR4810851,1759252
ERR4810851,2505085
ERR4813539,62657
ERR4813539,107794
ERR4813539,891756
ERR4813539,1759252
ERR2510586,931123
ERR2510586,1759252
ERR2510586,3273107
ERR4813954,62657
ERR4813954,107794
ERR4813954,891756
ERR4813954,1759252
ERR4832008,497491
ERR4832008,797736
ERR4832008,931123
ERR4832008,1759252
ERR4832008,2505085
ERR4832008,4248115
Peru3428,62657
Peru3428,891756
Peru3428,1759252
IF00091761,62657
IF00091761,514245
IF00091761,1759252
IF00091761,1850119
Peru5072,62657
Peru5072,514245
Peru5072,1759252
IDR1900007810,764995
IDR1900007810,1759252
IDR1900007810,3977226
IDR1900007810,4398141
ERR4828452,497491
ERR4828452,797736
ERR4828452,931123
ERR4828452,1759252
ERR4828452,2505085
ERR4828452,4248115
TDR51S125L002,1501468
TDR51S125L002,1759252
TDR51S125L002,3466426
TDR51S125L002,4260268
ERR4831082,497491
ERR4831082,797736
ERR4831082,931123
ERR4831082,1759252
ERR4831082,2505085
ERR2184454,764995
ERR2184454,1759252
ERR2184454,4316114
ERR4797210,931123
ERR4797210,1759252
ERR4797210,3273107
Peru4962,403364
Peru4962,764995
Peru4962,1759252
SAMEA3558213,764995
SAMEA3558213,1759252
KOR-K2016-0181,497491
KOR-K2016-0181,797736
KOR-K2016-0181,931123
KOR-K2016-0181,1759252
KOR-K2016-0181,2505085
ERR4830173,497491
ERR4830173,797736
ERR4830173,931123
ERR4830173,1759252
ERR4830173,2505085
SAMEA3558235,62657
SAMEA3558235,1759252
ERR4822457,62657
ERR4822457,107794
ERR4822457,891756
ERR4822457,1759252
ERR3287508,403364
ERR3287508,764995
ERR3287508,1759252
TDR165combined,62657
TDR165combined,107794
TDR165combined,891756
TDR165combined,1759252
03R0986,403364
03R0986,764995
03R0986,1759252
ERR4828283,615938
ERR4828283,931123
ERR4828283,1759252
ERR4828283,3021283
ERR4828283,3216553
ERR4828283,4404247
Peru4044,1759252
ERR4796488,497491
ERR4796488,797736
ERR4796488,931123
ERR4796488,1759252
ERR4796488,2505085
ERR4831880,497491
ERR4831880,797736
ERR4831880,931123
ERR4831880,1759252
ERR4831880,2505085
ERR4831880,4248115
ERR4797127,1759252
ERR4797127,3836739
ERR4797127,4398141
ERR4831132,62657
ERR4831132,107794
ERR4831132,891756
ERR4831132,1759252
ERR4812958,403364
ERR4812958,764995
ERR4812958,1759252
ERR3287631,403364
ERR3287631,764995
ERR3287631,1759252
ERR4822528,1759252
ERR4822528,2875883
ERR4822528,3466426
ERR4822528,4125058
ERR4829055,764995
ERR4829055,1132368
ERR4829055,1759252
ERR4829055,3977226
ERR4797077,931123
ERR4797077,1759252
ERR4797077,3273107
ERR5918131,497491
ERR5918131,797736
ERR5918131,931123
ERR5918131,1759252
ERR5918131,2505085
ERR5918131,4248115
M0000956-4,1759252
M0000956-4,4151558
M0000956-4,4307886
ERR5917721,403364
ERR5917721,764995
ERR5917721,1759252
ERR4796420,497491
ERR4796420,797736
ERR4796420,931123
ERR4796420,1759252
ERR4796420,2505085
ERR4830413,497491
ERR4830413,797736
ERR4830413,931123
ERR4830413,1759252
ERR4830413,2505085
Peru4647,1759252
Peru4612,1759252
Peru4612,3836739
SAMEA3558211,62657
SAMEA3558211,107794
SAMEA3558211,891756
SAMEA3558211,1759252
ERR4796267,931123
ERR4796267,1759252
ERR4796267,3273107
SAMN02360615,346693
SAMN02360615,497491
SAMN02360615,931123
SAMN02360615,1759252
SAMN02360615,2505085
ERR4813358,764995
ERR4813358,1132368
ERR4813358,1759252
ERR4813358,3977226
SAMN02398693,346693
SAMN02398693,497491
SAMN02398693,931123
SAMN02398693,1759252
SAMN02398693,2505085
ERR4797328,931123
ERR4797328,1759252
ERR4797328,3273107
ERR4829184,1759252
ERR4829184,3836739
IDR1800031503,497491
IDR1800031503,797736
IDR1800031503,931123
IDR1800031503,1759252
IDR1800031503,2505085
ERR4831152,62657
ERR4831152,891756
ERR4831152,1759252
ERR4811164,1487796
ERR4811164,1759252
ERR4811164,2411730
TDR200S151L002,764995
TDR200S151L002,1759252
TDR200S151L002,4316114
Peru3375,62657
Peru3375,107794
Peru3375,891756
Peru3375,1759252
Peru4130,62657
Peru4130,514245
Peru4130,1759252
ERR4829710,783601
ERR4829710,1759252
ERR4829710,2411730
ERR4831753,62657
ERR4831753,107794
ERR4831753,891756
ERR4831753,1759252
ERR4812753,62657
ERR4812753,107794
ERR4812753,891756
ERR4812753,1759252
ERR2510423,931123
ERR2510423,1759252
ERR2510423,3273107
KOR-K2016-0149,346693
KOR-K2016-0149,497491
KOR-K2016-0149,931123
KOR-K2016-0149,1759252
KOR-K2016-0149,2505085
ERR4828681,615938
ERR4828681,931123
ERR4828681,1759252
ERR4828681,3021283
ERR4828681,3216553
ERR4828681,4404247
MNG-S2014-0006,62657
MNG-S2014-0006,107794
MNG-S2014-0006,891756
MNG-S2014-0006,1759252
ERR4830174,497491
ERR4830174,797736
ERR4830174,931123
ERR4830174,1759252
ERR4830174,2505085
ERR3287352,497491
ERR3287352,797736
ERR3287352,931123
ERR3287352,1759252
ERR3287352,2505085
ERR4811106,1759252
ERR4811106,3722702
ERR4811106,4246508
ERR4811106,4307886
SAMEA3558167,355181
SAMEA3558167,1759252
SAMEA3558167,4151558
SAMEA3558167,4307886
ERR4811455,1759252
ERR4811455,2875883
ERR4811455,3466426
ERR4811455,4125058
SAMEA3558193,1759252
SAMEA3558193,3479545
ERR4830392,497491
ERR4830392,797736
ERR4830392,931123
ERR4830392,1759252
ERR4830392,2505085
ERR4830392,4248115
ERR4796476,931123
ERR4796476,1759252
ERR4796476,3273107
ERR4808972,497491
ERR4808972,797736
ERR4808972,931123
ERR4808972,1759252
ERR4808972,2505085
ERR2184564,497491
ERR2184564,797736
ERR2184564,931123
ERR2184564,1759252
ERR2184564,2505085
ERR4811593,497491
ERR4811593,797736
ERR4811593,931123
ERR4811593,1759252
ERR4811593,2505085
ERR4812935,403364
ERR4812935,764995
ERR4812935,1759252
Peru5013,1759252
Peru5013,4249732
ERR4811059,497491
ERR4811059,797736
ERR4811059,931123
ERR4811059,1759252
ERR4811059,2505085
ERR4822623,1487796
ERR4822623,1759252
ERR4822623,2411730
C349,346693
C349,497491
C349,931123
C349,1759252
C349,2505085
ERR4796724,497491
ERR4796724,797736
ERR4796724,931123
ERR4796724,1759252
ERR4796724,2505085
ERR4797818,497491
ERR4797818,797736
ERR4797818,931123
ERR4797818,1759252
ERR4797818,2505085
ERR4814013,62657
ERR4814013,514245
ERR4814013,1759252
ERR4814013,1850119
ERR5917705,497491
ERR5917705,797736
ERR5917705,931123
ERR5917705,1759252
ERR5917705,2505085
ERR3287776,403364
ERR3287776,764995
ERR3287776,1759252
PS00263922,497491
PS00263922,797736
PS00263922,931123
PS00263922,1759252
PS00263922,2505085
ERR2510323,931123
ERR2510323,1759252
ERR2510323,3273107
ERR4830305,497491
ERR4830305,797736
ERR4830305,931123
ERR4830305,1759252
ERR4830305,2505085
ERR4831607,497491
ERR4831607,797736
ERR4831607,931123
ERR4831607,1759252
ERR4831607,2505085
ERR4831953,497491
ERR4831953,797736
ERR4831953,931123
ERR4831953,1759252
ERR4831953,2505085
ERR4796440,497491
ERR4796440,797736
ERR4796440,931123
ERR4796440,1759252
ERR4796440,2505085
ERR2510376,931123
ERR2510376,1759252
ERR2510376,3273107
ERR2510499,931123
ERR2510499,1759252
ERR2510499,3273107
ERR4809054,346693
ERR4809054,497491
ERR4809054,931123
ERR4809054,1759252
ERR4809054,2505085
C466,1759252
C466,3836739
ERR5917998,497491
ERR5917998,797736
ERR5917998,931123
ERR5917998,1759252
ERR5917998,2505085
ERR5917998,4248115
ERR2184293,403364
ERR2184293,764995
ERR2184293,1759252
ERR4809078,615938
ERR4809078,931123
ERR4809078,1759252
ERR4809078,3470377
ERR4810775,1759252
ERR4810775,4246508
ERR4810775,4307886
ERR4830341,615938
ERR4830341,931123
ERR4830341,1759252
ERR4830341,3021283
ERR4830341,3216553
ERR4830341,4404247
ERR4811570,497491
ERR4811570,797736
ERR4811570,931123
ERR4811570,1759252
ERR4811570,2505085
ERR4812512,403364
ERR4812512,764995
ERR4812512,1759252
ERR2510666,497491
ERR2510666,797736
ERR2510666,931123
ERR2510666,1759252
ERR2510666,2505085
ERR2184401,1759252
ERR2184401,4246508
ERR2184401,4307886
ERR4831624,497491
ERR4831624,797736
ERR4831624,931123
ERR4831624,1759252
ERR4831624,2505085
ERR4812726,62657
ERR4812726,891756
ERR4812726,1759252
NLA000801694,931123
NLA000801694,1759252
NLA000801694,3273107
ERR4822576,497491
ERR4822576,797736
ERR4822576,931123
ERR4822576,1759252
ERR4822576,2505085
ERR4797384,497491
ERR4797384,797736
ERR4797384,931123
ERR4797384,1759252
ERR4797384,2505085
ERR4811554,497491
ERR4811554,797736
ERR4811554,931123
ERR4811554,1759252
ERR4811554,2505085
ERR4812531,403364
ERR4812531,764995
ERR4812531,1759252
ERR4822412,497491
ERR4822412,797736
ERR4822412,931123
ERR4822412,1759252
ERR4822412,2505085
ERR4830513,497491
ERR4830513,797736
ERR4830513,931123
ERR4830513,1759252
ERR4830513,2505085
ERR4828307,497491
ERR4828307,797736
ERR4828307,931123
ERR4828307,1759252
ERR4828307,2505085
ERR4812062,62657
ERR4812062,514245
ERR4812062,1759252
ERR4830283,497491
ERR4830283,797736
ERR4830283,931123
ERR4830283,1759252
ERR4830283,2505085
ERR4830283,4248115
ERR3287436,497491
ERR3287436,797736
ERR3287436,931123
ERR3287436,1759252
ERR3287436,2505085
ERR3287415,62657
ERR3287415,514245
ERR3287415,1759252
ERR3287415,4229087
ERR4811556,1759252
ERR4811556,4246508
ERR4811556,4307886
ERR4812416,1759252
ERR4812416,3836739
C378,62657
C378,514245
C378,1759252
C378,4229087
ERR4830402,615938
ERR4830402,931123
ERR4830402,1759252
ERR4830402,3021283
ERR4830402,4404247
ERR4830813,1487796
ERR4830813,1759252
ERR4830813,2411730
Peru4123,62657
Peru4123,891756
Peru4123,1759252
SAMN02398705,1759252
ERR5918048,62657
ERR5918048,891756
ERR5918048,1759252
1837,1759252
1837,3836739
Peru3277,403364
Peru3277,764995
Peru3277,1759252
ERR4814009,764995
ERR4814009,1759252
ERR4814009,4316114
ERR5918108,764995
ERR5918108,1759252
ERR5918108,3388166
ERR5918108,4316114
Peru5439,497491
Peru5439,797736
Peru5439,931123
Peru5439,1759252
Peru5439,2505085
Peru4494,403364
Peru4494,764995
Peru4494,1759252
ERR4796733,62657
ERR4796733,514245
ERR4796733,1759252
ERR4796733,4229087
ERR4812441,62657
ERR4812441,107794
ERR4812441,891756
ERR4812441,1759252
ERR4811583,1487796
ERR4811583,1759252
ERR4811583,2411730
ERR5918029,62657
ERR5918029,514245
ERR5918029,1759252
ERR5918029,4229087
ERR4796907,403364
ERR4796907,764995
ERR4796907,1759252
C097,497491
C097,797736
C097,931123
C097,1759252
C097,2505085
C097,4248115
ERR4831733,497491
ERR4831733,797736
ERR4831733,931123
ERR4831733,1759252
ERR4831733,2505085
ERR4796370,931123
ERR4796370,1759252
ERR4796370,3273107
ERR3287785,62657
ERR3287785,107794
ERR3287785,891756
ERR3287785,1759252
JPN-R2012-0057,346693
JPN-R2012-0057,497491
JPN-R2012-0057,931123
JPN-R2012-0057,1759252
JPN-R2012-0057,2505085
ERR4830977,497491
ERR4830977,797736
ERR4830977,931123
ERR4830977,1759252
ERR4830977,2505085
ERR4829374,62657
ERR4829374,107794
ERR4829374,891756
ERR4829374,1759252
ERR4809025,62657
ERR4809025,107794
ERR4809025,891756
ERR4809025,1759252
ERR4813465,1759252
ERR4831461,931123
ERR4831461,1759252
ERR4831461,3273107
Peru3419,62657
Peru3419,107794
Peru3419,891756
Peru3419,1759252
ERR4809153,355181
ERR4809153,1759252
ERR4809153,4151558
ERR4809153,4307886
ERR2184455,1759252
ERR2184455,3836739
ERR4822527,931123
ERR4822527,1237818
ERR4822527,1759252
ERR4822527,3273107
ERR4822527,3722702
Peru4517,764995
Peru4517,1132368
Peru4517,1759252
Peru4517,3977226
ERR4829719,62657
ERR4829719,107794
ERR4829719,891756
ERR4829719,1759252
ERR4829376,497491
ERR4829376,797736
ERR4829376,931123
ERR4829376,1759252
ERR4829376,2505085
ERR3287422,497491
ERR3287422,797736
ERR3287422,931123
ERR3287422,1759252
ERR3287422,2505085
ERR4829586,62657
ERR4829586,107794
ERR4829586,891756
ERR4829586,1759252
ERR4831448,931123
ERR4831448,1759252
ERR4831448,3273107
TDR102S81L002,346693
TDR102S81L002,497491
TDR102S81L002,931123
TDR102S81L002,1759252
TDR102S81L002,2505085
ERR4813453,62657
ERR4813453,514245
ERR4813453,1759252
ERR4813453,4229087
ERR4830927,497491
ERR4830927,797736
ERR4830927,931123
ERR4830927,1759252
ERR4830927,2505085
ERR2510610,62657
ERR2510610,514245
ERR2510610,1759252
ERR2510610,4229087
ERR4811886,62657
ERR4811886,107794
ERR4811886,891756
ERR4811886,1759252
ERR5917670,403364
ERR5917670,764995
ERR5917670,1759252
TRL0113702,615938
TRL0113702,931123
TRL0113702,1759252
TRL0113702,3470377
ERR4812312,1759252
ERR4812312,4249732
ERR4811870,764995
ERR4811870,1759252
ERR4797301,497491
ERR4797301,797736
ERR4797301,931123
ERR4797301,1759252
ERR4797301,2505085
ERR4797301,4248115
ERR4822587,497491
ERR4822587,797736
ERR4822587,931123
ERR4822587,1759252
ERR4822587,2505085
PH00104960,403364
PH00104960,764995
PH00104960,1759252
ERR3287771,764995
ERR3287771,1759252
ERR3287771,4316114
Peru5133,403364
Peru5133,764995
Peru5133,1759252
ERR4796860,931123
ERR4796860,1759252
ERR4796860,3273107
Peru5121,1759252
Peru5121,3836739
ERR4813436,403364
ERR4813436,764995
ERR4813436,1759252
ERR4797080,497491
ERR4797080,797736
ERR4797080,931123
ERR4797080,1759252
ERR4797080,2505085
ERR4830427,615938
ERR4830427,931123
ERR4830427,1759252
ERR4830427,3021283
ERR4830427,4404247
ERR2510695,403364
ERR2510695,764995
ERR2510695,1759252
ERR4812983,764995
ERR4812983,1759252
ERR4812983,4316114
ERR4796971,615938
ERR4796971,931123
ERR4796971,1759252
ERR4796971,3470377
TRL0113586,62657
TRL0113586,891756
TRL0113586,1759252
ERR4811376,497491
ERR4811376,797736
ERR4811376,931123
ERR4811376,1759252
ERR4811376,2505085
ERR4810497,1719757
ERR4810497,1759252
Peru4585,403364
Peru4585,764995
Peru4585,1759252
Peru4542,1759252
Peru4127,1759252
ERR4831524,931123
ERR4831524,1759252
ERR4831524,3273107
PA00070896,615938
PA00070896,931123
PA00070896,1759252
PA00070896,3470377
ERR4832063,497491
ERR4832063,797736
ERR4832063,931123
ERR4832063,1759252
ERR4832063,2505085
ERR4828269,497491
ERR4828269,797736
ERR4828269,931123
ERR4828269,1759252
ERR4828269,2505085
ERR4828269,4248115
ERR4830452,497491
ERR4830452,797736
ERR4830452,931123
ERR4830452,1759252
ERR4830452,2505085
Peru4071,62657
Peru4071,107794
Peru4071,891756
Peru4071,1759252
Peru4153,62657
Peru4153,514245
Peru4153,1759252
Peru4068,403364
Peru4068,764995
Peru4068,1759252
ERR4828303,497491
ERR4828303,797736
ERR4828303,931123
ERR4828303,1759252
ERR4828303,2505085
Peru5127,403364
Peru5127,764995
Peru5127,1759252
ERR4831830,497491
ERR4831830,797736
ERR4831830,931123
ERR4831830,1759252
ERR4831830,2505085
ERR5918149,497491
ERR5918149,797736
ERR5918149,931123
ERR5918149,1759252
ERR5918149,2505085
ERR5918149,4248115
C295,497491
C295,797736
C295,931123
C295,1759252
C295,2505085
ERR4813795,1759252
ERR4813795,3836739
ERR4808867,764995
ERR4808867,1132368
ERR4808867,1759252
ERR4808867,3977226
JPN-R2013-0096,497491
JPN-R2013-0096,797736
JPN-R2013-0096,931123
JPN-R2013-0096,1759252
JPN-R2013-0096,2505085
ERR4813251,1759252
ERR4813251,4249732
ERR4812000,403364
ERR4812000,764995
ERR4812000,1759252
ERR4822591,497491
ERR4822591,797736
ERR4822591,931123
ERR4822591,1759252
ERR4822591,2505085
ERR4813963,62657
ERR4813963,107794
ERR4813963,891756
ERR4813963,1759252
ERR4831016,497491
ERR4831016,797736
ERR4831016,931123
ERR4831016,1759252
ERR4831016,2505085
ERR4829030,497491
ERR4829030,797736
ERR4829030,931123
ERR4829030,1759252
ERR4829030,2505085
ERR4830326,497491
ERR4830326,797736
ERR4830326,931123
ERR4830326,1759252
ERR4830326,2505085
C229,764995
C229,1759252
C229,3388166
C229,4316114
1760,764995
1760,1132368
1760,1502120
1760,1759252
1760,3977226
04R0438,403364
04R0438,764995
04R0438,1759252
ERR4813437,497491
ERR4813437,797736
ERR4813437,931123
ERR4813437,1759252
ERR4813437,2505085
ERR4796712,497491
ERR4796712,797736
ERR4796712,931123
ERR4796712,1759252
ERR4796712,2505085
ERR4797108,497491
ERR4797108,797736
ERR4797108,931123
ERR4797108,1759252
ERR4797108,2505085
ERR4797574,62657
ERR4797574,514245
ERR4797574,541048
ERR4797574,1759252
ERR4828658,615938
ERR4828658,931123
ERR4828658,1759252
ERR4828658,3479545
ERR4811000,497491
ERR4811000,797736
ERR4811000,931123
ERR4811000,1759252
ERR4811000,2505085
ERR3287687,764995
ERR3287687,1132368
ERR3287687,1759252
ERR3287687,3977226
ERR4822340,1759252
ERR4822340,3836739
ERR4822437,931123
ERR4822437,1759252
ERR4822437,3273107
ERR4813232,62657
ERR4813232,514245
ERR4813232,1759252
ERR4810920,1759252
ERR4810920,4246508
ERR4810920,4307886
ERR4830302,497491
ERR4830302,797736
ERR4830302,931123
ERR4830302,1759252
ERR4830302,2505085
ERR4829751,1759252
ERR4829751,4249732
ERR4812782,764995
ERR4812782,1759252
ERR4812782,4316114
TRL0114774,346693
TRL0114774,497491
TRL0114774,931123
TRL0114774,1759252
TRL0114774,2505085
ERR4828239,346693
ERR4828239,497491
ERR4828239,931123
ERR4828239,1759252
ERR4828239,2505085
Peru4698,1759252
ERR3287378,403364
ERR3287378,764995
ERR3287378,1759252
ERR3287859,62657
ERR3287859,514245
ERR3287859,1759252
ERR4829522,1487796
ERR4829522,1759252
ERR4829522,2411730
ERR4812776,403364
ERR4812776,764995
ERR4812776,1759252
ERR4812989,764995
ERR4812989,1759252
ERR4812989,3977226
ERR4812989,4398141
ERR4831875,615938
ERR4831875,931123
ERR4831875,1759252
ERR4831875,3021283
ERR4831875,3216553
ERR4831875,4404247
ERR4830677,1759252
ERR4830677,3466426
M0013935-3,1759252
M0013935-3,3836739
ERR5917702,783601
ERR5917702,1759252
ERR5917702,2411730
ERR3287718,62657
ERR3287718,107794
ERR3287718,891756
ERR3287718,1759252
ERR4830790,931123
ERR4830790,1084911
ERR4830790,1759252
ERR4830790,3273107
Peru5145,497491
Peru5145,797736
Peru5145,931123
Peru5145,1759252
Peru5145,2505085
ERR4812403,403364
ERR4812403,764995
ERR4812403,1759252
ERR4828766,1759252
ERR4828766,3836739
ERR4831959,497491
ERR4831959,797736
ERR4831959,931123
ERR4831959,1759252
ERR4831959,2505085
ERR4812960,497491
ERR4812960,797736
ERR4812960,931123
ERR4812960,1759252
ERR4812960,2505085
ERR4831969,497491
ERR4831969,931123
ERR4831969,1759252
ERR4831969,1881090
M0022516-0,497491
M0022516-0,797736
M0022516-0,931123
M0022516-0,1759252
M0022516-0,2505085
ERR4828908,1759252
ERR4828908,3836739
ERR4808983,346693
ERR4808983,497491
ERR4808983,931123
ERR4808983,1759252
ERR4808983,2505085
ERR4830167,497491
ERR4830167,797736
ERR4830167,931123
ERR4830167,1759252
ERR4830167,2505085
ERR4808912,62657
ERR4808912,891756
ERR4808912,1759252
ERR4829953,931123
ERR4829953,1759252
ERR4829953,3273107
ERR4831204,1759252
ERR4831204,3836739
ERR4810672,497491
ERR4810672,797736
ERR4810672,931123
ERR4810672,1759252
ERR4810672,2505085
ERR4829416,783601
ERR4829416,1759252
ERR4829416,2411730
ERR5917688,497491
ERR5917688,797736
ERR5917688,931123
ERR5917688,1759252
ERR5917688,2505085
ERR4797996,615938
ERR4797996,931123
ERR4797996,1759252
ERR4797996,3021283
ERR4797996,4404247
ERR4830295,497491
ERR4830295,797736
ERR4830295,931123
ERR4830295,1759252
ERR4830295,2505085
ERR4830295,4248115
ERR4831190,615938
ERR4831190,931123
ERR4831190,1759252
ERR4831190,2622402
ERR4831190,4404247
C376,346693
C376,497491
C376,931123
C376,1759252
C376,2505085
ERR4796594,931123
ERR4796594,1759252
ERR4796594,3273107
ERR4797612,931123
ERR4797612,1759252
ERR4797612,3273107
ERR4812556,62657
ERR4812556,1759252
ERR4811671,497491
ERR4811671,797736
ERR4811671,931123
ERR4811671,1759252
ERR4811671,2505085
ERR4822396,497491
ERR4822396,797736
ERR4822396,931123
ERR4822396,1759252
ERR4822396,2505085
SAMN02381031,62657
SAMN02381031,107794
SAMN02381031,891756
SAMN02381031,1759252
ERR4828845,355181
ERR4828845,1759252
ERR4828845,4151558
ERR4828845,4307886
Peru4069,62657
Peru4069,107794
Peru4069,891756
Peru4069,1759252
ERR4829181,615938
ERR4829181,931123
ERR4829181,1759252
ERR4829181,2622402
ERR4829181,4404247
ERR4828320,497491
ERR4828320,797736
ERR4828320,931123
ERR4828320,1759252
ERR4828320,2505085
ERR4828320,4248115
ERR4812357,497491
ERR4812357,797736
ERR4812357,931123
ERR4812357,1759252
ERR4812357,2505085
ERR4831158,62657
ERR4831158,107794
ERR4831158,891756
ERR4831158,1759252
ERR4797683,497491
ERR4797683,797736
ERR4797683,931123
ERR4797683,1759252
ERR4797683,2505085
ERR4811666,764995
ERR4811666,1132368
ERR4811666,1759252
ERR4811666,3977226
ERR4831728,615938
ERR4831728,931123
ERR4831728,1759252
ERR4831728,3021283
ERR4831728,3216553
ERR4831728,4404247
ERR3287726,403364
ERR3287726,764995
ERR3287726,1759252
Peru3988,797736
Peru3988,931123
Peru3988,1759252
Peru3988,2505085
ERR4796951,497491
ERR4796951,797736
ERR4796951,931123
ERR4796951,1759252
ERR4796951,2505085
ERR4828907,403364
ERR4828907,764995
ERR4828907,1759252
ERR4828938,764995
ERR4828938,1132368
ERR4828938,1759252
ERR4828938,3977226
ERR4814019,403364
ERR4814019,764995
ERR4814019,1759252
ERR4822414,62657
ERR4822414,107794
ERR4822414,891756
ERR4822414,1759252
ERR4830218,346693
ERR4830218,497491
ERR4830218,931123
ERR4830218,1759252
ERR4830218,2505085
ERR4831776,497491
ERR4831776,797736
ERR4831776,931123
ERR4831776,1759252
ERR4831776,2505085
ERR4796392,931123
ERR4796392,1759252
ERR4796392,3273107
Peru2917,403364
Peru2917,764995
Peru2917,1759252
ERR4797288,497491
ERR4797288,797736
ERR4797288,931123
ERR4797288,1759252
ERR4797288,2505085
ERR4831850,62657
ERR4831850,891756
ERR4831850,1759252
Peru4491,403364
Peru4491,764995
Peru4491,1759252
ERR2510463,931123
ERR2510463,1759252
ERR2510463,3273107
ERR4796665,497491
ERR4796665,797736
ERR4796665,931123
ERR4796665,1759252
ERR4796665,2505085
ERR3287839,403364
ERR3287839,764995
ERR3287839,1759252
ERR4810828,1719757
ERR4810828,1759252
ERR4830190,615938
ERR4830190,931123
ERR4830190,1759252
ERR4830190,3021283
ERR4830190,3216553
ERR4830190,4404247
ERR2184605,62657
ERR2184605,891756
ERR2184605,1759252
ERR4832051,497491
ERR4832051,797736
ERR4832051,931123
ERR4832051,1759252
ERR4832051,2505085
ERR4828413,615938
ERR4828413,931123
ERR4828413,1759252
ERR4828413,3021283
ERR4828413,3216553
ERR4828413,4404247
ERR3287698,403364
ERR3287698,764995
ERR3287698,1759252
ERR4828216,497491
ERR4828216,797736
ERR4828216,931123
ERR4828216,1759252
ERR4828216,2505085
ERR2510257,931123
ERR2510257,1759252
ERR2510257,3273107
ERR4811741,62657
ERR4811741,514245
ERR4811741,1759252
Peru4084,764995
Peru4084,1759252
Peru4084,4316114
ERR2184207,62657
ERR2184207,891756
ERR2184207,1759252
ERR4831721,497491
ERR4831721,797736
ERR4831721,931123
ERR4831721,1759252
ERR4831721,2505085
PM00232791,615938
PM00232791,931123
PM00232791,1759252
PM00232791,3470377
ERR4832023,497491
ERR4832023,797736
ERR4832023,931123
ERR4832023,1759252
ERR4832023,2505085
C324,497491
C324,797736
C324,931123
C324,1759252
C324,2505085
ERR4831435,931123
ERR4831435,1759252
ERR4831435,3273107
ERR4812214,62657
ERR4812214,514245
ERR4812214,1759252
ERR4822407,497491
ERR4822407,797736
ERR4822407,931123
ERR4822407,1759252
ERR4822407,2505085
ERR4810508,1759252
ERR4810508,4246508
ERR4810508,4307886
Peru5124,355181
Peru5124,1759252
Peru5124,4151558
Peru5124,4307886
C007,497491
C007,797736
C007,931123
C007,1759252
C007,2505085
PM00233485,497491
PM00233485,797736
PM00233485,931123
PM00233485,1759252
PM00233485,2505085
PM00233485,4248115
ERR4829419,931123
ERR4829419,1759252
ERR4829419,3273107
ERR4829161,1759252
ERR4829161,2875883
ERR4829161,3466426
ERR4829161,4125058
Peru4476,764995
Peru4476,1759252
Peru4476,4316114
ERR4811410,1759252
ERR4822453,62657
ERR4822453,891756
ERR4822453,1759252
ERR4828841,764995
ERR4828841,1759252
ERR4828841,4316114
ERR4811107,1487796
ERR4811107,1759252
ERR4811107,2411730
ERR4812928,62657
ERR4812928,107794
ERR4812928,891756
ERR4812928,1759252
ERR4797599,615938
ERR4797599,931123
ERR4797599,1759252
ERR4797599,2622402
ERR4797599,4404247
0210075,62657
0210075,107794
0210075,891756
0210075,1759252
ERR4828511,497491
ERR4828511,797736
ERR4828511,931123
ERR4828511,1759252
ERR4828511,2505085
C118,62657
C118,514245
C118,1759252
C118,4229087
ERR4831654,497491
ERR4831654,797736
ERR4831654,931123
ERR4831654,1759252
ERR4831654,2505085
Peru4457,497491
Peru4457,797736
Peru4457,931123
Peru4457,1759252
Peru4457,2505085
ERR4831599,497491
ERR4831599,797736
ERR4831599,931123
ERR4831599,1759252
ERR4831599,2505085
ERR4831599,4248115
ERR4811548,497491
ERR4811548,797736
ERR4811548,931123
ERR4811548,1759252
ERR4811548,2505085
ERR4811251,497491
ERR4811251,797736
ERR4811251,931123
ERR4811251,1759252
ERR4811251,2505085
KOR-K2016-0164,497491
KOR-K2016-0164,797736
KOR-K2016-0164,931123
KOR-K2016-0164,1759252
KOR-K2016-0164,2505085
Peru4541,403364
Peru4541,764995
Peru4541,1759252
ERR2510345,931123
ERR2510345,1759252
ERR2510345,3273107
PK00561581,615938
PK00561581,931123
PK00561581,1759252
PK00561581,3470377
ERR4830660,497491
ERR4830660,797736
ERR4830660,931123
ERR4830660,1759252
ERR4830660,2505085
ERR4828903,355181
ERR4828903,1759252
ERR4828903,4151558
ERR4828903,4307886
ERR4810853,1719757
ERR4810853,1759252
ERR4830014,1759252
ERR4830014,2875883
ERR4830014,3466426
ERR4830014,4125058
ERR4811153,497491
ERR4811153,797736
ERR4811153,931123
ERR4811153,1759252
ERR4811153,2505085
IDR1700017011,764995
IDR1700017011,1759252
IDR1700017011,3977226
IDR1700017011,4398141
ERR4809010,355181
ERR4809010,1759252
ERR4809010,4151558
ERR4809010,4307886
ERR4809083,497491
ERR4809083,797736
ERR4809083,931123
ERR4809083,1759252
ERR4809083,2505085
ERR4809083,4248115
KOR-K2016-0107,346693
KOR-K2016-0107,497491
KOR-K2016-0107,931123
KOR-K2016-0107,1759252
KOR-K2016-0107,2505085
C274,497491
C274,797736
C274,931123
C274,1759252
C274,2505085
C274,4248115
EC051-113,62657
EC051-113,107794
EC051-113,891756
EC051-113,1759252
M0010636-0,62657
M0010636-0,107794
M0010636-0,891756
M0010636-0,1759252
Peru5033,62657
Peru5033,107794
Peru5033,891756
Peru5033,1759252
Peru5028,1759252
ERR4812061,497491
ERR4812061,797736
ERR4812061,931123
ERR4812061,1759252
ERR4812061,2505085
C027,497491
C027,797736
C027,931123
C027,1759252
C027,2505085
ERR5918051,62657
ERR5918051,514245
ERR5918051,1759252
ERR5918051,4229087
ERR4830339,497491
ERR4830339,797736
ERR4830339,931123
ERR4830339,1759252
ERR4830339,2505085
ERR3287691,403364
ERR3287691,764995
ERR3287691,1759252
ERR2184538,62657
ERR2184538,107794
ERR2184538,891756
ERR2184538,1759252
JPN-R2012-0038,764995
JPN-R2012-0038,1759252
JPN-R2012-0038,3977226
JPN-R2012-0038,4398141
Peru4673,1759252
Peru4673,3836739
ERR4830561,355181
ERR4830561,1759252
ERR4830561,4151558
ERR4830561,4307886
ERR4811144,346693
ERR4811144,497491
ERR4811144,931123
ERR4811144,1759252
ERR4811144,2505085
ERR4829974,931123
ERR4829974,1759252
ERR4829974,3273107
ERR4811533,497491
ERR4811533,797736
ERR4811533,931123
ERR4811533,1759252
ERR4811533,2505085
ERR4812038,403364
ERR4812038,764995
ERR4812038,1759252
ERR4797764,615938
ERR4797764,931123
ERR4797764,1759252
ERR4797764,2622402
ERR4797764,4404247
ERR4831047,931123
ERR4831047,1237818
ERR4831047,1759252
ERR4831047,3273107
ERR4831047,3722702
ERR4796903,497491
ERR4796903,797736
ERR4796903,931123
ERR4796903,1759252
ERR4796903,2505085
ERR4796903,4248115
28581,497491
28581,797736
28581,931123
28581,1759252
28581,2505085
28581,4248115
Peru3041,62657
Peru3041,107794
Peru3041,891756
Peru3041,1759252
ERR4829179,1759252
ERR4829179,2875883
ERR4829179,3466426
ERR4829179,4125058
C362,1759252
ERR4811223,1487796
ERR4811223,1759252
ERR4811223,2411730
ERR4830431,497491
ERR4830431,797736
ERR4830431,931123
ERR4830431,1759252
ERR4830431,2505085
ERR4812570,403364
ERR4812570,764995
ERR4812570,1759252
ERR4797654,1759252
ERR4797654,3836739
ERR4811697,403364
ERR4811697,764995
ERR4811697,1759252
BF01457875,1759252
BF01457875,3836739
ERR4830852,355181
ERR4830852,1759252
ERR4830852,4151558
ERR4830852,4307886
Peru4051,764995
Peru4051,1759252
Peru4051,4316114
ERR4829578,497491
ERR4829578,797736
ERR4829578,931123
ERR4829578,1759252
ERR4829578,2505085
C177,497491
C177,797736
C177,931123
C177,1759252
C177,2505085
ERR5918113,497491
ERR5918113,797736
ERR5918113,931123
ERR5918113,1759252
ERR5918113,2505085
TRL0113061,403364
TRL0113061,764995
TRL0113061,1759252
ERR5917686,497491
ERR5917686,797736
ERR5917686,931123
ERR5917686,1759252
ERR5917686,2505085
PJ00162888,62657
PJ00162888,107794
PJ00162888,891756
PJ00162888,1759252
ERR4829558,355181
ERR4829558,1759252
ERR4829558,4151558
ERR4829558,4307886
ERR2510490,931123
ERR2510490,1759252
ERR2510490,3273107
ERR4829928,403364
ERR4829928,764995
ERR4829928,1759252
KOR-K2016-0126,497491
KOR-K2016-0126,797736
KOR-K2016-0126,931123
KOR-K2016-0126,1759252
KOR-K2016-0126,2505085
03R0783,1759252
ERR4829893,1759252
ERR4829893,2875883
ERR4829893,3466426
ERR4829893,4125058
ERR2184474,403364
ERR2184474,764995
ERR2184474,1759252
ERR4812221,62657
ERR4812221,514245
ERR4812221,1759252
KOR-K2016-0192,497491
KOR-K2016-0192,797736
KOR-K2016-0192,931123
KOR-K2016-0192,1759252
KOR-K2016-0192,2505085
Peru4930,764995
Peru4930,1759252
Peru4930,3977226
Peru4930,4398141
ERR3287840,764995
ERR3287840,1132368
ERR3287840,1759252
ERR3287840,3977226
ERR3287336,497491
ERR3287336,797736
ERR3287336,931123
ERR3287336,1759252
ERR3287336,2505085
ERR4828143,497491
ERR4828143,797736
ERR4828143,931123
ERR4828143,1759252
ERR4828143,2505085
TRL0085876,764995
TRL0085876,1132368
TRL0085876,1502120
TRL0085876,1759252
TRL0085876,3977226
ERR3287426,403364
ERR3287426,764995
ERR3287426,1759252
ERR4797656,931123
ERR4797656,1237818
ERR4797656,1759252
ERR4797656,3273107
ERR4797656,3722702
01R1499,1759252
ERR4830152,497491
ERR4830152,797736
ERR4830152,931123
ERR4830152,1759252
ERR4830152,2505085
ERR4810924,497491
ERR4810924,797736
ERR4810924,931123
ERR4810924,1759252
ERR4810924,2505085
ERR4811390,931123
ERR4811390,1759252
ERR4811390,3273107
ERR4796697,497491
ERR4796697,797736
ERR4796697,931123
ERR4796697,1759252
ERR4796697,2505085
C138,62657
C138,514245
C138,1759252
C138,4229087
ERR4831992,497491
ERR4831992,797736
ERR4831992,931123
ERR4831992,1759252
ERR4831992,2505085
ERR4831992,4248115
ERR3287809,62657
ERR3287809,107794
ERR3287809,891756
ERR3287809,1759252
ERR2184423,1759252
ERR2184423,3836739
ERR4822605,497491
ERR4822605,797736
ERR4822605,931123
ERR4822605,1759252
ERR4822605,2505085
ERR4831238,497491
ERR4831238,797736
ERR4831238,931123
ERR4831238,1759252
ERR4831238,2505085
Peru3433,403364
Peru3433,764995
Peru3433,1759252
ERR2510432,62657
ERR2510432,107794
ERR2510432,891756
ERR2510432,1759252
NLA009402429,1501468
NLA009402429,1759252
NLA009402429,3466426
NLA009402429,4260268
ERR4796705,931123
ERR4796705,1759252
ERR4796705,3273107
ERR4796511,931123
ERR4796511,1759252
ERR4796511,3273107
ERR4796511,3722702
AFB0800000324,615938
AFB0800000324,931123
AFB0800000324,1491275
AFB0800000324,1759252
AFB0800000324,4404247
ERR4812133,403364
ERR4812133,764995
ERR4812133,1759252
ERR4797151,497491
ERR4797151,797736
ERR4797151,931123
ERR4797151,1759252
ERR4797151,2505085
ERR2510651,931123
ERR2510651,1759252
ERR2510651,3273107
ERR4812211,403364
ERR4812211,764995
ERR4812211,1759252
ERR2184249,346693
ERR2184249,497491
ERR2184249,931123
ERR2184249,1759252
ERR2184249,2505085
ERR4831742,497491
ERR4831742,797736
ERR4831742,931123
ERR4831742,1759252
ERR4831742,2505085
ERR2184523,355181
ERR2184523,1759252
ERR2184523,4151558
ERR2184523,4307886
ERR4828342,615938
ERR4828342,931123
ERR4828342,1759252
ERR4828342,3021283
ERR4828342,3216553
ERR4828342,4404247
EC088-207,764995
EC088-207,1759252
EC088-207,4316114
ERR2510629,931123
ERR2510629,1759252
ERR2510629,3273107
ERR3287778,403364
ERR3287778,764995
ERR3287778,1759252
SAMN02380995,62657
SAMN02380995,107794
SAMN02380995,891756
SAMN02380995,1759252
Peru4485,62657
Peru4485,107794
Peru4485,891756
Peru4485,1759252
ERR4830743,62657
ERR4830743,891756
ERR4830743,1759252
ERR4809169,497491
ERR4809169,797736
ERR4809169,931123
ERR4809169,1759252
ERR4809169,2505085
ERR4812017,62657
ERR4812017,107794
ERR4812017,891756
ERR4812017,1759252
JPN-R2012-0041,497491
JPN-R2012-0041,797736
JPN-R2012-0041,931123
JPN-R2012-0041,1759252
JPN-R2012-0041,2505085
ERR4831501,1487796
ERR4831501,1759252
ERR4831501,2411730
RJ00263599,497491
RJ00263599,797736
RJ00263599,931123
RJ00263599,1759252
RJ00263599,2505085
SAMN01925699,346693
SAMN01925699,497491
SAMN01925699,931123
SAMN01925699,1759252
SAMN01925699,2505085
ERR2510529,931123
ERR2510529,1759252
ERR2510529,3273107
ERR2510868,497491
ERR2510868,797736
ERR2510868,931123
ERR2510868,1759252
ERR2510868,2505085
ERR4830213,1759252
ERR4830213,4246508
ERR4830213,4307886
99R141,62657
99R141,514245
99R141,1759252
ERR4813071,403364
ERR4813071,764995
ERR4813071,1759252
ERR4809167,764995
ERR4809167,1132368
ERR4809167,1502120
ERR4809167,1759252
ERR4809167,3977226
ERR4809217,497491
ERR4809217,797736
ERR4809217,931123
ERR4809217,1759252
ERR4809217,2505085
ERR4813252,62657
ERR4813252,107794
ERR4813252,891756
ERR4813252,1759252
ERR5917770,497491
ERR5917770,797736
ERR5917770,931123
ERR5917770,1759252
ERR5917770,2505085
TRL0060765,355181
TRL0060765,1759252
TRL0060765,4151558
TRL0060765,4307886
ERR4811722,497491
ERR4811722,797736
ERR4811722,931123
ERR4811722,1759252
ERR4811722,2505085
ERR4797487,615938
ERR4797487,931123
ERR4797487,1759252
ERR4797487,3470377
ERR4796656,931123
ERR4796656,1759252
ERR4796656,3273107
SAMN01925693,1487796
SAMN01925693,1759252
SAMN01925693,2411730
M0009182-8,1759252
M0009182-8,3836739
C238,62657
C238,891756
C238,1759252
ERR4813390,403364
ERR4813390,764995
ERR4813390,1759252
ERR4812205,62657
ERR4812205,107794
ERR4812205,891756
ERR4812205,1759252
ERR4813775,764995
ERR4813775,1759252
ERR4813775,3977226
ERR4813775,4398141
ERR4809268,1759252
ERR4809268,3836739
TRL0113569,346693
TRL0113569,497491
TRL0113569,931123
TRL0113569,1759252
TRL0113569,2505085
ERR4828326,497491
ERR4828326,797736
ERR4828326,931123
ERR4828326,1759252
ERR4828326,2505085
ERR4830865,403364
ERR4830865,764995
ERR4830865,1759252
KOR-K2016-0044,346693
KOR-K2016-0044,497491
KOR-K2016-0044,931123
KOR-K2016-0044,1759252
KOR-K2016-0044,2505085
ERR4830437,615938
ERR4830437,931123
ERR4830437,1759252
ERR4830437,3021283
ERR4830437,3216553
ERR4830437,4404247
ERR4830235,615938
ERR4830235,931123
ERR4830235,1759252
ERR4830235,3021283
ERR4830235,3216553
ERR4830235,4404247
KOR-K2016-0228,346693
KOR-K2016-0228,497491
KOR-K2016-0228,931123
KOR-K2016-0228,1759252
KOR-K2016-0228,2505085
ERR4797557,931123
ERR4797557,1759252
ERR4797557,3273107
C173,497491
C173,797736
C173,931123
C173,1759252
C173,2505085
C173,4248115
EC382-458,764995
EC382-458,1759252
EC382-458,3388166
EC382-458,4316114
Peru3044,62657
Peru3044,107794
Peru3044,891756
Peru3044,1759252
ERR4797470,931123
ERR4797470,1759252
ERR4797470,3273107
ERR5918002,346693
ERR5918002,497491
ERR5918002,931123
ERR5918002,1759252
ERR5918002,2505085
ERR3287608,62657
ERR3287608,107794
ERR3287608,891756
ERR3287608,1759252
ERR4832059,497491
ERR4832059,797736
ERR4832059,931123
ERR4832059,1759252
ERR4832059,2505085
NLA009600875,764995
NLA009600875,1759252
01R0451,1759252
ERR4828765,497491
ERR4828765,931123
ERR4828765,1759252
ERR4828765,1881090
Peru4056,764995
Peru4056,1759252
Peru4056,4316114
Peru3271,403364
Peru3271,764995
Peru3271,1759252
M0005676-3,403364
M0005676-3,764995
M0005676-3,1759252
Peru5415,764995
Peru5415,1759252
Peru5415,3977226
Peru5415,4398141
ERR4829096,1487796
ERR4829096,1759252
ERR4829096,2411730
ERR4813233,62657
ERR4813233,514245
ERR4813233,1759252
TDR114S90L002,1501468
TDR114S90L002,1759252
TDR114S90L002,3466426
TDR114S90L002,4260268
ERR4796579,497491
ERR4796579,797736
ERR4796579,931123
ERR4796579,1759252
ERR4796579,2505085
ERR4811912,403364
ERR4811912,764995
ERR4811912,1759252
ERR4811535,497491
ERR4811535,797736
ERR4811535,931123
ERR4811535,1759252
ERR4811535,2505085
Peru3266,62657
Peru3266,514245
Peru3266,1759252
Peru3266,4229087
C267,497491
C267,797736
C267,931123
C267,1759252
C267,2505085
ERR4813916,62657
ERR4813916,514245
ERR4813916,1759252
ERR4813916,1850119
ERR4809115,62657
ERR4809115,891756
ERR4809115,1759252
ERR5917666,497491
ERR5917666,797736
ERR5917666,931123
ERR5917666,1759252
ERR5917666,2505085
ERR4811764,62657
ERR4811764,107794
ERR4811764,891756
ERR4811764,1759252
ERR4797576,1759252
ERR4797576,2694560
ERR4797576,4151558
ERR4797576,4307886
FS052-151,355181
FS052-151,1759252
FS052-151,4151558
FS052-151,4307886
ERR4797353,403364
ERR4797353,764995
ERR4797353,1759252
ERR4813341,62657
ERR4813341,514245
ERR4813341,1759252
ERR2510734,403364
ERR2510734,764995
ERR2510734,1759252
ERR4831038,497491
ERR4831038,797736
ERR4831038,931123
ERR4831038,1759252
ERR4831038,2505085
TRL0115368,355181
TRL0115368,1759252
TRL0115368,4151558
TRL0115368,4307886
ERR4796677,497491
ERR4796677,797736
ERR4796677,931123
ERR4796677,1759252
ERR4796677,2505085
ERR4797396,931123
ERR4797396,1759252
ERR4797396,3273107
ERR4797396,3722702
ERR4809290,403364
ERR4809290,764995
ERR4809290,1759252
ERR4813389,403364
ERR4813389,764995
ERR4813389,1759252
Peru5010,403364
Peru5010,764995
Peru5010,1759252
ERR4811574,1719757
ERR4811574,1759252
ERR4831832,497491
ERR4831832,797736
ERR4831832,931123
ERR4831832,1759252
ERR4831832,2505085
ERR4812597,62657
ERR4812597,107794
ERR4812597,891756
ERR4812597,1759252
ERR4829026,615938
ERR4829026,931123
ERR4829026,1491275
ERR4829026,1759252
ERR4829026,4404247
ERR4797738,403364
ERR4797738,764995
ERR4797738,1759252
TDR209S187L002,62657
TDR209S187L002,107794
TDR209S187L002,891756
TDR209S187L002,1759252
ERR4796301,615938
ERR4796301,931123
ERR4796301,1759252
ERR4796301,3470377
ERR2510405,931123
ERR2510405,1759252
ERR2510405,3273107
ERR4828654,615938
ERR4828654,931123
ERR4828654,1759252
ERR4828654,3021283
ERR4828654,3216553
ERR4828654,4404247
ERR4797711,497491
ERR4797711,931123
ERR4797711,1759252
TDR124S94L002,346693
TDR124S94L002,497491
TDR124S94L002,931123
TDR124S94L002,1759252
TDR124S94L002,2505085
ERR4811619,1759252
ERR4811619,4246508
ERR4811619,4307886
ERR4808942,62657
ERR4808942,514245
ERR4808942,1759252
ERR4808942,4229087
ERR4830748,497491
ERR4830748,797736
ERR4830748,931123
ERR4830748,1759252
ERR4830748,2505085
0209856,1759252
0209856,3836739
ERR4810556,1719757
ERR4810556,1759252
ERR4810575,1719757
ERR4810575,1759252
ERR4797211,931123
ERR4797211,1759252
ERR4797211,3273107
TDR93S188L002,1759252
ERR4810713,497491
ERR4810713,797736
ERR4810713,931123
ERR4810713,1759252
ERR4810713,2505085
ERR4811897,62657
ERR4811897,514245
ERR4811897,1759252
ERR4831784,497491
ERR4831784,797736
ERR4831784,931123
ERR4831784,1759252
ERR4831784,2505085
ERR4831784,4248115
ERR4797128,931123
ERR4797128,1759252
ERR4797128,2622402
ERR4797004,62657
ERR4797004,514245
ERR4797004,1759252
ERR4797004,4229087
ERR2184238,1759252
ERR2184238,4249732
ERR4829484,1759252
ERR4829484,4249732
SAMEA3558190,62657
SAMEA3558190,107794
SAMEA3558190,891756
SAMEA3558190,1759252
ERR3287627,403364
ERR3287627,764995
ERR3287627,1759252
ERR2510611,931123
ERR2510611,1759252
ERR2510611,3273107
JPN-R2011-0065,497491
JPN-R2011-0065,797736
JPN-R2011-0065,931123
JPN-R2011-0065,1759252
JPN-R2011-0065,2505085
JPN-R2011-0065,4248115
Peru4599,62657
Peru4599,107794
Peru4599,891756
Peru4599,1759252
ERR4830567,346693
ERR4830567,497491
ERR4830567,931123
ERR4830567,1759252
ERR4830567,2505085
ERR4830323,497491
ERR4830323,797736
ERR4830323,931123
ERR4830323,1759252
ERR4830323,2505085
ERR4830764,1719757
ERR4830764,1759252
ERR4822458,931123
ERR4822458,1084911
ERR4822458,1759252
ERR4822458,3273107
ERR4828372,497491
ERR4828372,797736
ERR4828372,931123
ERR4828372,1759252
ERR4828372,2505085
ERR4828372,4248115
ERR4797046,615938
ERR4797046,931123
ERR4797046,1759252
ERR4797046,3470377
ERR2510390,931123
ERR2510390,1759252
ERR2510390,3273107
ERR4830604,497491
ERR4830604,797736
ERR4830604,931123
ERR4830604,1759252
ERR4830604,2505085
ERR4831454,615938
ERR4831454,931123
ERR4831454,1759252
ERR4831454,2622402
ERR4831454,4404247
ERR4829895,931123
ERR4829895,1084911
ERR4829895,1759252
ERR4829895,3273107
ERR4809299,1759252
ERR4809299,3836739
ERR4811749,497491
ERR4811749,797736
ERR4811749,931123
ERR4811749,1759252
ERR4811749,2505085
ERR4796598,615938
ERR4796598,931123
ERR4796598,1759252
ERR4796598,3470377
Peru3029,62657
Peru3029,107794
Peru3029,891756
Peru3029,1759252
ERR4831996,497491
ERR4831996,931123
ERR4831996,1759252
ERR4831996,1881090
ERR4813280,62657
ERR4813280,107794
ERR4813280,891756
ERR4813280,1759252
SAMEA3558143,615938
SAMEA3558143,931123
SAMEA3558143,1759252
SAMEA3558143,3470377
IDR1900007730,764995
IDR1900007730,1132368
IDR1900007730,1759252
IDR1900007730,3977226
ERR4797217,497491
ERR4797217,797736
ERR4797217,931123
ERR4797217,1759252
ERR4797217,2505085
ERR4812949,764995
ERR4812949,1759252
ERR4812949,4316114
ERR3287389,62657
ERR3287389,107794
ERR3287389,891756
ERR3287389,1759252
ERR2510705,1759252
ERR2510705,3836739
ERR4830130,497491
ERR4830130,797736
ERR4830130,931123
ERR4830130,1759252
ERR4830130,2505085
ERR4829866,1759252
ERR4829866,3836739
ERR4813299,62657
ERR4813299,107794
ERR4813299,891756
ERR4813299,1759252
ERR4831862,497491
ERR4831862,797736
ERR4831862,931123
ERR4831862,1759252
ERR4831862,2505085
ERR4831862,4248115
ERR4829945,931123
ERR4829945,1759252
ERR4829945,3273107
ERR4813438,403364
ERR4813438,764995
ERR4813438,1759252
ERR4828758,615938
ERR4828758,931123
ERR4828758,1759252
ERR4828758,3021283
ERR4828758,3216553
ERR4828758,4404247
ERR4812413,764995
ERR4812413,1759252
ERR4812413,4316114
ERR4796661,615938
ERR4796661,931123
ERR4796661,1759252
ERR4796661,3470377
Peru4714,764995
Peru4714,1759252
Peru4714,3977226
Peru4714,4398141
ERR4831395,1759252
ERR4831395,4249732
Peru4980,403364
Peru4980,764995
Peru4980,1759252
ERR4830968,497491
ERR4830968,797736
ERR4830968,931123
ERR4830968,1759252
ERR4830968,2505085
ERR5917760,497491
ERR5917760,797736
ERR5917760,931123
ERR5917760,1759252
ERR5917760,2505085
ERR4796825,497491
ERR4796825,797736
ERR4796825,931123
ERR4796825,1759252
ERR4796825,2505085
Peru4128,62657
Peru4128,514245
Peru4128,1759252
Peru4128,4229087
ERR4831603,497491
ERR4831603,797736
ERR4831603,931123
ERR4831603,1759252
ERR4831603,2505085
ERR4831603,4248115
M0014126-8,62657
M0014126-8,107794
M0014126-8,891756
M0014126-8,1759252
ERR4797185,497491
ERR4797185,797736
ERR4797185,931123
ERR4797185,1759252
ERR4797185,2505085
1851,1759252
1851,3836739
ERR4830657,497491
ERR4830657,797736
ERR4830657,931123
ERR4830657,1759252
ERR4830657,2505085
ERR4796548,1487796
ERR4796548,1759252
ERR4796548,2411730
02R1915,764995
02R1915,1759252
02R1915,4316114
KOR-K2016-0171,346693
KOR-K2016-0171,497491
KOR-K2016-0171,931123
KOR-K2016-0171,1759252
KOR-K2016-0171,2505085
Peru4121,62657
Peru4121,107794
Peru4121,891756
Peru4121,1759252
ERR4822385,497491
ERR4822385,797736
ERR4822385,931123
ERR4822385,1759252
ERR4822385,2505085
ERR5917708,497491
ERR5917708,797736
ERR5917708,931123
ERR5917708,1759252
ERR5917708,2505085
ERR4822303,1487796
ERR4822303,1759252
ERR4822303,2411730
ERR4796817,931123
ERR4796817,1759252
ERR4796817,3273107
Peru4912,403364
Peru4912,764995
Peru4912,1759252
ERR4830632,497491
ERR4830632,797736
ERR4830632,931123
ERR4830632,1759252
ERR4830632,2505085
ERR4831008,497491
ERR4831008,797736
ERR4831008,931123
ERR4831008,1759252
ERR4831008,2505085
ERR4831008,3836274
ERR4812941,403364
ERR4812941,764995
ERR4812941,1759252
ERR4830684,403364
ERR4830684,764995
ERR4830684,1759252
KOR-K2016-0135,497491
KOR-K2016-0135,797736
KOR-K2016-0135,931123
KOR-K2016-0135,1759252
KOR-K2016-0135,2505085
1833,62657
1833,107794
1833,891756
1833,1759252
ERR4811736,1759252
ERR4811736,3836739
ERR3287820,62657
ERR3287820,107794
ERR3287820,891756
ERR3287820,1759252
Peru4021,62657
Peru4021,107794
Peru4021,891756
Peru4021,1759252
ERR4809151,497491
ERR4809151,797736
ERR4809151,931123
ERR4809151,1759252
ERR4809151,2505085
ERR4830214,497491
ERR4830214,797736
ERR4830214,931123
ERR4830214,1759252
ERR4830214,2505085
EC305-394,355181
EC305-394,1759252
EC305-394,4151558
EC305-394,4307886
Peru5430,62657
Peru5430,107794
Peru5430,891756
Peru5430,1759252
ERR4812561,764995
ERR4812561,1759252
ERR4812561,4316114
Peru5116,62657
Peru5116,514245
Peru5116,1759252
IDR1800053037,497491
IDR1800053037,797736
IDR1800053037,931123
IDR1800053037,1759252
IDR1800053037,2505085
ERR4809197,497491
ERR4809197,797736
ERR4809197,931123
ERR4809197,1759252
ERR4809197,2505085
ERR4812745,62657
ERR4812745,107794
ERR4812745,891756
ERR4812745,1759252
ERR4831023,497491
ERR4831023,797736
ERR4831023,931123
ERR4831023,1759252
ERR4831023,2505085
IDR1800010840,346693
IDR1800010840,497491
IDR1800010840,931123
IDR1800010840,1759252
IDR1800010840,2505085
ERR4808871,497491
ERR4808871,797736
ERR4808871,931123
ERR4808871,1759252
ERR4808871,2505085
ERR4808871,4248115
Peru3351,403364
Peru3351,764995
Peru3351,1759252
ERR2510353,931123
ERR2510353,1759252
ERR2510353,3273107
ERR4809093,1759252
ERR4809093,3836739
ERR4796966,497491
ERR4796966,797736
ERR4796966,931123
ERR4796966,1759252
ERR4796966,2505085
ERR4810513,1759252
ERR4810513,4246508
ERR4810513,4307886
ERR3287489,403364
ERR3287489,764995
ERR3287489,1759252
SAMEA3558198,62657
SAMEA3558198,891756
SAMEA3558198,1759252
ERR4809215,1759252
ERR4809215,3836739
ERR3287737,62657
ERR3287737,107794
ERR3287737,891756
ERR3287737,1759252
ERR5918000,346693
ERR5918000,497491
ERR5918000,931123
ERR5918000,1759252
ERR5918000,2505085
ERR4796744,615938
ERR4796744,931123
ERR4796744,1759252
ERR4796744,3470377
ERR2510669,497491
ERR2510669,797736
ERR2510669,931123
ERR2510669,1759252
ERR2510669,2505085
ERR4812538,62657
ERR4812538,107794
ERR4812538,891756
ERR4812538,1759252
ERR4822389,497491
ERR4822389,797736
ERR4822389,931123
ERR4822389,1759252
ERR4822389,2505085
C474,346693
C474,497491
C474,931123
C474,1759252
C474,2505085
ERR4810855,497491
ERR4810855,797736
ERR4810855,931123
ERR4810855,1759252
ERR4810855,2505085
ERR4830940,497491
ERR4830940,797736
ERR4830940,931123
ERR4830940,1759252
ERR4830940,2505085
ERR4797241,497491
ERR4797241,797736
ERR4797241,931123
ERR4797241,1759252
ERR4797241,2505085
ERR4798319,497491
ERR4798319,797736
ERR4798319,931123
ERR4798319,1759252
ERR4798319,2505085
Peru2912,62657
Peru2912,107794
Peru2912,891756
Peru2912,1759252
ERR4828171,615938
ERR4828171,931123
ERR4828171,1759252
ERR4828171,3021283
ERR4828171,4404247
ERR4808889,346693
ERR4808889,497491
ERR4808889,931123
ERR4808889,1759252
ERR4808889,2505085
ERR4811937,62657
ERR4811937,107794
ERR4811937,891756
ERR4811937,1759252
ERR2510326,931123
ERR2510326,1759252
ERR2510326,3273107
ERR3287347,403364
ERR3287347,764995
ERR3287347,1759252
ERR4830868,355181
ERR4830868,1759252
ERR4830868,4151558
ERR4830868,4307886
ERR4829538,1759252
ERR4829538,3836739
ERR4810916,1759252
ERR4810916,4246508
ERR4810916,4307886
ERR4828673,497491
ERR4828673,797736
ERR4828673,931123
ERR4828673,1759252
ERR4828673,2505085
RD00095112,764995
RD00095112,1132368
RD00095112,1502120
RD00095112,1759252
RD00095112,3977226
SAMN02381035,874787
SAMN02381035,1759252
SAMN02381035,3466426
SAMN02381035,4260268
ERR2510553,615938
ERR2510553,931123
ERR2510553,1759252
ERR2510553,2622402
ERR2510553,4404247
ERR4812207,497491
ERR4812207,797736
ERR4812207,931123
ERR4812207,1759252
ERR4812207,2505085
ERR4830444,497491
ERR4830444,797736
ERR4830444,931123
ERR4830444,1759252
ERR4830444,2505085
ERR4812887,62657
ERR4812887,107794
ERR4812887,891756
ERR4812887,1759252
ERR4809291,62657
ERR4809291,514245
ERR4809291,1759252
ERR4809291,4229087
ERR4830338,497491
ERR4830338,797736
ERR4830338,931123
ERR4830338,1759252
ERR4830338,2505085
ERR4831636,497491
ERR4831636,797736
ERR4831636,931123
ERR4831636,1759252
ERR4831636,2505085
ERR2510338,615938
ERR2510338,931123
ERR2510338,1759252
ERR2510338,2622402
ERR2510338,4404247
ERR4809191,497491
ERR4809191,797736
ERR4809191,931123
ERR4809191,1759252
ERR4809191,2505085
TDR13S110L002,1759252
TDR13S110L002,4307886
IDR2000244432,615938
IDR2000244432,931123
IDR2000244432,1759252
IDR2000244432,2622402
IDR2000244432,4404247
ERR4814117,62657
ERR4814117,107794
ERR4814117,891756
ERR4814117,1759252
ERR4829987,1759252
ERR4829987,2875883
ERR4829987,3466426
ERR4829987,4125058
ERR4830050,497491
ERR4830050,797736
ERR4830050,931123
ERR4830050,1759252
ERR4830050,2505085
C207,497491
C207,797736
C207,931123
C207,1759252
C207,2505085
ERR4809207,497491
ERR4809207,797736
ERR4809207,931123
ERR4809207,1759252
ERR4809207,2505085
ERR4809207,4248115
ERR4812579,62657
ERR4812579,107794
ERR4812579,891756
ERR4812579,1759252
ERR2184683,403364
ERR2184683,764995
ERR2184683,1759252
ERR3287641,62657
ERR3287641,514245
ERR3287641,1759252
ERR3287641,4229087
TRL0039481,62657
TRL0039481,891756
TRL0039481,1759252
ERR2184272,1759252
ERR3287665,403364
ERR3287665,764995
ERR3287665,1759252
ERR4830262,497491
ERR4830262,931123
ERR4830262,1759252
ERR4830262,1881090
ERR4796399,497491
ERR4796399,797736
ERR4796399,931123
ERR4796399,1759252
ERR4796399,2505085
ERR4812462,764995
ERR4812462,1759252
ERR4812462,3977226
ERR4812462,4398141
ERR4796826,615938
ERR4796826,931123
ERR4796826,1759252
ERR4796826,2622402
ERR4796826,4404247
ERR4829965,931123
ERR4829965,1759252
ERR4829965,3273107
ERR5917713,1759252
ERR5917713,3836739
ERR4831911,497491
ERR4831911,797736
ERR4831911,931123
ERR4831911,1759252
ERR4831911,2505085
ERR4831911,4248115
ERR4828531,497491
ERR4828531,797736
ERR4828531,931123
ERR4828531,1759252
ERR4828531,2505085
ERR4831648,497491
ERR4831648,797736
ERR4831648,931123
ERR4831648,1759252
ERR4831648,2505085
KOR-K2016-0005,403364
KOR-K2016-0005,764995
KOR-K2016-0005,1759252
ERR4797228,497491
ERR4797228,797736
ERR4797228,931123
ERR4797228,1759252
ERR4797228,2505085
ERR4831451,931123
ERR4831451,1759252
ERR4831451,3273107
Peru4629,62657
Peru4629,107794
Peru4629,891756
Peru4629,1759252
ERR4797513,931123
ERR4797513,1759252
ERR4797513,3273107
ERR4797513,3722702
ERR2184478,764995
ERR2184478,1759252
ERR2184478,4316114
JPN-R2012-0013,1759252
JPN-R2012-0013,4246508
JPN-R2012-0013,4307886
ERR5917757,497491
ERR5917757,797736
ERR5917757,931123
ERR5917757,1759252
ERR5917757,2505085
ERR4829932,615938
ERR4829932,931123
ERR4829932,1759252
ERR4829932,2622402
ERR4829932,4404247
ERR4811727,62657
ERR4811727,107794
ERR4811727,891756
ERR4811727,1759252
ERR4796940,497491
ERR4796940,797736
ERR4796940,931123
ERR4796940,1759252
ERR4796940,2505085
ERR4810462,497491
ERR4810462,797736
ERR4810462,931123
ERR4810462,1759252
ERR4810462,2505085
ERR2510696,497491
ERR2510696,797736
ERR2510696,931123
ERR2510696,1759252
ERR2510696,2505085
JPN-R2012-0047,497491
JPN-R2012-0047,797736
JPN-R2012-0047,931123
JPN-R2012-0047,1759252
JPN-R2012-0047,2505085
ERR4809052,497491
ERR4809052,797736
ERR4809052,931123
ERR4809052,1759252
ERR4809052,2505085
ERR4829891,497491
ERR4829891,797736
ERR4829891,931123
ERR4829891,1759252
ERR4829891,2505085
ERR4812903,1759252
ERR4812903,3836739
ERR4810782,497491
ERR4810782,797736
ERR4810782,931123
ERR4810782,1759252
ERR4810782,2505085
ERR4810702,1719757
ERR4810702,1759252
ERR4829818,403364
ERR4829818,764995
ERR4829818,1759252
ERR4811924,62657
ERR4811924,107794
ERR4811924,891756
ERR4811924,1759252
ERR2510472,931123
ERR2510472,1759252
ERR2510472,3273107
ERR4811270,1719757
ERR4811270,1759252
ERR4796265,497491
ERR4796265,797736
ERR4796265,931123
ERR4796265,1759252
ERR4796265,2505085
ERR4796265,4248115
TRL0031160,62657
TRL0031160,514245
TRL0031160,1759252
TRL0031160,1850119
ERR4829038,931123
ERR4829038,1759252
ERR4829038,1882180
ERR4829038,2831482
ERR4829720,62657
ERR4829720,107794
ERR4829720,891756
ERR4829720,1759252
IDR1600027328,931123
IDR1600027328,1759252
IDR1600027328,3273107
IDR1600027328,3722702
ERR2184225,62657
ERR2184225,107794
ERR2184225,891756
ERR2184225,1759252
ERR4822402,497491
ERR4822402,797736
ERR4822402,931123
ERR4822402,1759252
ERR4822402,2505085
ERR4830364,497491
ERR4830364,797736
ERR4830364,931123
ERR4830364,1759252
ERR4830364,2505085
ERR4809150,355181
ERR4809150,1759252
ERR4809150,4151558
ERR4809150,4307886
ERR4811575,497491
ERR4811575,797736
ERR4811575,931123
ERR4811575,1759252
ERR4811575,2505085
ERR4796626,1759252
ERR4796626,3836739
ERR4796924,497491
ERR4796924,797736
ERR4796924,931123
ERR4796924,1759252
ERR4796924,2505085
ERR3287872,403364
ERR3287872,764995
ERR3287872,1759252
ERR4829572,497491
ERR4829572,797736
ERR4829572,1759252
ERR4829572,2505085
Peru2960,403364
Peru2960,764995
Peru2960,1759252
ERR4797319,615938
ERR4797319,931123
ERR4797319,1759252
ERR4797319,2622402
ERR4797319,4404247
Peru5125,62657
Peru5125,514245
Peru5125,1759252
ERR3287369,62657
ERR3287369,107794
ERR3287369,891756
ERR3287369,1759252
ERR4822489,62657
ERR4822489,107794
ERR4822489,891756
ERR4822489,1759252
SAMN02381024,1759252
SAMN02381024,3836739
ERR4796349,615938
ERR4796349,931123
ERR4796349,1759252
ERR4796349,2622402
ERR4796349,4404247
ERR2510462,931123
ERR2510462,1759252
ERR2510462,3273107
ERR3287398,1759252
ERR3287398,4249732
ERR2184578,497491
ERR2184578,797736
ERR2184578,931123
ERR2184578,1759252
ERR2184578,2505085
ERR4812619,62657
ERR4812619,514245
ERR4812619,1759252
IDR1700029898,497491
IDR1700029898,797736
IDR1700029898,931123
IDR1700029898,1759252
IDR1700029898,2505085
JPN-R2012-0011,497491
JPN-R2012-0011,797736
JPN-R2012-0011,931123
JPN-R2012-0011,1759252
JPN-R2012-0011,2505085
ERR4828657,497491
ERR4828657,797736
ERR4828657,931123
ERR4828657,1759252
ERR4828657,2505085
ERR4809316,497491
ERR4809316,797736
ERR4809316,931123
ERR4809316,1759252
ERR4809316,2505085
ERR4822535,62657
ERR4822535,107794
ERR4822535,891756
ERR4822535,1759252
ERR4811132,497491
ERR4811132,797736
ERR4811132,931123
ERR4811132,1759252
ERR4811132,2505085
ERR5918083,1759252
ERR5918083,3836739
C141,497491
C141,797736
C141,931123
C141,1759252
C141,2505085
ERR4811060,497491
ERR4811060,797736
ERR4811060,931123
ERR4811060,1759252
ERR4811060,2505085
SAMEA3558118,1759252
TDR88S183L002,764995
TDR88S183L002,1759252
TDR88S183L002,4316114
ERR4797657,497491
ERR4797657,797736
ERR4797657,931123
ERR4797657,1759252
ERR4797657,2505085
ERR4797657,4248115
C218,764995
C218,1132368
C218,1759252
C218,3977226
ERR4809348,615938
ERR4809348,931123
ERR4809348,1759252
ERR4809348,3470377
ERR4797484,931123
ERR4797484,1759252
ERR4797484,3273107
ERR4797484,3722702
TRL0085353,355181
TRL0085353,1759252
TRL0085353,4151558
TRL0085353,4307886
M0000827-7,62657
M0000827-7,514245
M0000827-7,1759252
M0000827-7,4229087
1719,1759252
1719,2875883
1719,3466426
1719,4125058
ERR4810887,1759252
ERR4810887,4246508
ERR4810887,4307886
ERR4822496,1759252
ERR4822496,3836739
TRL0116230,62657
TRL0116230,514245
TRL0116230,1759252
TRL0116230,4229087
ERR4811992,62657
ERR4811992,107794
ERR4811992,891756
ERR4811992,1759252
C442,497491
C442,797736
C442,931123
C442,1759252
C442,2505085
C442,4248115
TRL0114479,62657
TRL0114479,514245
TRL0114479,1759252
TRL0114479,4229087
C342,403364
C342,764995
C342,1759252
ERR4809285,764995
ERR4809285,1759252
ERR4809285,4316114
ERR4829711,1759252
ERR4829711,3836739
C296,62657
C296,514245
C296,1759252
C296,1850119
MNG-S2014-0044,497491
MNG-S2014-0044,797736
MNG-S2014-0044,931123
MNG-S2014-0044,1759252
MNG-S2014-0044,2505085
ERR4828581,497491
ERR4828581,797736
ERR4828581,931123
ERR4828581,1759252
ERR4828581,2505085
TRL0116168,497491
TRL0116168,797736
TRL0116168,931123
TRL0116168,1759252
TRL0116168,2505085
ERR4830432,615938
ERR4830432,931123
ERR4830432,1759252
ERR4830432,3021283
ERR4830432,3216553
ERR4830432,4404247
Peru4479,497491
Peru4479,797736
Peru4479,931123
Peru4479,1759252
Peru4479,2505085
KOR-K2016-0129,346693
KOR-K2016-0129,497491
KOR-K2016-0129,931123
KOR-K2016-0129,1759252
KOR-K2016-0129,2505085
ERR4822405,497491
ERR4822405,797736
ERR4822405,931123
ERR4822405,1759252
ERR4822405,2505085
ERR4831511,931123
ERR4831511,1759252
ERR4831511,3273107
ERR4830135,497491
ERR4830135,797736
ERR4830135,931123
ERR4830135,1759252
ERR4830135,2505085
ERR4797782,615938
ERR4797782,931123
ERR4797782,1759252
ERR4797782,2622402
ERR4797782,4404247
JPN-R2013-0102,497491
JPN-R2013-0102,797736
JPN-R2013-0102,931123
JPN-R2013-0102,1759252
JPN-R2013-0102,2505085
ERR4813365,764995
ERR4813365,1132368
ERR4813365,1759252
ERR4813365,3977226
ERR3287690,403364
ERR3287690,764995
ERR3287690,1759252
ERR4808913,497491
ERR4808913,797736
ERR4808913,931123
ERR4808913,1759252
ERR4808913,2505085
ERR3287644,764995
ERR3287644,1759252
ERR3287644,4316114
ERR4812034,1759252
ERR4812034,3836739
ERR2510381,931123
ERR2510381,1759252
ERR2510381,3273107
Peru5152,403364
Peru5152,764995
Peru5152,1759252
ERR2184528,62657
ERR2184528,107794
ERR2184528,891756
ERR2184528,1759252
Peru3963,1759252
Peru3963,3836739
ERR4830850,355181
ERR4830850,1759252
ERR4830850,4151558
ERR4830850,4307886
ERR4812472,497491
ERR4812472,797736
ERR4812472,931123
ERR4812472,1759252
ERR4812472,2505085
JG00224441,62657
JG00224441,514245
JG00224441,1759252
JG00224441,1850119
ERR4797102,497491
ERR4797102,797736
ERR4797102,931123
ERR4797102,1759252
ERR4797102,2505085
ERR4809286,497491
ERR4809286,797736
ERR4809286,931123
ERR4809286,1759252
ERR4809286,2505085
ERR4811559,497491
ERR4811559,797736
ERR4811559,931123
ERR4811559,1759252
ERR4811559,2505085
ERR4809097,355181
ERR4809097,1759252
ERR4809097,4151558
ERR4809097,4307886
ERR3287845,62657
ERR3287845,107794
ERR3287845,891756
ERR3287845,1759252
ERR4811598,497491
ERR4811598,797736
ERR4811598,931123
ERR4811598,1759252
ERR4811598,2505085
IDR1900007384,764995
IDR1900007384,1759252
IDR1900007384,3977226
IDR1900007384,4398141
EC086-205,931123
EC086-205,1084911
EC086-205,1759252
EC086-205,3273107
ERR4813433,764995
ERR4813433,1759252
ERR4813433,4316114
ERR2510582,931123
ERR2510582,1759252
ERR2510582,3273107
ERR4796627,497491
ERR4796627,797736
ERR4796627,931123
ERR4796627,1759252
ERR4796627,2505085
ERR3287638,62657
ERR3287638,107794
ERR3287638,891756
ERR3287638,1759252
ERR2184413,403364
ERR2184413,764995
ERR2184413,1759252
ERR4828369,497491
ERR4828369,797736
ERR4828369,931123
ERR4828369,1759252
ERR4828369,2505085
ERR4831416,1487796
ERR4831416,1759252
ERR4831416,2411730
ERR4813515,764995
ERR4813515,1759252
ERR4830565,346693
ERR4830565,497491
ERR4830565,931123
ERR4830565,1759252
ERR4830565,2505085
ERR4830290,615938
ERR4830290,931123
ERR4830290,1759252
ERR4830290,3021283
ERR4830290,3216553
ERR4830290,4404247
ERR4822308,62657
ERR4822308,514245
ERR4822308,1759252
ERR4822308,1850119
Peru2935,62657
Peru2935,514245
Peru2935,1759252
Peru2935,4229087
TDR229S201L002,497491
TDR229S201L002,797736
TDR229S201L002,931123
TDR229S201L002,1759252
TDR229S201L002,2505085
C237,1759252
C237,3836739
ERR4797514,931123
ERR4797514,1084911
ERR4797514,1759252
ERR4797514,3273107
ERR4797434,615938
ERR4797434,931123
ERR4797434,1759252
ERR4797434,3470377
03R0768,62657
03R0768,514245
03R0768,1759252
03R0768,4229087
ERR4830721,62657
ERR4830721,107794
ERR4830721,891756
ERR4830721,1759252
ERR4797998,62657
ERR4797998,514245
ERR4797998,1759252
ERR4797998,4229087
ERR4812595,497491
ERR4812595,797736
ERR4812595,931123
ERR4812595,1759252
ERR4812595,2505085
ERR4796425,497491
ERR4796425,797736
ERR4796425,931123
ERR4796425,1759252
ERR4796425,2505085
ERR4812049,62657
ERR4812049,107794
ERR4812049,891756
ERR4812049,1759252
ERR4822547,497491
ERR4822547,797736
ERR4822547,931123
ERR4822547,1759252
ERR4822547,2505085
JPN-R2014-0105,497491
JPN-R2014-0105,797736
JPN-R2014-0105,931123
JPN-R2014-0105,1759252
JPN-R2014-0105,2505085
Peru2952,403364
Peru2952,764995
Peru2952,1759252
ERR4830650,783601
ERR4830650,1759252
ERR4830650,2411730
ERR4811588,1759252
ERR4811588,4246508
ERR4811588,4307886
ERR4810769,497491
ERR4810769,797736
ERR4810769,931123
ERR4810769,1759252
ERR4810769,2505085
ERR4831730,497491
ERR4831730,931123
ERR4831730,1759252
ERR4831730,1881090
Peru3025,1759252
ERR4813758,764995
ERR4813758,1132368
ERR4813758,1759252
ERR4813758,3977226
ERR4829435,62657
ERR4829435,1759252
02R0754,403364
02R0754,764995
02R0754,1759252
ERR2510458,931123
ERR2510458,1237818
ERR2510458,1759252
ERR2510458,3273107
ERR2510458,3722702
ERR4810599,1719757
ERR4810599,1759252
ERR4828290,615938
ERR4828290,931123
ERR4828290,1759252
ERR4828290,3021283
ERR4828290,3216553
ERR4828290,4404247
ERR4828652,615938
ERR4828652,931123
ERR4828652,1759252
ERR4828652,3021283
ERR4828652,3216553
ERR4828652,4404247
ERR4830686,615614
ERR4830686,764995
ERR4830686,1759252
ERR4831411,931123
ERR4831411,1759252
ERR4831411,3273107
ERR4830321,497491
ERR4830321,797736
ERR4830321,931123
ERR4830321,1759252
ERR4830321,2505085
ERR5917683,62657
ERR5917683,107794
ERR5917683,891756
ERR5917683,1759252
ERR5917991,497491
ERR5917991,797736
ERR5917991,931123
ERR5917991,1759252
ERR5917991,2505085
ERR4812424,62657
ERR4812424,107794
ERR4812424,891756
ERR4812424,1759252
IDR1900024117,615938
IDR1900024117,931123
IDR1900024117,1759252
IDR1900024117,3470377
IDR1700051763,62657
IDR1700051763,514245
IDR1700051763,1759252
ERR4811929,764995
ERR4811929,1759252
ERR4811929,4316114
TRL0065060,497491
TRL0065060,797736
TRL0065060,931123
TRL0065060,1759252
TRL0065060,2505085
ERR4828203,497491
ERR4828203,797736
ERR4828203,931123
ERR4828203,1759252
ERR4828203,2505085
01R1540,497491
01R1540,797736
01R1540,931123
01R1540,1759252
01R1540,2505085
ERR4812697,62657
ERR4812697,514245
ERR4812697,1759252
ERR4812697,4229087
00R0312,403364
00R0312,764995
00R0312,1759252
Peru4946,355181
Peru4946,1759252
Peru4946,4151558
Peru4946,4307886
IDR1900007817,62657
IDR1900007817,107794
IDR1900007817,891756
IDR1900007817,1759252
ERR4797212,615938
ERR4797212,931123
ERR4797212,1759252
ERR4797212,2622402
ERR4797212,4404247
KOR-K2016-0100,497491
KOR-K2016-0100,797736
KOR-K2016-0100,931123
KOR-K2016-0100,1759252
KOR-K2016-0100,2505085
ERR2510605,615938
ERR2510605,931123
ERR2510605,1759252
ERR2510605,2622402
ERR2510605,4404247
Peru3387,764995
Peru3387,1759252
Peru3387,4316114
SAMEA3558139,615938
SAMEA3558139,931123
SAMEA3558139,1719757
SAMEA3558139,1759252
SAMEA3558139,2622402
SAMEA3558139,4404247
ERR4828546,1719757
ERR4828546,1759252
ERR4811753,497491
ERR4811753,797736
ERR4811753,931123
ERR4811753,1759252
ERR4811753,2505085
TRL0100824,497491
TRL0100824,797736
TRL0100824,931123
TRL0100824,1759252
TRL0100824,2505085
TDR35S101L002,497491
TDR35S101L002,797736
TDR35S101L002,931123
TDR35S101L002,1759252
TDR35S101L002,2505085
TRL0083443,497491
TRL0083443,797736
TRL0083443,931123
TRL0083443,1759252
TRL0083443,2505085
ERR4829147,1759252
ERR4829147,2875883
ERR4829147,3466426
ERR4829147,4125058
ERR4810675,497491
ERR4810675,797736
ERR4810675,931123
ERR4810675,1759252
ERR4810675,2505085
ERR4810716,1719757
ERR4810716,1759252
ERR4809180,1759252
ERR4809180,3836739
ERR4829470,1759252
ERR4829470,3836739
ERR4812937,497491
ERR4812937,797736
ERR4812937,931123
ERR4812937,1759252
ERR4812937,2505085
ERR3287769,62657
ERR3287769,514245
ERR3287769,1759252
ERR4829016,62657
ERR4829016,107794
ERR4829016,891756
ERR4829016,1759252
IDR1900013248,62657
IDR1900013248,514245
IDR1900013248,1759252
IDR1900013248,4229087
ERR4797477,497491
ERR4797477,797736
ERR4797477,931123
ERR4797477,1759252
ERR4797477,2505085
ERR4797477,4248115
TRL0022086,355181
TRL0022086,1759252
TRL0022086,4151558
TRL0022086,4307886
ERR4828368,497491
ERR4828368,797736
ERR4828368,931123
ERR4828368,1759252
ERR4828368,2505085
ERR4797056,497491
ERR4797056,797736
ERR4797056,931123
ERR4797056,1759252
ERR4797056,2505085
ERR4797056,4248115
ERR4828701,497491
ERR4828701,797736
ERR4828701,931123
ERR4828701,1759252
ERR4828701,2505085
TRL0113259,764995
TRL0113259,1759252
TRL0113259,3388166
TRL0113259,4316114
ERR4813301,764995
ERR4813301,1759252
ERR4813301,3977226
ERR4813301,4398141
IDR1600047588,497491
IDR1600047588,797736
IDR1600047588,931123
IDR1600047588,1759252
IDR1600047588,2505085
ERR4812938,764995
ERR4812938,1759252
ERR4812938,4316114
Peru4302,62657
Peru4302,514245
Peru4302,1759252
Peru4302,4229087
ERR4813441,403364
ERR4813441,764995
ERR4813441,1759252
TDR86S181L002,497491
TDR86S181L002,797736
TDR86S181L002,931123
TDR86S181L002,1759252
TDR86S181L002,2505085
ERR4830658,497491
ERR4830658,797736
ERR4830658,931123
ERR4830658,1759252
ERR4830658,2505085
ERR4830783,615938
ERR4830783,931123
ERR4830783,1759252
ERR4830783,2622402
ERR4830783,4404247
Peru5076,1759252
ERR4830226,497491
ERR4830226,797736
ERR4830226,931123
ERR4830226,1759252
ERR4830226,2505085
ERR4830226,4248115
Peru4584,62657
Peru4584,107794
Peru4584,891756
Peru4584,1759252
ERR4811159,1487796
ERR4811159,1759252
ERR4811159,2411730
ERR4829929,403364
ERR4829929,764995
ERR4829929,1759252
ERR4828563,497491
ERR4828563,797736
ERR4828563,931123
ERR4828563,1759252
ERR4828563,2505085
ERR4811408,1759252
ERR4811408,2875883
ERR4811408,3466426
ERR4811408,4125058
ERR2510539,497491
ERR2510539,797736
ERR2510539,931123
ERR2510539,1759252
ERR2510539,2505085
ERR2184411,62657
ERR2184411,107794
ERR2184411,891756
ERR2184411,1759252
C208,62657
C208,514245
C208,1759252
C208,4229087
ERR2184546,403364
ERR2184546,764995
ERR2184546,1759252
ERR4813160,403364
ERR4813160,764995
ERR4813160,1759252
ERR4797256,931123
ERR4797256,1759252
ERR4797256,3273107
ERR4797256,3722702
ERR4796616,615938
ERR4796616,931123
ERR4796616,1759252
ERR4796616,3470377
ERR4822419,403364
ERR4822419,764995
ERR4822419,1759252
ERR4811048,497491
ERR4811048,797736
ERR4811048,931123
ERR4811048,1759252
ERR4811048,2505085
ERR2184232,62657
ERR2184232,514245
ERR2184232,1759252
ERR2184232,4229087
ERR4832010,497491
ERR4832010,797736
ERR4832010,931123
ERR4832010,1759252
ERR4832010,2505085
MNG-S2014-0007,497491
MNG-S2014-0007,797736
MNG-S2014-0007,931123
MNG-S2014-0007,1759252
MNG-S2014-0007,2505085
Peru5118,497491
Peru5118,797736
Peru5118,931123
Peru5118,1759252
Peru5118,2505085
ERR4822448,1759252
ERR4822448,3836739
ERR4809104,62657
ERR4809104,107794
ERR4809104,891756
ERR4809104,1759252
ERR4828194,497491
ERR4828194,797736
ERR4828194,931123
ERR4828194,1759252
ERR4828194,2505085
ERR4812533,62657
ERR4812533,107794
ERR4812533,891756
ERR4812533,1759252
ERR4796779,931123
ERR4796779,1759252
ERR4796779,3273107
ERR4796779,3722702
ERR4797097,497491
ERR4797097,797736
ERR4797097,931123
ERR4797097,1759252
ERR4810528,497491
ERR4810528,797736
ERR4810528,931123
ERR4810528,1759252
ERR4810528,2505085
TRL0039162,764995
TRL0039162,1132368
TRL0039162,1502120
TRL0039162,1759252
TRL0039162,3977226
ERR4810470,497491
ERR4810470,797736
ERR4810470,931123
ERR4810470,1759252
ERR4810470,2505085
02R1544,403364
02R1544,764995
02R1544,1759252
ERR4810466,497491
ERR4810466,797736
ERR4810466,931123
ERR4810466,1759252
ERR4810466,2505085
ERR4812895,764995
ERR4812895,1132368
ERR4812895,1759252
ERR4812895,3977226
ERR4828995,497491
ERR4828995,797736
ERR4828995,931123
ERR4828995,1759252
ERR4828995,2505085
ERR4830909,497491
ERR4830909,797736
ERR4830909,931123
ERR4830909,1759252
ERR4830909,2505085
ERR4830909,4248115
ERR4830522,497491
ERR4830522,797736
ERR4830522,931123
ERR4830522,1759252
ERR4830522,2505085
ERR4830522,4248115
ERR4828281,497491
ERR4828281,797736
ERR4828281,931123
ERR4828281,1759252
ERR4828281,2505085
M0008211-6,62657
M0008211-6,107794
M0008211-6,891756
M0008211-6,1759252
ERR2510659,497491
ERR2510659,797736
ERR2510659,931123
ERR2510659,1759252
ERR2510659,2505085
ERR4797181,931123
ERR4797181,1759252
ERR4797181,3273107
Peru4102,1759252
ERR3287473,1759252
ERR4830070,497491
ERR4830070,797736
ERR4830070,931123
ERR4830070,1759252
ERR4830070,2505085
ERR4813769,764995
ERR4813769,1759252
ERR4813769,3977226
ERR4813769,4398141
ERR4831747,497491
ERR4831747,797736
ERR4831747,931123
ERR4831747,1759252
ERR4831747,2505085
ERR2184660,403364
ERR2184660,764995
ERR2184660,1759252
ERR4830691,615614
ERR4830691,764995
ERR4830691,1759252
ERR4796294,931123
ERR4796294,1759252
ERR4796294,3273107
ERR4810875,1719757
ERR4810875,1759252
ERR4829871,1759252
ERR4829871,3836739
ERR4813075,62657
ERR4813075,514245
ERR4813075,1759252
ERR3287863,62657
ERR3287863,514245
ERR3287863,1759252
ERR3287863,4229087
ERR4808938,764995
ERR4808938,1759252
ERR4808938,3388166
ERR4808938,4316114
ERR4811562,497491
ERR4811562,797736
ERR4811562,931123
ERR4811562,1759252
ERR4811562,2505085
ERR4796805,497491
ERR4796805,797736
ERR4796805,931123
ERR4796805,1759252
ERR4796805,2505085
ERR4810655,497491
ERR4810655,797736
ERR4810655,931123
ERR4810655,1759252
ERR4810655,2505085
ERR4797495,931123
ERR4797495,1759252
ERR4797495,3273107
Peru4581,62657
Peru4581,107794
Peru4581,891756
Peru4581,1759252
ERR4829112,497491
ERR4829112,797736
ERR4829112,931123
ERR4829112,1759252
ERR4829112,2505085
ERR4828336,497491
ERR4828336,797736
ERR4828336,931123
ERR4828336,1759252
ERR4828336,2505085
ERR4797085,931123
ERR4797085,1759252
ERR4797085,3273107
ERR3287488,62657
ERR3287488,107794
ERR3287488,891756
ERR3287488,1759252
29784,764995
29784,1759252
29784,3388166
29784,4316114
ERR4811986,797736
ERR4811986,931123
ERR4811986,1759252
ERR4811986,2505085
ERR4829766,1759252
ERR4829766,3836739
ERR4797417,1759252
ERR4796547,497491
ERR4796547,797736
ERR4796547,931123
ERR4796547,1759252
ERR4796547,2505085
ERR4829991,62657
ERR4829991,107794
ERR4829991,891756
ERR4829991,1759252
ERR4809293,764995
ERR4809293,1759252
ERR4809293,3388166
ERR4809293,4316114
ERR4797266,497491
ERR4797266,797736
ERR4797266,931123
ERR4797266,1759252
ERR4797266,2505085
SAMEA3558119,1759252
ERR4796519,497491
ERR4796519,797736
ERR4796519,931123
ERR4796519,1759252
ERR4796519,2505085
ERR4822356,346693
ERR4822356,497491
ERR4822356,931123
ERR4822356,1759252
ERR4822356,2505085
ERR4822585,497491
ERR4822585,797736
ERR4822585,931123
ERR4822585,1759252
ERR4822585,2505085
TRL0113572,346693
TRL0113572,497491
TRL0113572,931123
TRL0113572,1759252
TRL0113572,2505085
ERR4810779,1719757
ERR4810779,1759252
Peru4685,1759252
ERR4811286,497491
ERR4811286,797736
ERR4811286,931123
ERR4811286,1759252
ERR4811286,2505085
ERR4830077,497491
ERR4830077,797736
ERR4830077,931123
ERR4830077,1759252
ERR4830077,2505085
ERR4810611,1487796
ERR4810611,1759252
ERR4810611,2411730
SAMN02381025,1759252
SAMN02381025,3836739
ERR5918133,1759252
ERR5918133,3836739
ERR4808903,346693
ERR4808903,497491
ERR4808903,931123
ERR4808903,1759252
ERR4808903,2505085
ERR4810739,497491
ERR4810739,797736
ERR4810739,931123
ERR4810739,1759252
ERR4810739,2505085
ERR4811041,497491
ERR4811041,797736
ERR4811041,931123
ERR4811041,1759252
ERR4811041,2505085
IDR1900005788,355181
IDR1900005788,1759252
IDR1900005788,4151558
IDR1900005788,4307886
ERR4828812,403364
ERR4828812,764995
ERR4828812,1759252
NLA000801695,497491
NLA000801695,797736
NLA000801695,931123
NLA000801695,1759252
NLA000801695,2505085
ERR4828537,497491
ERR4828537,797736
ERR4828537,931123
ERR4828537,1759252
ERR4828537,2505085
ERR4828994,1759252
ERR4828994,3466426
ERR4828994,4125058
ERR3287663,403364
ERR3287663,764995
ERR3287663,1759252
C327,497491
C327,797736
C327,931123
C327,1759252
C327,2505085
ERR4830643,497491
ERR4830643,797736
ERR4830643,931123
ERR4830643,1759252
ERR4830643,2505085
ERR4811252,497491
ERR4811252,797736
ERR4811252,931123
ERR4811252,1759252
ERR4811252,2505085
Peru4976,403364
Peru4976,764995
Peru4976,1759252
ERR2184560,355181
ERR2184560,1759252
ERR2184560,4151558
ERR2184560,4307886
ERR4828869,1759252
ERR4828869,3836739
ERR4829837,497491
ERR4829837,797736
ERR4829837,931123
ERR4829837,1759252
ERR4829837,2505085
ERR5917674,403364
ERR5917674,764995
ERR5917674,1759252
ERR4797707,931123
ERR4797707,1759252
ERR4797707,3273107
ERR4829136,1759252
ERR4829136,2875883
ERR4829136,3466426
ERR4829136,4125058
ERR2184588,497491
ERR2184588,797736
ERR2184588,931123
ERR2184588,1759252
ERR2184588,2505085
ERR4828351,931123
ERR4828351,1759252
ERR4830425,615938
ERR4830425,931123
ERR4830425,1759252
ERR4830425,3021283
ERR4830425,3216553
ERR4830425,4404247
Peru3362,403364
Peru3362,764995
Peru3362,1759252
ERR4810846,1719757
ERR4810846,1759252
ERR4812449,62657
ERR4812449,107794
ERR4812449,891756
ERR4812449,1759252
ERR4830074,497491
ERR4830074,797736
ERR4830074,931123
ERR4830074,1759252
ERR4830074,2505085
ERR4830727,1759252
ERR4830727,3836739
C001,497491
C001,797736
C001,931123
C001,1759252
C001,2505085
C001,4248115
ERR4822602,497491
ERR4822602,797736
ERR4822602,931123
ERR4822602,1759252
ERR4822602,2505085
ERR4813544,764995
ERR4813544,1759252
Peru2967,403364
Peru2967,764995
Peru2967,1759252
ERR4811755,403364
ERR4811755,764995
ERR4811755,1759252
01R1468,403364
01R1468,764995
01R1468,1759252
ERR4797092,615938
ERR4797092,931123
ERR4797092,1759252
ERR4797092,2622402
ERR4797092,4404247
ERR4830310,497491
ERR4830310,797736
ERR4830310,931123
ERR4830310,1759252
ERR4830310,2505085
ERR4796366,615938
ERR4796366,931123
ERR4796366,1759252
ERR4796366,2622402
ERR4796366,4404247
ERR4829430,62657
ERR4829430,107794
ERR4829430,891756
ERR4829430,1759252
C133,497491
C133,797736
C133,931123
C133,1759252
C133,2505085
KOR-K2016-0057,346693
KOR-K2016-0057,497491
KOR-K2016-0057,931123
KOR-K2016-0057,1759252
KOR-K2016-0057,2505085
ERR4822466,497491
ERR4822466,797736
ERR4822466,931123
ERR4822466,1759252
ERR4822466,2505085
1782,403364
1782,764995
1782,1759252
ERR2510506,931123
ERR2510506,1759252
ERR2510506,3273107
ERR3287622,62657
ERR3287622,107794
ERR3287622,891756
ERR3287622,1759252
ERR4808925,764995
ERR4808925,1759252
ERR4808925,3388166
ERR4808925,4316114
ERR4809277,497491
ERR4809277,797736
ERR4809277,931123
ERR4809277,1759252
ERR4809277,2505085
ERR2510685,1759252
ERR2510685,3836739
Peru3334,764995
Peru3334,1759252
Peru3334,3977226
Peru3334,4398141
TRL0115051,346693
TRL0115051,497491
TRL0115051,931123
TRL0115051,1759252
TRL0115051,2505085
ERR4829116,783601
ERR4829116,1759252
ERR4829116,2411730
ERR4796323,615938
ERR4796323,931123
ERR4796323,1759252
ERR4796323,3470377
ERR4830335,497491
ERR4830335,797736
ERR4830335,931123
ERR4830335,1759252
ERR4830335,2505085
ERR4830335,3836274
ERR3287317,403364
ERR3287317,764995
ERR3287317,1759252
C480,497491
C480,797736
C480,931123
C480,1759252
C480,2505085
ERR4813326,764995
ERR4813326,1759252
ERR4813789,62657
ERR4813789,107794
ERR4813789,891756
ERR4813789,1759252
TRL0114825,62657
TRL0114825,107794
TRL0114825,891756
TRL0114825,1759252
ERR3287482,1759252
ERR2510291,1719757
ERR2510291,1759252
ERR3287781,403364
ERR3287781,764995
ERR3287781,1759252
Peru2907,497491
Peru2907,797736
Peru2907,931123
Peru2907,1759252
Peru2907,2505085
ERR4831903,497491
ERR4831903,797736
ERR4831903,931123
ERR4831903,1759252
ERR4831903,2505085
ERR4831903,4248115
ERR4813405,62657
ERR4813405,107794
ERR4813405,891756
ERR4813405,1759252
ERR4813802,497491
ERR4813802,797736
ERR4813802,931123
ERR4813802,1759252
ERR4813802,2505085
ERR4813802,4248115
ERR4811884,1759252
ERR4811884,3836739
ERR4811667,62657
ERR4811667,107794
ERR4811667,891756
ERR4811667,1759252
ERR4810990,497491
ERR4810990,797736
ERR4810990,931123
ERR4810990,1759252
ERR4810990,2505085
ERR4796540,931123
ERR4796540,1759252
ERR4796540,3273107
ERR4796540,3722702
ERR4830380,497491
ERR4830380,797736
ERR4830380,931123
ERR4830380,1759252
ERR4830380,2505085
ERR4831319,931123
ERR4831319,1084911
ERR4831319,1759252
ERR4831319,3273107
ERR4831116,62657
ERR4831116,107794
ERR4831116,891756
ERR4831116,1759252
JPN-R2012-0037,497491
JPN-R2012-0037,797736
JPN-R2012-0037,931123
JPN-R2012-0037,1759252
JPN-R2012-0037,2505085
ERR4796279,931123
ERR4796279,1759252
ERR4829642,931123
ERR4829642,1759252
ERR4829642,1882180
ERR4829642,2831482
ERR4830411,346693
ERR4830411,497491
ERR4830411,931123
ERR4830411,1759252
ERR4830411,2505085
ERR4811589,1719757
ERR4811589,1759252
TDR42S165L002,615938
TDR42S165L002,931123
TDR42S165L002,1759252
TDR42S165L002,2622402
TDR42S165L002,4404247
ERR4798322,931123
ERR4798322,1759252
ERR4798322,1882180
ERR4798322,2831482
ERR4813447,403364
ERR4813447,764995
ERR4813447,1759252
ERR4828545,497491
ERR4828545,797736
ERR4828545,931123
ERR4828545,1759252
ERR4828545,2505085
ERR4830465,1487796
ERR4830465,1759252
ERR4830465,2411730
ERR4830410,497491
ERR4830410,797736
ERR4830410,931123
ERR4830410,1759252
ERR4830410,2505085
ERR4830410,4248115
ERR4809134,764995
ERR4809134,1132368
ERR4809134,1502120
ERR4809134,1759252
ERR4809134,3977226
ERR3287871,62657
ERR3287871,107794
ERR3287871,891756
ERR3287871,1759252
ERR4813372,62657
ERR4813372,107794
ERR4813372,891756
ERR4813372,1759252
ERR4796636,497491
ERR4796636,797736
ERR4796636,931123
ERR4796636,1759252
ERR4796636,2505085
ERR4828934,1759252
ERR4828934,2694560
ERR4828934,4151558
ERR4828934,4307886
ERR4829949,1719757
ERR4829949,1759252
ERR4813246,497491
ERR4813246,797736
ERR4813246,931123
ERR4813246,1759252
ERR4813246,2505085
ERR4828164,497491
ERR4828164,797736
ERR4828164,931123
ERR4828164,1759252
ERR4828164,2505085
ERR4810841,497491
ERR4810841,797736
ERR4810841,931123
ERR4810841,1759252
ERR4810841,2505085
Peru4561,403364
Peru4561,764995
Peru4561,1759252
TRL0112235,403364
TRL0112235,764995
TRL0112235,1759252
ERR4797254,931123
ERR4797254,1759252
ERR4797254,3273107
ERR4829189,403364
ERR4829189,764995
ERR4829189,1759252
Peru4949,403364
Peru4949,764995
Peru4949,1759252
ERR3287310,403364
ERR3287310,764995
ERR3287310,1759252
ERR4831519,931123
ERR4831519,1759252
ERR4829780,1759252
ERR4829780,2875883
ERR4829780,3466426
ERR4829780,4125058
ERR4811783,62657
ERR4811783,514245
ERR4811783,1759252
TRL0109157,497491
TRL0109157,797736
TRL0109157,931123
TRL0109157,1759252
TRL0109157,2505085
ERR4797836,497491
ERR4797836,797736
ERR4797836,931123
ERR4797836,1759252
ERR4797836,2505085
ERR4797836,4248115
ERR4830324,615938
ERR4830324,931123
ERR4830324,1759252
ERR4830324,3021283
ERR4830324,3216553
ERR4830324,4404247
02R1210,62657
02R1210,107794
02R1210,891756
02R1210,1759252
ERR2510294,931123
ERR2510294,1759252
ERR2510294,3273107
ERR4797551,497491
ERR4797551,797736
ERR4797551,931123
ERR4797551,1759252
ERR4797551,2505085
ERR5917737,62657
ERR5917737,107794
ERR5917737,891756
ERR5917737,1759252
ERR2510566,931123
ERR2510566,1759252
ERR2510566,3273107
ERR4797621,497491
ERR4797621,797736
ERR4797621,931123
ERR4797621,1759252
ERR4797621,2505085
ERR4831520,931123
ERR4831520,1084911
ERR4831520,1759252
ERR4831520,3273107
ERR4796419,615938
ERR4796419,931123
ERR4796419,1759252
ERR4796419,3470377
ERR4811775,497491
ERR4811775,797736
ERR4811775,931123
ERR4811775,1759252
ERR4811775,2505085
ERR4797042,931123
ERR4797042,1759252
ERR4797042,3273107
ERR4797042,3722702
ERR3287826,62657
ERR3287826,514245
ERR3287826,1759252
ERR3287826,4229087
ERR4809069,355181
ERR4809069,1759252
ERR4809069,4151558
ERR4809069,4307886
ERR4811786,62657
ERR4811786,107794
ERR4811786,891756
ERR4811786,1759252
Peru4456,403364
Peru4456,764995
Peru4456,1759252
C368,62657
C368,514245
C368,1759252
C368,1850119
GH00350830,764995
GH00350830,1759252
GH00350830,3388166
GH00350830,4316114
ERR5917709,497491
ERR5917709,797736
ERR5917709,931123
ERR5917709,1759252
ERR5917709,2505085
ERR4796806,931123
ERR4796806,1759252
ERR4796806,3273107
Peru3292,62657
Peru3292,107794
Peru3292,891756
Peru3292,1759252
ERR4831444,497491
ERR4831444,797736
ERR4831444,931123
ERR4831444,1759252
ERR4831444,2505085
ERR4831444,4248115
ERR4830161,497491
ERR4830161,797736
ERR4830161,931123
ERR4830161,1759252
ERR4830161,2505085
ERR2510527,1487796
ERR2510527,1759252
ERR2510527,2411730
ERR4830779,931123
ERR4830779,1759252
ERR4830779,3273107
ERR4797225,931123
ERR4797225,1759252
ERR4797225,3273107
ERR2510618,931123
ERR2510618,1759252
ERR2510618,3273107
Peru4994,403364
Peru4994,764995
Peru4994,1759252
C425,497491
C425,797736
C425,931123
C425,1759252
C425,2505085
ERR2184389,403364
ERR2184389,764995
ERR2184389,1759252
ERR2510388,931123
ERR2510388,1759252
ERR2510388,3273107
ERR4809270,355181
ERR4809270,1759252
ERR4809270,4151558
ERR4809270,4307886
ERR4822531,62657
ERR4822531,107794
ERR4822531,891756
ERR4822531,1759252
ERR4811341,1759252
ERR4811341,4246508
ERR4811341,4307886
ERR4812721,403364
ERR4812721,764995
ERR4812721,1759252
Peru4124,497491
Peru4124,797736
Peru4124,931123
Peru4124,1759252
Peru4124,2505085
C309,1759252
ERR2184255,497491
ERR2184255,797736
ERR2184255,931123
ERR2184255,1759252
ERR2184255,2505085
ERR4811177,1719757
ERR4811177,1759252
C334,497491
C334,797736
C334,931123
C334,1759252
C334,2505085
C334,4248115
ERR4831198,62657
ERR4831198,891756
ERR4831198,1759252
ERR4797380,497491
ERR4797380,797736
ERR4797380,931123
ERR4797380,1759252
ERR4797380,2505085
Peru5143,497491
Peru5143,797736
Peru5143,931123
Peru5143,1759252
Peru5143,2505085
ERR4829024,764995
ERR4829024,1759252
ERR4829024,3977226
ERR4829024,4398141
ERR2510377,931123
ERR2510377,1759252
ERR2510377,3273107
ERR4829980,62657
ERR4829980,1759252
ERR4830095,497491
ERR4830095,797736
ERR4830095,931123
ERR4830095,1759252
ERR4830095,2505085
ERR4797667,615938
ERR4797667,931123
ERR4797667,1491275
ERR4797667,1759252
ERR4797667,4404247
ERR4813784,403364
ERR4813784,764995
ERR4813784,1759252
Peru4680,403364
Peru4680,764995
Peru4680,1759252
ERR4828255,1759252
ERR4828255,4246508
ERR4828255,4307886
20983,62657
20983,514245
20983,1759252
20983,4229087
ERR4811916,403364
ERR4811916,764995
ERR4811916,1759252
GA063-223,403364
GA063-223,764995
GA063-223,1759252
ERR4797227,497491
ERR4797227,797736
ERR4797227,931123
ERR4797227,1759252
ERR4797227,2505085
ERR4830578,497491
ERR4830578,797736
ERR4830578,931123
ERR4830578,1759252
ERR4830578,2505085
TDR228S200L002,497491
TDR228S200L002,797736
TDR228S200L002,931123
TDR228S200L002,1759252
TDR228S200L002,2505085
TRL0116131,355181
TRL0116131,1759252
TRL0116131,4151558
TRL0116131,4307886
C323,403364
C323,764995
C323,1759252
ERR2510861,931123
ERR2510861,1759252
ERR2510861,3273107
ERR4809064,497491
ERR4809064,797736
ERR4809064,931123
ERR4809064,1759252
ERR4809064,2505085
ERR4809064,4248115
KOR-K2016-0127,497491
KOR-K2016-0127,797736
KOR-K2016-0127,931123
KOR-K2016-0127,1759252
KOR-K2016-0127,2505085
Peru5442,403364
Peru5442,764995
Peru5442,1759252
C184,497491
C184,797736
C184,931123
C184,1759252
C184,2505085
ERR4809006,497491
ERR4809006,797736
ERR4809006,931123
ERR4809006,1759252
ERR4809006,2505085
1836,931123
1836,1759252
1836,3273107
ERR2184668,62657
ERR2184668,107794
ERR2184668,891756
ERR2184668,1759252
UJ00125495,346693
UJ00125495,497491
UJ00125495,931123
UJ00125495,1759252
UJ00125495,2505085
ERR4813404,764995
ERR4813404,1759252
ERR4813404,4316114
Peru4606,497491
Peru4606,797736
Peru4606,931123
Peru4606,1759252
Peru4606,2505085
EC090-209,764995
EC090-209,1759252
EC090-209,3977226
EC090-209,4398141
ERR4796505,931123
ERR4796505,1759252
ERR4796505,1882180
ERR4796505,2831482
Peru5435,764995
Peru5435,1759252
Peru5435,3977226
Peru5435,4398141
ERR4810628,1759252
ERR4810628,4246508
ERR4810628,4307886
ERR4828304,497491
ERR4828304,797736
ERR4828304,931123
ERR4828304,1759252
ERR4828304,2505085
ERR4831479,497491
ERR4831479,797736
ERR4831479,931123
ERR4831479,1759252
ERR4831479,2505085
ERR3287783,497491
ERR3287783,797736
ERR3287783,931123
ERR3287783,1759252
ERR3287783,2505085
ERR2184290,62657
ERR2184290,107794
ERR2184290,891756
ERR2184290,1759252
ERR4809079,346693
ERR4809079,497491
ERR4809079,931123
ERR4809079,1759252
ERR4809079,2505085
ERR4822421,62657
ERR4822421,107794
ERR4822421,891756
ERR4822421,1759252
ERR4811766,403364
ERR4811766,764995
ERR4811766,1759252
ERR4810891,497491
ERR4810891,797736
ERR4810891,931123
ERR4810891,1759252
ERR4810891,2505085
ERR4831928,1719757
ERR4831928,1759252
ERR4810609,1759252
ERR4822581,783601
ERR4822581,1759252
ERR4822581,2411730
ERR2510416,615938
ERR2510416,931123
ERR2510416,1759252
ERR2510416,2622402
ERR2510416,4404247
ERR4831019,497491
ERR4831019,797736
ERR4831019,931123
ERR4831019,1759252
ERR4831019,2505085
M0016355-1,62657
M0016355-1,514245
M0016355-1,1759252
ERR4796319,615938
ERR4796319,931123
ERR4796319,1759252
ERR4796319,3470377
NLA000301652,497491
NLA000301652,797736
NLA000301652,931123
NLA000301652,1759252
NLA000301652,2505085
NLA000301652,4248115
ERR4828407,497491
ERR4828407,797736
ERR4828407,931123
ERR4828407,1759252
ERR4828407,2505085
SAMN02398703,346693
SAMN02398703,497491
SAMN02398703,931123
SAMN02398703,1759252
SAMN02398703,2505085
ERR4813033,764995
ERR4813033,1759252
ERR4809050,497491
ERR4809050,797736
ERR4809050,931123
ERR4809050,1759252
ERR4809050,2505085
ERR4812365,403364
ERR4812365,764995
ERR4812365,1759252
M0022470-0,764995
M0022470-0,1759252
M0022470-0,4316114
ERR4830171,497491
ERR4830171,797736
ERR4830171,931123
ERR4830171,1759252
ERR4830171,2505085
JPN-R2014-0110,1719757
JPN-R2014-0110,1759252
ERR2510456,931123
ERR2510456,1759252
ERR2510456,3273107
TDR104S82L002,1719757
TDR104S82L002,1759252
ERR2184603,62657
ERR2184603,107794
ERR2184603,891756
ERR2184603,1759252
TDR46S159L002,403364
TDR46S159L002,764995
TDR46S159L002,1759252
ERR4831764,497491
ERR4831764,797736
ERR4831764,931123
ERR4831764,1759252
ERR4831764,2505085
ERR4828746,497491
ERR4828746,797736
ERR4828746,931123
ERR4828746,1759252
ERR4828746,2505085
ERR3287733,403364
ERR3287733,764995
ERR3287733,1759252
ERR4812142,1759252
ERR4812142,4249732
ERR4797298,615938
ERR4797298,931123
ERR4797298,1759252
ERR4797298,3470377
ERR5918049,497491
ERR5918049,797736
ERR5918049,931123
ERR5918049,1759252
ERR5918049,2505085
ERR5918049,4248115
ERR2184476,764995
ERR2184476,1759252
ERR2184476,4316114
ERR4813108,497491
ERR4813108,797736
ERR4813108,931123
ERR4813108,1759252
ERR4813108,2505085
ERR4831600,497491
ERR4831600,797736
ERR4831600,931123
ERR4831600,1759252
ERR4831600,2505085
ERR4830360,931123
ERR4830360,1759252
ERR4830360,3216553
ERR4831071,931123
ERR4831071,1759252
ERR4831071,3273107
C170,346693
C170,497491
C170,931123
C170,1759252
C170,2505085
TRL0115027,355181
TRL0115027,1759252
TRL0115027,4151558
TRL0115027,4307886
ERR3287464,403364
ERR3287464,764995
ERR3287464,1759252
ERR4812482,764995
ERR4812482,1132368
ERR4812482,1759252
ERR4812482,3977226
ERR4828932,1759252
ERR4828932,4249732
03R0871,403364
03R0871,764995
03R0871,1759252
Peru3275,764995
Peru3275,1759252
Peru3275,4316114
ERR4797618,931123
ERR4797618,1759252
ERR4797618,3273107
C192,497491
C192,797736
C192,931123
C192,1759252
C192,2505085
SAMEA3558157,764995
SAMEA3558157,1759252
SAMEA3558157,4398141
Peru4686,764995
Peru4686,1132368
Peru4686,1759252
Peru4686,3977226
ERR4830711,403364
ERR4830711,764995
ERR4830711,1759252
ERR2184573,497491
ERR2184573,797736
ERR2184573,931123
ERR2184573,1759252
ERR2184573,2505085
ERR4810941,497491
ERR4810941,797736
ERR4810941,931123
ERR4810941,1759252
ERR4810941,2505085
C236,497491
C236,797736
C236,931123
C236,1759252
C236,2505085
C236,4248115
DH00695092,62657
DH00695092,107794
DH00695092,891756
DH00695092,1759252
ERR3287666,764995
ERR3287666,1132368
ERR3287666,1759252
ERR3287666,3977226
Peru4981,107794
Peru4981,891756
Peru4981,1759252
ERR4796920,931123
ERR4796920,1759252
ERR4796920,3273107
ERR4811502,497491
ERR4811502,797736
ERR4811502,931123
ERR4811502,1759252
ERR4811502,2505085
ERR4828482,497491
ERR4828482,797736
ERR4828482,931123
ERR4828482,1759252
ERR4828482,2505085
ERR4829466,62657
ERR4829466,107794
ERR4829466,891756
ERR4829466,1759252
ERR4829190,1759252
ERR4829190,3466426
ERR4810733,1719757
ERR4810733,1759252
ERR4811785,497491
ERR4811785,797736
ERR4811785,931123
ERR4811785,1759252
ERR4811785,2505085
Peru3302,62657
Peru3302,107794
Peru3302,891756
Peru3302,1759252
ERR3287712,62657
ERR3287712,514245
ERR3287712,1759252
ERR2184486,62657
ERR2184486,107794
ERR2184486,891756
ERR2184486,1759252
ERR4811477,1759252
ERR4811477,4246508
ERR4811477,4307886
ERR4813855,403364
ERR4813855,764995
ERR4813855,1759252
ERR4813247,497491
ERR4813247,797736
ERR4813247,931123
ERR4813247,1759252
ERR4813247,2505085
ERR4812172,764995
ERR4812172,1132368
ERR4812172,1759252
ERR4812172,3977226
ERR5917740,497491
ERR5917740,797736
ERR5917740,931123
ERR5917740,1759252
ERR5917740,2505085
ERR4813172,62657
ERR4813172,107794
ERR4813172,891756
ERR4813172,1759252
ERR4828428,615938
ERR4828428,931123
ERR4828428,1759252
ERR4828428,3479545
SAMN02360572,346693
SAMN02360572,497491
SAMN02360572,931123
SAMN02360572,1759252
SAMN02360572,2505085
ERR4812951,764995
ERR4812951,1759252
ERR4812951,3977226
ERR4812951,4398141
03R0058,497491
03R0058,797736
03R0058,931123
03R0058,1759252
03R0058,2505085
ERR4811525,497491
ERR4811525,797736
ERR4811525,931123
ERR4811525,1759252
ERR4811525,2505085
ERR2510648,931123
ERR2510648,1759252
ERR2510648,3273107
ERR4797705,497491
ERR4797705,797736
ERR4797705,931123
ERR4797705,1759252
ERR4797705,2505085
Peru4040,62657
Peru4040,107794
Peru4040,891756
Peru4040,1759252
ERR4829366,1759252
ERR4829366,4249732
ERR4808870,497491
ERR4808870,797736
ERR4808870,931123
ERR4808870,1759252
ERR4808870,2505085
ERR4808870,4248115
ERR2184441,62657
ERR2184441,514245
ERR2184441,1759252
Peru3002,62657
Peru3002,107794
Peru3002,891756
Peru3002,1759252
TRL0116084,497491
TRL0116084,797736
TRL0116084,931123
TRL0116084,1759252
TRL0116084,2505085
ERR4828233,497491
ERR4828233,797736
ERR4828233,931123
ERR4828233,1759252
ERR4828233,2505085
ERR4811994,764995
ERR4811994,1759252
ERR4811994,4316114
ERR4811442,1759252
ERR4811442,2875883
ERR4811442,3466426
ERR4811442,4125058
ERR2510528,497491
ERR2510528,797736
ERR2510528,931123
ERR2510528,1759252
ERR2510528,2505085
ERR4822391,497491
ERR4822391,797736
ERR4822391,931123
ERR4822391,1759252
ERR4822391,2505085
ERR4822595,497491
ERR4822595,797736
ERR4822595,931123
ERR4822595,1759252
ERR4822595,2505085
ERR4811340,1487796
ERR4811340,1759252
ERR4811340,2411730
ERR4810649,497491
ERR4810649,797736
ERR4810649,931123
ERR4810649,1759252
ERR4810649,2505085
Peru4461,764995
Peru4461,1132368
Peru4461,1759252
Peru4461,3977226
ERR4809041,497491
ERR4809041,797736
ERR4809041,931123
ERR4809041,1759252
ERR4809041,2505085
ERR4812402,62657
ERR4812402,514245
ERR4812402,1759252
ERR4812402,1850119
Peru2980,62657
Peru2980,514245
Peru2980,1759252
ERR4812890,403364
ERR4812890,764995
ERR4812890,1759252
ERR4797645,615938
ERR4797645,931123
ERR4797645,1759252
ERR4797645,3470377
ERR4797163,497491
ERR4797163,797736
ERR4797163,931123
ERR4797163,1759252
ERR4797163,2505085
ERR4796930,497491
ERR4796930,797736
ERR4796930,931123
ERR4796930,1759252
ERR4796930,2505085
ERR4828267,497491
ERR4828267,797736
ERR4828267,931123
ERR4828267,1759252
ERR4828267,2505085
ERR4810838,1719757
ERR4810838,1759252
PK00685617,615938
PK00685617,931123
PK00685617,1759252
PK00685617,3470377
ERR4808879,497491
ERR4808879,797736
ERR4808879,931123
ERR4808879,1759252
ERR4808879,2505085
ERR4808879,4248115
Peru3404,403364
Peru3404,764995
Peru3404,1759252
ERR4808945,497491
ERR4808945,797736
ERR4808945,931123
ERR4808945,1759252
ERR4808945,2505085
ERR3287626,497491
ERR3287626,797736
ERR3287626,931123
ERR3287626,1759252
ERR3287626,2505085
ERR4812560,764995
ERR4812560,1759252
ERR4812560,4316114
ERR4809340,497491
ERR4809340,797736
ERR4809340,931123
ERR4809340,1759252
ERR4809340,2505085
ERR4830833,1759252
ERR4830833,2411730
Peru4106,403364
Peru4106,764995
Peru4106,1759252
ERR4831124,355181
ERR4831124,1759252
ERR4831124,4151558
ERR4831124,4307886
ERR4829702,62657
ERR4829702,107794
ERR4829702,891756
ERR4829702,1759252
ERR4830703,615938
ERR4830703,931123
ERR4830703,1759252
ERR4830703,2622402
ERR4830703,4404247
ERR4811043,497491
ERR4811043,797736
ERR4811043,931123
ERR4811043,1759252
ERR4811043,2505085
ERR4812193,62657
ERR4812193,514245
ERR4812193,1759252
ERR4812193,1850119
ERR4813231,62657
ERR4813231,514245
ERR4813231,1759252
ERR4812148,764995
ERR4812148,1759252
ERR4812148,4316114
ERR4796676,931123
ERR4796676,1759252
ERR4796676,3273107
ERR4797521,497491
ERR4797521,797736
ERR4797521,931123
ERR4797521,1759252
ERR4797521,2505085
ERR4797204,355181
ERR4797204,1759252
ERR4797204,4151558
ERR4797204,4307886
ERR4831089,931123
ERR4831089,1759252
ERR4831089,3273107
ERR2510551,931123
ERR2510551,1759252
ERR2510551,3273107
ERR4813924,62657
ERR4813924,107794
ERR4813924,891756
ERR4813924,1759252
IDR1700019630,615938
IDR1700019630,931123
IDR1700019630,1759252
IDR1700019630,3479545
M0015115-0,764995
M0015115-0,1132368
M0015115-0,1759252
M0015115-0,3977226
ERR4831731,615938
ERR4831731,931123
ERR4831731,1759252
ERR4831731,3021283
ERR4831731,3216553
ERR4831731,4404247
ERR4797251,931123
ERR4797251,1759252
ERR4797251,3273107
ERR4831216,62657
ERR4831216,107794
ERR4831216,891756
ERR4831216,1759252
ERR2510530,931123
ERR2510530,1759252
ERR2510530,3273107
ERR2510443,497491
ERR2510443,797736
ERR2510443,931123
ERR2510443,1759252
ERR2510443,2505085
SAMN02360589,497491
SAMN02360589,797736
SAMN02360589,931123
SAMN02360589,1759252
SAMN02360589,2505085
ERR4830084,1759252
ERR4830084,3836739
ERR5917993,62657
ERR5917993,514245
ERR5917993,1759252
ERR5917993,1850119
NLA000500538,497491
NLA000500538,797736
NLA000500538,931123
NLA000500538,1759252
NLA000500538,2505085
Peru3316,403364
Peru3316,764995
Peru3316,1759252
ERR4829002,1759252
ERR4829002,3836739
TRL0072847,497491
TRL0072847,797736
TRL0072847,931123
TRL0072847,1759252
TRL0072847,2505085
Peru5099,764995
Peru5099,1759252
Peru5099,4316114
ERR3287844,62657
ERR3287844,514245
ERR3287844,1759252
ERR3287844,4229087
ERR4828610,615938
ERR4828610,931123
ERR4828610,1759252
ERR4828610,3021283
ERR4828610,3216553
ERR4828610,4404247
ERR4796618,1487796
ERR4796618,1759252
ERR4796618,2411730
ERR4829471,62657
ERR4829471,107794
ERR4829471,891756
ERR4829471,1759252
ERR4828852,403364
ERR4828852,764995
ERR4828852,1759252
03R1373,62657
03R1373,514245
03R1373,1759252
03R1373,4229087
ERR4813925,497491
ERR4813925,797736
ERR4813925,931123
ERR4813925,1759252
ERR4813925,2505085
ERR4828425,615938
ERR4828425,931123
ERR4828425,1759252
ERR4828425,3021283
ERR4828425,3216553
ERR4828425,4404247
ERR4813978,764995
ERR4813978,1759252
ERR4813978,3977226
ERR4813978,4398141
Peru4066,62657
Peru4066,107794
Peru4066,891756
Peru4066,1759252
ERR4797299,62657
ERR4797299,514245
ERR4797299,1759252
ERR4797299,1850119
ERR4830480,1759252
ERR4830480,3836739
ERR4809015,615938
ERR4809015,931123
ERR4809015,1491275
ERR4809015,1759252
ERR4809015,4404247
ERR4811656,497491
ERR4811656,797736
ERR4811656,931123
ERR4811656,1759252
ERR4811656,2505085
ERR4828321,615938
ERR4828321,931123
ERR4828321,1759252
ERR4828321,3021283
ERR4828321,3216553
ERR4828321,4404247
KOR-K2016-0062,346693
KOR-K2016-0062,497491
KOR-K2016-0062,931123
KOR-K2016-0062,1759252
KOR-K2016-0062,2505085
ERR4797113,497491
ERR4797113,797736
ERR4797113,931123
ERR4797113,1759252
ERR4797113,2505085
ERR2184432,1759252
ERR2184432,3836739
KOR-K2016-0168,497491
KOR-K2016-0168,797736
KOR-K2016-0168,931123
KOR-K2016-0168,1759252
KOR-K2016-0168,2505085
Peru3414,403364
Peru3414,764995
Peru3414,1759252
ERR2184294,62657
ERR2184294,107794
ERR2184294,891756
ERR2184294,1759252
ERR4810856,1759252
ERR4810856,4246508
ERR4810856,4307886
ERR4822293,1455780
ERR4822293,1487796
ERR4822293,1759252
ERR4822293,2411730
Peru4579,62657
Peru4579,891756
Peru4579,1759252
ERR4831851,497491
ERR4831851,797736
ERR4831851,931123
ERR4831851,1759252
ERR4831851,2505085
Peru2946,62657
Peru2946,107794
Peru2946,891756
Peru2946,1759252
SAMEA3558141,931123
SAMEA3558141,1759252
SAMEA3558141,3273107
ERR3287322,62657
ERR3287322,107794
ERR3287322,891756
ERR3287322,1759252
ERR4831028,497491
ERR4831028,797736
ERR4831028,931123
ERR4831028,1759252
ERR4831028,2505085
ERR4811295,497491
ERR4811295,797736
ERR4811295,931123
ERR4811295,1759252
ERR4811295,2505085
TDR62S212L002,355181
TDR62S212L002,1759252
TDR62S212L002,4151558
TDR62S212L002,4307886
ERR4797039,497491
ERR4797039,797736
ERR4797039,931123
ERR4797039,1759252
ERR4797039,2505085
ERR4814118,62657
ERR4814118,107794
ERR4814118,891756
ERR4814118,1759252
ERR4829870,355181
ERR4829870,1759252
ERR4829870,4151558
ERR4829870,4307886
ERR2510693,497491
ERR2510693,797736
ERR2510693,931123
ERR2510693,1759252
ERR2510693,2505085
ERR4812700,62657
ERR4812700,107794
ERR4812700,891756
ERR4812700,1759252
ERR4813055,764995
ERR4813055,1759252
Peru4910,1759252
Peru4910,4151558
Peru4910,4307886
ERR4796398,497491
ERR4796398,797736
ERR4796398,931123
ERR4796398,1759252
ERR4796398,2505085
ERR4796398,4248115
ERR4830617,497491
ERR4830617,797736
ERR4830617,931123
ERR4830617,1759252
ERR4830617,2505085
ERR4796384,403364
ERR4796384,764995
ERR4796384,1759252
ERR3287723,403364
ERR3287723,764995
ERR3287723,1759252
ERR4813080,497491
ERR4813080,797736
ERR4813080,931123
ERR4813080,1759252
ERR4813080,2505085
GA359-450,403364
GA359-450,764995
GA359-450,1759252
ERR4812517,403364
ERR4812517,764995
ERR4812517,1759252
KOR-K2016-0029,1719757
KOR-K2016-0029,1759252
MNG-S2014-0043,497491
MNG-S2014-0043,797736
MNG-S2014-0043,931123
MNG-S2014-0043,1759252
MNG-S2014-0043,2505085
Peru3306,403364
Peru3306,764995
Peru3306,1759252
GA012-49,615938
GA012-49,931123
GA012-49,1759252
GA012-49,3470377
02R1114,764995
02R1114,1759252
02R1114,4316114
ERR2184594,497491
ERR2184594,797736
ERR2184594,931123
ERR2184594,1759252
ERR2184594,2505085
ERR4811243,346693
ERR4811243,497491
ERR4811243,931123
ERR4811243,1759252
ERR4811243,2505085
ERR4812488,62657
ERR4812488,107794
ERR4812488,891756
ERR4812488,1759252
ERR4796367,931123
ERR4796367,1759252
ERR4796367,3273107
ERR4797543,931123
ERR4797543,1759252
ERR4797543,3273107
IDR1800031195,931123
IDR1800031195,1759252
IDR1800031195,3273107
ERR4831831,497491
ERR4831831,797736
ERR4831831,931123
ERR4831831,1759252
ERR4831831,2505085
ERR4831831,4248115
ERR4810864,1759252
ERR4810864,4246508
ERR4810864,4307886
ERR4830407,497491
ERR4830407,797736
ERR4830407,931123
ERR4830407,1759252
ERR4830407,2505085
ERR4797395,497491
ERR4797395,797736
ERR4797395,931123
ERR4797395,1759252
ERR4797395,2505085
ERR4797395,4248115
ERR4812208,62657
ERR4812208,107794
ERR4812208,891756
ERR4812208,1759252
ERR4796391,62657
ERR4796391,514245
ERR4796391,1759252
ERR4796391,1850119
Peru3380,403364
Peru3380,764995
Peru3380,1759252
ERR4830025,497491
ERR4830025,797736
ERR4830025,931123
ERR4830025,1759252
ERR4830025,2505085
ERR4814030,62657
ERR4814030,107794
ERR4814030,891756
ERR4814030,1759252
GA016-52,1759252
GA016-52,4246508
GA016-52,4307886
KD00109931,497491
KD00109931,797736
KD00109931,931123
KD00109931,1759252
KD00109931,2505085
ERR4829439,355181
ERR4829439,1759252
ERR4829439,4151558
ERR4829439,4307886
ERR4828193,497491
ERR4828193,797736
ERR4828193,931123
ERR4828193,1759252
ERR4828193,2505085
ERR4828193,4248115
ERR4813213,62657
ERR4813213,514245
ERR4813213,1759252
ERR4813213,4229087
M0021686-2,615938
M0021686-2,931123
M0021686-2,1759252
M0021686-2,3479545
C344,764995
C344,1759252
C344,4316114
ERR4830293,497491
ERR4830293,797736
ERR4830293,931123
ERR4830293,1759252
ERR4830293,2505085
IDR1800010867,497491
IDR1800010867,797736
IDR1800010867,931123
IDR1800010867,1759252
IDR1800010867,2505085
IDR1800010867,3836274
ERR4797636,931123
ERR4797636,1759252
ERR4797636,3273107
ERR4810502,1719757
ERR4810502,1759252
ERR2510444,1719757
ERR2510444,1759252
ERR4797192,1759252
ERR3287629,403364
ERR3287629,764995
ERR3287629,1759252
KOR-K2016-0231,346693
KOR-K2016-0231,497491
KOR-K2016-0231,931123
KOR-K2016-0231,1759252
KOR-K2016-0231,2505085
ERR4830637,497491
ERR4830637,797736
ERR4830637,931123
ERR4830637,1759252
ERR4830637,2505085
ERR4797703,931123
ERR4797703,1759252
ERR4797703,3273107
ERR4831494,931123
ERR4831494,1759252
ERR4831494,3273107
ERR4796484,615938
ERR4796484,931123
ERR4796484,1759252
ERR4796484,3470377
ERR4828578,615938
ERR4828578,931123
ERR4828578,1759252
ERR4828578,3021283
ERR4828578,3216553
ERR4828578,4404247
ERR4812379,62657
ERR4812379,107794
ERR4812379,891756
ERR4812379,1759252
ERR4812600,62657
ERR4812600,107794
ERR4812600,891756
ERR4812600,1759252
ERR4831330,497491
ERR4831330,797736
ERR4831330,931123
ERR4831330,1759252
ERR4831330,2505085
ERR4830841,615938
ERR4830841,931123
ERR4830841,1759252
ERR4830841,2622402
ERR4830841,4404247
Peru3056,1759252
NLA000001768,403364
NLA000001768,764995
NLA000001768,1759252
ERR4830953,497491
ERR4830953,797736
ERR4830953,931123
ERR4830953,1759252
ERR4830953,2505085
ERR4808916,764995
ERR4808916,1759252
ERR4808916,3388166
ERR4808916,4316114
03R0878,497491
03R0878,797736
03R0878,931123
03R0878,1759252
03R0878,2505085
ERR3287609,764995
ERR3287609,1132368
ERR3287609,1759252
ERR3287609,3977226
ERR4811984,62657
ERR4811984,514245
ERR4811984,1759252
ERR4811984,4229087
ERR4813271,62657
ERR4813271,107794
ERR4813271,891756
ERR4813271,1759252
ERR4830279,497491
ERR4830279,797736
ERR4830279,931123
ERR4830279,1759252
ERR4830279,2505085
ERR4812452,403364
ERR4812452,764995
ERR4812452,1759252
ERR4796456,497491
ERR4796456,797736
ERR4796456,931123
ERR4796456,1759252
ERR4796456,2505085
ERR4829858,931123
ERR4829858,1759252
ERR4829858,3273107
ERR4813083,403364
ERR4813083,764995
ERR4813083,1759252
ERR4797216,931123
ERR4797216,1237818
ERR4797216,1759252
ERR4797216,3273107
ERR4797216,3722702
JPN-R2012-0009,346693
JPN-R2012-0009,497491
JPN-R2012-0009,931123
JPN-R2012-0009,1759252
JPN-R2012-0009,2505085
Peru3430,497491
Peru3430,797736
Peru3430,931123
Peru3430,1759252
Peru3430,2505085
ERR4830945,931123
ERR4830945,1759252
ERR4830945,3273107
ERR4813058,62657
ERR4813058,107794
ERR4813058,891756
ERR4813058,1759252
ERR4830596,497491
ERR4830596,797736
ERR4830596,931123
ERR4830596,1759252
ERR4830596,2505085
ERR4828534,615938
ERR4828534,931123
ERR4828534,1759252
ERR4828534,3021283
ERR4828534,3216553
ERR4828534,4404247
M0006043-5,62657
M0006043-5,514245
M0006043-5,1759252
ERR4831622,497491
ERR4831622,797736
ERR4831622,931123
ERR4831622,1759252
ERR4831622,2505085
ERR4809101,62657
ERR4809101,514245
ERR4809101,1759252
ERR4809101,4229087
M0018060-5,403364
M0018060-5,764995
M0018060-5,1759252
ERR4812609,355181
ERR4812609,1759252
ERR4812609,4151558
ERR4812609,4307886
ERR4812740,62657
ERR4812740,1759252
ERR4810978,346693
ERR4810978,497491
ERR4810978,931123
ERR4810978,1759252
ERR4810978,2505085
ERR4822475,1759252
ERR4822475,2875883
ERR4822475,3466426
ERR4822475,4125058
ERR2510516,931123
ERR2510516,1759252
ERR2510516,3273107
ERR2510601,931123
ERR2510601,1759252
ERR2510601,3273107
C186,764995
C186,1759252
C186,4316114
ERR4829601,764995
ERR4829601,1132368
ERR4829601,1759252
ERR4829601,3977226
ERR4828154,615938
ERR4828154,931123
ERR4828154,1759252
ERR4828154,3021283
ERR4828154,3216553
ERR4828154,4404247
ERR4812732,764995
ERR4812732,1132368
ERR4812732,1759252
ERR4812732,3977226
TRL0116379,497491
TRL0116379,797736
TRL0116379,931123
TRL0116379,1759252
TRL0116379,2505085
ERR3287386,62657
ERR3287386,107794
ERR3287386,891756
ERR3287386,1759252
ERR4830962,497491
ERR4830962,797736
ERR4830962,931123
ERR4830962,1759252
ERR4830962,2505085
ERR4810690,497491
ERR4810690,797736
ERR4810690,931123
ERR4810690,1759252
ERR4810690,2505085
SAMEA3558152,62657
SAMEA3558152,514245
SAMEA3558152,1759252
SAMEA3558152,1850119
ERR4812399,62657
ERR4812399,107794
ERR4812399,891756
ERR4812399,1759252
ERR4811970,62657
ERR4811970,107794
ERR4811970,891756
ERR4811970,1759252
TRL0114455,497491
TRL0114455,797736
TRL0114455,931123
TRL0114455,1759252
TRL0114455,2505085
SAMEA3558130,1759252
ERR4828175,497491
ERR4828175,797736
ERR4828175,931123
ERR4828175,1759252
ERR4828175,2505085
ERR4831800,497491
ERR4831800,797736
ERR4831800,931123
ERR4831800,1759252
ERR4831800,2505085
ERR4831800,4248115
ERR4810719,497491
ERR4810719,797736
ERR4810719,931123
ERR4810719,1759252
ERR4810719,2505085
TRL0114658,497491
TRL0114658,797736
TRL0114658,931123
TRL0114658,1759252
TRL0114658,2505085
TRL0114833,346693
TRL0114833,497491
TRL0114833,931123
TRL0114833,1759252
TRL0114833,2505085
Peru4005,764995
Peru4005,1759252
Peru4005,4316114
ERR3287643,403364
ERR3287643,764995
ERR3287643,1759252
ERR2510412,931123
ERR2510412,1759252
ERR2510412,3273107
Peru4984,403364
Peru4984,764995
Peru4984,1759252
ERR4828250,615938
ERR4828250,931123
ERR4828250,1759252
ERR4828250,3021283
ERR4828250,3216553
ERR4828250,4404247
MNG-S2014-0194,497491
MNG-S2014-0194,797736
MNG-S2014-0194,931123
MNG-S2014-0194,1759252
MNG-S2014-0194,2505085
ERR4828567,497491
ERR4828567,797736
ERR4828567,931123
ERR4828567,1759252
ERR4828567,2505085
M0011538-7,62657
M0011538-7,107794
M0011538-7,891756
M0011538-7,1759252
ERR3287811,62657
ERR3287811,107794
ERR3287811,891756
ERR3287811,1759252
19-1773-0139,931123
19-1773-0139,1759252
ERR4797205,931123
ERR4797205,1759252
ERR4797205,3273107
ERR3287748,403364
ERR3287748,764995
ERR3287748,1759252
Peru5101,403364
Peru5101,764995
Peru5101,1759252
NLA000201001,1487796
NLA000201001,1759252
NLA000201001,2411730
C382,346693
C382,497491
C382,931123
C382,1759252
C382,2505085
Peru4735,1759252
Peru4735,3836739
ERR4810580,497491
ERR4810580,797736
ERR4810580,931123
ERR4810580,1759252
ERR4810580,2505085
ERR4829528,1759252
ERR4829528,4249732
Peru4545,62657
Peru4545,514245
Peru4545,1759252
Peru4545,4229087
Peru3962,62657
Peru3962,107794
Peru3962,891756
Peru3962,1759252
C423,497491
C423,797736
C423,931123
C423,1759252
C423,2505085
C423,4248115
SAMEA3558197,1759252
ERR2510475,931123
ERR2510475,1759252
ERR2510475,3273107
ERR4830032,497491
ERR4830032,797736
ERR4830032,931123
ERR4830032,1759252
ERR4830032,2505085
Peru4663,1759252
Peru4663,3836739
Peru4080,62657
Peru4080,891756
Peru4080,1759252
ERR4830923,497491
ERR4830923,797736
ERR4830923,931123
ERR4830923,1759252
ERR4830923,2505085
KOR-K2016-0221,497491
KOR-K2016-0221,797736
KOR-K2016-0221,931123
KOR-K2016-0221,1759252
KOR-K2016-0221,2505085
ERR4828761,1719757
ERR4828761,1759252
ERR4796950,497491
ERR4796950,797736
ERR4796950,931123
ERR4796950,1759252
ERR4796950,2505085
ERR4830092,764995
ERR4830092,1759252
ERR4810669,497491
ERR4810669,797736
ERR4810669,931123
ERR4810669,1759252
ERR4810669,2505085
Peru4133,403364
Peru4133,764995
Peru4133,1759252
C156,497491
C156,797736
C156,931123
C156,1759252
C156,2505085
IDR1900025328,931123
IDR1900025328,1759252
IDR1900025328,3273107
ERR4809240,1759252
ERR2510484,931123
ERR2510484,1759252
ERR2510484,3273107
Peru4582,1759252
IDR1800033290,497491
IDR1800033290,797736
IDR1800033290,931123
IDR1800033290,1759252
IDR1800033290,2505085
ERR4822423,931123
ERR4822423,1084911
ERR4822423,1759252
ERR4822423,3273107
ERR4830126,497491
ERR4830126,797736
ERR4830126,931123
ERR4830126,1759252
ERR4830126,2505085
ERR2184330,403364
ERR2184330,764995
ERR2184330,1759252
ERR5917706,62657
ERR5917706,891756
ERR5917706,1759252
ERR4810549,1719757
ERR4810549,1759252
KOR-K2016-0109,497491
KOR-K2016-0109,797736
KOR-K2016-0109,931123
KOR-K2016-0109,1759252
KOR-K2016-0109,2505085
ERR4796263,497491
ERR4796263,797736
ERR4796263,931123
ERR4796263,1759252
ERR4796263,2505085
ERR4828591,497491
ERR4828591,797736
ERR4828591,931123
ERR4828591,1759252
ERR4828591,2505085
ERR4797398,931123
ERR4797398,1759252
ERR4797398,3273107
ERR4797398,3722702
ERR4831775,497491
ERR4831775,797736
ERR4831775,931123
ERR4831775,1759252
ERR4831775,2505085
ERR4831775,4248115
ERR4811403,62657
ERR4811403,107794
ERR4811403,891756
ERR4811403,1759252
ERR4796652,497491
ERR4796652,797736
ERR4796652,931123
ERR4796652,1759252
ERR4796652,2505085
TRL0114792,497491
TRL0114792,797736
TRL0114792,931123
TRL0114792,1759252
TRL0114792,2505085
ERR4828264,497491
ERR4828264,797736
ERR4828264,931123
ERR4828264,1759252
ERR4828264,2505085
ERR4828264,4248115
ERR4797035,1759252
ERR4797035,3836739
ERR4828176,497491
ERR4828176,797736
ERR4828176,931123
ERR4828176,1759252
ERR4828176,2505085
ERR4832011,615938
ERR4832011,931123
ERR4832011,1759252
ERR4832011,3021283
ERR4832011,4404247
ERR4830821,1487796
ERR4830821,1759252
ERR4830821,2411730
ERR4828396,497491
ERR4828396,797736
ERR4828396,931123
ERR4828396,1759252
ERR4828396,2505085
ERR4828380,615938
ERR4828380,931123
ERR4828380,1759252
ERR4828380,3021283
ERR4828380,4404247
ERR4828206,497491
ERR4828206,797736
ERR4828206,931123
ERR4828206,1759252
ERR4828206,2505085
ERR4828206,4248115
ERR4812481,497491
ERR4812481,797736
ERR4812481,931123
ERR4812481,1759252
ERR4812481,2505085
TRL0115412,355181
TRL0115412,1759252
TRL0115412,4151558
TRL0115412,4307886
ERR3287637,62657
ERR3287637,514245
ERR3287637,1759252
ERR3287637,4229087
ERR4830355,931123
ERR4830355,1759252
ERR4830355,3021283
ERR4830355,3216553
ERR4830355,4404247
ERR4813276,497491
ERR4813276,797736
ERR4813276,931123
ERR4813276,1759252
ERR4813276,2505085
ERR4830199,615938
ERR4830199,931123
ERR4830199,1759252
ERR4830199,3021283
ERR4830199,3216553
ERR4830199,4404247
ERR2510452,931123
ERR2510452,1759252
ERR2510452,3273107
ERR4828587,1719757
ERR4828587,1759252
SAMEA3558186,1759252
ERR4829694,1759252
IDR1900020626,764995
IDR1900020626,1759252
ERR4830249,615938
ERR4830249,931123
ERR4830249,1759252
ERR4830249,3021283
ERR4830249,3216553
ERR4830249,4404247
ERR4831191,931123
ERR4831191,1084911
ERR4831191,1759252
ERR4831191,3273107
03R1404,497491
03R1404,797736
03R1404,931123
03R1404,1759252
03R1404,2505085
ERR4829968,931123
ERR4829968,1759252
ERR4829968,3273107
ERR4808894,346693
ERR4808894,497491
ERR4808894,931123
ERR4808894,1759252
ERR4808894,2505085
ERR4810780,497491
ERR4810780,797736
ERR4810780,931123
ERR4810780,1759252
ERR4810780,2505085
Peru3026,62657
Peru3026,514245
Peru3026,1759252
Peru3026,4229087
ERR4808875,346693
ERR4808875,497491
ERR4808875,931123
ERR4808875,1759252
ERR4808875,2505085
ERR4831332,62657
ERR4831332,891756
ERR4831332,1759252
C470,497491
C470,797736
C470,931123
C470,1759252
C470,2505085
ERR4810598,497491
ERR4810598,797736
ERR4810598,931123
ERR4810598,1759252
ERR4810598,2505085
ERR4797650,497491
ERR4797650,797736
ERR4797650,931123
ERR4797650,1759252
ERR4797650,2505085
ERR4797650,4248115
ERR4811710,497491
ERR4811710,797736
ERR4811710,931123
ERR4811710,1759252
ERR4811710,2505085
ERR4811546,497491
ERR4811546,797736
ERR4811546,931123
ERR4811546,1759252
ERR4811546,2505085
ERR4828986,355181
ERR4828986,1759252
ERR4828986,4151558
ERR4828986,4307886
ERR4796480,931123
ERR4796480,1759252
ERR4796480,3273107
FS592-380,62657
FS592-380,514245
FS592-380,1759252
FS592-380,1850119
ERR4828775,1759252
ERR4828775,3836739
ERR4813999,62657
ERR4813999,107794
ERR4813999,891756
ERR4813999,1759252
ERR4830704,355181
ERR4830704,1759252
ERR4830704,4151558
ERR4830704,4307886
ERR4796283,1759252
ERR4796283,2694560
ERR4796283,4151558
ERR4796283,4307886
ERR3287842,62657
ERR3287842,107794
ERR3287842,891756
ERR3287842,1759252
ERR3287413,62657
ERR3287413,107794
ERR3287413,891756
ERR3287413,1759252
ERR4796276,497491
ERR4796276,797736
ERR4796276,931123
ERR4796276,1759252
ERR4796276,2505085
ERR4811717,62657
ERR4811717,107794
ERR4811717,891756
ERR4811717,1759252
KOR-K2016-0137,497491
KOR-K2016-0137,797736
KOR-K2016-0137,931123
KOR-K2016-0137,1759252
KOR-K2016-0137,2505085
1830,1759252
1830,2875883
1830,3466426
1830,4125058
ERR2510663,497491
ERR2510663,797736
ERR2510663,931123
ERR2510663,1759252
ERR2510663,2505085
ERR4831334,403364
ERR4831334,764995
ERR4831334,1759252
ERR4828665,497491
ERR4828665,797736
ERR4828665,931123
ERR4828665,1759252
ERR4828665,2505085
OS00120406,62657
OS00120406,891756
OS00120406,1759252
M0002521-4,62657
M0002521-4,107794
M0002521-4,891756
M0002521-4,1759252
ERR3287736,1759252
ERR3287736,3836739
TDR160S118L002,62657
TDR160S118L002,107794
TDR160S118L002,891756
TDR160S118L002,1759252
ERR4813757,1759252
ERR4813757,3836739
Peru3966,764995
Peru3966,1759252
Peru3966,4316114
ERR4811077,497491
ERR4811077,797736
ERR4811077,931123
ERR4811077,1759252
ERR4811077,2505085
ERR4811567,497491
ERR4811567,797736
ERR4811567,931123
ERR4811567,1759252
ERR4811567,2505085
Peru4050,1759252
Peru4050,4249732
Peru4914,497491
Peru4914,797736
Peru4914,931123
Peru4914,1759252
Peru4914,2505085
ERR4828360,497491
ERR4828360,797736
ERR4828360,931123
ERR4828360,1759252
ERR4828360,2505085
ERR2184496,62657
ERR2184496,107794
ERR2184496,891756
ERR2184496,1759252
ERR4830952,497491
ERR4830952,797736
ERR4830952,931123
ERR4830952,1759252
ERR4830952,2505085
ERR4813788,764995
ERR4813788,1759252
ERR4813788,3977226
ERR4813788,4398141
ERR4797445,497491
ERR4797445,797736
ERR4797445,931123
ERR4797445,1759252
ERR4797445,2505085
ERR4812961,403364
ERR4812961,764995
ERR4812961,1759252
ERR4829013,1759252
ERR4829013,3836739
MNG-S2014-0013,403364
MNG-S2014-0013,764995
MNG-S2014-0013,1759252
ERR4796735,497491
ERR4796735,797736
ERR4796735,931123
ERR4796735,1759252
ERR4796735,2505085
ERR4796735,3836274
ERR4829051,62657
ERR4829051,107794
ERR4829051,891756
ERR4829051,1759252
ERR3287653,62657
ERR3287653,514245
ERR3287653,1759252
ERR4831912,497491
ERR4831912,797736
ERR4831912,931123
ERR4831912,1759252
ERR4831912,2505085
ERR4796395,497491
ERR4796395,797736
ERR4796395,931123
ERR4796395,1759252
ERR4796395,2505085
TDR9S156L002,615938
TDR9S156L002,931123
TDR9S156L002,1759252
TDR9S156L002,2622402
TDR9S156L002,4404247
ERR4813540,62657
ERR4813540,891756
ERR4813540,1759252
ERR3287337,355181
ERR3287337,1759252
ERR3287337,4151558
ERR3287337,4307886
ERR4796266,497491
ERR4796266,797736
ERR4796266,931123
ERR4796266,1759252
ERR4796266,2505085
ERR2510538,783601
ERR2510538,1759252
ERR2510538,2411730
C352,497491
C352,797736
C352,931123
C352,1759252
C352,2505085
C352,4248115
ERR4797586,497491
ERR4797586,797736
ERR4797586,931123
ERR4797586,1759252
ERR4797586,2505085
ERR4812013,1759252
ERR4796612,931123
ERR4796612,1759252
ERR4796612,3273107
ERR4829412,1759252
ERR4829412,3836739
02R1101,62657
02R1101,107794
02R1101,891756
02R1101,1759252
ERR4810953,497491
ERR4810953,797736
ERR4810953,931123
ERR4810953,1759252
ERR4810953,2505085
ERR4831139,62657
ERR4831139,107794
ERR4831139,891756
ERR4831139,1759252
ERR4810465,1487796
ERR4810465,1759252
ERR4810465,2411730
ERR3287467,403364
ERR3287467,764995
ERR3287467,1759252
ERR4830628,497491
ERR4830628,797736
ERR4830628,931123
ERR4830628,1759252
ERR4830628,2505085
IDR1700058075,346693
IDR1700058075,497491
IDR1700058075,931123
IDR1700058075,1759252
IDR1700058075,2505085
ERR4830066,497491
ERR4830066,797736
ERR4830066,931123
ERR4830066,1759252
ERR4830066,2505085
ERR3287817,403364
ERR3287817,764995
ERR3287817,1759252
TRL0113615,764995
TRL0113615,1759252
TRL0113615,3388166
TRL0113615,4316114
ERR4813460,764995
ERR4813460,1759252
ERR4813460,3977226
ERR4813460,4398141
JPN-R2013-0094,497491
JPN-R2013-0094,797736
JPN-R2013-0094,931123
JPN-R2013-0094,1759252
JPN-R2013-0094,2505085
JPN-R2013-0094,4248115
ERR4830964,497491
ERR4830964,797736
ERR4830964,931123
ERR4830964,1759252
ERR4830964,2505085
C219,764995
C219,1759252
C219,3388166
C219,4316114
ERR4812479,497491
ERR4812479,797736
ERR4812479,931123
ERR4812479,1759252
ERR4812479,2505085
ERR4796544,931123
ERR4796544,1759252
ERR4796544,3273107
ERR4829367,497491
ERR4829367,797736
ERR4829367,931123
ERR4829367,1759252
ERR4829367,2505085
SAMEA3558149,931123
SAMEA3558149,1759252
SAMEA3558149,3273107
PF00076589,355181
PF00076589,1759252
PF00076589,4151558
PF00076589,4307886
ERR4811256,497491
ERR4811256,797736
ERR4811256,931123
ERR4811256,1759252
ERR4811256,2505085
Peru4576,764995
Peru4576,1132368
Peru4576,1759252
Peru4576,3977226
TDR201S144L002,403364
TDR201S144L002,764995
TDR201S144L002,1759252
ERR4830177,497491
ERR4830177,797736
ERR4830177,931123
ERR4830177,1759252
ERR4830177,2505085
TRL0115684,764995
TRL0115684,1759252
TRL0115684,3388166
TRL0115684,4316114
ERR4809172,62657
ERR4809172,514245
ERR4809172,1759252
ERR4809172,4229087
JPN-R2012-0040,497491
JPN-R2012-0040,797736
JPN-R2012-0040,931123
JPN-R2012-0040,1759252
JPN-R2012-0040,2505085
ERR4812585,1759252
ERR4812585,3836739
ERR4796883,931123
ERR4796883,1759252
ERR4796883,3273107
ERR4796883,3722702
ERR4809178,764995
ERR4809178,1759252
ERR4809178,3388166
ERR4809178,4316114
ERR4831418,62657
ERR4831418,891756
ERR4831418,1759252
ERR3287396,497491
ERR3287396,797736
ERR3287396,931123
ERR3287396,1759252
ERR3287396,2505085
TDR40S136L002,497491
TDR40S136L002,797736
TDR40S136L002,931123
TDR40S136L002,1759252
TDR40S136L002,2505085
ERR4830560,355181
ERR4830560,1759252
ERR4830560,4151558
ERR4830560,4307886
JD00128975,931123
JD00128975,1084911
JD00128975,1759252
JD00128975,3273107
ERR2184231,62657
ERR2184231,891756
ERR2184231,1759252
ERR4831774,497491
ERR4831774,797736
ERR4831774,931123
ERR4831774,1759252
ERR4831774,2505085
TDR115S91L002,1501468
TDR115S91L002,1759252
TDR115S91L002,3466426
TDR115S91L002,4260268
ERR2184444,62657
ERR2184444,514245
ERR2184444,1759252
ERR4822628,1759252
ERR4822628,3836739
ERR2184399,1759252
ERR2184399,3836739
ERR4812532,764995
ERR4812532,1759252
ERR4812532,4316114
ERR4828951,497491
ERR4828951,797736
ERR4828951,931123
ERR4828951,1759252
ERR4828951,2505085
ERR4828150,497491
ERR4828150,797736
ERR4828150,931123
ERR4828150,1759252
ERR4828150,2505085
ERR4809023,497491
ERR4809023,797736
ERR4809023,931123
ERR4809023,1759252
ERR4809023,2505085
ERR4797525,497491
ERR4797525,797736
ERR4797525,931123
ERR4797525,1759252
ERR4797525,2505085
ERR4829025,1759252
ERR4829025,3836739
Peru3297,62657
Peru3297,107794
Peru3297,891756
Peru3297,1759252
ERR4810689,497491
ERR4810689,797736
ERR4810689,931123
ERR4810689,1759252
ERR4810689,2505085
ERR4830700,403364
ERR4830700,764995
ERR4830700,1759252
1808,62657
1808,107794
1808,891756
1808,1759252
ERR4808999,497491
ERR4808999,797736
ERR4808999,931123
ERR4808999,1759252
ERR4808999,2505085
KOR-K2016-0052,615938
KOR-K2016-0052,931123
KOR-K2016-0052,1759252
KOR-K2016-0052,3479545
ERR4831308,497491
ERR4831308,797736
ERR4831308,931123
ERR4831308,1759252
ERR4831308,2505085
ERR3287339,1759252
ERR3287339,4249732
TRL0078924,346693
TRL0078924,497491
TRL0078924,931123
TRL0078924,1759252
TRL0078924,2505085
ERR4830585,497491
ERR4830585,797736
ERR4830585,931123
ERR4830585,1759252
ERR4830585,2505085
ERR4830574,497491
ERR4830574,797736
ERR4830574,931123
ERR4830574,1759252
ERR4830574,2505085
ERR4810935,1487796
ERR4810935,1759252
ERR4810935,2411730
ERR3287640,62657
ERR3287640,107794
ERR3287640,891756
ERR3287640,1759252
ERR4810914,497491
ERR4810914,797736
ERR4810914,931123
ERR4810914,1759252
ERR4810914,2505085
ERR4830261,497491
ERR4830261,797736
ERR4830261,931123
ERR4830261,1759252
ERR4830261,2505085
ERR4831480,931123
ERR4831480,1759252
ERR4831480,3273107
Peru4692,1759252
Peru4692,3836739
ERR4797393,497491
ERR4797393,797736
ERR4797393,931123
ERR4797393,1759252
ERR4797393,2505085
Peru3352,403364
Peru3352,764995
Peru3352,1759252
02R0793,62657
02R0793,514245
02R0793,1759252
Peru3267,62657
Peru3267,107794
Peru3267,891756
Peru3267,1759252
ERR4830185,1759252
ERR4830185,3836739
Peru5002,62657
Peru5002,107794
Peru5002,891756
Peru5002,1759252
ERR4808921,403364
ERR4808921,764995
ERR4808921,1759252
ERR3287348,62657
ERR3287348,107794
ERR3287348,891756
ERR3287348,1759252
ERR4831834,497491
ERR4831834,797736
ERR4831834,931123
ERR4831834,1759252
ERR4831834,2505085
KOR-K2016-0201,1759252
KOR-K2016-0201,4246508
KOR-K2016-0201,4307886
ERR4797385,615938
ERR4797385,931123
ERR4797385,1759252
ERR4797385,2622402
ERR4797385,4404247
JPN-R2012-0034,497491
JPN-R2012-0034,797736
JPN-R2012-0034,931123
JPN-R2012-0034,1759252
JPN-R2012-0034,2505085
ERR4813393,1759252
ERR4813393,4307886
ERR4796759,615938
ERR4796759,931123
ERR4796759,1759252
ERR4796759,2622402
ERR4796759,4404247
ERR4830157,1759252
ERR4828752,497491
ERR4828752,797736
ERR4828752,931123
ERR4828752,1759252
ERR4828752,2505085
ERR4810683,1759252
ERR4810683,4246508
ERR4810683,4307886
ERR5918090,355181
ERR5918090,1759252
ERR5918090,4151558
ERR5918090,4307886
TRL0114239,62657
TRL0114239,107794
TRL0114239,891756
TRL0114239,1759252
28017,931123
28017,1759252
28017,3273107
C107,497491
C107,797736
C107,931123
C107,1759252
C107,2505085
ERR4811503,1759252
ERR4811503,4246508
ERR4811503,4307886
Peru4979,62657
Peru4979,107794
Peru4979,891756
Peru4979,1759252
ERR4797560,497491
ERR4797560,797736
ERR4797560,931123
ERR4797560,1759252
ERR4797560,2505085
ERR4809011,355181
ERR4809011,1759252
ERR4809011,4151558
ERR4809011,4307886
IDR1700052537,62657
IDR1700052537,514245
IDR1700052537,1759252
IDR1700052537,1850119
ERR3287366,62657
ERR3287366,107794
ERR3287366,891756
ERR3287366,1759252
ERR4811416,1759252
ERR4811416,2875883
ERR4811416,3466426
ERR4811416,4125058
SAMEA3558166,764995
SAMEA3558166,1132368
SAMEA3558166,1759252
SAMEA3558166,3977226
Peru3342,1759252
ERR4830029,497491
ERR4830029,797736
ERR4830029,931123
ERR4830029,1759252
ERR4830029,2505085
Peru4003,497491
Peru4003,797736
Peru4003,931123
Peru4003,1759252
Peru4003,2505085
ERR3287693,764995
ERR3287693,1132368
ERR3287693,1759252
ERR3287693,3977226
ERR2510620,931123
ERR2510620,1759252
ERR2510620,3273107
ERR4829082,62657
ERR4829082,107794
ERR4829082,891756
ERR4829082,1759252
C172,497491
C172,797736
C172,931123
C172,1759252
C172,2505085
ERR2184364,764995
ERR2184364,1759252
ERR2184364,4316114
ERR2184210,764995
ERR2184210,1759252
ERR2184210,4316114
ERR2184587,403364
ERR2184587,764995
ERR2184587,1759252
ERR4829049,1759252
ERR4829049,4249732
ERR4831240,1487796
ERR4831240,1759252
ERR4831240,2411730
ERR4813357,764995
ERR4813357,1759252
ERR3287786,403364
ERR3287786,764995
ERR3287786,1759252
ERR2510300,931123
ERR2510300,1759252
ERR2510300,3273107
1777,1501468
1777,1759252
1777,3466426
1777,4260268
ERR4831414,497491
ERR4831414,797736
ERR4831414,931123
ERR4831414,1759252
ERR4831414,2505085
ERR4812355,62657
ERR4812355,107794
ERR4812355,891756
ERR4812355,1759252
ERR4830078,497491
ERR4830078,797736
ERR4830078,931123
ERR4830078,1759252
ERR4830078,2505085
ERR4813225,62657
ERR4813225,891756
ERR4813225,1759252
ERR4811145,497491
ERR4811145,797736
ERR4811145,931123
ERR4811145,1759252
ERR4811145,2505085
ERR4810926,497491
ERR4810926,797736
ERR4810926,931123
ERR4810926,1759252
ERR4810926,2505085
ERR4813101,403364
ERR4813101,764995
ERR4813101,1759252
TDR154S95L002,1719757
TDR154S95L002,1759252
ERR4809327,403364
ERR4809327,764995
ERR4809327,1759252
ERR2510700,615938
ERR2510700,931123
ERR2510700,1491275
ERR2510700,1759252
ERR2510700,4404247
ERR4809249,62657
ERR4809249,107794
ERR4809249,891756
ERR4809249,1759252
Peru4313,497491
Peru4313,797736
Peru4313,931123
Peru4313,1759252
Peru4313,2505085
ERR4814054,62657
ERR4814054,107794
ERR4814054,891756
ERR4814054,1759252
ERR4809229,764995
ERR4809229,1759252
ERR4809229,3388166
ERR4809229,4316114
ERR2510267,931123
ERR2510267,1759252
ERR2510267,3273107
ERR2510662,931123
ERR2510662,1759252
ERR2510662,3273107
ERR2510662,3722702
ERR3287850,62657
ERR3287850,107794
ERR3287850,891756
ERR3287850,1759252
ERR4829420,62657
ERR4829420,107794
ERR4829420,891756
ERR4829420,1759252
ERR4814023,1759252
ERR4814023,4151558
ERR4814023,4307886
ERR4829152,1759252
ERR4829152,2875883
ERR4829152,3466426
ERR4829152,4125058
ERR4822311,403364
ERR4822311,764995
ERR4822311,1759252
ERR4829092,1487796
ERR4829092,1759252
ERR4829092,2411730
ERR4828220,497491
ERR4828220,797736
ERR4828220,931123
ERR4828220,1759252
ERR4828220,2505085
ERR4808897,346693
ERR4808897,497491
ERR4808897,931123
ERR4808897,1759252
ERR4808897,2505085
ERR4829544,62657
ERR4829544,514245
ERR4829544,1759252
ERR4829544,1850119
ERR3287673,764995
ERR3287673,1759252
ERR3287673,3977226
ERR3287673,4398141
ERR4813079,403364
ERR4813079,764995
ERR4813079,1759252
ERR4810862,1719757
ERR4810862,1759252
ERR4809317,764995
ERR4809317,1759252
ERR4809317,3388166
ERR4809317,4316114
ERR2510321,497491
ERR2510321,797736
ERR2510321,931123
ERR2510321,1759252
ERR2510321,2505085
Peru4728,764995
Peru4728,1132368
Peru4728,1759252
Peru4728,3977226
SAMN02380981,497491
SAMN02380981,797736
SAMN02380981,931123
SAMN02380981,1759252
SAMN02380981,2505085
KOR-K2016-0170,497491
KOR-K2016-0170,797736
KOR-K2016-0170,931123
KOR-K2016-0170,1759252
KOR-K2016-0170,2505085
ERR4812044,1759252
ERR4812044,4249732
ERR4822374,62657
ERR4822374,891756
ERR4822374,1759252
TRL0115152,346693
TRL0115152,497491
TRL0115152,931123
TRL0115152,1759252
TRL0115152,2505085
ERR4829186,764995
ERR4829186,1132368
ERR4829186,1759252
ERR4829186,3977226
ERR4831146,497491
ERR4831146,797736
ERR4831146,931123
ERR4831146,1759252
ERR4831146,2505085
1786,764995
1786,1132368
1786,1502120
1786,1759252
1786,3977226
JPN-R2012-0088,615938
JPN-R2012-0088,931123
JPN-R2012-0088,1759252
JPN-R2012-0088,3479545
ERR4830197,615938
ERR4830197,931123
ERR4830197,1759252
ERR4830197,3021283
ERR4830197,4404247
ERR4810516,346693
ERR4810516,497491
ERR4810516,931123
ERR4810516,1759252
ERR4810516,2505085
ERR4830026,1719757
ERR4830026,1759252
ERR4813102,403364
ERR4813102,764995
ERR4813102,1759252
ERR4809248,403364
ERR4809248,764995
ERR4809248,1759252
ERR4822399,764995
ERR4822399,1132368
ERR4822399,1759252
ERR4822399,3977226
ERR4811691,62657
ERR4811691,514245
ERR4811691,1759252
ERR4828419,497491
ERR4828419,797736
ERR4828419,931123
ERR4828419,1759252
ERR4828419,2505085
ERR4829064,1759252
ERR4829064,2875883
ERR4829064,3466426
ERR4829064,4125058
GA360-451,615938
GA360-451,931123
GA360-451,1759252
GA360-451,3470377
GA322-412,355181
GA322-412,1759252
GA322-412,4151558
GA322-412,4307886
ERR2184468,355181
ERR2184468,1759252
ERR2184468,4151558
ERR2184468,4307886
Peru3309,764995
Peru3309,1132368
Peru3309,1759252
Peru3309,3977226
ERR4812729,62657
ERR4812729,107794
ERR4812729,891756
ERR4812729,1759252
ERR4822366,497491
ERR4822366,797736
ERR4822366,931123
ERR4822366,1759252
ERR4822366,2505085
ERR4810711,497491
ERR4810711,797736
ERR4810711,931123
ERR4810711,1759252
ERR4810711,2505085
00R0223,1759252
00R0223,3836739
ERR2510826,62657
ERR2510826,107794
ERR2510826,891756
ERR2510826,1759252
ERR2184575,497491
ERR2184575,797736
ERR2184575,931123
ERR2184575,1759252
ERR2184575,2505085
ERR3287628,1487796
ERR3287628,1759252
ERR3287628,2411730
ERR4814028,1759252
ERR4814028,3836739
ERR4811744,403364
ERR4811744,764995
ERR4811744,1759252
ERR4812747,764995
ERR4812747,1759252
ERR4797489,497491
ERR4797489,797736
ERR4797489,931123
ERR4797489,1759252
ERR4797489,2505085
ERR4828362,497491
ERR4828362,797736
ERR4828362,931123
ERR4828362,1759252
ERR4828362,2505085
SAMEA3558159,1759252
ERR2510594,931123
ERR2510594,1759252
ERR2510594,3273107
TRL0112827,764995
TRL0112827,1759252
TRL0112827,3388166
TRL0112827,4316114
KOR-K2016-0019,1759252
ERR4813777,1759252
ERR4797831,497491
ERR4797831,797736
ERR4797831,931123
ERR4797831,1759252
ERR4797831,2505085
TDR90S185L002,497491
TDR90S185L002,797736
TDR90S185L002,931123
TDR90S185L002,1759252
TDR90S185L002,2505085
KOR-K2016-0081,346693
KOR-K2016-0081,497491
KOR-K2016-0081,931123
KOR-K2016-0081,1759252
KOR-K2016-0081,2505085
ERR4829565,1759252
ERR4829565,4249732
ERR5918146,355181
ERR5918146,1759252
ERR5918146,4151558
ERR5918146,4307886
GA018-54,403364
GA018-54,764995
GA018-54,1759252
ERR3287625,403364
ERR3287625,764995
ERR3287625,1759252
ERR2184460,403364
ERR2184460,764995
ERR2184460,1759252
ERR4813084,62657
ERR4813084,514245
ERR4813084,1759252
ERR4829488,62657
ERR4829488,107794
ERR4829488,891756
ERR4829488,1759252
ERR4796318,1759252
ERR4796318,3836739
ERR4797268,497491
ERR4797268,797736
ERR4797268,931123
ERR4797268,1759252
ERR4797268,2505085
ERR2184535,62657
ERR2184535,107794
ERR2184535,891756
ERR2184535,1759252
ERR4796791,497491
ERR4796791,797736
ERR4796791,931123
ERR4796791,1759252
ERR4796791,2505085
TDR141S108L002,497491
TDR141S108L002,797736
TDR141S108L002,931123
TDR141S108L002,1759252
TDR141S108L002,2505085
ERR4810673,497491
ERR4810673,797736
ERR4810673,931123
ERR4810673,1759252
ERR4810673,2505085
ERR3287315,62657
ERR3287315,514245
ERR3287315,1759252
ERR4796371,497491
ERR4796371,797736
ERR4796371,931123
ERR4796371,1759252
ERR4796371,2505085
NLA000001969,403364
NLA000001969,764995
NLA000001969,1759252
Peru2977,403364
Peru2977,764995
Peru2977,1759252
ERR4812426,62657
ERR4812426,107794
ERR4812426,891756
ERR4812426,1759252
Peru4713,62657
Peru4713,107794
Peru4713,891756
Peru4713,1759252
JPN-R2012-0055,346693
JPN-R2012-0055,497491
JPN-R2012-0055,931123
JPN-R2012-0055,1759252
JPN-R2012-0055,2505085
OB00115404,764995
OB00115404,1759252
OB00115404,3388166
OB00115404,4316114
ERR4813195,764995
ERR4813195,1132368
ERR4813195,1759252
ERR4813195,3977226
ERR2510483,931123
ERR2510483,1759252
ERR2510483,3273107
03R0795,403364
03R0795,764995
03R0795,1759252
ERR2510385,931123
ERR2510385,1759252
ERR2510385,3273107
ERR4811519,62657
ERR4811519,514245
ERR4811519,1759252
ERR4811519,4229087
ERR4829034,783601
ERR4829034,1759252
ERR4829034,2411730
ERR4809007,346693
ERR4809007,497491
ERR4809007,931123
ERR4809007,1759252
ERR4809007,2505085
Peru4656,62657
Peru4656,107794
Peru4656,891756
Peru4656,1759252
ERR4797763,497491
ERR4797763,797736
ERR4797763,931123
ERR4797763,1759252
ERR4797763,2505085
ERR4797763,4248115
ERR2510501,931123
ERR2510501,1759252
ERR2510501,3273107
Peru4000,62657
Peru4000,107794
Peru4000,891756
Peru4000,1759252
ERR4796385,497491
ERR4796385,797736
ERR4796385,931123
ERR4796385,1759252
ERR4796385,2505085
ERR4811771,62657
ERR4811771,107794
ERR4811771,891756
ERR4811771,1759252
ERR5917741,403364
ERR5917741,764995
ERR5917741,1759252
ERR4812737,764995
ERR4812737,1759252
ERR4812737,4316114
SAMEA3558173,1759252
ERR2510872,403364
ERR2510872,764995
ERR2510872,1759252
ERR4829640,764995
ERR4829640,1132368
ERR4829640,1759252
ERR4829640,3977226
ERR4810797,1719757
ERR4810797,1759252
ERR4812511,62657
ERR4812511,107794
ERR4812511,891756
ERR4812511,1759252
ERR4809242,1759252
ERR4809242,3836739
ERR5917974,62657
ERR5917974,514245
ERR5917974,1759252
ERR5917974,4229087
ERR4810967,1719757
ERR4810967,1759252
ERR4809176,764995
ERR4809176,1759252
ERR4809176,3388166
ERR4809176,4316114
IDR2000166623,764995
IDR2000166623,1759252
IDR2000166623,3977226
IDR2000166623,4398141
ERR4810562,497491
ERR4810562,797736
ERR4810562,931123
ERR4810562,1759252
ERR4810562,2505085
0209397,62657
0209397,107794
0209397,891756
0209397,1759252
ERR4830468,615938
ERR4830468,931123
ERR4830468,1759252
ERR4830468,3021283
ERR4830468,4404247
ERR4829709,1759252
ERR4829709,3836739
ERR4796953,615938
ERR4796953,931123
ERR4796953,1759252
ERR4796953,3470377
ERR2510615,931123
ERR2510615,1759252
ERR2510615,3273107
Peru2953,62657
Peru2953,514245
Peru2953,1759252
ERR4831317,931123
ERR4831317,1759252
ERR4831317,3273107
ERR2184271,1759252
ERR3287384,62657
ERR3287384,107794
ERR3287384,891756
ERR3287384,1759252
KOR-K2016-0108,497491
KOR-K2016-0108,797736
KOR-K2016-0108,931123
KOR-K2016-0108,1759252
KOR-K2016-0108,2505085
ERR3287370,403364
ERR3287370,764995
ERR3287370,1759252
ERR4810626,1719757
ERR4810626,1759252
ERR4796309,615938
ERR4796309,931123
ERR4796309,1759252
ERR4796309,2622402
ERR4796309,4404247
ERR4829066,497491
ERR4829066,797736
ERR4829066,931123
ERR4829066,1759252
ERR4829066,2505085
ERR4797731,931123
ERR4797731,1759252
ERR4797731,3273107
ERR3287326,403364
ERR3287326,764995
ERR3287326,1759252
ERR4813423,403364
ERR4813423,764995
ERR4813423,1759252
ERR5918155,1759252
ERR5918155,3836739
KOR-K2016-0086,1487796
KOR-K2016-0086,1759252
KOR-K2016-0086,2411730
ERR4829915,764995
ERR4829915,1759252
ERR4810661,497491
ERR4810661,797736
ERR4810661,931123
ERR4810661,1759252
ERR4810661,2505085
ERR4813409,764995
ERR4813409,1759252
ERR4813409,3977226
ERR4813409,4398141
ERR4829510,403364
ERR4829510,764995
ERR4829510,1759252
C166,497491
C166,797736
C166,931123
C166,1759252
C166,2505085
ERR4810565,1719757
ERR4810565,1759252
SAMEA3558115,1759252
ERR4828495,497491
ERR4828495,797736
ERR4828495,931123
ERR4828495,1759252
ERR4828495,2505085
ERR4828495,4248115
FS564-369,403364
FS564-369,764995
FS564-369,1759252
ERR4797214,615938
ERR4797214,931123
ERR4797214,1759252
ERR4797214,2622402
ERR4797214,4404247
ERR4797116,497491
ERR4797116,797736
ERR4797116,931123
ERR4797116,1759252
ERR4797116,2505085
ERR4797116,4248115
Peru4460,1759252
ERR4810869,497491
ERR4810869,797736
ERR4810869,931123
ERR4810869,1759252
ERR4810869,2505085
ERR4809305,497491
ERR4809305,797736
ERR4809305,931123
ERR4809305,1759252
ERR4809305,2505085
ERR4831612,497491
ERR4831612,797736
ERR4831612,931123
ERR4831612,1759252
ERR4831612,2505085
ERR4808881,403364
ERR4808881,764995
ERR4808881,1759252
ERR3287735,1759252
Peru4726,403364
Peru4726,764995
Peru4726,1759252
EC055-163,497491
EC055-163,797736
EC055-163,931123
EC055-163,1759252
EC055-163,2505085
Peru3344,764995
Peru3344,1759252
Peru3344,3977226
Peru3344,4398141
ERR4830430,497491
ERR4830430,797736
ERR4830430,931123
ERR4830430,1759252
ERR4830430,2505085
ERR4812733,403364
ERR4812733,764995
ERR4812733,1759252
ERR4797743,1487796
ERR4797743,1759252
ERR4797743,2411730
ERR4812748,62657
ERR4812748,107794
ERR4812748,891756
ERR4812748,1759252
ERR4812131,62657
ERR4812131,107794
ERR4812131,891756
ERR4812131,1759252
ERR4797086,1759252
ERR4797086,2694560
ERR4797086,4151558
ERR4797086,4307886
ERR4828352,497491
ERR4828352,797736
ERR4828352,931123
ERR4828352,1759252
ERR4828352,2505085
TRL0065056,764995
TRL0065056,1759252
TRL0065056,3388166
TRL0065056,4316114
ERR2184306,62657
ERR2184306,514245
ERR2184306,1759252
ERR4829091,62657
ERR4829091,1759252
ERR4831761,497491
ERR4831761,797736
ERR4831761,931123
ERR4831761,1759252
ERR4831761,2505085
KOR-K2016-0088,346693
KOR-K2016-0088,497491
KOR-K2016-0088,931123
KOR-K2016-0088,1759252
KOR-K2016-0088,2505085
ERR4830445,615938
ERR4830445,931123
ERR4830445,1759252
ERR4830445,3021283
ERR4830445,3216553
ERR4830445,4404247
ERR4828822,497491
ERR4828822,797736
ERR4828822,931123
ERR4828822,1759252
ERR4828822,2505085
ERR4828822,4248115
Peru4597,403364
Peru4597,764995
Peru4597,1759252
ERR2184299,62657
ERR2184299,107794
ERR2184299,891756
ERR2184299,1759252
JPN-R2013-0100,497491
JPN-R2013-0100,797736
JPN-R2013-0100,931123
JPN-R2013-0100,1759252
JPN-R2013-0100,2505085
ERR4831192,403364
ERR4831192,764995
ERR4831192,1759252
ERR4828532,497491
ERR4828532,797736
ERR4828532,931123
ERR4828532,1759252
ERR4828532,2505085
ERR4828532,4248115
ERR5917747,783601
ERR5917747,1759252
ERR5917747,2411730
ERR4830817,931123
ERR4830817,1084911
ERR4830817,1759252
ERR4830817,3273107
ERR4797499,497491
ERR4797499,797736
ERR4797499,931123
ERR4797499,1759252
ERR4797499,2505085
KOR-K2016-0167,497491
KOR-K2016-0167,797736
KOR-K2016-0167,931123
KOR-K2016-0167,1759252
KOR-K2016-0167,2505085
ERR4829453,355181
ERR4829453,1759252
ERR4829453,4151558
ERR4829453,4307886
ERR4797638,931123
ERR4797638,1759252
ERR4797638,2505085
ERR4812394,615614
ERR4812394,764995
ERR4812394,1759252
C398,403364
C398,764995
C398,1759252
ERR4810581,497491
ERR4810581,797736
ERR4810581,931123
ERR4810581,1759252
ERR4810581,2505085
TRL0114480,497491
TRL0114480,797736
TRL0114480,931123
TRL0114480,1759252
TRL0114480,2505085
ERR4830998,497491
ERR4830998,797736
ERR4830998,931123
ERR4830998,1759252
ERR4830998,2505085
ERR2510447,931123
ERR2510447,1759252
ERR2510447,3273107
ERR4830532,62657
ERR4830532,514245
ERR4830532,1759252
ERR4830532,4229087
ERR4811715,1719757
ERR4811715,1759252
ERR4811272,497491
ERR4811272,797736
ERR4811272,931123
ERR4811272,1759252
ERR4811272,2505085
ERR4830954,497491
ERR4830954,797736
ERR4830954,931123
ERR4830954,1759252
ERR4830954,2505085
ERR4809127,764995
ERR4809127,1132368
ERR4809127,1502120
ERR4809127,1759252
ERR4809127,3977226
Peru4081,62657
Peru4081,107794
Peru4081,891756
Peru4081,1759252
ERR4812246,1759252
ERR4830925,497491
ERR4830925,797736
ERR4830925,931123
ERR4830925,1759252
ERR4830925,2505085
ERR4829912,783601
ERR4829912,1759252
ERR4829912,2411730
ERR4831075,931123
ERR4831075,1084911
ERR4831075,1759252
ERR4831075,3273107
ERR4828736,497491
ERR4828736,797736
ERR4828736,931123
ERR4828736,1759252
ERR4828736,2505085
Peru4323,497491
Peru4323,797736
Peru4323,931123
Peru4323,1759252
Peru4323,2505085
ERR4829382,1759252
ERR4829382,3836739
JPN-R2012-0012,497491
JPN-R2012-0012,797736
JPN-R2012-0012,931123
JPN-R2012-0012,1759252
JPN-R2012-0012,2505085
C045,346693
C045,497491
C045,931123
C045,1759252
C045,2505085
ERR4808976,355181
ERR4808976,1759252
ERR4808976,4151558
ERR4808976,4307886
Peru3058,403364
Peru3058,764995
Peru3058,1759252
1809,764995
1809,1132368
1809,1759252
1809,3977226
ERR3287837,497491
ERR3287837,797736
ERR3287837,931123
ERR3287837,1759252
ERR3287837,2505085
ERR4797410,931123
ERR4797410,1759252
ERR4797410,3273107
ERR4831843,497491
ERR4831843,797736
ERR4831843,931123
ERR4831843,1759252
ERR4831843,2505085
ERR2510417,931123
ERR2510417,1759252
ERR2510417,3273107
ERR4796439,615938
ERR4796439,931123
ERR4796439,1759252
ERR4796439,2622402
ERR4796439,4404247
C444,403364
C444,764995
C444,1759252
ERR2510455,931123
ERR2510455,1759252
ERR2510455,3273107
ERR4830207,615938
ERR4830207,931123
ERR4830207,1759252
ERR4830207,3021283
ERR4830207,4404247
ERR4796646,497491
ERR4796646,797736
ERR4796646,931123
ERR4796646,1759252
ERR4796646,2505085
ERR4797473,615938
ERR4797473,931123
ERR4797473,1759252
ERR4797473,2622402
ERR4797473,4404247
ERR4830491,497491
ERR4830491,797736
ERR4830491,931123
ERR4830491,1759252
ERR4830491,2505085
ERR4830780,403364
ERR4830780,764995
ERR4830780,1759252
ERR4810760,1719757
ERR4810760,1759252
ERR5918151,1759252
ERR5918151,3836739
ERR4797717,497491
ERR4797717,797736
ERR4797717,931123
ERR4797717,1759252
ERR4797717,2505085
ERR4811988,1759252
ERR4811988,3836739
17-3391-0187,615938
17-3391-0187,931123
17-3391-0187,1759252
17-3391-0187,3021283
17-3391-0187,3216553
17-3391-0187,4404247
Peru4670,1759252
ERR4797463,931123
ERR4797463,1759252
ERR4797463,3273107
ERR4811225,497491
ERR4811225,797736
ERR4811225,931123
ERR4811225,1759252
ERR4811225,2505085
01R1341,62657
01R1341,514245
01R1341,1759252
01R1341,4229087
ERR4831388,62657
ERR4831388,107794
ERR4831388,891756
ERR4831388,1759252
Peru3412,403364
Peru3412,764995
Peru3412,1759252
ERR5917739,497491
ERR5917739,797736
ERR5917739,931123
ERR5917739,1759252
ERR5917739,2505085
KOR-K2016-0020,346693
KOR-K2016-0020,497491
KOR-K2016-0020,931123
KOR-K2016-0020,1759252
KOR-K2016-0020,2505085
C005,764995
C005,1759252
C005,3388166
C005,4316114
ERR2510654,497491
ERR2510654,797736
ERR2510654,931123
ERR2510654,1759252
ERR2510654,2505085
ERR4828590,1759252
ERR4828590,2875883
ERR4828590,3466426
ERR4828590,4125058
KOR-K2016-0054,346693
KOR-K2016-0054,497491
KOR-K2016-0054,931123
KOR-K2016-0054,1759252
KOR-K2016-0054,2505085
ERR4797072,497491
ERR4797072,797736
ERR4797072,931123
ERR4797072,1759252
ERR4797072,2505085
ERR4812174,62657
ERR4812174,514245
ERR4812174,1759252
Peru4315,403364
Peru4315,764995
Peru4315,1759252
ERR4813947,764995
ERR4813947,1132368
ERR4813947,1759252
ERR4813947,3977226
ERR4830908,497491
ERR4830908,797736
ERR4830908,931123
ERR4830908,1759252
ERR4830908,2505085
ERR4797572,62657
ERR4797572,107794
ERR4797572,891756
ERR4797572,1759252
Peru3427,403364
Peru3427,764995
Peru3427,1759252
ERR4829916,1759252
ERR4829916,3836739
Peru4654,764995
Peru4654,1132368
Peru4654,1759252
Peru4654,3977226
KOR-K2016-0014,497491
KOR-K2016-0014,797736
KOR-K2016-0014,931123
KOR-K2016-0014,1759252
KOR-K2016-0014,2505085
ERR4811171,497491
ERR4811171,797736
ERR4811171,931123
ERR4811171,1759252
ERR4811171,2505085
ERR4812154,62657
ERR4812154,514245
ERR4812154,1759252
ERR4812154,1850119
ERR4829095,615938
ERR4829095,931123
ERR4829095,1759252
ERR4829095,2622402
ERR4829095,4404247
ERR4812197,764995
ERR4812197,1759252
ERR4812197,4316114
ERR4797221,1759252
ERR4797221,3836739
ERR4830317,615938
ERR4830317,931123
ERR4830317,1759252
ERR4830317,3021283
ERR4830317,3216553
ERR4830317,4404247
ERR4796702,497491
ERR4796702,797736
ERR4796702,931123
ERR4796702,1759252
ERR4796702,2505085
ERR4829892,1759252
ERR4829892,4249732
ERR4809018,497491
ERR4809018,797736
ERR4809018,931123
ERR4809018,1759252
ERR4809018,2505085
Peru5437,1759252
ERR4811394,615614
ERR4811394,764995
ERR4811394,1759252
Peru3997,62657
Peru3997,107794
Peru3997,891756
Peru3997,1759252
ERR2184645,764995
ERR2184645,1759252
ERR2184645,4316114
Peru4626,62657
Peru4626,107794
Peru4626,891756
Peru4626,1759252
ERR4809029,497491
ERR4809029,797736
ERR4809029,931123
ERR4809029,1759252
ERR4809029,2505085
TDR56S168L002,1501468
TDR56S168L002,1759252
TDR56S168L002,3466426
TDR56S168L002,4260268
ERR4813455,403364
ERR4813455,764995
ERR4813455,1759252
TRL0090790,497491
TRL0090790,797736
TRL0090790,931123
TRL0090790,1759252
TRL0090790,2505085
ERR4813425,403364
ERR4813425,764995
ERR4813425,1759252
IDR1600046606,403364
IDR1600046606,764995
IDR1600046606,1759252
TDR149S114L002,497491
TDR149S114L002,797736
TDR149S114L002,931123
TDR149S114L002,1759252
TDR149S114L002,2505085
TDR149S114L002,4248115
ERR4830593,497491
ERR4830593,797736
ERR4830593,931123
ERR4830593,1759252
ERR4830593,2505085
ERR4796257,497491
ERR4796257,797736
ERR4796257,931123
ERR4796257,1759252
ERR4796257,2505085
ERR4813275,62657
ERR4813275,107794
ERR4813275,891756
ERR4813275,1759252
ERR2184557,764995
ERR2184557,1132368
ERR2184557,1759252
ERR2184557,3977226
ERR4830774,497491
ERR4830774,797736
ERR4830774,931123
ERR4830774,1759252
ERR4830774,2505085
ERR4829061,1759252
ERR4829061,2875883
ERR4829061,3466426
ERR4829061,4125058
ERR4797680,497491
ERR4797680,797736
ERR4797680,931123
ERR4797680,1759252
ERR4797680,2505085
ERR4812176,62657
ERR4812176,107794
ERR4812176,891756
ERR4812176,1759252
ERR4831878,1759252
ERR4831878,4246508
ERR4831878,4307886
C105,497491
C105,797736
C105,931123
C105,1759252
C105,2505085
C449,62657
C449,514245
C449,1759252
C449,4229087
ERR4810756,497491
ERR4810756,797736
ERR4810756,931123
ERR4810756,1759252
ERR4810756,2505085
ERR4813750,497491
ERR4813750,797736
ERR4813750,931123
ERR4813750,1759252
ERR4813750,2505085
ERR4831491,1719757
ERR4831491,1759252
ERR4796988,497491
ERR4796988,797736
ERR4796988,931123
ERR4796988,1759252
ERR4796988,2505085
ERR2510847,783601
ERR2510847,1759252
ERR2510847,2411730
ERR4811750,62657
ERR4811750,107794
ERR4811750,891756
ERR4811750,1759252
ERR4796925,497491
ERR4796925,797736
ERR4796925,931123
ERR4796925,1759252
ERR4796925,2505085
ERR4811664,403364
ERR4811664,764995
ERR4811664,1759252
ERR4822383,497491
ERR4822383,797736
ERR4822383,931123
ERR4822383,1759252
ERR4822383,2505085
ERR4831947,497491
ERR4831947,797736
ERR4831947,931123
ERR4831947,1759252
ERR4831947,2505085
ERR4811968,497491
ERR4811968,797736
ERR4811968,931123
ERR4811968,1759252
ERR4811968,2505085
ERR4796679,497491
ERR4796679,797736
ERR4796679,931123
ERR4796679,1759252
ERR4796679,2505085
IDR1900042928,497491
IDR1900042928,797736
IDR1900042928,931123
IDR1900042928,1759252
IDR1900042928,2505085
ERR4829020,1759252
ERR4829020,3836739
ERR4830500,1759252
ERR4830500,3836739
Peru4983,62657
Peru4983,107794
Peru4983,891756
Peru4983,1759252
ERR2510474,931123
ERR2510474,1759252
ERR2510474,3273107
ERR4797418,931123
ERR4797418,1237818
ERR4797418,1759252
ERR4797418,3273107
ERR4797418,3722702
ERR4831483,931123
ERR4831483,1759252
ERR4831483,3273107
ERR4811904,62657
ERR4811904,107794
ERR4811904,891756
ERR4811904,1759252
ERR2510574,1719757
ERR2510574,1759252
ERR4813990,403364
ERR4813990,764995
ERR4813990,1759252
ERR4812337,764995
ERR4812337,1759252
ERR4812337,4316114
ERR4812638,764995
ERR4812638,1759252
ERR4812638,4316114
ERR2510672,783601
ERR2510672,1759252
ERR2510672,2411730
ERR4796961,931123
ERR4796961,1759252
ERR4796961,3273107
KOR-K2016-0183,346693
KOR-K2016-0183,497491
KOR-K2016-0183,931123
KOR-K2016-0183,1759252
KOR-K2016-0183,2505085
ERR4830600,497491
ERR4830600,797736
ERR4830600,931123
ERR4830600,1759252
ERR4830600,2505085
ERR4829882,931123
ERR4829882,1759252
ERR4829882,3273107
ERR4812419,1759252
ERR4812419,3836739
IDR1900013252,1759252
IDR1900013252,3836739
Peru3405,1759252
ERR4813995,1759252
TDR31S147L002,497491
TDR31S147L002,797736
TDR31S147L002,931123
TDR31S147L002,1759252
TDR31S147L002,2505085
PO00214147,62657
PO00214147,107794
PO00214147,891756
PO00214147,1759252
ERR4813074,403364
ERR4813074,764995
ERR4813074,1759252
ERR4830556,346693
ERR4830556,497491
ERR4830556,931123
ERR4830556,1759252
ERR4830556,2505085
ERR4809223,764995
ERR4809223,1759252
ERR4809223,3388166
ERR4809223,4316114
ERR5917736,403364
ERR5917736,764995
ERR5917736,1759252
ERR4812093,62657
ERR4812093,107794
ERR4812093,891756
ERR4812093,1759252
ERR4831220,62657
ERR4831220,891756
ERR4831220,1759252
ERR4811459,1759252
ERR4811459,2875883
ERR4811459,3466426
ERR4811459,4125058
ERR4796946,1759252
ERR4796946,3836739
OB00111392,497491
OB00111392,797736
OB00111392,931123
OB00111392,1759252
OB00111392,2505085
ERR4829075,615614
ERR4829075,764995
ERR4829075,1759252
ERR4830668,62657
ERR4830668,107794
ERR4830668,891756
ERR4830668,1759252
ERR4830463,615938
ERR4830463,931123
ERR4830463,1759252
ERR4830463,3021283
ERR4830463,3216553
ERR4830463,4404247
ERR4829906,1759252
ERR4829906,4249732
ERR4811369,1719757
ERR4811369,1759252
ERR4797206,931123
ERR4797206,1759252
ERR4797206,3273107
ERR4797206,3722702
ERR4811594,497491
ERR4811594,797736
ERR4811594,931123
ERR4811594,1759252
ERR4811594,2505085
ERR4797538,615938
ERR4797538,931123
ERR4797538,1759252
ERR4797538,2622402
ERR4797538,4404247
ERR4810498,497491
ERR4810498,797736
ERR4810498,931123
ERR4810498,1759252
ERR4810498,2505085
ERR4829144,931123
ERR4829144,1759252
ERR4829144,3273107
ERR4829633,931123
ERR4829633,1759252
ERR4829633,1882180
ERR4829633,2831482
ERR4828236,497491
ERR4828236,797736
ERR4828236,931123
ERR4828236,1759252
ERR4828236,2505085
ERR4828236,4248115
FS338-469,615938
FS338-469,931123
FS338-469,1759252
FS338-469,3470377
ERR2184547,497491
ERR2184547,797736
ERR2184547,931123
ERR2184547,1759252
ERR2184547,2505085
ERR4811798,403364
ERR4811798,764995
ERR4811798,1759252
ERR4796863,931123
ERR4796863,1759252
ERR4796863,3273107
ERR4796863,3722702
KOR-K2016-0120,497491
KOR-K2016-0120,797736
KOR-K2016-0120,931123
KOR-K2016-0120,1759252
KOR-K2016-0120,2505085
ERR4831002,1487796
ERR4831002,1759252
ERR4831002,2411730
ERR4830784,1487796
ERR4830784,1759252
ERR4830784,2411730
ERR4829822,497491
ERR4829822,797736
ERR4829822,931123
ERR4829822,1759252
ERR4829822,2505085
ERR4811539,497491
ERR4811539,797736
ERR4811539,931123
ERR4811539,1759252
ERR4811539,2505085
ERR4811836,62657
ERR4811836,107794
ERR4811836,891756
ERR4811836,1759252
ERR4829828,403364
ERR4829828,764995
ERR4829828,1759252
ERR2510296,931123
ERR2510296,1759252
ERR2510296,3273107
ERR4811138,497491
ERR4811138,797736
ERR4811138,931123
ERR4811138,1759252
ERR4811138,2505085
ERR4828634,497491
ERR4828634,797736
ERR4828634,931123
ERR4828634,1759252
ERR4828634,2505085
ERR4830972,497491
ERR4830972,797736
ERR4830972,931123
ERR4830972,1759252
ERR4830972,2505085
ERR4811864,355181
ERR4811864,1759252
ERR4811864,4151558
ERR4811864,4307886
ERR4796919,931123
ERR4796919,1759252
ERR4796919,3273107
ERR4797519,497491
ERR4797519,797736
ERR4797519,931123
ERR4797519,1759252
ERR4797519,2505085
ERR4797519,3836274
SAMN02398702,497491
SAMN02398702,797736
SAMN02398702,931123
SAMN02398702,1759252
SAMN02398702,2505085
ERR4810536,497491
ERR4810536,797736
ERR4810536,931123
ERR4810536,1759252
ERR4810536,2505085
ERR4810536,4248115
ERR4828787,497491
ERR4828787,797736
ERR4828787,931123
ERR4828787,1759252
ERR4828787,2505085
ERR4829605,62657
ERR4829605,107794
ERR4829605,891756
ERR4829605,1759252
ERR4811475,497491
ERR4811475,797736
ERR4811475,931123
ERR4811475,1759252
ERR4811475,2505085
ERR4810868,497491
ERR4810868,797736
ERR4810868,931123
ERR4810868,1759252
ERR4810868,2505085
ERR2510453,1759252
ERR2510453,3836739
ERR3287833,403364
ERR3287833,764995
ERR3287833,1759252
ERR4829060,355181
ERR4829060,1759252
ERR4829060,4151558
ERR4829060,4307886
ERR4797245,931123
ERR4797245,1759252
ERR4797245,3273107
ERR4812043,62657
ERR4812043,107794
ERR4812043,891756
ERR4812043,1759252
ERR4829390,1487796
ERR4829390,1759252
ERR4829390,2411730
C063,62657
C063,514245
C063,1759252
C063,4229087
ERR4828318,355181
ERR4828318,1759252
ERR4828318,4151558
ERR4828318,4307886
ERR4813456,62657
ERR4813456,514245
ERR4813456,1759252
ERR4797351,497491
ERR4797351,797736
ERR4797351,931123
ERR4797351,1759252
ERR4797351,2505085
KOR-K2016-0131,497491
KOR-K2016-0131,797736
KOR-K2016-0131,931123
KOR-K2016-0131,1759252
KOR-K2016-0131,2505085
ERR4829653,62657
ERR4829653,107794
ERR4829653,891756
ERR4829653,1759252
ERR4812767,764995
ERR4812767,1759252
ERR4812767,4316114
ERR2184553,497491
ERR2184553,797736
ERR2184553,931123
ERR2184553,1759252
ERR2184553,2505085
ERR4811751,764995
ERR4811751,1759252
ERR4811751,4316114
ERR4831077,497491
ERR4831077,797736
ERR4831077,931123
ERR4831077,1759252
ERR4831077,2505085
ERR4796912,497491
ERR4796912,797736
ERR4796912,931123
ERR4796912,1759252
ERR4796912,2505085
18-1773-0403,62657
18-1773-0403,514245
18-1773-0403,1759252
18-1773-0403,4229087
C112,497491
C112,797736
C112,931123
C112,1759252
C112,2505085
ERR2510512,615938
ERR2510512,931123
ERR2510512,1759252
ERR2510512,3470377
IDR1700007371,615938
IDR1700007371,931123
IDR1700007371,1759252
IDR1700007371,3479545
ERR4831509,497491
ERR4831509,797736
ERR4831509,931123
ERR4831509,1759252
ERR4831509,2505085
ERR4811260,497491
ERR4811260,797736
ERR4811260,931123
ERR4811260,1759252
ERR4811260,2505085
ERR4796299,1719757
ERR4796299,1759252
ERR4829105,1759252
ERR4829105,3466426
ERR4810963,497491
ERR4810963,797736
ERR4810963,931123
ERR4810963,1759252
ERR4810963,2505085
ERR2184687,62657
ERR2184687,107794
ERR2184687,891756
ERR2184687,1759252
ERR4810646,1487796
ERR4810646,1759252
ERR4810646,2411730
ERR4810676,1719757
ERR4810676,1759252
ERR4831873,497491
ERR4831873,797736
ERR4831873,931123
ERR4831873,1759252
ERR4831873,2505085
ERR4808985,497491
ERR4808985,797736
ERR4808985,931123
ERR4808985,1759252
ERR4808985,2505085
ERR4808985,4248115
ERR4830085,497491
ERR4830085,797736
ERR4830085,931123
ERR4830085,1759252
ERR4830085,2505085
ERR4822447,403364
ERR4822447,764995
ERR4822447,1759252
JPN-R2012-0058,346693
JPN-R2012-0058,497491
JPN-R2012-0058,931123
JPN-R2012-0058,1759252
JPN-R2012-0058,2505085
ERR4829914,931123
ERR4829914,1759252
ERR4829914,3273107
ERR4831351,931123
ERR4831351,1759252
ERR4831351,3273107
ERR4831351,3722702
ERR2184459,62657
ERR2184459,107794
ERR2184459,891756
ERR2184459,1759252
ERR4811402,931123
ERR4811402,1759252
ERR4811402,3273107
KOR-K2016-0188,497491
KOR-K2016-0188,797736
KOR-K2016-0188,931123
KOR-K2016-0188,1759252
KOR-K2016-0188,2505085
PO00209791,62657
PO00209791,107794
PO00209791,891756
PO00209791,1759252
IDR1800030721,497491
IDR1800030721,797736
IDR1800030721,931123
IDR1800030721,1759252
IDR1800030721,2505085
IDR1900017541,497491
IDR1900017541,797736
IDR1900017541,931123
IDR1900017541,1759252
IDR1900017541,2505085
ERR4830984,497491
ERR4830984,797736
ERR4830984,931123
ERR4830984,1759252
ERR4830984,2505085
TDR147S176L002,62657
TDR147S176L002,107794
TDR147S176L002,891756
TDR147S176L002,1759252
SAMN02381011,931123
SAMN02381011,1759252
SAMN02381011,3273107
ERR4830405,497491
ERR4830405,797736
ERR4830405,931123
ERR4830405,1759252
ERR4830405,2505085
ERR4831521,615938
ERR4831521,931123
ERR4831521,1759252
ERR4831521,2622402
ERR4831521,4404247
ERR5917738,403364
ERR5917738,764995
ERR5917738,1759252
ERR4797324,931123
ERR4797324,1237818
ERR4797324,1759252
ERR4797324,3273107
ERR4797324,3722702
ERR4811892,1759252
ERR4828939,497491
ERR4828939,797736
ERR4828939,931123
ERR4828939,1759252
ERR4828939,2505085
ERR4830559,403364
ERR4830559,764995
ERR4830559,1759252
ERR4822491,62657
ERR4822491,107794
ERR4822491,891756
ERR4822491,1759252
TDR218S195L002,1759252
TDR218S195L002,3836739
ERR4830103,497491
ERR4830103,797736
ERR4830103,931123
ERR4830103,1759252
ERR4830103,2505085
ERR4796460,497491
ERR4796460,797736
ERR4796460,931123
ERR4796460,1759252
ERR4796460,2505085
ERR4797112,615938
ERR4797112,931123
ERR4797112,1759252
ERR4797112,3470377
ERR4811485,497491
ERR4811485,797736
ERR4811485,931123
ERR4811485,1759252
ERR4811485,2505085
ERR4811485,4248115
ERR4811653,497491
ERR4811653,797736
ERR4811653,931123
ERR4811653,1759252
ERR4811653,2505085
02R1952,497491
02R1952,797736
02R1952,931123
02R1952,1759252
02R1952,2505085
Peru2954,403364
Peru2954,764995
Peru2954,1759252
ERR4811412,1759252
ERR4811412,2875883
ERR4811412,3466426
ERR4811412,4125058
ERR4810842,497491
ERR4810842,797736
ERR4810842,931123
ERR4810842,1759252
ERR4810842,2505085
ERR4797304,497491
ERR4797304,797736
ERR4797304,931123
ERR4797304,1759252
ERR4797304,2505085
ERR4796807,1759252
ERR4796807,3273107
ERR3287752,764995
ERR3287752,1132368
ERR3287752,1759252
ERR3287752,3977226
ERR5917692,497491
ERR5917692,797736
ERR5917692,931123
ERR5917692,1759252
ERR5917692,2505085
Peru4717,1759252
Peru4717,4151558
Peru4717,4307886
02R1940,62657
02R1940,514245
02R1940,1759252
ERR4830404,497491
ERR4830404,797736
ERR4830404,931123
ERR4830404,1759252
ERR4830404,2505085
KOR-K2016-0004,1759252
ERR4796333,1487796
ERR4796333,1759252
ERR4796333,2411730
ERR4830457,497491
ERR4830457,797736
ERR4830457,931123
ERR4830457,1759252
ERR4830457,2505085
ERR4830108,497491
ERR4830108,797736
ERR4830108,931123
ERR4830108,1759252
ERR4830108,2505085
ERR2510503,931123
ERR2510503,1759252
ERR2510503,3273107
NLA009900180,497491
NLA009900180,797736
NLA009900180,931123
NLA009900180,1759252
NLA009900180,2505085
ERR4831151,764995
ERR4831151,1132368
ERR4831151,1759252
ERR4831151,3977226
M0018999-4,403364
M0018999-4,764995
M0018999-4,1759252
ERR4831324,1759252
ERR4831324,3466426
ERR4831324,4125058
ERR3287654,1759252
Peru4546,1759252
Peru4546,3836739
SAMEA3558171,497491
SAMEA3558171,797736
SAMEA3558171,931123
SAMEA3558171,1759252
SAMEA3558171,2505085
ERR4830934,497491
ERR4830934,797736
ERR4830934,931123
ERR4830934,1759252
ERR4830934,2505085
ERR4830934,4248115
ERR4831795,497491
ERR4831795,797736
ERR4831795,931123
ERR4831795,1759252
ERR4831795,2505085
ERR2510678,497491
ERR2510678,797736
ERR2510678,931123
ERR2510678,1759252
ERR2510678,2505085
ERR4831006,1487796
ERR4831006,1759252
ERR4831006,2411730
JPN-R2014-0114,1719757
JPN-R2014-0114,1759252
Peru5426,497491
Peru5426,797736
Peru5426,931123
Peru5426,1759252
Peru5426,2505085
MNG-S2014-0154,497491
MNG-S2014-0154,797736
MNG-S2014-0154,931123
MNG-S2014-0154,1759252
MNG-S2014-0154,2505085
ERR4822349,497491
ERR4822349,797736
ERR4822349,931123
ERR4822349,1759252
ERR4822349,2505085
ERR4822349,4248115
Peru4922,1759252
Peru4922,3836739
ERR4831354,497491
ERR4831354,797736
ERR4831354,931123
ERR4831354,1759252
ERR4831354,2505085
CE01544376,497491
CE01544376,797736
CE01544376,931123
CE01544376,1759252
CE01544376,2505085
ERR4797830,764995
ERR4797830,1132368
ERR4797830,1759252
ERR4797830,3977226
ERR4829561,615938
ERR4829561,931123
ERR4829561,1759252
ERR4829561,2622402
ERR4829561,4404247
Peru2903,62657
Peru2903,514245
Peru2903,1759252
ERR5917718,497491
ERR5917718,797736
ERR5917718,931123
ERR5917718,1759252
ERR5917718,2505085
ERR4830605,497491
ERR4830605,797736
ERR4830605,931123
ERR4830605,1759252
ERR4830605,2505085
KOR-K2016-0023,497491
KOR-K2016-0023,797736
KOR-K2016-0023,931123
KOR-K2016-0023,1759252
KOR-K2016-0023,2505085
ERR4797153,931123
ERR4797153,1759252
ERR4797153,3273107
Peru2921,62657
Peru2921,107794
Peru2921,891756
Peru2921,1759252
ERR4796295,931123
ERR4796295,1759252
ERR4796295,3273107
C347,1759252
C347,4249732
ERR4831039,497491
ERR4831039,797736
ERR4831039,931123
ERR4831039,1759252
ERR4831039,2505085
ERR4808898,346693
ERR4808898,497491
ERR4808898,931123
ERR4808898,1759252
ERR4808898,2505085
ERR4796986,497491
ERR4796986,797736
ERR4796986,931123
ERR4796986,1759252
ERR4796986,2505085
ERR4796809,62657
ERR4796809,514245
ERR4796809,1759252
ERR4796809,1850119
ERR4796522,497491
ERR4796522,797736
ERR4796522,931123
ERR4796522,1759252
ERR4796522,2505085
ERR4796458,931123
ERR4796458,1759252
ERR4796458,3273107
ERR4811796,62657
ERR4811796,107794
ERR4811796,891756
ERR4811796,1759252
ERR4830063,497491
ERR4830063,797736
ERR4830063,931123
ERR4830063,1759252
ERR4830063,2505085
ERR4828891,62657
ERR4828891,107794
ERR4828891,891756
ERR4828891,1759252
IDR1800024141,615938
IDR1800024141,931123
IDR1800024141,1759252
IDR1800024141,3479545
ERR4830316,497491
ERR4830316,797736
ERR4830316,931123
ERR4830316,1759252
ERR4830316,2505085
ERR3287632,403364
ERR3287632,764995
ERR3287632,1759252
ERR4797232,931123
ERR4797232,1759252
ERR4797232,3273107
ERR4829138,1759252
ERR4829138,2875883
ERR4829138,3466426
ERR4829138,4125058
ERR4797628,62657
ERR4797628,107794
ERR4797628,891756
ERR4797628,1759252
ERR4797735,497491
ERR4797735,797736
ERR4797735,931123
ERR4797735,1759252
ERR4797735,2505085
1727,1759252
ERR4809051,62657
ERR4809051,514245
ERR4809051,541048
ERR4809051,1759252
ERR4822395,497491
ERR4822395,797736
ERR4822395,931123
ERR4822395,1759252
ERR4822395,2505085
IDR1900043323,1759252
IDR1900043323,3836739
ERR2184540,62657
ERR2184540,107794
ERR2184540,891756
ERR2184540,1759252
ERR4808995,403364
ERR4808995,764995
ERR4808995,1759252
Peru4722,1759252
ERR5918138,764995
ERR5918138,1759252
ERR5918138,3388166
ERR5918138,4316114
ERR4831864,615938
ERR4831864,931123
ERR4831864,1759252
ERR4831864,3021283
ERR4831864,3216553
ERR4831864,4404247
TRL0023983,62657
TRL0023983,891756
TRL0023983,1759252
TDR16S124L002,1501468
TDR16S124L002,1759252
TDR16S124L002,3466426
TDR16S124L002,4260268
KOR-K2016-0234,497491
KOR-K2016-0234,797736
KOR-K2016-0234,931123
KOR-K2016-0234,1759252
KOR-K2016-0234,2505085
ERR4830081,497491
ERR4830081,797736
ERR4830081,931123
ERR4830081,1759252
ERR4830081,2505085
Peru4011,1759252
ERR4831944,497491
ERR4831944,797736
ERR4831944,931123
ERR4831944,1759252
ERR4831944,2505085
ERR4811767,62657
ERR4811767,107794
ERR4811767,891756
ERR4811767,1759252
Peru3395,403364
Peru3395,764995
Peru3395,1759252
KOR-K2016-0159,346693
KOR-K2016-0159,497491
KOR-K2016-0159,931123
KOR-K2016-0159,1759252
KOR-K2016-0159,2505085
ERR4828498,497491
ERR4828498,797736
ERR4828498,931123
ERR4828498,1759252
ERR4828498,2505085
ERR4811558,497491
ERR4811558,797736
ERR4811558,931123
ERR4811558,1759252
ERR4811558,2505085
Peru3294,497491
Peru3294,797736
Peru3294,931123
Peru3294,1759252
Peru3294,2505085
ERR4831021,497491
ERR4831021,797736
ERR4831021,931123
ERR4831021,1759252
ERR4831021,2505085
ERR4813982,1759252
ERR4813982,3836739
ERR4828990,1759252
ERR4828990,2875883
ERR4828990,3466426
ERR4828990,4125058
ERR4812758,62657
ERR4812758,107794
ERR4812758,891756
ERR4812758,1759252
ERR4830346,615938
ERR4830346,931123
ERR4830346,1759252
ERR4830346,3021283
ERR4830346,3216553
ERR4830346,4404247
SAMN02380998,1501468
SAMN02380998,1759252
SAMN02380998,3466426
SAMN02380998,4260268
ERR4828543,497491
ERR4828543,797736
ERR4828543,931123
ERR4828543,1759252
ERR4828543,2505085
ERR4831076,615938
ERR4831076,931123
ERR4831076,1759252
ERR4831076,3470377
ERR4797169,615938
ERR4797169,931123
ERR4797169,1759252
ERR4797169,2622402
ERR4797169,4404247
ERR4830758,497491
ERR4830758,797736
ERR4830758,931123
ERR4830758,1759252
ERR4830758,2505085
Peru4320,1759252
TRL0115694,346693
TRL0115694,497491
TRL0115694,931123
TRL0115694,1759252
TRL0115694,2505085
ERR4811871,403364
ERR4811871,764995
ERR4811871,1759252
ERR4812687,497491
ERR4812687,797736
ERR4812687,931123
ERR4812687,1759252
ERR4812687,2505085
SAMEA3558150,931123
SAMEA3558150,1759252
SAMEA3558150,3273107
1766,931123
1766,1759252
1766,3273107
ERR4797010,62657
ERR4797010,514245
ERR4797010,1759252
ERR4797010,1850119
ERR4809183,497491
ERR4809183,797736
ERR4809183,931123
ERR4809183,1759252
ERR4809183,2505085
ERR2184527,497491
ERR2184527,797736
ERR2184527,931123
ERR2184527,1759252
ERR2184527,2505085
JPN-R2014-0112,497491
JPN-R2014-0112,797736
JPN-R2014-0112,931123
JPN-R2014-0112,1759252
JPN-R2014-0112,2505085
ERR4796968,497491
ERR4796968,797736
ERR4796968,931123
ERR4796968,1759252
ERR4796968,2505085
ERR4811759,62657
ERR4811759,107794
ERR4811759,891756
ERR4811759,1759252
C359,62657
C359,514245
C359,1759252
C359,4229087
ERR4822381,497491
ERR4822381,797736
ERR4822381,931123
ERR4822381,1759252
ERR4822381,2505085
ERR3287792,764995
ERR3287792,1759252
ERR3287792,3977226
ERR3287792,4398141
ERR4829168,497491
ERR4829168,797736
ERR4829168,931123
ERR4829168,1759252
ERR4829168,2505085
ERR4811024,497491
ERR4811024,797736
ERR4811024,931123
ERR4811024,1759252
ERR4811024,2505085
SAMEA3558225,62657
SAMEA3558225,107794
SAMEA3558225,891756
SAMEA3558225,1759252
ERR4809048,355181
ERR4809048,1759252
ERR4809048,4151558
ERR4809048,4307886
ERR4797267,615938
ERR4797267,931123
ERR4797267,1491275
ERR4797267,1759252
ERR4797267,4404247
ERR4830486,62657
ERR4830486,514245
ERR4830486,1759252
ERR4830486,1850119
ERR4810630,497491
ERR4810630,797736
ERR4810630,931123
ERR4810630,1759252
ERR4810630,2505085
Peru4604,403364
Peru4604,764995
Peru4604,1759252
ERR4796882,931123
ERR4796882,1759252
ERR4796882,3273107
ERR2184286,62657
ERR2184286,107794
ERR2184286,891756
ERR2184286,1759252
ERR4810472,1719757
ERR4810472,1759252
ERR4831250,497491
ERR4831250,797736
ERR4831250,931123
ERR4831250,1759252
ERR4831250,2505085
ERR5917703,497491
ERR5917703,797736
ERR5917703,931123
ERR5917703,1759252
ERR5917703,2505085
ERR4797365,615938
ERR4797365,931123
ERR4797365,1759252
ERR4797365,3470377
Peru3290,403364
Peru3290,764995
Peru3290,1759252
ERR4796278,931123
ERR4796278,1759252
ERR4796278,3273107
ERR2184218,62657
ERR2184218,107794
ERR2184218,891756
ERR2184218,1759252
ERR4796275,931123
ERR4796275,1759252
ERR4796275,3273107
ERR4809312,355181
ERR4809312,1759252
ERR4809312,4151558
ERR4809312,4307886
ERR4811188,497491
ERR4811188,797736
ERR4811188,931123
ERR4811188,1759252
ERR4811188,2505085
ERR2184211,764995
ERR2184211,1759252
ERR2184211,4316114
IDR1800010500,1719757
IDR1800010500,1759252
Peru5417,497491
Peru5417,797736
Peru5417,931123
Peru5417,1759252
Peru5417,2505085
ERR4829579,497491
ERR4829579,797736
ERR4829579,931123
ERR4829579,1759252
ERR4829579,2505085
ERR4797134,1487796
ERR4797134,1759252
ERR4797134,2411730
ERR4831634,931123
ERR4831634,1759252
ERR4829386,497491
ERR4829386,797736
ERR4829386,931123
ERR4829386,1759252
ERR4829386,2505085
ERR2510626,931123
ERR2510626,1759252
ERR2510626,3273107
ERR4829868,1759252
ERR4829868,3836739
ERR4796358,1759252
ERR4796358,3273107
ERR4796358,3722702
ERR4809233,62657
ERR4809233,514245
ERR4809233,1759252
ERR4809233,1850119
ERR4796909,931123
ERR4796909,1759252
ERR4796909,3273107
ERR4811596,1487796
ERR4811596,1759252
ERR4811596,2411730
ERR4828317,497491
ERR4828317,797736
ERR4828317,931123
ERR4828317,1759252
ERR4828317,2505085
Peru4571,497491
Peru4571,797736
Peru4571,931123
Peru4571,1759252
Peru4571,2505085
IDR1900043370,497491
IDR1900043370,797736
IDR1900043370,931123
IDR1900043370,1759252
IDR1900043370,2505085
MNG-S2014-0037,62657
MNG-S2014-0037,107794
MNG-S2014-0037,891756
MNG-S2014-0037,1759252
Peru3305,403364
Peru3305,764995
Peru3305,1759252
FS588A-378,62657
FS588A-378,514245
FS588A-378,1759252
FS588A-378,4229087
C325,62657
C325,107794
C325,891756
C325,1759252
ERR4830808,615938
ERR4830808,931123
ERR4830808,1759252
ERR4830808,2622402
ERR4830808,4404247
ERR4810573,497491
ERR4810573,797736
ERR4810573,931123
ERR4810573,1759252
ERR4810573,2505085
ERR4829838,497491
ERR4829838,797736
ERR4829838,931123
ERR4829838,1759252
ERR4829838,2505085
ERR4809082,62657
ERR4809082,891756
ERR4809082,1759252
EC068-176,764995
EC068-176,1759252
EC068-176,3388166
EC068-176,4316114
MNG-S2014-0046,497491
MNG-S2014-0046,797736
MNG-S2014-0046,931123
MNG-S2014-0046,1759252
MNG-S2014-0046,2505085
ERR4829733,1759252
ERR4829733,2875883
ERR4829733,3466426
ERR4829733,4125058
ERR3287705,403364
ERR3287705,764995
ERR3287705,1759252
ERR2510723,497491
ERR2510723,797736
ERR2510723,931123
ERR2510723,1759252
ERR2510723,2505085
CD00862479,403364
CD00862479,764995
CD00862479,1759252
ERR4810542,497491
ERR4810542,797736
ERR4810542,931123
ERR4810542,1759252
ERR4810542,2505085
C252,497491
C252,797736
C252,931123
C252,1759252
C252,2505085
ERR4830742,355181
ERR4830742,1759252
ERR4830742,4151558
ERR4830742,4307886
ERR4812480,62657
ERR4812480,107794
ERR4812480,891756
ERR4812480,1759252
ERR4831359,497491
ERR4831359,797736
ERR4831359,931123
ERR4831359,1759252
ERR4831359,2505085
ERR4830028,497491
ERR4830028,797736
ERR4830028,931123
ERR4830028,1759252
ERR4830028,2505085
KOR-K2016-0009,346693
KOR-K2016-0009,497491
KOR-K2016-0009,931123
KOR-K2016-0009,1759252
KOR-K2016-0009,2505085
ERR4813401,403364
ERR4813401,764995
ERR4813401,1759252
ERR4831817,497491
ERR4831817,797736
ERR4831817,931123
ERR4831817,1759252
ERR4831817,2505085
ERR4797334,497491
ERR4797334,797736
ERR4797334,931123
ERR4797334,1759252
ERR4797334,2505085
ERR4810918,497491
ERR4810918,797736
ERR4810918,931123
ERR4810918,1759252
ERR4810918,2505085
TRL0115633,1759252
TRL0115633,3836739
IDR2000277111,62657
IDR2000277111,514245
IDR2000277111,1759252
ERR4809116,615938
ERR4809116,931123
ERR4809116,1759252
ERR4809116,3470377
ERR4812931,497491
ERR4812931,797736
ERR4812931,931123
ERR4812931,1759252
ERR4812931,2505085
ERR4812931,4248115
ERR4830961,497491
ERR4830961,797736
ERR4830961,931123
ERR4830961,1759252
ERR4830961,2505085
ERR4828572,497491
ERR4828572,797736
ERR4828572,931123
ERR4828572,1759252
ERR4828572,2505085
Peru4899,403364
Peru4899,764995
Peru4899,1759252
IDR1900045553,615938
IDR1900045553,931123
IDR1900045553,1759252
IDR1900045553,3479545
JPN-R2012-0053,346693
JPN-R2012-0053,497491
JPN-R2012-0053,931123
JPN-R2012-0053,1759252
JPN-R2012-0053,2505085
ERR2184674,764995
ERR2184674,1759252
ERR2184674,4316114
SAMN02381026,497491
SAMN02381026,797736
SAMN02381026,931123
SAMN02381026,1759252
SAMN02381026,2505085
IDR1800044746,1759252
IDR1800044746,3836739
ERR4811591,497491
ERR4811591,797736
ERR4811591,931123
ERR4811591,1759252
ERR4811591,2505085
ERR4796649,62657
ERR4796649,107794
ERR4796649,891756
ERR4796649,1759252
ERR4812362,764995
ERR4812362,1759252
ERR4812362,4316114
JPN-R2011-0060,497491
JPN-R2011-0060,797736
JPN-R2011-0060,931123
JPN-R2011-0060,1759252
JPN-R2011-0060,2505085
TRL0103669,497491
TRL0103669,797736
TRL0103669,931123
TRL0103669,1759252
TRL0103669,2505085
ERR4829536,497491
ERR4829536,797736
ERR4829536,931123
ERR4829536,1759252
ERR4829536,2505085
ERR4811605,497491
ERR4811605,797736
ERR4811605,931123
ERR4811605,1759252
ERR4811605,2505085
TDR137S105L002,1759252
TDR137S105L002,3836739
ERR4831408,497491
ERR4831408,797736
ERR4831408,931123
ERR4831408,1759252
ERR4831408,2505085
ERR4831408,4248115
ERR4796555,931123
ERR4796555,1759252
ERR4796555,3273107
ERR4831930,497491
ERR4831930,797736
ERR4831930,931123
ERR4831930,1759252
ERR4831930,2505085
SAMEA3558192,1759252
SAMEA3558192,4307886
ERR2510543,1719757
ERR2510543,1759252
Peru4666,764995
Peru4666,1759252
Peru4666,4316114
Peru2979,403364
Peru2979,764995
Peru2979,1759252
ERR4822313,497491
ERR4822313,797736
ERR4822313,931123
ERR4822313,1759252
ERR4822313,2505085
ERR4810807,1487796
ERR4810807,1759252
ERR4810807,2411730
ERR4812515,62657
ERR4812515,107794
ERR4812515,891756
ERR4812515,1759252
ERR4828448,615938
ERR4828448,931123
ERR4828448,1759252
ERR4828448,3479545
Peru4660,764995
Peru4660,1759252
Peru4660,3977226
Peru4660,4398141
ERR4812508,62657
ERR4812508,107794
ERR4812508,891756
ERR4812508,1759252
ERR4828308,497491
ERR4828308,797736
ERR4828308,931123
ERR4828308,1759252
ERR4828308,2505085
ERR4828308,4248115
ERR4829542,615614
ERR4829542,764995
ERR4829542,1759252
ERR4830907,497491
ERR4830907,797736
ERR4830907,931123
ERR4830907,1759252
ERR4830907,2505085
ERR4811963,403364
ERR4811963,764995
ERR4811963,1759252
ERR4831439,931123
ERR4831439,1759252
ERR4831439,3273107
ERR4830801,1487796
ERR4830801,1759252
ERR4830801,2411730
SAMN02381014,1759252
SAMN02381014,3836739
ERR4822337,497491
ERR4822337,797736
ERR4822337,931123
ERR4822337,1759252
ERR4822337,2505085
Peru2981,403364
Peru2981,764995
Peru2981,1759252
ERR4810915,497491
ERR4810915,797736
ERR4810915,931123
ERR4810915,1759252
ERR4810915,2505085
ERR3287424,497491
ERR3287424,797736
ERR3287424,931123
ERR3287424,1759252
ERR3287424,2505085
ERR4811370,497491
ERR4811370,797736
ERR4811370,931123
ERR4811370,1759252
ERR4811370,2505085
TDR8S145L002,497491
TDR8S145L002,797736
TDR8S145L002,931123
TDR8S145L002,1759252
TDR8S145L002,2505085
ERR4828439,497491
ERR4828439,797736
ERR4828439,931123
ERR4828439,1759252
ERR4828439,2505085
Peru4143,1759252
Peru4492,1759252
ERR4822416,1759252
ERR4822416,4249732
ERR4831516,931123
ERR4831516,1759252
ERR4831516,3273107
ERR4830093,497491
ERR4830093,797736
ERR4830093,931123
ERR4830093,1759252
ERR4830093,2505085
C116,497491
C116,797736
C116,931123
C116,1759252
C116,2505085
C116,4248115
ERR2184505,62657
ERR2184505,107794
ERR2184505,891756
ERR2184505,1759252
ERR4830377,497491
ERR4830377,797736
ERR4830377,931123
ERR4830377,1759252
ERR4830377,2505085
ERR4830377,4248115
ERR4830687,1759252
ERR4830687,3836739
TRL0113469,764995
TRL0113469,1759252
TRL0113469,3388166
TRL0113469,4316114
IDR1900012037,62657
IDR1900012037,1759252
IDR1600018194,764995
IDR1600018194,1759252
IDR1600018194,3977226
IDR1600018194,4398141
ERR4808944,764995
ERR4808944,1132368
ERR4808944,1502120
ERR4808944,1759252
ERR4808944,3977226
ERR4809318,403364
ERR4809318,764995
ERR4809318,1759252
ERR4810748,497491
ERR4810748,797736
ERR4810748,931123
ERR4810748,1759252
ERR4810748,2505085
ERR4813991,1759252
ERR4813991,4151558
ERR4813991,4307886
ERR4808883,497491
ERR4808883,797736
ERR4808883,931123
ERR4808883,1759252
ERR4808883,2505085
ERR4811042,1759252
ERR4811042,4246508
ERR4811042,4307886
UH00100518,497491
UH00100518,797736
UH00100518,931123
UH00100518,1759252
UH00100518,2505085
ERR3287498,403364
ERR3287498,764995
ERR3287498,1759252
TRL0113005,355181
TRL0113005,1759252
TRL0113005,4151558
TRL0113005,4307886
ERR4813078,497491
ERR4813078,797736
ERR4813078,931123
ERR4813078,1759252
ERR4813078,2505085
ERR4829175,1759252
ERR4829175,2875883
ERR4829175,3466426
ERR4829175,4125058
ERR4809324,62657
ERR4809324,891756
ERR4809324,1759252
Peru4036,797736
Peru4036,1759252
Peru4036,2505085
ERR4796608,497491
ERR4796608,797736
ERR4796608,931123
ERR4796608,1759252
ERR4796608,2505085
ERR4830071,497491
ERR4830071,797736
ERR4830071,931123
ERR4830071,1759252
ERR4830071,2505085
ERR4830230,615938
ERR4830230,931123
ERR4830230,1759252
ERR4830230,3021283
ERR4830230,3216553
ERR4830230,4404247
ERR4812520,62657
ERR4812520,107794
ERR4812520,891756
ERR4812520,1759252
Peru4529,62657
Peru4529,107794
Peru4529,891756
Peru4529,1759252
C436,497491
C436,797736
C436,931123
C436,1759252
C436,2505085
NLA009801164,783601
NLA009801164,1759252
NLA009801164,2411730
MNG-S2014-0199,497491
MNG-S2014-0199,797736
MNG-S2014-0199,931123
MNG-S2014-0199,1759252
MNG-S2014-0199,2505085
Peru2937,62657
Peru2937,514245
Peru2937,1759252
Peru2937,4229087
ERR4810959,497491
ERR4810959,797736
ERR4810959,931123
ERR4810959,1759252
ERR4810959,2505085
Peru4679,62657
Peru4679,107794
Peru4679,891756
Peru4679,1759252
ERR4796861,497491
ERR4796861,797736
ERR4796861,931123
ERR4796861,1759252
ERR4796861,2505085
ERR4830985,497491
ERR4830985,797736
ERR4830985,931123
ERR4830985,1759252
ERR4830985,2505085
ERR4808905,346693
ERR4808905,497491
ERR4808905,931123
ERR4808905,1759252
ERR4808905,2505085
ERR4813967,403364
ERR4813967,764995
ERR4813967,1759252
ERR4810995,497491
ERR4810995,797736
ERR4810995,931123
ERR4810995,1759252
ERR4810995,2505085
ERR4813427,403364
ERR4813427,764995
ERR4813427,1759252
ERR4812486,62657
ERR4812486,107794
ERR4812486,891756
ERR4812486,1759252
ERR4796888,931123
ERR4796888,1759252
ERR4796888,3273107
ERR4830731,355181
ERR4830731,1759252
ERR4830731,4151558
ERR4830731,4307886
C405,346693
C405,497491
C405,931123
C405,1759252
C405,2505085
ERR4812467,1759252
ERR4812467,3836739
ERR4831106,497491
ERR4831106,797736
ERR4831106,931123
ERR4831106,1759252
ERR4831106,2505085
ERR4811498,1759252
ERR4811498,4246508
ERR4811498,4307886
ERR4813476,403364
ERR4813476,764995
ERR4813476,1759252
ERR4810874,497491
ERR4810874,797736
ERR4810874,931123
ERR4810874,1759252
ERR4810874,2505085
ERR4809302,764995
ERR4809302,1759252
ERR4809302,3388166
ERR4809302,4316114
ERR4797824,497491
ERR4797824,797736
ERR4797824,931123
ERR4797824,1759252
ERR4797824,2505085
ERR4812584,62657
ERR4812584,514245
ERR4812584,1759252
ERR3287432,764995
ERR3287432,1132368
ERR3287432,1759252
ERR3287432,3977226
ERR3287645,403364
ERR3287645,764995
ERR3287645,1759252
FS500-243,355181
FS500-243,1759252
FS500-243,4151558
FS500-243,4307886
03R0070,403364
03R0070,764995
03R0070,1759252
Peru4474,403364
Peru4474,764995
Peru4474,1759252
ERR4797483,1759252
ERR4797483,3836739
SAMEA3558203,62657
SAMEA3558203,514245
SAMEA3558203,1759252
SAMEA3558203,4229087
ERR4796562,497491
ERR4796562,797736
ERR4796562,931123
ERR4796562,1759252
ERR4796562,2505085
Peru4623,62657
Peru4623,514245
Peru4623,1759252
Peru4623,4229087
ERR2510635,931123
ERR2510635,1759252
ERR2510635,3273107
ERR4810844,497491
ERR4810844,797736
ERR4810844,931123
ERR4810844,1759252
ERR4810844,2505085
SAMN01925692,1719757
SAMN01925692,1759252
ERR4796692,62657
ERR4796692,107794
ERR4796692,891756
ERR4796692,1759252
SAMN02360611,346693
SAMN02360611,497491
SAMN02360611,931123
SAMN02360611,1759252
SAMN02360611,2505085
Peru4901,62657
Peru4901,514245
Peru4901,1759252
Peru4901,4229087
ERR4830639,497491
ERR4830639,797736
ERR4830639,931123
ERR4830639,1759252
ERR4830639,2505085
ERR4830259,497491
ERR4830259,797736
ERR4830259,931123
ERR4830259,1759252
ERR4830259,2505085
ERR4809080,764995
ERR4809080,1759252
ERR4809080,3388166
ERR4809080,4316114
ERR4828639,497491
ERR4828639,797736
ERR4828639,931123
ERR4828639,1759252
ERR4828639,2505085
IDR1900043328,931123
IDR1900043328,1759252
IDR1900043328,1882180
IDR1900043328,2831482
ERR3287373,62657
ERR3287373,107794
ERR3287373,891756
ERR3287373,1759252
ERR4797714,615938
ERR4797714,931123
ERR4797714,1759252
ERR4797714,2622402
ERR4797714,4404247
ERR4828558,497491
ERR4828558,797736
ERR4828558,931123
ERR4828558,1759252
ERR4828558,2505085
ERR4831024,497491
ERR4831024,797736
ERR4831024,931123
ERR4831024,1759252
ERR4831024,2505085
ERR4831024,4248115
ERR4831966,497491
ERR4831966,797736
ERR4831966,931123
ERR4831966,1759252
ERR4831966,2505085
ERR4830446,615938
ERR4830446,931123
ERR4830446,1759252
ERR4830446,3021283
ERR4830446,3216553
ERR4830446,4404247
ERR5917704,497491
ERR5917704,797736
ERR5917704,931123
ERR5917704,1759252
ERR5917704,2505085
ERR3287760,497491
ERR3287760,797736
ERR3287760,931123
ERR3287760,1759252
ERR3287760,2505085
ERR4828598,1719757
ERR4828598,1759252
ERR5918101,764995
ERR5918101,1759252
ERR5918101,3977226
ERR5918101,4398141
ERR3287763,403364
ERR3287763,764995
ERR3287763,1759252
ERR4831172,1759252
ERR4831172,3836739
03R0780,764995
03R0780,1759252
03R0780,4316114
ERR4829443,615614
ERR4829443,764995
ERR4829443,1759252
NLA000017891,403364
NLA000017891,764995
NLA000017891,1759252
ERR4829593,931123
ERR4829593,1237818
ERR4829593,1759252
ERR4829593,3273107
ERR4829593,3722702
IDR1800044745,1759252
IDR1800044745,3836739
ERR4813408,764995
ERR4813408,1132368
ERR4813408,1759252
ERR4813408,3977226
ERR4808990,615938
ERR4808990,931123
ERR4808990,1759252
ERR4808990,3470377
ERR4830666,62657
ERR4830666,891756
ERR4830666,1759252
ERR4796633,497491
ERR4796633,797736
ERR4796633,931123
ERR4796633,1759252
ERR4796633,2505085
ERR4830137,497491
ERR4830137,797736
ERR4830137,931123
ERR4830137,1759252
ERR4830137,2505085
ERR4797349,1759252
ERR4797349,3836739
ERR4831883,497491
ERR4831883,797736
ERR4831883,931123
ERR4831883,1759252
ERR4831883,2505085
ERR4831883,4248115
JPN-R2012-0016,497491
JPN-R2012-0016,797736
JPN-R2012-0016,931123
JPN-R2012-0016,1759252
JPN-R2012-0016,2505085
M0013032-9,1759252
M0013032-9,3836739
ERR4798068,497491
ERR4798068,797736
ERR4798068,931123
ERR4798068,1759252
ERR4798068,2505085
ERR4828256,615938
ERR4828256,931123
ERR4828256,1759252
ERR4828256,3479545
ERR4810559,1759252
ERR4810559,4246508
ERR4810559,4307886
SAMN02360592,346693
SAMN02360592,497491
SAMN02360592,931123
SAMN02360592,1759252
SAMN02360592,2505085
ERR2510577,931123
ERR2510577,1759252
ERR2510577,3273107
ERR4809036,497491
ERR4809036,797736
ERR4809036,931123
ERR4809036,1759252
ERR4809036,2505085
ERR4798318,931123
ERR4798318,1759252
ERR4798318,3273107
ERR4798318,3722702
ERR4809161,355181
ERR4809161,1759252
ERR4809161,4151558
ERR4809161,4307886
ERR4797412,497491
ERR4797412,797736
ERR4797412,931123
ERR4797412,1759252
ERR4797412,2505085
ERR4830439,497491
ERR4830439,797736
ERR4830439,931123
ERR4830439,1759252
ERR4830439,2505085
ERR4811669,62657
ERR4811669,107794
ERR4811669,891756
ERR4811669,1759252
JPN-R2012-0049,497491
JPN-R2012-0049,797736
JPN-R2012-0049,931123
JPN-R2012-0049,1759252
JPN-R2012-0049,2505085
ERR4830300,497491
ERR4830300,797736
ERR4830300,931123
ERR4830300,1759252
ERR4830300,2505085
ERR4796822,1487796
ERR4796822,1759252
ERR4796822,2411730
TDR190S178L002,1759252
TDR190S178L002,4249732
ERR4813938,1759252
ERR4813938,3836739
Peru4932,1759252
ERR4797307,497491
ERR4797307,797736
ERR4797307,931123
ERR4797307,1759252
ERR4797307,2505085
ERR4811504,497491
ERR4811504,797736
ERR4811504,931123
ERR4811504,1759252
ERR4811504,2505085
MNG-S2014-0040,497491
MNG-S2014-0040,797736
MNG-S2014-0040,931123
MNG-S2014-0040,1759252
MNG-S2014-0040,2505085
ERR4796609,1759252
ERR4796609,3836739
ERR4808922,497491
ERR4808922,797736
ERR4808922,931123
ERR4808922,1759252
ERR4808922,2505085
ERR4810983,346693
ERR4810983,497491
ERR4810983,931123
ERR4810983,1759252
ERR4810983,2505085
ERR4811580,1719757
ERR4811580,1759252
TRL0114831,403364
TRL0114831,764995
TRL0114831,1759252
ERR4830716,1759252
ERR4830716,3836739
ERR3287695,62657
ERR3287695,107794
ERR3287695,891756
ERR3287695,1759252
C228,62657
C228,514245
C228,1759252
C228,4229087
KOR-K2016-0206,497491
KOR-K2016-0206,797736
KOR-K2016-0206,931123
KOR-K2016-0206,1759252
KOR-K2016-0206,2505085
ERR4811761,62657
ERR4811761,514245
ERR4811761,1759252
ERR4811761,4229087
C194,1759252
C194,2875883
C194,3466426
C194,4125058
EC111-263,764995
EC111-263,1759252
EC111-263,3388166
EC111-263,4316114
FS550-364,514245
FS550-364,1759252
ERR5918119,403364
ERR5918119,764995
ERR5918119,1759252
SAMN02360549,497491
SAMN02360549,797736
SAMN02360549,931123
SAMN02360549,1759252
SAMN02360549,2505085
C149,497491
C149,797736
C149,931123
C149,1759252
C149,2505085
ERR4829032,615938
ERR4829032,931123
ERR4829032,1759252
ERR4829032,2622402
ERR4829032,4404247
ERR5917668,403364
ERR5917668,764995
ERR5917668,1759252
ERR4829017,62657
ERR4829017,107794
ERR4829017,891756
ERR4829017,1759252
ERR4831861,497491
ERR4831861,797736
ERR4831861,931123
ERR4831861,1759252
ERR4831861,2505085
ERR4796647,497491
ERR4796647,797736
ERR4796647,931123
ERR4796647,1759252
ERR4796647,2505085
ERR4809203,615938
ERR4809203,931123
ERR4809203,1759252
ERR4809203,3470377
19-1773-0163,497491
19-1773-0163,797736
19-1773-0163,931123
19-1773-0163,1759252
19-1773-0163,2505085
ERR4811945,62657
ERR4811945,107794
ERR4811945,891756
ERR4811945,1759252
ERR4811925,62657
ERR4811925,107794
ERR4811925,891756
ERR4811925,1759252
ERR4796710,931123
ERR4796710,1759252
ERR4796710,3273107
ERR4796710,3722702
ERR4830635,1719757
ERR4830635,1759252
ERR4830893,62657
ERR4830893,107794
ERR4830893,891756
ERR4830893,1759252
ERR4829693,62657
ERR4829693,107794
ERR4829693,891756
ERR4829693,1759252
ERR4828355,497491
ERR4828355,797736
ERR4828355,931123
ERR4828355,1759252
ERR4828355,2505085
ERR4828355,4248115
ERR3287870,62657
ERR3287870,107794
ERR3287870,891756
ERR3287870,1759252
ERR4808887,346693
ERR4808887,497491
ERR4808887,931123
ERR4808887,1759252
ERR4808887,2505085
Peru4017,62657
Peru4017,107794
Peru4017,891756
Peru4017,1759252
ERR4829375,1759252
ERR4829375,2875883
ERR4829375,3466426
ERR4829375,4125058
ERR2184544,403364
ERR2184544,764995
ERR2184544,1759252
IDR1600003443,497491
IDR1600003443,797736
IDR1600003443,931123
IDR1600003443,1759252
IDR1600003443,2505085
ERR4810588,497491
ERR4810588,797736
ERR4810588,931123
ERR4810588,1759252
ERR4810588,2505085
ERR4810799,497491
ERR4810799,797736
ERR4810799,931123
ERR4810799,1759252
ERR4810799,2505085
ERR4809140,497491
ERR4809140,797736
ERR4809140,931123
ERR4809140,1759252
ERR4809140,2505085
ERR4797231,497491
ERR4797231,797736
ERR4797231,931123
ERR4797231,1759252
ERR4797231,2505085
ERR4813541,764995
ERR4813541,1759252
ERR4813541,4316114
ERR2184420,62657
ERR2184420,107794
ERR2184420,891756
ERR2184420,1759252
TDR12S99L002,931123
TDR12S99L002,1759252
TDR12S99L002,3273107
ERR5917712,403364
ERR5917712,764995
ERR5917712,1759252
KOR-K2016-0104,497491
KOR-K2016-0104,797736
KOR-K2016-0104,931123
KOR-K2016-0104,1759252
KOR-K2016-0104,2505085
MNG-S2014-0012,497491
MNG-S2014-0012,797736
MNG-S2014-0012,931123
MNG-S2014-0012,1759252
MNG-S2014-0012,2505085
ERR2184652,497491
ERR2184652,797736
ERR2184652,931123
ERR2184652,1759252
ERR2184652,2505085
ERR4831404,497491
ERR4831404,797736
ERR4831404,931123
ERR4831404,1759252
ERR4831404,2505085
ERR4810694,1719757
ERR4810694,1759252
ERR4830791,615938
ERR4830791,931123
ERR4830791,1759252
ERR4830791,2622402
ERR4830791,4404247
OK00054059,62657
OK00054059,514245
OK00054059,1759252
OK00054059,4229087
JPN-R2013-0093,497491
JPN-R2013-0093,797736
JPN-R2013-0093,931123
JPN-R2013-0093,1759252
JPN-R2013-0093,2505085
ERR4830080,497491
ERR4830080,797736
ERR4830080,931123
ERR4830080,1759252
ERR4830080,2505085
ERR5918017,931123
ERR5918017,1759252
ERR5918017,3273107
FS010-2-160,62657
FS010-2-160,514245
FS010-2-160,1759252
FS010-2-160,4229087
ERR2184362,62657
ERR2184362,107794
ERR2184362,891756
ERR2184362,1759252
KOR-K2016-0145,346693
KOR-K2016-0145,497491
KOR-K2016-0145,931123
KOR-K2016-0145,1759252
KOR-K2016-0145,2505085
TDR205S167L002,62657
TDR205S167L002,107794
TDR205S167L002,891756
TDR205S167L002,1759252
KOR-K2016-0067,403364
KOR-K2016-0067,764995
KOR-K2016-0067,1759252
ERR4797535,497491
ERR4797535,797736
ERR4797535,931123
ERR4797535,1759252
ERR4797535,2505085
ERR4831066,497491
ERR4831066,797736
ERR4831066,931123
ERR4831066,1759252
ERR4831066,2505085
ERR4831940,497491
ERR4831940,797736
ERR4831940,931123
ERR4831940,1759252
ERR4831940,2505085
Peru4528,497491
Peru4528,797736
Peru4528,931123
Peru4528,1759252
Peru4528,2505085
ERR4822348,346693
ERR4822348,497491
ERR4822348,931123
ERR4822348,1759252
ERR4822348,2505085
C203,403364
C203,764995
C203,1759252
ERR4809089,497491
ERR4809089,797736
ERR4809089,931123
ERR4809089,1759252
ERR4809089,2505085
ERR4811597,1487796
ERR4811597,1759252
ERR4811597,2411730
ERR4829146,1759252
ERR4829146,2875883
ERR4829146,3466426
ERR4829146,4125058
SAMN02381023,1487796
SAMN02381023,1759252
SAMN02381023,2411730
02R1854,403364
02R1854,764995
02R1854,1759252
Peru5090,62657
Peru5090,107794
Peru5090,891756
Peru5090,1759252
ERR4813471,764995
ERR4813471,1759252
ERR4813471,3977226
ERR4813471,4398141
ERR3287841,62657
ERR3287841,107794
ERR3287841,891756
ERR3287841,1759252
ERR5917763,1759252
ERR5917763,3836739
ERR4812021,403364
ERR4812021,764995
ERR4812021,1759252
Peru5023,62657
Peru5023,107794
Peru5023,891756
Peru5023,1759252
JF00065486,355181
JF00065486,1759252
JF00065486,4151558
JF00065486,4307886
ERR3287619,764995
ERR3287619,1132368
ERR3287619,1759252
ERR3287619,3977226
TDR121S175L002,1759252
TDR121S175L002,3836739
ERR5917735,1759252
ERR5917735,3836739
ERR2510616,1487796
ERR2510616,1759252
ERR2510616,2411730
C071,497491
C071,797736
C071,931123
C071,1759252
C071,2505085
ERR4796693,615938
ERR4796693,931123
ERR4796693,1491275
ERR4796693,1759252
ERR4796693,4404247
ERR4812564,764995
ERR4812564,1759252
ERR4812564,4316114
C137,403364
C137,764995
C137,1759252
ERR4796957,931123
ERR4796957,1759252
ERR4796957,3273107
ERR4812549,403364
ERR4812549,764995
ERR4812549,1759252
ERR4797675,931123
ERR4797675,1759252
ERR4797675,3273107
ERR4813420,62657
ERR4813420,514245
ERR4813420,1759252
ERR4813420,4229087
TDR2S98L002,615938
TDR2S98L002,931123
TDR2S98L002,1491275
TDR2S98L002,1759252
TDR2S98L002,4404247
C165,497491
C165,797736
C165,931123
C165,1759252
C165,2505085
C165,4248115
Peru3413,497491
Peru3413,797736
Peru3413,931123
Peru3413,1759252
Peru3413,2505085
ERR4813422,403364
ERR4813422,764995
ERR4813422,1759252
ERR2184447,62657
ERR2184447,514245
ERR2184447,1759252
TRL0115096,62657
TRL0115096,514245
TRL0115096,1759252
TRL0115096,4229087
ERR2510680,497491
ERR2510680,797736
ERR2510680,931123
ERR2510680,1759252
ERR2510680,2505085
ERR2510308,931123
ERR2510308,1759252
ERR2510308,3273107
ERR4812343,403364
ERR4812343,764995
ERR4812343,1759252
ERR4797467,615938
ERR4797467,931123
ERR4797467,1759252
ERR4797467,2622402
ERR4797467,4404247
TDR231S203L002,497491
TDR231S203L002,797736
TDR231S203L002,931123
TDR231S203L002,1759252
TDR231S203L002,2505085
ERR4797529,497491
ERR4797529,797736
ERR4797529,931123
ERR4797529,1759252
ERR4797529,2505085
ERR4829404,1759252
ERR4829404,3836739
ERR4810463,497491
ERR4810463,797736
ERR4810463,931123
ERR4810463,1759252
ERR4810463,2505085
02R1941,62657
02R1941,107794
02R1941,891756
02R1941,1759252
ERR4828485,497491
ERR4828485,797736
ERR4828485,931123
ERR4828485,1759252
ERR4828485,2505085
Peru3004,764995
Peru3004,1759252
Peru3004,4316114
ERR4797949,931123
ERR4797949,1759252
ERR4797949,3273107
ERR4797520,1759252
ERR4797520,2694560
ERR4797520,4151558
ERR4797520,4307886
Peru4057,1759252
Peru3991,62657
Peru3991,107794
Peru3991,891756
Peru3991,1759252
IDR1700006498,615938
IDR1700006498,931123
IDR1700006498,1759252
IDR1700006498,3470377
ERR4812428,62657
ERR4812428,107794
ERR4812428,891756
ERR4812428,1759252
PA00082962,497491
PA00082962,797736
PA00082962,931123
PA00082962,1759252
PA00082962,2505085
ERR4830043,497491
ERR4830043,797736
ERR4830043,931123
ERR4830043,1759252
ERR4830043,2505085
ERR4808896,346693
ERR4808896,497491
ERR4808896,931123
ERR4808896,1759252
ERR4808896,2505085
ERR4830194,615938
ERR4830194,931123
ERR4830194,1759252
ERR4830194,3021283
ERR4830194,4404247
ERR4830398,497491
ERR4830398,797736
ERR4830398,931123
ERR4830398,1759252
ERR4830398,2505085
ERR4796814,931123
ERR4796814,1237818
ERR4796814,1759252
ERR4796814,3273107
ERR4796814,3722702
ERR2184658,62657
ERR2184658,107794
ERR2184658,891756
ERR2184658,1759252
ERR2510840,497491
ERR2510840,797736
ERR2510840,931123
ERR2510840,1759252
ERR2510840,2505085
ERR4811985,497491
ERR4811985,797736
ERR4811985,931123
ERR4811985,1759252
ERR4811985,2505085
ERR4814038,62657
ERR4814038,891756
ERR4814038,1759252
ERR4812371,62657
ERR4812371,107794
ERR4812371,891756
ERR4812371,1759252
Peru3052,764995
Peru3052,1759252
Peru3052,3977226
Peru3052,4398141
ERR4796849,497491
ERR4796849,797736
ERR4796849,931123
ERR4796849,1759252
ERR4796849,2505085
TDR143S110L002,355181
TDR143S110L002,1759252
TDR143S110L002,4151558
TDR143S110L002,4307886
ERR4830827,931123
ERR4830827,1759252
ERR4830827,3273107
Peru5092,1759252
Peru5092,4249732
KOR-K2016-0177,497491
KOR-K2016-0177,797736
KOR-K2016-0177,931123
KOR-K2016-0177,1759252
KOR-K2016-0177,2505085
ERR4811473,497491
ERR4811473,797736
ERR4811473,931123
ERR4811473,1759252
ERR4811473,2505085
ERR4830918,497491
ERR4830918,797736
ERR4830918,931123
ERR4830918,1759252
ERR4830918,2505085
C475,497491
C475,797736
C475,931123
C475,1759252
C475,2505085
ERR4814022,764995
ERR4814022,1132368
ERR4814022,1759252
ERR4814022,3977226
ERR4829050,497491
ERR4829050,797736
ERR4829050,931123
ERR4829050,1759252
ERR4829050,2505085
Peru4010,1759252
1739,497491
1739,797736
1739,931123
1739,1759252
1739,2505085
ERR4808960,497491
ERR4808960,797736
ERR4808960,931123
ERR4808960,1759252
ERR4808960,2505085
ERR4829872,62657
ERR4829872,107794
ERR4829872,891756
ERR4829872,1759252
ERR4830099,497491
ERR4830099,797736
ERR4830099,931123
ERR4830099,1759252
ERR4830099,2505085
ERR4828258,497491
ERR4828258,797736
ERR4828258,931123
ERR4828258,1759252
ERR4828258,2505085
ERR4829680,62657
ERR4829680,107794
ERR4829680,891756
ERR4829680,1759252
ERR4796808,497491
ERR4796808,797736
ERR4796808,931123
ERR4796808,1759252
ERR4796808,2505085
ERR4830963,497491
ERR4830963,797736
ERR4830963,931123
ERR4830963,1759252
ERR4830963,2505085
ERR4796998,497491
ERR4796998,797736
ERR4796998,931123
ERR4796998,1759252
ERR4796998,2505085
ERR4813016,764995
ERR4813016,1759252
ERR4813016,4316114
EC054-162,403364
EC054-162,764995
EC054-162,1759252
IDR1900021411,403364
IDR1900021411,764995
IDR1900021411,1759252
ERR4829556,62657
ERR4829556,107794
ERR4829556,891756
ERR4829556,1759252
ERR4809020,62657
ERR4809020,891756
ERR4809020,1759252
TRL0113093,62657
TRL0113093,107794
TRL0113093,891756
TRL0113093,1759252
ERR4831257,497491
ERR4831257,797736
ERR4831257,931123
ERR4831257,1759252
ERR4831257,2505085
24260,797736
24260,931123
24260,1759252
24260,2505085
ERR3287864,1759252
ERR4829549,497491
ERR4829549,797736
ERR4829549,931123
ERR4829549,1759252
ERR4829549,2505085
ERR4810660,497491
ERR4810660,797736
ERR4810660,931123
ERR4810660,1759252
ERR4810660,2505085
ERR4830911,497491
ERR4830911,797736
ERR4830911,931123
ERR4830911,1759252
ERR4830911,2505085
ERR4809094,62657
ERR4809094,514245
ERR4809094,1759252
ERR4809094,4229087
ERR4831417,764995
ERR4831417,1132368
ERR4831417,1759252
ERR4831417,3977226
ERR4813951,62657
ERR4813951,107794
ERR4813951,891756
ERR4813951,1759252
GA329-414,615938
GA329-414,931123
GA329-414,1759252
GA329-414,3470377
IDR1100022011,497491
IDR1100022011,797736
IDR1100022011,931123
IDR1100022011,1759252
IDR1100022011,2505085
IDR1100022011,4248115
ERR4809124,403364
ERR4809124,764995
ERR4809124,1759252
00R0453,403364
00R0453,764995
00R0453,1759252
ERR4830597,497491
ERR4830597,797736
ERR4830597,931123
ERR4830597,1759252
ERR4830597,2505085
Peru4960,403364
Peru4960,764995
Peru4960,1759252
ERR4797883,497491
ERR4797883,797736
ERR4797883,931123
ERR4797883,1759252
ERR4797883,2505085
ERR4797503,497491
ERR4797503,797736
ERR4797503,931123
ERR4797503,1759252
ERR4797503,2505085
ERR4822326,497491
ERR4822326,797736
ERR4822326,931123
ERR4822326,1759252
ERR4822326,2505085
Peru4319,62657
Peru4319,107794
Peru4319,891756
Peru4319,1759252
ERR2510590,931123
ERR2510590,1759252
ERR2510590,3273107
Peru4116,62657
Peru4116,107794
Peru4116,891756
Peru4116,1759252
ERR4813256,62657
ERR4813256,107794
ERR4813256,891756
ERR4813256,1759252
ERR4811233,346693
ERR4811233,497491
ERR4811233,931123
ERR4811233,1759252
ERR4811233,2505085
ERR2510498,931123
ERR2510498,1759252
ERR2510498,3273107
ERR4796617,615938
ERR4796617,931123
ERR4796617,1759252
ERR4796617,3470377
ERR4812338,62657
ERR4812338,107794
ERR4812338,891756
ERR4812338,1759252
Peru4489,62657
Peru4489,891756
Peru4489,1759252
ERR4830714,931123
ERR4830714,1759252
ERR4830714,3273107
ERR4810749,1719757
ERR4810749,1759252
Peru5413,62657
Peru5413,514245
Peru5413,1759252
ERR4811537,497491
ERR4811537,797736
ERR4811537,931123
ERR4811537,1759252
ERR4811537,2505085
ERR4809128,931123
ERR4809128,1084911
ERR4809128,1759252
ERR4809128,3273107
TDR105S128L002,497491
TDR105S128L002,797736
TDR105S128L002,931123
TDR105S128L002,1759252
TDR105S128L002,2505085
ERR4828854,62657
ERR4828854,514245
ERR4828854,1759252
ERR4828854,1850119
TDR27S111L002,1759252
TDR27S111L002,3836739
SAMEA3558168,62657
SAMEA3558168,514245
SAMEA3558168,1759252
SAMEA3558168,1850119
ERR4812217,62657
ERR4812217,107794
ERR4812217,891756
ERR4812217,1759252
ERR4797652,497491
ERR4797652,797736
ERR4797652,931123
ERR4797652,1759252
ERR4797652,2505085
ERR4812702,355181
ERR4812702,1759252
ERR4812702,4151558
ERR4812702,4307886
M0009653-8,764995
M0009653-8,1759252
M0009653-8,4316114
JPN-R2012-0031,497491
JPN-R2012-0031,797736
JPN-R2012-0031,931123
JPN-R2012-0031,1759252
JPN-R2012-0031,2505085
ERR4796348,497491
ERR4796348,797736
ERR4796348,931123
ERR4796348,1759252
ERR4796348,2505085
ERR4796348,3836274
ERR4811872,1759252
C067,497491
C067,797736
C067,931123
C067,1759252
C067,2505085
ERR4830599,497491
ERR4830599,797736
ERR4830599,931123
ERR4830599,1759252
ERR4830599,2505085
ERR3287335,403364
ERR3287335,764995
ERR3287335,1759252
ERR4829675,1759252
ERR4829675,4249732
ERR4809349,346693
ERR4809349,497491
ERR4809349,931123
ERR4809349,1759252
ERR4809349,2505085
TRL0090177,497491
TRL0090177,797736
TRL0090177,931123
TRL0090177,1759252
TRL0090177,2505085
TRL0090177,4248115
ERR4808982,497491
ERR4808982,797736
ERR4808982,931123
ERR4808982,1759252
ERR4808982,2505085
ERR4796856,931123
ERR4796856,1759252
ERR4796856,3273107
ERR4811242,1719757
ERR4811242,1759252
ERR2184204,764995
ERR2184204,1759252
ERR2184204,3977226
ERR2184204,4398141
Peru3047,62657
Peru3047,107794
Peru3047,891756
Peru3047,1759252
Peru3366,403364
Peru3366,764995
Peru3366,1759252
ERR4830072,497491
ERR4830072,797736
ERR4830072,931123
ERR4830072,1759252
ERR4830072,2505085
ERR4796515,931123
ERR4796515,1759252
ERR4796515,1882180
ERR4796515,2831482
ERR4830146,497491
ERR4830146,797736
ERR4830146,931123
ERR4830146,1759252
ERR4830146,2505085
ERR4809269,346693
ERR4809269,497491
ERR4809269,931123
ERR4809269,1759252
ERR4809269,2505085
ERR3287867,62657
ERR3287867,514245
ERR3287867,1759252
ERR3287867,4229087
ERR4810940,346693
ERR4810940,497491
ERR4810940,931123
ERR4810940,1759252
ERR4810940,2505085
TDR92S187L002,1759252
ERR4828867,615614
ERR4828867,764995
ERR4828867,1759252
ERR4798320,931123
ERR4798320,1759252
ERR4798320,3273107
ERR4798320,3722702
ERR3287323,1759252
ERR4830603,497491
ERR4830603,797736
ERR4830603,931123
ERR4830603,1759252
ERR4830603,2505085
Peru3037,403364
Peru3037,764995
Peru3037,1759252
TRL0103300,62657
TRL0103300,514245
TRL0103300,1759252
TRL0103300,4229087
ERR5918092,764995
ERR5918092,1759252
ERR5918092,3388166
ERR5918092,4316114
ERR2510655,497491
ERR2510655,797736
ERR2510655,931123
ERR2510655,1759252
ERR2510655,2505085
ERR2510268,931123
ERR2510268,1759252
ERR2510268,3273107
ERR4828202,346693
ERR4828202,497491
ERR4828202,931123
ERR4828202,1759252
ERR4828202,2505085
ERR4831325,1487796
ERR4831325,1759252
ERR4831325,2411730
ERR4830359,797736
ERR4830359,931123
ERR4830359,1759252
ERR4830359,2505085
ERR2510489,1759252
ERR2510489,3466426
ERR2510489,4125058
JPN-R2014-0109,497491
JPN-R2014-0109,797736
JPN-R2014-0109,931123
JPN-R2014-0109,1759252
JPN-R2014-0109,2505085
ERR4796840,497491
ERR4796840,797736
ERR4796840,931123
ERR4796840,1759252
ERR4796840,2505085
TRL0115937,497491
TRL0115937,797736
TRL0115937,931123
TRL0115937,1759252
TRL0115937,2505085
TRL0115937,4248115
ERR4809002,615938
ERR4809002,931123
ERR4809002,1759252
ERR4809002,3470377
ERR4811977,62657
ERR4811977,107794
ERR4811977,891756
ERR4811977,1759252
ERR4831223,403364
ERR4831223,764995
ERR4831223,1759252
ERR4810679,497491
ERR4810679,797736
ERR4810679,931123
ERR4810679,1759252
ERR4810679,2505085
ERR4797747,931123
ERR4797747,1759252
ERR4797747,3273107
ERR4829732,1759252
ERR4829732,4249732
ERR4811689,403364
ERR4811689,764995
ERR4811689,1759252
ERR4809148,497491
ERR4809148,797736
ERR4809148,931123
ERR4809148,1759252
ERR4809148,2505085
C427,497491
C427,797736
C427,931123
C427,1759252
C427,2505085
ERR4812947,403364
ERR4812947,764995
ERR4812947,1759252
Peru4112,62657
Peru4112,107794
Peru4112,891756
Peru4112,1759252
ERR2184525,403364
ERR2184525,764995
ERR2184525,1759252
ERR2510645,931123
ERR2510645,1759252
ERR2510645,3273107
NLA009901354,783601
NLA009901354,1759252
NLA009901354,2411730
ERR2184464,1759252
ERR2184464,3836739
Peru3376,1759252
IDR1900025332,497491
IDR1900025332,797736
IDR1900025332,931123
IDR1900025332,1759252
IDR1900025332,2505085
ERR4798371,497491
ERR4798371,797736
ERR4798371,931123
ERR4798371,1759252
ERR4798371,2505085
ERR4798371,4248115
C199,497491
C199,797736
C199,931123
C199,1759252
C199,2505085
ERR2510260,931123
ERR2510260,1759252
ERR2510260,3273107
ERR5918135,497491
ERR5918135,797736
ERR5918135,931123
ERR5918135,1759252
ERR5918135,2505085
ERR2184314,764995
ERR2184314,1759252
ERR2184314,3977226
ERR2184314,4398141
ERR4830035,931123
ERR4830035,1759252
ERR4830035,3273107
SAMN02381021,874787
SAMN02381021,1759252
SAMN02381021,3466426
SAMN02381021,4260268
ERR4810958,1487796
ERR4810958,1759252
ERR4810958,2411730
Peru3326,62657
Peru3326,107794
Peru3326,891756
Peru3326,1759252
TRL0074347,497491
TRL0074347,797736
TRL0074347,931123
TRL0074347,1759252
TRL0074347,2505085
ERR4811729,764995
ERR4811729,1132368
ERR4811729,1759252
ERR4811729,3977226
ERR4796789,497491
ERR4796789,797736
ERR4796789,931123
ERR4796789,1759252
ERR4796789,2505085
ERR4828644,497491
ERR4828644,797736
ERR4828644,931123
ERR4828644,1759252
ERR4828644,2505085
ERR4828644,4248115
ERR4830069,497491
ERR4830069,797736
ERR4830069,931123
ERR4830069,1759252
ERR4830069,2505085
ERR4822364,497491
ERR4822364,797736
ERR4822364,931123
ERR4822364,1759252
ERR4822364,2505085
ERR4796844,931123
ERR4796844,1759252
ERR4796844,3273107
KOR-K2016-0106,346693
KOR-K2016-0106,497491
KOR-K2016-0106,931123
KOR-K2016-0106,1759252
KOR-K2016-0106,2505085
ERR4812716,497491
ERR4812716,797736
ERR4812716,931123
ERR4812716,1759252
ERR4812716,2505085
JPN-R2012-0026,346693
JPN-R2012-0026,497491
JPN-R2012-0026,931123
JPN-R2012-0026,1759252
JPN-R2012-0026,2505085
ERR5918143,403364
ERR5918143,764995
ERR5918143,1759252
ERR4810974,497491
ERR4810974,797736
ERR4810974,931123
ERR4810974,1759252
ERR4810974,2505085
SAMEA3558184,403364
SAMEA3558184,764995
SAMEA3558184,1759252
ERR2184530,62657
ERR2184530,107794
ERR2184530,891756
ERR2184530,1759252
ERR4812418,764995
ERR4812418,1759252
ERR4812418,4316114
ERR4830503,497491
ERR4830503,797736
ERR4830503,931123
ERR4830503,1759252
ERR4830503,2505085
ERR4797411,615938
ERR4797411,931123
ERR4797411,1759252
ERR4797411,2622402
ERR4797411,4404247
TRL0115659,62657
TRL0115659,514245
TRL0115659,1759252
TRL0115659,4229087
ERR4811899,497491
ERR4811899,797736
ERR4811899,931123
ERR4811899,1759252
ERR4811899,2505085
ERR4830523,497491
ERR4830523,797736
ERR4830523,931123
ERR4830523,1759252
ERR4830523,2505085
KOR-K2016-0025,497491
KOR-K2016-0025,797736
KOR-K2016-0025,931123
KOR-K2016-0025,1759252
KOR-K2016-0025,2505085
ERR4809274,615938
ERR4809274,931123
ERR4809274,1759252
ERR4809274,3470377
C291,497491
C291,797736
C291,931123
C291,1759252
C291,2505085
C291,4248115
Peru3282,497491
Peru3282,797736
Peru3282,931123
Peru3282,1759252
Peru3282,2505085
ERR4830246,497491
ERR4830246,797736
ERR4830246,931123
ERR4830246,1759252
ERR4830246,2505085
02R1485,403364
02R1485,764995
02R1485,1759252
Peru4900,1759252
ERR4828622,497491
ERR4828622,797736
ERR4828622,931123
ERR4828622,1759252
ERR4828622,2505085
ERR4829913,1759252
ERR4829913,4249732
ERR2510665,403364
ERR2510665,764995
ERR2510665,1759252
1767,62657
1767,1759252
ERR4797702,497491
ERR4797702,797736
ERR4797702,931123
ERR4797702,1759252
ERR4797702,2505085
TRL0115183,403364
TRL0115183,764995
TRL0115183,1759252
ERR4810640,497491
ERR4810640,797736
ERR4810640,931123
ERR4810640,1759252
ERR4810640,2505085
0310019,346693
0310019,497491
0310019,931123
0310019,1759252
0310019,2505085
ERR4828950,62657
ERR4828950,107794
ERR4828950,891756
ERR4828950,1759252
ERR4811128,497491
ERR4811128,797736
ERR4811128,931123
ERR4811128,1759252
ERR4811128,2505085
ERR4828978,783601
ERR4828978,1759252
ERR4828978,2411730
Peru4490,403364
Peru4490,764995
Peru4490,1759252
TDR220S197L002,1501468
TDR220S197L002,1759252
TDR220S197L002,3466426
TDR220S197L002,4260268
ERR4829841,764995
ERR4829841,1132368
ERR4829841,1759252
ERR4829841,3977226
26228,497491
26228,797736
26228,931123
26228,1759252
26228,2505085
1854,62657
1854,891756
1854,1759252
ERR4829728,783601
ERR4829728,1759252
ERR4829728,2411730
ERR4810861,497491
ERR4810861,797736
ERR4810861,931123
ERR4810861,1759252
ERR4810861,2505085
ERR4810827,1719757
ERR4810827,1759252
C225,62657
C225,514245
C225,1759252
C225,4229087
ERR4812523,497491
ERR4812523,797736
ERR4812523,931123
ERR4812523,1759252
ERR4812523,2505085
ERR4813110,403364
ERR4813110,764995
ERR4813110,1759252
ERR4831766,497491
ERR4831766,797736
ERR4831766,931123
ERR4831766,1759252
ERR4831766,2505085
KOR-K2016-0047,1759252
KOR-K2016-0047,2875883
KOR-K2016-0047,3466426
KOR-K2016-0047,4125058
ERR4796427,497491
ERR4796427,797736
ERR4796427,931123
ERR4796427,1759252
ERR4796427,2505085
Peru4538,62657
Peru4538,107794
Peru4538,891756
Peru4538,1759252
ERR3287474,764995
ERR3287474,1132368
ERR3287474,1759252
ERR3287474,3977226
ERR4831031,1719757
ERR4831031,1759252
ERR5918121,346693
ERR5918121,497491
ERR5918121,931123
ERR5918121,1759252
ERR5918121,2505085
ERR3287861,403364
ERR3287861,764995
ERR3287861,1759252
ERR4830416,497491
ERR4830416,797736
ERR4830416,931123
ERR4830416,1759252
ERR4830416,2505085
ERR4830416,4248115
ERR4796993,615938
ERR4796993,931123
ERR4796993,1759252
ERR4796993,2622402
ERR4796993,4404247
ERR4812591,497491
ERR4812591,797736
ERR4812591,931123
ERR4812591,1759252
ERR4812591,2505085
ERR4831032,497491
ERR4831032,797736
ERR4831032,931123
ERR4831032,1759252
ERR4831032,2505085
Peru5132,1759252
ERR4811303,497491
ERR4811303,797736
ERR4811303,931123
ERR4811303,1759252
ERR4811303,2505085
ERR4830110,497491
ERR4830110,797736
ERR4830110,931123
ERR4830110,1759252
ERR4830110,2505085
ERR4809355,62657
ERR4809355,891756
ERR4809355,1759252
ERR4831458,931123
ERR4831458,1759252
ERR4831458,3273107
ERR4830237,497491
ERR4830237,797736
ERR4830237,931123
ERR4830237,1759252
ERR4830237,2505085
Peru3377,403364
Peru3377,764995
Peru3377,1759252
Peru4058,62657
Peru4058,514245
Peru4058,1759252
Peru4058,4229087
ERR4828170,497491
ERR4828170,797736
ERR4828170,931123
ERR4828170,1759252
ERR4828170,2505085
ERR4797579,497491
ERR4797579,797736
ERR4797579,931123
ERR4797579,1759252
ERR4797579,2505085
TDR140S107L002,1759252
TDR140S107L002,3836739
ERR4831477,931123
ERR4831477,1759252
ERR4831477,3273107
Peru3386,764995
Peru3386,1759252
Peru3386,4316114
SAMN02398697,346693
SAMN02398697,497491
SAMN02398697,931123
SAMN02398697,1759252
SAMN02398697,2505085
Peru5003,1759252
ERR4831985,497491
ERR4831985,797736
ERR4831985,931123
ERR4831985,1759252
ERR4831985,2505085
ERR2510600,931123
ERR2510600,1759252
ERR2510600,3273107
Peru4118,1759252
Peru4118,4249732
ERR2184508,1759252
ERR4828480,497491
ERR4828480,797736
ERR4828480,931123
ERR4828480,1759252
ERR4828480,2505085
ERR4828480,4248115
ERR4798328,1719757
ERR4798328,1759252
Peru4464,62657
Peru4464,107794
Peru4464,891756
Peru4464,1759252
ERR2184517,62657
ERR2184517,891756
ERR2184517,1759252
ERR2184440,764995
ERR2184440,1759252
ERR2184440,3977226
ERR2184440,4398141
Peru5146,62657
Peru5146,107794
Peru5146,891756
Peru5146,1759252
ERR4828402,615938
ERR4828402,931123
ERR4828402,1759252
ERR4828402,3479545
GA316-410,764995
GA316-410,1132368
GA316-410,1502120
GA316-410,1759252
GA316-410,3977226
ERR4831523,931123
ERR4831523,1759252
ERR4831523,3273107
ERR4811001,1719757
ERR4811001,1759252
ERR2184471,62657
ERR2184471,107794
ERR2184471,891756
ERR2184471,1759252
ERR4813755,62657
ERR4813755,107794
ERR4813755,891756
ERR4813755,1759252
Peru3296,62657
Peru3296,107794
Peru3296,891756
Peru3296,1759252
ERR4811395,1759252
ERR4811395,2875883
ERR4811395,3466426
ERR4811395,4125058
ERR4797781,931123
ERR4797781,1759252
ERR4797781,3273107
ERR4797781,3722702
ERR4812731,403364
ERR4812731,764995
ERR4812731,1759252
ERR5917977,346693
ERR5917977,497491
ERR5917977,931123
ERR5917977,1759252
ERR5917977,2505085
C372,1487796
C372,1759252
C372,2411730
ERR4796640,931123
ERR4796640,1759252
ERR4796640,3273107
ERR3287880,62657
ERR3287880,107794
ERR3287880,891756
ERR3287880,1759252
ERR4796518,497491
ERR4796518,797736
ERR4796518,931123
ERR4796518,1759252
ERR4796518,2505085
Peru2933,403364
Peru2933,764995
Peru2933,1759252
ERR4796857,497491
ERR4796857,797736
ERR4796857,931123
ERR4796857,1759252
ERR4796857,2505085
ERR4828555,497491
ERR4828555,797736
ERR4828555,931123
ERR4828555,1759252
ERR4828555,2505085
C127,497491
C127,797736
C127,931123
C127,1759252
C127,2505085
ERR4812605,62657
ERR4812605,107794
ERR4812605,891756
ERR4812605,1759252
ERR4813531,1759252
Peru4741,403364
Peru4741,764995
Peru4741,1759252
C210,497491
C210,797736
C210,931123
C210,1759252
C210,2505085
ERR4813214,497491
ERR4813214,797736
ERR4813214,931123
ERR4813214,1759252
ERR4813214,2505085
03R1504,497491
03R1504,797736
03R1504,931123
03R1504,1759252
03R1504,2505085
ERR2184549,1759252
ERR2184549,3836739
ERR4828914,62657
ERR4828914,107794
ERR4828914,891756
ERR4828914,1759252
M0005949-4,764995
M0005949-4,1759252
M0005949-4,4316114
ERR4814047,62657
ERR4814047,107794
ERR4814047,891756
ERR4814047,1759252
ERR4822629,931123
ERR4822629,1759252
ERR4822629,3273107
ERR4797348,931123
ERR4797348,1759252
ERR4797348,3273107
ERR4797348,3722702
SAMEA3558117,1759252
ERR5918111,497491
ERR5918111,797736
ERR5918111,931123
ERR5918111,1759252
ERR5918111,2505085
IDR1700028161,615938
IDR1700028161,931123
IDR1700028161,1759252
IDR1700028161,3479545
ERR2184215,403364
ERR2184215,764995
ERR2184215,1759252
ERR4811636,1719757
ERR4811636,1759252
ERR4828324,615938
ERR4828324,931123
ERR4828324,1759252
ERR4828324,3021283
ERR4828324,3216553
ERR4828324,4404247
ERR4828333,497491
ERR4828333,797736
ERR4828333,931123
ERR4828333,1759252
ERR4828333,2505085
ERR4828333,4248115
KOR-K2016-0016,346693
KOR-K2016-0016,497491
KOR-K2016-0016,931123
KOR-K2016-0016,1759252
KOR-K2016-0016,2505085
ERR4829634,403364
ERR4829634,764995
ERR4829634,1759252
ERR4831932,497491
ERR4831932,797736
ERR4831932,931123
ERR4831932,1759252
ERR4831932,2505085
ERR4831164,497491
ERR4831164,797736
ERR4831164,931123
ERR4831164,1759252
ERR4831164,2505085
ERR4831164,4248115
ERR4822493,931123
ERR4822493,1084911
ERR4822493,1759252
ERR4822493,3273107
Peru5151,1759252
DH00748222,355181
DH00748222,1759252
DH00748222,4151558
DH00748222,4307886
ERR4810789,497491
ERR4810789,797736
ERR4810789,931123
ERR4810789,1759252
ERR4810789,2505085
ERR4797508,497491
ERR4797508,797736
ERR4797508,931123
ERR4797508,1759252
ERR4797508,2505085
ERR4797992,497491
ERR4797992,797736
ERR4797992,931123
ERR4797992,1759252
ERR4797992,2505085
ERR2184518,403364
ERR2184518,764995
ERR2184518,1759252
ERR4831708,497491
ERR4831708,797736
ERR4831708,931123
ERR4831708,1759252
ERR4831708,2505085
29366,764995
29366,1759252
29366,3388166
29366,4316114
ERR4831772,497491
ERR4831772,797736
ERR4831772,931123
ERR4831772,1759252
ERR4831772,2505085
ERR4828178,615938
ERR4828178,931123
ERR4828178,1491275
ERR4828178,1759252
ERR4828178,4404247
ERR2510658,403364
ERR2510658,764995
ERR2510658,1759252
ERR4809303,615938
ERR4809303,931123
ERR4809303,1759252
ERR4809303,3470377
Peru2904,764995
Peru2904,1759252
Peru2904,3977226
Peru2904,4398141
ERR4810537,1487796
ERR4810537,1759252
ERR4810537,2411730
ERR4797158,931123
ERR4797158,1759252
ERR4797158,3273107
ERR4797158,3722702
ERR4808917,931123
ERR4808917,1084911
ERR4808917,1759252
ERR4808917,3273107
ERR4811880,764995
ERR4811880,1759252
ERR4811880,3977226
ERR4811880,4398141
ERR4809033,764995
ERR4809033,1759252
ERR4809033,3388166
ERR4809033,4316114
ERR4828226,497491
ERR4828226,797736
ERR4828226,931123
ERR4828226,1759252
ERR4828226,2505085
ERR4796931,497491
ERR4796931,797736
ERR4796931,931123
ERR4796931,1759252
ERR4796931,2505085
ERR4830845,1487796
ERR4830845,1759252
ERR4830845,2411730
ERR4812054,497491
ERR4812054,797736
ERR4812054,931123
ERR4812054,1759252
ERR4812054,2505085
ERR4830223,497491
ERR4830223,797736
ERR4830223,931123
ERR4830223,1759252
ERR4830223,2505085
02R1275,62657
02R1275,514245
02R1275,1759252
ERR4830696,62657
ERR4830696,107794
ERR4830696,891756
ERR4830696,1759252
ERR4796334,615938
ERR4796334,931123
ERR4796334,1759252
ERR4796334,3470377
ERR4822444,62657
ERR4822444,107794
ERR4822444,891756
ERR4822444,1759252
ERR4796832,931123
ERR4796832,1759252
ERR4796832,3273107
ERR4796832,3722702
ERR4830484,764995
ERR4830484,1759252
ERR4830484,3388166
ERR4830484,4316114
ERR4828802,1759252
TRL0115510,403364
TRL0115510,764995
TRL0115510,1759252
ERR4812516,403364
ERR4812516,764995
ERR4812516,1759252
ERR4795886,62657
ERR4795886,107794
ERR4795886,891756
ERR4795886,1759252
ERR2184292,497491
ERR2184292,797736
ERR2184292,931123
ERR2184292,1759252
ERR2184292,2505085
ERR4813988,403364
ERR4813988,764995
ERR4813988,1759252
ERR4831867,497491
ERR4831867,797736
ERR4831867,931123
ERR4831867,1759252
ERR4831867,2505085
ERR4831867,4248115
ERR4831918,497491
ERR4831918,797736
ERR4831918,931123
ERR4831918,1759252
ERR4831918,2505085
ERR4813957,1759252
ERR4813957,3836739
ERR4796731,615938
ERR4796731,931123
ERR4796731,1759252
ERR4796731,3470377
Peru3350,403364
Peru3350,764995
Peru3350,1759252
ERR4797032,931123
ERR4797032,1759252
ERR4797032,3273107
KOR-K2016-0118,497491
KOR-K2016-0118,797736
KOR-K2016-0118,931123
KOR-K2016-0118,1759252
KOR-K2016-0118,2505085
ERR4809055,497491
ERR4809055,797736
ERR4809055,931123
ERR4809055,1759252
ERR4809055,2505085
Peru4956,497491
Peru4956,797736
Peru4956,1759252
Peru4956,2505085
JPN-R2012-0036,1487796
JPN-R2012-0036,1759252
JPN-R2012-0036,2411730
ERR4828198,615938
ERR4828198,931123
ERR4828198,1759252
ERR4828198,3021283
ERR4828198,3216553
ERR4828198,4404247
02R1753,497491
02R1753,797736
02R1753,931123
02R1753,1759252
02R1753,2505085
ERR5918148,764995
ERR5918148,1759252
ERR5918148,3388166
ERR5918148,4316114
ERR4811885,403364
ERR4811885,764995
ERR4811885,1759252
ERR4810762,1719757
ERR4810762,1759252
ERR4829657,615938
ERR4829657,931123
ERR4829657,1759252
ERR4829657,2622402
ERR4829657,4404247
ERR4797002,497491
ERR4797002,797736
ERR4797002,931123
ERR4797002,1759252
ERR4797002,2505085
ERR4809204,497491
ERR4809204,797736
ERR4809204,931123
ERR4809204,1759252
ERR4809204,2505085
ERR4822362,615938
ERR4822362,931123
ERR4822362,1759252
ERR4822362,3479545
ERR3287658,403364
ERR3287658,764995
ERR3287658,1759252
ERR3287664,403364
ERR3287664,764995
ERR3287664,1759252
Peru3043,403364
Peru3043,764995
Peru3043,1759252
ERR4830649,497491
ERR4830649,797736
ERR4830649,931123
ERR4830649,1759252
ERR4830649,2505085
ERR4831781,497491
ERR4831781,797736
ERR4831781,931123
ERR4831781,1759252
ERR4831781,2505085
ERR4796897,497491
ERR4796897,797736
ERR4796897,931123
ERR4796897,1759252
ERR4796897,2505085
M0012810-9,62657
M0012810-9,107794
M0012810-9,891756
M0012810-9,1759252
ERR4809342,355181
ERR4809342,1759252
ERR4809342,4151558
ERR4809342,4307886
ERR4830566,346693
ERR4830566,497491
ERR4830566,931123
ERR4830566,1759252
ERR4830566,2505085
ERR4829964,931123
ERR4829964,1237818
ERR4829964,1759252
ERR4829964,3273107
ERR4829964,3722702
ERR3287719,497491
ERR3287719,797736
ERR3287719,931123
ERR3287719,1759252
ERR3287719,2505085
ERR4796868,931123
ERR4796868,1759252
ERR4796868,3273107
Peru4676,62657
Peru4676,514245
Peru4676,1759252
ERR4810972,497491
ERR4810972,797736
ERR4810972,931123
ERR4810972,1759252
ERR4810972,2505085
Peru3335,403364
Peru3335,764995
Peru3335,1759252
KOR-K2016-0125,497491
KOR-K2016-0125,797736
KOR-K2016-0125,931123
KOR-K2016-0125,1759252
KOR-K2016-0125,2505085
ERR4796834,615938
ERR4796834,931123
ERR4796834,1759252
ERR4796834,2622402
ERR4796834,4404247
ERR2184279,62657
ERR2184279,1759252
Peru4723,764995
Peru4723,1759252
Peru4723,3977226
Peru4723,4398141
ERR4828797,1759252
ERR4828797,3466426
ERR4828797,4125058
ERR4810888,1759252
ERR4810888,4246508
ERR4810888,4307886
ERR2184595,62657
ERR2184595,107794
ERR2184595,891756
ERR2184595,1759252
ERR4822640,1759252
ERR4822640,3836739
ERR4831340,1487796
ERR4831340,1759252
ERR4831340,2411730
ERR5918084,497491
ERR5918084,797736
ERR5918084,931123
ERR5918084,1759252
ERR5918084,2505085
NLA009601810,403364
NLA009601810,764995
NLA009601810,1759252
ERR4796404,497491
ERR4796404,797736
ERR4796404,931123
ERR4796404,1759252
ERR4796404,2505085
ERR4830240,497491
ERR4830240,797736
ERR4830240,931123
ERR4830240,1759252
ERR4830240,2505085
ERR4830240,4248115
ERR2510595,1759252
ERR2510595,3466426
ERR2510595,4125058
ERR4812930,497491
ERR4812930,797736
ERR4812930,931123
ERR4812930,1759252
ERR4812930,2505085
ERR4831975,497491
ERR4831975,797736
ERR4831975,931123
ERR4831975,1759252
ERR4831975,2505085
ERR4831975,4248115
Peru5128,764995
Peru5128,1132368
Peru5128,1759252
Peru5128,3977226
ERR4798316,931123
ERR4798316,1759252
ERR4798316,3273107
ERR4830365,497491
ERR4830365,797736
ERR4830365,931123
ERR4830365,1759252
ERR4830365,2505085
KOR-K2016-0136,497491
KOR-K2016-0136,797736
KOR-K2016-0136,931123
KOR-K2016-0136,1759252
KOR-K2016-0136,2505085
ERR3287714,403364
ERR3287714,764995
ERR3287714,1759252
ERR4830330,355181
ERR4830330,1759252
ERR4830330,4151558
ERR4830330,4307886
ERR4828691,497491
ERR4828691,797736
ERR4828691,931123
ERR4828691,1759252
ERR4828691,2505085
ERR2510413,1719757
ERR2510413,1759252
ERR4810894,497491
ERR4810894,797736
ERR4810894,931123
ERR4810894,1759252
ERR4810894,2505085
KOR-K2016-0046,346693
KOR-K2016-0046,497491
KOR-K2016-0046,931123
KOR-K2016-0046,1759252
KOR-K2016-0046,2505085
ERR2184480,764995
ERR2184480,1759252
ERR2184480,4316114
ERR4796674,931123
ERR4796674,1759252
ERR4796674,3273107
TRL0038641,497491
TRL0038641,797736
TRL0038641,931123
TRL0038641,1759252
TRL0038641,2505085
ERR4810725,1487796
ERR4810725,1759252
ERR4810725,2411730
ERR4811446,1759252
ERR4811446,2875883
ERR4811446,3466426
ERR4811446,4125058
ERR3287715,403364
ERR3287715,764995
ERR3287715,1759252
Peru4516,62657
Peru4516,514245
Peru4516,1759252
TDR213S190L002,497491
TDR213S190L002,797736
TDR213S190L002,931123
TDR213S190L002,1759252
TDR213S190L002,2505085
ERR4828311,497491
ERR4828311,797736
ERR4828311,931123
ERR4828311,1759252
ERR4828311,2505085
ERR4811207,497491
ERR4811207,797736
ERR4811207,931123
ERR4811207,1759252
ERR4811207,2505085
ERR4813774,403364
ERR4813774,764995
ERR4813774,1759252
ERR4810942,497491
ERR4810942,797736
ERR4810942,931123
ERR4810942,1759252
ERR4810942,2505085
SAMEA3558191,764995
SAMEA3558191,1132368
SAMEA3558191,1759252
SAMEA3558191,3977226
ERR4796719,615938
ERR4796719,931123
ERR4796719,1759252
ERR4796719,3470377
02R1687,403364
02R1687,764995
02R1687,1759252
ERR4809281,346693
ERR4809281,497491
ERR4809281,931123
ERR4809281,1759252
ERR4809281,2505085
ERR4829901,1759252
ERR4829901,4249732
ERR2510854,783601
ERR2510854,1759252
ERR2510854,2411730
ERR4813077,62657
ERR4813077,107794
ERR4813077,891756
ERR4813077,1759252
NLA000301359,355181
NLA000301359,1759252
NLA000301359,4151558
NLA000301359,4307886
ERR4830041,497491
ERR4830041,797736
ERR4830041,931123
ERR4830041,1759252
ERR4830041,2505085
ERR4812621,403364
ERR4812621,764995
ERR4812621,1759252
Peru3260,1759252
ERR2184322,403364
ERR2184322,764995
ERR2184322,1759252
TDR71S139L002,764995
TDR71S139L002,1132368
TDR71S139L002,1502120
TDR71S139L002,1759252
TDR71S139L002,3977226
ERR4810896,1759252
ERR4810896,4246508
ERR4810896,4307886
SAMN02567683,874787
SAMN02567683,1759252
SAMN02567683,3466426
SAMN02567683,4260268
Peru4147,764995
Peru4147,1759252
Peru4147,4316114
ERR4809230,62657
ERR4809230,514245
ERR4809230,1759252
ERR4809230,4229087
ERR4829379,764995
ERR4829379,1132368
ERR4829379,1759252
ERR4829379,3977226
ERR4810487,1759252
ERR4810487,4246508
ERR4810487,4307886
Peru4705,62657
Peru4705,514245
Peru4705,1759252
Peru4705,4229087
ERR3287806,403364
ERR3287806,764995
ERR3287806,1759252
C099,62657
C099,514245
C099,1759252
C099,4229087
ERR4797430,931123
ERR4797430,1759252
ERR4797430,3273107
SAMN02360575,497491
SAMN02360575,931123
SAMN02360575,1759252
ERR3287428,403364
ERR3287428,764995
ERR3287428,1759252
ERR4796855,931123
ERR4796855,1759252
ERR4796855,3273107
ERR4811821,1759252
ERR4830372,497491
ERR4830372,797736
ERR4830372,931123
ERR4830372,1759252
ERR4830372,2505085
ERR4822353,497491
ERR4822353,797736
ERR4822353,931123
ERR4822353,1759252
ERR4822353,2505085
ERR4831193,403364
ERR4831193,764995
ERR4831193,1759252
ERR4797252,931123
ERR4797252,1759252
ERR4797252,3273107
JPN-R2011-0072,497491
JPN-R2011-0072,797736
JPN-R2011-0072,931123
JPN-R2011-0072,1759252
JPN-R2011-0072,2505085
ERR4797662,497491
ERR4797662,797736
ERR4797662,931123
ERR4797662,1759252
ERR4797662,2505085
Peru4114,1759252
ERR4810710,497491
ERR4810710,797736
ERR4810710,931123
ERR4810710,1759252
ERR4810710,2505085
ERR4811566,1759252
ERR4811566,4246508
ERR4811566,4307886
ERR5918066,764995
ERR5918066,1132368
ERR5918066,1502120
ERR5918066,1759252
ERR5918066,3977226
ERR4796542,1487796
ERR4796542,1759252
ERR4796542,2411730
ERR4813174,62657
ERR4813174,514245
ERR4813174,1759252
ERR4813174,4229087
ERR4810652,1719757
ERR4810652,1759252
Peru4605,403364
Peru4605,764995
Peru4605,1759252
ERR2184346,403364
ERR2184346,764995
ERR2184346,1759252
ERR5917685,497491
ERR5917685,797736
ERR5917685,931123
ERR5917685,1759252
ERR5917685,2505085
ERR4830797,1487796
ERR4830797,1759252
ERR4830797,2411730
ERR4812457,764995
ERR4812457,1759252
ERR4812457,4316114
03R1465,62657
03R1465,107794
03R1465,891756
03R1465,1759252
ERR4810604,1759252
ERR4810604,4246508
ERR4810604,4307886
ERR4811422,62657
ERR4811422,107794
ERR4811422,891756
ERR4811422,1759252
ERR4813884,403364
ERR4813884,764995
ERR4813884,1759252
ERR2510324,931123
ERR2510324,1759252
ERR2510324,3273107
ERR4828512,497491
ERR4828512,797736
ERR4828512,931123
ERR4828512,1759252
ERR4828512,2505085
ERR4830285,497491
ERR4830285,797736
ERR4830285,931123
ERR4830285,1759252
ERR4830285,2505085
ERR2184236,62657
ERR2184236,107794
ERR2184236,891756
ERR2184236,1759252
KOR-K2016-0213,497491
KOR-K2016-0213,797736
KOR-K2016-0213,931123
KOR-K2016-0213,1759252
KOR-K2016-0213,2505085
ERR3287324,62657
ERR3287324,107794
ERR3287324,891756
ERR3287324,1759252
ERR4814011,62657
ERR4814011,107794
ERR4814011,891756
ERR4814011,1759252
Peru3432,764995
Peru3432,1132368
Peru3432,1759252
Peru3432,3977226
Peru4462,403364
Peru4462,764995
Peru4462,1759252
SAMN02360594,346693
SAMN02360594,497491
SAMN02360594,931123
SAMN02360594,1759252
SAMN02360594,2505085
TDR187S142L002,62657
TDR187S142L002,107794
TDR187S142L002,891756
TDR187S142L002,1759252
IDR1900013249,497491
IDR1900013249,797736
IDR1900013249,931123
IDR1900013249,1759252
IDR1900013249,2505085
IDR1900013249,3836274
ERR4813934,62657
ERR4813934,514245
ERR4813934,1759252
ERR4813934,1850119
ERR4810812,497491
ERR4810812,797736
ERR4810812,931123
ERR4810812,1759252
ERR4810812,2505085
ERR4829384,497491
ERR4829384,797736
ERR4829384,931123
ERR4829384,1759252
ERR4829384,2505085
M0006789-3,62657
M0006789-3,107794
M0006789-3,891756
M0006789-3,1759252
ERR4797697,497491
ERR4797697,797736
ERR4797697,931123
ERR4797697,1759252
ERR4797697,2505085
ERR4830191,346693
ERR4830191,497491
ERR4830191,931123
ERR4830191,1759252
ERR4830191,2505085
ERR4811282,346693
ERR4811282,497491
ERR4811282,931123
ERR4811282,1759252
ERR4811282,2505085
ERR4797114,1759252
ERR4797114,3273107
Peru4738,764995
Peru4738,1132368
Peru4738,1759252
Peru4738,3977226
ERR4813091,403364
ERR4813091,764995
ERR4813091,1759252
ERR3287761,62657
ERR3287761,107794
ERR3287761,891756
ERR3287761,1759252
Peru3060,1759252
QH00201945,355181
QH00201945,1759252
QH00201945,4151558
QH00201945,4307886
ERR4831919,497491
ERR4831919,797736
ERR4831919,931123
ERR4831919,1759252
ERR4831919,2505085
ERR4810884,1759252
ERR4810884,4246508
ERR4810884,4307886
ERR3287451,403364
ERR3287451,764995
ERR3287451,1759252
ERR4830441,497491
ERR4830441,797736
ERR4830441,931123
ERR4830441,1759252
ERR4830441,2505085
Peru4940,497491
Peru4940,797736
Peru4940,931123
Peru4940,1759252
Peru4940,2505085
ERR4810837,497491
ERR4810837,797736
ERR4810837,931123
ERR4810837,1759252
ERR4810837,2505085
ERR3287376,62657
ERR3287376,107794
ERR3287376,891756
ERR3287376,1759252
ERR4809077,346693
ERR4809077,497491
ERR4809077,931123
ERR4809077,1759252
ERR4809077,2505085
EC023-34,346693
EC023-34,497491
EC023-34,931123
EC023-34,1759252
EC023-34,2505085
ERR2510603,931123
ERR2510603,1759252
ERR2510603,3273107
ERR4809107,764995
ERR4809107,1759252
ERR4809107,3977226
ERR4809107,4398141
ERR4809321,497491
ERR4809321,797736
ERR4809321,931123
ERR4809321,1759252
ERR4809321,2505085
ERR4809321,4248115
ERR4811928,1759252
ERR4811928,4249732
ERR5917697,497491
ERR5917697,797736
ERR5917697,931123
ERR5917697,1759252
ERR5917697,2505085
ERR2510426,931123
ERR2510426,1759252
ERR2510426,3273107
ERR4830408,497491
ERR4830408,797736
ERR4830408,931123
ERR4830408,1759252
ERR4830408,2505085
ERR4830408,4248115
Peru4467,764995
Peru4467,1759252
Peru4467,3977226
Peru4467,4398141
ERR2510275,931123
ERR2510275,1759252
ERR2510275,3273107
ERR4830386,346693
ERR4830386,497491
ERR4830386,931123
ERR4830386,1759252
ERR4830386,2505085
Peru4523,62657
Peru4523,107794
Peru4523,891756
Peru4523,1759252
ERR2184421,62657
ERR2184421,107794
ERR2184421,891756
ERR2184421,1759252
ERR4830219,497491
ERR4830219,797736
ERR4830219,931123
ERR4830219,1759252
ERR4830219,2505085
ERR4830219,4248115
ERR2184371,764995
ERR2184371,1759252
ERR2184371,4316114
Peru3328,497491
Peru3328,797736
Peru3328,931123
Peru3328,1759252
Peru3328,2505085
SAMEA3558226,1501468
SAMEA3558226,1759252
ERR5917723,497491
ERR5917723,797736
ERR5917723,931123
ERR5917723,1759252
ERR5917723,2505085
ERR4810631,497491
ERR4810631,797736
ERR4810631,931123
ERR4810631,1759252
ERR4810631,2505085
ERR4831118,1487796
ERR4831118,1759252
ERR4831118,2411730
Peru2966,764995
Peru2966,1759252
Peru2966,4316114
IDR1900000423,62657
IDR1900000423,107794
IDR1900000423,891756
IDR1900000423,1759252
1774,62657
1774,514245
1774,1759252
ERR2510356,931123
ERR2510356,1759252
ERR2510356,3273107
ERR4829415,1759252
ERR4829415,3836739
21149,615938
21149,931123
21149,1759252
21149,3470377
ERR4810535,497491
ERR4810535,797736
ERR4810535,931123
ERR4810535,1759252
ERR4810535,2505085
ERR2184630,62657
ERR2184630,107794
ERR2184630,891756
ERR2184630,1759252
TDR188S166L002,931123
TDR188S166L002,1759252
TDR188S166L002,3273107
Peru5089,403364
Peru5089,764995
Peru5089,1759252
ERR4828177,497491
ERR4828177,797736
ERR4828177,931123
ERR4828177,1759252
ERR4828177,2505085
TRL0088085,497491
TRL0088085,797736
TRL0088085,931123
TRL0088085,1759252
TRL0088085,2505085
ERR4829852,783601
ERR4829852,1759252
ERR4829852,2411730
TDR41S164L002,931123
TDR41S164L002,1759252
TDR41S164L002,3273107
ERR4797581,497491
ERR4797581,797736
ERR4797581,931123
ERR4797581,1759252
ERR4797581,2505085
ERR4810956,497491
ERR4810956,797736
ERR4810956,931123
ERR4810956,1759252
ERR4810956,2505085
ERR4811430,1759252
ERR4811430,3836739
C410,497491
C410,797736
C410,931123
C410,1759252
C410,2505085
Peru3272,62657
Peru3272,107794
Peru3272,891756
Peru3272,1759252
ERR4811266,1719757
ERR4811266,1759252
Peru2932,764995
Peru2932,1132368
Peru2932,1759252
Peru2932,3977226
KOR-K2016-0232,346693
KOR-K2016-0232,497491
KOR-K2016-0232,931123
KOR-K2016-0232,1759252
KOR-K2016-0232,2505085
ERR5917752,783601
ERR5917752,1759252
ERR5917752,2411730
ERR4808984,346693
ERR4808984,497491
ERR4808984,931123
ERR4808984,1759252
ERR4808984,2505085
ERR4822518,615938
ERR4822518,931123
ERR4822518,1759252
ERR4822518,2622402
ERR4822518,4404247
C086,62657
C086,107794
C086,891756
C086,1759252
ERR4831963,497491
ERR4831963,797736
ERR4831963,931123
ERR4831963,1759252
ERR4831963,2505085
ERR4831963,4248115
ERR2184257,62657
ERR2184257,107794
ERR2184257,891756
ERR2184257,1759252
ERR4811302,497491
ERR4811302,797736
ERR4811302,931123
ERR4811302,1759252
ERR4811302,2505085
Peru4113,62657
Peru4113,107794
Peru4113,891756
Peru4113,1759252
JPN-R2012-0008,497491
JPN-R2012-0008,797736
JPN-R2012-0008,931123
JPN-R2012-0008,1759252
JPN-R2012-0008,2505085
ERR4831259,1455780
ERR4831259,1487796
ERR4831259,1759252
ERR4831259,2411730
ERR4808919,764995
ERR4808919,1759252
ERR4808919,3388166
ERR4808919,4316114
30571,497491
30571,797736
30571,931123
30571,1759252
30571,2505085
30571,4248115
ERR4797295,497491
ERR4797295,797736
ERR4797295,931123
ERR4797295,1759252
ERR4797295,2505085
IDR1600027139,497491
IDR1600027139,797736
IDR1600027139,931123
IDR1600027139,1759252
IDR1600027139,2505085
ERR2184457,403364
ERR2184457,764995
ERR2184457,1759252
ERR4831107,497491
ERR4831107,797736
ERR4831107,931123
ERR4831107,1759252
ERR4831107,2505085
ERR4822559,1759252
ERR4830362,62657
ERR4830362,107794
ERR4830362,891756
ERR4830362,1759252
ERR4813254,62657
ERR4813254,107794
ERR4813254,891756
ERR4813254,1759252
ERR5918053,355181
ERR5918053,1759252
ERR5918053,4151558
ERR5918053,4307886
ERR2184643,497491
ERR2184643,797736
ERR2184643,931123
ERR2184643,1759252
ERR2184643,2505085
ERR4812168,62657
ERR4812168,107794
ERR4812168,891756
ERR4812168,1759252
ERR4831754,497491
ERR4831754,797736
ERR4831754,931123
ERR4831754,1759252
ERR4831754,2505085
ERR4831754,4248115
ERR4812965,62657
ERR4812965,514245
ERR4812965,1759252
ERR4831272,497491
ERR4831272,797736
ERR4831272,931123
ERR4831272,1759252
ERR4831272,2505085
ERR5917681,62657
ERR5917681,107794
ERR5917681,891756
ERR5917681,1759252
ERR4810520,1719757
ERR4810520,1759252
ERR4797325,497491
ERR4797325,797736
ERR4797325,931123
ERR4797325,1759252
ERR4797325,2505085
ERR4830245,615938
ERR4830245,931123
ERR4830245,1759252
ERR4830245,3021283
ERR4830245,3216553
ERR4830245,4404247
ERR4830995,497491
ERR4830995,797736
ERR4830995,931123
ERR4830995,1759252
ERR4830995,2505085
ERR4828897,355181
ERR4828897,1759252
ERR4828897,4151558
ERR4828897,4307886
IDR2000206430,497491
IDR2000206430,797736
IDR2000206430,931123
IDR2000206430,1759252
IDR2000206430,2505085
C336,497491
C336,797736
C336,931123
C336,1759252
C336,2505085
ERR4829387,1759252
ERR4829387,3836739
ERR4831356,615938
ERR4831356,931123
ERR4831356,1759252
ERR4831356,2622402
ERR4831356,4404247
ERR4810603,1759252
ERR4810603,4246508
ERR4810603,4307886
ERR4797435,615938
ERR4797435,931123
ERR4797435,1759252
ERR4797435,3470377
ERR4832069,497491
ERR4832069,797736
ERR4832069,931123
ERR4832069,1759252
ERR4832069,2505085
ERR4810794,497491
ERR4810794,797736
ERR4810794,931123
ERR4810794,1759252
ERR4810794,2505085
ERR4831313,1759252
ERR4831313,4249732
ERR4798324,931123
ERR4798324,1759252
ERR4798324,3273107
TDR181S136L002,62657
TDR181S136L002,107794
TDR181S136L002,891756
TDR181S136L002,1759252
TDR235S207L002,931123
TDR235S207L002,1759252
TDR235S207L002,3273107
Peru4993,62657
Peru4993,107794
Peru4993,891756
Peru4993,1759252
TDR23S157L002,403364
TDR23S157L002,764995
TDR23S157L002,1759252
02R1288,497491
02R1288,797736
02R1288,931123
02R1288,1759252
02R1288,2505085
ERR4811756,497491
ERR4811756,797736
ERR4811756,931123
ERR4811756,1759252
ERR4811756,2505085
IDR1800031299,615938
IDR1800031299,931123
IDR1800031299,1759252
IDR1800031299,3470377
ERR3287438,62657
ERR3287438,107794
ERR3287438,891756
ERR3287438,1759252
ERR4796421,497491
ERR4796421,797736
ERR4796421,931123
ERR4796421,1759252
ERR4796421,2505085
ERR3287634,403364
ERR3287634,764995
ERR3287634,1759252
ERR4798118,615938
ERR4798118,931123
ERR4798118,1759252
ERR4798118,2622402
ERR4798118,4404247
ERR4809284,62657
ERR4809284,107794
ERR4809284,891756
ERR4809284,1759252
ERR4812473,497491
ERR4812473,797736
ERR4812473,931123
ERR4812473,1759252
ERR4812473,2505085
ERR4829758,764995
ERR4829758,1132368
ERR4829758,1759252
ERR4829758,3977226
ERR4796614,615938
ERR4796614,931123
ERR4796614,1759252
ERR4796614,3470377
ERR2510507,931123
ERR2510507,1759252
ERR2510507,3273107
ERR4830965,497491
ERR4830965,797736
ERR4830965,931123
ERR4830965,1759252
ERR4830965,2505085
ERR4830615,497491
ERR4830615,797736
ERR4830615,931123
ERR4830615,1759252
ERR4830615,2505085
ERR4812722,1759252
Peru5129,62657
Peru5129,514245
Peru5129,1759252
ERR4814052,1759252
ERR4814052,3836739
Peru3066,403364
Peru3066,764995
Peru3066,1759252
ERR4828759,497491
ERR4828759,797736
ERR4828759,931123
ERR4828759,1759252
ERR4828759,2505085
ERR4811614,1759252
ERR4811614,4246508
ERR4811614,4307886
ERR4831115,62657
ERR4831115,107794
ERR4831115,891756
ERR4831115,1759252
MNG-S2014-0048,346693
MNG-S2014-0048,497491
MNG-S2014-0048,931123
MNG-S2014-0048,1759252
MNG-S2014-0048,2505085
ERR3287333,1759252
ERR2510526,931123
ERR2510526,1759252
ERR2510526,3273107
ERR4809354,497491
ERR4809354,797736
ERR4809354,931123
ERR4809354,1759252
ERR4809354,2505085
ERR4809354,4248115
ERR4822322,497491
ERR4822322,797736
ERR4822322,931123
ERR4822322,1759252
ERR4822322,2505085
ERR4822322,4248115
ERR4832037,497491
ERR4832037,797736
ERR4832037,931123
ERR4832037,1759252
ERR4832037,2505085
ERR4797658,931123
ERR4797658,1759252
ERR4797658,3273107
ERR4797658,3722702
ERR4811466,1759252
ERR4811466,4246508
ERR4811466,4307886
Peru3976,403364
Peru3976,764995
Peru3976,1759252
ERR4828937,62657
ERR4828937,107794
ERR4828937,891756
ERR4828937,1759252
EC317-399,403364
EC317-399,764995
EC317-399,1759252
ERR4797624,615938
ERR4797624,931123
ERR4797624,1759252
ERR4797624,2622402
ERR4797624,4404247
ERR4828595,1487796
ERR4828595,1759252
ERR4828595,2411730
TDR210S188L002,62657
TDR210S188L002,107794
TDR210S188L002,891756
TDR210S188L002,1759252
ERR4811776,497491
ERR4811776,797736
ERR4811776,931123
ERR4811776,1759252
ERR4811776,2505085
ERR4830057,497491
ERR4830057,797736
ERR4830057,931123
ERR4830057,1759252
ERR4830057,2505085
ERR4811434,931123
ERR4811434,1759252
ERR4811434,3273107
ERR5917677,497491
ERR5917677,797736
ERR5917677,931123
ERR5917677,1759252
ERR5917677,2505085
ERR4828792,1759252
ERR4828792,4249732
ERR5918022,497491
ERR5918022,797736
ERR5918022,931123
ERR5918022,1759252
ERR5918022,2505085
ERR4830738,62657
ERR4830738,891756
ERR4830738,1759252
ERR4797689,497491
ERR4797689,797736
ERR4797689,931123
ERR4797689,1759252
ERR4797689,2505085
ERR4810587,497491
ERR4810587,797736
ERR4810587,931123
ERR4810587,1759252
ERR4810587,2505085
TRL0108514,1759252
TRL0108514,3836739
Peru4607,403364
Peru4607,764995
Peru4607,1759252
ERR3287819,1759252
ERR4797402,931123
ERR4797402,1759252
ERR4797402,3273107
ERR4822450,931123
ERR4822450,1084911
ERR4822450,1759252
ERR4822450,3273107
ERR4811103,1719757
ERR4811103,1759252
ERR4812199,764995
ERR4812199,1132368
ERR4812199,1759252
ERR4812199,3977226
Peru5110,497491
Peru5110,797736
Peru5110,931123
Peru5110,1759252
Peru5110,2505085
Peru5110,4248115
ERR4830053,497491
ERR4830053,797736
ERR4830053,931123
ERR4830053,1759252
ERR4830053,2505085
Peru3039,764995
Peru3039,1132368
Peru3039,1759252
Peru3039,3977226
IDR1700038430,1759252
IDR1700038430,3466426
KOR-K2016-0080,497491
KOR-K2016-0080,797736
KOR-K2016-0080,931123
KOR-K2016-0080,1759252
KOR-K2016-0080,2505085
ERR4828574,497491
ERR4828574,797736
ERR4828574,931123
ERR4828574,1759252
ERR4828574,2505085
ERR3287789,403364
ERR3287789,764995
ERR3287789,1759252
ERR4829756,764995
ERR4829756,1132368
ERR4829756,1759252
ERR4829756,3977226
ERR4830097,497491
ERR4830097,797736
ERR4830097,931123
ERR4830097,1759252
ERR4830097,2505085
ERR4809100,355181
ERR4809100,1759252
ERR4809100,4151558
ERR4809100,4307886
ERR4828484,497491
ERR4828484,797736
ERR4828484,931123
ERR4828484,1759252
ERR4828484,2505085
ERR4811861,764995
ERR4811861,1759252
ERR4811861,4316114
ERR4830210,615938
ERR4830210,931123
ERR4830210,1759252
ERR4830210,3021283
ERR4830210,3216553
ERR4830210,4404247
ERR4830572,497491
ERR4830572,797736
ERR4830572,931123
ERR4830572,1759252
ERR4830572,2505085
ERR2510286,931123
ERR2510286,1759252
ERR2510286,3273107
KOR-K2016-0031,497491
KOR-K2016-0031,797736
KOR-K2016-0031,931123
KOR-K2016-0031,1759252
KOR-K2016-0031,2505085
ERR4830052,497491
ERR4830052,797736
ERR4830052,931123
ERR4830052,1759252
ERR4830052,2505085
ERR4810906,1487796
ERR4810906,1759252
ERR4810906,2411730
JPN-R2012-0030,497491
JPN-R2012-0030,797736
JPN-R2012-0030,931123
JPN-R2012-0030,1759252
JPN-R2012-0030,2505085
Peru4661,764995
Peru4661,1132368
Peru4661,1759252
Peru4661,3977226
ERR4811538,497491
ERR4811538,797736
ERR4811538,931123
ERR4811538,1759252
ERR4811538,2505085
ERR4830116,497491
ERR4830116,797736
ERR4830116,931123
ERR4830116,1759252
ERR4830116,2505085
ERR4830693,403364
ERR4830693,764995
ERR4830693,1759252
ERR4811506,1487796
ERR4811506,1759252
ERR4811506,2411730
ERR4796769,1759252
ERR4796769,3836739
Peru5142,62657
Peru5142,107794
Peru5142,891756
Peru5142,1759252
TRL0113519,62657
TRL0113519,107794
TRL0113519,891756
TRL0113519,1759252
ERR4830936,497491
ERR4830936,797736
ERR4830936,931123
ERR4830936,1759252
ERR4830936,2505085
ERR4797194,615938
ERR4797194,931123
ERR4797194,1491275
ERR4797194,1759252
ERR4797194,4404247
ERR4831752,497491
ERR4831752,797736
ERR4831752,931123
ERR4831752,1759252
ERR4831752,2505085
ERR4829513,764995
ERR4829513,1132368
ERR4829513,1759252
ERR4829513,3977226
KOR-K2016-0060,497491
KOR-K2016-0060,797736
KOR-K2016-0060,931123
KOR-K2016-0060,1759252
KOR-K2016-0060,2505085
ERR3287630,403364
ERR3287630,764995
ERR3287630,1759252
JPN-R2012-0032,497491
JPN-R2012-0032,797736
JPN-R2012-0032,931123
JPN-R2012-0032,1759252
JPN-R2012-0032,2505085
ERR4797255,497491
ERR4797255,797736
ERR4797255,931123
ERR4797255,1759252
ERR4797255,2505085
ERR4829148,1759252
ERR4829148,2875883
ERR4829148,3466426
ERR4829148,4125058
Peru3307,403364
Peru3307,764995
Peru3307,1759252
ERR4796802,497491
ERR4796802,797736
ERR4796802,931123
ERR4796802,1759252
ERR4796802,2505085
ERR4828276,1759252
ERR4828276,3836739
ERR4797492,497491
ERR4797492,797736
ERR4797492,931123
ERR4797492,1759252
ERR4797492,2505085
ERR4811720,764995
ERR4811720,1759252
ERR4811720,4316114
ERR3287407,62657
ERR3287407,107794
ERR3287407,891756
ERR3287407,1759252
Peru2916,62657
Peru2916,107794
Peru2916,891756
Peru2916,1759252
ERR4822580,403364
ERR4822580,764995
ERR4822580,1759252
ERR2510243,931123
ERR2510243,1759252
ERR2510243,3273107
ERR2510243,3722702
SAMN02380986,62657
SAMN02380986,107794
SAMN02380986,891756
SAMN02380986,1759252
ERR4810839,497491
ERR4810839,797736
ERR4810839,931123
ERR4810839,1759252
ERR4810839,2505085
ERR4812759,62657
ERR4812759,1759252
ERR4813262,497491
ERR4813262,797736
ERR4813262,931123
ERR4813262,1759252
ERR4813262,2505085
ERR4831619,1487796
ERR4831619,1759252
ERR4831619,2411730
ERR4822502,62657
ERR4822502,107794
ERR4822502,891756
ERR4822502,1759252
ERR4812955,764995
ERR4812955,1132368
ERR4812955,1759252
ERR4812955,3977226
ERR4828539,615938
ERR4828539,931123
ERR4828539,1759252
ERR4828539,3479545
ERR2510508,931123
ERR2510508,1759252
ERR2510508,3273107
ERR4829793,615938
ERR4829793,931123
ERR4829793,1491275
ERR4829793,1759252
ERR4829793,4404247
ERR2510399,931123
ERR2510399,1759252
ERR2510399,3273107
ERR4796760,615938
ERR4796760,931123
ERR4796760,1759252
ERR4796760,3470377
ERR4829473,62657
ERR4829473,514245
ERR4829473,1759252
ERR4810653,497491
ERR4810653,797736
ERR4810653,931123
ERR4810653,1759252
ERR4810653,2505085
22054,497491
22054,797736
22054,931123
22054,1759252
22054,2505085
22054,4248115
Peru3062,403364
Peru3062,764995
Peru3062,1759252
ERR2510269,1719757
ERR2510269,1759252
SAMN02381019,931123
SAMN02381019,1084911
SAMN02381019,1759252
SAMN02381019,3273107
ERR4813444,497491
ERR4813444,797736
ERR4813444,931123
ERR4813444,1759252
ERR4813444,2505085
ERR4796625,497491
ERR4796625,797736
ERR4796625,931123
ERR4796625,1759252
ERR4796625,2505085
ERR4796625,4248115
ERR4812897,403364
ERR4812897,764995
ERR4812897,1759252
ERR4808888,62657
ERR4808888,107794
ERR4808888,891756
ERR4808888,1759252
ERR2510870,497491
ERR2510870,797736
ERR2510870,931123
ERR2510870,1759252
ERR2510870,2505085
ERR2510870,4248115
ERR4796327,615938
ERR4796327,931123
ERR4796327,1759252
ERR4796327,3470377
C244,497491
C244,797736
C244,931123
C244,1759252
C244,2505085
ERR4812222,497491
ERR4812222,797736
ERR4812222,931123
ERR4812222,1759252
ERR4812222,2505085
Peru3370,403364
Peru3370,764995
Peru3370,1759252
JPN-R2013-0092,497491
JPN-R2013-0092,797736
JPN-R2013-0092,931123
JPN-R2013-0092,1759252
JPN-R2013-0092,2505085
ERR4830771,497491
ERR4830771,797736
ERR4830771,931123
ERR4830771,1759252
ERR4830771,2505085
ERR4822388,497491
ERR4822388,797736
ERR4822388,931123
ERR4822388,1759252
ERR4822388,2505085
ERR4828963,62657
ERR4828963,891756
ERR4828963,1759252
C075,346693
C075,497491
C075,931123
C075,1759252
C075,2505085
ERR4831436,931123
ERR4831436,1759252
ERR4831436,3273107
ERR4813380,403364
ERR4813380,764995
ERR4813380,1759252
C158,346693
C158,497491
C158,931123
C158,1759252
C158,2505085
ERR4796691,931123
ERR4796691,1237818
ERR4796691,1759252
ERR4796691,3273107
ERR4796691,3722702
ERR4830554,403364
ERR4830554,764995
ERR4830554,1759252
SAMEA3558177,931123
SAMEA3558177,1759252
SAMEA3558177,2505085
21363,62657
21363,514245
21363,1759252
21363,4229087
ERR4828441,615938
ERR4828441,931123
ERR4828441,1759252
ERR4828441,3021283
ERR4828441,3216553
ERR4828441,4404247
ERR4831462,931123
ERR4831462,1759252
ERR4831462,3273107
ERR4797236,497491
ERR4797236,797736
ERR4797236,931123
ERR4797236,1759252
ERR4797236,2505085
ERR4810552,497491
ERR4810552,797736
ERR4810552,931123
ERR4810552,1759252
ERR4810552,2505085
ERR2510534,497491
ERR2510534,797736
ERR2510534,931123
ERR2510534,1759252
ERR2510534,2505085
ERR2510534,3836274
Peru4138,403364
Peru4138,764995
Peru4138,1759252
22598,497491
22598,797736
22598,931123
22598,1759252
22598,2505085
22598,4248115
MNG-S2014-0004,497491
MNG-S2014-0004,797736
MNG-S2014-0004,931123
MNG-S2014-0004,1759252
MNG-S2014-0004,2505085
SAMN02381016,1501468
SAMN02381016,1759252
SAMN02381016,3466426
SAMN02381016,4260268
Peru4553,1759252
TRL0115115,346693
TRL0115115,497491
TRL0115115,931123
TRL0115115,1759252
TRL0115115,2505085
ERR4822361,615938
ERR4822361,931123
ERR4822361,1759252
ERR4822361,3479545
Peru4042,764995
Peru4042,1759252
Peru4042,4316114
ERR4797019,764995
ERR4797019,1759252
ERR4797019,3977226
Peru4034,1759252
ERR4830487,764995
ERR4830487,1759252
ERR4830487,3388166
ERR4830487,4316114
ERR2510639,931123
ERR2510639,1759252
ERR2510639,3273107
ERR2510340,931123
ERR2510340,1759252
ERR2510340,3273107
ERR4812200,1759252
ERR4828945,62657
ERR4828945,107794
ERR4828945,891756
ERR4828945,1759252
ERR4796355,931123
ERR4796355,1759252
ERR4796355,3273107
ERR4796355,3722702
ERR4828505,615938
ERR4828505,931123
ERR4828505,1759252
ERR4828505,3021283
ERR4828505,3216553
ERR4828505,4404247
TDR226S198L002,62657
TDR226S198L002,107794
TDR226S198L002,891756
TDR226S198L002,1759252
ERR4822634,62657
ERR4822634,107794
ERR4822634,891756
ERR4822634,1759252
ERR4797469,497491
ERR4797469,797736
ERR4797469,931123
ERR4797469,1759252
ERR4797469,2505085
TRL0097309,497491
TRL0097309,797736
TRL0097309,931123
TRL0097309,1759252
TRL0097309,2505085
ERR4797274,1759252
ERR4797274,4307886
ERR4809196,62657
ERR4809196,514245
ERR4809196,1759252
ERR4809196,1850119
Peru4098,497491
Peru4098,797736
Peru4098,931123
Peru4098,1759252
Peru4098,2505085
TDR177S131L002,764995
TDR177S131L002,1132368
TDR177S131L002,1759252
TDR177S131L002,3977226
NLA000301128,62657
NLA000301128,107794
NLA000301128,891756
NLA000301128,1759252
ERR4830134,497491
ERR4830134,797736
ERR4830134,931123
ERR4830134,1759252
ERR4830134,2505085
C030,497491
C030,797736
C030,931123
C030,1759252
C030,2505085
ERR4814060,764995
ERR4814060,1132368
ERR4814060,1759252
ERR4814060,3977226
ERR4797224,931123
ERR4797224,1759252
ERR4797224,3273107
ERR4797119,497491
ERR4797119,797736
ERR4797119,931123
ERR4797119,1759252
ERR4797119,2505085
ERR4796289,931123
ERR4796289,1759252
ERR4796289,3273107
ERR4796289,3722702
ERR4797249,615938
ERR4797249,931123
ERR4797249,1759252
ERR4797249,2622402
ERR4797249,4404247
ERR2510621,931123
ERR2510621,1759252
ERR2510621,3273107
ERR3287803,403364
ERR3287803,764995
ERR3287803,1759252
ERR4811484,1719757
ERR4811484,1759252
ERR2510495,931123
ERR2510495,1759252
ERR2510495,3273107
C181,62657
C181,514245
C181,1759252
C181,1850119
TDR6S133L002,764995
TDR6S133L002,1132368
TDR6S133L002,1759252
TDR6S133L002,3977226
JPN-R2012-0091,497491
JPN-R2012-0091,797736
JPN-R2012-0091,931123
JPN-R2012-0091,1759252
JPN-R2012-0091,2505085
ERR4797457,1759252
ERR4797457,3836739
ERR4830030,497491
ERR4830030,797736
ERR4830030,931123
ERR4830030,1759252
ERR4830030,2505085
ERR4830287,615938
ERR4830287,931123
ERR4830287,1759252
ERR4830287,3021283
ERR4830287,3216553
ERR4830287,4404247
ERR4797030,615938
ERR4797030,931123
ERR4797030,1759252
ERR4797030,2622402
ERR4797030,4404247
ERR4811160,497491
ERR4811160,797736
ERR4811160,931123
ERR4811160,1759252
ERR4811160,2505085
ERR4822639,1501468
ERR4822639,1759252
ERR4822639,3466426
ERR4822639,4260268
ERR4829716,497491
ERR4829716,797736
ERR4829716,931123
ERR4829716,1759252
ERR4829716,2505085
ERR2510283,931123
ERR2510283,1759252
ERR2510283,3273107
ERR5917751,62657
ERR5917751,1759252
ERR4797143,615938
ERR4797143,931123
ERR4797143,1759252
ERR4797143,3470377
ERR3287827,1759252
ERR4809149,497491
ERR4809149,797736
ERR4809149,931123
ERR4809149,1759252
ERR4809149,2505085
ERR2510727,497491
ERR2510727,797736
ERR2510727,931123
ERR2510727,1759252
ERR2510727,2505085
ERR4811250,497491
ERR4811250,797736
ERR4811250,931123
ERR4811250,1759252
ERR4811250,2505085
Peru5114,1759252
ERR4829889,1759252
ERR4829889,2875883
ERR4829889,3466426
ERR4829889,4125058
ERR4797082,497491
ERR4797082,797736
ERR4797082,931123
ERR4797082,1759252
ERR4797082,2505085
M0021595-5,1759252
M0021595-5,3836739
TDR4S109L002,615938
TDR4S109L002,931123
TDR4S109L002,1491275
TDR4S109L002,1759252
TDR4S109L002,4404247
03R0110,62657
03R0110,107794
03R0110,891756
03R0110,1759252
ERR4811018,497491
ERR4811018,797736
ERR4811018,931123
ERR4811018,1759252
ERR4811018,2505085
1803,62657
1803,514245
1803,1759252
1803,1850119
PK00524261,1759252
PK00524261,3836739
MNG-S2014-0047,62657
MNG-S2014-0047,107794
MNG-S2014-0047,891756
MNG-S2014-0047,1759252
ERR4811067,1759252
ERR4830075,497491
ERR4830075,797736
ERR4830075,931123
ERR4830075,1759252
ERR4830075,2505085
SAMEA3558110,1759252
ERR4828801,1759252
ERR4828801,4249732
Peru4973,62657
Peru4973,1759252
01R0697,1759252
Peru3365,764995
Peru3365,1759252
Peru3365,4316114
ERR4813283,62657
ERR4813283,107794
ERR4813283,891756
ERR4813283,1759252
ERR4831488,931123
ERR4831488,1759252
ERR4831488,3273107
ERR3287360,1759252
TRL0114647,497491
TRL0114647,797736
TRL0114647,931123
TRL0114647,1759252
TRL0114647,2505085
ERR4810678,497491
ERR4810678,797736
ERR4810678,931123
ERR4810678,1759252
ERR4810678,2505085
ERR4797421,764995
ERR4797421,1132368
ERR4797421,1759252
ERR4797421,3977226
ERR4811531,1719757
ERR4811531,1759252
ERR4797431,615938
ERR4797431,931123
ERR4797431,1759252
ERR4797431,2622402
ERR4797431,4404247
ERR4811401,62657
ERR4811401,107794
ERR4811401,891756
ERR4811401,1759252
ERR4828499,615938
ERR4828499,931123
ERR4828499,1759252
ERR4828499,3479545
ERR4828611,346693
ERR4828611,497491
ERR4828611,931123
ERR4828611,1759252
ERR4828611,2505085
SAMN02398716,346693
SAMN02398716,497491
SAMN02398716,931123
SAMN02398716,1759252
SAMN02398716,2505085
C064,497491
C064,797736
C064,931123
C064,1759252
C064,2505085
ERR4831109,1759252
ERR4831109,3836739
KOR-K2016-0030,497491
KOR-K2016-0030,797736
KOR-K2016-0030,931123
KOR-K2016-0030,1759252
KOR-K2016-0030,2505085
ERR4829880,1759252
ERR4829880,3836739
ERR4829587,931123
ERR4829587,1759252
ERR4829587,3273107
ERR4830928,497491
ERR4830928,797736
ERR4830928,931123
ERR4830928,1759252
ERR4830928,2505085
ERR4831073,931123
ERR4831073,1237818
ERR4831073,1759252
ERR4831073,3273107
ERR4831073,3722702
ERR4822384,497491
ERR4822384,797736
ERR4822384,931123
ERR4822384,1759252
ERR4822384,2505085
ERR4828865,1759252
ERR4828865,4151558
ERR4828865,4307886
ERR5917746,497491
ERR5917746,797736
ERR5917746,931123
ERR5917746,1759252
ERR5917746,2505085
ERR4811889,764995
ERR4811889,1759252
ERR4811889,4316114
KOR-K2016-0151,346693
KOR-K2016-0151,497491
KOR-K2016-0151,931123
KOR-K2016-0151,1759252
KOR-K2016-0151,2505085
ERR3287480,764995
ERR3287480,1132368
ERR3287480,1759252
ERR3287480,3977226
ERR2184629,62657
ERR2184629,107794
ERR2184629,891756
ERR2184629,1759252
ERR4828398,615938
ERR4828398,931123
ERR4828398,1759252
ERR4828398,3021283
ERR4828398,3216553
ERR4828398,4404247
ERR4812146,62657
ERR4812146,107794
ERR4812146,891756
ERR4812146,1759252
TDR184S139L002,931123
TDR184S139L002,1759252
TDR184S139L002,3273107
ERR4809192,497491
ERR4809192,797736
ERR4809192,931123
ERR4809192,1759252
ERR4809192,2505085
ERR2184483,62657
ERR2184483,107794
ERR2184483,891756
ERR2184483,1759252
ERR4828421,497491
ERR4828421,797736
ERR4828421,931123
ERR4828421,1759252
ERR4828421,2505085
TDR109S85L002,497491
TDR109S85L002,797736
TDR109S85L002,931123
TDR109S85L002,1759252
TDR109S85L002,2505085
ERR3287671,403364
ERR3287671,764995
ERR3287671,1759252
Peru3279,62657
Peru3279,514245
Peru3279,1759252
Peru3279,4229087
ERR4796268,615938
ERR4796268,931123
ERR4796268,1759252
ERR4796268,2622402
ERR4796268,4404247
EC024-35,497491
EC024-35,797736
EC024-35,931123
EC024-35,1759252
EC024-35,2505085
NLA000200052,1501468
NLA000200052,1759252
NLA000200052,3466426
NLA000200052,4260268
ERR4828601,615938
ERR4828601,931123
ERR4828601,1759252
ERR4828601,3479545
Peru3265,403364
Peru3265,764995
Peru3265,1759252
C386,346693
C386,497491
C386,931123
C386,1759252
C386,2505085
ERR4828878,403364
ERR4828878,764995
ERR4828878,1759252
23194,497491
23194,797736
23194,931123
23194,1759252
23194,2505085
23194,4248115
Peru4136,62657
Peru4136,107794
Peru4136,891756
Peru4136,1759252
ERR4812060,1759252
ERR4828922,62657
ERR4828922,107794
ERR4828922,891756
ERR4828922,1759252
ERR4796704,931123
ERR4796704,1759252
ERR4796704,3273107
ERR4832027,497491
ERR4832027,797736
ERR4832027,931123
ERR4832027,1759252
ERR4832027,2505085
C375,764995
C375,1759252
C375,3388166
C375,4316114
ERR4828244,497491
ERR4828244,797736
ERR4828244,931123
ERR4828244,1759252
ERR4828244,2505085
ERR4810964,1719757
ERR4810964,1759252
ERR4796272,497491
ERR4796272,797736
ERR4796272,931123
ERR4796272,1759252
ERR4796272,2505085
ERR4829981,1759252
ERR4829981,2875883
ERR4829981,3466426
ERR4829981,4125058
C044,346693
C044,497491
C044,931123
C044,1759252
C044,2505085
ERR4809074,346693
ERR4809074,497491
ERR4809074,931123
ERR4809074,1759252
ERR4809074,2505085
Peru2947,403364
Peru2947,764995
Peru2947,1759252
C294,497491
C294,797736
C294,931123
C294,1759252
C294,2505085
C056,497491
C056,797736
C056,931123
C056,1759252
C056,2505085
ERR3287747,403364
ERR3287747,764995
ERR3287747,1759252
ERR4828231,497491
ERR4828231,797736
ERR4828231,931123
ERR4828231,1759252
ERR4828231,2505085
ERR4830732,615614
ERR4830732,764995
ERR4830732,1759252
C426,497491
C426,797736
C426,931123
C426,1759252
C426,2505085
C426,4248115
ERR4812451,62657
ERR4812451,514245
ERR4812451,1759252
GA064A-228,62657
GA064A-228,514245
GA064A-228,1759252
GA064A-228,1850119
ERR4797021,615938
ERR4797021,931123
ERR4797021,1759252
ERR4797021,3470377
C383,497491
C383,797736
C383,931123
C383,1759252
C383,2505085
C383,4248115
ERR4830739,62657
ERR4830739,107794
ERR4830739,891756
ERR4830739,1759252
ERR4830830,1487796
ERR4830830,1759252
ERR4830830,2411730
SAMN02398698,346693
SAMN02398698,497491
SAMN02398698,931123
SAMN02398698,1759252
SAMN02398698,2505085
ERR4811389,1759252
ERR4811389,2875883
ERR4811389,3466426
ERR4811389,4125058
C450,497491
C450,797736
C450,931123
C450,1759252
C450,2505085
ERR4828643,497491
ERR4828643,931123
ERR4828643,1759252
ERR4828643,1881090
ERR4811898,62657
ERR4811898,107794
ERR4811898,891756
ERR4811898,1759252
ERR4822573,403364
ERR4822573,764995
ERR4822573,1759252
ERR3287599,62657
ERR3287599,107794
ERR3287599,891756
ERR3287599,1759252
ERR4822323,497491
ERR4822323,797736
ERR4822323,931123
ERR4822323,1759252
ERR4822323,2505085
Peru3015,62657
Peru3015,107794
Peru3015,891756
Peru3015,1759252
ERR4831295,62657
ERR4831295,107794
ERR4831295,891756
ERR4831295,1759252
ERR4810482,346693
ERR4810482,497491
ERR4810482,931123
ERR4810482,1759252
ERR4810482,2505085
IDR1900043324,62657
IDR1900043324,107794
IDR1900043324,891756
IDR1900043324,1759252
Peru5015,764995
Peru5015,1132368
Peru5015,1759252
Peru5015,3977226
KOR-K2016-0199,497491
KOR-K2016-0199,797736
KOR-K2016-0199,931123
KOR-K2016-0199,1759252
KOR-K2016-0199,2505085
IDR1800028008,497491
IDR1800028008,797736
IDR1800028008,931123
IDR1800028008,1759252
IDR1800028008,2505085
ERR4797575,615938
ERR4797575,931123
ERR4797575,1759252
ERR4797575,2622402
ERR4797575,4404247
NLA000017744,403364
NLA000017744,764995
NLA000017744,1759252
Peru2975,403364
Peru2975,764995
Peru2975,1759252
Peru4540,403364
Peru4540,764995
Peru4540,1759252
ERR3287419,62657
ERR3287419,107794
ERR3287419,891756
ERR3287419,1759252
C050,1759252
C050,4249732
ERR4829845,497491
ERR4829845,797736
ERR4829845,931123
ERR4829845,1759252
ERR4829845,2505085
IDR1900014954,1719757
IDR1900014954,1759252
ERR2510334,931123
ERR2510334,1759252
ERR2510334,3273107
ERR5917758,403364
ERR5917758,764995
ERR5917758,1759252
SAMN02398714,497491
SAMN02398714,797736
SAMN02398714,931123
SAMN02398714,1759252
SAMN02398714,2505085
ERR4796529,497491
ERR4796529,797736
ERR4796529,931123
ERR4796529,1759252
ERR4796529,2505085
ERR4809108,497491
ERR4809108,797736
ERR4809108,931123
ERR4809108,1759252
ERR4809108,2505085
ERR4828248,497491
ERR4828248,931123
ERR4828248,1759252
ERR4828248,1881090
PM00152727,62657
PM00152727,514245
PM00152727,1759252
PM00152727,4229087
ERR4796846,931123
ERR4796846,1759252
ERR4796846,3273107
ERR4797671,931123
ERR4797671,1759252
ERR4797671,3273107
ERR4797671,3722702
ERR4828378,497491
ERR4828378,797736
ERR4828378,931123
ERR4828378,1759252
ERR4828378,2505085
ERR4811104,497491
ERR4811104,797736
ERR4811104,931123
ERR4811104,1759252
ERR4811104,2505085
ERR4830671,62657
ERR4830671,107794
ERR4830671,891756
ERR4830671,1759252
ERR3287856,497491
ERR3287856,797736
ERR3287856,931123
ERR3287856,1759252
ERR3287856,2505085
03R0194,764995
03R0194,1132368
03R0194,1759252
03R0194,3977226
ERR4812139,62657
ERR4812139,514245
ERR4812139,1759252
ERR4829036,1759252
ERR4829036,3836739
TDR24S169L002,1501468
TDR24S169L002,1759252
TDR24S169L002,3466426
TDR24S169L002,4260268
ERR3287699,497491
ERR3287699,797736
ERR3287699,931123
ERR3287699,1759252
ERR3287699,2505085
ERR4808934,403364
ERR4808934,764995
ERR4808934,1759252
ERR4822512,62657
ERR4822512,107794
ERR4822512,891756
ERR4822512,1759252
ERR4828571,497491
ERR4828571,797736
ERR4828571,931123
ERR4828571,1759252
ERR4828571,2505085
ERR4828377,497491
ERR4828377,797736
ERR4828377,931123
ERR4828377,1759252
ERR4828377,2505085
ERR4812506,497491
ERR4812506,797736
ERR4812506,931123
ERR4812506,1759252
ERR4812506,2505085
ERR4828540,497491
ERR4828540,797736
ERR4828540,931123
ERR4828540,1759252
ERR4828540,2505085
ERR4828245,497491
ERR4828245,797736
ERR4828245,931123
ERR4828245,1759252
ERR4828245,2505085
TDR53combined,1501468
TDR53combined,1759252
TDR53combined,3466426
TDR53combined,4260268
ERR4797053,931123
ERR4797053,1759252
ERR4797053,3273107
ERR4797053,3722702
ERR4828655,931123
ERR4828655,1759252
ERR4810484,497491
ERR4810484,797736
ERR4810484,931123
ERR4810484,1759252
ERR4810484,2505085
ERR3287868,403364
ERR3287868,764995
ERR3287868,1759252
ERR4822360,497491
ERR4822360,797736
ERR4822360,931123
ERR4822360,1759252
ERR4822360,2505085
ERR4813469,764995
ERR4813469,1132368
ERR4813469,1759252
ERR4813469,3977226
ERR2184315,62657
ERR2184315,107794
ERR2184315,891756
ERR2184315,1759252
ERR4797829,497491
ERR4797829,797736
ERR4797829,931123
ERR4797829,1759252
ERR4797829,2505085
ERR4796379,931123
ERR4796379,1237818
ERR4796379,1759252
ERR4796379,3273107
ERR4796379,3722702
ERR4830280,497491
ERR4830280,797736
ERR4830280,931123
ERR4830280,1759252
ERR4830280,2505085
ERR4796590,497491
ERR4796590,797736
ERR4796590,931123
ERR4796590,1759252
ERR4796590,2505085
ERR2184418,62657
ERR2184418,514245
ERR2184418,1759252
ERR2184418,4229087
ERR4796360,497491
ERR4796360,797736
ERR4796360,931123
ERR4796360,1759252
ERR4796360,2505085
ERR4796495,403364
ERR4796495,764995
ERR4796495,1759252
IDR1800036078,615938
IDR1800036078,931123
IDR1800036078,1759252
IDR1800036078,2622402
IDR1800036078,4404247
ERR2184216,1759252
Peru4721,615614
Peru4721,764995
Peru4721,1759252
Peru4033,403364
Peru4033,764995
Peru4033,1759252
ERR4822636,403364
ERR4822636,764995
ERR4822636,1759252
ERR2510624,931123
ERR2510624,1759252
ERR2510624,3273107
ERR4822451,497491
ERR4822451,797736
ERR4822451,931123
ERR4822451,1759252
ERR4822451,2505085
ERR4812574,62657
ERR4812574,107794
ERR4812574,891756
ERR4812574,1759252
ERR4811285,497491
ERR4811285,797736
ERR4811285,931123
ERR4811285,1759252
ERR4811285,2505085
ERR4811285,4248115
ERR4796655,497491
ERR4796655,797736
ERR4796655,931123
ERR4796655,1759252
ERR4796655,2505085
Peru4308,62657
Peru4308,107794
Peru4308,891756
Peru4308,1759252
TRL0114541,497491
TRL0114541,797736
TRL0114541,931123
TRL0114541,1759252
TRL0114541,2505085
EC080-188,497491
EC080-188,797736
EC080-188,931123
EC080-188,1759252
EC080-188,2505085
EC080-188,4248115
M0014870-1,403364
M0014870-1,764995
M0014870-1,1759252
ERR5917724,497491
ERR5917724,797736
ERR5917724,931123
ERR5917724,1759252
ERR5917724,2505085
ERR4810485,497491
ERR4810485,797736
ERR4810485,931123
ERR4810485,1759252
ERR4810485,2505085
Peru4650,62657
Peru4650,107794
Peru4650,891756
Peru4650,1759252
ERR2510488,931123
ERR2510488,1759252
ERR2510488,3273107
ERR4810601,497491
ERR4810601,797736
ERR4810601,931123
ERR4810601,1759252
ERR4810601,2505085
23571,1759252
23571,3836739
ERR4796457,615938
ERR4796457,931123
ERR4796457,1759252
ERR4796457,2622402
ERR4796457,4404247
1702,764995
1702,1132368
1702,1502120
1702,1759252
1702,3977226
ERR4828762,615938
ERR4828762,931123
ERR4828762,1759252
ERR4828762,3021283
ERR4828762,3216553
ERR4828762,4404247
ERR4822343,346693
ERR4822343,497491
ERR4822343,931123
ERR4822343,1759252
ERR4822343,2505085
ERR4809280,764995
ERR4809280,1132368
ERR4809280,1502120
ERR4809280,1759252
ERR4809280,3977226
ERR4829736,403364
ERR4829736,764995
ERR4829736,1759252
ERR4798105,931123
ERR4798105,1759252
ERR4798105,3273107
ERR4813272,62657
ERR4813272,107794
ERR4813272,891756
ERR4813272,1759252
ERR4797022,931123
ERR4797022,1759252
ERR4797022,3273107
ERR2184435,764995
ERR2184435,1759252
ERR2184435,4316114
ERR4810821,1759252
ERR4810821,4246508
ERR4810821,4307886
IDR1900022788,497491
IDR1900022788,797736
IDR1900022788,931123
IDR1900022788,1759252
IDR1900022788,2505085
ERR4811762,403364
ERR4811762,764995
ERR4811762,1759252
ERR4830423,497491
ERR4830423,797736
ERR4830423,931123
ERR4830423,1759252
ERR4830423,2505085
ERR4828508,497491
ERR4828508,797736
ERR4828508,931123
ERR4828508,1759252
ERR4828508,2505085
03R0177,764995
03R0177,1759252
03R0177,3977226
03R0177,4398141
ERR4810553,497491
ERR4810553,797736
ERR4810553,931123
ERR4810553,1759252
ERR4810553,2505085
ERR4828312,615938
ERR4828312,931123
ERR4828312,1759252
ERR4828312,3021283
ERR4828312,3216553
ERR4828312,4404247
ERR4831900,497491
ERR4831900,797736
ERR4831900,931123
ERR4831900,1759252
ERR4831900,2505085
ERR4822616,62657
ERR4822616,107794
ERR4822616,891756
ERR4822616,1759252
ERR4828913,1759252
ERR4828913,2875883
ERR4828913,3466426
ERR4828913,4125058
ERR4811524,497491
ERR4811524,797736
ERR4811524,931123
ERR4811524,1759252
ERR4811524,2505085
ERR4810982,497491
ERR4810982,797736
ERR4810982,931123
ERR4810982,1759252
ERR4810982,2505085
EC548B-327,497491
EC548B-327,797736
EC548B-327,931123
EC548B-327,1759252
EC548B-327,2505085
Peru4662,403364
Peru4662,764995
Peru4662,1759252
ERR3287882,403364
ERR3287882,764995
ERR3287882,1759252
PP00150885,764995
PP00150885,1132368
PP00150885,1502120
PP00150885,1759252
PP00150885,3977226
ERR4797594,62657
ERR4797594,107794
ERR4797594,891756
ERR4797594,1759252
ERR4797293,931123
ERR4797293,1759252
ERR4797293,3273107
ERR4797293,3722702
ERR4813953,62657
ERR4813953,107794
ERR4813953,891756
ERR4813953,1759252
Peru4712,403364
Peru4712,764995
Peru4712,1759252
ERR4810714,497491
ERR4810714,797736
ERR4810714,931123
ERR4810714,1759252
ERR4810714,2505085
ERR4828948,783601
ERR4828948,1759252
ERR4828948,2411730
ERR2184295,764995
ERR2184295,1759252
ERR2184295,3977226
ERR2184295,4398141
ERR4809252,62657
ERR4809252,107794
ERR4809252,891756
ERR4809252,1759252
C018,62657
C018,514245
C018,1759252
C018,4229087
ERR4813507,62657
ERR4813507,514245
ERR4813507,1759252
ERR4813507,4229087
ERR4828883,403364
ERR4828883,764995
ERR4828883,1759252
ERR2510397,1719757
ERR2510397,1759252
ERR4830681,615614
ERR4830681,764995
ERR4830681,1759252
02R1142,615614
02R1142,764995
02R1142,1759252
ERR4796531,931123
ERR4796531,1759252
ERR4796531,3273107
ERR4830289,497491
ERR4830289,797736
ERR4830289,931123
ERR4830289,1759252
ERR4830289,2505085
ERR4830289,4248115
ERR4810606,497491
ERR4810606,797736
ERR4810606,931123
ERR4810606,1759252
ERR4810606,2505085
ERR4797332,62657
ERR4797332,107794
ERR4797332,891756
ERR4797332,1759252
ERR4829735,62657
ERR4829735,107794
ERR4829735,891756
ERR4829735,1759252
ERR5918006,346693
ERR5918006,497491
ERR5918006,931123
ERR5918006,1759252
ERR5918006,2505085
ERR4809253,497491
ERR4809253,797736
ERR4809253,931123
ERR4809253,1759252
ERR4809253,2505085
ERR4809253,4248115
IDR1900007812,62657
IDR1900007812,107794
IDR1900007812,891756
IDR1900007812,1759252
ERR4811191,346693
ERR4811191,497491
ERR4811191,931123
ERR4811191,1759252
ERR4811191,2505085
ERR4797567,1759252
ERR4797567,3836739
ERR4810468,497491
ERR4810468,797736
ERR4810468,931123
ERR4810468,1759252
ERR4810468,2505085
ERR4796935,615938
ERR4796935,931123
ERR4796935,1759252
ERR4796935,3470377
ERR2184202,62657
ERR2184202,107794
ERR2184202,891756
ERR2184202,1759252
FS512-284,764995
FS512-284,1132368
FS512-284,1502120
FS512-284,1759252
FS512-284,3977226
Peru4635,497491
Peru4635,797736
Peru4635,931123
Peru4635,1759252
Peru4635,2505085
Peru4139,62657
Peru4139,107794
Peru4139,891756
Peru4139,1759252
ERR4812703,62657
ERR4812703,514245
ERR4812703,1759252
ERR4812854,764995
ERR4812854,1759252
ERR4831441,931123
ERR4831441,1759252
ERR4831441,3273107
ERR4830960,1759252
ERR4830960,3836739
BH00962940,62657
BH00962940,514245
BH00962940,1759252
BH00962940,4229087
ERR4812393,403364
ERR4812393,764995
ERR4812393,1759252
Peru4602,764995
Peru4602,1132368
Peru4602,1759252
Peru4602,3977226
ERR4814046,764995
ERR4814046,1759252
ERR4814046,3977226
ERR4814046,4398141
KOR-K2016-0141,497491
KOR-K2016-0141,797736
KOR-K2016-0141,931123
KOR-K2016-0141,1759252
KOR-K2016-0141,2505085
ERR4828637,497491
ERR4828637,797736
ERR4828637,931123
ERR4828637,1759252
ERR4828637,2505085
ERR4831780,497491
ERR4831780,797736
ERR4831780,931123
ERR4831780,1759252
ERR4831780,2505085
ERR4828884,1759252
ERR4828884,3836739
ERR4796619,615938
ERR4796619,931123
ERR4796619,1759252
ERR4796619,3479545
ERR4811869,62657
ERR4811869,107794
ERR4811869,891756
ERR4811869,1759252
ERR4829444,355181
ERR4829444,1759252
ERR4829444,4151558
ERR4829444,4307886
ERR4797202,615938
ERR4797202,931123
ERR4797202,1759252
ERR4797202,3470377
ERR4822511,497491
ERR4822511,797736
ERR4822511,931123
ERR4822511,1759252
ERR4822511,2505085
ERR4829081,497491
ERR4829081,797736
ERR4829081,931123
ERR4829081,1759252
ERR4829081,2505085
IDR1800053034,1759252
IDR1800053034,3836739
ERR4813037,403364
ERR4813037,764995
ERR4813037,1759252
ERR4828260,615938
ERR4828260,931123
ERR4828260,1759252
ERR4828260,3021283
ERR4828260,3216553
ERR4828260,4404247
ERR3287477,1759252
ERR4809105,403364
ERR4809105,764995
ERR4809105,1759252
KOR-K2016-0193,346693
KOR-K2016-0193,497491
KOR-K2016-0193,931123
KOR-K2016-0193,1759252
KOR-K2016-0193,2505085
M0012491-8,62657
M0012491-8,107794
M0012491-8,891756
M0012491-8,1759252
ERR4811935,1759252
ERR3287461,403364
ERR3287461,764995
ERR3287461,1759252
ERR4811156,1759252
ERR4811156,4246508
ERR4811156,4307886
ERR4811197,497491
ERR4811197,797736
ERR4811197,931123
ERR4811197,1759252
ERR4811197,2505085
C227,497491
C227,797736
C227,931123
C227,1759252
C227,2505085
ERR4811209,497491
ERR4811209,797736
ERR4811209,931123
ERR4811209,1759252
ERR4811209,2505085
Peru5117,62657
Peru5117,514245
Peru5117,1759252
KOR-K2016-0038,1719757
KOR-K2016-0038,1759252
Peru4592,62657
Peru4592,107794
Peru4592,891756
Peru4592,1759252
ERR4797462,615938
ERR4797462,931123
ERR4797462,1759252
ERR4797462,3470377
C140,497491
C140,797736
C140,931123
C140,1759252
C140,2505085
ERR4797139,931123
ERR4797139,1759252
ERR4797139,3273107
ERR4797139,3722702
ERR4808993,764995
ERR4808993,1759252
ERR4808993,3388166
ERR4808993,4316114
ERR4830255,497491
ERR4830255,797736
ERR4830255,931123
ERR4830255,1759252
ERR4830255,2505085
ERR4830255,4248115
ERR4822352,497491
ERR4822352,931123
ERR4822352,1759252
ERR2184267,62657
ERR2184267,107794
ERR2184267,891756
ERR2184267,1759252
Peru2942,764995
Peru2942,1132368
Peru2942,1759252
Peru2942,3977226
ERR4812331,1759252
ERR4812331,3836739
ERR4812770,497491
ERR4812770,797736
ERR4812770,931123
ERR4812770,1759252
ERR4812770,2505085
ERR2184414,62657
ERR2184414,107794
ERR2184414,891756
ERR2184414,1759252
JPN-R2011-0070,1759252
JPN-R2011-0070,3836739
ERR4831789,497491
ERR4831789,797736
ERR4831789,931123
ERR4831789,1759252
ERR4831789,2505085
ERR3287613,403364
ERR3287613,764995
ERR3287613,1759252
ERR4797537,497491
ERR4797537,797736
ERR4797537,931123
ERR4797537,1759252
ERR4797537,2505085
C139,497491
C139,797736
C139,931123
C139,1759252
C139,2505085
C139,4248115
ERR4796378,497491
ERR4796378,797736
ERR4796378,931123
ERR4796378,1759252
ERR4796378,2505085
ERR4828942,62657
ERR4828942,107794
ERR4828942,891756
ERR4828942,1759252
ERR4809295,764995
ERR4809295,1132368
ERR4809295,1502120
ERR4809295,1759252
ERR4809295,3977226
ERR4813297,764995
ERR4813297,1132368
ERR4813297,1759252
ERR4813297,3977226
ERR4812685,497491
ERR4812685,797736
ERR4812685,931123
ERR4812685,1759252
ERR4812685,2505085
ERR4812210,1759252
ERR4830160,497491
ERR4830160,797736
ERR4830160,931123
ERR4830160,1759252
ERR4830160,2505085
TRL0071026,497491
TRL0071026,797736
TRL0071026,931123
TRL0071026,1759252
TRL0071026,2505085
TRL0071026,4248115
ERR2184224,62657
ERR2184224,107794
ERR2184224,891756
ERR2184224,1759252
ERR4811108,497491
ERR4811108,797736
ERR4811108,931123
ERR4811108,1759252
ERR4811108,2505085
SAMN02360553,497491
SAMN02360553,797736
SAMN02360553,931123
SAMN02360553,1759252
SAMN02360553,2505085
ERR4830979,497491
ERR4830979,797736
ERR4830979,931123
ERR4830979,1759252
ERR4830979,2505085
ERR4822544,931123
ERR4822544,1237818
ERR4822544,1759252
ERR4822544,3273107
ERR4822544,3722702
ERR4810476,497491
ERR4810476,797736
ERR4810476,931123
ERR4810476,1759252
ERR4810476,2505085
ERR4813470,62657
ERR4813470,107794
ERR4813470,891756
ERR4813470,1759252
TRL0115691,346693
TRL0115691,497491
TRL0115691,931123
TRL0115691,1759252
TRL0115691,2505085
Peru3304,403364
Peru3304,764995
Peru3304,1759252
ERR3287429,403364
ERR3287429,764995
ERR3287429,1759252
ERR4811956,1759252
ERR4811956,3836739
Peru5014,764995
Peru5014,1759252
Peru5014,3977226
Peru5014,4398141
ERR4813428,497491
ERR4813428,797736
ERR4813428,931123
ERR4813428,1759252
ERR4813428,2505085
ERR4831043,615938
ERR4831043,931123
ERR4831043,1491275
ERR4831043,1759252
ERR4831043,4404247
ERR4813811,764995
ERR4813811,1759252
ERR4813811,4316114
ERR4796775,497491
ERR4796775,797736
ERR4796775,931123
ERR4796775,1759252
ERR4796775,2505085
ERR4796775,4248115
ERR4828529,931123
ERR4828529,1759252
ERR4828529,3273107
ERR4828475,497491
ERR4828475,797736
ERR4828475,931123
ERR4828475,1759252
ERR4828475,2505085
ERR4828475,4248115
ERR4797472,615938
ERR4797472,931123
ERR4797472,1759252
ERR4797472,2622402
ERR4797472,4404247
Peru4524,764995
Peru4524,1759252
Peru4524,3977226
Peru4524,4398141
ERR4811226,497491
ERR4811226,797736
ERR4811226,931123
ERR4811226,1759252
ERR4811226,2505085
ERR4828606,497491
ERR4828606,797736
ERR4828606,931123
ERR4828606,1759252
ERR4828606,2505085
ERR4828606,4248115
ERR4831135,497491
ERR4831135,797736
ERR4831135,931123
ERR4831135,1759252
ERR4831135,2505085
ERR4829877,497491
ERR4829877,797736
ERR4829877,931123
ERR4829877,1759252
ERR4829877,2505085
ERR4797165,931123
ERR4797165,1237818
ERR4797165,1759252
ERR4797165,3273107
ERR4797165,3722702
JPN-R2011-0059,497491
JPN-R2011-0059,797736
JPN-R2011-0059,931123
JPN-R2011-0059,1759252
JPN-R2011-0059,2505085
Peru5147,497491
Peru5147,797736
Peru5147,931123
Peru5147,1759252
Peru5147,2505085
ERR4830959,497491
ERR4830959,797736
ERR4830959,931123
ERR4830959,1759252
ERR4830959,2505085
SAMN02567661,355181
SAMN02567661,1759252
SAMN02567661,4151558
SAMN02567661,4307886
ERR4813762,764995
ERR4813762,1759252
ERR4813762,3977226
ERR4813762,4398141
ERR4809019,497491
ERR4809019,797736
ERR4809019,931123
ERR4809019,1759252
ERR4809019,2505085
ERR4830623,497491
ERR4830623,797736
ERR4830623,931123
ERR4830623,1759252
ERR4830623,2505085
ERR4830580,497491
ERR4830580,797736
ERR4830580,931123
ERR4830580,1759252
ERR4830580,2505085
ERR3287877,62657
ERR3287877,514245
ERR3287877,1759252
ERR3287877,4229087
ERR4811056,497491
ERR4811056,797736
ERR4811056,931123
ERR4811056,1759252
ERR4811056,2505085
ERR4809138,497491
ERR4809138,797736
ERR4809138,931123
ERR4809138,1759252
ERR4809138,2505085
C212,497491
C212,797736
C212,931123
C212,1759252
C212,2505085
TDR134S103L002,764995
TDR134S103L002,1132368
TDR134S103L002,1502120
TDR134S103L002,1759252
TDR134S103L002,3977226
ERR4811779,1759252
ERR4811854,62657
ERR4811854,107794
ERR4811854,891756
ERR4811854,1759252
ERR4797452,931123
ERR4797452,1759252
ERR4797452,3273107
ERR4797452,3722702
ERR4796672,497491
ERR4796672,797736
ERR4796672,931123
ERR4796672,1759252
ERR4796672,2505085
TRL0115006,62657
TRL0115006,107794
TRL0115006,891756
TRL0115006,1759252
ERR4797423,931123
ERR4797423,1759252
ERR4797423,3273107
IDR2000013522,497491
IDR2000013522,797736
IDR2000013522,931123
IDR2000013522,1759252
IDR2000013522,2505085
ERR3287689,62657
ERR3287689,1759252
ERR4822593,497491
ERR4822593,797736
ERR4822593,931123
ERR4822593,1759252
ERR4822593,2505085
ERR4831993,497491
ERR4831993,797736
ERR4831993,931123
ERR4831993,1759252
ERR4831993,2505085
ERR4812530,62657
ERR4812530,107794
ERR4812530,891756
ERR4812530,1759252
ERR4814045,764995
ERR4814045,1132368
ERR4814045,1759252
ERR4814045,3977226
ERR4812377,764995
ERR4812377,1759252
ERR4812377,3977226
ERR4812377,4398141
Peru5112,403364
Peru5112,764995
Peru5112,1759252
C472,497491
C472,797736
C472,931123
C472,1759252
C472,2505085
C472,4248115
ERR4808876,62657
ERR4808876,514245
ERR4808876,1759252
ERR4808876,4229087
KOR-K2016-0105,346693
KOR-K2016-0105,497491
KOR-K2016-0105,931123
KOR-K2016-0105,1759252
KOR-K2016-0105,2505085
ERR4828962,62657
ERR4828962,1759252
ERR4829727,403364
ERR4829727,764995
ERR4829727,1759252
ERR4809071,62657
ERR4809071,514245
ERR4809071,1759252
ERR4809071,4229087
ERR4811482,497491
ERR4811482,797736
ERR4811482,931123
ERR4811482,1759252
ERR4811482,2505085
ERR4813971,764995
ERR4813971,1132368
ERR4813971,1759252
ERR4813971,3977226
02R1191,62657
02R1191,107794
02R1191,891756
02R1191,1759252
ERR4822630,62657
ERR4822630,107794
ERR4822630,891756
ERR4822630,1759252
ERR4797561,497491
ERR4797561,797736
ERR4797561,931123
ERR4797561,1759252
ERR4797561,2505085
ERR2510378,62657
ERR2510378,514245
ERR2510378,541048
ERR2510378,1759252
ERR2184381,62657
ERR2184381,107794
ERR2184381,891756
ERR2184381,1759252
Peru4591,62657
Peru4591,891756
Peru4591,1759252
ERR4822319,497491
ERR4822319,797736
ERR4822319,931123
ERR4822319,1759252
ERR4822319,2505085
ERR4810586,497491
ERR4810586,797736
ERR4810586,931123
ERR4810586,1759252
ERR4810586,2505085
ERR4796893,497491
ERR4796893,797736
ERR4796893,931123
ERR4796893,1759252
ERR4796893,2505085
ERR2184577,62657
ERR2184577,514245
ERR2184577,1759252
ERR4831496,931123
ERR4831496,1759252
ERR4831496,3273107
ERR4829185,931123
ERR4829185,1759252
ERR4829185,1882180
ERR4829185,2831482
ERR4828169,615938
ERR4828169,931123
ERR4828169,1759252
ERR4828169,3021283
ERR4828169,3216553
ERR4828169,4404247
ERR4812784,62657
ERR4812784,107794
ERR4812784,891756
ERR4812784,1759252
ERR4828905,403364
ERR4828905,764995
ERR4828905,1759252
ERR4812069,615614
ERR4812069,764995
ERR4812069,1759252
SAMEA3558175,497491
SAMEA3558175,931123
SAMEA3558175,1759252
SAMEA3558175,2505085
ERR2510284,931123
ERR2510284,1759252
ERR2510284,3273107
ERR4813876,403364
ERR4813876,764995
ERR4813876,1759252
ERR4809272,764995
ERR4809272,1132368
ERR4809272,1502120
ERR4809272,1759252
ERR4809272,3977226
ERR4797355,497491
ERR4797355,797736
ERR4797355,931123
ERR4797355,1759252
ERR4797355,2505085
Peru4091,1759252
ERR4828744,497491
ERR4828744,797736
ERR4828744,931123
ERR4828744,1759252
ERR4828744,2505085
ERR4830269,497491
ERR4830269,797736
ERR4830269,931123
ERR4830269,1759252
ERR4830269,2505085
C076,497491
C076,797736
C076,931123
C076,1759252
C076,2505085
ERR4829426,1759252
ERR4829426,3836739
ERR4809170,62657
ERR4809170,107794
ERR4809170,891756
ERR4809170,1759252
ERR4830048,1719757
ERR4830048,1759252
ERR4811540,1719757
ERR4811540,1759252
ERR3287617,1487796
ERR3287617,1759252
ERR3287617,2411730
ERR4814084,62657
ERR4814084,107794
ERR4814084,891756
ERR4814084,1759252
ERR4813863,764995
ERR4813863,1759252
ERR4798317,497491
ERR4798317,797736
ERR4798317,931123
ERR4798317,1759252
ERR4798317,2505085
ERR4798317,4248115
M0000558-8,764995
M0000558-8,1759252
M0000558-8,4316114
ERR4809143,615938
ERR4809143,931123
ERR4809143,1759252
ERR4809143,3470377
ERR4811476,1759252
ERR4811476,4246508
ERR4811476,4307886
ERR4811480,1759252
ERR4811480,4246508
ERR4811480,4307886
ERR3287862,62657
ERR3287862,107794
ERR3287862,891756
ERR3287862,1759252
KOR-K2016-0083,497491
KOR-K2016-0083,797736
KOR-K2016-0083,931123
KOR-K2016-0083,1759252
KOR-K2016-0083,2505085
ERR4829402,62657
ERR4829402,107794
ERR4829402,891756
ERR4829402,1759252
Peru4736,62657
Peru4736,514245
Peru4736,1759252
ERR4809260,764995
ERR4809260,1759252
ERR4809260,3388166
ERR4809260,4316114
Peru4959,403364
Peru4959,764995
Peru4959,1759252
ERR4797171,615938
ERR4797171,931123
ERR4797171,1759252
ERR4797171,2622402
ERR4797171,4404247
ERR4813081,62657
ERR4813081,514245
ERR4813081,1759252
ERR4828404,615938
ERR4828404,931123
ERR4828404,1759252
ERR4828404,3021283
ERR4828404,3216553
ERR4828404,4404247
ERR4810579,497491
ERR4810579,797736
ERR4810579,931123
ERR4810579,1759252
ERR4810579,2505085
Peru2972,764995
Peru2972,1132368
Peru2972,1759252
Peru2972,3977226
C455,764995
C455,1759252
C455,3388166
C455,4316114
29707,497491
29707,797736
29707,931123
29707,1759252
29707,2505085
ERR4822424,497491
ERR4822424,797736
ERR4822424,931123
ERR4822424,1759252
ERR4822424,2505085
ERR4822424,4248115
C419,497491
C419,797736
C419,931123
C419,1759252
C419,2505085
ERR4813182,497491
ERR4813182,797736
ERR4813182,931123
ERR4813182,1759252
ERR4813182,2505085
ERR4812149,403364
ERR4812149,764995
ERR4812149,1759252
ERR4822318,497491
ERR4822318,797736
ERR4822318,931123
ERR4822318,1759252
ERR4822318,2505085
NLA000016604,62657
NLA000016604,107794
NLA000016604,891756
NLA000016604,1759252
Peru3989,62657
Peru3989,107794
Peru3989,891756
Peru3989,1759252
ERR2510386,931123
ERR2510386,1759252
ERR2510386,3273107
ERR4829555,62657
ERR4829555,107794
ERR4829555,891756
ERR4829555,1759252
ERR4830789,1487796
ERR4830789,1759252
ERR4830789,2411730
ERR4811026,497491
ERR4811026,797736
ERR4811026,931123
ERR4811026,1759252
ERR4811026,2505085
TRL0113022,403364
TRL0113022,764995
TRL0113022,1759252
KOR-K2016-0210,497491
KOR-K2016-0210,797736
KOR-K2016-0210,931123
KOR-K2016-0210,1759252
KOR-K2016-0210,2505085
C272,764995
C272,1759252
C272,3388166
C272,4316114
ERR4809294,764995
ERR4809294,1132368
ERR4809294,1502120
ERR4809294,1759252
ERR4809294,3977226
ERR4798308,615938
ERR4798308,931123
ERR4798308,1759252
ERR4798308,3470377
TDR58S102L002,1501468
TDR58S102L002,1759252
TDR58S102L002,3466426
TDR58S102L002,4260268
PK00537387,764995
PK00537387,1759252
PK00537387,3388166
PK00537387,4316114
ERR4812987,62657
ERR4812987,107794
ERR4812987,891756
ERR4812987,1759252
ERR4811313,1487796
ERR4811313,1759252
ERR4811313,2411730
ERR4828623,615938
ERR4828623,931123
ERR4828623,1759252
ERR4828623,3021283
ERR4828623,4404247
ERR4828690,497491
ERR4828690,797736
ERR4828690,931123
ERR4828690,1759252
ERR4828690,2505085
ERR4828754,497491
ERR4828754,797736
ERR4828754,931123
ERR4828754,1759252
ERR4828754,2505085
ERR4828754,4248115
ERR4796866,931123
ERR4796866,1759252
ERR4796866,3273107
ERR4810564,1759252
ERR4810564,4246508
ERR4810564,4307886
KOR-K2016-0061,497491
KOR-K2016-0061,797736
KOR-K2016-0061,931123
KOR-K2016-0061,1759252
KOR-K2016-0061,2505085
ERR4811176,497491
ERR4811176,797736
ERR4811176,931123
ERR4811176,1759252
ERR4811176,2505085
ERR4828401,615938
ERR4828401,931123
ERR4828401,1759252
ERR4828401,3021283
ERR4828401,3216553
ERR4828401,4404247
ERR4796365,931123
ERR4796365,1759252
ERR4796365,3273107
ERR4829523,1719757
ERR4829523,1759252
ERR3287430,403364
ERR3287430,764995
ERR3287430,1759252
Peru4077,62657
Peru4077,107794
Peru4077,891756
Peru4077,1759252
ERR4829057,1759252
ERR4829057,3836739
ERR4812037,62657
ERR4812037,107794
ERR4812037,891756
ERR4812037,1759252
Peru4633,403364
Peru4633,764995
Peru4633,1759252
ERR4796921,497491
ERR4796921,797736
ERR4796921,931123
ERR4796921,1759252
ERR4796921,2505085
ERR4831429,931123
ERR4831429,1759252
ERR4831429,3273107
ERR4811926,1759252
ERR4810545,497491
ERR4810545,797736
ERR4810545,931123
ERR4810545,1759252
ERR4810545,2505085
SAMEA3558138,931123
SAMEA3558138,1759252
SAMEA3558138,3273107
ERR4797468,497491
ERR4797468,797736
ERR4797468,931123
ERR4797468,1759252
ERR4797468,2505085
ERR4810857,497491
ERR4810857,797736
ERR4810857,931123
ERR4810857,1759252
ERR4810857,2505085
ERR4828335,497491
ERR4828335,797736
ERR4828335,931123
ERR4828335,1759252
ERR4828335,2505085
ERR5917719,783601
ERR5917719,1759252
ERR5917719,2411730
ERR3287782,1759252
GA514-247,403364
GA514-247,764995
GA514-247,1759252
Peru3341,764995
Peru3341,1759252
Peru3341,3977226
Peru3341,4398141
ERR4810504,1719757
ERR4810504,1759252
KOR-K2016-0147,497491
KOR-K2016-0147,797736
KOR-K2016-0147,931123
KOR-K2016-0147,1759252
KOR-K2016-0147,2505085
ERR4811526,497491
ERR4811526,797736
ERR4811526,931123
ERR4811526,1759252
ERR4811526,2505085
ERR3287825,497491
ERR3287825,797736
ERR3287825,931123
ERR3287825,1759252
ERR3287825,2505085
03R0929,764995
03R0929,1759252
03R0929,4316114
ERR4831948,497491
ERR4831948,797736
ERR4831948,931123
ERR4831948,1759252
ERR4831948,2505085
ERR4831948,4248115
Peru4986,891756
Peru4986,1759252
ERR4796746,497491
ERR4796746,797736
ERR4796746,931123
ERR4796746,1759252
ERR4796746,2505085
C256,346693
C256,497491
C256,931123
C256,1759252
C256,2505085
ERR4811423,931123
ERR4811423,1759252
ERR4811423,3273107
SAMN02381039,1501468
SAMN02381039,1759252
SAMN02381039,3466426
SAMN02381039,4260268
ERR4813370,764995
ERR4813370,1759252
ERR4828846,62657
ERR4828846,107794
ERR4828846,891756
ERR4828846,1759252
Peru5107,62657
Peru5107,107794
Peru5107,891756
Peru5107,1759252
JPN-R2011-0071,346693
JPN-R2011-0071,497491
JPN-R2011-0071,931123
JPN-R2011-0071,1759252
JPN-R2011-0071,2505085
TRL0116219,497491
TRL0116219,797736
TRL0116219,931123
TRL0116219,1759252
TRL0116219,2505085
ERR4828146,615938
ERR4828146,931123
ERR4828146,1759252
ERR4828146,3021283
ERR4828146,3216553
ERR4828146,4404247
C111,497491
C111,797736
C111,931123
C111,1759252
C111,2505085
ERR4813966,764995
ERR4813966,1759252
ERR4813966,3977226
ERR4813966,4398141
ERR4813803,62657
ERR4813803,107794
ERR4813803,891756
ERR4813803,1759252
ERR3287815,62657
ERR3287815,514245
ERR3287815,1759252
ERR3287815,4229087
MNG-S2014-0003,497491
MNG-S2014-0003,797736
MNG-S2014-0003,931123
MNG-S2014-0003,1759252
MNG-S2014-0003,2505085
ERR4812498,62657
ERR4812498,107794
ERR4812498,891756
ERR4812498,1759252
ERR4795892,1759252
ERR4795892,3836739
C350,497491
C350,797736
C350,931123
C350,1759252
C350,2505085
C350,4248115
ERR4813796,1759252
ERR4813796,4316114
ERR4830842,1487796
ERR4830842,1759252
ERR4830842,2411730
ERR4830634,1759252
ERR4830634,3836739
Peru3971,62657
Peru3971,107794
Peru3971,891756
Peru3971,1759252
EC567A-341,497491
EC567A-341,797736
EC567A-341,931123
EC567A-341,1759252
EC567A-341,2505085
EC567A-341,4248115
ERR3287672,1759252
ERR4813385,1759252
ERR4797536,403364
ERR4797536,764995
ERR4797536,1759252
Peru3402,403364
Peru3402,764995
Peru3402,1759252
ERR4796338,931123
ERR4796338,1759252
ERR4796338,3273107
ERR4829134,1759252
ERR4829134,2875883
ERR4829134,3466426
ERR4829134,4125058
03R0655,62657
03R0655,107794
03R0655,891756
03R0655,1759252
ERR4832045,497491
ERR4832045,797736
ERR4832045,931123
ERR4832045,1759252
ERR4832045,2505085
Peru4622,497491
Peru4622,797736
Peru4622,931123
Peru4622,1759252
Peru4622,2505085
ERR4822354,1487796
ERR4822354,1759252
ERR4822354,2411730
TDR68S115L002,346693
TDR68S115L002,497491
TDR68S115L002,931123
TDR68S115L002,1759252
TDR68S115L002,2505085
ERR4796727,497491
ERR4796727,797736
ERR4796727,931123
ERR4796727,1759252
ERR4796727,2505085
TRL0113493,615938
TRL0113493,931123
TRL0113493,1759252
TRL0113493,3470377
ERR4813411,403364
ERR4813411,764995
ERR4813411,1759252
ERR4797253,931123
ERR4797253,1759252
ERR4797253,3273107
ERR4829009,497491
ERR4829009,797736
ERR4829009,931123
ERR4829009,1759252
ERR4829009,2505085
KOR-K2016-0176,346693
KOR-K2016-0176,497491
KOR-K2016-0176,931123
KOR-K2016-0176,1759252
KOR-K2016-0176,2505085
ERR4831475,931123
ERR4831475,1759252
ERR4831475,3273107
ERR4813414,62657
ERR4813414,107794
ERR4813414,891756
ERR4813414,1759252
ERR4811483,497491
ERR4811483,797736
ERR4811483,931123
ERR4811483,1759252
ERR4811483,2505085
ERR4828749,497491
ERR4828749,797736
ERR4828749,931123
ERR4828749,1759252
ERR4828749,2505085
ERR4810665,497491
ERR4810665,797736
ERR4810665,931123
ERR4810665,1759252
ERR4810665,2505085
ERR4797400,497491
ERR4797400,797736
ERR4797400,931123
ERR4797400,1759252
ERR4797400,2505085
ERR4812478,403364
ERR4812478,764995
ERR4812478,1759252
ERR4831410,615938
ERR4831410,931123
ERR4831410,1759252
ERR4831410,3479545
ERR2510302,931123
ERR2510302,1759252
ERR2510302,3273107
C259,62657
C259,1759252
ERR4813199,62657
ERR4813199,514245
ERR4813199,1759252
ERR4813199,4229087
ERR4828725,497491
ERR4828725,797736
ERR4828725,931123
ERR4828725,1759252
ERR4828725,2505085
JPN-R2012-0035,764995
JPN-R2012-0035,1759252
JPN-R2012-0035,3977226
JPN-R2012-0035,4398141
ERR4796774,497491
ERR4796774,797736
ERR4796774,931123
ERR4796774,1759252
ERR4796774,2505085
KOR-K2016-0121,1719757
KOR-K2016-0121,1759252
ERR3287499,403364
ERR3287499,764995
ERR3287499,1759252
Peru5111,764995
Peru5111,1132368
Peru5111,1759252
Peru5111,3977226
Peru4306,764995
Peru4306,1759252
Peru4306,3977226
Peru4306,4398141
ERR4829094,931123
ERR4829094,1084911
ERR4829094,1759252
ERR4829094,3273107
ERR4796798,62657
ERR4796798,514245
ERR4796798,1759252
ERR4796798,4229087
ERR2184534,62657
ERR2184534,107794
ERR2184534,891756
ERR2184534,1759252
Peru4095,1759252
Peru4095,3836739
ERR4810834,497491
ERR4810834,797736
ERR4810834,931123
ERR4810834,1759252
ERR4810834,2505085
ERR4796264,497491
ERR4796264,797736
ERR4796264,931123
ERR4796264,1759252
ERR4796264,2505085
ERR4828343,615938
ERR4828343,931123
ERR4828343,1759252
ERR4828343,3021283
ERR4828343,3216553
ERR4828343,4404247
C046,346693
C046,497491
C046,931123
C046,1759252
C046,2505085
TRL0116883,1759252
TRL0116883,3836739
TDR70S170L002,1501468
TDR70S170L002,1759252
TDR70S170L002,3466426
TDR70S170L002,4260268
TDR118S163L002,1759252
QE00098167,62657
QE00098167,514245
QE00098167,1759252
QE00098167,4229087
ERR4797273,931123
ERR4797273,1759252
ERR4797273,3273107
C178,764995
C178,1759252
C178,3388166
C178,4316114
IDR2000254084,615938
IDR2000254084,931123
IDR2000254084,1759252
IDR2000254084,3470377
ERR4829377,1759252
ERR4829377,3466426
ERR4829377,4125058
ERR2510341,1759252
ERR2510341,3273107
ERR4831623,497491
ERR4831623,797736
ERR4831623,931123
ERR4831623,1759252
ERR4831623,2505085
ERR4828520,497491
ERR4828520,797736
ERR4828520,931123
ERR4828520,1759252
ERR4828520,2505085
Peru3992,62657
Peru3992,107794
Peru3992,891756
Peru3992,1759252
TRL0044786,62657
TRL0044786,107794
TRL0044786,891756
TRL0044786,1759252
ERR4830752,497491
ERR4830752,797736
ERR4830752,931123
ERR4830752,1759252
ERR4830752,2505085
ERR4809214,615938
ERR4809214,931123
ERR4809214,1759252
ERR4809214,3470377
ERR2184325,764995
ERR2184325,1759252
ERR4796983,497491
ERR4796983,797736
ERR4796983,931123
ERR4796983,1759252
ERR4796983,2505085
ERR4828411,497491
ERR4828411,797736
ERR4828411,931123
ERR4828411,1759252
ERR4828411,2505085
ERR4810809,497491
ERR4810809,797736
ERR4810809,931123
ERR4810809,1759252
ERR4810809,2505085
ERR3287738,764995
ERR3287738,1759252
ERR3287738,3977226
ERR3287738,4398141
ERR4797767,931123
ERR4797767,1759252
ERR4797767,3273107
ERR4822556,497491
ERR4822556,797736
ERR4822556,931123
ERR4822556,1759252
ERR4822556,2505085
ERR5918021,497491
ERR5918021,797736
ERR5918021,931123
ERR5918021,1759252
ERR5918021,2505085
ERR4811600,497491
ERR4811600,797736
ERR4811600,931123
ERR4811600,1759252
ERR4811600,2505085
ERR4831934,497491
ERR4831934,797736
ERR4831934,931123
ERR4831934,1759252
ERR4831934,2505085
ERR4813942,764995
ERR4813942,1759252
ERR4813942,3977226
ERR4813942,4398141
ERR4809250,355181
ERR4809250,1759252
ERR4809250,4151558
ERR4809250,4307886
ERR4813746,1759252
ERR4813746,3836739
ERR2510346,931123
ERR2510346,1759252
ERR2510346,3273107
ERR3287345,62657
ERR3287345,107794
ERR3287345,891756
ERR3287345,1759252
ERR4796615,615938
ERR4796615,931123
ERR4796615,1759252
ERR4796615,3470377
NLA009400322,62657
NLA009400322,1759252
ERR2184533,62657
ERR2184533,107794
ERR2184533,891756
ERR2184533,1759252
ERR4830756,783601
ERR4830756,1759252
ERR4830756,2411730
IDR1600044262,355181
IDR1600044262,1759252
IDR1600044262,4151558
IDR1600044262,4307886
ERR4796372,497491
ERR4796372,797736
ERR4796372,931123
ERR4796372,1759252
ERR4796372,2505085
ERR4797440,497491
ERR4797440,797736
ERR4797440,931123
ERR4797440,1759252
ERR4797440,2505085
Peru4318,497491
Peru4318,797736
Peru4318,931123
Peru4318,1759252
Peru4318,2505085
C106,764995
C106,1759252
C106,3388166
C106,4316114
ERR3287491,403364
ERR3287491,764995
ERR3287491,1759252
ERR4830426,497491
ERR4830426,797736
ERR4830426,931123
ERR4830426,1759252
ERR4830426,2505085
ERR4828373,615938
ERR4828373,931123
ERR4828373,1759252
ERR4828373,3021283
ERR4828373,3216553
ERR4828373,4404247
Peru5104,62657
Peru5104,514245
Peru5104,1759252
ERR4813169,403364
ERR4813169,764995
ERR4813169,1759252
ERR4797826,497491
ERR4797826,797736
ERR4797826,931123
ERR4797826,1759252
ERR4797826,2505085
ERR4830533,355181
ERR4830533,1759252
ERR4830533,4151558
ERR4830533,4307886
ERR5918024,355181
ERR5918024,1759252
ERR5918024,4151558
ERR5918024,4307886
ERR4813162,497491
ERR4813162,797736
ERR4813162,931123
ERR4813162,1759252
ERR4813162,2505085
ERR4822363,497491
ERR4822363,797736
ERR4822363,931123
ERR4822363,1759252
ERR4822363,2505085
KOR-K2016-0169,346693
KOR-K2016-0169,497491
KOR-K2016-0169,931123
KOR-K2016-0169,1759252
KOR-K2016-0169,2505085
1828,1455780
1828,1487796
1828,1759252
1828,2411730
ERR4828614,497491
ERR4828614,797736
ERR4828614,931123
ERR4828614,1759252
ERR4828614,2505085
ERR3287615,764995
ERR3287615,1132368
ERR3287615,1759252
ERR3287615,3977226
ERR4812948,931123
ERR4812948,1759252
ERR4812948,1882180
ERR4812948,2831482
TRL0114680,403364
TRL0114680,764995
TRL0114680,1759252
ERR4822369,1719757
ERR4822369,1759252
ERR4831030,497491
ERR4831030,797736
ERR4831030,931123
ERR4831030,1759252
ERR4831030,2505085
ERR4822592,497491
ERR4822592,797736
ERR4822592,931123
ERR4822592,1759252
ERR4822592,2505085
ERR2510244,615938
ERR2510244,931123
ERR2510244,1759252
ERR2510244,2622402
ERR2510244,4404247
ERR4797684,931123
ERR4797684,1759252
ERR4797684,3273107
ERR4796602,497491
ERR4796602,797736
ERR4796602,931123
ERR4796602,1759252
ERR4796602,2505085
03R0268,497491
03R0268,797736
03R0268,931123
03R0268,1759252
03R0268,2505085
ERR4797641,931123
ERR4797641,1759252
ERR4797641,3273107
ERR4808988,403364
ERR4808988,764995
ERR4808988,1759252
ERR4811576,1487796
ERR4811576,1759252
ERR4811576,2411730
ERR4811404,1759252
ERR4811404,2875883
ERR4811404,3466426
ERR4811404,4125058
KOR-K2016-0220,497491
KOR-K2016-0220,797736
KOR-K2016-0220,931123
KOR-K2016-0220,1759252
KOR-K2016-0220,2505085
Peru5154,403364
Peru5154,764995
Peru5154,1759252
ERR4813959,62657
ERR4813959,107794
ERR4813959,891756
ERR4813959,1759252
ERR4811457,1759252
ERR4811457,2875883
ERR4811457,3466426
ERR4811457,4125058
ERR4830689,403364
ERR4830689,764995
ERR4830689,1759252
ERR4798015,931123
ERR4798015,1759252
ERR4798015,3273107
ERR4830932,497491
ERR4830932,797736
ERR4830932,931123
ERR4830932,1759252
ERR4830932,2505085
ERR2510282,931123
ERR2510282,1759252
ERR2510282,3273107
ERR4811934,497491
ERR4811934,797736
ERR4811934,931123
ERR4811934,1759252
ERR4811934,2505085
ERR4829941,931123
ERR4829941,1759252
ERR4829941,3273107
JPN-R2011-0063,346693
JPN-R2011-0063,497491
JPN-R2011-0063,931123
JPN-R2011-0063,1759252
JPN-R2011-0063,2505085
Peru4117,403364
Peru4117,764995
Peru4117,1759252
Peru4053,764995
Peru4053,1759252
Peru4053,4316114
ERR4831177,355181
ERR4831177,1759252
ERR4831177,4151558
ERR4831177,4307886
ERR4797107,931123
ERR4797107,1759252
ERR4797107,3273107
ERR4829969,931123
ERR4829969,1759252
ERR4829969,3273107
ERR3287655,764995
ERR3287655,1132368
ERR3287655,1759252
ERR3287655,3977226
M0014239-9,62657
M0014239-9,891756
M0014239-9,1759252
ERR4822342,615938
ERR4822342,931123
ERR4822342,1759252
ERR4822342,3479545
KOR-K2016-0115,346693
KOR-K2016-0115,497491
KOR-K2016-0115,931123
KOR-K2016-0115,1759252
KOR-K2016-0115,2505085
ERR2184221,403364
ERR2184221,764995
ERR2184221,1759252
ERR4830418,497491
ERR4830418,797736
ERR4830418,931123
ERR4830418,1759252
ERR4830418,2505085
ERR4830418,4248115
ERR4828436,615938
ERR4828436,931123
ERR4828436,1759252
ERR4828436,3021283
ERR4828436,3216553
ERR4828436,4404247
ERR4831651,497491
ERR4831651,797736
ERR4831651,931123
ERR4831651,1759252
ERR4831651,2505085
ERR4798323,931123
ERR4798323,1759252
ERR4798323,3273107
ERR4798323,3722702
ERR4822575,497491
ERR4822575,797736
ERR4822575,931123
ERR4822575,1759252
ERR4822575,2505085
TRL0116187,1759252
TRL0116187,4249732
ERR4811875,62657
ERR4811875,107794
ERR4811875,891756
ERR4811875,1759252
ERR4809309,497491
ERR4809309,797736
ERR4809309,931123
ERR4809309,1759252
ERR4809309,2505085
TDR76S162L002,497491
TDR76S162L002,797736
TDR76S162L002,931123
TDR76S162L002,1759252
TDR76S162L002,2505085
ERR4811572,497491
ERR4811572,797736
ERR4811572,931123
ERR4811572,1759252
ERR4811572,2505085
ERR5917733,497491
ERR5917733,797736
ERR5917733,931123
ERR5917733,1759252
ERR5917733,2505085
ERR4796709,615938
ERR4796709,931123
ERR4796709,1759252
ERR4796709,2622402
ERR4796709,4404247
ERR4808929,497491
ERR4808929,797736
ERR4808929,931123
ERR4808929,1759252
ERR4808929,2505085
ERR4812984,62657
ERR4812984,514245
ERR4812984,1759252
JPN-R2012-0024,497491
JPN-R2012-0024,797736
JPN-R2012-0024,931123
JPN-R2012-0024,1759252
JPN-R2012-0024,2505085
C200,62657
C200,514245
C200,1759252
C200,4229087
ERR4828405,615938
ERR4828405,931123
ERR4828405,1759252
ERR4828405,3021283
ERR4828405,3216553
ERR4828405,4404247
ERR4829827,497491
ERR4829827,797736
ERR4829827,931123
ERR4829827,1759252
ERR4829827,2505085
ERR4830750,1719757
ERR4830750,1759252
ERR2184212,403364
ERR2184212,764995
ERR2184212,1759252
ERR4830228,497491
ERR4830228,797736
ERR4830228,931123
ERR4830228,1759252
ERR4830228,2505085
ERR4813190,764995
ERR4813190,1759252
ERR4813190,4316114
ERR4811991,1759252
ERR4811991,3836739
ERR4830695,62657
ERR4830695,107794
ERR4830695,891756
ERR4830695,1759252
ERR2184259,62657
ERR2184259,514245
ERR2184259,1759252
ERR4829934,931123
ERR4829934,1759252
ERR4829934,3273107
ERR4796453,931123
ERR4796453,1759252
ERR4796453,3273107
ERR4811784,62657
ERR4811784,107794
ERR4811784,891756
ERR4811784,1759252
ERR3287876,1759252
ERR3287876,3836739
ERR4811007,1487796
ERR4811007,1759252
ERR4811007,2411730
TDR37combined,615938
TDR37combined,931123
TDR37combined,1759252
TDR37combined,3470377
ERR4797708,931123
ERR4797708,1759252
ERR4797708,3273107
ERR4797708,3722702
ERR4811118,497491
ERR4811118,797736
ERR4811118,931123
ERR4811118,1759252
ERR4811118,2505085
ERR3287344,62657
ERR3287344,891756
ERR3287344,1759252
ERR5918144,403364
ERR5918144,764995
ERR5918144,1759252
GA509-232,497491
GA509-232,797736
GA509-232,931123
GA509-232,1759252
GA509-232,2505085
ERR4828582,615938
ERR4828582,931123
ERR4828582,1759252
ERR4828582,3021283
ERR4828582,3216553
ERR4828582,4404247
ERR4796771,497491
ERR4796771,797736
ERR4796771,931123
ERR4796771,1759252
ERR4796771,2505085
Peru5096,62657
Peru5096,107794
Peru5096,891756
Peru5096,1759252
Peru4002,764995
Peru4002,1759252
Peru4002,4316114
ERR4830412,497491
ERR4830412,931123
ERR4830412,1759252
ERR4830412,1881090
ERR4830383,497491
ERR4830383,797736
ERR4830383,931123
ERR4830383,1759252
ERR4830383,2505085
ERR5917678,497491
ERR5917678,797736
ERR5917678,931123
ERR5917678,1759252
ERR5917678,2505085
ERR4796976,1487796
ERR4796976,1759252
ERR4796976,2411730
ERR4830760,931123
ERR4830760,1759252
ERR4830760,3273107
ERR4810819,497491
ERR4810819,797736
ERR4810819,931123
ERR4810819,1759252
ERR4810819,2505085
ERR2510689,1759252
ERR2510689,3836739
QF00450839,62657
QF00450839,514245
QF00450839,1759252
QF00450839,4229087
ERR2510429,615938
ERR2510429,931123
ERR2510429,1759252
ERR2510429,2622402
ERR2510429,4404247
Peru3978,403364
Peru3978,764995
Peru3978,1759252
ERR4811231,497491
ERR4811231,797736
ERR4811231,931123
ERR4811231,1759252
ERR4811231,2505085
ERR4796859,62657
ERR4796859,107794
ERR4796859,891756
ERR4796859,1759252
1789,931123
1789,1084911
1789,1759252
1789,3273107
ERR4810634,1719757
ERR4810634,1759252
ERR4813955,62657
ERR4813955,107794
ERR4813955,891756
ERR4813955,1759252
ERR4830866,355181
ERR4830866,1759252
ERR4830866,4151558
ERR4830866,4307886
ERR3287835,764995
ERR3287835,1132368
ERR3287835,1759252
ERR3287835,3977226
ERR4830717,355181
ERR4830717,1759252
ERR4830717,4151558
ERR4830717,4307886
ERR4809210,497491
ERR4809210,797736
ERR4809210,931123
ERR4809210,1759252
ERR4809210,2505085
ERR4812411,1759252
ERR4812411,4249732
ERR4810474,497491
ERR4810474,797736
ERR4810474,931123
ERR4810474,1759252
ERR4810474,2505085
ERR4828599,497491
ERR4828599,797736
ERR4828599,931123
ERR4828599,1759252
ERR4828599,2505085
ERR4828580,497491
ERR4828580,797736
ERR4828580,931123
ERR4828580,1759252
ERR4828580,2505085
KOR-K2016-0028,615938
KOR-K2016-0028,931123
KOR-K2016-0028,1759252
KOR-K2016-0028,3021283
KOR-K2016-0028,3216553
KOR-K2016-0028,4404247
BF01298605,62657
BF01298605,514245
BF01298605,1759252
BF01298605,4229087
ERR4831964,497491
ERR4831964,797736
ERR4831964,931123
ERR4831964,1759252
ERR4831964,2505085
ERR4831964,4248115
ERR4828984,62657
ERR4828984,107794
ERR4828984,891756
ERR4828984,1759252
Peru4048,1759252
Peru4048,3836739
Peru3996,62657
Peru3996,107794
Peru3996,891756
Peru3996,1759252
ERR4828517,497491
ERR4828517,797736
ERR4828517,931123
ERR4828517,1759252
ERR4828517,2505085
ERR4810596,497491
ERR4810596,797736
ERR4810596,931123
ERR4810596,1759252
ERR4810596,2505085
ERR4813853,62657
ERR4813853,107794
ERR4813853,891756
ERR4813853,1759252
ERR4796607,931123
ERR4796607,1759252
ERR4796607,3273107
ERR4796607,3722702
ERR4812587,62657
ERR4812587,107794
ERR4812587,891756
ERR4812587,1759252
ERR4809053,764995
ERR4809053,1759252
ERR4809053,3977226
ERR4809053,4398141
ERR4830351,615938
ERR4830351,931123
ERR4830351,1759252
ERR4830351,3021283
ERR4830351,3216553
ERR4830351,4404247
SAMEA3558208,62657
SAMEA3558208,107794
SAMEA3558208,891756
SAMEA3558208,1759252
ERR4809288,615938
ERR4809288,931123
ERR4809288,1759252
ERR4809288,3470377
Peru3262,1759252
ERR4828221,497491
ERR4828221,797736
ERR4828221,931123
ERR4828221,1759252
ERR4828221,2505085
ERR4828221,4248115
ERR4813212,764995
ERR4813212,1759252
ERR4813212,4316114
ERR4812189,62657
ERR4812189,107794
ERR4812189,891756
ERR4812189,1759252
ERR4828515,497491
ERR4828515,797736
ERR4828515,931123
ERR4828515,1759252
ERR4828515,2505085
ERR4828882,62657
ERR4828882,107794
ERR4828882,891756
ERR4828882,1759252
TRL0116692,615938
TRL0116692,931123
TRL0116692,1759252
TRL0116692,3470377
ERR3287616,764995
ERR3287616,1132368
ERR3287616,1759252
ERR3287616,3977226
ERR2184213,62657
ERR2184213,514245
ERR2184213,1759252
ERR3287713,497491
ERR3287713,797736
ERR3287713,931123
ERR3287713,1759252
ERR3287713,2505085
MNG-S2014-0017,497491
MNG-S2014-0017,797736
MNG-S2014-0017,931123
MNG-S2014-0017,1759252
MNG-S2014-0017,2505085
ERR4831848,1487796
ERR4831848,1759252
ERR4831848,2411730
ERR4829521,403364
ERR4829521,764995
ERR4829521,1759252
ERR4830512,62657
ERR4830512,891756
ERR4830512,1759252
Peru4708,403364
Peru4708,764995
Peru4708,1759252
ERR4822550,497491
ERR4822550,797736
ERR4822550,931123
ERR4822550,1759252
ERR4822550,2505085
ERR4810811,1719757
ERR4810811,1759252
ERR4829679,62657
ERR4829679,107794
ERR4829679,891756
ERR4829679,1759252
ERR4811246,1719757
ERR4811246,1759252
ERR2510303,497491
ERR2510303,797736
ERR2510303,931123
ERR2510303,1759252
ERR2510303,2505085
ERR2510303,4248115
ERR4811196,1759252
ERR4811196,4246508
ERR4811196,4307886
ERR4828786,783601
ERR4828786,1759252
ERR4828786,2411730
ERR4813809,62657
ERR4813809,107794
ERR4813809,891756
ERR4813809,1759252
Peru4559,403364
Peru4559,764995
Peru4559,1759252
ERR4831365,931123
ERR4831365,1759252
ERR4831365,3273107
ERR4831365,3722702
ERR2510425,931123
ERR2510425,1759252
ERR2510425,3273107
ERR3287696,1759252
ERR4830719,62657
ERR4830719,107794
ERR4830719,891756
ERR4830719,1759252
ERR4831872,497491
ERR4831872,797736
ERR4831872,931123
ERR4831872,1759252
ERR4831872,2505085
ERR3287507,497491
ERR3287507,797736
ERR3287507,931123
ERR3287507,1759252
ERR3287507,2505085
ERR3287507,4248115
ERR4811966,62657
ERR4811966,107794
ERR4811966,891756
ERR4811966,1759252
C381,764995
C381,1132368
C381,1502120
C381,1759252
C381,3977226
ERR4811716,62657
ERR4811716,514245
ERR4811716,1759252
ERR4812136,764995
ERR4812136,1759252
ERR4812136,4316114
ERR4830352,615938
ERR4830352,931123
ERR4830352,1759252
ERR4830352,3021283
ERR4830352,3216553
ERR4830352,4404247
ERR4796596,497491
ERR4796596,797736
ERR4796596,931123
ERR4796596,1759252
ERR4796596,2505085
KOR-K2016-0094,497491
KOR-K2016-0094,797736
KOR-K2016-0094,931123
KOR-K2016-0094,1759252
KOR-K2016-0094,2505085
ERR2184485,403364
ERR2184485,764995
ERR2184485,1759252
ERR4831615,497491
ERR4831615,797736
ERR4831615,931123
ERR4831615,1759252
ERR4831615,2505085
27186,497491
27186,797736
27186,931123
27186,1759252
27186,2505085
27186,4248115
ERR4808958,931123
ERR4808958,1759252
ERR4808958,3273107
ERR4808958,3722702
ERR2184394,62657
ERR2184394,107794
ERR2184394,891756
ERR2184394,1759252
Peru4595,62657
Peru4595,107794
Peru4595,891756
Peru4595,1759252
ERR4831122,497491
ERR4831122,797736
ERR4831122,931123
ERR4831122,1759252
ERR4831122,2505085
ERR2510547,931123
ERR2510547,1759252
ERR2510547,3273107
KOR-K2016-0225,1487796
KOR-K2016-0225,1759252
KOR-K2016-0225,2411730
ERR4813431,62657
ERR4813431,1759252
ERR4812625,764995
ERR4812625,1759252
ERR4812625,4316114
ERR2184690,62657
ERR2184690,107794
ERR2184690,891756
ERR2184690,1759252
ERR4798127,497491
ERR4798127,797736
ERR4798127,931123
ERR4798127,1759252
ERR4798127,2505085
02R1709,764995
02R1709,1132368
02R1709,1759252
02R1709,3977226
ERR4811740,1759252
ERR4811740,3836739
ERR2510419,1487796
ERR2510419,1759252
ERR2510419,2411730
ERR4812167,62657
ERR4812167,107794
ERR4812167,891756
ERR4812167,1759252
ERR4828732,497491
ERR4828732,797736
ERR4828732,931123
ERR4828732,1759252
ERR4828732,2505085
ERR4829919,1759252
ERR4829919,3836739
ERR4822543,497491
ERR4822543,797736
ERR4822543,931123
ERR4822543,1759252
ERR4822543,2505085
ERR4822295,497491
ERR4822295,797736
ERR4822295,931123
ERR4822295,1759252
ERR4822295,2505085
Peru3308,497491
Peru3308,797736
Peru3308,931123
Peru3308,1759252
Peru3308,2505085
ERR4830217,497491
ERR4830217,797736
ERR4830217,931123
ERR4830217,1759252
ERR4830217,2505085
C196,62657
C196,514245
C196,1759252
C196,4229087
ERR4822504,1759252
ERR4822504,3836739
ERR4811781,403364
ERR4811781,764995
ERR4811781,1759252
IDR1800049308,931123
IDR1800049308,1759252
IDR1800049308,3273107
IDR1800049308,3722702
SAMN01925695,1719757
SAMN01925695,1759252
TDR48S90L002,1759252
TDR48S90L002,3836739
ERR4830361,615938
ERR4830361,931123
ERR4830361,1759252
ERR4830361,3479545
ERR4812239,497491
ERR4812239,797736
ERR4812239,931123
ERR4812239,1759252
ERR4812239,2505085
ERR4797177,62657
ERR4797177,107794
ERR4797177,891756
ERR4797177,1759252
ERR4830286,497491
ERR4830286,797736
ERR4830286,931123
ERR4830286,1759252
ERR4830286,2505085
ERR4810930,497491
ERR4810930,797736
ERR4810930,931123
ERR4810930,1759252
ERR4810930,2505085
ERR4810860,497491
ERR4810860,797736
ERR4810860,931123
ERR4810860,1759252
ERR4810860,2505085
ERR4796978,497491
ERR4796978,797736
ERR4796978,931123
ERR4796978,1759252
ERR4796978,2505085
ERR4796978,4248115
TRL0085451,62657
TRL0085451,107794
TRL0085451,891756
TRL0085451,1759252
ERR4830492,1759252
ERR4830492,3836739
ERR3287590,355181
ERR3287590,1759252
ERR3287590,4151558
ERR3287590,4307886
ERR4828985,783601
ERR4828985,1759252
ERR4828985,2411730
ERR4809110,497491
ERR4809110,797736
ERR4809110,931123
ERR4809110,1759252
ERR4809110,2505085
ERR4808874,497491
ERR4808874,797736
ERR4808874,931123
ERR4808874,1759252
ERR4808874,2505085
Peru3392,497491
Peru3392,797736
Peru3392,931123
Peru3392,1759252
Peru3392,2505085
ERR4797103,403364
ERR4797103,764995
ERR4797103,1759252
ERR4828678,497491
ERR4828678,797736
ERR4828678,931123
ERR4828678,1759252
ERR4828678,2505085
KOR-K2016-0203,497491
KOR-K2016-0203,797736
KOR-K2016-0203,931123
KOR-K2016-0203,1759252
KOR-K2016-0203,2505085
ERR4812385,62657
ERR4812385,514245
ERR4812385,1759252
ERR4809090,62657
ERR4809090,514245
ERR4809090,1759252
ERR4809090,1850119
1796,1455780
1796,1487796
1796,1759252
1796,2411730
ERR4830630,497491
ERR4830630,797736
ERR4830630,931123
ERR4830630,1759252
ERR4830630,2505085
ERR4831908,497491
ERR4831908,797736
ERR4831908,931123
ERR4831908,1759252
ERR4831908,2505085
ERR4797746,1759252
ERR4797746,3836739
Peru5410,764995
Peru5410,1759252
Peru5410,4316114
ERR4813958,764995
ERR4813958,1132368
ERR4813958,1759252
ERR4813958,3977226
ERR4828328,497491
ERR4828328,797736
ERR4828328,931123
ERR4828328,1759252
ERR4828328,2505085
ERR4828328,4248115
C438,497491
C438,797736
C438,931123
C438,1759252
C438,2505085
IDR1800013652,615938
IDR1800013652,931123
IDR1800013652,1759252
IDR1800013652,3479545
ERR4796653,615938
ERR4796653,931123
ERR4796653,1759252
ERR4796653,3470377
Peru5000,62657
Peru5000,514245
Peru5000,1759252
ERR2184676,62657
ERR2184676,107794
ERR2184676,891756
ERR2184676,1759252
ERR4796422,615938
ERR4796422,931123
ERR4796422,1491275
ERR4796422,1759252
ERR4796422,4404247
ERR4797294,615938
ERR4797294,931123
ERR4797294,1759252
ERR4797294,2622402
ERR4797294,4404247
ERR4810695,1719757
ERR4810695,1759252
SAMEA3558125,1759252
ERR4811288,497491
ERR4811288,797736
ERR4811288,931123
ERR4811288,1759252
ERR4811288,2505085
ERR2184223,403364
ERR2184223,764995
ERR2184223,1759252
ERR4796793,497491
ERR4796793,797736
ERR4796793,931123
ERR4796793,1759252
ERR4796793,2505085
C354,497491
C354,797736
C354,931123
C354,1759252
C354,2505085
C354,4248115
NLA000300865,62657
NLA000300865,1759252
MNG-S2014-0038,497491
MNG-S2014-0038,797736
MNG-S2014-0038,931123
MNG-S2014-0038,1759252
MNG-S2014-0038,2505085
ERR4812025,62657
ERR4812025,107794
ERR4812025,891756
ERR4812025,1759252
KOR-K2016-0071,497491
KOR-K2016-0071,797736
KOR-K2016-0071,931123
KOR-K2016-0071,1759252
KOR-K2016-0071,2505085
ERR4810822,497491
ERR4810822,797736
ERR4810822,931123
ERR4810822,1759252
ERR4810822,2505085
ERR4811947,403364
ERR4811947,764995
ERR4811947,1759252
ERR5918052,62657
ERR5918052,514245
ERR5918052,1759252
ERR4828714,615938
ERR4828714,931123
ERR4828714,1759252
ERR4828714,3021283
ERR4828714,3216553
ERR4828714,4404247
ERR4813285,62657
ERR4813285,107794
ERR4813285,891756
ERR4813285,1759252
ERR4822456,1487796
ERR4822456,1759252
ERR4822456,2411730
ERR4797723,615938
ERR4797723,931123
ERR4797723,1759252
ERR4797723,2622402
ERR4797723,4404247
ERR4831018,497491
ERR4831018,797736
ERR4831018,931123
ERR4831018,1759252
ERR4831018,2505085
Peru4093,62657
Peru4093,107794
Peru4093,891756
Peru4093,1759252
ERR4830607,497491
ERR4830607,797736
ERR4830607,931123
ERR4830607,1759252
ERR4830607,2505085
ERR4812582,497491
ERR4812582,797736
ERR4812582,931123
ERR4812582,1759252
ERR4812582,2505085
Peru5021,62657
Peru5021,107794
Peru5021,891756
Peru5021,1759252
Peru3358,403364
Peru3358,764995
Peru3358,1759252
ERR4796663,615938
ERR4796663,931123
ERR4796663,1759252
ERR4796663,2622402
ERR4796663,4404247
EC561-336,931123
EC561-336,1759252
EC561-336,3273107
KOR-K2016-0153,346693
KOR-K2016-0153,497491
KOR-K2016-0153,931123
KOR-K2016-0153,1759252
KOR-K2016-0153,2505085
ERR4797822,931123
ERR4797822,1759252
ERR4797822,3273107
ERR4797822,3722702
JPN-R2012-0018,497491
JPN-R2012-0018,797736
JPN-R2012-0018,931123
JPN-R2012-0018,1759252
JPN-R2012-0018,2505085
JPN-R2012-0018,4248115
Peru2906,403364
Peru2906,764995
Peru2906,1759252
ERR4811420,1759252
ERR4811420,2875883
ERR4811420,3466426
ERR4811420,4125058
ERR4811658,1759252
ERR4811658,4151558
ERR4811658,4307886
ERR4831470,931123
ERR4831470,1759252
ERR4831470,3273107
ERR4828514,497491
ERR4828514,797736
ERR4828514,931123
ERR4828514,1759252
ERR4828514,2505085
ERR4796415,497491
ERR4796415,797736
ERR4796415,931123
ERR4796415,1759252
ERR4796415,2505085
Peru4037,797736
Peru4037,1759252
ERR4830862,355181
ERR4830862,1759252
ERR4830862,4151558
ERR4830862,4307886
ERR4832031,497491
ERR4832031,797736
ERR4832031,931123
ERR4832031,1759252
ERR4832031,2505085
ERR4809200,62657
ERR4809200,514245
ERR4809200,1759252
ERR4809200,4229087
ERR2510366,615938
ERR2510366,1759252
ERR2510366,2622402
ERR2510366,4404247
Peru3984,1759252
Peru3984,3836739
ERR4796329,497491
ERR4796329,797736
ERR4796329,931123
ERR4796329,1759252
ERR4796329,2505085
ERR4822590,497491
ERR4822590,797736
ERR4822590,931123
ERR4822590,1759252
ERR4822590,2505085
SAMEA3558185,62657
SAMEA3558185,107794
SAMEA3558185,891756
SAMEA3558185,1759252
Peru2918,1759252
ERR4811995,62657
ERR4811995,891756
ERR4811995,1759252
ERR4812519,403364
ERR4812519,764995
ERR4812519,1759252
ERR4828371,1487796
ERR4828371,1759252
ERR4828371,2411730
26936,764995
26936,1759252
26936,3388166
26936,4316114
Peru3339,62657
Peru3339,514245
Peru3339,1759252
Peru3339,4229087
GA074-226,346693
GA074-226,497491
GA074-226,931123
GA074-226,1759252
GA074-226,2505085
TRL0115159,62657
TRL0115159,107794
TRL0115159,891756
TRL0115159,1759252
03R0068,764995
03R0068,1759252
03R0068,4316114
ERR4796559,497491
ERR4796559,797736
ERR4796559,931123
ERR4796559,1759252
ERR4796559,2505085
ERR2510725,1759252
ERR2510725,3836739
ERR4796654,497491
ERR4796654,797736
ERR4796654,931123
ERR4796654,1759252
ERR4796654,2505085
ERR4829677,764995
ERR4829677,1759252
ERR4829677,4316114
JG00225783,1759252
JG00225783,3836739
ERR4829162,1759252
ERR4829162,2875883
ERR4829162,3466426
ERR4829162,4125058
ERR4811036,497491
ERR4811036,797736
ERR4811036,931123
ERR4811036,1759252
ERR4811036,2505085
ERR4797191,497491
ERR4797191,797736
ERR4797191,931123
ERR4797191,1759252
ERR4797191,2505085
ERR4829676,62657
ERR4829676,107794
ERR4829676,891756
ERR4829676,1759252
ERR2510871,497491
ERR2510871,797736
ERR2510871,931123
ERR2510871,1759252
ERR2510871,2505085
ERR2510871,4248115
ERR4831420,1759252
ERR4831420,3836739
ERR4831922,497491
ERR4831922,797736
ERR4831922,931123
ERR4831922,1759252
ERR4831922,2505085
ERR4829849,403364
ERR4829849,764995
ERR4829849,1759252
NLA000401745,497491
NLA000401745,797736
NLA000401745,931123
NLA000401745,1759252
NLA000401745,2505085
ERR4829449,931123
ERR4829449,1759252
ERR4829449,3273107
ERR4811918,497491
ERR4811918,797736
ERR4811918,931123
ERR4811918,1759252
ERR4811918,2505085
ERR2184265,62657
ERR2184265,514245
ERR2184265,1759252
ERR2184265,4229087
Peru4658,62657
Peru4658,107794
Peru4658,891756
Peru4658,1759252
ERR3287684,403364
ERR3287684,764995
ERR3287684,1759252
ERR3287469,62657
ERR3287469,107794
ERR3287469,891756
ERR3287469,1759252
Peru4953,764995
Peru4953,1132368
Peru4953,1759252
Peru4953,3977226
ERR4811651,497491
ERR4811651,797736
ERR4811651,931123
ERR4811651,1759252
ERR4811651,2505085
ERR2184388,403364
ERR2184388,764995
ERR2184388,1759252
ERR4811162,497491
ERR4811162,797736
ERR4811162,931123
ERR4811162,1759252
ERR4811162,2505085
ERR4810473,497491
ERR4810473,797736
ERR4810473,931123
ERR4810473,1759252
ERR4810473,2505085
ERR4829823,497491
ERR4829823,797736
ERR4829823,931123
ERR4829823,1759252
ERR4829823,2505085
ERR4822624,497491
ERR4822624,797736
ERR4822624,931123
ERR4822624,1759252
ERR4822624,2505085
ERR4829577,497491
ERR4829577,797736
ERR4829577,931123
ERR4829577,1759252
ERR4829577,2505085
ERR4811179,1759252
ERR4811179,4246508
ERR4811179,4307886
ERR4797583,931123
ERR4797583,1759252
ERR4797583,3273107
Peru3057,403364
Peru3057,764995
Peru3057,1759252
ERR4796889,931123
ERR4796889,1759252
ERR4796889,3273107
ERR4829721,62657
ERR4829721,107794
ERR4829721,891756
ERR4829721,1759252
ERR3287311,764995
ERR3287311,1759252
ERR3287311,3977226
ERR3287311,4398141
IDR1800051593,1759252
Peru4134,403364
Peru4134,764995
Peru4134,1759252
ERR4797454,931123
ERR4797454,1759252
ERR4797454,3273107
ERR4797454,3722702
NLA000000709,931123
NLA000000709,1084911
NLA000000709,1759252
NLA000000709,3273107
ERR4810798,1719757
ERR4810798,1759252
Peru2908,62657
Peru2908,514245
Peru2908,1759252
Peru2908,4229087
ERR4797069,497491
ERR4797069,797736
ERR4797069,931123
ERR4797069,1759252
ERR4797069,2505085
02R1244,62657
02R1244,514245
02R1244,1759252
02R1244,4229087
ERR4830757,1719757
ERR4830757,1759252
ERR4828487,497491
ERR4828487,797736
ERR4828487,931123
ERR4828487,1759252
ERR4828487,2505085
ERR4828557,497491
ERR4828557,797736
ERR4828557,931123
ERR4828557,1759252
ERR4828557,2505085
ERR4811279,1487796
ERR4811279,1759252
ERR4811279,2411730
ERR4830670,62657
ERR4830670,891756
ERR4830670,1759252
ERR4796887,1759252
ERR4796887,3836739
ERR4830182,497491
ERR4830182,797736
ERR4830182,931123
ERR4830182,1759252
ERR4830182,2505085
ERR4830485,931123
ERR4830485,1084911
ERR4830485,1759252
ERR4830485,3273107
ERR4813794,62657
ERR4813794,107794
ERR4813794,891756
ERR4813794,1759252
ERR2184613,62657
ERR2184613,107794
ERR2184613,891756
ERR2184613,1759252
ERR4812775,62657
ERR4812775,514245
ERR4812775,1759252
ERR4812775,4229087
ERR2184566,764995
ERR2184566,1759252
ERR2184566,3977226
ERR2184566,4398141
ERR4828756,497491
ERR4828756,797736
ERR4828756,931123
ERR4828756,1759252
ERR4828756,2505085
ERR4797407,931123
ERR4797407,1759252
ERR4797407,3273107
Peru5156,1759252
Peru5156,3836739
ERR3287340,497491
ERR3287340,797736
ERR3287340,931123
ERR3287340,1759252
ERR3287340,2505085
ERR4828617,497491
ERR4828617,797736
ERR4828617,931123
ERR4828617,1759252
ERR4828617,2505085
TRL0065126,764995
TRL0065126,1759252
TRL0065126,3388166
TRL0065126,4316114
ERR4796862,931123
ERR4796862,1237818
ERR4796862,1759252
ERR4796862,3273107
ERR4796862,3722702
ERR4811051,1719757
ERR4811051,1759252
ERR4813432,497491
ERR4813432,797736
ERR4813432,931123
ERR4813432,1759252
ERR4813432,2505085
ERR2510436,931123
ERR2510436,1759252
ERR2510436,3273107
ERR4809344,62657
ERR4809344,107794
ERR4809344,891756
ERR4809344,1759252
ERR4813800,62657
ERR4813800,891756
ERR4813800,1759252
ERR2510461,931123
ERR2510461,1759252
ERR2510461,3273107
ERR4810633,497491
ERR4810633,797736
ERR4810633,931123
ERR4810633,1759252
ERR4810633,2505085
ERR4810633,4248115
ERR4810681,497491
ERR4810681,797736
ERR4810681,931123
ERR4810681,1759252
ERR4810681,2505085
ERR4831820,497491
ERR4831820,797736
ERR4831820,931123
ERR4831820,1759252
ERR4831820,2505085
ERR4831423,931123
ERR4831423,1759252
ERR4831423,3273107
1791,1759252
ERR3287818,403364
ERR3287818,764995
ERR3287818,1759252
ERR4797835,1759252
ERR4797835,3836739
ERR4829512,1759252
ERR4829512,3836739
ERR4812578,62657
ERR4812578,107794
ERR4812578,891756
ERR4812578,1759252
ERR4812358,764995
ERR4812358,1759252
ERR4812358,3977226
ERR4812358,4398141
ERR4831248,1759252
ERR4831248,3836739
ERR4810491,1719757
ERR4810491,1759252
TDR178S143L002,62657
TDR178S143L002,107794
TDR178S143L002,891756
TDR178S143L002,1759252
ERR4829023,615938
ERR4829023,931123
ERR4829023,1759252
ERR4829023,3479545
ERR4830647,497491
ERR4830647,797736
ERR4830647,931123
ERR4830647,1759252
ERR4830647,2505085
ERR4809132,497491
ERR4809132,797736
ERR4809132,931123
ERR4809132,1759252
ERR4809132,2505085
ERR4828925,497491
ERR4828925,797736
ERR4828925,931123
ERR4828925,1759252
ERR4828925,2505085
ERR4811500,497491
ERR4811500,797736
ERR4811500,931123
ERR4811500,1759252
ERR4811500,2505085
ERR4811701,497491
ERR4811701,797736
ERR4811701,931123
ERR4811701,1759252
ERR4811701,2505085
ERR4797620,497491
ERR4797620,797736
ERR4797620,931123
ERR4797620,1759252
ERR4797620,2505085
ERR4811742,62657
ERR4811742,107794
ERR4811742,891756
ERR4811742,1759252
TDR174S132L002,615938
TDR174S132L002,931123
TDR174S132L002,1759252
TDR174S132L002,3479545
ERR4797668,497491
ERR4797668,797736
ERR4797668,931123
ERR4797668,1759252
ERR4797668,2505085
ERR4829131,931123
ERR4829131,1759252
ERR4829131,3273107
ERR2510525,931123
ERR2510525,1759252
ERR2510525,3273107
ERR4813980,1759252
ERR4813980,3836739
ERR5918034,764995
ERR5918034,1759252
ERR5918034,3388166
ERR5918034,4316114
SAMN02381022,1501468
SAMN02381022,1759252
SAMN02381022,3466426
SAMN02381022,4260268
ERR4811374,497491
ERR4811374,797736
ERR4811374,931123
ERR4811374,1759252
ERR4811374,2505085
ERR4811374,4248115
ERR4813766,62657
ERR4813766,891756
ERR4813766,1759252
ERR4797580,497491
ERR4797580,797736
ERR4797580,931123
ERR4797580,1759252
ERR4797580,2505085
ERR4828296,497491
ERR4828296,797736
ERR4828296,931123
ERR4828296,1759252
ERR4828296,2505085
Peru4466,764995
Peru4466,1132368
Peru4466,1759252
Peru4466,3977226
ERR2184596,1759252
Peru4667,62657
Peru4667,107794
Peru4667,891756
Peru4667,1759252
ERR4831048,931123
ERR4831048,1759252
ERR4831048,3273107
ERR4831229,1759252
ERR4831229,2875883
ERR4831229,3466426
ERR4831229,4125058
ERR4831385,62657
ERR4831385,107794
ERR4831385,891756
ERR4831385,1759252
ERR4828751,615938
ERR4828751,931123
ERR4828751,1759252
ERR4828751,3021283
ERR4828751,4404247
ERR4813234,403364
ERR4813234,764995
ERR4813234,1759252
ERR4812476,403364
ERR4812476,764995
ERR4812476,1759252
SAMN02360612,497491
SAMN02360612,797736
SAMN02360612,931123
SAMN02360612,1759252
SAMN02360612,2505085
ERR4812302,764995
ERR4812302,1759252
ERR4829482,62657
ERR4829482,107794
ERR4829482,891756
ERR4829482,1759252
ERR2184395,403364
ERR2184395,764995
ERR2184395,1759252
TRL0114976,62657
TRL0114976,514245
TRL0114976,1759252
TRL0114976,4229087
ERR4809306,764995
ERR4809306,1132368
ERR4809306,1502120
ERR4809306,1759252
ERR4809306,3977226
M0006024-5,62657
M0006024-5,107794
M0006024-5,891756
M0006024-5,1759252
KOR-K2016-0041,497491
KOR-K2016-0041,797736
KOR-K2016-0041,931123
KOR-K2016-0041,1759252
KOR-K2016-0041,2505085
ERR4811812,764995
ERR4811812,1759252
ERR4811812,4316114
ERR4811931,62657
ERR4811931,107794
ERR4811931,891756
ERR4811931,1759252
ERR4796927,764995
ERR4796927,1132368
ERR4796927,1759252
ERR4796927,3977226
KOR-K2016-0162,497491
KOR-K2016-0162,797736
KOR-K2016-0162,931123
KOR-K2016-0162,1759252
KOR-K2016-0162,2505085
ERR4811241,497491
ERR4811241,797736
ERR4811241,931123
ERR4811241,1759252
ERR4811241,2505085
ERR4831797,497491
ERR4831797,797736
ERR4831797,931123
ERR4831797,1759252
ERR4831797,2505085
ERR4828645,615938
ERR4828645,931123
ERR4828645,1759252
ERR4828645,3021283
ERR4828645,3216553
ERR4828645,4404247
ERR4811624,1719757
ERR4811624,1759252
ERR4811283,497491
ERR4811283,797736
ERR4811283,931123
ERR4811283,1759252
ERR4811283,2505085
Peru4570,62657
Peru4570,514245
Peru4570,1759252
ERR4797757,1759252
ERR4797757,3836739
ERR3287374,403364
ERR3287374,764995
ERR3287374,1759252
ERR4813179,62657
ERR4813179,107794
ERR4813179,891756
ERR4813179,1759252
ERR4832015,497491
ERR4832015,931123
ERR4832015,1759252
ERR4832015,1881090
ERR2510330,1719757
ERR2510330,1759252
ERR4830036,497491
ERR4830036,797736
ERR4830036,931123
ERR4830036,1759252
ERR4830036,2505085
ERR3287404,62657
ERR3287404,107794
ERR3287404,891756
ERR3287404,1759252
ERR4811711,497491
ERR4811711,797736
ERR4811711,931123
ERR4811711,1759252
ERR4811711,2505085
ERR4829988,1759252
ERR4829988,2875883
ERR4829988,3466426
ERR4829988,4125058
NLA000200433,931123
NLA000200433,1759252
NLA000200433,1799921
TDR54S149L002,931123
TDR54S149L002,1759252
TDR54S149L002,3273107
ERR4831926,497491
ERR4831926,797736
ERR4831926,931123
ERR4831926,1759252
ERR4831926,2505085
ERR4831926,4248115
ERR4812048,62657
ERR4812048,107794
ERR4812048,891756
ERR4812048,1759252
ERR4810791,497491
ERR4810791,797736
ERR4810791,931123
ERR4810791,1759252
ERR4810791,2505085
ERR4831063,497491
ERR4831063,797736
ERR4831063,931123
ERR4831063,1759252
ERR4831063,2505085
ERR4829560,1719757
ERR4829560,1759252
ERR4830892,497491
ERR4830892,797736
ERR4830892,931123
ERR4830892,1759252
ERR4830892,2505085
ERR4811604,346693
ERR4811604,497491
ERR4811604,931123
ERR4811604,1759252
ERR4811604,2505085
ERR4811789,497491
ERR4811789,797736
ERR4811789,931123
ERR4811789,1759252
ERR4811789,2505085
ERR4810945,497491
ERR4810945,797736
ERR4810945,931123
ERR4810945,1759252
ERR4810945,2505085
C408,764995
C408,1759252
C408,3977226
C408,4398141
ERR4822505,1759252
ERR4822505,3836739
ERR4830016,1759252
ERR4830016,3836739
ERR4812466,62657
ERR4812466,107794
ERR4812466,891756
ERR4812466,1759252
ERR4828544,497491
ERR4828544,931123
ERR4828544,1759252
ERR4828544,2505085
ERR4797390,497491
ERR4797390,797736
ERR4797390,931123
ERR4797390,1759252
ERR4797390,2505085
QE00093878,764995
QE00093878,1132368
QE00093878,1502120
QE00093878,1759252
QE00093878,3977226
ERR4796337,497491
ERR4796337,797736
ERR4796337,931123
ERR4796337,1759252
ERR4796337,2505085
TRL0091844,615938
TRL0091844,931123
TRL0091844,1759252
TRL0091844,3470377
ERR4796312,1759252
ERR4796312,3836739
ERR4831187,62657
ERR4831187,107794
ERR4831187,891756
ERR4831187,1759252
ERR4830096,403364
ERR4830096,764995
ERR4830096,1759252
ERR4810750,497491
ERR4810750,797736
ERR4810750,931123
ERR4810750,1759252
ERR4810750,2505085
ERR4810541,1759252
ERR4810541,4246508
ERR4810541,4307886
Peru4926,764995
Peru4926,1132368
Peru4926,1759252
Peru4926,3977226
ERR4831131,62657
ERR4831131,107794
ERR4831131,891756
ERR4831131,1759252
ERR4814012,403364
ERR4814012,764995
ERR4814012,1759252
ERR4830470,764995
ERR4830470,1759252
ERR4830470,3388166
ERR4830470,4316114
Peru3069,62657
Peru3069,107794
Peru3069,891756
Peru3069,1759252
Peru4088,1759252
ERR4830524,403364
ERR4830524,764995
ERR4830524,1759252
ERR4832032,497491
ERR4832032,797736
ERR4832032,931123
ERR4832032,1759252
ERR4832032,2505085
SAMN02567680,1501468
SAMN02567680,1759252
SAMN02567680,3466426
SAMN02567680,4260268
Peru3420,1759252
Peru3420,3836739
ERR4812899,403364
ERR4812899,764995
ERR4812899,1759252
Peru3293,403364
Peru3293,764995
Peru3293,1759252
Peru4078,1759252
ERR4830761,764995
ERR4830761,1132368
ERR4830761,1502120
ERR4830761,1759252
ERR4830761,3977226
ERR2184250,403364
ERR2184250,764995
ERR2184250,1759252
ERR4811008,497491
ERR4811008,797736
ERR4811008,931123
ERR4811008,1759252
ERR4811008,2505085
ERR5918126,346693
ERR5918126,497491
ERR5918126,931123
ERR5918126,1759252
ERR5918126,2505085
ERR4796880,1759252
ERR4796880,2694560
ERR4796880,4151558
ERR4796880,4307886
ERR4796734,497491
ERR4796734,797736
ERR4796734,931123
ERR4796734,1759252
ERR4796734,2505085
ERR4829532,62657
ERR4829532,891756
ERR4829532,1759252
ERR2510702,497491
ERR2510702,797736
ERR2510702,931123
ERR2510702,1759252
ERR2510702,2505085
Peru4614,1501468
Peru4614,1759252
Peru4614,3466426
Peru4614,4260268
ERR4822418,497491
ERR4822418,797736
ERR4822418,931123
ERR4822418,1759252
ERR4822418,2505085
TRL0115018,62657
TRL0115018,107794
TRL0115018,891756
TRL0115018,1759252
ERR2510304,931123
ERR2510304,1759252
ERR2510304,3273107
ERR2510304,3722702
UH00107527,497491
UH00107527,797736
UH00107527,931123
UH00107527,1759252
UH00107527,2505085
UH00107527,4248115
ERR2510548,615938
ERR2510548,931123
ERR2510548,1719757
ERR2510548,1759252
ERR2510548,2622402
ERR2510548,4404247
ERR4830641,497491
ERR4830641,797736
ERR4830641,931123
ERR4830641,1759252
ERR4830641,2505085
ERR4811661,62657
ERR4811661,514245
ERR4811661,1759252
ERR4828998,1759252
ERR4828998,3836739
ERR4811879,62657
ERR4811879,107794
ERR4811879,891756
ERR4811879,1759252
ERR4828416,497491
ERR4828416,797736
ERR4828416,931123
ERR4828416,1759252
ERR4828416,2505085
FS046-146,764995
FS046-146,1759252
FS046-146,3388166
FS046-146,4316114
ERR2510273,931123
ERR2510273,1759252
ERR2510273,3273107
NLA009701938,615938
NLA009701938,931123
NLA009701938,1759252
NLA009701938,2622402
NLA009701938,4404247
ERR3287702,62657
ERR3287702,514245
ERR3287702,1759252
FS595A-381,346693
FS595A-381,497491
FS595A-381,931123
FS595A-381,1759252
FS595A-381,2505085
ERR4828566,497491
ERR4828566,931123
ERR4828566,1759252
ERR4828566,1881090
ERR4797408,497491
ERR4797408,797736
ERR4797408,931123
ERR4797408,1759252
ERR4797408,2505085
TRL0116843,346693
TRL0116843,497491
TRL0116843,931123
TRL0116843,1759252
TRL0116843,2505085
TRL0113198,62657
TRL0113198,107794
TRL0113198,891756
TRL0113198,1759252
ERR2184264,497491
ERR2184264,797736
ERR2184264,931123
ERR2184264,1759252
ERR2184264,2505085
KOR-K2016-0215,1759252
ERR3287417,497491
ERR3287417,797736
ERR3287417,931123
ERR3287417,1759252
ERR3287417,2505085
ERR3287750,497491
ERR3287750,797736
ERR3287750,931123
ERR3287750,1759252
ERR3287750,2505085
ERR4831242,62657
ERR4831242,107794
ERR4831242,891756
ERR4831242,1759252
ERR4812223,764995
ERR4812223,1759252
ERR4812223,4316114
Peru4995,403364
Peru4995,764995
Peru4995,1759252
JPN-R2012-0023,497491
JPN-R2012-0023,797736
JPN-R2012-0023,931123
JPN-R2012-0023,1759252
JPN-R2012-0023,2505085
SAMN02360557,346693
SAMN02360557,497491
SAMN02360557,931123
SAMN02360557,1759252
SAMN02360557,2505085
Peru3323,403364
Peru3323,764995
Peru3323,1759252
ERR4810820,1719757
ERR4810820,1759252
ERR4811555,497491
ERR4811555,797736
ERR4811555,931123
ERR4811555,1759252
ERR4811555,2505085
ERR4831185,615938
ERR4831185,931123
ERR4831185,1491275
ERR4831185,1759252
ERR4831185,4404247
KOR-K2016-0155,497491
KOR-K2016-0155,797736
KOR-K2016-0155,931123
KOR-K2016-0155,1759252
KOR-K2016-0155,2505085
ERR4797734,931123
ERR4797734,1759252
ERR4797734,3273107
ERR4810767,1759252
ERR4810767,4246508
ERR4810767,4307886
ERR4796466,497491
ERR4796466,797736
ERR4796466,931123
ERR4796466,1759252
ERR4796466,2505085
ERR4813864,764995
ERR4813864,1759252
ERR4811876,355181
ERR4811876,1759252
ERR4811876,4151558
ERR4811876,4307886
ERR4829863,1759252
ERR4829863,2694560
ERR4829863,4151558
ERR4829863,4307886
ERR4828500,497491
ERR4828500,797736
ERR4828500,931123
ERR4828500,1759252
ERR4828500,2505085
ERR4796578,615938
ERR4796578,931123
ERR4796578,1759252
ERR4796578,2622402
ERR4796578,4404247
ERR4796836,497491
ERR4796836,797736
ERR4796836,931123
ERR4796836,1759252
ERR4796836,2505085
KOR-K2016-0175,346693
KOR-K2016-0175,497491
KOR-K2016-0175,931123
KOR-K2016-0175,1759252
KOR-K2016-0175,2505085
PI00170885,615938
PI00170885,931123
PI00170885,1759252
PI00170885,3470377
ERR4828310,615938
ERR4828310,931123
ERR4828310,1759252
ERR4828310,3021283
ERR4828310,3216553
ERR4828310,4404247
ERR4813463,1759252
ERR4813463,3836739
ERR4830601,497491
ERR4830601,797736
ERR4830601,931123
ERR4830601,1759252
ERR4830601,2505085
ERR4828660,497491
ERR4828660,797736
ERR4828660,931123
ERR4828660,1759252
ERR4828660,2505085
ERR4830975,497491
ERR4830975,797736
ERR4830975,931123
ERR4830975,1759252
ERR4830975,2505085
ERR3287606,403364
ERR3287606,764995
ERR3287606,1759252
ERR4811684,764995
ERR4811684,1759252
ERR4811684,4316114
M0023579-7,62657
M0023579-7,107794
M0023579-7,891756
M0023579-7,1759252
SAMN02398695,497491
SAMN02398695,797736
SAMN02398695,931123
SAMN02398695,1759252
SAMN02398695,2505085
Peru3340,62657
Peru3340,514245
Peru3340,1759252
Peru3340,4229087
ERR3287667,62657
ERR3287667,514245
ERR3287667,1759252
ERR3287667,4229087
ERR4828551,497491
ERR4828551,797736
ERR4828551,931123
ERR4828551,1759252
ERR4828551,2505085
ERR4828551,4248115
IDR1900021224,1759252
IDR1900021224,3836739
Peru3046,403364
Peru3046,764995
Peru3046,1759252
EC531B-386,62657
EC531B-386,514245
EC531B-386,1759252
ERR4831052,62657
ERR4831052,107794
ERR4831052,891756
ERR4831052,1759252
Peru4992,764995
Peru4992,1132368
Peru4992,1759252
Peru4992,3977226
ERR4797242,931123
ERR4797242,1759252
ERR4797242,3273107
ERR4809189,615938
ERR4809189,931123
ERR4809189,1759252
ERR4809189,3470377
ERR4797491,1487796
ERR4797491,1759252
ERR4797491,2411730
ERR2184262,62657
ERR2184262,107794
ERR2184262,891756
ERR2184262,1759252
ERR3287623,497491
ERR3287623,797736
ERR3287623,931123
ERR3287623,1759252
ERR3287623,2505085
ERR4811635,497491
ERR4811635,797736
ERR4811635,931123
ERR4811635,1759252
ERR4811635,2505085
TDR81S178L002,497491
TDR81S178L002,797736
TDR81S178L002,931123
TDR81S178L002,1759252
TDR81S178L002,2505085
ERR4797346,497491
ERR4797346,797736
ERR4797346,931123
ERR4797346,1759252
ERR4797346,2505085
ERR4797346,4248115
ERR4829930,1759252
ERR4829930,3836739
ERR5917754,497491
ERR5917754,797736
ERR5917754,931123
ERR5917754,1759252
ERR5917754,2505085
ERR4809109,764995
ERR4809109,1132368
ERR4809109,1502120
ERR4809109,1759252
ERR4809109,3977226
TRL0114478,62657
TRL0114478,107794
TRL0114478,891756
TRL0114478,1759252
TRL0114137,346693
TRL0114137,497491
TRL0114137,931123
TRL0114137,1759252
TRL0114137,2505085
ERR4829440,764995
ERR4829440,1132368
ERR4829440,1759252
ERR4829440,3977226
ERR4796431,1759252
ERR4796431,2694560
ERR4796431,4151558
ERR4796431,4307886
ERR3287639,403364
ERR3287639,764995
ERR3287639,1759252
ERR4829486,62657
ERR4829486,891756
ERR4829486,1759252
ERR4822519,62657
ERR4822519,107794
ERR4822519,891756
ERR4822519,1759252
Peru2913,403364
Peru2913,764995
Peru2913,1759252
ERR4796291,497491
ERR4796291,797736
ERR4796291,931123
ERR4796291,1759252
ERR4796291,2505085
ERR3287774,764995
ERR3287774,1759252
ERR3287774,4316114
ERR4812012,62657
ERR4812012,107794
ERR4812012,891756
ERR4812012,1759252
ERR4830415,497491
ERR4830415,797736
ERR4830415,931123
ERR4830415,1759252
ERR4830415,2505085
ERR4822521,1719757
ERR4822521,1759252
ERR2510683,62657
ERR2510683,891756
ERR2510683,1759252
ERR4822476,1759252
ERR4822476,3836739
ERR4809292,355181
ERR4809292,1759252
ERR4809292,4151558
ERR4809292,4307886
ERR3287621,497491
ERR3287621,797736
ERR3287621,931123
ERR3287621,1759252
ERR3287621,2505085
TDR61S138L002,764995
TDR61S138L002,1759252
TDR61S138L002,3388166
TDR61S138L002,4316114
ERR4809028,783601
ERR4809028,1759252
ERR4809028,2411730
ERR4809175,615938
ERR4809175,931123
ERR4809175,1759252
ERR4809175,3470377
ERR4810801,497491
ERR4810801,797736
ERR4810801,931123
ERR4810801,1759252
ERR4810801,2505085
ERR4798007,615938
ERR4798007,931123
ERR4798007,1759252
ERR4798007,2622402
ERR4798007,4404247
ERR4812179,403364
ERR4812179,764995
ERR4812179,1759252
ERR4811083,1487796
ERR4811083,1759252
ERR4811083,2411730
TRL0114585,497491
TRL0114585,797736
TRL0114585,931123
TRL0114585,1759252
TRL0114585,2505085
ERR4810960,497491
ERR4810960,797736
ERR4810960,931123
ERR4810960,1759252
ERR4810960,2505085
ERR4831602,497491
ERR4831602,931123
ERR4831602,1759252
ERR4831602,1881090
ERR4797297,497491
ERR4797297,797736
ERR4797297,931123
ERR4797297,1759252
ERR4797297,2505085
ERR4812653,62657
ERR4812653,514245
ERR4812653,1759252
ERR4810495,346693
ERR4810495,497491
ERR4810495,931123
ERR4810495,1759252
ERR4810495,2505085
TRL0115322,1759252
TRL0115322,3836739
ERR4811046,1759252
ERR4811046,4246508
ERR4811046,4307886
ERR4822441,355181
ERR4822441,1759252
ERR4822441,4151558
ERR4822441,4307886
ERR4810682,497491
ERR4810682,797736
ERR4810682,931123
ERR4810682,1759252
ERR4810682,2505085
ERR4797040,497491
ERR4797040,797736
ERR4797040,931123
ERR4797040,1759252
ERR4797040,2505085
ERR3287355,1759252
KOR-K2016-0024,346693
KOR-K2016-0024,497491
KOR-K2016-0024,931123
KOR-K2016-0024,1759252
KOR-K2016-0024,2505085
Peru4550,62657
Peru4550,107794
Peru4550,891756
Peru4550,1759252
Peru5036,1759252
ERR4828757,1487796
ERR4828757,1759252
ERR4828757,2411730
Peru3356,764995
Peru3356,1132368
Peru3356,1759252
Peru3356,3977226
ERR2510464,931123
ERR2510464,1759252
ERR2510464,3273107
ERR2510333,931123
ERR2510333,1759252
ERR2510333,3273107
ERR4811399,1759252
ERR4811399,2875883
ERR4811399,3466426
ERR4811399,4125058
ERR4830314,497491
ERR4830314,797736
ERR4830314,931123
ERR4830314,1759252
ERR4830314,2505085
ERR3287697,62657
ERR3287697,107794
ERR3287697,891756
ERR3287697,1759252
ERR4810578,497491
ERR4810578,797736
ERR4810578,931123
ERR4810578,1759252
ERR4810578,2505085
ERR4828820,62657
ERR4828820,107794
ERR4828820,891756
ERR4828820,1759252
NLA000301715,497491
NLA000301715,797736
NLA000301715,931123
NLA000301715,1759252
NLA000301715,2505085
Peru4593,62657
Peru4593,107794
Peru4593,891756
Peru4593,1759252
ERR4828470,497491
ERR4828470,797736
ERR4828470,931123
ERR4828470,1759252
ERR4828470,2505085
TDR38S163L002,62657
TDR38S163L002,514245
TDR38S163L002,1759252
TDR38S163L002,1850119
ERR4809145,62657
ERR4809145,514245
ERR4809145,1759252
ERR4809145,1850119
M0022059-1,62657
M0022059-1,107794
M0022059-1,891756
M0022059-1,1759252
ERR4812360,62657
ERR4812360,107794
ERR4812360,891756
ERR4812360,1759252
SAMN02567682,874787
SAMN02567682,1759252
SAMN02567682,3466426
SAMN02567682,4260268
TRL0084661,497491
TRL0084661,797736
TRL0084661,931123
TRL0084661,1759252
TRL0084661,2505085
ERR5918026,1759252
ERR5918026,3836739
ERR4830564,346693
ERR4830564,497491
ERR4830564,931123
ERR4830564,1759252
ERR4830564,2505085
ERR4828987,1759252
ERR4828987,4249732
KOR-K2016-0084,497491
KOR-K2016-0084,797736
KOR-K2016-0084,931123
KOR-K2016-0084,1759252
KOR-K2016-0084,2505085
ERR4831868,497491
ERR4831868,797736
ERR4831868,931123
ERR4831868,1759252
ERR4831868,2505085
ERR4830636,497491
ERR4830636,797736
ERR4830636,931123
ERR4830636,1759252
ERR4830636,2505085
ERR5918001,497491
ERR5918001,797736
ERR5918001,931123
ERR5918001,1759252
ERR5918001,2505085
ERR4812757,62657
ERR4812757,1759252
ERR3287676,403364
ERR3287676,764995
ERR3287676,1759252
ERR4797198,615938
ERR4797198,931123
ERR4797198,1759252
ERR4797198,2622402
ERR4797198,4404247
ERR4810663,1487796
ERR4810663,1759252
ERR4810663,2411730
ERR4811732,62657
ERR4811732,107794
ERR4811732,891756
ERR4811732,1759252
ERR4831788,615938
ERR4831788,931123
ERR4831788,1759252
ERR4831788,3021283
ERR4831788,3216553
ERR4831788,4404247
ERR4829668,1759252
ERR4829668,3836739
ERR4829069,1759252
ERR4829069,4249732
C377,346693
C377,497491
C377,931123
C377,1759252
C377,2505085
ERR4813756,403364
ERR4813756,764995
ERR4813756,1759252
ERR4796914,497491
ERR4796914,797736
ERR4796914,931123
ERR4796914,1759252
ERR4796914,2505085
ERR4828522,497491
ERR4828522,797736
ERR4828522,931123
ERR4828522,1759252
ERR4828522,2505085
ERR4796411,615938
ERR4796411,931123
ERR4796411,1759252
ERR4796411,2622402
ERR4796411,4404247
ERR4796819,403364
ERR4796819,764995
ERR4796819,1759252
Peru4487,403364
Peru4487,764995
Peru4487,1759252
ERR4828593,497491
ERR4828593,797736
ERR4828593,931123
ERR4828593,1759252
ERR4828593,2505085
ERR4813000,403364
ERR4813000,764995
ERR4813000,1759252
ERR4809227,355181
ERR4809227,1759252
ERR4809227,4151558
ERR4809227,4307886
ERR4828870,1759252
ERR4828870,3836739
ERR4828850,615614
ERR4828850,764995
ERR4828850,1759252
ERR3287846,1759252
ERR5918005,497491
ERR5918005,797736
ERR5918005,931123
ERR5918005,1759252
ERR5918005,2505085
ERR5918005,4248115
ERR4830031,497491
ERR4830031,797736
ERR4830031,931123
ERR4830031,1759252
ERR4830031,2505085
ERR4810524,1719757
ERR4810524,1759252
ERR2184675,764995
ERR2184675,1759252
ERR2184675,4316114
ERR3287703,403364
ERR3287703,764995
ERR3287703,1759252
SAMN02360569,497491
SAMN02360569,797736
SAMN02360569,931123
SAMN02360569,1759252
SAMN02360569,2505085
KOR-K2016-0001,497491
KOR-K2016-0001,797736
KOR-K2016-0001,931123
KOR-K2016-0001,1759252
KOR-K2016-0001,2505085
ERR4812143,403364
ERR4812143,764995
ERR4812143,1759252
IDR1900007823,62657
IDR1900007823,107794
IDR1900007823,891756
IDR1900007823,1759252
ERR4797853,615938
ERR4797853,931123
ERR4797853,1491275
ERR4797853,1759252
ERR4797853,4404247
Peru4086,1759252
Peru4107,62657
Peru4107,107794
Peru4107,891756
Peru4107,1759252
ERR3287485,497491
ERR3287485,797736
ERR3287485,931123
ERR3287485,1759252
ERR3287485,2505085
ERR4814029,764995
ERR4814029,1759252
ERR4814029,3977226
ERR4814029,4398141
Peru4470,403364
Peru4470,764995
Peru4470,1759252
ERR4813449,764995
ERR4813449,1132368
ERR4813449,1759252
ERR4813449,3977226
ERR4829507,764995
ERR4829507,1132368
ERR4829507,1759252
ERR4829507,3977226
ERR4797627,615938
ERR4797627,931123
ERR4797627,1759252
ERR4797627,2622402
ERR4797627,4404247
ERR4797596,497491
ERR4797596,797736
ERR4797596,931123
ERR4797596,1759252
ERR4797596,2505085
ERR4810650,497491
ERR4810650,797736
ERR4810650,931123
ERR4810650,1759252
ERR4810650,2505085
KOR-K2016-0182,346693
KOR-K2016-0182,497491
KOR-K2016-0182,931123
KOR-K2016-0182,1759252
KOR-K2016-0182,2505085
Peru4140,62657
Peru4140,107794
Peru4140,891756
Peru4140,1759252
ERR3287470,403364
ERR3287470,764995
ERR3287470,1759252
ERR4828620,497491
ERR4828620,797736
ERR4828620,931123
ERR4828620,1759252
ERR4828620,2505085
ERR4828798,1759252
ERR4828798,3466426
ERR4828798,4125058
ERR5918097,1759252
ERR5918097,3836739
ERR4830990,497491
ERR4830990,797736
ERR4830990,931123
ERR4830990,1759252
ERR4830990,2505085
Peru3338,764995
Peru3338,1759252
Peru3338,3977226
Peru3338,4398141
Peru5153,1759252
ERR4797240,497491
ERR4797240,797736
ERR4797240,931123
ERR4797240,1759252
ERR4797240,2505085
ERR4809027,615938
ERR4809027,931123
ERR4809027,1759252
ERR4809027,3470377
ERR4811578,1719757
ERR4811578,1759252
TRL0114962,346693
TRL0114962,497491
TRL0114962,931123
TRL0114962,1759252
TRL0114962,2505085
ERR4812455,403364
ERR4812455,764995
ERR4812455,1759252
ERR4796768,1487796
ERR4796768,1759252
ERR4796768,2411730
Peru4497,1759252
ERR4829584,62657
ERR4829584,107794
ERR4829584,891756
ERR4829584,1759252
ERR3287447,62657
ERR3287447,107794
ERR3287447,891756
ERR3287447,1759252
C380,62657
C380,514245
C380,1759252
C380,4229087
KOR-K2016-0160,346693
KOR-K2016-0160,497491
KOR-K2016-0160,931123
KOR-K2016-0160,1759252
KOR-K2016-0160,2505085
Peru3977,62657
Peru3977,891756
Peru3977,1759252
ERR4831967,497491
ERR4831967,797736
ERR4831967,931123
ERR4831967,1759252
ERR4831967,2505085
ERR4822315,62657
ERR4822315,514245
ERR4822315,1759252
ERR4822315,1850119
16-3391-0061,615938
16-3391-0061,931123
16-3391-0061,1759252
16-3391-0061,3479545
ERR4797291,497491
ERR4797291,797736
ERR4797291,931123
ERR4797291,1759252
ERR4797291,2505085
ERR4810961,497491
ERR4810961,797736
ERR4810961,931123
ERR4810961,1759252
ERR4810961,2505085
ERR2510352,1487796
ERR2510352,1759252
ERR2510352,2411730
KOR-K2016-0099,346693
KOR-K2016-0099,497491
KOR-K2016-0099,931123
KOR-K2016-0099,1759252
KOR-K2016-0099,2505085
ERR4830455,497491
ERR4830455,797736
ERR4830455,931123
ERR4830455,1759252
ERR4830455,2505085
TDR139S152L002,874787
TDR139S152L002,1759252
TDR139S152L002,3466426
TDR139S152L002,4260268
ERR4831346,1487796
ERR4831346,1759252
ERR4831346,2411730
ERR4810680,497491
ERR4810680,797736
ERR4810680,931123
ERR4810680,1759252
ERR4810680,2505085
C445,497491
C445,797736
C445,931123
C445,1759252
C445,2505085
JPN-R2012-0081,497491
JPN-R2012-0081,797736
JPN-R2012-0081,931123
JPN-R2012-0081,1759252
JPN-R2012-0081,2505085
ERR4832057,497491
ERR4832057,797736
ERR4832057,931123
ERR4832057,1759252
ERR4832057,2505085
ERR4828713,497491
ERR4828713,797736
ERR4828713,931123
ERR4828713,1759252
ERR4828713,2505085
ERR4812209,62657
ERR4812209,107794
ERR4812209,891756
ERR4812209,1759252
KOR-K2016-0185,497491
KOR-K2016-0185,797736
KOR-K2016-0185,931123
KOR-K2016-0185,1759252
KOR-K2016-0185,2505085
ERR4809346,355181
ERR4809346,1759252
ERR4809346,4151558
ERR4809346,4307886
ERR4797036,615938
ERR4797036,931123
ERR4797036,1759252
ERR4797036,3479545
ERR4796742,497491
ERR4796742,797736
ERR4796742,931123
ERR4796742,1759252
ERR4796742,2505085
ERR4797819,615938
ERR4797819,931123
ERR4797819,1759252
ERR4797819,2622402
ERR4797819,4404247
ERR4828646,346693
ERR4828646,497491
ERR4828646,931123
ERR4828646,1759252
ERR4828646,2505085
ERR4810591,497491
ERR4810591,797736
ERR4810591,931123
ERR4810591,1759252
ERR4810591,2505085
Peru3068,403364
Peru3068,764995
Peru3068,1759252
ERR3287727,403364
ERR3287727,764995
ERR3287727,1759252
TRL0115026,62657
TRL0115026,107794
TRL0115026,891756
TRL0115026,1759252
ERR4796787,1759252
ERR4811215,1719757
ERR4811215,1759252
C100,346693
C100,497491
C100,931123
C100,1759252
C100,2505085
SAMN02360566,346693
SAMN02360566,497491
SAMN02360566,931123
SAMN02360566,1759252
SAMN02360566,2505085
Peru3259,1759252
ERR4808880,764995
ERR4808880,1132368
ERR4808880,1502120
ERR4808880,1759252
ERR4808880,3977226
ERR2510567,931123
ERR2510567,1759252
ERR2510567,3273107
ERR4810934,497491
ERR4810934,797736
ERR4810934,931123
ERR4810934,1759252
ERR4810934,2505085
ERR2510325,931123
ERR2510325,1759252
ERR2510325,3273107
ERR4810804,1719757
ERR4810804,1759252
TRL0115600,62657
TRL0115600,514245
TRL0115600,1759252
TRL0115600,4229087
ERR4798314,1487796
ERR4798314,1759252
ERR4798314,2411730
ERR2510679,764995
ERR2510679,1132368
ERR2510679,1759252
ERR2510679,3977226
ERR4811050,497491
ERR4811050,797736
ERR4811050,931123
ERR4811050,1759252
ERR4811050,2505085
ERR4822420,497491
ERR4822420,797736
ERR4822420,931123
ERR4822420,1759252
ERR4822420,2505085
ERR4828561,497491
ERR4828561,797736
ERR4828561,931123
ERR4828561,1759252
ERR4828561,2505085
ERR2184243,62657
ERR2184243,107794
ERR2184243,891756
ERR2184243,1759252
ERR4831525,931123
ERR4831525,1759252
ERR4831525,3273107
23727,764995
23727,1759252
23727,3388166
23727,4316114
ERR4822438,931123
ERR4822438,1759252
ERR4822438,3273107
ERR4828686,615938
ERR4828686,931123
ERR4828686,1759252
ERR4828686,3021283
ERR4828686,3216553
ERR4828686,4404247
Peru3981,403364
Peru3981,764995
Peru3981,1759252
ERR4828523,1719757
ERR4828523,1759252
ERR4796359,931123
ERR4796359,1759252
ERR4796359,3273107
ERR4830986,497491
ERR4830986,797736
ERR4830986,931123
ERR4830986,1759252
ERR4830986,2505085
ERR4811424,1759252
ERR4811424,4249732
Peru4683,1759252
JPN-R2014-0113,497491
JPN-R2014-0113,797736
JPN-R2014-0113,931123
JPN-R2014-0113,1759252
JPN-R2014-0113,2505085
C485,764995
C485,1759252
C485,3388166
C485,4316114
ERR4828241,497491
ERR4828241,797736
ERR4828241,931123
ERR4828241,1759252
ERR4828241,2505085
SAMEA3558189,1719757
SAMEA3558189,1759252
ERR4810939,497491
ERR4810939,797736
ERR4810939,931123
ERR4810939,1759252
ERR4810939,2505085
ERR2184521,764995
ERR2184521,1759252
ERR2184521,4316114
IDR1800018499,62657
IDR1800018499,107794
IDR1800018499,891756
IDR1800018499,1759252
ERR2184283,497491
ERR2184283,797736
ERR2184283,931123
ERR2184283,1759252
ERR2184283,2505085
ERR4828341,615938
ERR4828341,931123
ERR4828341,1759252
ERR4828341,3021283
ERR4828341,3216553
ERR4828341,4404247
ERR4822316,1487796
ERR4822316,1759252
ERR4822316,2411730
ERR4797028,615938
ERR4797028,931123
ERR4797028,1759252
ERR4797028,2622402
ERR4797028,4404247
ERR4813968,1759252
ERR4813968,3836739
02R1789,497491
02R1789,797736
02R1789,931123
02R1789,1759252
02R1789,2505085
ERR3287710,403364
ERR3287710,764995
ERR3287710,1759252
ERR4828716,497491
ERR4828716,797736
ERR4828716,931123
ERR4828716,1759252
ERR4828716,2505085
ERR4810686,1759252
ERR4810686,4246508
ERR4810686,4307886
ERR4828379,1759252
ERR4828379,4246508
ERR4828379,4307886
ERR4809247,497491
ERR4809247,797736
ERR4809247,931123
ERR4809247,1759252
ERR4809247,2505085
ERR4812028,497491
ERR4812028,797736
ERR4812028,931123
ERR4812028,1759252
ERR4812028,2505085
IDR1800017179,1719757
IDR1800017179,1759252
C397,764995
C397,1759252
C397,4316114
ERR4830224,615938
ERR4830224,931123
ERR4830224,1759252
ERR4830224,3021283
ERR4830224,4404247
C284,497491
C284,797736
C284,931123
C284,1759252
C284,2505085
ERR4812475,497491
ERR4812475,797736
ERR4812475,931123
ERR4812475,1759252
ERR4812475,2505085
ERR4812318,403364
ERR4812318,764995
ERR4812318,1759252
ERR4831466,62657
ERR4831466,514245
ERR4831466,1759252
ERR4831466,4229087
ERR4830804,1455780
ERR4830804,1487796
ERR4830804,1759252
ERR4830804,2411730
ERR3287611,403364
ERR3287611,764995
ERR3287611,1759252
ERR4809254,497491
ERR4809254,797736
ERR4809254,931123
ERR4809254,1759252
ERR4809254,2505085
ERR4809254,4248115
ERR5918128,764995
ERR5918128,1759252
ERR5918128,3388166
ERR5918128,4316114
ERR4828386,497491
ERR4828386,797736
ERR4828386,931123
ERR4828386,1759252
ERR4828386,2505085
ERR4797013,497491
ERR4797013,797736
ERR4797013,931123
ERR4797013,1759252
ERR4797013,2505085
ERR4809120,931123
ERR4809120,1084911
ERR4809120,1759252
ERR4809120,3273107
ERR5918139,497491
ERR5918139,797736
ERR5918139,931123
ERR5918139,1759252
ERR5918139,2505085
M0014793-5,62657
M0014793-5,107794
M0014793-5,891756
M0014793-5,1759252
ERR2510311,931123
ERR2510311,1759252
ERR2510311,3273107
TRL0114820,62657
TRL0114820,514245
TRL0114820,1759252
TRL0114820,4229087
ERR4797303,497491
ERR4797303,797736
ERR4797303,931123
ERR4797303,1759252
ERR4797303,2505085
ERR4798042,931123
ERR4798042,1759252
ERR4798042,3273107
ERR4828742,497491
ERR4828742,797736
ERR4828742,931123
ERR4828742,1759252
ERR4828742,2505085
ERR4822324,403364
ERR4822324,764995
ERR4822324,1759252
ERR2510380,931123
ERR2510380,1759252
ERR2510380,3273107
KOR-K2016-0007,346693
KOR-K2016-0007,497491
KOR-K2016-0007,931123
KOR-K2016-0007,1759252
KOR-K2016-0007,2505085
ERR4813085,62657
ERR4813085,891756
ERR4813085,1759252
ERR2184451,403364
ERR2184451,764995
ERR2184451,1759252
ERR4810975,497491
ERR4810975,797736
ERR4810975,931123
ERR4810975,1759252
ERR4810975,2505085
ERR4829942,931123
ERR4829942,1759252
ERR4829942,3273107
ERR4831230,62657
ERR4831230,107794
ERR4831230,891756
ERR4831230,1759252
ERR2510630,931123
ERR2510630,1759252
ERR2510630,3273107
ERR4797098,615938
ERR4797098,931123
ERR4797098,1759252
ERR4797098,2622402
ERR4797098,4404247
ERR4813111,403364
ERR4813111,764995
ERR4813111,1759252
ERR4830022,497491
ERR4830022,797736
ERR4830022,931123
ERR4830022,1759252
ERR4830022,2505085
ERR4829155,1759252
ERR4829155,2875883
ERR4829155,3466426
ERR4829155,4125058
ERR4796738,497491
ERR4796738,797736
ERR4796738,931123
ERR4796738,1759252
ERR4796738,2505085
ERR4831276,497491
ERR4831276,797736
ERR4831276,931123
ERR4831276,1759252
ERR4831276,2505085
Peru4906,62657
Peru4906,107794
Peru4906,891756
Peru4906,1759252
ERR4831125,615938
ERR4831125,931123
ERR4831125,1759252
ERR4831125,2622402
ERR4831125,4404247
ERR4812031,497491
ERR4812031,797736
ERR4812031,931123
ERR4812031,1759252
ERR4812031,2505085
ERR4797133,615938
ERR4797133,931123
ERR4797133,1759252
ERR4797133,2622402
ERR4797133,4404247
ERR4828205,497491
ERR4828205,797736
ERR4828205,931123
ERR4828205,1759252
ERR4828205,2505085
ERR4828205,4248115
ERR4796690,497491
ERR4796690,797736
ERR4796690,931123
ERR4796690,1759252
ERR4796690,2505085
ERR4796575,497491
ERR4796575,797736
ERR4796575,931123
ERR4796575,1759252
ERR4796575,2505085
NLA009600800,615938
NLA009600800,931123
NLA009600800,1759252
NLA009600800,3479545
IDR1900007811,1759252
IDR1900007811,3836739
ERR4830200,615938
ERR4830200,931123
ERR4830200,1759252
ERR4830200,3021283
ERR4830200,4404247
ERR4813862,764995
ERR4813862,1759252
ERR4813862,3977226
ERR4813862,4398141
ERR4830762,1719757
ERR4830762,1759252
Peru4008,403364
Peru4008,764995
Peru4008,1759252
ERR4812959,497491
ERR4812959,797736
ERR4812959,931123
ERR4812959,1759252
ERR4812959,2505085
JPN-R2012-0002,497491
JPN-R2012-0002,797736
JPN-R2012-0002,931123
JPN-R2012-0002,1759252
JPN-R2012-0002,2505085
ERR4831297,497491
ERR4831297,797736
ERR4831297,931123
ERR4831297,1759252
ERR4831297,2505085
ERR4822344,497491
ERR4822344,797736
ERR4822344,931123
ERR4822344,1759252
ERR4822344,2505085
IDR1900007818,62657
IDR1900007818,107794
IDR1900007818,891756
IDR1900007818,1759252
ERR4813224,403364
ERR4813224,764995
ERR4813224,1759252
ERR4828418,497491
ERR4828418,797736
ERR4828418,931123
ERR4828418,1759252
ERR4828418,2505085
ERR4813499,62657
ERR4813499,107794
ERR4813499,891756
ERR4813499,1759252
ERR4810933,497491
ERR4810933,797736
ERR4810933,931123
ERR4810933,1759252
ERR4810933,2505085
ERR4829957,931123
ERR4829957,1759252
ERR4829957,3273107
ERR2510344,931123
ERR2510344,1759252
ERR2510344,3273107
C154,346693
C154,497491
C154,931123
C154,1759252
C154,2505085
ERR2510271,931123
ERR2510271,1759252
ERR2510271,3273107
FS024-74,1759252
FS024-74,4249732
ERR4822608,497491
ERR4822608,797736
ERR4822608,931123
ERR4822608,1759252
ERR4822608,2505085
ERR3287575,62657
ERR3287575,514245
ERR3287575,1759252
ERR3287575,4229087
Peru4468,62657
Peru4468,107794
Peru4468,891756
Peru4468,1759252
ERR4830440,615938
ERR4830440,931123
ERR4830440,1759252
ERR4830440,3021283
ERR4830440,3216553
ERR4830440,4404247
ERR4831703,615938
ERR4831703,931123
ERR4831703,1759252
ERR4831703,3021283
ERR4831703,4404247
EC347-424,615938
EC347-424,931123
EC347-424,1759252
EC347-424,3470377
Peru3010,403364
Peru3010,764995
Peru3010,1759252
ERR4796284,497491
ERR4796284,797736
ERR4796284,931123
ERR4796284,1759252
ERR4796284,2505085
ERR2184467,62657
ERR2184467,107794
ERR2184467,891756
ERR2184467,1759252
ERR4796410,931123
ERR4796410,1237818
ERR4796410,1759252
ERR4796410,3273107
ERR4796410,3722702
1738,931123
1738,1759252
1738,3273107
ERR4797341,931123
ERR4797341,1759252
ERR4797341,3273107
ERR2184289,764995
ERR2184289,1759252
ERR2184289,4316114
Peru5037,403364
Peru5037,764995
Peru5037,1759252
ERR4812608,62657
ERR4812608,107794
ERR4812608,891756
ERR4812608,1759252
ERR2184307,62657
ERR2184307,891756
ERR2184307,1759252
ERR4811547,497491
ERR4811547,797736
ERR4811547,931123
ERR4811547,1759252
ERR4811547,2505085
ERR4828492,497491
ERR4828492,797736
ERR4828492,931123
ERR4828492,1759252
ERR4828492,2505085
ERR4831888,615938
ERR4831888,931123
ERR4831888,1759252
ERR4831888,3021283
ERR4831888,3216553
ERR4831888,4404247
ERR4797173,1487796
ERR4797173,1759252
ERR4797173,2411730
ERR4828885,1759252
ERR4828885,3836739
Peru4731,764995
Peru4731,1132368
Peru4731,1759252
Peru4731,3977226
ERR2510281,931123
ERR2510281,1759252
ERR2510281,3273107
ERR3287836,403364
ERR3287836,764995
ERR3287836,1759252
ERR2184498,1759252
ERR2184498,3836739
ERR4812213,62657
ERR4812213,107794
ERR4812213,891756
ERR4812213,1759252
IDR1800028092,497491
IDR1800028092,797736
IDR1800028092,931123
IDR1800028092,1759252
IDR1800028092,2505085
ERR4830844,931123
ERR4830844,1084911
ERR4830844,1759252
ERR4830844,3273107
ERR4822619,1759252
ERR4822619,3836739
ERR4810623,497491
ERR4810623,797736
ERR4810623,931123
ERR4810623,1759252
ERR4810623,2505085
ERR4828793,1759252
ERR4828793,4249732
ERR5918127,497491
ERR5918127,797736
ERR5918127,931123
ERR5918127,1759252
ERR5918127,2505085
ERR4828709,615938
ERR4828709,931123
ERR4828709,1759252
ERR4828709,3021283
ERR4828709,3216553
ERR4828709,4404247
ERR4797517,497491
ERR4797517,797736
ERR4797517,931123
ERR4797517,1759252
ERR4797517,2505085
ERR4797215,931123
ERR4797215,1759252
ERR4797215,3273107
ERR4797215,4248115
ERR4810873,1719757
ERR4810873,1759252
JC00272049,1759252
JC00272049,3836739
ERR4811247,1487796
ERR4811247,1759252
ERR4811247,2411730
ERR4832066,497491
ERR4832066,797736
ERR4832066,931123
ERR4832066,1759252
ERR4832066,2505085
ERR4812583,62657
ERR4812583,514245
ERR4812583,1759252
ERR2184348,1759252
ERR4809320,346693
ERR4809320,497491
ERR4809320,931123
ERR4809320,1759252
ERR4809320,2505085
ERR4830507,403364
ERR4830507,764995
ERR4830507,1759252
TRL0115400,497491
TRL0115400,797736
TRL0115400,931123
TRL0115400,1759252
TRL0115400,2505085
ERR2510247,931123
ERR2510247,1759252
ERR2510247,3273107
ERR4809045,497491
ERR4809045,797736
ERR4809045,931123
ERR4809045,1759252
ERR4809045,2505085
ERR4810949,497491
ERR4810949,797736
ERR4810949,931123
ERR4810949,1759252
ERR4810949,2505085
C356,764995
C356,1132368
C356,1502120
C356,1759252
C356,3977226
ERR4796324,497491
ERR4796324,797736
ERR4796324,931123
ERR4796324,1759252
ERR4796324,2505085
ERR4830349,497491
ERR4830349,797736
ERR4830349,931123
ERR4830349,1759252
ERR4830349,2505085
ERR3287365,403364
ERR3287365,764995
ERR3287365,1759252
ERR4811971,62657
ERR4811971,107794
ERR4811971,891756
ERR4811971,1759252
ERR4828813,1759252
ERR4828813,3836739
Peru2920,764995
Peru2920,1759252
Peru2920,4316114
01R0166,403364
01R0166,764995
01R0166,1759252
ERR3287730,1759252
ERR3287730,3836739
TRL0115518,346693
TRL0115518,497491
TRL0115518,931123
TRL0115518,1759252
TRL0115518,2505085
ERR4809058,764995
ERR4809058,1759252
ERR4809058,3388166
ERR4809058,4316114
ERR4830553,403364
ERR4830553,764995
ERR4830553,1759252
PD00160471,497491
PD00160471,797736
PD00160471,931123
PD00160471,1759252
PD00160471,2505085
ERR4812978,62657
ERR4812978,107794
ERR4812978,891756
ERR4812978,1759252
Peru2922,764995
Peru2922,1759252
Peru2922,3977226
Peru2922,4398141
KOR-K2016-0066,497491
KOR-K2016-0066,797736
KOR-K2016-0066,931123
KOR-K2016-0066,1759252
KOR-K2016-0066,2505085
ERR4810985,497491
ERR4810985,797736
ERR4810985,931123
ERR4810985,1759252
ERR4810985,2505085
Peru5136,62657
Peru5136,107794
Peru5136,891756
Peru5136,1759252
ERR4822357,346693
ERR4822357,497491
ERR4822357,931123
ERR4822357,1759252
ERR4822357,2505085
ERR4828596,615938
ERR4828596,931123
ERR4828596,1759252
ERR4828596,3021283
ERR4828596,3216553
ERR4828596,4404247
ERR4811222,497491
ERR4811222,797736
ERR4811222,931123
ERR4811222,1759252
ERR4811222,2505085
ERR4810910,1487796
ERR4810910,1759252
ERR4810910,2411730
ERR2184513,403364
ERR2184513,764995
ERR2184513,1759252
NLA009900182,62657
NLA009900182,107794
NLA009900182,891756
NLA009900182,1759252
ERR4828880,62657
ERR4828880,107794
ERR4828880,891756
ERR4828880,1759252
ERR4829938,931123
ERR4829938,1759252
ERR4829938,3273107
25962,1759252
25962,3836739
ERR4830250,615938
ERR4830250,931123
ERR4830250,1759252
ERR4830250,3021283
ERR4830250,3216553
ERR4830250,4404247
ERR4797147,497491
ERR4797147,797736
ERR4797147,931123
ERR4797147,1759252
ERR4797147,2505085
C017,346693
C017,497491
C017,931123
C017,1759252
C017,2505085
ERR4829940,1759252
ERR2184297,1759252
ERR2184297,3836739
Peru3388,764995
Peru3388,1759252
Peru3388,3977226
Peru3388,4398141
JPN-R2012-0048,497491
JPN-R2012-0048,797736
JPN-R2012-0048,931123
JPN-R2012-0048,1759252
JPN-R2012-0048,2505085
C279,497491
C279,797736
C279,931123
C279,1759252
C279,2505085
C279,4248115
ERR4828504,1759252
ERR4828504,4246508
ERR4828504,4307886
Peru2962,62657
Peru2962,107794
Peru2962,891756
Peru2962,1759252
Peru2915,62657
Peru2915,107794
Peru2915,891756
Peru2915,1759252
ERR4812468,497491
ERR4812468,797736
ERR4812468,931123
ERR4812468,1759252
ERR4812468,2505085
ERR4810823,1719757
ERR4810823,1759252
ERR4796682,497491
ERR4796682,797736
ERR4796682,931123
ERR4796682,1759252
ERR4796682,2505085
ERR5917983,346693
ERR5917983,497491
ERR5917983,931123
ERR5917983,1759252
ERR5917983,2505085
ERR4830734,615614
ERR4830734,764995
ERR4830734,1759252
ERR4822431,497491
ERR4822431,797736
ERR4822431,931123
ERR4822431,1759252
ERR4822431,2505085
ERR4822431,4248115
C478,62657
C478,514245
C478,1759252
C478,4229087
MNG-S2014-0008,497491
MNG-S2014-0008,797736
MNG-S2014-0008,931123
MNG-S2014-0008,1759252
MNG-S2014-0008,2505085
ERR2184390,497491
ERR2184390,797736
ERR2184390,931123
ERR2184390,1759252
ERR2184390,2505085
TRL0115868,62657
TRL0115868,514245
TRL0115868,1759252
TRL0115868,4229087
ERR4797155,931123
ERR4797155,1759252
ERR4797155,3273107
Peru3017,403364
Peru3017,764995
Peru3017,1759252
ERR4811512,497491
ERR4811512,797736
ERR4811512,931123
ERR4811512,1759252
ERR4811512,2505085
TRL0115591,403364
TRL0115591,764995
TRL0115591,1759252
C468,403364
C468,764995
C468,1759252
ERR3287601,62657
ERR3287601,514245
ERR3287601,1759252
ERR3287601,4229087
ERR3287399,62657
ERR3287399,107794
ERR3287399,891756
ERR3287399,1759252
ERR4811683,764995
ERR4811683,1759252
ERR4811683,4316114
ERR4812774,764995
ERR4812774,1759252
ERR4812774,4316114
ERR4822333,497491
ERR4822333,797736
ERR4822333,931123
ERR4822333,1759252
ERR4822333,2505085
ERR4797565,615938
ERR4797565,931123
ERR4797565,1759252
ERR4797565,3470377
Peru4601,62657
Peru4601,107794
Peru4601,891756
Peru4601,1759252
ERR4830958,497491
ERR4830958,797736
ERR4830958,931123
ERR4830958,1759252
ERR4830958,2505085
ERR4797648,1487796
ERR4797648,1759252
ERR4797648,2411730
ERR4810971,497491
ERR4810971,797736
ERR4810971,931123
ERR4810971,1759252
ERR4810971,2505085
C306,497491
C306,797736
C306,931123
C306,1759252
C306,2505085
ERR4830462,615938
ERR4830462,931123
ERR4830462,1759252
ERR4830462,3479545
ERR4795890,403364
ERR4795890,764995
ERR4795890,1759252
ERR4831337,62657
ERR4831337,107794
ERR4831337,891756
ERR4831337,1759252
C153,346693
C153,497491
C153,931123
C153,1759252
C153,2505085
ERR4830086,1759252
ERR4830086,3836739
ERR4797582,497491
ERR4797582,797736
ERR4797582,931123
ERR4797582,1759252
ERR4797582,2505085
ERR2184685,497491
ERR2184685,797736
ERR2184685,931123
ERR2184685,1759252
ERR2184685,2505085
IDR1900007819,764995
IDR1900007819,1759252
IDR1900007819,3977226
IDR1900007819,4398141
ERR4810892,497491
ERR4810892,797736
ERR4810892,931123
ERR4810892,1759252
ERR4810892,2505085
ERR4812444,497491
ERR4812444,797736
ERR4812444,931123
ERR4812444,1759252
ERR4812444,2505085
ERR4830930,497491
ERR4830930,797736
ERR4830930,931123
ERR4830930,1759252
ERR4830930,2505085
ERR4830930,4248115
ERR4797238,931123
ERR4797238,1759252
ERR4797238,3273107
ERR4810968,497491
ERR4810968,797736
ERR4810968,931123
ERR4810968,1759252
ERR4810968,2505085
ERR4809034,615938
ERR4809034,931123
ERR4809034,1759252
ERR4809034,3470377
ERR4797694,931123
ERR4797694,1759252
ERR4797694,3273107
ERR4797694,3722702
ERR4811770,62657
ERR4811770,107794
ERR4811770,891756
ERR4811770,1759252
ERR4829098,1487796
ERR4829098,1759252
ERR4829098,2411730
ERR4796881,497491
ERR4796881,797736
ERR4796881,931123
ERR4796881,1759252
ERR4796881,2505085
ERR4796881,3836274
ERR4796510,615938
ERR4796510,931123
ERR4796510,1759252
ERR4796510,2622402
ERR4796510,4404247
TRL0116157,355181
TRL0116157,1759252
TRL0116157,4151558
TRL0116157,4307886
ERR4811304,497491
ERR4811304,797736
ERR4811304,931123
ERR4811304,1759252
ERR4811304,2505085
ERR4829102,1487796
ERR4829102,1759252
ERR4829102,2411730
ERR4822338,497491
ERR4822338,797736
ERR4822338,931123
ERR4822338,1759252
ERR4822338,2505085
ERR5918157,497491
ERR5918157,797736
ERR5918157,931123
ERR5918157,1759252
ERR5918157,2505085
ERR3287387,62657
ERR3287387,514245
ERR3287387,1759252
ERR3287387,4229087
ERR4831033,931123
ERR4831033,1759252
ERR4831033,3273107
ERR4813069,403364
ERR4813069,764995
ERR4813069,1759252
ERR4828816,1759252
ERR2510860,931123
ERR2510860,1759252
ERR2510860,3273107
ERR4829959,931123
ERR4829959,1759252
ERR4829959,3273107
ERR4810992,497491
ERR4810992,797736
ERR4810992,931123
ERR4810992,1759252
ERR4810992,2505085
ERR4830176,497491
ERR4830176,797736
ERR4830176,931123
ERR4830176,1759252
ERR4830176,2505085
ERR4812888,403364
ERR4812888,764995
ERR4812888,1759252
ERR4811396,62657
ERR4811396,514245
ERR4811396,1759252
ERR4811396,4229087
KOR-K2016-0027,497491
KOR-K2016-0027,797736
KOR-K2016-0027,931123
KOR-K2016-0027,1759252
KOR-K2016-0027,2505085
ERR4830469,403364
ERR4830469,764995
ERR4830469,1759252
ERR4808939,764995
ERR4808939,1759252
ERR4808939,3388166
ERR4808939,4316114
ERR4798111,1759252
ERR4798111,3836739
ERR4828181,497491
ERR4828181,797736
ERR4828181,931123
ERR4828181,1759252
ERR4828181,2505085
ERR5917999,346693
ERR5917999,497491
ERR5917999,931123
ERR5917999,1759252
ERR5917999,2505085
ERR4830263,497491
ERR4830263,797736
ERR4830263,931123
ERR4830263,1759252
ERR4830263,2505085
C070,764995
C070,1759252
C070,3388166
C070,4316114
ERR4797367,403364
ERR4797367,764995
ERR4797367,1759252
QF00383820,62657
QF00383820,514245
QF00383820,1759252
QF00383820,4229087
ERR4811229,497491
ERR4811229,797736
ERR4811229,931123
ERR4811229,1759252
ERR4811229,2505085
Peru3970,62657
Peru3970,514245
Peru3970,1759252
ERR4808989,497491
ERR4808989,797736
ERR4808989,931123
ERR4808989,1759252
ERR4808989,2505085
ERR4797584,931123
ERR4797584,1237818
ERR4797584,1759252
ERR4797584,3273107
ERR4797584,3722702
23886,497491
23886,797736
23886,931123
23886,1759252
23886,2505085
23886,4248115
PN00175023,62657
PN00175023,514245
PN00175023,1759252
PN00175023,1850119
TRL0080727,615938
TRL0080727,931123
TRL0080727,1759252
TRL0080727,3470377
ERR4813474,403364
ERR4813474,764995
ERR4813474,1759252
Peru2943,62657
Peru2943,107794
Peru2943,891756
Peru2943,1759252
ERR4830982,497491
ERR4830982,797736
ERR4830982,931123
ERR4830982,1759252
ERR4830982,2505085
ERR4797312,931123
ERR4797312,1759252
ERR4797312,3273107
SAMN02360548,497491
SAMN02360548,797736
SAMN02360548,931123
SAMN02360548,1759252
SAMN02360548,2505085
ERR4797635,497491
ERR4797635,797736
ERR4797635,931123
ERR4797635,1759252
ERR4797635,2505085
ERR4831625,497491
ERR4831625,797736
ERR4831625,931123
ERR4831625,1759252
ERR4831625,2505085
C230,346693
C230,497491
C230,931123
C230,1759252
C230,2505085
Peru4688,403364
Peru4688,764995
Peru4688,1759252
ERR4813778,764995
ERR4813778,1759252
ERR4813778,3977226
ERR4813778,4398141
ERR4797979,497491
ERR4797979,797736
ERR4797979,931123
ERR4797979,1759252
ERR4797979,2505085
ERR2510351,931123
ERR2510351,1759252
ERR2510351,3273107
C026,62657
C026,514245
C026,1759252
C026,4229087
ERR4831127,355181
ERR4831127,1759252
ERR4831127,4151558
ERR4831127,4307886
ERR4831040,497491
ERR4831040,797736
ERR4831040,931123
ERR4831040,1759252
ERR4831040,2505085
ERR4810639,497491
ERR4810639,797736
ERR4810639,931123
ERR4810639,1759252
ERR4810639,2505085
ERR2510349,931123
ERR2510349,1759252
ERR2510349,3273107
ERR4797234,497491
ERR4797234,797736
ERR4797234,931123
ERR4797234,1759252
ERR4797234,2505085
ERR4811587,1759252
ERR4811587,4246508
ERR4811587,4307886
KOR-K2016-0226,497491
KOR-K2016-0226,797736
KOR-K2016-0226,931123
KOR-K2016-0226,1759252
KOR-K2016-0226,2505085
Peru4455,62657
Peru4455,107794
Peru4455,891756
Peru4455,1759252
CE01705388,764995
CE01705388,1759252
CE01705388,3388166
CE01705388,4316114
TRL0115767,62657
TRL0115767,514245
TRL0115767,1759252
TRL0115767,4229087
EC383A-460,497491
EC383A-460,797736
EC383A-460,931123
EC383A-460,1759252
EC383A-460,2505085
ERR4810965,346693
ERR4810965,497491
ERR4810965,931123
ERR4810965,1759252
ERR4810965,2505085
Peru4481,62657
Peru4481,514245
Peru4481,1759252
Peru4481,4229087
ERR4797504,497491
ERR4797504,797736
ERR4797504,931123
ERR4797504,1759252
ERR4797504,2505085
ERR4829391,497491
ERR4829391,797736
ERR4829391,931123
ERR4829391,1759252
ERR4829391,2505085
IDR1800010814,497491
IDR1800010814,797736
IDR1800010814,931123
IDR1800010814,1759252
IDR1800010814,2505085
ERR4830820,1487796
ERR4830820,1759252
ERR4830820,2411730
C265,62657
C265,514245
C265,1759252
C265,4229087
ERR4831807,497491
ERR4831807,797736
ERR4831807,931123
ERR4831807,1759252
ERR4831807,2505085
ERR4796689,615938
ERR4796689,931123
ERR4796689,1759252
ERR4796689,2622402
ERR4796689,4404247
ERR4830091,497491
ERR4830091,797736
ERR4830091,931123
ERR4830091,1759252
ERR4830091,2505085
ERR4796306,497491
ERR4796306,797736
ERR4796306,931123
ERR4796306,1759252
ERR4796306,2505085
ERR4830102,497491
ERR4830102,797736
ERR4830102,931123
ERR4830102,1759252
ERR4830102,2505085
ERR2510363,931123
ERR2510363,1759252
ERR2510363,3273107
ERR4810717,1719757
ERR4810717,1759252
Peru5086,764995
Peru5086,1132368
Peru5086,1759252
Peru5086,3977226
ERR4812973,403364
ERR4812973,764995
ERR4812973,1759252
ERR4830815,62657
ERR4830815,107794
ERR4830815,891756
ERR4830815,1759252
C364,346693
C364,497491
C364,931123
C364,1759252
C364,2505085
ERR4830736,355181
ERR4830736,1759252
ERR4830736,4151558
ERR4830736,4307886
ERR4811906,62657
ERR4811906,107794
ERR4811906,891756
ERR4811906,1759252
ERR3287332,764995
ERR3287332,1759252
ERR3287332,4316114
Peru4966,403364
Peru4966,764995
Peru4966,1759252
TDR14S122L002,615938
TDR14S122L002,931123
TDR14S122L002,1759252
TDR14S122L002,3470377
ERR4830690,62657
ERR4830690,107794
ERR4830690,891756
ERR4830690,1759252
ERR4796741,931123
ERR4796741,1759252
ERR4796741,3273107
Peru4039,1759252
ERR4828959,497491
ERR4828959,797736
ERR4828959,931123
ERR4828959,1759252
ERR4828959,2505085
ERR4830667,62657
ERR4830667,107794
ERR4830667,891756
ERR4830667,1759252
02R0286,764995
02R0286,1759252
02R0286,4316114
ERR4831069,62657
ERR4831069,514245
ERR4831069,1759252
ERR4831069,4229087
ERR2510875,403364
ERR2510875,764995
ERR2510875,1759252
ERR4797066,497491
ERR4797066,797736
ERR4797066,931123
ERR4797066,1759252
ERR4797066,2505085
ERR2510307,931123
ERR2510307,1759252
ERR2510307,3273107
ERR2510307,3722702
ERR4831304,62657
ERR4831304,891756
ERR4831304,1759252
C029,497491
C029,797736
C029,931123
C029,1759252
C029,2505085
ERR4828992,355181
ERR4828992,1759252
ERR4828992,4151558
ERR4828992,4307886
ERR2184584,764995
ERR2184584,1759252
ERR2184584,4316114
ERR2510309,931123
ERR2510309,1759252
ERR2510309,3273107
TDR212S189L002,62657
TDR212S189L002,107794
TDR212S189L002,891756
TDR212S189L002,1759252
ERR4812880,1759252
ERR4812880,3836739
ERR4831053,62657
ERR4831053,514245
ERR4831053,1759252
ERR4831053,4229087
ERR4813188,497491
ERR4813188,797736
ERR4813188,931123
ERR4813188,1759252
ERR4813188,2505085
ERR4830064,1759252
ERR4830064,3836739
ERR4822365,497491
ERR4822365,797736
ERR4822365,931123
ERR4822365,1759252
ERR4822365,2505085
ERR4810831,497491
ERR4810831,797736
ERR4810831,931123
ERR4810831,1759252
ERR4810831,2505085
Peru4711,497491
Peru4711,797736
Peru4711,931123
Peru4711,1759252
Peru4711,2505085
ERR4829918,1759252
ERR4797438,497491
ERR4797438,797736
ERR4797438,931123
ERR4797438,1759252
ERR4797438,2505085
ERR4810803,497491
ERR4810803,797736
ERR4810803,931123
ERR4810803,1759252
ERR4810803,2505085
ERR4796311,497491
ERR4796311,797736
ERR4796311,931123
ERR4796311,1759252
ERR4796311,2505085
ERR4812739,403364
ERR4812739,764995
ERR4812739,1759252
ERR4812558,62657
ERR4812558,514245
ERR4812558,1759252
TRL0113496,62657
TRL0113496,514245
TRL0113496,1759252
TRL0113496,1850119
Peru4699,1759252
Peru4699,3836739
ERR4813439,403364
ERR4813439,764995
ERR4813439,1759252
DA00302840,764995
DA00302840,1759252
DA00302840,3388166
DA00302840,4316114
ERR4809162,764995
ERR4809162,1759252
ERR4809162,3388166
ERR4809162,4316114
ERR5918018,497491
ERR5918018,797736
ERR5918018,931123
ERR5918018,1759252
ERR5918018,2505085
ERR4811023,497491
ERR4811023,797736
ERR4811023,931123
ERR4811023,1759252
ERR4811023,2505085
ERR4796852,931123
ERR4796852,1759252
ERR4796852,3273107
ERR4796852,3722702
ERR4809142,1759252
ERR4809142,3836739
MNG-S2014-0191,497491
MNG-S2014-0191,797736
MNG-S2014-0191,931123
MNG-S2014-0191,1759252
MNG-S2014-0191,2505085
ERR2510358,497491
ERR2510358,797736
ERR2510358,931123
ERR2510358,1759252
ERR2510358,2505085
ERR4822410,497491
ERR4822410,797736
ERR4822410,931123
ERR4822410,1759252
ERR4822410,2505085
ERR4828254,497491
ERR4828254,797736
ERR4828254,931123
ERR4828254,1759252
ERR4828254,2505085
ERR4829093,931123
ERR4829093,1084911
ERR4829093,1759252
ERR4829093,3273107
ERR4798093,931123
ERR4798093,1759252
ERR4798093,3273107
ERR4798093,3722702
ERR4831954,615938
ERR4831954,931123
ERR4831954,1759252
ERR4831954,3021283
ERR4831954,3216553
ERR4831954,4404247
ERR4812254,62657
ERR4812254,107794
ERR4812254,891756
ERR4812254,1759252
ERR4831601,497491
ERR4831601,797736
ERR4831601,931123
ERR4831601,1759252
ERR4831601,2505085
ERR4797001,497491
ERR4797001,797736
ERR4797001,931123
ERR4797001,1759252
ERR4797001,2505085
ERR4797001,4248115
NLA009401519,497491
NLA009401519,797736
NLA009401519,931123
NLA009401519,1759252
NLA009401519,2505085
ERR4831293,62657
ERR4831293,891756
ERR4831293,1759252
ERR4808864,346693
ERR4808864,497491
ERR4808864,931123
ERR4808864,1759252
ERR4808864,2505085
ERR4796891,497491
ERR4796891,797736
ERR4796891,931123
ERR4796891,1759252
ERR4796891,2505085
ERR2184682,764995
ERR2184682,1759252
ERR2184682,4316114
ERR4811391,1759252
ERR4811391,2875883
ERR4811391,3466426
ERR4811391,4125058
Peru3418,1759252
ERR4797759,497491
ERR4797759,797736
ERR4797759,931123
ERR4797759,1759252
ERR4797759,2505085
TDR26S100L002,497491
TDR26S100L002,797736
TDR26S100L002,931123
TDR26S100L002,1759252
TDR26S100L002,2505085
ERR4822297,497491
ERR4822297,797736
ERR4822297,931123
ERR4822297,1759252
ERR4822297,2505085
ERR4809177,497491
ERR4809177,797736
ERR4809177,931123
ERR4809177,1759252
ERR4809177,2505085
ERR4828305,615938
ERR4828305,931123
ERR4828305,1759252
ERR4828305,3021283
ERR4828305,3216553
ERR4828305,4404247
Peru4700,403364
Peru4700,764995
Peru4700,1759252
ERR4796589,497491
ERR4796589,797736
ERR4796589,931123
ERR4796589,1759252
ERR4796589,2505085
ERR4808906,931123
ERR4808906,1759252
ERR4808906,3273107
ERR4808906,3722702
IDR1700037725,764995
IDR1700037725,1759252
IDR1700037725,3977226
IDR1700037725,4398141
ERR4796485,931123
ERR4796485,1237818
ERR4796485,1759252
ERR4796485,3273107
ERR4796485,3722702
ERR4797339,62657
ERR4797339,107794
ERR4797339,891756
ERR4797339,1759252
ERR2510396,931123
ERR2510396,1759252
ERR2510396,3273107
ERR4813787,62657
ERR4813787,107794
ERR4813787,891756
ERR4813787,1759252
ERR2184689,764995
ERR2184689,1759252
ERR2184689,4316114
M0025473-1,62657
M0025473-1,107794
M0025473-1,891756
M0025473-1,1759252
ERR4822401,497491
ERR4822401,797736
ERR4822401,931123
ERR4822401,1759252
ERR4822401,2505085
ERR4797029,615938
ERR4797029,931123
ERR4797029,1759252
ERR4797029,2622402
ERR4797029,4404247
ERR4828556,497491
ERR4828556,797736
ERR4828556,931123
ERR4828556,1759252
ERR4828556,2505085
ERR4812602,497491
ERR4812602,797736
ERR4812602,931123
ERR4812602,1759252
ERR4812602,2505085
SAMN02381050,764995
SAMN02381050,1132368
SAMN02381050,1759252
SAMN02381050,3977226
ERR4828788,62657
ERR4828788,107794
ERR4828788,891756
ERR4828788,1759252
ERR4809275,497491
ERR4809275,797736
ERR4809275,931123
ERR4809275,1759252
ERR4809275,2505085
ERR4811102,1719757
ERR4811102,1759252
ERR4811069,1719757
ERR4811069,1759252
IDR1700010065,931123
IDR1700010065,1084911
IDR1700010065,1759252
IDR1700010065,3273107
ERR4811768,764995
ERR4811768,1132368
ERR4811768,1759252
ERR4811768,3977226
ERR4829114,1759252
ERR4829114,3466426
ERR4828564,1719757
ERR4828564,1759252
ERR4796815,1759252
ERR4796815,3836739
JPN-R2011-0067,346693
JPN-R2011-0067,497491
JPN-R2011-0067,931123
JPN-R2011-0067,1759252
JPN-R2011-0067,2505085
ERR4809168,403364
ERR4809168,764995
ERR4809168,1759252
ERR4812975,62657
ERR4812975,514245
ERR4812975,1759252
Peru5113,764995
Peru5113,1759252
Peru5113,3977226
Peru5113,4398141
ERR4810955,1719757
ERR4810955,1759252
ERR5918013,1759252
ERR5918013,4249732
ERR4831793,497491
ERR4831793,797736
ERR4831793,931123
ERR4831793,1759252
ERR4831793,2505085
ERR4831793,4248115
ERR4813286,62657
ERR4813286,107794
ERR4813286,891756
ERR4813286,1759252
ERR4797068,497491
ERR4797068,797736
ERR4797068,931123
ERR4797068,1759252
ERR4797068,2505085
ERR4811053,497491
ERR4811053,797736
ERR4811053,931123
ERR4811053,1759252
ERR4811053,2505085
ERR4811053,4248115
ERR4810950,497491
ERR4810950,797736
ERR4810950,931123
ERR4810950,1759252
ERR4810950,2505085
ERR4796932,615938
ERR4796932,931123
ERR4796932,1759252
ERR4796932,3470377
ERR4830456,497491
ERR4830456,797736
ERR4830456,931123
ERR4830456,1759252
ERR4830456,2505085
ERR2184370,764995
ERR2184370,1132368
ERR2184370,1759252
ERR2184370,3977226
ERR4809131,403364
ERR4809131,764995
ERR4809131,1759252
ERR4810773,1719757
ERR4810773,1759252
ERR3287688,764995
ERR3287688,1132368
ERR3287688,1759252
ERR3287688,3977226
ERR4810898,497491
ERR4810898,797736
ERR4810898,931123
ERR4810898,1759252
ERR4810898,2505085
QH00194828,764995
QH00194828,1132368
QH00194828,1759252
QH00194828,3977226
Peru4132,62657
Peru4132,1759252
ERR2184280,62657
ERR2184280,514245
ERR2184280,1759252
ERR2184280,4229087
ERR4830079,931123
ERR4830079,1759252
ERR4830079,3273107
ERR4797309,62657
ERR4797309,107794
ERR4797309,891756
ERR4797309,1759252
ERR4831711,497491
ERR4831711,797736
ERR4831711,931123
ERR4831711,1759252
ERR4831711,2505085
KOR-K2016-0103,497491
KOR-K2016-0103,797736
KOR-K2016-0103,931123
KOR-K2016-0103,1759252
KOR-K2016-0103,2505085
ERR4811728,62657
ERR4811728,107794
ERR4811728,891756
ERR4811728,1759252
ERR5918130,1759252
ERR5918130,3836739
ERR4830046,497491
ERR4830046,797736
ERR4830046,931123
ERR4830046,1759252
ERR4830046,2505085
ERR4829831,497491
ERR4829831,797736
ERR4829831,931123
ERR4829831,1759252
19-1773-0027,497491
19-1773-0027,797736
19-1773-0027,931123
19-1773-0027,1759252
19-1773-0027,2505085
ERR4811193,1759252
ERR4811193,4246508
ERR4811193,4307886
ERR4796486,931123
ERR4796486,1759252
ERR4796486,3273107
ERR4808885,346693
ERR4808885,497491
ERR4808885,931123
ERR4808885,1759252
ERR4808885,2505085
ERR4832014,497491
ERR4832014,797736
ERR4832014,931123
ERR4832014,1759252
ERR4832014,2505085
SAMN02360551,346693
SAMN02360551,497491
SAMN02360551,931123
SAMN02360551,1759252
SAMN02360551,2505085
ERR4830243,497491
ERR4830243,797736
ERR4830243,931123
ERR4830243,1759252
ERR4830243,2505085
ERR4810567,497491
ERR4810567,797736
ERR4810567,931123
ERR4810567,2505085
ERR3287734,1759252
ERR3287734,4249732
ERR4830619,783601
ERR4830619,1759252
ERR4830619,2411730
ERR2184477,497491
ERR2184477,797736
ERR2184477,931123
ERR2184477,1759252
ERR2184477,2505085
Peru4968,62657
Peru4968,514245
Peru4968,1759252
Peru4968,4229087
ERR4812590,403364
ERR4812590,764995
ERR4812590,1759252
ERR4812334,62657
ERR4812334,107794
ERR4812334,891756
ERR4812334,1759252
ERR3287483,764995
ERR3287483,1132368
ERR3287483,1759252
ERR3287483,3977226
ERR3287800,764995
ERR3287800,1132368
ERR3287800,1759252
ERR3287800,3977226
M0021260-6,403364
M0021260-6,764995
M0021260-6,1759252
ERR5917727,1759252
ERR5917727,3836739
Peru3434,497491
Peru3434,797736
Peru3434,931123
Peru3434,1759252
Peru3434,2505085
ERR2184574,403364
ERR2184574,764995
ERR2184574,1759252
ERR3287777,764995
ERR3287777,1759252
ERR3287777,3977226
ERR3287777,4398141
C016,346693
C016,497491
C016,931123
C016,1759252
C016,2505085
SAMEA3558121,931123
SAMEA3558121,1759252
NLA000001061,931123
NLA000001061,1084911
NLA000001061,1759252
NLA000001061,3273107
IDR1900016941,497491
IDR1900016941,797736
IDR1900016941,931123
IDR1900016941,1759252
IDR1900016941,2505085
ERR4811113,1719757
ERR4811113,1759252
ERR2184398,403364
ERR2184398,764995
ERR2184398,1759252
ERR4830241,497491
ERR4830241,797736
ERR4830241,931123
ERR4830241,1759252
ERR4830241,2505085
ERR4796754,62657
ERR4796754,107794
ERR4796754,891756
ERR4796754,1759252
ERR4810907,497491
ERR4810907,797736
ERR4810907,931123
ERR4810907,1759252
ERR4810907,2505085
ERR4813741,62657
ERR4813741,891756
ERR4813741,1759252
Peru4547,1759252
ERR4796892,497491
ERR4796892,797736
ERR4796892,931123
ERR4796892,1759252
ERR4796892,2505085
ERR5918102,62657
ERR5918102,107794
ERR5918102,891756
ERR5918102,1759252
ERR4828663,497491
ERR4828663,797736
ERR4828663,931123
ERR4828663,1759252
ERR4828663,2505085
ERR4796305,1487796
ERR4796305,1759252
ERR4796305,2411730
ERR3287780,1759252
ERR3287780,3836739
ERR4831737,497491
ERR4831737,797736
ERR4831737,931123
ERR4831737,1759252
ERR4831737,2505085
ERR3287487,497491
ERR3287487,797736
ERR3287487,931123
ERR3287487,1759252
ERR3287487,2505085
ERR4813384,62657
ERR4813384,514245
ERR4813384,1759252
C435,497491
C435,797736
C435,931123
C435,1759252
C435,2505085
C435,4248115
ERR4831211,1759252
ERR4831211,4249732
ERR4830638,497491
ERR4830638,797736
ERR4830638,931123
ERR4830638,1759252
ERR4830638,2505085
ERR4828234,615938
ERR4828234,931123
ERR4828234,1759252
ERR4828234,3021283
ERR4828234,3216553
ERR4828234,4404247
ERR4810922,497491
ERR4810922,797736
ERR4810922,931123
ERR4810922,1759252
ERR4810922,2505085
ERR4829994,1759252
ERR4829994,3466426
ERR4828818,1759252
ERR4828818,3836739
ERR4812245,764995
ERR4812245,1759252
ERR4812245,4316114
C134,497491
C134,797736
C134,931123
C134,1759252
C134,2505085
ERR4828201,497491
ERR4828201,797736
ERR4828201,931123
ERR4828201,1759252
ERR4828201,2505085
ERR4822429,1759252
ERR4822429,3836739
ERR4812400,62657
ERR4812400,891756
ERR4812400,1759252
ERR4829505,931123
ERR4829505,1759252
ERR4829505,3273107
ERR4798309,931123
ERR4798309,1759252
ERR4798309,3273107
C048,497491
C048,797736
C048,931123
C048,1759252
C048,2505085
ERR3287636,62657
ERR3287636,107794
ERR3287636,891756
ERR3287636,1759252
Peru4096,62657
Peru4096,107794
Peru4096,891756
Peru4096,1759252
ERR4831484,931123
ERR4831484,1759252
ERR4831484,3273107
ERR4796994,931123
ERR4796994,1759252
ERR4796994,3273107
ERR4797710,497491
ERR4797710,797736
ERR4797710,931123
ERR4797710,1759252
ERR4797710,2505085
ERR4797458,931123
ERR4797458,1759252
ERR4797458,3273107
KOR-K2016-0148,346693
KOR-K2016-0148,497491
KOR-K2016-0148,931123
KOR-K2016-0148,1759252
KOR-K2016-0148,2505085
SAMN02360617,346693
SAMN02360617,497491
SAMN02360617,931123
SAMN02360617,1759252
SAMN02360617,2505085
Peru4659,62657
Peru4659,514245
Peru4659,1759252
Peru3415,403364
Peru3415,764995
Peru3415,1759252
ERR4831253,497491
ERR4831253,797736
ERR4831253,931123
ERR4831253,1759252
ERR4831253,2505085
IDR1900040953,497491
IDR1900040953,797736
IDR1900040953,931123
IDR1900040953,1759252
IDR1900040953,2505085
ERR2184234,403364
ERR2184234,764995
ERR2184234,1759252
ERR4809235,497491
ERR4809235,797736
ERR4809235,931123
ERR4809235,1759252
ERR4809235,2505085
ERR3287434,403364
ERR3287434,764995
ERR3287434,1759252
03R1082,403364
03R1082,764995
03R1082,1759252
ERR4797416,931123
ERR4797416,1759252
ERR4797416,3273107
ERR4796282,497491
ERR4796282,797736
ERR4796282,931123
ERR4796282,1759252
ERR4796282,2505085
ERR4796282,4248115
Peru4534,403364
Peru4534,764995
Peru4534,1759252
GA010-47,615938
GA010-47,931123
GA010-47,1759252
GA010-47,3470377
Peru5070,403364
Peru5070,764995
Peru5070,1759252
SAMN02567684,62657
SAMN02567684,107794
SAMN02567684,891756
SAMN02567684,1759252
ERR4813461,403364
ERR4813461,764995
ERR4813461,1759252
ERR4831239,1487796
ERR4831239,1759252
ERR4831239,2411730
ERR4828856,355181
ERR4828856,1759252
ERR4828856,4151558
ERR4828856,4307886
ERR4810947,497491
ERR4810947,797736
ERR4810947,931123
ERR4810947,1759252
ERR4810947,2505085
IDR1900051731,497491
IDR1900051731,797736
IDR1900051731,931123
IDR1900051731,1759252
IDR1900051731,2505085
ERR5917679,62657
ERR5917679,107794
ERR5917679,891756
ERR5917679,1759252
TRL0115398,497491
TRL0115398,797736
TRL0115398,931123
TRL0115398,1759252
TRL0115398,2505085
TRL0115398,4248115
ERR4811893,403364
ERR4811893,764995
ERR4811893,1759252
ERR4830496,497491
ERR4830496,797736
ERR4830496,931123
ERR4830496,1759252
ERR4830496,2505085
ERR2510259,931123
ERR2510259,1759252
ERR2510259,3273107
ERR4830394,497491
ERR4830394,797736
ERR4830394,931123
ERR4830394,1759252
ERR4830394,2505085
IDR1800047966,62657
IDR1800047966,514245
IDR1800047966,1759252
IDR1800047966,4229087
ERR4809186,615938
ERR4809186,931123
ERR4809186,1759252
ERR4809186,3470377
ERR4822510,931123
ERR4822510,1084911
ERR4822510,1759252
ERR4822510,3273107
ERR4829591,931123
ERR4829591,1759252
ERR4829591,3273107
ERR2184233,62657
ERR2184233,107794
ERR2184233,891756
ERR2184233,1759252
ERR4830121,1759252
ERR4830121,4249732
ERR4797272,497491
ERR4797272,797736
ERR4797272,931123
ERR4797272,1759252
ERR4797272,2505085
ERR4831445,931123
ERR4831445,1759252
ERR4831445,3273107
C231,346693
C231,497491
C231,931123
C231,1759252
C231,2505085
PE00318284,764995
PE00318284,1759252
PE00318284,3388166
PE00318284,4316114
ERR4829881,615938
ERR4829881,931123
ERR4829881,1759252
ERR4829881,2622402
ERR4829881,4404247
ERR4822549,1719757
ERR4822549,1759252
ERR4828200,497491
ERR4828200,797736
ERR4828200,931123
ERR4828200,1759252
ERR4828200,2505085
C021,1759252
C021,4249732
ERR4813400,403364
ERR4813400,764995
ERR4813400,1759252
ERR4796835,931123
ERR4796835,1759252
ERR4796835,3273107
ERR4796835,3722702
ERR4810642,497491
ERR4810642,797736
ERR4810642,931123
ERR4810642,1759252
ERR4810642,2505085
ERR4822552,783601
ERR4822552,1759252
ERR4822552,2411730
ERR4796288,403364
ERR4796288,764995
ERR4796288,1759252
ERR2184287,62657
ERR2184287,107794
ERR2184287,891756
ERR2184287,1759252
ERR4809173,355181
ERR4809173,1759252
ERR4809173,4151558
ERR4809173,4307886
ERR3287805,497491
ERR3287805,797736
ERR3287805,931123
ERR3287805,1759252
ERR3287805,2505085
ERR4830582,497491
ERR4830582,797736
ERR4830582,931123
ERR4830582,1759252
ERR4830582,2505085
ERR4796580,1759252
ERR4796580,4307886
Peru4535,403364
Peru4535,764995
Peru4535,1759252
ERR2510581,931123
ERR2510581,1759252
ERR2510581,3273107
ERR4828906,1759252
ERR4828906,3836739
30609,764995
30609,1759252
30609,3388166
30609,4316114
NLA000301029,62657
NLA000301029,107794
NLA000301029,891756
NLA000301029,1759252
IDR1900004208,62657
IDR1900004208,107794
IDR1900004208,891756
IDR1900004208,1759252
ERR4830620,497491
ERR4830620,797736
ERR4830620,931123
ERR4830620,1759252
ERR4830620,2505085
ERR4822460,931123
ERR4822460,1759252
ERR4822460,3273107
ERR2510422,931123
ERR2510422,1759252
ERR2510422,3273107
ERR2184638,497491
ERR2184638,797736
ERR2184638,931123
ERR2184638,1759252
ERR2184638,2505085
ERR4810952,1487796
ERR4810952,1759252
ERR4810952,2411730
ERR4829825,403364
ERR4829825,764995
ERR4829825,1759252
ERR4828319,497491
ERR4828319,797736
ERR4828319,931123
ERR4828319,1759252
ERR4828319,2505085
ERR4822413,783601
ERR4822413,1759252
ERR4822413,2411730
ERR4810912,497491
ERR4810912,797736
ERR4810912,931123
ERR4810912,1759252
ERR4810912,2505085
ERR4797226,931123
ERR4797226,1759252
ERR4797226,3273107
ERR4829970,931123
ERR4829970,1759252
ERR4829970,3273107
ERR4828989,1487796
ERR4828989,1759252
ERR4828989,2411730
ERR5918099,497491
ERR5918099,797736
ERR5918099,931123
ERR5918099,1759252
ERR5918099,2505085
ERR4828525,1719757
ERR4828525,1759252
ERR4831655,497491
ERR4831655,797736
ERR4831655,931123
ERR4831655,1759252
ERR4831655,2505085
ERR4811946,764995
ERR4811946,1759252
ERR4811946,4316114
ERR4812901,62657
ERR4812901,514245
ERR4812901,1759252
ERR4812901,4229087
SAMEA3558217,403364
SAMEA3558217,764995
SAMEA3558217,1759252
JPN-R2011-0062,497491
JPN-R2011-0062,797736
JPN-R2011-0062,931123
JPN-R2011-0062,1759252
JPN-R2011-0062,2505085
SAMN02398699,346693
SAMN02398699,497491
SAMN02398699,931123
SAMN02398699,1759252
SAMN02398699,2505085
ERR4822301,1759252
ERR4822301,3836739
ERR4796928,497491
ERR4796928,797736
ERR4796928,931123
ERR4796928,1759252
ERR4796928,2505085
SAMN02398701,497491
SAMN02398701,797736
SAMN02398701,931123
SAMN02398701,1759252
SAMN02398701,2505085
ERR4829468,62657
ERR4829468,107794
ERR4829468,891756
ERR4829468,1759252
ERR3287400,403364
ERR3287400,764995
ERR3287400,1759252
ERR4828215,497491
ERR4828215,797736
ERR4828215,931123
ERR4828215,1759252
ERR4828215,2505085
ERR4828215,4248115
SAMEA3558179,62657
SAMEA3558179,514245
SAMEA3558179,1759252
SAMEA3558179,4229087
KOR-K2016-0110,497491
KOR-K2016-0110,797736
KOR-K2016-0110,931123
KOR-K2016-0110,1759252
KOR-K2016-0110,2505085
C452,346693
C452,497491
C452,931123
C452,1759252
C452,2505085
KOR-K2016-0050,497491
KOR-K2016-0050,797736
KOR-K2016-0050,931123
KOR-K2016-0050,1759252
KOR-K2016-0050,2505085
ERR4797364,615938
ERR4797364,931123
ERR4797364,1759252
ERR4797364,2622402
ERR4797364,4404247
26987,355181
26987,1759252
26987,4151558
26987,4307886
ERR4810787,1719757
ERR4810787,1759252
ERR4814034,62657
ERR4814034,107794
ERR4814034,891756
ERR4814034,1759252
ERR4810667,497491
ERR4810667,797736
ERR4810667,931123
ERR4810667,1759252
ERR4810667,2505085
IDR1900021375,403364
IDR1900021375,764995
IDR1900021375,1759252
ERR4813856,1759252
ERR4813856,4249732
ERR4829164,1759252
ERR4829164,2875883
ERR4829164,3466426
ERR4829164,4125058
ERR4810815,497491
ERR4810815,797736
ERR4810815,931123
ERR4810815,1759252
ERR4810815,2505085
ERR3287402,403364
ERR3287402,764995
ERR3287402,1759252
ERR4830747,931123
ERR4830747,1759252
ERR4830747,3273107
ERR4797088,931123
ERR4797088,1237818
ERR4797088,1759252
ERR4797088,3273107
ERR4797088,3722702
ERR2510688,783601
ERR2510688,1759252
ERR2510688,2411730
1807,764995
1807,1132368
1807,1502120
1807,1759252
1807,3977226
ERR4797074,1759252
ERR4797074,3836739
ERR4797074,4398141
ERR4810783,497491
ERR4810783,797736
ERR4810783,931123
ERR4810783,1759252
ERR4810783,2505085
ERR3287808,62657
ERR3287808,107794
ERR3287808,891756
ERR3287808,1759252
TDR117S151L002,346693
TDR117S151L002,497491
TDR117S151L002,931123
TDR117S151L002,1759252
TDR117S151L002,2505085
Peru4499,403364
Peru4499,764995
Peru4499,1759252
KOR-K2016-0102,615938
KOR-K2016-0102,931123
KOR-K2016-0102,1759252
KOR-K2016-0102,3021283
KOR-K2016-0102,3216553
KOR-K2016-0102,4404247
ERR4797170,615938
ERR4797170,931123
ERR4797170,1759252
ERR4797170,3470377
C123,346693
C123,497491
C123,931123
C123,1759252
C123,2505085
ERR4828720,497491
ERR4828720,797736
ERR4828720,931123
ERR4828720,1759252
ERR4828720,2505085
ERR4831734,497491
ERR4831734,797736
ERR4831734,931123
ERR4831734,1759252
ERR4831734,2505085
ERR4828191,615938
ERR4828191,931123
ERR4828191,1759252
ERR4828191,3021283
ERR4828191,3216553
ERR4828191,4404247
GA057-133,764995
GA057-133,1132368
GA057-133,1502120
GA057-133,1759252
GA057-133,3977226
ERR4797331,497491
ERR4797331,797736
ERR4797331,931123
ERR4797331,1759252
ERR4797331,2505085
ERR4810882,1759252
ERR4810882,4246508
ERR4810882,4307886
TRL0057671,497491
TRL0057671,797736
TRL0057671,931123
TRL0057671,1759252
TRL0057671,2505085
ERR4828677,1759252
ERR4828677,4246508
ERR4828677,4307886
ERR4831197,497491
ERR4831197,797736
ERR4831197,931123
ERR4831197,1759252
ERR4831197,2505085
Peru3417,403364
Peru3417,764995
Peru3417,1759252
ERR4828163,497491
ERR4828163,797736
ERR4828163,931123
ERR4828163,1759252
ERR4828163,2505085
ERR4813260,403364
ERR4813260,764995
ERR4813260,1759252
ERR4809057,403364
ERR4809057,764995
ERR4809057,1759252
ERR4831167,497491
ERR4831167,797736
ERR4831167,931123
ERR4831167,1759252
ERR4831167,2505085
ERR4829562,764995
ERR4829562,1132368
ERR4829562,1759252
ERR4829562,3977226
ERR4797186,497491
ERR4797186,797736
ERR4797186,931123
ERR4797186,1759252
ERR4797186,2505085
ERR2184597,497491
ERR2184597,797736
ERR2184597,931123
ERR2184597,1759252
ERR2184597,2505085
C182,764995
C182,1759252
C182,3388166
C182,4316114
ERR4796409,931123
ERR4796409,1759252
ERR4796409,3273107
ERR4812942,403364
ERR4812942,764995
ERR4812942,1759252
ERR4828227,497491
ERR4828227,797736
ERR4828227,931123
ERR4828227,1759252
ERR4828227,2505085
ERR3287755,497491
ERR3287755,797736
ERR3287755,931123
ERR3287755,1759252
ERR3287755,2505085
ERR4831827,931123
ERR4831827,1759252
C464,497491
C464,797736
C464,931123
C464,1759252
C464,2505085
C464,4248115
Peru4555,764995
Peru4555,1132368
Peru4555,1759252
Peru4555,3977226
ERR4810494,1719757
ERR4810494,1759252
ERR4811560,497491
ERR4811560,797736
ERR4811560,931123
ERR4811560,1759252
ERR4811560,2505085
C234,931123
C234,1759252
C234,3273107
Peru4013,497491
Peru4013,797736
Peru4013,931123
Peru4013,1759252
Peru4013,2505085
ERR3287597,1759252
ERR4813933,62657
ERR4813933,107794
ERR4813933,891756
ERR4813933,1759252
ERR4812883,1759252
ERR4831939,497491
ERR4831939,797736
ERR4831939,931123
ERR4831939,1759252
ERR4831939,2505085
ERR4831939,4248115
ERR4811930,497491
ERR4811930,797736
ERR4811930,931123
ERR4811930,1759252
ERR4811930,2505085
ERR4831020,497491
ERR4831020,797736
ERR4831020,931123
ERR4831020,1759252
ERR4831020,2505085
SAMEA3558209,62657
SAMEA3558209,107794
SAMEA3558209,891756
SAMEA3558209,1759252
ERR2184347,497491
ERR2184347,797736
ERR2184347,931123
ERR2184347,1759252
TRL0039671,62657
TRL0039671,107794
TRL0039671,891756
TRL0039671,1759252
KOR-K2016-0059,497491
KOR-K2016-0059,797736
KOR-K2016-0059,931123
KOR-K2016-0059,1759252
KOR-K2016-0059,2505085
Peru4957,403364
Peru4957,764995
Peru4957,1759252
ERR4813255,1759252
01R1241,62657
01R1241,107794
01R1241,891756
01R1241,1759252
TRL0113483,62657
TRL0113483,514245
TRL0113483,1759252
TRL0113483,4229087
ERR4822304,62657
ERR4822304,107794
ERR4822304,891756
ERR4822304,1759252
ERR4796622,1487796
ERR4796622,1759252
ERR4796622,2411730
IDR1600003600,1719757
IDR1600003600,1759252
ERR4831026,497491
ERR4831026,797736
ERR4831026,931123
ERR4831026,1759252
ERR4831026,2505085
ERR2510585,931123
ERR2510585,1759252
ERR2510585,3273107
ERR4796960,497491
ERR4796960,797736
ERR4796960,931123
ERR4796960,1759252
ERR4796960,2505085
C467,497491
C467,797736
C467,931123
C467,1759252
C467,2505085
JPN-R2012-0014,497491
JPN-R2012-0014,797736
JPN-R2012-0014,931123
JPN-R2012-0014,1759252
JPN-R2012-0014,2505085
Peru4897,403364
Peru4897,764995
Peru4897,1759252
TDR66S92L002,62657
TDR66S92L002,514245
TDR66S92L002,1759252
TDR66S92L002,4229087
ERR3287442,764995
ERR3287442,1132368
ERR3287442,1759252
ERR3287442,3977226
ERR4830371,497491
ERR4830371,797736
ERR4830371,931123
ERR4830371,1759252
ERR4830371,2505085
ERR4797760,931123
ERR4797760,1237818
ERR4797760,1759252
ERR4797760,3273107
ERR4797760,3722702
IDR1900017540,764995
IDR1900017540,1759252
IDR1900017540,3977226
IDR1900017540,4398141
ERR2184296,62657
ERR2184296,107794
ERR2184296,891756
ERR2184296,1759252
ERR4813156,764995
ERR4813156,1132368
ERR4813156,1759252
ERR4813156,3977226
ERR4830613,497491
ERR4830613,797736
ERR4830613,931123
ERR4830613,1759252
ERR4830613,2505085
ERR3287427,403364
ERR3287427,764995
ERR3287427,1759252
ERR4828153,615938
ERR4828153,931123
ERR4828153,1759252
ERR4828153,3021283
ERR4828153,3216553
ERR4828153,4404247
ERR4812501,62657
ERR4812501,107794
ERR4812501,891756
ERR4812501,1759252
ERR4831632,497491
ERR4831632,797736
ERR4831632,931123
ERR4831632,1759252
ERR4831632,2505085
ERR4797651,497491
ERR4797651,797736
ERR4797651,931123
ERR4797651,1759252
ERR4797651,2505085
TRL0113465,403364
TRL0113465,764995
TRL0113465,1759252
ERR4796353,403364
ERR4796353,764995
ERR4796353,1759252
M0018356-7,62657
M0018356-7,107794
M0018356-7,891756
M0018356-7,1759252
TRL0115878,62657
TRL0115878,514245
TRL0115878,1759252
TRL0115878,4229087
02R0272,403364
02R0272,764995
02R0272,1759252
IDR1900007813,62657
IDR1900007813,107794
IDR1900007813,891756
IDR1900007813,1759252
IDR1900026690,615938
IDR1900026690,931123
IDR1900026690,1759252
IDR1900026690,3479545
ERR4831513,1759252
ERR4831513,3466426
ERR4831513,4125058
ERR4813440,403364
ERR4813440,764995
ERR4813440,1759252
ERR4830089,497491
ERR4830089,797736
ERR4830089,931123
ERR4830089,1759252
ERR4830089,2505085
ERR4812552,62657
ERR4812552,107794
ERR4812552,891756
ERR4812552,1759252
ERR4812182,764995
ERR4812182,1759252
ERR4812182,4316114
ERR4796667,1759252
ERR4796667,3836739
ERR2510265,497491
ERR2510265,797736
ERR2510265,931123
ERR2510265,1759252
ERR2510265,2505085
C388,497491
C388,797736
C388,931123
C388,1759252
C388,2505085
ERR4812330,1759252
ERR4812330,3836739
ERR4797281,403364
ERR4797281,764995
ERR4797281,1759252
03R1451,62657
03R1451,107794
03R1451,891756
03R1451,1759252
ERR3287403,403364
ERR3287403,764995
ERR3287403,1759252
ERR4831829,497491
ERR4831829,797736
ERR4831829,931123
ERR4831829,1759252
ERR4831829,2505085
ERR4813442,403364
ERR4813442,764995
ERR4813442,1759252
ERR5918019,346693
ERR5918019,497491
ERR5918019,931123
ERR5918019,1759252
ERR5918019,2505085
ERR4829958,931123
ERR4829958,1759252
ERR4829958,3273107
ERR4809265,1759252
ERR4809265,3836739
ERR3287768,764995
ERR3287768,1132368
ERR3287768,1759252
ERR3287768,3977226
Peru4015,62657
Peru4015,107794
Peru4015,891756
Peru4015,1759252
ERR4828366,615938
ERR4828366,931123
ERR4828366,1759252
ERR4828366,3021283
ERR4828366,3216553
ERR4828366,4404247
ERR4796532,497491
ERR4796532,797736
ERR4796532,931123
ERR4796532,1759252
ERR4796532,2505085
ERR4797101,615938
ERR4797101,931123
ERR4797101,1759252
ERR2184520,764995
ERR2184520,1759252
ERR2184520,4316114
Peru4646,1759252
ERR4812946,403364
ERR4812946,764995
ERR4812946,1759252
SAMEA3558109,1759252
ERR4830233,615938
ERR4830233,931123
ERR4830233,1759252
ERR4830233,3021283
ERR4830233,3216553
ERR4830233,4404247
ERR4797174,931123
ERR4797174,1759252
ERR4830340,615938
ERR4830340,931123
ERR4830340,1759252
ERR4830340,3021283
ERR4830340,3216553
ERR4830340,4404247
ERR4810505,497491
ERR4810505,797736
ERR4810505,931123
ERR4810505,1759252
ERR4810505,2505085
ERR3287651,403364
ERR3287651,764995
ERR3287651,1759252
ERR4829142,497491
ERR4829142,797736
ERR4829142,931123
ERR4829142,1759252
ERR4829142,2505085
ERR4828616,615938
ERR4828616,931123
ERR4828616,1759252
ERR4828616,3021283
ERR4828616,3216553
ERR4828616,4404247
ERR2510604,931123
ERR2510604,1759252
ERR2510604,3273107
ERR4797441,1487796
ERR4797441,1759252
ERR4797441,2411730
ERR4811969,403364
ERR4811969,764995
ERR4811969,1759252
ERR4812158,62657
ERR4812158,107794
ERR4812158,891756
ERR4812158,1759252
ERR4831702,1759252
ERR4831702,4246508
ERR4831702,4307886
IDR1700024729,1759252
IDR1700024729,2875883
IDR1700024729,3466426
IDR1700024729,4125058
ERR4829590,62657
ERR4829590,107794
ERR4829590,891756
ERR4829590,1759252
ERR4831758,497491
ERR4831758,797736
ERR4831758,931123
ERR4831758,1759252
ERR4831758,2505085
ERR4796423,497491
ERR4796423,797736
ERR4796423,931123
ERR4796423,1759252
ERR4796423,2505085
ERR2184426,497491
ERR2184426,797736
ERR2184426,931123
ERR2184426,1759252
ERR2184426,2505085
ERR4828667,1719757
ERR4828667,1759252
C420,346693
C420,497491
C420,931123
C420,1759252
C420,2505085
ERR2510266,615938
ERR2510266,931123
ERR2510266,1759252
ERR2510266,2622402
ERR2510266,4404247
ERR4831249,497491
ERR4831249,797736
ERR4831249,931123
ERR4831249,1759252
ERR4831249,2505085
Peru3397,403364
Peru3397,764995
Peru3397,1759252
ERR4813972,403364
ERR4813972,764995
ERR4813972,1759252
ERR4797008,1759252
ERR4797008,3836739
ERR4812173,1759252
ERR4811122,497491
ERR4811122,797736
ERR4811122,931123
ERR4811122,1759252
ERR4811122,2505085
NLA000202008,1759252
NLA000202008,3836739
ERR3287354,764995
ERR3287354,1759252
ERR3287354,4316114
ERR4830576,497491
ERR4830576,797736
ERR4830576,931123
ERR4830576,1759252
ERR4830576,2505085
ERR3287416,403364
ERR3287416,764995
ERR3287416,1759252
ERR4811590,497491
ERR4811590,931123
ERR4811590,1759252
ERR4811590,1881090
03R1176,497491
03R1176,797736
03R1176,931123
03R1176,1759252
03R1176,2505085
ERR4797031,931123
ERR4797031,1759252
ERR4797031,3273107
C148,497491
C148,797736
C148,931123
C148,1759252
C148,2505085
SAMEA3558123,1759252
ERR4812016,764995
ERR4812016,1132368
ERR4812016,1759252
ERR4812016,3977226
ERR4811919,764995
ERR4811919,1759252
ERR4811919,4316114
ERR2184484,403364
ERR2184484,764995
ERR2184484,1759252
ERR4812422,1759252
ERR4812422,4249732
TRL0113494,615938
TRL0113494,931123
TRL0113494,1759252
TRL0113494,3470377
ERR2510675,1759252
ERR4813279,62657
ERR4813279,107794
ERR4813279,891756
ERR4813279,1759252
ERR4828393,497491
ERR4828393,797736
ERR4828393,931123
ERR4828393,1759252
ERR4828393,2505085
ERR4811860,764995
ERR4811860,1759252
ERR4811860,4316114
ERR2510721,62657
ERR2510721,107794
ERR2510721,891756
ERR2510721,1759252
PS00313772,497491
PS00313772,797736
PS00313772,931123
PS00313772,1759252
PS00313772,2505085
ERR4813949,764995
ERR4813949,1759252
ERR4813949,3977226
ERR4813949,4398141
ERR4810512,497491
ERR4810512,797736
ERR4810512,931123
ERR4810512,1759252
ERR4810512,2505085
TRL0116054,497491
TRL0116054,797736
TRL0116054,931123
TRL0116054,1759252
TRL0116054,2505085
ERR3287448,497491
ERR3287448,797736
ERR3287448,931123
ERR3287448,1759252
ERR3287448,2505085
ERR4830180,497491
ERR4830180,797736
ERR4830180,931123
ERR4830180,1759252
ERR4830180,2505085
ERR5918065,497491
ERR5918065,797736
ERR5918065,931123
ERR5918065,1759252
ERR5918065,2505085
ERR4796465,931123
ERR4796465,1759252
ERR4796465,3273107
ERR3287753,62657
ERR3287753,107794
ERR3287753,891756
ERR3287753,1759252
ERR3287879,62657
ERR3287879,107794
ERR3287879,891756
ERR3287879,1759252
ERR4796569,931123
ERR4796569,1759252
ERR4796569,3273107
ERR4828702,497491
ERR4828702,797736
ERR4828702,931123
ERR4828702,1759252
ERR4828702,2505085
ERR4796736,931123
ERR4796736,1237818
ERR4796736,1759252
ERR4796736,3273107
ERR4796736,3722702
Peru5025,891756
Peru5025,1759252
ERR2510252,497491
ERR2510252,797736
ERR2510252,931123
ERR2510252,1759252
ERR2510252,2505085
ERR2510252,4248115
ERR4830153,783601
ERR4830153,1759252
ERR4830153,2411730
ERR4812707,764995
ERR4812707,1759252
ERR4812707,4316114
ERR4813396,497491
ERR4813396,797736
ERR4813396,931123
ERR4813396,1759252
ERR4813396,2505085
ERR4828285,497491
ERR4828285,797736
ERR4828285,931123
ERR4828285,1759252
ERR4828285,2505085
ERR4829171,931123
ERR4829171,1759252
ERR4829171,3273107
ERR4797289,497491
ERR4797289,797736
ERR4797289,931123
ERR4797289,1759252
ERR4797289,2505085
ERR4797289,4248115
ERR2184678,764995
ERR2184678,1759252
ERR4828224,497491
ERR4828224,797736
ERR4828224,931123
ERR4828224,1759252
ERR4828224,2505085
ERR4809188,497491
ERR4809188,797736
ERR4809188,931123
ERR4809188,1759252
ERR4809188,2505085
ERR2184405,62657
ERR2184405,107794
ERR2184405,891756
ERR2184405,1759252
ERR4797414,615938
ERR4797414,931123
ERR4797414,1759252
ERR4797414,2622402
ERR4797414,4404247
ERR4828229,497491
ERR4828229,797736
ERR4828229,931123
ERR4828229,1759252
ERR4828229,2505085
ERR4832035,497491
ERR4832035,797736
ERR4832035,931123
ERR4832035,1759252
ERR4832035,2505085
ERR4810493,1759252
ERR4810493,4246508
ERR4810493,4307886
ERR2510627,931123
ERR2510627,1759252
ERR2510627,3273107
M0017734-6,62657
M0017734-6,107794
M0017734-6,891756
M0017734-6,1759252
C087,346693
C087,497491
C087,931123
C087,1759252
C087,2505085
KOR-K2016-0074,497491
KOR-K2016-0074,797736
KOR-K2016-0074,931123
KOR-K2016-0074,1759252
KOR-K2016-0074,2505085
SAMEA3558178,497491
SAMEA3558178,931123
SAMEA3558178,1759252
SAMEA3558178,2505085
Peru4097,62657
Peru4097,514245
Peru4097,1759252
ERR3287602,403364
ERR3287602,764995
ERR3287602,1759252
ERR4808961,497491
ERR4808961,797736
ERR4808961,931123
ERR4808961,1759252
ERR4808961,2505085
KOR-K2016-0077,62657
KOR-K2016-0077,514245
KOR-K2016-0077,1759252
KOR-K2016-0077,4229087
Peru4016,62657
Peru4016,107794
Peru4016,891756
Peru4016,1759252
ERR4810848,497491
ERR4810848,797736
ERR4810848,931123
ERR4810848,1759252
ERR4810848,2505085
ERR5917966,1759252
ERR5917966,3836739
ERR4822610,931123
ERR4822610,1084911
ERR4822610,1759252
ERR4822610,3273107
ERR3287790,403364
ERR3287790,764995
ERR3287790,1759252
ERR4810479,346693
ERR4810479,497491
ERR4810479,931123
ERR4810479,1759252
ERR4810479,2505085
ERR4811161,1487796
ERR4811161,1759252
ERR4811161,2411730
ERR4813239,403364
ERR4813239,764995
ERR4813239,1759252
ERR4828486,1759252
ERR4828486,3836739
ERR4830297,615938
ERR4830297,931123
ERR4830297,1759252
ERR4830297,3021283
ERR4830297,3216553
ERR4830297,4404247
ERR4831614,497491
ERR4831614,797736
ERR4831614,931123
ERR4831614,1759252
ERR4831614,2505085
ERR4829047,931123
ERR4829047,1759252
ERR4829047,3273107
ERR4831102,497491
ERR4831102,797736
ERR4831102,931123
ERR4831102,1759252
ERR4831102,2505085
Peru4933,497491
Peru4933,797736
Peru4933,931123
Peru4933,1759252
Peru4933,2505085
ERR4810962,497491
ERR4810962,797736
ERR4810962,931123
ERR4810962,1759252
ERR4810962,2505085
ERR4796347,615938
ERR4796347,931123
ERR4796347,1759252
ERR4796634,931123
ERR4796634,1759252
ERR4796634,3273107
ERR4796634,3722702
ERR4797547,497491
ERR4797547,797736
ERR4797547,931123
ERR4797547,1759252
ERR4797547,2505085
ERR4830163,497491
ERR4830163,797736
ERR4830163,931123
ERR4830163,1759252
ERR4830163,2505085
SAMEA3558120,1759252
ERR4810540,1719757
ERR4810540,1759252
ERR4808926,497491
ERR4808926,797736
ERR4808926,931123
ERR4808926,1759252
ERR4808926,2505085
ERR4808926,4248115
JPN-R2012-0021,497491
JPN-R2012-0021,797736
JPN-R2012-0021,931123
JPN-R2012-0021,1759252
Peru3396,764995
Peru3396,1132368
Peru3396,1759252
Peru3396,3977226
Peru3359,62657
Peru3359,107794
Peru3359,891756
Peru3359,1759252
ERR4808901,346693
ERR4808901,497491
ERR4808901,931123
ERR4808901,1759252
ERR4808901,2505085
KOR-K2016-0075,346693
KOR-K2016-0075,497491
KOR-K2016-0075,931123
KOR-K2016-0075,1759252
KOR-K2016-0075,2505085
ERR4810766,1759252
ERR4810766,4246508
ERR4810766,4307886
ERR2184422,764995
ERR2184422,1759252
ERR2184422,4316114
ERR4828273,615938
ERR4828273,931123
ERR4828273,1759252
ERR4828273,3021283
ERR4828273,3216553
ERR4828273,4404247
ERR4810877,1759252
ERR4810877,4246508
ERR4810877,4307886
ERR4829559,615938
ERR4829559,931123
ERR4829559,1759252
ERR4829559,3479545
ERR4831857,497491
ERR4831857,797736
ERR4831857,931123
ERR4831857,1759252
ERR4831857,2505085
Peru4483,403364
Peru4483,764995
Peru4483,1759252
ERR4829083,1759252
ERR4829083,4249732
ERR4830420,497491
ERR4830420,797736
ERR4830420,931123
ERR4830420,1759252
ERR4830420,2505085
ERR5918085,497491
ERR5918085,797736
ERR5918085,931123
ERR5918085,1759252
ERR5918085,2505085
ERR4822577,403364
ERR4822577,764995
ERR4822577,1759252
ERR4796437,497491
ERR4796437,797736
ERR4796437,931123
ERR4796437,1759252
ERR4796437,2505085
ERR4796437,4248115
M0016918-6,62657
M0016918-6,107794
M0016918-6,891756
M0016918-6,1759252
SAMN02360567,1759252
ERR4828848,403364
ERR4828848,764995
ERR4828848,1759252
JPN-R2012-0020,497491
JPN-R2012-0020,797736
JPN-R2012-0020,931123
JPN-R2012-0020,1759252
JPN-R2012-0020,2505085
NLA009701714,497491
NLA009701714,797736
NLA009701714,931123
NLA009701714,1759252
NLA009701714,2505085
ERR4831374,497491
ERR4831374,797736
ERR4831374,931123
ERR4831374,1759252
ERR4831374,2505085
ERR4830400,497491
ERR4830400,797736
ERR4830400,931123
ERR4830400,1759252
ERR4830400,2505085
0210028,615938
0210028,931123
0210028,1759252
0210028,3021283
0210028,4404247
ERR2184427,62657
ERR2184427,107794
ERR2184427,891756
ERR2184427,1759252
SAMEA3558122,1759252
ERR4796277,615938
ERR4796277,931123
ERR4796277,1759252
ERR4796277,3470377
ERR4796286,615938
ERR4796286,931123
ERR4796286,1759252
ERR4796286,3470377
ERR4831446,931123
ERR4831446,1759252
ERR4831446,3273107
ERR4810745,1719757
ERR4810745,1759252
ERR4828156,497491
ERR4828156,797736
ERR4828156,931123
ERR4828156,1759252
ERR4828156,2505085
ERR4810707,497491
ERR4810707,797736
ERR4810707,931123
ERR4810707,1759252
ERR4810707,2505085
ERR2184431,62657
ERR2184431,514245
ERR2184431,1759252
ERR4812900,62657
ERR4812900,514245
ERR4812900,1759252
ERR2510306,1487796
ERR2510306,1759252
ERR2510306,2411730
ERR4830464,497491
ERR4830464,797736
ERR4830464,931123
ERR4830464,1759252
ERR4830464,2505085
SAMN02360619,346693
SAMN02360619,497491
SAMN02360619,931123
SAMN02360619,1759252
SAMN02360619,2505085
ERR2184278,1759252
ERR2184278,4249732
ERR4810802,497491
ERR4810802,797736
ERR4810802,931123
ERR4810802,1759252
ERR4810802,2505085
ERR2510513,931123
ERR2510513,1759252
ERR2510513,3273107
FS002-67,62657
FS002-67,514245
FS002-67,1759252
FS002-67,1850119
ERR4813749,62657
ERR4813749,891756
ERR4813749,1759252
ERR4831732,497491
ERR4831732,797736
ERR4831732,931123
ERR4831732,1759252
ERR4831732,2505085
ERR4830710,62657
ERR4830710,107794
ERR4830710,891756
ERR4830710,1759252
Peru4111,62657
Peru4111,514245
Peru4111,1759252
ERR4796593,931123
ERR4796593,1759252
ERR4796593,3273107
ERR4796593,3722702
KOR-K2016-0179,497491
KOR-K2016-0179,797736
KOR-K2016-0179,931123
KOR-K2016-0179,1759252
KOR-K2016-0179,2505085
ERR4812483,62657
ERR4812483,107794
ERR4812483,891756
ERR4812483,1759252
ERR2510706,1759252
ERR2510706,3836739
JPN-R2014-0106,497491
JPN-R2014-0106,931123
JPN-R2014-0106,1759252
JPN-R2014-0106,1881090
ERR4797589,615938
ERR4797589,931123
ERR4797589,1759252
ERR4797589,2622402
ERR4797589,4404247
ERR4822397,497491
ERR4822397,797736
ERR4822397,931123
ERR4822397,1759252
ERR4822397,2505085
ERR4828158,615938
ERR4828158,931123
ERR4828158,1759252
ERR4828158,3021283
ERR4828158,3216553
ERR4828158,4404247
ERR2510517,931123
ERR2510517,1759252
ERR2510517,3273107
TRL0114661,62657
TRL0114661,514245
TRL0114661,1759252
TRL0114661,4229087
ERR4828503,62657
ERR4828503,107794
ERR4828503,891756
ERR4828503,1759252
ERR2184425,62657
ERR2184425,107794
ERR2184425,891756
ERR2184425,1759252
Peru4141,764995
Peru4141,1132368
Peru4141,1759252
Peru4141,3977226
ERR4797123,62657
ERR4797123,107794
ERR4797123,891756
ERR4797123,1759252
Peru3321,764995
Peru3321,1759252
Peru3321,4316114
JPN-R2012-0019,497491
JPN-R2012-0019,797736
JPN-R2012-0019,931123
JPN-R2012-0019,1759252
JPN-R2012-0019,2505085
ERR4810813,497491
ERR4810813,797736
ERR4810813,931123
ERR4810813,1759252
ERR4810813,2505085
TRL0069553,1759252
TRL0069553,3836739
ERR4797003,497491
ERR4797003,797736
ERR4797003,931123
ERR4797003,1759252
ERR4797003,2505085
ERR3287749,403364
ERR3287749,764995
ERR3287749,1759252
ERR4796509,497491
ERR4796509,797736
ERR4796509,931123
ERR4796509,1759252
ERR4796509,2505085
ERR4809075,346693
ERR4809075,497491
ERR4809075,931123
ERR4809075,1759252
ERR4809075,2505085
Peru3969,1759252
Peru3969,3836739
ERR4808974,615938
ERR4808974,931123
ERR4808974,1759252
ERR4808974,3470377
ERR2184482,62657
ERR2184482,107794
ERR2184482,891756
ERR2184482,1759252
ERR4811905,497491
ERR4811905,797736
ERR4811905,931123
ERR4811905,1759252
ERR4811905,2505085
ERR4812927,62657
ERR4812927,107794
ERR4812927,891756
ERR4812927,1759252
ERR5918046,62657
ERR5918046,514245
ERR5918046,1759252
ERR5918046,4229087
SAMN02398694,346693
SAMN02398694,497491
SAMN02398694,931123
SAMN02398694,1759252
SAMN02398694,2505085
TRL0080690,497491
TRL0080690,797736
TRL0080690,931123
TRL0080690,1759252
TRL0080690,2505085
ERR4828309,497491
ERR4828309,797736
ERR4828309,931123
ERR4828309,1759252
ERR4828309,2505085
IDR1500054145,615938
IDR1500054145,931123
IDR1500054145,1759252
IDR1500054145,3470377
ERR4830128,497491
ERR4830128,797736
ERR4830128,931123
ERR4830128,1759252
ERR4830128,2505085
M0001645-2,62657
M0001645-2,107794
M0001645-2,891756
M0001645-2,1759252
ERR4809017,346693
ERR4809017,497491
ERR4809017,931123
ERR4809017,1759252
ERR4809017,2505085
ERR4812500,62657
ERR4812500,107794
ERR4812500,891756
ERR4812500,1759252
ERR4812014,62657
ERR4812014,107794
ERR4812014,891756
ERR4812014,1759252
ERR4812380,62657
ERR4812380,107794
ERR4812380,891756
ERR4812380,1759252
ERR4828287,497491
ERR4828287,797736
ERR4828287,931123
ERR4828287,1759252
ERR4828287,2505085
ERR5918004,346693
ERR5918004,497491
ERR5918004,931123
ERR5918004,1759252
ERR5918004,2505085
MNG-S2014-0050,497491
MNG-S2014-0050,797736
MNG-S2014-0050,931123
MNG-S2014-0050,1759252
MNG-S2014-0050,2505085
ERR4813979,764995
ERR4813979,1759252
ERR4813979,3977226
ERR4813979,4398141
ERR4822487,497491
ERR4822487,797736
ERR4822487,931123
ERR4822487,1759252
ERR4822487,2505085
TDR175S133L002,615938
TDR175S133L002,931123
TDR175S133L002,1759252
TDR175S133L002,3479545
IDR1600031212,497491
IDR1600031212,797736
IDR1600031212,931123
IDR1600031212,1759252
IDR1600031212,2505085
ERR4797769,931123
ERR4797769,1237818
ERR4797769,1759252
ERR4797769,3273107
ERR4797769,3722702
NLA000017848,403364
NLA000017848,764995
NLA000017848,1759252
IDR1800015140,1759252
IDR1800015140,4246508
IDR1800015140,4307886
C286,497491
C286,797736
C286,931123
C286,1759252
C286,2505085
ERR4830118,497491
ERR4830118,797736
ERR4830118,931123
ERR4830118,1759252
ERR4830118,2505085
ERR4812412,403364
ERR4812412,764995
ERR4812412,1759252
ERR4811902,62657
ERR4811902,107794
ERR4811902,891756
ERR4811902,1759252
ERR4810755,1719757
ERR4810755,1759252
Peru4950,1759252
Peru4950,3836739
ERR4808863,497491
ERR4808863,797736
ERR4808863,931123
ERR4808863,1759252
ERR4808863,2505085
ERR4828454,497491
ERR4828454,797736
ERR4828454,931123
ERR4828454,1759252
ERR4828454,2505085
ERR4811910,764995
ERR4811910,1132368
ERR4811910,1759252
ERR4811910,3977226
ERR4810688,497491
ERR4810688,797736
ERR4810688,931123
ERR4810688,1759252
ERR4810688,2505085
02R0890,62657
02R0890,514245
02R0890,1759252
02R0890,4229087
ERR4829090,62657
ERR4829090,107794
ERR4829090,891756
ERR4829090,1759252
ERR3287390,1759252
ERR4829738,62657
ERR4829738,107794
ERR4829738,891756
ERR4829738,1759252
ERR3287754,764995
ERR3287754,1759252
ERR3287754,3977226
ERR3287754,4398141
ERR4831179,931123
ERR4831179,1759252
ERR4831179,3273107
02R1457,403364
02R1457,764995
02R1457,1759252
ERR4797527,497491
ERR4797527,797736
ERR4797527,931123
ERR4797527,1759252
ERR4797527,2505085
ERR4797527,4248115
ERR2184256,497491
ERR2184256,797736
ERR2184256,931123
ERR2184256,1759252
ERR2184256,2505085
ERR4822503,62657
ERR4822503,107794
ERR4822503,891756
ERR4822503,1759252
ERR4813454,62657
ERR4813454,514245
ERR4813454,1759252
Peru4970,403364
Peru4970,764995
Peru4970,1759252
ERR4810532,497491
ERR4810532,797736
ERR4810532,931123
ERR4810532,1759252
ERR4810532,2505085
ERR4811494,1487796
ERR4811494,1759252
ERR4811494,2411730
ERR4796879,497491
ERR4796879,797736
ERR4796879,931123
ERR4796879,1759252
ERR4796879,2505085
KOR-K2016-0124,1759252
KOR-K2016-0124,3836739
ERR4828917,497491
ERR4828917,797736
ERR4828917,931123
ERR4828917,1759252
ERR4828917,2505085
ERR5917707,497491
ERR5917707,797736
ERR5917707,931123
ERR5917707,1759252
ERR5917707,2505085
C245,497491
C245,797736
C245,931123
C245,1759252
C245,2505085
ERR4829979,1759252
ERR4829979,2875883
ERR4829979,3466426
ERR4829979,4125058
ERR4822627,62657
ERR4822627,107794
ERR4822627,891756
ERR4822627,1759252
ERR4831084,615938
ERR4831084,931123
ERR4831084,1759252
ERR4831084,3470377
ERR4811640,497491
ERR4811640,797736
ERR4811640,931123
ERR4811640,1759252
ERR4811640,2505085
ERR4828721,497491
ERR4828721,797736
ERR4828721,931123
ERR4828721,1759252
ERR4828721,2505085
ERR4796780,497491
ERR4796780,797736
ERR4796780,931123
ERR4796780,1759252
ERR4796780,2505085
ERR4829967,931123
ERR4829967,1759252
ERR4829967,3273107
Peru4998,497491
Peru4998,797736
Peru4998,931123
Peru4998,1759252
Peru4998,2505085
ERR4822341,62657
ERR4822341,514245
ERR4822341,1759252
ERR4822341,4229087
ERR4811110,497491
ERR4811110,797736
ERR4811110,931123
ERR4811110,1759252
ERR4811110,2505085
ERR3287772,62657
ERR3287772,107794
ERR3287772,891756
ERR3287772,1759252
ERR5917995,346693
ERR5917995,497491
ERR5917995,931123
ERR5917995,1759252
ERR5917995,2505085
ERR4828174,615938
ERR4828174,931123
ERR4828174,1759252
ERR4828174,3021283
ERR4828174,3216553
ERR4828174,4404247
MNG-S2014-0195,497491
MNG-S2014-0195,797736
MNG-S2014-0195,931123
MNG-S2014-0195,1759252
MNG-S2014-0195,2505085
ERR4810644,1759252
ERR4810644,4246508
ERR4810644,4307886
ERR4813042,497491
ERR4813042,797736
ERR4813042,931123
ERR4813042,1759252
ERR4813042,2505085
ERR4828890,355181
ERR4828890,1759252
ERR4828890,4151558
ERR4828890,4307886
ERR4813082,403364
ERR4813082,764995
ERR4813082,1759252
ERR4830898,497491
ERR4830898,797736
ERR4830898,931123
ERR4830898,1759252
ERR4830898,2505085
KOR-K2016-0212,497491
KOR-K2016-0212,797736
KOR-K2016-0212,931123
KOR-K2016-0212,1759252
KOR-K2016-0212,2505085
ERR4798159,1759252
ERR4798159,3466426
ERR4798159,4125058
1768,931123
1768,1759252
1768,3273107
ERR4811699,403364
ERR4811699,764995
ERR4811699,1759252
ERR4796500,931123
ERR4796500,1759252
ERR4796500,3273107
ERR4797090,497491
ERR4797090,797736
ERR4797090,931123
ERR4797090,1759252
ERR4797090,2505085
ERR4796962,931123
ERR4796962,1759252
ERR4796962,3273107
ERR4812693,62657
ERR4812693,107794
ERR4812693,891756
ERR4812693,1759252
ERR4797553,497491
ERR4797553,797736
ERR4797553,931123
ERR4797553,1759252
ERR4797553,2505085
ERR4808915,764995
ERR4808915,1759252
ERR4808915,3388166
ERR4808915,4316114
NLA000200442,497491
NLA000200442,797736
NLA000200442,931123
NLA000200442,1759252
NLA000200442,2505085
ERR4831995,497491
ERR4831995,797736
ERR4831995,931123
ERR4831995,1759252
ERR4831995,2505085
ERR2510690,497491
ERR2510690,797736
ERR2510690,931123
ERR2510690,1759252
ERR2510690,2505085
IDR1900045557,1487796
IDR1900045557,1759252
IDR1900045557,2411730
C147,497491
C147,797736
C147,931123
C147,1759252
C147,2505085
ERR4822430,615938
ERR4822430,931123
ERR4822430,1759252
ERR4822430,3021283
ERR4822430,3216553
ERR4822430,4404247
ERR4813763,764995
ERR4813763,1759252
ERR4813763,3977226
ERR4813763,4398141
ERR2184461,403364
ERR2184461,764995
ERR2184461,1759252
ERR4797323,497491
ERR4797323,797736
ERR4797323,931123
ERR4797323,1759252
ERR4797323,2505085
ERR4811392,62657
ERR4811392,1759252
ERR5918110,497491
ERR5918110,797736
ERR5918110,931123
ERR5918110,1759252
ERR5918110,2505085
IDR1800045536,403364
IDR1800045536,764995
IDR1800045536,1759252
Peru3333,403364
Peru3333,764995
Peru3333,1759252
ERR4812109,497491
ERR4812109,797736
ERR4812109,931123
ERR4812109,1759252
ERR4812109,2505085
ERR4796666,1487796
ERR4796666,1759252
ERR4796666,2411730
03R1338,1759252
ERR3287823,403364
ERR3287823,764995
ERR3287823,1759252
ERR4813398,497491
ERR4813398,797736
ERR4813398,931123
ERR4813398,1759252
ERR4813398,2505085
ERR2184269,764995
ERR2184269,1759252
ERR2184269,4316114
ERR4809049,62657
ERR4809049,891756
ERR4809049,1759252
C010,346693
C010,497491
C010,931123
C010,1759252
C010,2505085
ERR4830788,931123
ERR4830788,1084911
ERR4830788,1759252
ERR4830788,3273107
ERR4810706,497491
ERR4810706,797736
ERR4810706,931123
ERR4810706,1759252
ERR4810706,2505085
ERR4829789,1759252
ERR4829789,3836739
ERR4830583,497491
ERR4830583,797736
ERR4830583,931123
ERR4830583,1759252
ERR4830583,2505085
ERR4796408,497491
ERR4796408,797736
ERR4796408,931123
ERR4796408,1759252
ERR4796408,2505085
SAMEA3558127,1759252
ERR4832030,1719757
ERR4832030,1759252
ERR4831264,62657
ERR4831264,107794
ERR4831264,891756
ERR4831264,1759252
ERR4828728,497491
ERR4828728,797736
ERR4828728,931123
ERR4828728,1759252
ERR4828728,2505085
ERR2184219,403364
ERR2184219,764995
ERR2184219,1759252
Peru3012,403364
Peru3012,764995
Peru3012,1759252
ERR2510576,931123
ERR2510576,1759252
ERR2510576,3273107
ERR2184602,1759252
ERR2184602,3836739
ERR4797160,497491
ERR4797160,797736
ERR4797160,931123
ERR4797160,1759252
ERR4797160,2505085
ERR4822557,403364
ERR4822557,764995
ERR4822557,1759252
ERR4810943,497491
ERR4810943,797736
ERR4810943,931123
ERR4810943,1759252
ERR4810943,2505085
C302,355181
C302,1759252
C302,4151558
C302,4307886
C257,497491
C257,797736
C257,931123
C257,1759252
C257,2505085
JPN-R2012-0085,497491
JPN-R2012-0085,797736
JPN-R2012-0085,931123
JPN-R2012-0085,1759252
JPN-R2012-0085,2505085
ERR2510320,1759252
ERR2510320,3466426
ERR2510320,4125058
ERR4797371,615938
ERR4797371,931123
ERR4797371,1759252
ERR4797371,3479545
ERR4829854,1759252
ERR4829854,3836739
ERR4813815,62657
ERR4813815,107794
ERR4813815,891756
ERR4813815,1759252
GA017-53,403364
GA017-53,764995
GA017-53,1759252
JPN-R2014-0103,615938
JPN-R2014-0103,931123
JPN-R2014-0103,1759252
JPN-R2014-0103,3479545
ERR4828783,497491
ERR4828783,797736
ERR4828783,931123
ERR4828783,1759252
ERR4828783,2505085
ERR4797059,62657
ERR4797059,891756
ERR4797059,1759252
ERR2184275,403364
ERR2184275,764995
ERR2184275,1759252
ERR4797243,497491
ERR4797243,797736
ERR4797243,931123
ERR4797243,1759252
ERR4797243,2505085
ERR4796980,931123
ERR4796980,1237818
ERR4796980,1759252
ERR4796980,3273107
ERR4796980,3722702
ERR4810569,1719757
ERR4810569,1759252
SAMEA3558172,1759252
ERR4809202,62657
ERR4809202,514245
ERR4809202,1759252
ERR4809202,4229087
Peru3421,764995
Peru3421,1759252
Peru3421,3977226
Peru3421,4398141
Peru4038,62657
Peru4038,107794
Peru4038,891756
Peru4038,1759252
TRL0105138,497491
TRL0105138,797736
TRL0105138,931123
TRL0105138,1759252
TRL0105138,2505085
22480,615938
22480,931123
22480,1759252
22480,3470377
MNG-S2014-0005,497491
MNG-S2014-0005,797736
MNG-S2014-0005,931123
MNG-S2014-0005,1759252
MNG-S2014-0005,2505085
ERR2510476,931123
ERR2510476,1759252
ERR2510476,3273107
ERR4796975,355181
ERR4796975,1759252
ERR4796975,4151558
ERR4796975,4307886
ERR4830391,497491
ERR4830391,797736
ERR4830391,931123
ERR4830391,1759252
ERR4830391,2505085
ERR4796450,497491
ERR4796450,797736
ERR4796450,931123
ERR4796450,1759252
ERR4796450,2505085
ERR4810730,497491
ERR4810730,797736
ERR4810730,931123
ERR4810730,1759252
ERR4810730,2505085
TRL0113018,764995
TRL0113018,1759252
TRL0113018,4316114
ERR4796583,615938
ERR4796583,931123
ERR4796583,1759252
ERR4796583,3470377
ERR4811019,497491
ERR4811019,797736
ERR4811019,931123
ERR4811019,1759252
ERR4811019,2505085
TDR44S148L002,497491
TDR44S148L002,797736
TDR44S148L002,931123
TDR44S148L002,1759252
TDR44S148L002,2505085
SAMEA3558229,615938
SAMEA3558229,931123
SAMEA3558229,1759252
SAMEA3558229,2622402
SAMEA3558229,4404247
ERR2184490,497491
ERR2184490,797736
ERR2184490,931123
ERR2184490,1759252
ERR2184490,2505085
ERR4813764,764995
ERR4813764,1132368
ERR4813764,1759252
ERR4813764,3977226
1810,764995
1810,1759252
1810,3977226
1810,4398141
Peru4693,403364
Peru4693,764995
Peru4693,1759252
ERR4813773,62657
ERR4813773,107794
ERR4813773,891756
ERR4813773,1759252
ERR4810994,497491
ERR4810994,797736
ERR4810994,931123
ERR4810994,1759252
ERR4810994,2505085
ERR2510280,931123
ERR2510280,1759252
ERR2510280,3273107
ERR4811964,62657
ERR4811964,107794
ERR4811964,891756
ERR4811964,1759252
ERR4813932,764995
ERR4813932,1759252
ERR4813932,3977226
ERR4813932,4398141
NLA009702211,403364
NLA009702211,764995
NLA009702211,1759252
ERR2184277,62657
ERR2184277,107794
ERR2184277,891756
ERR2184277,1759252
ERR4830123,497491
ERR4830123,797736
ERR4830123,931123
ERR4830123,1759252
ERR4830123,2505085
TRL0113626,615938
TRL0113626,931123
TRL0113626,1759252
TRL0113626,3470377
Peru3013,403364
Peru3013,764995
Peru3013,1759252
ERR4831990,615938
ERR4831990,931123
ERR4831990,1759252
ERR4831990,3021283
ERR4831990,3216553
ERR4831990,4404247
ERR4828760,497491
ERR4828760,797736
ERR4828760,931123
ERR4828760,1759252
ERR4828760,2505085
ERR4828760,4248115
ERR4822300,931123
ERR4822300,1759252
ERR4822300,3273107
IDR1900010785,497491
IDR1900010785,797736
IDR1900010785,931123
IDR1900010785,1759252
IDR1900010785,2505085
JPN-R2012-0017,497491
JPN-R2012-0017,797736
JPN-R2012-0017,931123
JPN-R2012-0017,1759252
JPN-R2012-0017,2505085
ERR4810467,497491
ERR4810467,797736
ERR4810467,931123
ERR4810467,1759252
ERR4810467,2505085
ERR4813244,403364
ERR4813244,764995
ERR4813244,1759252
Peru4937,1759252
Peru4552,403364
Peru4552,764995
Peru4552,1759252
ERR4811627,1759252
ERR4811627,4246508
ERR4811627,4307886
02R1726,62657
02R1726,107794
02R1726,891756
02R1726,1759252
27273,346693
27273,497491
27273,931123
27273,1759252
27273,2505085
ERR5917672,1759252
ERR5917672,3836739
ERR4830976,497491
ERR4830976,797736
ERR4830976,931123
ERR4830976,1759252
ERR4830976,2505085
JPN-R2012-0039,346693
JPN-R2012-0039,497491
JPN-R2012-0039,931123
JPN-R2012-0039,1759252
JPN-R2012-0039,2505085
TRL0113640,355181
TRL0113640,1759252
TRL0113640,4151558
TRL0113640,4307886
ERR4831368,764995
ERR4831368,1759252
ERR4831368,4316114
ERR4796782,615938
ERR4796782,931123
ERR4796782,1759252
ERR4796782,2622402
ERR4796782,4404247
KOR-K2016-0139,497491
KOR-K2016-0139,797736
KOR-K2016-0139,931123
KOR-K2016-0139,1759252
KOR-K2016-0139,2505085
NLA009501246,62657
NLA009501246,1759252
ERR2184354,764995
ERR2184354,1759252
ERR2184354,4316114
ERR3287607,764995
ERR3287607,1759252
ERR3287607,4316114
ERR4796900,931123
ERR4796900,1759252
ERR4796900,3273107
ERR4830708,403364
ERR4830708,764995
ERR4830708,1759252
ERR4828207,62657
ERR4828207,514245
ERR4828207,1759252
ERR4828207,4229087
ERR4822561,497491
ERR4822561,797736
ERR4822561,931123
ERR4822561,1759252
ERR4822561,2505085
KOR-K2016-0223,497491
KOR-K2016-0223,797736
KOR-K2016-0223,931123
KOR-K2016-0223,1759252
KOR-K2016-0223,2505085
ERR4797403,931123
ERR4797403,1759252
ERR4797403,3273107
ERR4812982,62657
ERR4812982,514245
ERR4812982,1759252
ERR4797442,403364
ERR4797442,764995
ERR4797442,1759252
ERR4831459,615938
ERR4831459,931123
ERR4831459,1759252
ERR4831459,3470377
ERR4828895,1759252
ERR4828895,3836739
KOR-K2016-0048,346693
KOR-K2016-0048,497491
KOR-K2016-0048,931123
KOR-K2016-0048,1759252
KOR-K2016-0048,2505085
ERR5917701,403364
ERR5917701,764995
ERR5917701,1759252
ERR4830370,497491
ERR4830370,797736
ERR4830370,931123
ERR4830370,1759252
ERR4830370,2505085
ERR4812215,497491
ERR4812215,797736
ERR4812215,931123
ERR4812215,1759252
ERR4812215,2505085
Peru4478,403364
Peru4478,764995
Peru4478,1759252
ERR4812792,764995
ERR4812792,1759252
ERR4812792,4316114
Peru3985,403364
Peru3985,764995
Peru3985,1759252
Peru3987,764995
Peru3987,1759252
Peru3987,3977226
Peru3987,4398141
ERR4811523,1759252
ERR4811523,4246508
ERR4811523,4307886
C273,497491
C273,797736
C273,931123
C273,1759252
C273,2505085
C273,4248115
Peru4045,62657
Peru4045,107794
Peru4045,891756
Peru4045,1759252
ERR3287445,1759252
ERR4831943,497491
ERR4831943,931123
ERR4831943,1759252
ERR4831943,1881090
ERR4810691,497491
ERR4810691,797736
ERR4810691,931123
ERR4810691,1759252
ERR4810691,2505085
Peru4496,403364
Peru4496,764995
Peru4496,1759252
ERR4822522,931123
ERR4822522,1759252
ERR4822522,3273107
ERR4822522,3722702
ERR4810966,497491
ERR4810966,797736
ERR4810966,931123
ERR4810966,1759252
ERR4810966,2505085
ERR4828876,615938
ERR4828876,931123
ERR4828876,1491275
ERR4828876,1759252
ERR4828876,4404247
ERR4831489,1719757
ERR4831489,1759252
TDR125S105L002,62657
TDR125S105L002,107794
TDR125S105L002,891756
TDR125S105L002,1759252
ERR4796302,615938
ERR4796302,931123
ERR4796302,1759252
ERR4796302,2622402
ERR4796302,4404247
ERR4830447,615938
ERR4830447,931123
ERR4830447,1759252
ERR4830447,3021283
ERR4830447,3216553
ERR4830447,4404247
ERR3287462,764995
ERR3287462,1132368
ERR3287462,1759252
ERR3287462,3977226
ERR4810772,1719757
ERR4810772,1759252
Peru3253,764995
Peru3253,1132368
Peru3253,1759252
Peru3253,3977226
ERR4796597,497491
ERR4796597,797736
ERR4796597,931123
ERR4796597,1759252
ERR4796597,2505085
ERR4796597,4248115
EC559-335,403364
EC559-335,764995
EC559-335,1759252
ERR4829599,497491
ERR4829599,797736
ERR4829599,931123
ERR4829599,1759252
ERR4829599,2505085
ERR2184252,62657
ERR2184252,107794
ERR2184252,891756
ERR2184252,1759252
ERR4822339,497491
ERR4822339,797736
ERR4822339,931123
ERR4822339,1759252
ERR4822339,2505085
Peru4671,1759252
IDR1800021869,1759252
IDR1800021869,3836739
ERR4830278,497491
ERR4830278,797736
ERR4830278,931123
ERR4830278,1759252
ERR4830278,2505085
ERR4812464,355181
ERR4812464,1759252
ERR4812464,4151558
ERR4812464,4307886
ERR3287722,1759252
ERR3287722,4151558
ERR3287722,4307886
ERR5918147,355181
ERR5918147,1759252
ERR5918147,4151558
ERR5918147,4307886
ERR3287330,1759252
ERR3287330,3836739
M0009138-0,62657
M0009138-0,107794
M0009138-0,891756
M0009138-0,1759252
ERR4822394,497491
ERR4822394,797736
ERR4822394,931123
ERR4822394,1759252
ERR4822394,2505085
ERR4829001,783601
ERR4829001,1759252
ERR4829001,2411730
ERR4796958,615938
ERR4796958,931123
ERR4796958,1491275
ERR4796958,1759252
ERR4796958,4404247
ERR4812911,497491
ERR4812911,797736
ERR4812911,931123
ERR4812911,1759252
ERR4812911,2505085
ERR2510520,1487796
ERR2510520,1759252
ERR2510520,2411730
ERR4828689,615938
ERR4828689,931123
ERR4828689,1759252
ERR4828689,3470377
ERR5917764,403364
ERR5917764,764995
ERR5917764,1759252
ERR3287650,403364
ERR3287650,764995
ERR3287650,1759252
ERR4810981,497491
ERR4810981,797736
ERR4810981,931123
ERR4810981,1759252
ERR4810981,2505085
ERR4828904,62657
ERR4828904,107794
ERR4828904,891756
ERR4828904,1759252
ERR4832019,497491
ERR4832019,797736
ERR4832019,931123
ERR4832019,1759252
ERR4832019,2505085
Peru5007,497491
Peru5007,797736
Peru5007,931123
Peru5007,1759252
Peru5007,2505085
ERR4831181,497491
ERR4831181,797736
ERR4831181,931123
ERR4831181,1759252
ERR4831181,2505085
ERR4830363,497491
ERR4830363,931123
ERR4830363,1759252
ERR4830363,1881090
ERR4830894,497491
ERR4830894,797736
ERR4830894,931123
ERR4830894,1759252
ERR4830894,2505085
ERR2184556,62657
ERR2184556,107794
ERR2184556,891756
ERR2184556,1759252
ERR4811417,1759252
ERR4811417,2875883
ERR4811417,3466426
ERR4811417,4125058
ERR4828431,615938
ERR4828431,931123
ERR4828431,1759252
ERR4828431,3021283
ERR4828431,3216553
ERR4828431,4404247
ERR4797432,497491
ERR4797432,797736
ERR4797432,931123
ERR4797432,1759252
ERR4797432,2505085
ERR3287878,62657
ERR3287878,107794
ERR3287878,891756
ERR3287878,1759252
ERR4809193,1759252
ERR4809193,3836739
ERR4830367,615938
ERR4830367,931123
ERR4830367,1759252
ERR4830367,3021283
ERR4830367,3216553
ERR4830367,4404247
ERR4810954,497491
ERR4810954,797736
ERR4810954,931123
ERR4810954,1759252
ERR4810954,2505085
ERR4813241,62657
ERR4813241,107794
ERR4813241,891756
ERR4813241,1759252
ERR4797247,615938
ERR4797247,931123
ERR4797247,1759252
ERR4797247,3470377
ERR4813284,403364
ERR4813284,764995
ERR4813284,1759252
KOR-K2016-0089,346693
KOR-K2016-0089,497491
KOR-K2016-0089,931123
KOR-K2016-0089,1759252
KOR-K2016-0089,2505085
NLA000801697,62657
NLA000801697,107794
NLA000801697,891756
NLA000801697,1759252
ERR4810790,497491
ERR4810790,797736
ERR4810790,931123
ERR4810790,1759252
ERR4810790,2505085
ERR4796818,497491
ERR4796818,797736
ERR4796818,931123
ERR4796818,1759252
ERR4796818,2505085
ERR4830059,1759252
ERR4830059,3836739
AFB0900001175,497491
AFB0900001175,797736
AFB0900001175,931123
AFB0900001175,1759252
AFB0900001175,2505085
ERR4796413,497491
ERR4796413,797736
ERR4796413,931123
ERR4796413,1759252
ERR4796413,2505085
KOR-K2016-0021,346693
KOR-K2016-0021,497491
KOR-K2016-0021,931123
KOR-K2016-0021,1759252
KOR-K2016-0021,2505085
ERR4796426,615938
ERR4796426,931123
ERR4796426,1491275
ERR4796426,1759252
ERR4796426,4404247
MNG-S2014-0158,497491
MNG-S2014-0158,797736
MNG-S2014-0158,931123
MNG-S2014-0158,1759252
MNG-S2014-0158,2505085
ERR4795887,1759252
ERR4795887,3836739
ERR4822382,497491
ERR4822382,797736
ERR4822382,931123
ERR4822382,1759252
ERR4822382,2505085
TRL0113616,346693
TRL0113616,497491
TRL0113616,931123
TRL0113616,1759252
TRL0113616,2505085
ERR4831866,497491
ERR4831866,797736
ERR4831866,931123
ERR4831866,1759252
ERR4831866,2505085
ERR4830737,355181
ERR4830737,1759252
ERR4830737,4151558
ERR4830737,4307886
ERR4797308,615938
ERR4797308,931123
ERR4797308,1759252
ERR4797308,2622402
ERR4797308,4404247
SAMEA3558154,764995
SAMEA3558154,1759252
SAMEA3558154,3977226
SAMEA3558154,4398141
ERR4830024,1719757
ERR4830024,1759252
ERR4822302,497491
ERR4822302,797736
ERR4822302,931123
ERR4822302,1759252
ERR4822302,2505085
ERR4813779,497491
ERR4813779,797736
ERR4813779,931123
ERR4813779,1759252
ERR4813779,2505085
ERR4831931,497491
ERR4831931,797736
ERR4831931,931123
ERR4831931,1759252
ERR4831931,2505085
Peru4307,497491
Peru4307,797736
Peru4307,931123
Peru4307,1759252
Peru4307,2505085
Peru4307,4248115
ERR4813391,62657
ERR4813391,514245
ERR4813391,1759252
ERR4832003,497491
ERR4832003,797736
ERR4832003,931123
ERR4832003,1759252
ERR4832003,2505085
ERR4810622,497491
ERR4810622,797736
ERR4810622,931123
ERR4810622,1759252
ERR4810622,2505085
JPN-R2012-0029,497491
JPN-R2012-0029,931123
JPN-R2012-0029,1759252
ERR3287476,497491
ERR3287476,797736
ERR3287476,931123
ERR3287476,1759252
ERR3287476,2505085
ERR4812378,403364
ERR4812378,764995
ERR4812378,1759252
TDR47S171L002,1759252
TDR47S171L002,3836739
ERR4797427,1759252
ERR4797427,3836739
ERR4810715,1719757
ERR4810715,1759252
ERR4828547,497491
ERR4828547,931123
ERR4828547,1759252
ERR4828547,1881090
ERR4810638,1759252
ERR4810638,4246508
ERR4810638,4307886
ERR4829385,1487796
ERR4829385,1759252
ERR4829385,2411730
SAMN02364077,1719757
SAMN02364077,1759252
ERR3287486,62657
ERR3287486,107794
ERR3287486,891756
ERR3287486,1759252
ERR4831301,1487796
ERR4831301,1759252
ERR4831301,2411730
ERR4830949,497491
ERR4830949,797736
ERR4830949,931123
ERR4830949,1759252
ERR4830949,2505085
14-002-0036,497491
14-002-0036,797736
14-002-0036,931123
14-002-0036,1759252
14-002-0036,2505085
ERR4830777,62657
ERR4830777,107794
ERR4830777,891756
ERR4830777,1759252
ERR4830659,497491
ERR4830659,797736
ERR4830659,931123
ERR4830659,1759252
ERR4830659,2505085
ERR4808971,403364
ERR4808971,764995
ERR4808971,1759252
ERR4797138,931123
ERR4797138,1759252
ERR4797138,3273107
ERR4830733,62657
ERR4830733,107794
ERR4830733,891756
ERR4830733,1759252
Peru4073,764995
Peru4073,1759252
Peru4073,4316114
ERR2510293,497491
ERR2510293,797736
ERR2510293,931123
ERR2510293,1759252
ERR2510293,2505085
ERR2510293,3836274
ERR5918095,764995
ERR5918095,1759252
ERR5918095,3388166
ERR5918095,4316114
ERR4812446,62657
ERR4812446,107794
ERR4812446,891756
ERR4812446,1759252
ERR4830422,615938
ERR4830422,931123
ERR4830422,1759252
ERR4830422,3021283
ERR4830422,3216553
ERR4830422,4404247
ERR2184512,403364
ERR2184512,764995
ERR2184512,1759252
TRL0079859,497491
TRL0079859,797736
TRL0079859,931123
TRL0079859,1759252
TRL0079859,2505085
TRL0079859,4248115
ERR2510841,497491
ERR2510841,797736
ERR2510841,931123
ERR2510841,1759252
ERR2510841,2505085
ERR4829977,931123
ERR4829977,1759252
ERR4829977,3273107
ERR2184582,403364
ERR2184582,764995
ERR2184582,1759252
C421,764995
C421,1759252
C421,3388166
C421,4316114
ERR4831369,931123
ERR4831369,1759252
ERR4831369,3273107
ERR3287463,403364
ERR3287463,764995
ERR3287463,1759252
M0009212-3,62657
M0009212-3,107794
M0009212-3,891756
M0009212-3,1759252
ERR3287829,1759252
ERR3287829,3836739
ERR2510288,931123
ERR2510288,1759252
ERR2510288,3273107
ERR4828278,497491
ERR4828278,797736
ERR4828278,931123
ERR4828278,1759252
ERR4828278,2505085
ERR4828278,4248115
ERR4822434,931123
ERR4822434,1759252
ERR4822434,3273107
ERR4814050,62657
ERR4814050,107794
ERR4814050,891756
ERR4814050,1759252
Peru4539,764995
Peru4539,1132368
Peru4539,1759252
Peru4539,3977226
ERR3287832,403364
ERR3287832,764995
ERR3287832,1759252
ERR4797433,615938
ERR4797433,931123
ERR4797433,1491275
ERR4797433,1759252
ERR4797433,4404247
ERR4811085,497491
ERR4811085,797736
ERR4811085,931123
ERR4811085,1759252
ERR4811085,2505085
ERR4831982,497491
ERR4831982,797736
ERR4831982,931123
ERR4831982,1759252
ERR4831982,2505085
ERR3287858,62657
ERR3287858,107794
ERR3287858,891756
ERR3287858,1759252
ERR4830625,497491
ERR4830625,797736
ERR4830625,931123
ERR4830625,1759252
ERR4830625,2505085
ERR4831608,497491
ERR4831608,797736
ERR4831608,931123
ERR4831608,1759252
ERR4831608,2505085
ERR3287784,497491
ERR3287784,797736
ERR3287784,931123
ERR3287784,1759252
ERR3287784,2505085
ERR4797413,497491
ERR4797413,797736
ERR4797413,931123
ERR4797413,1759252
ERR4797413,2505085
ERR4797413,4248115
ERR4811602,1759252
ERR4811602,4246508
ERR4811602,4307886
ERR3287383,62657
ERR3287383,514245
ERR3287383,1759252
ERR3287383,4229087
ERR4831333,355181
ERR4831333,1759252
ERR4831333,4151558
ERR4831333,4307886
TDR95S190L002,62657
TDR95S190L002,107794
TDR95S190L002,891756
TDR95S190L002,1759252
ERR2510842,1455780
ERR2510842,1487796
ERR2510842,1759252
ERR2510842,2411730
ERR2510310,931123
ERR2510310,1237818
ERR2510310,1759252
ERR2510310,3273107
ERR2510310,3722702
ERR4828450,615938
ERR4828450,931123
ERR4828450,1759252
ERR4828450,3021283
ERR4828450,3216553
ERR4828450,4404247
Peru4975,62657
Peru4975,514245
Peru4975,1759252
Peru5106,403364
Peru5106,764995
Peru5106,1759252
ERR4822604,497491
ERR4822604,797736
ERR4822604,931123
ERR4822604,1759252
ERR4822604,2505085
ERR4830901,497491
ERR4830901,797736
ERR4830901,931123
ERR4830901,1759252
ERR4830901,2505085
ERR4812565,764995
ERR4812565,1759252
ERR4812565,4316114
SAMN02360599,346693
SAMN02360599,497491
SAMN02360599,931123
SAMN02360599,1759252
SAMN02360599,2505085
ERR4811454,931123
ERR4811454,1759252
ERR4811454,3273107
Peru4935,403364
Peru4935,764995
Peru4935,1759252
ERR5917669,403364
ERR5917669,764995
ERR5917669,1759252
ERR4797081,497491
ERR4797081,797736
ERR4797081,931123
ERR4797081,1759252
ERR4797081,2505085
SAMN02360610,346693
SAMN02360610,497491
SAMN02360610,931123
SAMN02360610,1759252
SAMN02360610,2505085
ERR4810988,497491
ERR4810988,797736
ERR4810988,931123
ERR4810988,1759252
ERR4810988,2505085
ERR4811240,497491
ERR4811240,797736
ERR4811240,931123
ERR4811240,1759252
ERR4811240,2505085
ERR4797655,1759252
ERR4797655,3836739
Peru3061,403364
Peru3061,764995
Peru3061,1759252
Peru5449,764995
Peru5449,1759252
Peru5449,3977226
Peru5449,4398141
ERR5917729,783601
ERR5917729,1759252
ERR5917729,2411730
ERR4797386,615938
ERR4797386,931123
ERR4797386,1759252
ERR4797386,2622402
ERR4797386,4404247
FS034-84,62657
FS034-84,514245
FS034-84,1759252
FS034-84,4229087
ERR4822370,497491
ERR4822370,797736
ERR4822370,931123
ERR4822370,1759252
ERR4822370,2505085
ERR4822370,4248115
ERR4831838,497491
ERR4831838,797736
ERR4831838,931123
ERR4831838,1759252
ERR4831838,2505085
ERR4831838,4248115
MNG-S2014-0049,497491
MNG-S2014-0049,797736
MNG-S2014-0049,931123
MNG-S2014-0049,1759252
MNG-S2014-0049,2505085
ERR4811901,764995
ERR4811901,1759252
ERR4811901,4316114
PL00048658,615938
PL00048658,931123
PL00048658,1759252
PL00048658,3470377
ERR4830818,931123
ERR4830818,1084911
ERR4830818,1759252
ERR4830818,3273107
ERR4796601,497491
ERR4796601,797736
ERR4796601,931123
ERR4796601,1759252
ERR4796601,2505085
ERR2510556,931123
ERR2510556,1759252
ERR2510556,3273107
M0003138-6,1759252
M0003138-6,3836739
Peru3363,403364
Peru3363,764995
Peru3363,1759252
ERR4812234,62657
ERR4812234,107794
ERR4812234,891756
ERR4812234,1759252
ERR4812009,62657
ERR4812009,514245
ERR4812009,1759252
IDR1700013349,62657
IDR1700013349,514245
IDR1700013349,1759252
IDR1700013349,1850119
ERR4829630,1759252
ERR4829630,3836739
ERR4831326,497491
ERR4831326,797736
ERR4831326,931123
ERR4831326,1759252
ERR4831326,2505085
ERR4830378,497491
ERR4830378,797736
ERR4830378,931123
ERR4830378,1759252
ERR4830378,2505085
ERR4830378,4248115
ERR4813040,764995
ERR4813040,1759252
ERR4829860,497491
ERR4829860,797736
ERR4829860,931123
ERR4829860,1759252
ERR4829860,2505085
ERR4797100,931123
ERR4797100,1759252
ERR4797100,3273107
ERR4831949,615938
ERR4831949,931123
ERR4831949,1759252
ERR4831949,3021283
ERR4831949,3216553
ERR4831949,4404247
ERR4796792,1487796
ERR4796792,1759252
ERR4796792,2411730
ERR2184245,1759252
ERR4829909,615938
ERR4829909,931123
ERR4829909,1759252
ERR4829909,3470377
ERR4831247,497491
ERR4831247,797736
ERR4831247,931123
ERR4831247,1759252
ERR4831247,2505085
21497,62657
21497,514245
21497,1759252
21497,4229087
ERR4831806,497491
ERR4831806,797736
ERR4831806,931123
ERR4831806,1759252
ERR4831806,2505085
02R1942,1759252
ERR4811465,497491
ERR4811465,797736
ERR4811465,931123
ERR4811465,1759252
ERR4811465,2505085
IDR1900023886,1487796
IDR1900023886,1759252
IDR1900023886,2411730
ERR3287410,355181
ERR3287410,1759252
ERR3287410,4151558
ERR3287410,4307886
ERR2510625,931123
ERR2510625,1759252
ERR2510625,3273107
ERR4811731,497491
ERR4811731,797736
ERR4811731,931123
ERR4811731,1759252
ERR4811731,2505085
ERR4828230,615938
ERR4828230,931123
ERR4828230,1759252
ERR4828230,3021283
ERR4828230,3216553
ERR4828230,4404247
M0011993-4,62657
M0011993-4,107794
M0011993-4,891756
M0011993-4,1759252
ERR4822462,764995
ERR4822462,1759252
ERR4822462,3977226
ERR4822462,4398141
JPN-R2012-0083,497491
JPN-R2012-0083,797736
JPN-R2012-0083,931123
JPN-R2012-0083,1759252
JPN-R2012-0083,2505085
ERR4831464,615938
ERR4831464,931123
ERR4831464,1759252
ERR4831464,2622402
ERR4831464,4404247
ERR4828824,62657
ERR4828824,107794
ERR4828824,891756
ERR4828824,1759252
ERR4822422,497491
ERR4822422,797736
ERR4822422,931123
ERR4822422,1759252
ERR4822422,2505085
ERR4808963,1759252
ERR4808963,3836739
ERR4813419,403364
ERR4813419,764995
ERR4813419,1759252
ERR4796990,497491
ERR4796990,797736
ERR4796990,931123
ERR4796990,1759252
ERR4796990,2505085
ERR4796990,4248115
ERR4808924,346693
ERR4808924,497491
ERR4808924,931123
ERR4808924,1759252
ERR4808924,2505085
ERR4829583,497491
ERR4829583,797736
ERR4829583,931123
ERR4829583,1759252
ERR4829583,2505085
FS348-470,62657
FS348-470,107794
FS348-470,891756
FS348-470,1759252
KOR-K2016-0065,1719757
KOR-K2016-0065,1759252
Peru5123,62657
Peru5123,107794
Peru5123,891756
Peru5123,1759252
ERR3287423,403364
ERR3287423,764995
ERR3287423,1759252
ERR4828222,497491
ERR4828222,797736
ERR4828222,931123
ERR4828222,1759252
ERR4828222,2505085
ERR4812967,497491
ERR4812967,797736
ERR4812967,931123
ERR4812967,1759252
ERR4812967,2505085
ERR4797052,615938
ERR4797052,931123
ERR4797052,1759252
ERR4797052,3470377
ERR4812238,62657
ERR4812238,1759252
MNG-S2014-0042,497491
MNG-S2014-0042,797736
MNG-S2014-0042,931123
MNG-S2014-0042,1759252
MNG-S2014-0042,2505085
Peru3300,764995
Peru3300,1759252
Peru3300,3977226
Peru3300,4398141
ERR4813814,764995
ERR4813814,1759252
ERR4813814,3977226
ERR4813814,4398141
Peru4572,62657
Peru4572,107794
Peru4572,891756
Peru4572,1759252
ERR4830429,346693
ERR4830429,497491
ERR4830429,931123
ERR4830429,1759252
ERR4830429,2505085
SAMN02398712,346693
SAMN02398712,497491
SAMN02398712,931123
SAMN02398712,1759252
SAMN02398712,2505085
ERR4831860,497491
ERR4831860,797736
ERR4831860,931123
ERR4831860,1759252
ERR4831860,2505085
ERR4831860,4248115
Peru4100,62657
Peru4100,107794
Peru4100,891756
Peru4100,1759252
ERR4811757,403364
ERR4811757,764995
ERR4811757,1759252
Peru2938,1759252
Peru2938,4151558
Peru2938,4307886
ERR4812772,1759252
ERR4797017,1487796
ERR4797017,1759252
ERR4797017,2411730
ERR4796865,615938
ERR4796865,931123
ERR4796865,1759252
ERR4796865,2622402
ERR4796865,4404247
ERR4813415,403364
ERR4813415,764995
ERR4813415,1759252
KOR-K2016-0197,1759252
KOR-K2016-0197,4246508
KOR-K2016-0197,4307886
ERR4796461,615938
ERR4796461,931123
ERR4796461,1491275
ERR4796461,1759252
ERR4796461,4404247
Peru4577,1759252
ERR4812144,403364
ERR4812144,764995
ERR4812144,1759252
ERR4812024,62657
ERR4812024,107794
ERR4812024,891756
ERR4812024,1759252
ERR4797111,497491
ERR4797111,797736
ERR4797111,931123
ERR4797111,1759252
ERR4797111,2505085
ERR3287325,62657
ERR3287325,514245
ERR3287325,1759252
ERR3287325,1850119
ERR2510497,931123
ERR2510497,1759252
ERR2510497,3273107
ERR4797443,931123
ERR4797443,1759252
ERR4797443,3273107
C424,403364
C424,764995
C424,1759252
Peru3033,403364
Peru3033,764995
Peru3033,1759252
ERR4829875,62657
ERR4829875,107794
ERR4829875,891756
ERR4829875,1759252
SAMEA3558195,1759252
ERR4830342,497491
ERR4830342,797736
ERR4830342,931123
ERR4830342,1759252
ERR4830342,2505085
ERR4810701,497491
ERR4810701,797736
ERR4810701,931123
ERR4810701,1759252
ERR4810701,2505085
ERR4809056,497491
ERR4809056,797736
ERR4809056,931123
ERR4809056,1759252
ERR4809056,2505085
ERR4812760,764995
ERR4812760,1759252
ERR4812760,4316114
ERR4814039,62657
ERR4814039,891756
ERR4814039,1759252
ERR4831923,497491
ERR4831923,797736
ERR4831923,931123
ERR4831923,1759252
ERR4831923,2505085
Peru4131,62657
Peru4131,107794
Peru4131,891756
Peru4131,1759252
ERR4797284,615938
ERR4797284,931123
ERR4797284,1759252
ERR4797284,2622402
ERR4797284,4404247
ERR4829042,62657
ERR4829042,107794
ERR4829042,891756
ERR4829042,1759252
ERR4808860,62657
ERR4808860,891756
ERR4808860,1759252
TRL0117085,497491
TRL0117085,797736
TRL0117085,931123
TRL0117085,1759252
TRL0117085,2505085
TRL0117085,4248115
KOR-K2016-0117,497491
KOR-K2016-0117,797736
KOR-K2016-0117,931123
KOR-K2016-0117,1759252
KOR-K2016-0117,2505085
ERR4831425,931123
ERR4831425,1759252
ERR4831425,3273107
ERR4797524,931123
ERR4797524,1759252
ERR4797524,3273107
ERR4796467,931123
ERR4796467,1759252
ERR4796467,3273107
Peru4598,764995
Peru4598,1759252
Peru4598,4316114
ERR4811579,1759252
ERR4811579,4246508
ERR4811579,4307886
ERR4808965,764995
ERR4808965,1759252
ERR4808965,3388166
ERR4808965,4316114
ERR3287679,403364
ERR3287679,764995
ERR3287679,1759252
KOR-K2016-0097,497491
KOR-K2016-0097,797736
KOR-K2016-0097,931123
KOR-K2016-0097,1759252
KOR-K2016-0097,2505085
SAMN02360616,346693
SAMN02360616,497491
SAMN02360616,931123
SAMN02360616,1759252
SAMN02360616,2505085
ERR4812461,764995
ERR4812461,1759252
ERR4812461,4316114
ERR4809062,355181
ERR4809062,1759252
ERR4809062,4151558
ERR4809062,4307886
ERR4796830,931123
ERR4796830,1759252
ERR4796830,3273107
JPN-R2012-0001,497491
JPN-R2012-0001,797736
JPN-R2012-0001,931123
JPN-R2012-0001,1759252
JPN-R2012-0001,2505085
ERR4809331,615938
ERR4809331,931123
ERR4809331,1759252
ERR4809331,3470377
ERR4812924,403364
ERR4812924,764995
ERR4812924,1759252
ERR4813948,764995
ERR4813948,1759252
ERR4813948,3977226
ERR4813948,4398141
ERR4810753,497491
ERR4810753,797736
ERR4810753,931123
ERR4810753,1759252
ERR4810753,2505085
ERR4796551,1759252
ERR4796551,3836739
ERR4809039,355181
ERR4809039,1759252
ERR4809039,4151558
ERR4809039,4307886
02R0360,62657
02R0360,107794
02R0360,891756
02R0360,1759252
ERR4830238,497491
ERR4830238,797736
ERR4830238,931123
ERR4830238,1759252
ERR4830238,2505085
TRL0115004,62657
TRL0115004,514245
TRL0115004,1759252
TRL0115004,4229087
ERR4813464,764995
ERR4813464,1132368
ERR4813464,1759252
ERR4813464,3977226
ERR4831396,62657
ERR4831396,891756
ERR4831396,1759252
ERR3287798,497491
ERR3287798,797736
ERR3287798,931123
ERR3287798,1759252
ERR3287798,2505085
ERR4796981,1487796
ERR4796981,1759252
ERR4796981,2411730
NLA009901267,1759252
NLA009901267,3836739
TRL0115487,346693
TRL0115487,497491
TRL0115487,931123
TRL0115487,1759252
TRL0115487,2505085
ERR4829118,497491
ERR4829118,797736
ERR4829118,931123
ERR4829118,1759252
ERR4829118,2505085
ERR4829158,1759252
ERR4829158,2875883
ERR4829158,3466426
ERR4829158,4125058
ERR4829160,1759252
ERR4829160,2875883
ERR4829160,3466426
ERR4829160,4125058
ERR4831412,1759252
ERR4831412,3836739
ERR4830922,931123
ERR4830922,1759252
ERR4830922,3273107
M0017269-3,62657
M0017269-3,107794
M0017269-3,891756
M0017269-3,1759252
Peru4733,62657
Peru4733,107794
Peru4733,891756
Peru4733,1759252
KOR-K2016-0196,497491
KOR-K2016-0196,797736
KOR-K2016-0196,931123
KOR-K2016-0196,1759252
KOR-K2016-0196,2505085
SAMN02360565,346693
SAMN02360565,497491
SAMN02360565,931123
SAMN02360565,1759252
SAMN02360565,2505085
ERR4822490,497491
ERR4822490,797736
ERR4822490,931123
ERR4822490,1759252
ERR4822490,2505085
ERR4828197,497491
ERR4828197,797736
ERR4828197,931123
ERR4828197,1759252
ERR4828197,2505085
ERR4796335,497491
ERR4796335,797736
ERR4796335,931123
ERR4796335,1759252
ERR4796335,2505085
Peru4533,403364
Peru4533,764995
Peru4533,1759252
Peru4674,62657
Peru4674,514245
Peru4674,1759252
IDR1900015195,764995
IDR1900015195,1132368
IDR1900015195,1759252
IDR1900015195,3977226
ERR4828893,62657
ERR4828893,107794
ERR4828893,891756
ERR4828893,1759252
ERR4830265,615938
ERR4830265,931123
ERR4830265,1759252
ERR4830265,3021283
ERR4830265,3216553
ERR4830265,4404247
ERR2510733,497491
ERR2510733,797736
ERR2510733,931123
ERR2510733,1759252
ERR2510733,2505085
ERR4811431,931123
ERR4811431,1759252
ERR4811431,3273107
Peru3348,403364
Peru3348,764995
Peru3348,1759252
EC076-184,764995
EC076-184,1759252
EC076-184,3388166
EC076-184,4316114
ERR4813155,497491
ERR4813155,797736
ERR4813155,931123
ERR4813155,1759252
ERR4813155,2505085
ERR4813448,403364
ERR4813448,764995
ERR4813448,1759252
NLA009801661,355181
NLA009801661,1759252
NLA009801661,4151558
NLA009801661,4307886
ERR4830132,497491
ERR4830132,797736
ERR4830132,931123
ERR4830132,1759252
ERR4830132,2505085
ERR4831463,615938
ERR4831463,931123
ERR4831463,1759252
ERR4831463,2622402
ERR4831463,4404247
ERR4809004,764995
ERR4809004,1759252
ERR4809004,3388166
ERR4809004,4316114
ERR4811058,497491
ERR4811058,797736
ERR4811058,931123
ERR4811058,1759252
ERR4811058,2505085
ERR4822336,403364
ERR4822336,764995
ERR4822336,1759252
ERR2510559,931123
ERR2510559,1759252
ERR2510559,3273107
ERR4797342,1759252
ERR4797342,2694560
ERR4797342,4151558
ERR4797342,4307886
ERR4830212,615938
ERR4830212,931123
ERR4830212,1759252
ERR4830212,3021283
ERR4830212,4404247
C108,346693
C108,497491
C108,931123
C108,1759252
C108,2505085
ERR4812484,497491
ERR4812484,797736
ERR4812484,931123
ERR4812484,1759252
ERR4812484,2505085
Peru4465,403364
Peru4465,764995
Peru4465,1759252
ERR2184300,62657
ERR2184300,107794
ERR2184300,891756
ERR2184300,1759252
Peru2978,403364
Peru2978,764995
Peru2978,1759252
ERR4811086,497491
ERR4811086,797736
ERR4811086,931123
ERR4811086,1759252
ERR4811086,2505085
ERR2510369,931123
ERR2510369,1759252
ERR2510369,3273107
Peru5155,403364
Peru5155,764995
Peru5155,1759252
ERR4796382,403364
ERR4796382,764995
ERR4796382,1759252
ERR4796443,931123
ERR4796443,1759252
ERR4830935,497491
ERR4830935,797736
ERR4830935,931123
ERR4830935,1759252
ERR4830935,2505085
KOR-K2016-0063,1719757
KOR-K2016-0063,1759252
FS049A-290,764995
FS049A-290,1759252
FS049A-290,4316114
ERR4828471,497491
ERR4828471,797736
ERR4828471,931123
ERR4828471,1759252
ERR4828471,2505085
ERR4828471,4248115
TRL0116865,497491
TRL0116865,797736
TRL0116865,931123
TRL0116865,1759252
TRL0116865,2505085
ERR2510491,931123
ERR2510491,1759252
ERR2510491,3273107
Peru2928,403364
Peru2928,764995
Peru2928,1759252
ERR4811073,497491
ERR4811073,797736
ERR4811073,931123
ERR4811073,1759252
ERR4811073,2505085
ERR4811501,1719757
ERR4811501,1759252
ERR4797271,403364
ERR4797271,764995
ERR4797271,1759252
ERR4814100,62657
ERR4814100,107794
ERR4814100,891756
ERR4814100,1759252
ERR4828889,62657
ERR4828889,891756
ERR4828889,1759252
ERR4822501,62657
ERR4822501,1759252
ERR5917698,497491
ERR5917698,797736
ERR5917698,931123
ERR5917698,1759252
ERR5917698,2505085
TDR132S101L002,764995
TDR132S101L002,1759252
TDR132S101L002,4316114
C429,355181
C429,1759252
C429,4151558
C429,4307886
ERR3287680,403364
ERR3287680,764995
ERR3287680,1759252
ERR4828659,497491
ERR4828659,797736
ERR4828659,931123
ERR4828659,1759252
ERR4828659,2505085
ERR4811009,1759252
ERR4811009,4246508
ERR4811009,4307886
ERR4797488,931123
ERR4797488,1237818
ERR4797488,1759252
ERR4797488,3273107
ERR4797488,3722702
ERR4796430,931123
ERR4796430,1759252
ERR4796430,3273107
ERR4797330,931123
ERR4797330,1759252
ERR4797330,3273107
ERR3287371,764995
ERR3287371,1759252
ERR3287371,4316114
ERR4828711,497491
ERR4828711,797736
ERR4828711,931123
ERR4828711,1759252
ERR4828711,2505085
ERR5918112,62657
ERR5918112,514245
ERR5918112,1759252
ERR5918112,1850119
ERR4812527,62657
ERR4812527,107794
ERR4812527,891756
ERR4812527,1759252
01R0647,497491
01R0647,797736
01R0647,931123
01R0647,1759252
01R0647,2505085
ERR4797603,615938
ERR4797603,931123
ERR4797603,1759252
ERR4797603,2622402
ERR4797603,4404247
ERR4810590,1759252
ERR4810590,4246508
ERR4810590,4307886
ERR4797244,497491
ERR4797244,797736
ERR4797244,931123
ERR4797244,1759252
ERR4797244,2505085
ERR4811088,1719757
ERR4811088,1759252
ERR4811972,62657
ERR4811972,107794
ERR4811972,891756
ERR4811972,1759252
ERR4822534,62657
ERR4822534,1759252
ERR4814040,62657
ERR4814040,891756
ERR4814040,1759252
ERR4822411,497491
ERR4822411,797736
ERR4822411,931123
ERR4822411,1759252
ERR4822411,2505085
ERR4830609,497491
ERR4830609,797736
ERR4830609,931123
ERR4830609,1759252
ERR4830609,2505085
ERR4831447,931123
ERR4831447,1759252
ERR4831447,3273107
ERR4829122,497491
ERR4829122,797736
ERR4829122,931123
ERR4829122,1759252
ERR4829122,2505085
ERR4829725,1759252
ERR4829725,2875883
ERR4829725,3466426
ERR4829725,4125058
ERR4813087,403364
ERR4813087,764995
ERR4813087,1759252
ERR4813300,764995
ERR4813300,1759252
ERR2184456,497491
ERR2184456,797736
ERR2184456,931123
ERR2184456,1759252
ERR2184456,2505085
ERR4831406,783601
ERR4831406,1759252
ERR4831406,2411730
IDR1900009498,1759252
IDR1900009498,3836739
ERR4811091,497491
ERR4811091,797736
ERR4811091,931123
ERR4811091,1759252
ERR4811091,2505085
ERR4830931,497491
ERR4830931,797736
ERR4830931,931123
ERR4830931,1759252
ERR4830931,2505085
ERR5918035,355181
ERR5918035,1759252
ERR5918035,4151558
ERR5918035,4307886
ERR3287828,764995
ERR3287828,1132368
ERR3287828,1759252
ERR3287828,3977226
Peru2956,764995
Peru2956,1759252
Peru2956,4316114
ERR4796303,931123
ERR4796303,1759252
ERR4796303,3273107
ERR4797118,403364
ERR4797118,764995
ERR4797118,1759252
TDR60S126L002,764995
TDR60S126L002,1132368
TDR60S126L002,1502120
TDR60S126L002,1759252
TDR60S126L002,3977226
ERR4810743,1759252
ERR4810743,4246508
ERR4810743,4307886
ERR4830060,497491
ERR4830060,797736
ERR4830060,931123
ERR4830060,1759252
ERR4830060,2505085
ERR4810928,497491
ERR4810928,797736
ERR4810928,931123
ERR4810928,1759252
ERR4810928,2505085
ERR5918154,764995
ERR5918154,1759252
ERR5918154,3388166
ERR5918154,4316114
ERR4796470,615938
ERR4796470,931123
ERR4796470,1759252
ERR4796470,2622402
ERR4796470,4404247
ERR2510500,931123
ERR2510500,1759252
ERR2510500,3273107
ERR3287437,403364
ERR3287437,764995
ERR3287437,1759252
ERR4830458,497491
ERR4830458,797736
ERR4830458,931123
ERR4830458,1759252
ERR4830458,2505085
ERR4796635,62657
ERR4796635,514245
ERR4796635,1759252
ERR4796635,4229087
ERR4811079,497491
ERR4811079,797736
ERR4811079,931123
ERR4811079,1759252
ERR4811079,2505085
Peru5084,403364
Peru5084,764995
Peru5084,1759252
ERR4813064,764995
ERR4813064,1132368
ERR4813064,1759252
ERR4813064,3977226
C130,497491
C130,797736
C130,931123
C130,1759252
C130,2505085
ERR4812224,403364
ERR4812224,764995
ERR4812224,1759252
ERR4797219,497491
ERR4797219,797736
ERR4797219,931123
ERR4797219,1759252
ERR4797219,2505085
ERR2510650,931123
ERR2510650,1759252
ERR2510650,3273107
ERR4812624,62657
ERR4812624,514245
ERR4812624,1759252
ERR4812624,4229087
ERR2184489,62657
ERR2184489,107794
ERR2184489,891756
ERR2184489,1759252
ERR2510312,1719757
ERR2510312,1759252
ERR4812055,764995
ERR4812055,1759252
ERR4812055,4316114
21586,497491
21586,797736
21586,931123
21586,1759252
21586,2505085
ERR4829554,62657
ERR4829554,107794
ERR4829554,891756
ERR4829554,1759252
ERR4830937,497491
ERR4830937,797736
ERR4830937,931123
ERR4830937,1759252
ERR4830937,2505085
ERR4829951,931123
ERR4829951,1759252
ERR4829951,3273107
Peru5455,764995
Peru5455,1759252
Peru5455,3977226
Peru5455,4398141
Peru3369,1759252
Peru3369,3836739
TRL0116263,346693
TRL0116263,497491
TRL0116263,931123
TRL0116263,1759252
TRL0116263,2505085
ERR4797827,497491
ERR4797827,797736
ERR4797827,931123
ERR4797827,1759252
ERR4797827,2505085
Peru4019,62657
Peru4019,107794
Peru4019,891756
Peru4019,1759252
ERR4812046,62657
ERR4812046,107794
ERR4812046,891756
ERR4812046,1759252
ERR4811125,1719757
ERR4811125,1759252
ERR4831909,497491
ERR4831909,797736
ERR4831909,931123
ERR4831909,1759252
ERR4831909,2505085
ERR4811942,62657
ERR4811942,107794
ERR4811942,891756
ERR4811942,1759252
ERR4811649,497491
ERR4811649,797736
ERR4811649,931123
ERR4811649,1759252
ERR4811649,2505085
MNG-S2014-0036,62657
MNG-S2014-0036,107794
MNG-S2014-0036,891756
MNG-S2014-0036,1759252
Peru4904,1759252
ERR2510865,62657
ERR2510865,107794
ERR2510865,891756
ERR2510865,1759252
TRL0113325,497491
TRL0113325,797736
TRL0113325,931123
TRL0113325,1759252
TRL0113325,2505085
TRL0113325,4248115
ERR4829759,403364
ERR4829759,764995
ERR4829759,1759252
Peru4724,497491
Peru4724,797736
Peru4724,931123
Peru4724,1759252
Peru4724,2505085
ERR4831085,931123
ERR4831085,1759252
ERR4831085,3273107
ERR4831085,3722702
ERR4830284,497491
ERR4830284,797736
ERR4830284,931123
ERR4830284,1759252
ERR4830284,2505085
ERR4831771,497491
ERR4831771,797736
ERR4831771,931123
ERR4831771,1759252
ERR4831771,2505085
ERR4831481,615938
ERR4831481,931123
ERR4831481,1759252
ERR4831481,2622402
ERR4831481,4404247
ERR2510642,931123
ERR2510642,1759252
ERR2510642,3273107
Peru4527,497491
Peru4527,797736
Peru4527,931123
Peru4527,1759252
Peru4527,2505085
Peru5429,403364
Peru5429,764995
Peru5429,1759252
ERR2510335,931123
ERR2510335,1759252
ERR2510335,3273107
ERR4796851,497491
ERR4796851,797736
ERR4796851,931123
ERR4796851,1759252
ERR4796851,2505085
ERR4811650,1719757
ERR4811650,1759252
ERR2510372,931123
ERR2510372,1759252
ERR2510372,3273107
ERR4813373,62657
ERR4813373,514245
ERR4813373,1759252
ERR4797263,931123
ERR4797263,1759252
ERR4797263,3273107
ERR4797739,931123
ERR4797739,1759252
ERR4797739,3273107
ERR4831942,497491
ERR4831942,797736
ERR4831942,931123
ERR4831942,1759252
ERR4831942,2505085
ERR4797196,1759252
ERR4830587,497491
ERR4830587,797736
ERR4830587,931123
ERR4830587,1759252
ERR4830587,2505085
ERR4812384,62657
ERR4812384,107794
ERR4812384,891756
ERR4812384,1759252
ERR4830622,497491
ERR4830622,797736
ERR4830622,931123
ERR4830622,1759252
ERR4830622,2505085
ERR4831927,497491
ERR4831927,797736
ERR4831927,931123
ERR4831927,1759252
ERR4831927,2505085
ERR4813277,62657
ERR4813277,107794
ERR4813277,891756
ERR4813277,1759252
ERR2184206,764995
ERR2184206,1759252
ERR2184206,4316114
ERR4830900,497491
ERR4830900,797736
ERR4830900,931123
ERR4830900,1759252
ERR4830900,2505085
ERR4811962,62657
ERR4811962,107794
ERR4811962,891756
ERR4811962,1759252
IDR1500009344,403364
IDR1500009344,764995
IDR1500009344,1759252
JPN-R2011-0068,497491
JPN-R2011-0068,797736
JPN-R2011-0068,931123
JPN-R2011-0068,1759252
JPN-R2011-0068,2505085
ERR4813274,403364
ERR4813274,764995
ERR4813274,1759252
ERR4797653,497491
ERR4797653,797736
ERR4797653,931123
ERR4797653,1759252
ERR4797653,2505085
C185,497491
C185,797736
C185,931123
C185,1759252
C185,2505085
C185,4248115
Peru4055,1759252
ERR4822406,497491
ERR4822406,797736
ERR4822406,931123
ERR4822406,1759252
ERR4822406,2505085
ERR3287316,62657
ERR3287316,891756
ERR3287316,1759252
NLA000201244,497491
NLA000201244,797736
NLA000201244,931123
NLA000201244,1759252
NLA000201244,2505085
ERR4797587,1487796
ERR4797587,1759252
ERR4797587,2411730
ERR4832034,497491
ERR4832034,797736
ERR4832034,931123
ERR4832034,1759252
ERR4832034,2505085
ERR4796369,615938
ERR4796369,931123
ERR4796369,1759252
ERR4796369,2622402
ERR4796369,4404247
IDR1800031940,403364
IDR1800031940,764995
IDR1800031940,1759252
ERR4808877,403364
ERR4808877,764995
ERR4808877,1759252
ERR4828526,497491
ERR4828526,797736
ERR4828526,931123
ERR4828526,1759252
ERR4828526,2505085
C043,346693
C043,497491
C043,931123
C043,1759252
C043,2505085
TDR21S146L002,1501468
TDR21S146L002,1759252
TDR21S146L002,3466426
TDR21S146L002,4260268
ERR4797011,931123
ERR4797011,1491275
ERR4797011,1759252
JPN-R2012-0042,615938
JPN-R2012-0042,931123
JPN-R2012-0042,1759252
JPN-R2012-0042,3479545
ERR4810948,497491
ERR4810948,797736
ERR4810948,931123
ERR4810948,1759252
ERR4810948,2505085
TRL0114666,497491
TRL0114666,797736
TRL0114666,931123
TRL0114666,1759252
TRL0114666,2505085
ERR4797321,497491
ERR4797321,797736
ERR4797321,931123
ERR4797321,1759252
ERR4797321,2505085
JG00421329,62657
JG00421329,514245
JG00421329,541048
JG00421329,1759252
C082,346693
C082,497491
C082,931123
C082,1759252
C082,2505085
ERR2184450,497491
ERR2184450,797736
ERR2184450,931123
ERR2184450,1759252
ERR2184450,2505085
ERR2510314,931123
ERR2510314,1759252
ERR2510314,3273107
ERR4798003,497491
ERR4798003,797736
ERR4798003,931123
ERR4798003,1759252
ERR4798003,2505085
ERR4798003,3836274
ERR4811146,1719757
ERR4811146,1759252
TRL0113580,764995
TRL0113580,1132368
TRL0113580,1502120
TRL0113580,1759252
TRL0113580,3977226
ERR4812145,62657
ERR4812145,107794
ERR4812145,891756
ERR4812145,1759252
ERR4796952,497491
ERR4796952,797736
ERR4796952,931123
ERR4796952,1759252
ERR4796952,2505085
Peru3993,62657
Peru3993,107794
Peru3993,891756
Peru3993,1759252
Peru3319,403364
Peru3319,764995
Peru3319,1759252
Peru3974,62657
Peru3974,107794
Peru3974,891756
Peru3974,1759252
ERR4828228,615938
ERR4828228,931123
ERR4828228,1759252
ERR4828228,3021283
ERR4828228,3216553
ERR4828228,4404247
C329,497491
C329,797736
C329,931123
C329,1759252
C329,2505085
C329,4248115
ERR3287724,62657
ERR3287724,514245
ERR3287724,1759252
IDR1700013350,1487796
IDR1700013350,1759252
IDR1700013350,2411730
ERR4796416,497491
ERR4796416,797736
ERR4796416,931123
ERR4796416,1759252
ERR4796416,2505085
ERR4814018,403364
ERR4814018,764995
ERR4814018,1759252
KOR-K2016-0138,497491
KOR-K2016-0138,797736
KOR-K2016-0138,931123
KOR-K2016-0138,1759252
KOR-K2016-0138,2505085
ERR4822433,62657
ERR4822433,107794
ERR4822433,891756
ERR4822433,1759252
ERR4831487,931123
ERR4831487,1759252
ERR4831487,3273107
00R0435,1759252
00R0435,3836739
Peru5075,62657
Peru5075,107794
Peru5075,891756
Peru5075,1759252
ERR4829041,497491
ERR4829041,797736
ERR4829041,931123
ERR4829041,1759252
ERR4829041,2505085
ERR4810852,497491
ERR4810852,797736
ERR4810852,931123
ERR4810852,1759252
ERR4810852,2505085
ERR4810852,4248115
30875,497491
30875,797736
30875,931123
30875,1759252
30875,2505085
30875,4248115
C037,346693
C037,497491
C037,931123
C037,1759252
C037,2505085
ERR2184555,764995
ERR2184555,1759252
ERR2184555,4316114
ERR2510722,1759252
ERR2510722,3836739
Peru4587,403364
Peru4587,764995
Peru4587,1759252
ERR3287716,62657
ERR3287716,891756
ERR3287716,1759252
ERR4797837,1759252
ERR4797837,3836739
ERR4798355,497491
ERR4798355,797736
ERR4798355,931123
ERR4798355,1759252
ERR4798355,2505085
ERR4830876,355181
ERR4830876,1759252
ERR4830876,4151558
ERR4830876,4307886
ERR4797549,497491
ERR4797549,797736
ERR4797549,931123
ERR4797549,1759252
ERR4797549,2505085
ERR4828923,497491
ERR4828923,797736
ERR4828923,931123
ERR4828923,1759252
ERR4828923,2505085
ERR4829829,403364
ERR4829829,764995
ERR4829829,1759252
TRL0114343,403364
TRL0114343,764995
TRL0114343,1759252
ERR4809159,1759252
ERR4809159,3836739
PS00353535,764995
PS00353535,1759252
PS00353535,3388166
PS00353535,4316114
ERR4813185,403364
ERR4813185,764995
ERR4813185,1759252
ERR4830406,497491
ERR4830406,797736
ERR4830406,931123
ERR4830406,1759252
ERR4830406,2505085
ERR4830406,4248115
KOR-K2016-0216,497491
KOR-K2016-0216,797736
KOR-K2016-0216,931123
KOR-K2016-0216,1759252
KOR-K2016-0216,2505085
ERR4811368,1719757
ERR4811368,1759252
ERR4812970,403364
ERR4812970,764995
ERR4812970,1759252
ERR4828631,497491
ERR4828631,797736
ERR4828631,931123
ERR4828631,1759252
ERR4828631,2505085
ERR4831768,497491
ERR4831768,797736
ERR4831768,931123
ERR4831768,1759252
ERR4831768,2505085
ERR2510327,931123
ERR2510327,1759252
ERR2510327,3273107
ERR4812125,403364
ERR4812125,764995
ERR4812125,1759252
ERR4797149,931123
ERR4797149,1759252
ERR4797149,3273107
ERR3287812,1759252
ERR3287812,3836739
ERR4828940,62657
ERR4828940,107794
ERR4828940,891756
ERR4828940,1759252
C060,497491
C060,797736
C060,931123
C060,1759252
C060,2505085
C136,62657
C136,514245
C136,1759252
C136,4229087
Peru3320,62657
Peru3320,107794
Peru3320,891756
Peru3320,1759252
ERR5918105,931123
ERR5918105,1759252
ERR5918105,3273107
ERR4811371,497491
ERR4811371,797736
ERR4811371,931123
ERR4811371,1759252
ERR4811371,2505085
ERR4831209,1487796
ERR4831209,1759252
ERR4831209,2411730
ERR4830614,497491
ERR4830614,797736
ERR4830614,931123
ERR4830614,1759252
ERR4830614,2505085
KOR-K2016-0003,346693
KOR-K2016-0003,497491
KOR-K2016-0003,931123
KOR-K2016-0003,1759252
KOR-K2016-0003,2505085
ERR4810805,346693
ERR4810805,497491
ERR4810805,931123
ERR4810805,1759252
ERR4810805,2505085
ERR4810746,497491
ERR4810746,797736
ERR4810746,931123
ERR4810746,1759252
ERR4810746,2505085
ERR4831113,615938
ERR4831113,931123
ERR4831113,1759252
ERR4831113,3479545
ERR4830499,355181
ERR4830499,1759252
ERR4830499,4151558
ERR4830499,4307886
Peru4588,403364
Peru4588,764995
Peru4588,1759252
ERR4810703,346693
ERR4810703,497491
ERR4810703,931123
ERR4810703,1759252
ERR4810703,2505085
ERR4812945,403364
ERR4812945,764995
ERR4812945,1759252
ERR4811414,1759252
ERR4811414,2875883
ERR4811414,3466426
ERR4811414,4125058
ERR4797623,931123
ERR4797623,1237818
ERR4797623,1759252
ERR4797623,3273107
ERR4797623,3722702
ERR4797497,615938
ERR4797497,931123
ERR4797497,1759252
ERR4797497,2622402
ERR4797497,4404247
ERR3287642,403364
ERR3287642,764995
ERR3287642,1759252
C198,497491
C198,797736
C198,931123
C198,1759252
C198,2505085
Peru4657,403364
Peru4657,764995
Peru4657,1759252
ERR2184667,62657
ERR2184667,107794
ERR2184667,891756
ERR2184667,1759252
TDR127S117L002,62657
TDR127S117L002,891756
TDR127S117L002,1759252
ERR4812201,497491
ERR4812201,797736
ERR4812201,931123
ERR4812201,1759252
ERR4812201,2505085
ERR2184503,62657
ERR2184503,107794
ERR2184503,891756
ERR2184503,1759252
ERR4811518,1759252
ERR4811518,2411730
ERR4809084,615938
ERR4809084,931123
ERR4809084,1759252
ERR4809084,3470377
ERR4811441,931123
ERR4811441,1759252
ERR4811441,3273107
ERR4797555,497491
ERR4797555,797736
ERR4797555,931123
ERR4797555,1759252
ERR4797555,2505085
ERR4813403,764995
ERR4813403,1759252
ERR4813403,4316114
ERR4812567,1759252
ERR4812964,403364
ERR4812964,764995
ERR4812964,1759252
ERR4811111,497491
ERR4811111,797736
ERR4811111,931123
ERR4811111,1759252
ERR4811111,2505085
IDR1800011961,764995
IDR1800011961,1759252
IDR1800011961,3977226
IDR1800011961,4398141
ERR4810726,497491
ERR4810726,797736
ERR4810726,931123
ERR4810726,1759252
ERR4810726,2505085
C053,346693
C053,497491
C053,931123
C053,1759252
C053,2505085
ERR4811123,497491
ERR4811123,797736
ERR4811123,931123
ERR4811123,1759252
ERR4811123,2505085
ERR4796916,497491
ERR4796916,797736
ERR4796916,931123
ERR4796916,1759252
ERR4796916,2505085
ERR4797485,497491
ERR4797485,797736
ERR4797485,931123
ERR4797485,1759252
ERR4797485,2505085
ERR4830027,1759252
ERR4830027,3836739
ERR4828636,497491
ERR4828636,797736
ERR4828636,931123
ERR4828636,1759252
ERR4828636,2505085
ERR4828712,931123
ERR4828712,1759252
ERR4828712,3273107
02R1137,764995
02R1137,1132368
02R1137,1759252
02R1137,3977226
VB00026760,62657
VB00026760,107794
VB00026760,891756
VB00026760,1759252
TDR30S135L002,497491
TDR30S135L002,797736
TDR30S135L002,931123
TDR30S135L002,1759252
TDR30S135L002,2505085
ERR4830148,497491
ERR4830148,797736
ERR4830148,931123
ERR4830148,1759252
ERR4830148,2505085
Peru3965,1759252
Peru3965,3836739
21893,346693
21893,497491
21893,931123
21893,1759252
21893,2505085
ERR2184539,62657
ERR2184539,107794
ERR2184539,891756
ERR2184539,1759252
IDR1800013960,615938
IDR1800013960,931123
IDR1800013960,1491275
IDR1800013960,1759252
IDR1800013960,4404247
ERR4796847,403364
ERR4796847,764995
ERR4796847,1759252
ERR4813392,403364
ERR4813392,764995
ERR4813392,1759252
ERR4813395,403364
ERR4813395,764995
ERR4813395,1759252
ERR4811372,497491
ERR4811372,797736
ERR4811372,931123
ERR4811372,1759252
ERR4811372,2505085
ERR4830823,931123
ERR4830823,1084911
ERR4830823,1759252
ERR4830823,3273107
ERR4812381,62657
ERR4812381,514245
ERR4812381,1759252
ERR4809351,1759252
ERR4809351,3836739
Peru5027,497491
Peru5027,797736
Peru5027,931123
Peru5027,1759252
Peru5027,2505085
ERR2184552,497491
ERR2184552,797736
ERR2184552,931123
ERR2184552,1759252
ERR2184552,2505085
ERR4831472,931123
ERR4831472,1759252
ERR4831472,3273107
ERR4809014,497491
ERR4809014,797736
ERR4809014,931123
ERR4809014,1759252
ERR4809014,2505085
ERR4809014,4248115
ERR4813542,62657
ERR4813542,107794
ERR4813542,891756
ERR4813542,1759252
ERR4831041,931123
ERR4831041,1759252
ERR4831041,3273107
TDR75S173L002,1501468
TDR75S173L002,1759252
TDR75S173L002,3466426
TDR75S173L002,4260268
ERR3287406,1759252
ERR3287406,3836739
Peru4475,764995
Peru4475,1132368
Peru4475,1759252
Peru4475,3977226
ERR2510724,1759252
ERR2510724,3836739
Peru4702,403364
Peru4702,764995
Peru4702,1759252
ERR4809330,346693
ERR4809330,497491
ERR4809330,931123
ERR4809330,1759252
ERR4809330,2505085
ERR4831344,497491
ERR4831344,931123
ERR4831344,1759252
ERR4831344,1881090
ERR4797685,615938
ERR4797685,931123
ERR4797685,1759252
ERR4797685,3470377
ERR4832038,497491
ERR4832038,797736
ERR4832038,931123
ERR4832038,1759252
ERR4832038,2505085
SAMEA3558218,931123
SAMEA3558218,1759252
SAMEA3558218,3273107
Peru4578,403364
Peru4578,764995
Peru4578,1759252
C476,497491
C476,797736
C476,931123
C476,1759252
C476,2505085
ERR4797696,497491
ERR4797696,797736
ERR4797696,931123
ERR4797696,1759252
ERR4797696,2505085
ERR4830929,497491
ERR4830929,797736
ERR4830929,931123
ERR4830929,1759252
ERR4830929,2505085
Peru3403,403364
Peru3403,764995
Peru3403,1759252
KOR-K2016-0070,497491
KOR-K2016-0070,797736
KOR-K2016-0070,931123
KOR-K2016-0070,1759252
KOR-K2016-0070,2505085
SAMEA3558224,931123
SAMEA3558224,1759252
SAMEA3558224,3273107
ERR4813399,62657
ERR4813399,514245
ERR4813399,1759252
Peru3031,1759252
ERR4812884,62657
ERR4812884,107794
ERR4812884,891756
ERR4812884,1759252
02R0016,403364
02R0016,764995
02R0016,1759252
Peru5409,403364
Peru5409,764995
Peru5409,1759252
ERR4830395,497491
ERR4830395,797736
ERR4830395,931123
ERR4830395,1759252
ERR4830395,2505085
ERR2510668,1759252
ERR2510668,3836739
IDR1900042441,931123
IDR1900042441,1759252
IDR1900042441,3273107
ERR4796473,931123
ERR4796473,1759252
ERR4796473,3273107
1841,615938
1841,931123
1841,1759252
1841,3470377
ERR4811384,931123
ERR4811384,1759252
ERR4811384,1816587
ERR4811384,1882180
ERR3287382,62657
ERR3287382,107794
ERR3287382,891756
ERR3287382,1759252
ERR4822377,497491
ERR4822377,797736
ERR4822377,931123
ERR4822377,1759252
ERR4822377,2505085
ERR4811675,764995
ERR4811675,1759252
ERR4811675,4316114
ERR2184446,764995
ERR2184446,1759252
ERR2184446,4316114
ERR4830521,497491
ERR4830521,797736
ERR4830521,931123
ERR4830521,1759252
ERR4830521,2505085
ERR4811878,62657
ERR4811878,107794
ERR4811878,891756
ERR4811878,1759252
ERR4809352,346693
ERR4809352,497491
ERR4809352,931123
ERR4809352,1759252
ERR4809352,2505085
ERR4797823,1759252
ERR4797823,3836739
ERR4828979,497491
ERR4828979,797736
ERR4828979,931123
ERR4828979,1759252
ERR4828979,2505085
ERR2184268,1759252
ERR2184268,3836739
ERR4828501,497491
ERR4828501,797736
ERR4828501,931123
ERR4828501,1759252
ERR4828501,2505085
ERR4796811,931123
ERR4796811,1237818
ERR4796811,1759252
ERR4796811,3273107
ERR4796811,3722702
ERR4797564,497491
ERR4797564,797736
ERR4797564,931123
ERR4797564,1759252
ERR4797564,2505085
ERR3287342,497491
ERR3287342,797736
ERR3287342,931123
ERR3287342,1759252
ERR3287342,2505085
ERR4828552,497491
ERR4828552,797736
ERR4828552,931123
ERR4828552,1759252
ERR4828552,2505085
SAMN02567679,355181
SAMN02567679,1759252
SAMN02567679,4151558
SAMN02567679,4307886
ERR4811497,1719757
ERR4811497,1759252
ERR4830062,497491
ERR4830062,797736
ERR4830062,931123
ERR4830062,1759252
ERR4830062,2505085
Peru4943,764995
Peru4943,1132368
Peru4943,1759252
Peru4943,3977226
ERR4829535,1759252
ERR4829535,4246508
ERR4829535,4307886
ERR4830514,497491
ERR4830514,797736
ERR4830514,931123
ERR4830514,1759252
ERR4830514,2505085
ERR2184532,403364
ERR2184532,764995
ERR2184532,1759252
ERR3287720,62657
ERR3287720,107794
ERR3287720,891756
ERR3287720,1759252
SAMN02360573,497491
SAMN02360573,797736
SAMN02360573,931123
SAMN02360573,1759252
SAMN02360573,2505085
ERR5918069,62657
ERR5918069,1759252
Peru3431,62657
Peru3431,107794
Peru3431,891756
Peru3431,1759252
ERR4811087,1719757
ERR4811087,1759252
ERR4813857,62657
ERR4813857,107794
ERR4813857,891756
ERR4813857,1759252
Peru3368,62657
Peru3368,107794
Peru3368,891756
Peru3368,1759252
EC058-166,346693
EC058-166,497491
EC058-166,931123
EC058-166,1759252
EC058-166,2505085
C024,497491
C024,797736
C024,931123
C024,1759252
C024,2505085
ERR4831760,497491
ERR4831760,797736
ERR4831760,931123
ERR4831760,1759252
ERR4831760,2505085
ERR4828613,497491
ERR4828613,797736
ERR4828613,931123
ERR4828613,1759252
ERR4828613,2505085
ERR4828516,497491
ERR4828516,797736
ERR4828516,931123
ERR4828516,1759252
ERR4828516,2505085
ERR4828516,4248115
ERR4828588,615938
ERR4828588,931123
ERR4828588,1759252
ERR4828588,3479545
ERR4830178,1759252
ERR4830178,3836739
ERR4812301,1759252
ERR4812204,62657
ERR4812204,107794
ERR4812204,891756
ERR4812204,1759252
ERR4812180,764995
ERR4812180,1759252
ERR4812180,3977226
ERR4812180,4398141
ERR4813468,403364
ERR4813468,764995
ERR4813468,1759252
ERR4828384,497491
ERR4828384,797736
ERR4828384,931123
ERR4828384,1759252
ERR4828384,2505085
ERR4796325,931123
ERR4796325,1237818
ERR4796325,1759252
ERR4796325,3273107
ERR4796325,3722702
ERR4812421,62657
ERR4812421,107794
ERR4812421,891756
ERR4812421,1759252
ERR4810792,497491
ERR4810792,797736
ERR4810792,931123
ERR4810792,1759252
ERR4810792,2505085
ERR2510479,931123
ERR2510479,1759252
ERR2510479,3273107
ERR4810643,497491
ERR4810643,797736
ERR4810643,931123
ERR4810643,1759252
ERR4810643,2505085
ERR4810643,4248115
Peru3258,764995
Peru3258,1759252
Peru3258,4316114
ERR4811342,1719757
ERR4811342,1759252
TRL0112877,764995
TRL0112877,1759252
TRL0112877,3977226
TRL0112877,4398141
ERR4812640,764995
ERR4812640,1759252
Peru4725,764995
Peru4725,1759252
Peru4725,4316114
KOR-K2016-0204,497491
KOR-K2016-0204,797736
KOR-K2016-0204,931123
KOR-K2016-0204,1759252
KOR-K2016-0204,2505085
ERR4797424,615938
ERR4797424,931123
ERR4797424,1759252
ERR4797424,3470377
OC00061697,355181
OC00061697,1759252
OC00061697,4151558
OC00061697,4307886
ERR4810615,1487796
ERR4810615,1759252
ERR4810615,2411730
ERR4796875,497491
ERR4796875,797736
ERR4796875,931123
ERR4796875,1759252
ERR4796875,2505085
ERR3287779,403364
ERR3287779,764995
ERR3287779,1759252
ERR4813258,62657
ERR4813258,107794
ERR4813258,891756
ERR4813258,1759252
ERR4797213,497491
ERR4797213,797736
ERR4797213,931123
ERR4797213,1759252
ERR4797213,2505085
Peru4898,497491
Peru4898,797736
Peru4898,931123
Peru4898,1759252
Peru4898,2505085
ERR4828615,497491
ERR4828615,797736
ERR4828615,931123
ERR4828615,1759252
ERR4828615,2505085
ERR2184246,1759252
ERR4830466,62657
ERR4830466,107794
ERR4830466,891756
ERR4830466,1759252
ERR4830475,62657
ERR4830475,107794
ERR4830475,891756
ERR4830475,1759252
ERR4796985,1487796
ERR4796985,1759252
ERR4796985,2411730
ERR4810989,497491
ERR4810989,797736
ERR4810989,931123
ERR4810989,1759252
ERR4810989,2505085
ERR4828553,497491
ERR4828553,797736
ERR4828553,931123
ERR4828553,1759252
ERR4828553,2505085
ERR4808967,497491
ERR4808967,797736
ERR4808967,931123
ERR4808967,1759252
ERR4808967,2505085
ERR4828445,497491
ERR4828445,797736
ERR4828445,931123
ERR4828445,1759252
ERR4828445,2505085
ERR4797459,497491
ERR4797459,797736
ERR4797459,931123
ERR4797459,1759252
ERR4797459,2505085
Peru5083,62657
Peru5083,107794
Peru5083,891756
Peru5083,1759252
ERR4830825,1487796
ERR4830825,1759252
ERR4830825,2411730
TDR131S100L002,764995
TDR131S100L002,1132368
TDR131S100L002,1759252
TDR131S100L002,3977226
ERR4831217,497491
ERR4831217,797736
ERR4831217,931123
ERR4831217,1759252
ERR4831217,2505085
ERR4831217,4248115
ERR2184258,764995
ERR2184258,1759252
ERR2184258,4316114
ERR4810668,497491
ERR4810668,797736
ERR4810668,931123
ERR4810668,1759252
ERR4810668,2505085
ERR4812056,497491
ERR4812056,797736
ERR4812056,931123
ERR4812056,1759252
ERR4812056,2505085
KOR-K2016-0056,346693
KOR-K2016-0056,497491
KOR-K2016-0056,931123
KOR-K2016-0056,1759252
KOR-K2016-0056,2505085
TRL0066006,62657
TRL0066006,514245
TRL0066006,1759252
TRL0066006,4229087
Peru3982,1759252
TDR89S184L002,1719757
TDR89S184L002,1759252
ERR3287372,62657
ERR3287372,107794
ERR3287372,891756
ERR3287372,1759252
ERR3287393,1759252
ERR3287393,3836739
ERR4830644,931123
ERR4830644,1759252
ERR4830644,3273107
ERR4811451,62657
ERR4811451,1759252
ERR3287804,62657
ERR3287804,107794
ERR3287804,891756
ERR3287804,1759252
ERR4812162,62657
ERR4812162,107794
ERR4812162,891756
ERR4812162,1759252
ERR4811592,1759252
ERR4811592,4246508
ERR4811592,4307886
ERR4812889,62657
ERR4812889,514245
ERR4812889,1759252
ERR3287766,403364
ERR3287766,764995
ERR3287766,1759252
Peru3286,764995
Peru3286,1132368
Peru3286,1759252
Peru3286,3977226
ERR4797600,497491
ERR4797600,797736
ERR4797600,931123
ERR4797600,1759252
ERR4797600,2505085
ERR4811629,1759252
ERR4811629,4246508
ERR4811629,4307886
ERR4796902,931123
ERR4796902,1759252
ERR4796902,3273107
ERR4809263,497491
ERR4809263,797736
ERR4809263,931123
ERR4809263,1759252
ERR4809263,2505085
ERR4828847,3836739
ERR4796605,931123
ERR4796605,1237818
ERR4796605,1759252
ERR4796605,3273107
ERR4796605,3722702
ERR4796984,497491
ERR4796984,797736
ERR4796984,931123
ERR4796984,1759252
ERR4796984,2505085
ERR4829926,1759252
ERR4829926,3836739
ERR4796765,497491
ERR4796765,797736
ERR4796765,931123
ERR4796765,1759252
ERR4796765,2505085
ERR4796765,3836274
ERR4830450,615938
ERR4830450,931123
ERR4830450,1759252
ERR4830450,3021283
ERR4830450,3216553
ERR4830450,4404247
Peru4515,1759252
ERR4797885,497491
ERR4797885,797736
ERR4797885,931123
ERR4797885,1759252
ERR4797885,2505085
ERR3287466,403364
ERR3287466,764995
ERR3287466,1759252
ERR4828946,1759252
ERR4828946,4249732
ERR4811900,403364
ERR4811900,764995
ERR4811900,1759252
ERR4812568,62657
ERR4812568,107794
ERR4812568,891756
ERR4812568,1759252
ERR4831736,497491
ERR4831736,797736
ERR4831736,931123
ERR4831736,1759252
ERR4831736,2505085
TRL0115584,403364
TRL0115584,764995
TRL0115584,1759252
ERR4830840,1487796
ERR4830840,1759252
ERR4830840,2411730
ERR2510609,931123
ERR2510609,1759252
ERR2510609,3273107
ERR4822320,497491
ERR4822320,797736
ERR4822320,931123
ERR4822320,1759252
ERR4822320,2505085
NLA000102124,764995
NLA000102124,1132368
NLA000102124,1759252
NLA000102124,3977226
IDR1900012029,497491
IDR1900012029,797736
IDR1900012029,931123
IDR1900012029,1759252
IDR1900012029,2505085
ERR4796684,931123
ERR4796684,1759252
ERR4796684,3273107
TRL0093860,1759252
TRL0093860,3836739
ERR4828459,497491
ERR4828459,797736
ERR4828459,931123
ERR4828459,1759252
ERR4828459,2505085
ERR4830510,346693
ERR4830510,497491
ERR4830510,931123
ERR4830510,1759252
ERR4830510,2505085
ERR4813878,764995
ERR4813878,1759252
ERR4813878,3977226
ERR4813878,4398141
C144,497491
C144,797736
C144,931123
C144,1759252
C144,2505085
C144,4248115
ERR4829487,1759252
ERR4829487,4249732
ERR4831225,497491
ERR4831225,797736
ERR4831225,931123
ERR4831225,1759252
ERR4831225,2505085
ERR4822473,1759252
ERR4822473,3836739
ERR4831787,1759252
ERR4831787,4246508
ERR4831787,4307886
ERR5918134,764995
ERR5918134,1132368
ERR5918134,1502120
ERR5918134,1759252
ERR5918134,3977226
Peru3024,403364
Peru3024,764995
Peru3024,1759252
03R0736,62657
03R0736,107794
03R0736,891756
03R0736,1759252
ERR4811084,1719757
ERR4811084,1759252
ERR4831201,1759252
ERR4831201,3836739
ERR4829750,1759252
ERR4829750,3466426
ERR4829750,4125058
ERR5917972,355181
ERR5917972,1759252
ERR5917972,4151558
ERR5917972,4307886
ERR4812177,403364
ERR4812177,764995
ERR4812177,1759252
ERR2510856,783601
ERR2510856,1759252
ERR2510856,2411730
ERR5917744,497491
ERR5917744,797736
ERR5917744,931123
ERR5917744,1759252
ERR5917744,2505085
ERR4830101,497491
ERR4830101,797736
ERR4830101,931123
ERR4830101,1759252
ERR4830101,2505085
ERR4831854,497491
ERR4831854,797736
ERR4831854,931123
ERR4831854,1759252
ERR4831854,2505085
ERR4813805,764995
ERR4813805,1759252
ERR4813805,3977226
ERR4813805,4398141
03R1084,497491
03R1084,797736
03R1084,931123
03R1084,1759252
03R1084,2505085
ERR4797358,931123
ERR4797358,1759252
ERR4797358,3273107
ERR4828794,931123
ERR4828794,1759252
ERR4828794,3273107
ERR4798311,497491
ERR4798311,797736
ERR4798311,931123
ERR4798311,1759252
ERR4798311,2505085
ERR4828346,1759252
ERR4828346,4307886
ERR4811061,497491
ERR4811061,797736
ERR4811061,931123
ERR4811061,1759252
ERR4811061,2505085
ERR4830417,497491
ERR4830417,797736
ERR4830417,931123
ERR4830417,1759252
ERR4830417,2505085
ERR4812477,62657
ERR4812477,891756
ERR4812477,1759252
ERR4830155,497491
ERR4830155,797736
ERR4830155,931123
ERR4830155,1759252
ERR4830155,2505085
ERR4830375,497491
ERR4830375,797736
ERR4830375,931123
ERR4830375,1759252
ERR4830375,2505085
ERR4828737,497491
ERR4828737,797736
ERR4828737,931123
ERR4828737,1759252
ERR4828737,2505085
ERR4830312,62657
ERR4830312,107794
ERR4830312,891756
ERR4830312,1759252
ERR4822597,497491
ERR4822597,797736
ERR4822597,931123
ERR4822597,1759252
ERR4822597,2505085
ERR4810635,497491
ERR4810635,797736
ERR4810635,931123
ERR4810635,1759252
ERR4810635,2505085
ERR4810635,4248115
ERR4831391,615938
ERR4831391,931123
ERR4831391,1759252
ERR4831391,3470377
SAMN02380991,931123
SAMN02380991,1759252
SAMN02380991,3273107
ERR4797124,497491
ERR4797124,797736
ERR4797124,931123
ERR4797124,1759252
ERR4797124,2505085
C103,355181
C103,1759252
C103,4151558
C103,4307886
ERR4829956,62657
ERR4829956,107794
ERR4829956,891756
ERR4829956,1759252
ERR4812440,1759252
ERR4812440,4249732
Peru3345,1759252
ERR4830768,497491
ERR4830768,797736
ERR4830768,931123
ERR4830768,1759252
ERR4830768,2505085
ERR2184419,497491
ERR2184419,797736
ERR2184419,931123
ERR2184419,1759252
ERR2184419,2505085
Peru3291,403364
Peru3291,764995
Peru3291,1759252
ERR4810521,497491
ERR4810521,797736
ERR4810521,931123
ERR4810521,1759252
ERR4810521,2505085
C019,346693
C019,497491
C019,931123
C019,1759252
C019,2505085
ERR4828291,615938
ERR4828291,931123
ERR4828291,1759252
ERR4828291,3021283
ERR4828291,3216553
ERR4828291,4404247
ERR4831036,497491
ERR4831036,797736
ERR4831036,931123
ERR4831036,1759252
ERR4831036,2505085
IDR1800055080,497491
IDR1800055080,797736
IDR1800055080,931123
IDR1800055080,1759252
IDR1800055080,2505085
ERR2510646,931123
ERR2510646,1759252
ERR2510646,3273107
ERR4830904,497491
ERR4830904,797736
ERR4830904,931123
ERR4830904,1759252
ERR4830904,2505085
ERR4830904,4248115
Peru5011,403364
Peru5011,764995
Peru5011,1759252
02R0951,1759252
ERR4811758,62657
ERR4811758,107794
ERR4811758,891756
ERR4811758,1759252
ERR4796545,1487796
ERR4796545,1759252
ERR4796545,2411730
Peru3401,403364
Peru3401,764995
Peru3401,1759252
ERR4811907,62657
ERR4811907,107794
ERR4811907,891756
ERR4811907,1759252
ERR4830382,497491
ERR4830382,797736
ERR4830382,931123
ERR4830382,1759252
ERR4830382,2505085
1762,931123
1762,1759252
1762,3273107
ERR4830436,615938
ERR4830436,931123
ERR4830436,1759252
ERR4830436,3021283
ERR4830436,3216553
ERR4830436,4404247
ERR4813278,62657
ERR4813278,107794
ERR4813278,891756
ERR4813278,1759252
Peru4041,403364
Peru4041,764995
Peru4041,1759252
ERR4796906,497491
ERR4796906,797736
ERR4796906,931123
ERR4796906,1759252
ERR4796906,2505085
Peru4596,62657
Peru4596,107794
Peru4596,891756
Peru4596,1759252
ERR4830991,497491
ERR4830991,797736
ERR4830991,931123
ERR4830991,1759252
ERR4830991,2505085
ERR4828242,497491
ERR4828242,797736
ERR4828242,931123
ERR4828242,1759252
ERR4828242,2505085
ERR3287843,497491
ERR3287843,797736
ERR3287843,931123
ERR3287843,1759252
ERR3287843,2505085
ERR4796915,931123
ERR4796915,1759252
ERR4796915,3273107
ERR4830618,497491
ERR4830618,797736
ERR4830618,931123
ERR4830618,1759252
ERR4830618,2505085
ERR4811006,1759252
ERR4811006,4246508
ERR4811006,4307886
ERR4813387,62657
ERR4813387,107794
ERR4813387,891756
ERR4813387,1759252
ERR4830256,62657
ERR4830256,107794
ERR4830256,891756
ERR4830256,1759252
1778,497491
1778,797736
1778,931123
1778,1759252
1778,2505085
ERR2510712,497491
ERR2510712,797736
ERR2510712,931123
ERR2510712,1759252
ERR2510712,2505085
SAMEA3558231,931123
SAMEA3558231,1759252
SAMEA3558231,3273107
ERR4796848,1759252
ERR4796848,4246508
ERR4796848,4307886
ERR4830802,1487796
ERR4830802,1759252
ERR4830802,2411730
ERR4822310,615938
ERR4822310,931123
ERR4822310,1759252
ERR4822310,2622402
ERR4822310,4404247
ERR4831245,497491
ERR4831245,797736
ERR4831245,931123
ERR4831245,1759252
ERR4831245,2505085
ERR4809155,1759252
ERR4809155,4249732
ERR4811529,497491
ERR4811529,797736
ERR4811529,931123
ERR4811529,1759252
ERR4811529,2505085
ERR4796604,931123
ERR4796604,1237818
ERR4796604,1759252
ERR4796604,3273107
ERR4796604,3722702
ERR4830792,1487796
ERR4830792,1759252
ERR4830792,2411730
ERR4809024,497491
ERR4809024,797736
ERR4809024,931123
ERR4809024,1759252
ERR4809024,2505085
ERR4809024,4248115
ERR4830125,1719757
ERR4830125,1759252
ERR2184536,403364
ERR2184536,764995
ERR2184536,1759252
ERR4809122,497491
ERR4809122,797736
ERR4809122,931123
ERR4809122,1759252
ERR4809122,2505085
ERR4809339,497491
ERR4809339,797736
ERR4809339,931123
ERR4809339,1759252
ERR4809339,2505085
ERR2510357,931123
ERR2510357,1759252
ERR2510357,3273107
Peru5094,764995
Peru5094,1132368
Peru5094,1759252
Peru5094,3977226
ERR4813992,62657
ERR4813992,107794
ERR4813992,891756
ERR4813992,1759252
03R0293,497491
03R0293,797736
03R0293,931123
03R0293,1759252
03R0293,2505085
ERR4831450,931123
ERR4831450,1759252
ERR4831450,3273107
ERR4813290,62657
ERR4813290,107794
ERR4813290,891756
ERR4813290,1759252
ERR4812443,62657
ERR4812443,107794
ERR4812443,891756
ERR4812443,1759252
ERR4830905,497491
ERR4830905,797736
ERR4830905,931123
ERR4830905,1759252
ERR4830905,2505085
ERR4811065,497491
ERR4811065,797736
ERR4811065,931123
ERR4811065,1759252
ERR4811065,2505085
ERR4796553,403364
ERR4796553,764995
ERR4796553,1759252
TDR195S108L002,62657
TDR195S108L002,107794
TDR195S108L002,891756
TDR195S108L002,1759252
ERR4831314,62657
ERR4831314,107794
ERR4831314,891756
ERR4831314,1759252
ERR2184619,62657
ERR2184619,107794
ERR2184619,891756
ERR2184619,1759252
ERR4830109,931123
ERR4830109,1759252
ERR4830109,3273107
ERR2184339,62657
ERR2184339,107794
ERR2184339,891756
ERR2184339,1759252
ERR4829908,62657
ERR4829908,107794
ERR4829908,891756
ERR4829908,1759252
Peru4303,62657
Peru4303,514245
Peru4303,1759252
Peru4303,4229087
ERR4812727,403364
ERR4812727,764995
ERR4812727,1759252
Peru4704,764995
Peru4704,1759252
Peru4704,3977226
Peru4704,4398141
Peru4498,1759252
ERR2184604,764995
ERR2184604,1759252
ERR2184604,4316114
ERR4829150,1759252
ERR4829150,2875883
ERR4829150,3466426
ERR4829150,4125058
ERR4809013,615938
ERR4809013,931123
ERR4809013,1759252
ERR4809013,3470377
Peru2955,62657
Peru2955,107794
Peru2955,891756
Peru2955,1759252
KOR-K2016-0092,346693
KOR-K2016-0092,497491
KOR-K2016-0092,931123
KOR-K2016-0092,1759252
KOR-K2016-0092,2505085
ERR5918060,497491
ERR5918060,797736
ERR5918060,931123
ERR5918060,1759252
ERR5918060,2505085
ERR4810932,497491
ERR4810932,797736
ERR4810932,931123
ERR4810932,1759252
ERR4810932,2505085
ERR4808893,346693
ERR4808893,497491
ERR4808893,931123
ERR4808893,1759252
ERR4808893,2505085
ERR4814002,62657
ERR4814002,107794
ERR4814002,891756
ERR4814002,1759252
ERR4831478,931123
ERR4831478,1759252
ERR4831478,3273107
ERR4795889,1759252
ERR4795889,2875883
ERR4795889,3466426
ERR4795889,4125058
ERR4831983,497491
ERR4831983,797736
ERR4831983,931123
ERR4831983,1759252
ERR4831983,2505085
Peru4105,1719757
Peru4105,1759252
C251,764995
C251,1759252
C251,3388166
C251,4316114
ERR4810687,1759252
ERR4810687,4246508
ERR4810687,4307886
Peru3054,403364
Peru3054,764995
Peru3054,1759252
ERR2510592,1759252
ERR2510592,2875883
ERR2510592,3466426
ERR2510592,4125058
ERR4812754,764995
ERR4812754,1759252
ERR4812754,4316114
ERR4811411,931123
ERR4811411,1759252
ERR4811411,3273107
TRL0115921,403364
TRL0115921,764995
TRL0115921,1759252
ERR3287661,764995
ERR3287661,1132368
ERR3287661,1759252
ERR3287661,3977226
ERR4796561,497491
ERR4796561,797736
ERR4796561,931123
ERR4796561,1759252
ERR4796561,2505085
ERR2510313,615938
ERR2510313,931123
ERR2510313,1759252
ERR2510313,2622402
ERR2510313,4404247
ERR4828767,497491
ERR4828767,797736
ERR4828767,931123
ERR4828767,1759252
ERR4828767,2505085
ERR4810554,497491
ERR4810554,797736
ERR4810554,931123
ERR4810554,1759252
ERR4810554,2505085
ERR2510638,931123
ERR2510638,1759252
ERR2510638,3273107
ERR4829163,1759252
ERR4829163,2875883
ERR4829163,3466426
ERR4829163,4125058
ERR2510728,1759252
ERR2510728,3836739
ERR4812496,764995
ERR4812496,1759252
ERR4812496,4316114
Peru5438,403364
Peru5438,764995
Peru5438,1759252
ERR3287739,62657
ERR3287739,514245
ERR3287739,1759252
ERR4809198,497491
ERR4809198,797736
ERR4809198,931123
ERR4809198,1759252
ERR4809198,2505085
ERR4809198,4248115
ERR2510336,497491
ERR2510336,797736
ERR2510336,931123
ERR2510336,1759252
ERR2510336,2505085
SAMN02360561,346693
SAMN02360561,497491
SAMN02360561,931123
SAMN02360561,1759252
SAMN02360561,2505085
ERR4829537,1759252
ERR4829537,3836739
IDR1800041416,764995
IDR1800041416,1132368
IDR1800041416,1759252
IDR1800041416,3977226
ERR4830129,497491
ERR4830129,797736
ERR4830129,931123
ERR4830129,1759252
ERR4830129,2505085
SAMEA3558147,1759252
ERR4831440,931123
ERR4831440,1759252
ERR4831440,3273107
ERR4796843,497491
ERR4796843,797736
ERR4796843,931123
ERR4796843,1759252
ERR4796843,2505085
ERR4797222,931123
ERR4797222,1759252
ERR4797222,3273107
ERR4797222,3722702
ERR4811774,1759252
ERR4811774,3836739
ERR4829514,62657
ERR4829514,107794
ERR4829514,891756
ERR4829514,1759252
ERR4809072,346693
ERR4809072,497491
ERR4809072,931123
ERR4809072,1759252
ERR4809072,2505085
ERR3287854,403364
ERR3287854,764995
ERR3287854,1759252
ERR4830442,497491
ERR4830442,797736
ERR4830442,931123
ERR4830442,1759252
ERR4830442,2505085
ERR4811903,764995
ERR4811903,1759252
ERR4811903,3977226
ERR4811903,4398141
ERR4796296,931123
ERR4796296,1759252
ERR4796296,3273107
ERR4796662,615938
ERR4796662,931123
ERR4796662,1759252
ERR4796662,3470377
ERR4811184,1487796
ERR4811184,1759252
ERR4811184,2411730
ERR4828653,615938
ERR4828653,931123
ERR4828653,1759252
ERR4828653,3021283
ERR4828653,3216553
ERR4828653,4404247
ERR2184475,403364
ERR2184475,764995
ERR2184475,1759252
ERR4813421,403364
ERR4813421,764995
ERR4813421,1759252
IDR1800033292,497491
IDR1800033292,797736
IDR1800033292,931123
IDR1800033292,1759252
IDR1800033292,2505085
SAMEA3558182,403364
SAMEA3558182,764995
SAMEA3558182,1759252
ERR3287421,403364
ERR3287421,764995
ERR3287421,1759252
ERR4813281,764995
ERR4813281,1132368
ERR4813281,1759252
ERR4813281,3977226
ERR5917716,497491
ERR5917716,797736
ERR5917716,931123
ERR5917716,1759252
ERR5917716,2505085
ERR3287472,764995
ERR3287472,1132368
ERR3287472,1759252
ERR3287472,3977226
ERR4830154,497491
ERR4830154,797736
ERR4830154,931123
ERR4830154,1759252
ERR4830154,2505085
ERR2510493,1759252
ERR2510493,3836739
ERR4796715,931123
ERR4796715,1759252
ERR4796715,3273107
ERR4797693,497491
ERR4797693,797736
ERR4797693,931123
ERR4797693,1759252
ERR4797693,2505085
ERR4812963,403364
ERR4812963,764995
ERR4812963,1759252
Peru4569,764995
Peru4569,1132368
Peru4569,1759252
Peru4569,3977226
1742,1759252
1742,3836739
ERR4810519,1759252
ERR4810519,4246508
ERR4810519,4307886
ERR4796942,931123
ERR4796942,1759252
ERR4796942,3273107
ERR4796701,497491
ERR4796701,797736
ERR4796701,931123
ERR4796701,1759252
ERR4796701,2505085
ERR4828167,497491
ERR4828167,797736
ERR4828167,931123
ERR4828167,1759252
ERR4828167,2505085
ERR4811227,1759252
SAMN02380983,1501468
SAMN02380983,1759252
SAMN02380983,3466426
SAMN02380983,4260268
ERR4828672,615938
ERR4828672,931123
ERR4828672,1759252
ERR4828672,3021283
ERR4828672,3216553
ERR4828672,4404247
ERR4810781,497491
ERR4810781,797736
ERR4810781,931123
ERR4810781,1759252
ERR4810781,2505085
Peru3967,403364
Peru3967,764995
Peru3967,1759252
TRL0022765,497491
TRL0022765,797736
TRL0022765,931123
TRL0022765,1759252
TRL0022765,2505085
ERR2184453,764995
ERR2184453,1759252
ERR2184453,4316114
ERR4828874,62657
ERR4828874,107794
ERR4828874,891756
ERR4828874,1759252
ERR4810621,497491
ERR4810621,797736
ERR4810621,931123
ERR4810621,1759252
ERR4810621,2505085
Peru4971,62657
Peru4971,107794
Peru4971,891756
Peru4971,1759252
ERR4796471,497491
ERR4796471,797736
ERR4796471,931123
ERR4796471,1759252
ERR4796471,2505085
ERR4828579,615938
ERR4828579,931123
ERR4828579,1759252
ERR4828579,3021283
ERR4828579,3216553
ERR4828579,4404247
ERR4812521,62657
ERR4812521,1759252
ERR5918003,346693
ERR5918003,497491
ERR5918003,931123
ERR5918003,1759252
ERR5918003,2505085
ERR4813207,497491
ERR4813207,797736
ERR4813207,931123
ERR4813207,1759252
ERR4813207,2505085
ERR4830890,497491
ERR4830890,797736
ERR4830890,931123
ERR4830890,1759252
ERR4830890,2505085
ERR4797121,931123
ERR4797121,1759252
ERR4797121,3273107
ERR4797121,3722702
ERR4829128,931123
ERR4829128,1759252
ERR4829128,3273107
ERR4812885,497491
ERR4812885,797736
ERR4812885,931123
ERR4812885,1759252
ERR4812885,2505085
C131,62657
C131,514245
C131,1759252
C131,4229087
TRL0115418,62657
TRL0115418,514245
TRL0115418,1759252
TRL0115418,4229087
ERR4809137,764995
ERR4809137,1132368
ERR4809137,1502120
ERR4809137,1759252
ERR4809137,3977226
ERR4830294,615938
ERR4830294,931123
ERR4830294,1759252
ERR4830294,3479545
ERR4828453,1759252
ERR4828453,3836739
ERR4830749,497491
ERR4830749,797736
ERR4830749,931123
ERR4830749,1759252
ERR4830749,2505085
ERR4812711,62657
ERR4812711,514245
ERR4812711,1759252
ERR4812711,4229087
ERR4796407,615938
ERR4796407,931123
ERR4796407,1759252
ERR4796407,2622402
ERR4796407,4404247
ERR4811450,1759252
ERR4811450,2875883
ERR4811450,3466426
ERR4811450,4125058
ERR4830822,1487796
ERR4830822,1759252
ERR4830822,2411730
ERR4796767,497491
ERR4796767,797736
ERR4796767,931123
ERR4796767,1759252
ERR4796767,2505085
ERR4797490,403364
ERR4797490,764995
ERR4797490,1759252
ERR2184500,403364
ERR2184500,764995
ERR2184500,1759252
ERR4813770,764995
ERR4813770,1759252
ERR4813770,3977226
ERR4813770,4398141
ERR2184220,764995
ERR2184220,1759252
ERR2184220,4316114
C004,764995
C004,1132368
C004,1759252
C004,3977226
Peru5097,403364
Peru5097,764995
Peru5097,1759252
ERR3287435,497491
ERR3287435,797736
ERR3287435,931123
ERR3287435,1759252
ERR3287435,2505085
ERR4809262,346693
ERR4809262,497491
ERR4809262,931123
ERR4809262,1759252
ERR4809262,2505085
ERR4831169,62657
ERR4831169,107794
ERR4831169,891756
ERR4831169,1759252
ERR4797828,1759252
ERR4797828,3836739
TDR103S116L002,346693
TDR103S116L002,497491
TDR103S116L002,931123
TDR103S116L002,1759252
TDR103S116L002,2505085
M0003618-7,764995
M0003618-7,1759252
M0003618-7,4316114
ERR4811552,497491
ERR4811552,797736
ERR4811552,931123
ERR4811552,1759252
ERR4811552,2505085
TDR162S130L002,1501468
TDR162S130L002,1759252
TDR162S130L002,3466426
TDR162S130L002,4260268
AFB0700001150,62657
AFB0700001150,107794
AFB0700001150,891756
AFB0700001150,1759252
TRL0113639,497491
TRL0113639,797736
TRL0113639,931123
TRL0113639,1759252
TRL0113639,2505085
Peru2923,403364
Peru2923,764995
Peru2923,1759252
ERR4831255,1759252
ERR4831255,3836739
ERR3287742,1759252
TRL0115207,403364
TRL0115207,764995
TRL0115207,1759252
ERR4828894,62657
ERR4828894,1759252
ERR4828183,497491
ERR4828183,931123
ERR4828183,1759252
ERR4828183,1881090
ERR4812192,62657
ERR4812192,514245
ERR4812192,1759252
C040,346693
C040,497491
C040,931123
C040,1759252
C040,2505085
ERR4828896,931123
ERR4828896,1759252
ERR4828896,3273107
ERR4831644,497491
ERR4831644,797736
ERR4831644,931123
ERR4831644,1759252
ERR4831644,2505085
ERR4830471,764995
ERR4830471,1132368
ERR4830471,1759252
ERR4830471,3977226
ERR4829145,1759252
ERR4829145,2875883
ERR4829145,3466426
ERR4829145,4125058
ERR4829551,615938
ERR4829551,931123
ERR4829551,1759252
ERR4829551,2622402
ERR4829551,4404247
ERR4812645,764995
ERR4812645,1759252
M0004794-5,62657
M0004794-5,107794
M0004794-5,891756
M0004794-5,1759252
FS044-144,62657
FS044-144,514245
FS044-144,1759252
FS044-144,4229087
Peru3353,403364
Peru3353,764995
Peru3353,1759252
ERR4828943,764995
ERR4828943,1132368
ERR4828943,1759252
ERR4828943,3977226
ERR3287857,62657
ERR3287857,514245
ERR3287857,1759252
TDR214S191L002,62657
TDR214S191L002,107794
TDR214S191L002,891756
TDR214S191L002,1759252
ERR4796429,931123
ERR4796429,1759252
ERR4796429,3273107
ERR4810709,497491
ERR4810709,797736
ERR4810709,931123
ERR4810709,1759252
ERR4810709,2505085
ERR4811654,497491
ERR4811654,797736
ERR4811654,931123
ERR4811654,1759252
ERR4811654,2505085
ERR3287869,403364
ERR3287869,764995
ERR3287869,1759252
Peru4563,62657
Peru4563,107794
Peru4563,891756
Peru4563,1759252
KOR-K2016-0051,1759252
KOR-K2016-0051,4246508
KOR-K2016-0051,4307886
ERR4828410,497491
ERR4828410,797736
ERR4828410,931123
ERR4828410,1759252
ERR4828410,2505085
03R0749,62657
03R0749,107794
03R0749,891756
03R0749,1759252
FS027-77,764995
FS027-77,1759252
FS027-77,3388166
FS027-77,4316114
02R1728,764995
02R1728,1132368
02R1728,1759252
02R1728,3977226
ERR4828730,497491
ERR4828730,797736
ERR4828730,931123
ERR4828730,1759252
ERR4828730,2505085
ERR4812905,497491
ERR4812905,797736
ERR4812905,931123
ERR4812905,1759252
ERR4812905,2505085
Peru5081,764995
Peru5081,1132368
Peru5081,1759252
Peru5081,3977226
ERR4831215,62657
ERR4831215,107794
ERR4831215,891756
ERR4831215,1759252
ERR4796668,355181
ERR4796668,1759252
ERR4796668,4151558
ERR4796668,4307886
ERR4828259,497491
ERR4828259,797736
ERR4828259,931123
ERR4828259,1759252
ERR4828259,2505085
IDR1700018749,615938
IDR1700018749,931123
IDR1700018749,1491275
IDR1700018749,1759252
IDR1700018749,4404247
ERR4822546,1759252
ERR4822546,4249732
ERR4811437,403364
ERR4811437,764995
ERR4811437,1759252
ERR4829400,1759252
ERR4829400,3836739
ERR2510684,497491
ERR2510684,797736
ERR2510684,931123
ERR2510684,1759252
ERR2510684,2505085
TDR106S83L002,346693
TDR106S83L002,497491
TDR106S83L002,931123
TDR106S83L002,1759252
TDR106S83L002,2505085
ERR2184635,62657
ERR2184635,107794
ERR2184635,891756
ERR2184635,1759252
Peru4567,62657
Peru4567,107794
Peru4567,891756
Peru4567,1759252
ERR4797200,931123
ERR4797200,1237818
ERR4797200,1759252
ERR4797200,3273107
ERR4797200,3722702
ERR4812469,62657
ERR4812469,107794
ERR4812469,891756
ERR4812469,1759252
ERR4831114,62657
ERR4831114,107794
ERR4831114,891756
ERR4831114,1759252
ERR4828739,497491
ERR4828739,797736
ERR4828739,931123
ERR4828739,1759252
ERR4828739,2505085
ERR4828739,4248115
ERR4822625,783601
ERR4822625,1759252
ERR4822625,2411730
ERR4822432,1759252
ERR4822432,4249732
ERR4797556,497491
ERR4797556,797736
ERR4797556,931123
ERR4797556,1759252
ERR4797556,2505085
ERR4810625,497491
ERR4810625,797736
ERR4810625,931123
ERR4810625,1759252
ERR4810625,2505085
ERR4797317,497491
ERR4797317,797736
ERR4797317,931123
ERR4797317,1759252
ERR4797317,2505085
ERR4813812,764995
ERR4813812,1759252
ERR4813812,3977226
ERR4813812,4398141
M0001157-8,62657
M0001157-8,107794
M0001157-8,891756
M0001157-8,1759252
ERR2184636,764995
ERR2184636,1759252
ERR2184636,4316114
ERR2510557,615938
ERR2510557,931123
ERR2510557,1759252
ERR2510557,2622402
ERR2510557,4404247
ERR4831203,1759252
ERR4831203,3836739
Peru4954,1759252
Peru4954,3836739
ERR4831207,1759252
ERR4831207,3836739
ERR4811413,497491
ERR4811413,797736
ERR4811413,931123
ERR4811413,1759252
ERR4811413,2505085
ERR4830527,497491
ERR4830527,797736
ERR4830527,931123
ERR4830527,1759252
ERR4830527,2505085
ERR4830527,4248115
ERR4796313,1759252
ERR4796313,2694560
ERR4796313,4151558
ERR4796313,4307886
ERR4808991,497491
ERR4808991,797736
ERR4808991,931123
ERR4808991,1759252
ERR4808991,2505085
Peru4617,1501468
Peru4617,1759252
Peru4617,3466426
Peru4617,4260268
ERR4829028,764995
ERR4829028,1759252
ERR4829028,4316114
KOR-K2016-0039,1487796
KOR-K2016-0039,1759252
KOR-K2016-0039,2411730
ERR4831826,497491
ERR4831826,797736
ERR4831826,931123
ERR4831826,1759252
ERR4831826,2505085
ERR2184589,497491
ERR2184589,797736
ERR2184589,931123
ERR2184589,1759252
ERR2184589,2505085
ERR4809060,62657
ERR4809060,514245
ERR4809060,1759252
ERR4809060,4229087
ERR4808954,497491
ERR4808954,797736
ERR4808954,931123
ERR4808954,1759252
ERR4808954,2505085
ERR4808954,4248115
NLA000801696,497491
NLA000801696,797736
NLA000801696,931123
NLA000801696,1759252
NLA000801696,2505085
ERR4813981,764995
ERR4813981,1759252
ERR4813981,4316114
ERR4829011,403364
ERR4829011,764995
ERR4829011,1759252
Peru3030,403364
Peru3030,764995
Peru3030,1759252
ERR4828479,497491
ERR4828479,797736
ERR4828479,931123
ERR4828479,1759252
ERR4828479,2505085
ERR3287744,1759252
M0000382-3,62657
M0000382-3,107794
M0000382-3,891756
M0000382-3,1759252
KOR-K2016-0076,497491
KOR-K2016-0076,797736
KOR-K2016-0076,931123
KOR-K2016-0076,1759252
KOR-K2016-0076,2505085
ERR4796673,931123
ERR4796673,1759252
ERR4796673,3273107
ERR4796673,3722702
ERR4811310,497491
ERR4811310,797736
ERR4811310,931123
ERR4811310,1759252
ERR4811310,2505085
SAMEA3558228,1759252
SAMEA3558228,3836739
ERR4796726,497491
ERR4796726,797736
ERR4796726,931123
ERR4796726,1759252
ERR4796726,2505085
ERR2510272,931123
ERR2510272,1759252
ERR2510272,3273107
ERR4810529,1719757
ERR4810529,1759252
Peru4961,1759252
ERR3287605,62657
ERR3287605,107794
ERR3287605,891756
ERR3287605,1759252
ERR4822542,1759252
ERR4822542,3836739
ERR2184386,497491
ERR2184386,797736
ERR2184386,931123
ERR2184386,1759252
ERR2184386,2505085
ERR4811712,764995
ERR4811712,1759252
ERR4811712,4316114
C003,764995
C003,1759252
C003,3388166
C003,4316114
Peru4985,497491
Peru4985,797736
Peru4985,931123
Peru4985,1759252
Peru4985,2505085
ERR4831110,931123
ERR4831110,1759252
ERR4831110,3273107
ERR4831110,3722702
ERR4830490,355181
ERR4830490,1759252
ERR4830490,4151558
ERR4830490,4307886
IDR1800010502,1759252
Peru5130,403364
Peru5130,764995
Peru5130,1759252
ERR4830247,497491
ERR4830247,797736
ERR4830247,931123
ERR4830247,1759252
ERR4830247,2505085
ERR4811002,1719757
ERR4811002,1759252
ERR4830313,615938
ERR4830313,931123
ERR4830313,1759252
ERR4830313,3021283
ERR4830313,4404247
ERR2184323,764995
ERR2184323,1759252
ERR4830887,497491
ERR4830887,797736
ERR4830887,931123
ERR4830887,1759252
ERR4830887,2505085
SAMN02360552,346693
SAMN02360552,497491
SAMN02360552,931123
SAMN02360552,1759252
SAMN02360552,2505085
ERR4828527,497491
ERR4828527,797736
ERR4828527,931123
ERR4828527,1759252
ERR4828527,2505085
ERR4830709,62657
ERR4830709,107794
ERR4830709,891756
ERR4830709,1759252
ERR4832021,497491
ERR4832021,797736
ERR4832021,931123
ERR4832021,1759252
ERR4832021,2505085
ERR4832021,4248115
SAMEA3558223,1759252
19-1773-0078,615938
19-1773-0078,931123
19-1773-0078,1759252
19-1773-0078,3021283
19-1773-0078,4404247
ERR3287855,403364
ERR3287855,764995
ERR3287855,1759252
C434,1759252
C434,3836739
ERR4796698,497491
ERR4796698,797736
ERR4796698,931123
ERR4796698,1759252
ERR4796698,2505085
ERR4811696,764995
ERR4811696,1759252
ERR4811696,4316114
ERR4810859,1719757
ERR4810859,1759252
ERR4809199,497491
ERR4809199,797736
ERR4809199,931123
ERR4809199,1759252
ERR4809199,2505085
ERR5918058,764995
ERR5918058,1759252
ERR5918058,3388166
ERR5918058,4316114
ERR5917675,62657
ERR5917675,1759252
TRL0115383,497491
TRL0115383,797736
TRL0115383,931123
TRL0115383,1759252
TRL0115383,2505085
C313,62657
C313,514245
C313,1759252
C313,4229087
ERR4811400,62657
ERR4811400,107794
ERR4811400,891756
ERR4811400,1759252
TRL0024410,355181
TRL0024410,1759252
TRL0024410,4151558
TRL0024410,4307886
ERR4796827,497491
ERR4796827,797736
ERR4796827,931123
ERR4796827,1759252
ERR4796827,2505085
ERR4830306,615938
ERR4830306,931123
ERR4830306,1759252
ERR4830306,3021283
ERR4830306,3216553
ERR4830306,4404247
ERR4831984,497491
ERR4831984,797736
ERR4831984,931123
ERR4831984,1759252
ERR4831984,2505085
ERR4796982,497491
ERR4796982,797736
ERR4796982,931123
ERR4796982,1759252
ERR4796982,2505085
SAMN02381018,355181
SAMN02381018,1759252
SAMN02381018,4151558
SAMN02381018,4307886
KOR-K2016-0209,346693
KOR-K2016-0209,497491
KOR-K2016-0209,931123
KOR-K2016-0209,1759252
KOR-K2016-0209,2505085
Peru3361,403364
Peru3361,764995
Peru3361,1759252
ERR2510694,497491
ERR2510694,797736
ERR2510694,931123
ERR2510694,1759252
ERR2510694,2505085
ERR4796899,931123
ERR4796899,1759252
ERR4796899,3273107
03R0908,764995
03R0908,1759252
03R0908,4316114
ERR4828155,497491
ERR4828155,797736
ERR4828155,931123
ERR4828155,1759252
ERR4828155,2505085
ERR2510612,931123
ERR2510612,1759252
ERR2510612,3273107
ERR4810923,497491
ERR4810923,797736
ERR4810923,931123
ERR4810923,1759252
ERR4810923,2505085
ERR3287358,764995
ERR3287358,1132368
ERR3287358,1759252
ERR3287358,3977226
Peru3407,1759252
ERR4811698,1759252
ERR4812893,764995
ERR4812893,1759252
ERR4812893,3977226
ERR4812893,4398141
ERR4810647,1719757
ERR4810647,1759252
ERR4810700,497491
ERR4810700,797736
ERR4810700,931123
ERR4810700,1759252
ERR4810700,2505085
ERR4829509,1759252
ERR4829509,4151558
ERR4829509,4307886
ERR4809059,764995
ERR4809059,1759252
ERR4809059,3388166
ERR4809059,4316114
ERR4812563,497491
ERR4812563,797736
ERR4812563,931123
ERR4812563,1759252
ERR4812563,2505085
ERR2510554,615938
ERR2510554,931123
ERR2510554,1759252
ERR2510554,2622402
ERR2510554,4404247
ERR4812709,764995
ERR4812709,1759252
ERR4812709,4316114
TRL0095895,1759252
TRL0095895,3836739
ERR4830336,615938
ERR4830336,931123
ERR4830336,1759252
ERR4830336,3021283
ERR4830336,3216553
ERR4830336,4404247
C135,497491
C135,797736
C135,931123
C135,1759252
C135,2505085
ERR4822400,497491
ERR4822400,797736
ERR4822400,931123
ERR4822400,1759252
ERR4822400,2505085
ERR4809098,764995
ERR4809098,1759252
ERR4809098,3388166
ERR4809098,4316114
ERR4796999,497491
ERR4796999,797736
ERR4796999,931123
ERR4796999,1759252
ERR4796999,2505085
ERR4829398,1455780
ERR4829398,1487796
ERR4829398,1759252
ERR4829398,2411730
ERR4831973,497491
ERR4831973,797736
ERR4831973,931123
ERR4831973,1759252
ERR4831973,2505085
ERR4831128,62657
ERR4831128,107794
ERR4831128,891756
ERR4831128,1759252
ERR3287756,62657
ERR3287756,107794
ERR3287756,891756
ERR3287756,1759252
ERR3287431,403364
ERR3287431,764995
ERR3287431,1759252
ERR4796864,1759252
ERR4796864,3836739
Peru4694,764995
Peru4694,1759252
Peru4694,4316114
ERR4812004,62657
ERR4812004,514245
ERR4812004,1759252
ERR4830105,497491
ERR4830105,797736
ERR4830105,931123
ERR4830105,1759252
ERR4830105,2505085
C223,764995
C223,1759252
C223,4316114
RJ00247078,62657
RJ00247078,514245
RJ00247078,1759252
RJ00247078,4229087
ERR4822507,1759252
ERR4822507,3836739
ERR4828743,497491
ERR4828743,797736
ERR4828743,931123
ERR4828743,1759252
ERR4828743,2505085
ERR2184430,1759252
ERR2184430,4151558
ERR2184430,4307886
ERR2510596,931123
ERR2510596,1759252
ERR2510596,3273107
ERR4829690,1759252
ERR4829690,4249732
Peru4947,891756
Peru4947,1759252
ERR4830586,497491
ERR4830586,797736
ERR4830586,931123
ERR4830586,1759252
ERR4830586,2505085
C399,62657
C399,514245
C399,541048
C399,1759252
ERR4830987,497491
ERR4830987,797736
ERR4830987,931123
ERR4830987,1759252
ERR4830987,2505085
ERR5917969,346693
ERR5917969,497491
ERR5917969,931123
ERR5917969,1759252
ERR5917969,2505085
ERR4797290,62657
ERR4797290,107794
ERR4797290,891756
ERR4797290,1759252
ERR4812448,62657
ERR4812448,514245
ERR4812448,1759252
Peru3426,403364
Peru3426,764995
Peru3426,1759252
ERR4822609,931123
ERR4822609,1084911
ERR4822609,1759252
ERR4822609,3273107
ERR5918050,62657
ERR5918050,514245
ERR5918050,1759252
ERR5918050,4229087
Peru5126,497491
Peru5126,797736
Peru5126,931123
Peru5126,1759252
Peru5126,2505085
SAMN02364080,497491
SAMN02364080,797736
SAMN02364080,931123
SAMN02364080,1759252
SAMN02364080,2505085
SAMN02364080,4248115
ERR2510393,931123
ERR2510393,1237818
ERR2510393,1759252
ERR2510393,3273107
ERR2510393,3722702
ERR3287801,403364
ERR3287801,764995
ERR3287801,1759252
ERR4832028,497491
ERR4832028,797736
ERR4832028,931123
ERR4832028,1759252
ERR4832028,2505085
ERR4832028,4248115
ERR4822588,497491
ERR4822588,797736
ERR4822588,931123
ERR4822588,1759252
ERR4822588,2505085
ERR4796412,497491
ERR4796412,797736
ERR4796412,931123
ERR4796412,1759252
ERR4796412,2505085
ERR4810593,497491
ERR4810593,797736
ERR4810593,931123
ERR4810593,1759252
ERR4810593,2505085
ERR5918072,497491
ERR5918072,797736
ERR5918072,931123
ERR5918072,1759252
ERR5918072,2505085
ERR5918072,4248115
ERR4809113,355181
ERR4809113,1759252
ERR4809113,4151558
ERR4809113,4307886
ERR2510640,931123
ERR2510640,1759252
ERR2510640,3273107
ERR3287312,764995
ERR3287312,1132368
ERR3287312,1759252
ERR3287312,3977226
ERR2184548,62657
ERR2184548,107794
ERR2184548,891756
ERR2184548,1759252
ERR4828656,615938
ERR4828656,931123
ERR4828656,1759252
ERR4828656,3021283
ERR4828656,3216553
ERR4828656,4404247
ERR4811174,1719757
ERR4811174,1759252
TRL0112980,764995
TRL0112980,1759252
TRL0112980,3388166
TRL0112980,4316114
ERR4810742,1719757
ERR4810742,1759252
ERR4830076,62657
ERR4830076,107794
ERR4830076,891756
ERR4830076,1759252
ERR4798038,1759252
ERR4798038,3466426
ERR4822584,403364
ERR4822584,764995
ERR4822584,1759252
ERR4796550,615938
ERR4796550,931123
ERR4796550,1759252
ERR4796550,3470377
ERR4798329,1487796
ERR4798329,1759252
ERR4798329,2411730
ERR4814008,764995
ERR4814008,1759252
ERR4814008,3977226
ERR4814008,4398141
ERR3287425,403364
ERR3287425,764995
ERR3287425,1759252
ERR4811551,497491
ERR4811551,797736
ERR4811551,931123
ERR4811551,1759252
ERR4811551,2505085
ERR4811210,497491
ERR4811210,797736
ERR4811210,931123
ERR4811210,1759252
ERR4811210,2505085
Peru5080,497491
Peru5080,797736
Peru5080,931123
Peru5080,1759252
Peru5080,2505085
TRL0110907,497491
TRL0110907,797736
TRL0110907,931123
TRL0110907,1759252
TRL0110907,2505085
TDR234S206L002,62657
TDR234S206L002,107794
TDR234S206L002,891756
TDR234S206L002,1759252
ERR4830612,497491
ERR4830612,797736
ERR4830612,931123
ERR4830612,1759252
ERR4830612,2505085
KOR-K2016-0085,497491
KOR-K2016-0085,797736
KOR-K2016-0085,931123
KOR-K2016-0085,1759252
KOR-K2016-0085,2505085
ERR4796588,497491
ERR4796588,797736
ERR4796588,931123
ERR4796588,1759252
ERR4796588,2505085
ERR2184400,62657
ERR2184400,107794
ERR2184400,891756
ERR2184400,1759252
TRL0116880,403364
TRL0116880,764995
TRL0116880,1759252
ERR4797311,931123
ERR4797311,1759252
ERR4828861,931123
ERR4828861,1759252
ERR4828861,3273107
ERR4810883,1759252
ERR4810883,4246508
ERR4810883,4307886
Peru2924,1759252
Peru2924,3836739
ERR4830518,355181
ERR4830518,1759252
ERR4830518,4151558
ERR4830518,4307886
Peru4732,62657
Peru4732,107794
Peru4732,891756
Peru4732,1759252
TDR227S199L002,1759252
TDR227S199L002,3836739
C447,764995
C447,1132368
C447,1502120
C447,1759252
C447,3977226
ERR4809042,497491
ERR4809042,797736
ERR4809042,931123
ERR4809042,1759252
ERR4809042,2505085
Peru5443,764995
Peru5443,1132368
Peru5443,1759252
Peru5443,3977226
ERR4814017,403364
ERR4814017,764995
ERR4814017,1759252
C201,764995
C201,1132368
C201,1502120
C201,1759252
C201,3977226
Peru3261,403364
Peru3261,764995
Peru3261,1759252
ERR4813961,62657
ERR4813961,107794
ERR4813961,891756
ERR4813961,1759252
ERR4831431,931123
ERR4831431,1759252
ERR4831431,3273107
ERR4831029,497491
ERR4831029,797736
ERR4831029,931123
ERR4831029,1759252
ERR4831029,2505085
Peru3327,403364
Peru3327,764995
Peru3327,1759252
ERR4828465,1759252
ERR4828465,4246508
ERR4828465,4307886
ERR4809044,497491
ERR4809044,797736
ERR4809044,931123
ERR4809044,1759252
ERR4809044,2505085
NLA000401230,497491
NLA000401230,797736
NLA000401230,931123
NLA000401230,1759252
NLA000401230,2505085
ERR5918122,497491
ERR5918122,797736
ERR5918122,931123
ERR5918122,1759252
ERR5918122,2505085
ERR5918122,4248115
ERR4822541,1455780
ERR4822541,1487796
ERR4822541,1759252
ERR4822541,2411730
ERR4828313,497491
ERR4828313,797736
ERR4828313,931123
ERR4828313,1759252
ERR4828313,2505085
ERR4828313,4248115
NLA009600108,497491
NLA009600108,797736
NLA009600108,931123
NLA009600108,1759252
NLA009600108,2505085
ERR4795891,1759252
ERR4795891,3836739
Peru3382,403364
Peru3382,764995
Peru3382,1759252
ERR4811293,497491
ERR4811293,797736
ERR4811293,931123
ERR4811293,1759252
ERR4811293,2505085
ERR4796944,497491
ERR4796944,797736
ERR4796944,931123
ERR4796944,1759252
ERR4796944,2505085
ERR4812553,403364
ERR4812553,764995
ERR4812553,1759252
ERR4812669,1719757
ERR4812669,1759252
SAMEA3558116,1759252
ERR4829708,783601
ERR4829708,1759252
ERR4829708,2411730
ERR4797126,931123
ERR4797126,1759252
ERR4797126,3273107
ERR4796629,497491
ERR4796629,797736
ERR4796629,931123
ERR4796629,1759252
ERR4796629,2505085
ERR4796629,4248115
ERR4830460,497491
ERR4830460,797736
ERR4830460,931123
ERR4830460,1759252
ERR4830460,2505085
ERR4830460,4248115
M0003753-2,62657
M0003753-2,1759252
ERR4828924,497491
ERR4828924,797736
ERR4828924,931123
ERR4828924,1759252
ERR4828924,2505085
ERR2510256,931123
ERR2510256,1759252
ERR2510256,3273107
ERR4828315,497491
ERR4828315,797736
ERR4828315,931123
ERR4828315,1759252
ERR4828315,2505085
TRL0114650,346693
TRL0114650,497491
TRL0114650,931123
TRL0114650,1759252
TRL0114650,2505085
ERR4813786,62657
ERR4813786,107794
ERR4813786,891756
ERR4813786,1759252
01R1466,764995
01R1466,1132368
01R1466,1759252
01R1466,3977226
ERR2510674,931123
ERR2510674,1759252
Peru5138,497491
Peru5138,797736
Peru5138,931123
Peru5138,1759252
Peru5138,2505085
TRL0115846,346693
TRL0115846,497491
TRL0115846,931123
TRL0115846,1759252
TRL0115846,2505085
ERR4830916,497491
ERR4830916,797736
ERR4830916,931123
ERR4830916,1759252
ERR4830916,2505085
TDR94S189L002,1487796
TDR94S189L002,1759252
TDR94S189L002,2411730
KOR-K2016-0022,497491
KOR-K2016-0022,797736
KOR-K2016-0022,931123
KOR-K2016-0022,1759252
KOR-K2016-0022,2505085
ERR4822445,1759252
ERR4822445,3836739
Peru4035,62657
Peru4035,107794
Peru4035,891756
Peru4035,1759252
ERR4831168,1759252
GA050-131,346693
GA050-131,497491
GA050-131,931123
GA050-131,1759252
GA050-131,2505085
ERR4829730,62657
ERR4829730,891756
ERR4829730,1759252
ERR4829472,1759252
ERR4829472,3836739
ERR4809171,764995
ERR4809171,1759252
ERR4809171,3388166
ERR4809171,4316114
TDR156S121L002,403364
TDR156S121L002,764995
TDR156S121L002,1759252
ERR4829545,497491
ERR4829545,797736
ERR4829545,931123
ERR4829545,1759252
ERR4829545,2505085
ERR4797280,931123
ERR4797280,1759252
ERR4797280,3273107
ERR4797280,3722702
ERR4797373,497491
ERR4797373,797736
ERR4797373,931123
ERR4797373,1759252
ERR4797373,2505085
ERR4811737,403364
ERR4811737,764995
ERR4811737,1759252
ERR3287678,403364
ERR3287678,764995
ERR3287678,1759252
ERR4797370,931123
ERR4797370,1759252
ERR4797370,3273107
ERR4830589,497491
ERR4830589,797736
ERR4830589,931123
ERR4830589,1759252
ERR4830589,2505085
ERR4809185,615938
ERR4809185,931123
ERR4809185,1759252
ERR4809185,3470377
ERR4811373,497491
ERR4811373,797736
ERR4811373,931123
ERR4811373,1759252
ERR4811373,2505085
ERR4796797,931123
ERR4796797,1759252
ERR4796797,3273107
ERR4796797,3722702
IDR1900012394,931123
IDR1900012394,1759252
IDR1900012394,3273107
IDR1800044268,403364
IDR1800044268,764995
IDR1800044268,1759252
IDR1300005060,62657
IDR1300005060,891756
IDR1300005060,1759252
ERR3287866,1759252
ERR4811472,497491
ERR4811472,797736
ERR4811472,931123
ERR4811472,1759252
ERR4811472,2505085
ERR4811089,497491
ERR4811089,797736
ERR4811089,931123
ERR4811089,1759252
ERR4811089,2505085
KOR-K2016-0116,346693
KOR-K2016-0116,497491
KOR-K2016-0116,931123
KOR-K2016-0116,1759252
KOR-K2016-0116,2505085
Peru3349,62657
Peru3349,514245
Peru3349,1759252
Peru4989,497491
Peru4989,797736
Peru4989,931123
Peru4989,1759252
Peru4989,2505085
ERR4822425,1759252
ERR4822425,3836739
IDR1200003130,497491
IDR1200003130,797736
IDR1200003130,931123
IDR1200003130,1759252
IDR1200003130,2505085
ERR4830257,62657
ERR4830257,891756
ERR4830257,1759252
ERR2184331,497491
ERR2184331,797736
ERR2184331,931123
ERR2184331,1759252
ERR2184331,2505085
ERR4812497,62657
ERR4812497,107794
ERR4812497,891756
ERR4812497,1759252
ERR4831809,497491
ERR4831809,797736
ERR4831809,931123
ERR4831809,1759252
ERR4831809,2505085
JPN-R2012-0046,497491
JPN-R2012-0046,797736
JPN-R2012-0046,931123
JPN-R2012-0046,1759252
JPN-R2012-0046,2505085
JPN-R2012-0046,4248115
ERR3287516,62657
ERR3287516,514245
ERR3287516,1759252
ERR3287516,4229087
ERR4796567,615938
ERR4796567,931123
ERR4796567,1491275
ERR4796567,1759252
ERR4796567,4404247
ERR3287682,403364
ERR3287682,764995
ERR3287682,1759252
Peru3023,1759252
Peru3023,3836739
ERR4811563,1719757
ERR4811563,1759252
ERR2510550,931123
ERR2510550,1759252
ERR2510550,3273107
IDR1800010849,497491
IDR1800010849,797736
IDR1800010849,931123
IDR1800010849,1759252
IDR1800010849,2505085
ERR2184463,497491
ERR2184463,797736
ERR2184463,931123
ERR2184463,1759252
ERR2184463,2505085
ERR4811093,497491
ERR4811093,797736
ERR4811093,931123
ERR4811093,1759252
ERR4811093,2505085
UH00236601,931123
UH00236601,1759252
UH00236601,3273107
ERR3287481,403364
ERR3287481,764995
ERR3287481,1759252
ERR2510707,497491
ERR2510707,797736
ERR2510707,931123
ERR2510707,1759252
ERR2510707,2505085
ERR4811097,497491
ERR4811097,797736
ERR4811097,931123
ERR4811097,1759252
ERR4811097,2505085
TH00083947,497491
TH00083947,797736
TH00083947,931123
TH00083947,1759252
TH00083947,2505085
ERR4796739,931123
ERR4796739,1759252
ERR4796739,3273107
JG00244947,764995
JG00244947,1759252
JG00244947,3388166
JG00244947,4316114
ERR2510575,931123
ERR2510575,1759252
ERR2510575,3273107
ERR4797115,497491
ERR4797115,797736
ERR4797115,931123
ERR4797115,1759252
ERR4797115,2505085
ERR2510305,497491
ERR2510305,797736
ERR2510305,931123
ERR2510305,1759252
ERR2510305,2505085
ERR2510305,4248115
ERR4811078,1719757
ERR4811078,1759252
ERR4796469,497491
ERR4796469,797736
ERR4796469,931123
ERR4796469,1759252
ERR4796469,2505085
ERR4796469,4248115
ERR4831025,931123
ERR4831025,1759252
ERR4831025,3273107
ERR4829446,62657
ERR4829446,107794
ERR4829446,891756
ERR4829446,1759252
ERR2510563,931123
ERR2510563,1759252
ERR2510563,3273107
ERR4809187,615938
ERR4809187,931123
ERR4809187,1759252
ERR4809187,3470377
ERR4796582,615938
ERR4796582,931123
ERR4796582,1491275
ERR4796582,1759252
ERR4796582,4404247
ERR4828858,1759252
ERR4828858,3836739
Peru3373,403364
Peru3373,764995
Peru3373,1759252
ERR4797716,615938
ERR4797716,931123
ERR4797716,1759252
ERR4797716,2622402
ERR4797716,4404247
ERR4828892,1759252
ERR4828892,4249732
ERR2510613,931123
ERR2510613,1759252
ERR2510613,3273107
ERR4829104,1759252
ERR4829104,3466426
ERR4829104,4125058
ERR4831288,931123
ERR4831288,1759252
ERR4831288,3273107
ERR4811474,1759252
ERR4811474,4246508
ERR4811474,4307886
ERR3287853,764995
ERR3287853,1759252
ERR3287853,4316114
ERR4830051,1719757
ERR4830051,1759252
ERR4810696,497491
ERR4810696,797736
ERR4810696,931123
ERR4810696,1759252
ERR4810696,2505085
ERR4830390,497491
ERR4830390,797736
ERR4830390,931123
ERR4830390,1759252
ERR4830390,2505085
ERR4809040,615938
ERR4809040,931123
ERR4809040,1759252
ERR4809040,3470377
Peru3040,764995
Peru3040,1132368
Peru3040,1759252
Peru3040,3977226
ERR4812974,62657
ERR4812974,514245
ERR4812974,1759252
SAMEA3558214,1759252
ERR4809201,615938
ERR4809201,931123
ERR4809201,1759252
ERR4809201,3470377
ERR4812534,62657
ERR4812534,514245
ERR4812534,1759252
ERR4810865,497491
ERR4810865,797736
ERR4810865,931123
ERR4810865,1759252
ERR4810865,2505085
ERR4797478,497491
ERR4797478,797736
ERR4797478,931123
ERR4797478,1759252
ERR4797478,2505085
ERR4797478,4248115
ERR4812489,62657
ERR4812489,514245
ERR4812489,1759252
TRL0107570,497491
TRL0107570,797736
TRL0107570,931123
TRL0107570,1759252
TRL0107570,2505085
ERR2510375,931123
ERR2510375,1759252
ERR2510375,3273107
TDR32S158L002,497491
TDR32S158L002,797736
TDR32S158L002,931123
TDR32S158L002,1759252
TDR32S158L002,2505085
C384,497491
C384,797736
C384,931123
C384,1759252
C384,2505085
C384,4248115
ERR4829119,355181
ERR4829119,1759252
ERR4829119,4151558
ERR4829119,4307886
ERR4812198,403364
ERR4812198,764995
ERR4812198,1759252
ERR4831100,403364
ERR4831100,764995
ERR4831100,1759252
ERR2184253,62657
ERR2184253,107794
ERR2184253,891756
ERR2184253,1759252
ERR3287635,62657
ERR3287635,107794
ERR3287635,891756
ERR3287635,1759252
ERR2510331,931123
ERR2510331,1759252
ERR2510331,3273107
TDR55S160L002,783601
TDR55S160L002,1759252
TDR55S160L002,2411730
Peru4684,62657
Peru4684,107794
Peru4684,891756
Peru4684,1759252
Peru3059,497491
Peru3059,797736
Peru3059,931123
Peru3059,1759252
Peru3059,2505085
ERR4797614,764995
ERR4797614,1759252
ERR4797614,3977226
ERR4797614,4398141
ERR4809357,346693
ERR4809357,497491
ERR4809357,931123
ERR4809357,1759252
ERR4809357,2505085
ERR4831034,497491
ERR4831034,797736
ERR4831034,931123
ERR4831034,1759252
ERR4831034,2505085
ERR4798046,497491
ERR4798046,797736
ERR4798046,931123
ERR4798046,1759252
ERR4798046,2505085
ERR4798046,4248115
ERR4829671,615614
ERR4829671,764995
ERR4829671,1759252
ERR4796858,1487796
ERR4796858,1759252
ERR4796858,2411730
ERR4796521,497491
ERR4796521,797736
ERR4796521,931123
ERR4796521,1759252
ERR4796521,2505085
ERR4796521,4248115
ERR3287685,403364
ERR3287685,764995
ERR3287685,1759252
ERR4822601,497491
ERR4822601,797736
ERR4822601,931123
ERR4822601,1759252
ERR4822601,2505085
ERR4810648,497491
ERR4810648,797736
ERR4810648,931123
ERR4810648,1759252
ERR4810648,2505085
Peru3001,764995
Peru3001,1759252
Peru3001,4316114
ERR4810654,497491
ERR4810654,797736
ERR4810654,931123
ERR4810654,1759252
ERR4810654,2505085
ERR4796454,615938
ERR4796454,931123
ERR4796454,1759252
ERR4796454,3470377
M0017320-4,1759252
M0017320-4,3836739
ERR2510664,783601
ERR2510664,1759252
ERR2510664,2411730
ERR4813270,62657
ERR4813270,107794
ERR4813270,891756
ERR4813270,1759252
ERR4830393,497491
ERR4830393,797736
ERR4830393,931123
ERR4830393,1759252
ERR4830393,2505085
ERR4830042,497491
ERR4830042,797736
ERR4830042,931123
ERR4830042,1759252
ERR4830042,2505085
ERR4829746,1759252
ERR4829746,3836739
ERR4813109,1759252
ERR4813429,497491
ERR4813429,797736
ERR4813429,931123
ERR4813429,1759252
ERR4813429,2505085
ERR4829682,1759252
ERR4829682,2875883
ERR4829682,3466426
ERR4829682,4125058
ERR4810991,497491
ERR4810991,797736
ERR4810991,931123
ERR4810991,1759252
ERR4810991,2505085
Peru4023,1759252
ERR4830595,497491
ERR4830595,797736
ERR4830595,931123
ERR4830595,1759252
ERR4830595,2505085
ERR4797132,497491
ERR4797132,797736
ERR4797132,931123
ERR4797132,1759252
ERR4797132,2505085
ERR4797372,615938
ERR4797372,931123
ERR4797372,1759252
ERR4797372,3470377
ERR4829099,931123
ERR4829099,1759252
ERR4829099,3273107
ERR4814031,764995
ERR4814031,1132368
ERR4814031,1759252
ERR4814031,3977226
ERR4797591,931123
ERR4797591,1759252
ERR4797591,3273107
ERR4811456,1759252
Peru3270,403364
Peru3270,764995
Peru3270,1759252
ERR4812376,403364
ERR4812376,764995
ERR4812376,1759252
ERR4797695,497491
ERR4797695,797736
ERR4797695,931123
ERR4797695,1759252
ERR4797695,2505085
ERR4797695,4248115
ERR4812036,403364
ERR4812036,764995
ERR4812036,1759252
ERR4796563,1759252
ERR4796563,3836739
ERR4830220,497491
ERR4830220,797736
ERR4830220,931123
ERR4830220,1759252
ERR4830220,2505085
ERR4830220,4248115
TRL0113094,764995
TRL0113094,1759252
TRL0113094,3388166
TRL0113094,4316114
ERR4797087,615938
ERR4797087,931123
ERR4797087,1759252
ERR4797087,2622402
ERR4797087,4404247
ERR4829588,1759252
ERR4829588,3836739
ERR2510418,931123
ERR2510418,1759252
ERR2510418,3273107
ERR4810471,1719757
ERR4810471,1759252
ERR4830525,355181
ERR4830525,1759252
ERR4830525,4151558
ERR4830525,4307886
KOR-K2016-0128,346693
KOR-K2016-0128,497491
KOR-K2016-0128,931123
KOR-K2016-0128,1759252
KOR-K2016-0128,2505085
ERR4797176,615938
ERR4797176,931123
ERR4797176,1759252
ERR4797176,2622402
ERR4797176,4404247
02R0971,62657
02R0971,514245
02R0971,1759252
ERR4811360,497491
ERR4811360,797736
ERR4811360,931123
ERR4811360,1759252
ERR4811360,2505085
ERR5918094,764995
ERR5918094,1759252
ERR5918094,3388166
ERR5918094,4316114
Peru5095,764995
Peru5095,1759252
Peru5095,3977226
Peru5095,4398141
ERR2184543,62657
ERR2184543,107794
ERR2184543,891756
ERR2184543,1759252
ERR4831986,497491
ERR4831986,797736
ERR4831986,931123
ERR4831986,1759252
ERR4831986,2505085
ERR4830837,1487796
ERR4830837,1759252
ERR4830837,2411730
ERR4828975,346693
ERR4828975,497491
ERR4828975,931123
ERR4828975,1759252
ERR4828975,2505085
KOR-K2016-0017,346693
KOR-K2016-0017,497491
KOR-K2016-0017,931123
KOR-K2016-0017,1759252
KOR-K2016-0017,2505085
ERR5918055,355181
ERR5918055,1759252
ERR5918055,4151558
ERR5918055,4307886
TRL0115707,497491
TRL0115707,797736
TRL0115707,931123
TRL0115707,1759252
TRL0115707,2505085
ERR4798048,497491
ERR4798048,797736
ERR4798048,931123
ERR4798048,1759252
ERR4798048,2505085
ERR2184565,62657
ERR2184565,107794
ERR2184565,891756
ERR2184565,1759252
ERR3287614,403364
ERR3287614,764995
ERR3287614,1759252
Peru4309,403364
Peru4309,764995
Peru4309,1759252
Peru3311,403364
Peru3311,764995
Peru3311,1759252
Peru4610,764995
Peru4610,1132368
Peru4610,1759252
Peru4610,3977226
ERR4813092,62657
ERR4813092,107794
ERR4813092,891756
ERR4813092,1759252
C409,497491
C409,797736
C409,931123
C409,1759252
C409,2505085
C409,4248115
KOR-K2016-0166,497491
KOR-K2016-0166,797736
KOR-K2016-0166,931123
KOR-K2016-0166,1759252
KOR-K2016-0166,2505085
ERR4811979,403364
ERR4811979,764995
ERR4811979,1759252
KOR-K2016-0064,497491
KOR-K2016-0064,797736
KOR-K2016-0064,931123
KOR-K2016-0064,1759252
KOR-K2016-0064,2505085
ERR4811047,1759252
ERR4811047,4246508
ERR4811047,4307886
KOR-K2016-0043,346693
KOR-K2016-0043,497491
KOR-K2016-0043,931123
KOR-K2016-0043,1759252
KOR-K2016-0043,2505085
20542,62657
20542,514245
20542,1759252
ERR4812594,62657
ERR4812594,107794
ERR4812594,891756
ERR4812594,1759252
ERR4811837,403364
ERR4811837,764995
ERR4811837,1759252
ERR4813434,764995
ERR4813434,1759252
ERR4813434,3977226
IDR1900007821,1759252
IDR1900007821,3836739
ERR4829867,355181
ERR4829867,1759252
ERR4829867,4151558
ERR4829867,4307886
ERR4831188,62657
ERR4831188,107794
ERR4831188,891756
ERR4831188,1759252
TRL0108114,764995
TRL0108114,1759252
TRL0108114,4316114
ERR4829018,62657
ERR4829018,107794
ERR4829018,891756
ERR4829018,1759252
Peru5035,497491
Peru5035,797736
Peru5035,931123
Peru5035,1759252
Peru5035,2505085
ERR4829856,1759252
ERR4829856,3836739
ERR4813807,62657
ERR4813807,107794
ERR4813807,891756
ERR4813807,1759252
ERR3287455,403364
ERR3287455,764995
ERR3287455,1759252
ERR4797063,931123
ERR4797063,1237818
ERR4797063,1759252
ERR4797063,3273107
ERR4797063,3722702
ERR4831613,497491
ERR4831613,797736
ERR4831613,931123
ERR4831613,1759252
ERR4831613,2505085
ERR4831613,4248115
TRL0113166,764995
TRL0113166,1759252
TRL0113166,3388166
TRL0113166,4316114
ERR4829381,497491
ERR4829381,797736
ERR4829381,931123
ERR4829381,1759252
ERR4829381,2505085
ERR3287604,403364
ERR3287604,764995
ERR3287604,1759252
ERR4811028,497491
ERR4811028,797736
ERR4811028,931123
ERR4811028,1759252
ERR4811028,2505085
ERR4796396,1487796
ERR4796396,1759252
ERR4796396,2411730
ERR4797464,403364
ERR4797464,764995
ERR4797464,1759252
ERR4811081,497491
ERR4811081,797736
ERR4811081,931123
ERR4811081,1759252
ERR4811081,2505085
ERR4831803,497491
ERR4831803,797736
ERR4831803,931123
ERR4831803,1759252
ERR4831803,2505085
ERR4831096,497491
ERR4831096,797736
ERR4831096,931123
ERR4831096,1759252
ERR4831096,2505085
ERR4829749,62657
ERR4829749,107794
ERR4829749,891756
ERR4829749,1759252
ERR5918136,403364
ERR5918136,764995
ERR5918136,1759252
ERR4812019,403364
ERR4812019,764995
ERR4812019,1759252
ERR4811672,62657
ERR4811672,107794
ERR4811672,891756
ERR4811672,1759252
ERR4812470,62657
ERR4812470,107794
ERR4812470,891756
ERR4812470,1759252
ERR4795888,1759252
ERR4795888,3836739
C143,403364
C143,764995
C143,1759252
ERR2510572,931123
ERR2510572,1759252
ERR2510572,3273107
ERR4810718,497491
ERR4810718,797736
ERR4810718,931123
ERR4810718,1759252
ERR4810718,2505085
ERR3287357,497491
ERR3287357,797736
ERR3287357,931123
ERR3287357,1759252
ERR3287357,2505085
TRL0039576,497491
TRL0039576,797736
TRL0039576,931123
TRL0039576,1759252
TRL0039576,2505085
ERR4830056,497491
ERR4830056,797736
ERR4830056,931123
ERR4830056,1759252
ERR4830056,2505085
Peru3990,62657
Peru3990,891756
Peru3990,1759252
ERR2184266,764995
ERR2184266,1132368
ERR2184266,1759252
ERR2184266,3977226
C081,764995
C081,1759252
C081,3388166
C081,4316114
ERR4810909,1719757
ERR4810909,1759252
Peru4573,764995
Peru4573,1759252
Peru4573,4316114
ERR4796261,403364
ERR4796261,764995
ERR4796261,1759252
ERR4829125,1759252
ERR4829125,3466426
ERR4830260,497491
ERR4830260,797736
ERR4830260,931123
ERR4830260,1759252
ERR4830260,2505085
IDR1800038928,497491
IDR1800038928,797736
IDR1800038928,931123
IDR1800038928,1759252
IDR1800038928,2505085
ERR4828733,346693
ERR4828733,497491
ERR4828733,931123
ERR4828733,1759252
ERR4828733,2505085
ERR2510262,931123
ERR2510262,1759252
ERR2510262,3273107
C039,497491
C039,797736
C039,931123
C039,1759252
C039,2505085
TRL0115030,403364
TRL0115030,764995
TRL0115030,1759252
ERR4830795,1759252
ERR4830795,3466426
ERR4830795,4125058
ERR4828791,931123
ERR4828791,1759252
ERR4828791,3273107
IDR1900018708,62657
IDR1900018708,891756
IDR1900018708,1759252
30544,497491
30544,797736
30544,931123
30544,1759252
30544,2505085
30544,4248115
JPN-R2014-0107,497491
JPN-R2014-0107,797736
JPN-R2014-0107,931123
JPN-R2014-0107,1759252
JPN-R2014-0107,2505085
ERR4811214,1719757
ERR4811214,1759252
ERR4812373,62657
ERR4812373,107794
ERR4812373,891756
ERR4812373,1759252
24103,1759252
24103,3836739
ERR4830358,1759252
ERR4830358,3836739
ERR4810893,497491
ERR4810893,797736
ERR4810893,931123
ERR4810893,1759252
ERR4810893,2505085
ERR2510584,931123
ERR2510584,1759252
ERR2510584,3273107
ERR4811228,497491
ERR4811228,797736
ERR4811228,931123
ERR4811228,1759252
ERR4811228,2505085
TRL0101901,62657
TRL0101901,514245
TRL0101901,1759252
TRL0101901,4229087
KOR-K2016-0133,497491
KOR-K2016-0133,797736
KOR-K2016-0133,931123
KOR-K2016-0133,1759252
KOR-K2016-0133,2505085
ERR4797733,615938
ERR4797733,931123
ERR4797733,1759252
ERR4797733,2622402
ERR4797733,4404247
ERR4812724,62657
ERR4812724,107794
ERR4812724,891756
ERR4812724,1759252
ERR4830271,615938
ERR4830271,931123
ERR4830271,1759252
ERR4830271,3021283
ERR4830271,3216553
ERR4830271,4404247
ERR4830516,931123
ERR4830516,1759252
ERR4830516,3273107
ERR4822436,931123
ERR4822436,1759252
ERR4822436,3273107
ERR4811443,62657
ERR4811443,1759252
0210098,62657
0210098,514245
0210098,1759252
0210098,4229087
ERR4830947,497491
ERR4830947,797736
ERR4830947,931123
ERR4830947,1759252
ERR4830947,2505085
ERR4829149,1759252
ERR4829149,2875883
ERR4829149,3466426
ERR4829149,4125058
Peru4991,403364
Peru4991,764995
Peru4991,1759252
ERR4811894,62657
ERR4811894,107794
ERR4811894,891756
ERR4811894,1759252
ERR4831935,497491
ERR4831935,797736
ERR4831935,931123
ERR4831935,1759252
ERR4831935,2505085
ERR4831935,4248115
ERR4798313,1719757
ERR4798313,1759252
ERR4813159,403364
ERR4813159,764995
ERR4813159,1759252
ERR4811660,62657
ERR4811660,107794
ERR4811660,891756
ERR4811660,1759252
Peru4978,403364
Peru4978,764995
Peru4978,1759252
ERR4811280,497491
ERR4811280,797736
ERR4811280,931123
ERR4811280,1759252
ERR4811280,2505085
ERR5917667,403364
ERR5917667,764995
ERR5917667,1759252
ERR4808872,1487796
ERR4808872,1759252
ERR4808872,2411730
C303,764995
C303,1759252
C303,3388166
C303,4316114
ERR4831291,497491
ERR4831291,797736
ERR4831291,931123
ERR4831291,1759252
ERR4831291,2505085
Peru4987,403364
Peru4987,764995
Peru4987,1759252
ERR4831419,62657
ERR4831419,107794
ERR4831419,891756
ERR4831419,1759252
ERR4812555,62657
ERR4812555,107794
ERR4812555,891756
ERR4812555,1759252
ERR4811149,497491
ERR4811149,797736
ERR4811149,931123
ERR4811149,1759252
ERR4811149,2505085
TRL0086437,764995
TRL0086437,1132368
TRL0086437,1759252
TRL0086437,3977226
Peru3411,764995
Peru3411,1132368
Peru3411,1759252
Peru3411,3977226
Peru3257,403364
Peru3257,764995
Peru3257,1759252
Peru4314,764995
Peru4314,1759252
Peru4314,4316114
ERR4830648,497491
ERR4830648,797736
ERR4830648,931123
ERR4830648,1759252
ERR4830648,2505085
ERR4811496,1759252
ERR4811496,4246508
ERR4811496,4307886
ERR4831243,497491
ERR4831243,797736
ERR4831243,931123
ERR4831243,1759252
ERR4831243,2505085
ERR4797058,497491
ERR4797058,797736
ERR4797058,931123
ERR4797058,1759252
ERR4797058,2505085
ERR4797058,3836274
IDR1700051930,783601
IDR1700051930,1759252
IDR1700051930,2411730
ERR4829529,1759252
ERR4829529,3836739
ERR4828472,497491
ERR4828472,797736
ERR4828472,931123
ERR4828472,1759252
ERR4828472,2505085
ERR4812030,764995
ERR4812030,1759252
ERR4812030,4316114
Peru5074,403364
Peru5074,764995
Peru5074,1759252
ERR4828991,497491
ERR4828991,797736
ERR4828991,931123
ERR4828991,1759252
ERR4828991,2505085
ERR4828666,497491
ERR4828666,797736
ERR4828666,931123
ERR4828666,1759252
ERR4828666,2505085
ERR4813378,62657
ERR4813378,107794
ERR4813378,891756
ERR4813378,1759252
ERR4810525,497491
ERR4810525,797736
ERR4810525,931123
ERR4810525,1759252
ERR4810525,2505085
C266,346693
C266,497491
C266,931123
C266,1759252
C266,2505085
SAMN02364079,497491
SAMN02364079,797736
SAMN02364079,931123
SAMN02364079,1759252
SAMN02364079,2505085
SAMN02364079,4248115
ERR4828881,1759252
ERR4828881,4249732
ERR4796363,931123
ERR4796363,1759252
ERR4796363,3273107
ERR4811734,403364
ERR4811734,764995
ERR4811734,1759252
ERR4829141,1759252
ERR4829141,2875883
ERR4829141,3466426
ERR4829141,4125058
TRL0115892,62657
TRL0115892,107794
TRL0115892,891756
TRL0115892,1759252
ERR4809009,764995
ERR4809009,1132368
ERR4809009,1759252
ERR4809009,3977226
ERR4829722,783601
ERR4829722,1759252
ERR4829722,2411730
ERR4809021,497491
ERR4809021,797736
ERR4809021,931123
ERR4809021,1759252
ERR4809021,2505085
ERR4829073,62657
ERR4829073,107794
ERR4829073,891756
ERR4829073,1759252
ERR4808857,346693
ERR4808857,497491
ERR4808857,931123
ERR4808857,1759252
ERR4808857,2505085
ERR4830011,497491
ERR4830011,797736
ERR4830011,931123
ERR4830011,1759252
ERR4830011,2505085
ERR2184612,764995
ERR2184612,1759252
ERR2184612,4316114
ERR4831093,403364
ERR4831093,764995
ERR4831093,1759252
19-1773-0225,931123
19-1773-0225,1759252
19-1773-0225,3273107
ERR4822516,62657
ERR4822516,107794
ERR4822516,891756
ERR4822516,1759252
