residue,chain,coordinate,G_score,average,pval,BH_pval,Bonferroni_pval,clustering_result
A_24,A,24,0.6767009913384466,-0.0232863504454485,0.2129,0.2687487676056338,1.0,
A_25,A,25,0.3945820653898275,-0.0144913287031156,0.2963,0.3371776367961935,1.0,
A_26,A,26,0.4067591351495477,-0.0174806998313797,0.2957,0.33680206513105637,1.0,
A_27,A,27,0.1756539979036485,-0.0034050829194144,0.3832,0.40704355555555555,1.0,
A_28,A,28,0.1496977386560367,0.0115178418032453,0.3959,0.4162174486803519,1.0,
A_29,A,29,0.2403118349906232,0.0704321205598726,0.3589,0.38871797583081574,1.0,
A_30,A,30,-0.0796688011117008,0.018704259228043,0.5092,0.5149455571227081,1.0,
A_31,A,31,-0.0672510277222569,0.0188375219621139,0.5226,0.5257665031534688,1.0,
A_32,A,32,0.1328618361334104,0.0722628044257472,0.4003,0.41991967812728603,1.0,
A_33,A,33,0.2964314278116575,0.0397829363299517,0.3363,0.3721097222222222,1.0,
A_34,A,34,0.8353486657420229,0.0169128850438765,0.1828,0.24362007434944238,1.0,
A_35,A,35,1.2165753565549438,0.1579561405758269,0.111,0.16702413431269675,1.0,
A_36,A,36,0.6135863521192312,0.0220364069925278,0.2325,0.28399063032367977,1.0,
A_37,A,37,0.6629163349577173,0.0175641890187329,0.2238,0.27786077922077923,1.0,
A_38,A,38,1.273633743819134,0.0271805567446747,0.1018,0.15797254054054052,1.0,
A_39,A,39,1.0615015574735445,0.0088263138074802,0.132,0.19158704453441297,1.0,
A_40,A,40,0.4811940983085535,0.0199721874051701,0.2693,0.3147320293398533,1.0,
A_41,A,41,0.3213738812248697,0.0202642885637386,0.3229,0.36186093750000003,1.0,
A_42,A,42,0.5014981662764656,0.0025284205873954,0.2676,0.3130003262642741,1.0,
A_43,A,43,0.1357190435269844,0.011552620940773,0.3998,0.419702196193265,1.0,
A_44,A,44,0.1718927688033576,0.0095130529803159,0.3813,0.4059273942093541,1.0,
A_45,A,45,0.1692507473760008,0.0451737842273579,0.3878,0.41040974169741695,1.0,
A_46,A,46,0.2968524380078147,0.1677769374757277,0.3373,0.372354272517321,1.0,
A_47,A,47,0.2330242457418564,0.1801426239801612,0.3633,0.391414124718257,1.0,
A_48,A,48,-0.2752003707898479,0.5984719348601674,0.4324,0.44544655172413794,1.0,
A_49,A,49,0.1042557332824437,0.1856244536577698,0.4083,0.4258197818181818,1.0,
A_50,A,50,0.6159591695379042,0.0644774193732409,0.2301,0.2825029109589041,1.0,
A_51,A,51,0.8327450800627255,0.0736821726304274,0.1805,0.24235674157303372,1.0,
A_52,A,52,0.0719551393225278,0.0578162390068149,0.4159,0.43280159651669087,1.0,
A_53,A,53,-0.2710387627948564,0.0292529972082358,0.4309,0.4442204169662114,1.0,
A_54,A,54,-0.4487745807453637,-0.0028116840018697,0.3487,0.3814155606407323,1.0,
A_55,A,55,-0.0681545492091971,-0.0119008956943497,0.5232,0.5257665031534688,1.0,
A_56,A,56,0.0688882610321943,0.0029060273616527,0.4245,0.43951841155234656,1.0,
A_57,A,57,-0.4127070114131743,0.0340734958653024,0.365,0.392655663915979,1.0,
A_58,A,58,-0.3461356293190168,0.0566300057742695,0.3932,0.41429008082292434,1.0,
A_59,A,59,-0.7522977648286244,0.0486704734583963,0.2216,0.2762100781928758,1.0,
A_60,A,60,-0.7412662103860935,0.038109441787173,0.2208,0.27556762402088775,1.0,
A_61,A,61,-0.8434391471655286,0.0131916497377985,0.178,0.23967323943661972,1.0,
A_62,A,62,-0.4007033143962675,0.0691853910585454,0.3695,0.39630740463724756,1.0,
A_63,A,63,-0.1418516105987789,0.1367855784844423,0.4913,0.49789696113074206,1.0,
A_64,A,64,0.4983503182943118,0.080162356070832,0.2676,0.3130003262642741,1.0,
A_65,A,65,0.4902626671110952,0.0413912479949439,0.2701,0.315153295362083,1.0,
A_66,A,66,-0.0293506156911342,-0.0036612188119306,0.5478,0.5481822749476623,1.0,
A_67,A,67,0.1177181828558809,0.0108252241323506,0.3924,0.41375117647058823,1.0,
A_68,A,68,0.6813774610106135,-0.0298095014021302,0.2142,0.2698035118525022,1.0,
A_69,A,69,0.4357139312459525,0.0085671111607151,0.2839,0.3272609324758842,1.0,
A_70,A,70,0.2046365686382419,0.0072831543466505,0.3596,0.38918218867924526,1.0,
A_71,A,71,0.628662604941929,0.0215863846404654,0.2299,0.2825029109589041,1.0,
A_72,A,72,0.794612097483646,-0.0232523114790732,0.1891,0.2495977920883165,1.0,
A_73,A,73,1.2537545961339536,0.026954136063577,0.1093,0.16603411016949152,1.0,
A_74,A,74,1.370333407949693,-0.0071234262738767,0.0934,0.14815884955752212,1.0,
A_75,A,75,1.2767992955361531,0.0347294159305424,0.1043,0.16065112781954888,1.0,
A_76,A,76,1.750161724031223,0.01828500626939,0.058,0.10357658779576588,1.0,
A_77,A,77,2.1426275931749674,0.3167909721586037,0.0363,0.0726,1.0,
A_78,A,78,1.7510150551692865,0.6007620288717913,0.0567,0.10201731493099121,1.0,
A_79,A,79,2.113398694512006,0.0260277780247442,0.0379,0.07424672131147542,1.0,
A_80,A,80,2.941795080650858,0.0548211176524443,0.012,0.03296551724137931,1.0,1.0
A_81,A,81,2.892723842680964,0.0332222466685768,0.0136,0.035982287822878226,1.0,1.0
A_82,A,82,2.577728951942289,-0.0205114958061384,0.0204,0.048353057851239674,1.0,1.0
A_83,A,83,3.3008524461895523,-0.0554452719721676,0.0082,0.02439585062240664,1.0,1.0
A_84,A,84,4.0661009361051965,0.005236682906842,0.0024,0.009667415730337078,1.0,1.0
A_85,A,85,3.696329129565589,0.0081025918122165,0.0047,0.01612392344497608,1.0,1.0
A_86,A,86,3.623358464853323,-0.000641763261492,0.0047,0.01612392344497608,1.0,1.0
A_87,A,87,4.95622904907323,-0.0018499888937517,0.0003,0.0020682692307692307,0.43019999999999997,1.0
A_88,A,88,4.391136448553407,0.0167772415560658,0.0015,0.006659442724458204,1.0,1.0
A_89,A,89,3.8114708815040426,0.0656476435380046,0.0033,0.012486015831134565,1.0,1.0
A_90,A,90,4.474248868194401,0.2494132650738374,0.0014,0.006293416927899686,1.0,1.0
A_91,A,91,4.937132261415806,2.4153410150992527,0.0004,0.002504803493449782,0.5736,1.0
A_92,A,92,6.522843856716209,0.0610280305662285,0.0,0.0,0.0,1.0
A_93,A,93,4.2646050125967445,6.923112832007254,0.0014,0.006293416927899686,1.0,1.0
A_94,A,94,5.437837124114953,2.6801330247786583,0.0,0.0,0.0,1.0
A_95,A,95,4.892835422655181,0.3994493591944169,0.0004,0.002504803493449782,0.5736,1.0
A_96,A,96,4.903240463211425,1.549703641119899,0.0005,0.0029385245901639343,0.717,1.0
A_97,A,97,5.211951940322502,0.0695041352596828,0.0002,0.0016482758620689657,0.2868,1.0
A_98,A,98,5.534951327433959,0.677665453628602,0.0001,0.0010946564885496184,0.1434,1.0
A_99,A,99,5.084027597710242,0.0384296787831147,0.0001,0.0010946564885496184,0.1434,1.0
A_100,A,100,5.137326614466296,0.0841877103547527,0.0001,0.0010946564885496184,0.1434,1.0
A_101,A,101,6.697395234655687,0.1389376233944141,0.0,0.0,0.0,1.0
A_102,A,102,6.364030259391224,0.1219532955991203,0.0,0.0,0.0,1.0
A_103,A,103,6.2209368557834495,0.1863285884603428,0.0,0.0,0.0,1.0
A_104,A,104,5.191897786061014,5.179726347091543,0.0002,0.0016482758620689657,0.2868,1.0
A_105,A,105,7.77042017428905,0.4683497429450324,0.0,0.0,0.0,1.0
A_106,A,106,6.47717783381973,0.2458016482527933,0.0,0.0,0.0,1.0
A_107,A,107,6.368622222514191,0.3509056828696109,0.0,0.0,0.0,1.0
A_108,A,108,6.968478001546105,0.6613044072352521,0.0,0.0,0.0,1.0
A_109,A,109,5.740090308403901,3.537123865422607,0.0,0.0,0.0,1.0
A_110,A,110,6.236863373366662,0.6189030538370901,0.0001,0.0010946564885496184,0.1434,1.0
A_111,A,111,5.364234685197999,0.4810936926795185,0.0001,0.0010946564885496184,0.1434,1.0
A_112,A,112,4.978739894188069,0.1011956926481441,0.0003,0.0020682692307692307,0.43019999999999997,1.0
A_113,A,113,4.637214147992449,0.0136024981469798,0.0011,0.0052580000000000005,1.0,1.0
A_114,A,114,2.617756469436218,0.0113500361619191,0.0161,0.04093510638297872,1.0,1.0
A_115,A,115,1.7732711932638774,0.0116065500708877,0.0549,0.09927692307692307,1.0,
A_116,A,116,0.7920426596825063,0.0231338082066109,0.1924,0.25232632541133454,1.0,
A_117,A,117,0.9789687203433176,0.0272589637037552,0.1514,0.21347846607669618,1.0,
A_118,A,118,2.22374122785061,0.0336265913632396,0.0277,0.05955292353823088,1.0,
A_119,A,119,2.975773139922267,0.0838390929194019,0.0087,0.025512883435582823,1.0,1.0
A_120,A,120,3.941557274157418,2.068682533364781,0.0023,0.009369886363636363,1.0,1.0
A_121,A,121,4.82388651828746,2.999727434348393,0.0003,0.0020682692307692307,0.43019999999999997,1.0
A_122,A,122,6.327558601838144,0.1884103654881022,0.0,0.0,0.0,1.0
A_123,A,123,4.871526099897913,0.3527585072975295,0.0002,0.0016482758620689657,0.2868,1.0
A_124,A,124,4.598048608542501,0.2571478549124775,0.0002,0.0016482758620689657,0.2868,1.0
A_125,A,125,4.294456453598654,3.011987069251269,0.0013,0.005974999999999999,1.0,1.0
A_126,A,126,5.048570766669235,1.0892387337031295,0.0001,0.0010946564885496184,0.1434,1.0
A_127,A,127,6.150630940892151,0.6059056507853099,0.0,0.0,0.0,1.0
A_128,A,128,5.365761902707927,0.337342926913022,0.0001,0.0010946564885496184,0.1434,1.0
A_129,A,129,3.985775340633241,0.1736294139968068,0.0009,0.004528421052631579,1.0,1.0
A_130,A,130,2.929518795066507,1.0277751299513558,0.012,0.03296551724137931,1.0,1.0
A_131,A,131,3.315595473542279,0.4484462236230514,0.0068,0.021337417943107218,1.0,1.0
A_132,A,132,4.731021342865315,0.5146199324597852,0.0007,0.0037595505617977532,1.0,1.0
A_133,A,133,5.612184629337921,0.0336652997028538,0.0,0.0,0.0,1.0
A_134,A,134,4.758726441968913,0.110298076896734,0.0004,0.002504803493449782,0.5736,1.0
A_135,A,135,4.830052101638704,0.0895120113386781,0.0003,0.0020682692307692307,0.43019999999999997,1.0
A_136,A,136,5.358703806836697,0.0827518686663562,0.0003,0.0020682692307692307,0.43019999999999997,1.0
A_137,A,137,6.271074054368906,0.458653009393858,0.0,0.0,0.0,1.0
A_138,A,138,6.121515079379957,4.0173757311476495,0.0001,0.0010946564885496184,0.1434,1.0
A_139,A,139,7.578573631275775,1.0342309583244982,0.0,0.0,0.0,1.0
A_140,A,140,8.301527064672323,0.6464596373729569,0.0,0.0,0.0,1.0
A_141,A,141,8.99259034658356,1.4913152354736834,0.0,0.0,0.0,1.0
A_142,A,142,6.092990135578492,7.088563576170895,0.0,0.0,0.0,1.0
A_143,A,143,8.160695190748468,1.838257427043744,0.0,0.0,0.0,1.0
A_144,A,144,7.364976534948109,2.828296623735612,0.0,0.0,0.0,1.0
A_145,A,145,7.252012872481778,1.3072542718797238,0.0,0.0,0.0,1.0
A_146,A,146,5.399904540348896,2.0248867088486824,0.0,0.0,0.0,1.0
A_147,A,147,5.639325405899046,0.1775810737616363,0.0,0.0,0.0,1.0
A_148,A,148,4.450794387426128,-0.0158941599735696,0.0003,0.0020682692307692307,0.43019999999999997,1.0
A_149,A,149,3.2868628533075386,0.0121035629275692,0.0049,0.01669026128266033,1.0,1.0
A_150,A,150,2.437343055932099,0.0431877750289538,0.0223,0.0516610662358643,1.0,
A_151,A,151,2.410195351518976,0.0497213729004764,0.0224,0.05180903225806451,1.0,
A_152,A,152,2.326513214146912,0.0709937520413564,0.0253,0.05624837209302326,1.0,
A_153,A,153,0.9908616055870284,1.22076641326229,0.1521,0.2142548133595285,1.0,
A_154,A,154,1.3133326298484065,0.3399971978007604,0.0983,0.15321978260869565,1.0,
A_155,A,155,1.0629249984830462,0.5489655077900156,0.141,0.20219399999999996,1.0,
A_156,A,156,0.751393749639356,0.2811708920235722,0.2049,0.26257962466487933,1.0,
A_157,A,157,0.6134337247634485,0.0482959017873288,0.2407,0.28932422464375523,1.0,
A_158,A,158,0.6824045772412716,0.050878720998103,0.2191,0.2739227550130776,1.0,
A_159,A,159,1.636449715134031,0.0344597944037451,0.065,0.1123012048192771,1.0,
A_160,A,160,2.5100316129874143,0.0720011773542537,0.0196,0.047079396984924624,1.0,1.0
A_161,A,161,3.528981456570367,0.7945184075082213,0.0041,0.014517037037037038,1.0,1.0
A_162,A,162,4.483063925957767,0.0470375621263168,0.0003,0.0020682692307692307,0.43019999999999997,1.0
A_163,A,163,3.402284955555607,0.0401383749695167,0.0051,0.017127400468384076,1.0,1.0
A_164,A,164,3.7234253504929415,0.0552069478788989,0.003,0.011690217391304348,1.0,1.0
A_165,A,165,5.30294510327197,0.0293355240197108,0.0,0.0,0.0,1.0
A_166,A,166,5.004009337848375,0.0401433469807398,0.0003,0.0020682692307692307,0.43019999999999997,1.0
A_167,A,167,3.951124734758911,0.3001253027192135,0.0018,0.007614159292035398,1.0,1.0
A_168,A,168,4.34507231148901,1.2857511935637147,0.0009,0.004528421052631579,1.0,1.0
A_169,A,169,4.868133390937649,1.1993796354519917,0.0003,0.0020682692307692307,0.43019999999999997,1.0
A_170,A,170,4.116146660378696,0.3486890487104939,0.0015,0.006659442724458204,1.0,1.0
A_171,A,171,3.956563381592417,0.2619544363136207,0.0017,0.00729880239520958,1.0,1.0
A_172,A,172,3.434394308452356,2.8890521685590973,0.0052,0.017381818181818182,1.0,1.0
A_173,A,173,3.84324059581343,0.1999991667502986,0.002,0.008361516034985422,1.0,1.0
A_174,A,174,2.916273047093442,0.1035851335663485,0.0124,0.03374117647058823,1.0,1.0
A_175,A,175,3.302299296961184,0.0663432845788454,0.0067,0.021116043956043957,1.0,1.0
A_176,A,176,2.678963546640269,0.9961116997558584,0.0172,0.042746620450606586,1.0,1.0
A_177,A,177,2.424063092596389,0.0903261556965791,0.0242,0.05447849293563579,1.0,
A_178,A,178,2.2208244539559074,0.1421358216592014,0.0294,0.062366272189349106,1.0,
A_179,A,179,1.9960001450653613,0.0355044295839587,0.0388,0.07558617886178862,1.0,
A_180,A,180,2.226515508137937,0.0406107415113671,0.0291,0.06182133333333334,1.0,
A_181,A,181,1.8393036423279856,0.0351889453331885,0.0506,0.09350567010309278,1.0,
A_182,A,182,1.8328643299258092,0.1271031560862147,0.0493,0.09145692108667529,1.0,
A_183,A,183,2.368668356583857,0.0667822518325797,0.0234,0.053432484076433126,1.0,
A_184,A,184,2.3165967501394844,0.0451543562147065,0.024,0.05428391167192429,1.0,
A_185,A,185,2.2452872269532214,0.0259169023992259,0.0272,0.05883076923076923,1.0,
A_186,A,186,2.009892548674653,0.1218823469358568,0.0367,0.07299278779472955,1.0,
A_187,A,187,2.934828902183981,0.1301071714261857,0.008,0.024050314465408805,1.0,1.0
A_188,A,188,2.499817581879791,0.0622263347865841,0.0191,0.04618785834738617,1.0,1.0
A_189,A,189,2.4656412339639777,1.2434844556948803,0.0184,0.0448734693877551,1.0,1.0
A_190,A,190,2.750809966999651,0.2053468943474547,0.0129,0.034641573033707865,1.0,1.0
A_191,A,191,1.22092484243635,1.4667733669148673,0.1109,0.16702413431269675,1.0,
A_192,A,192,1.928921148591143,0.021377395207949,0.0426,0.08101909814323607,1.0,
A_193,A,193,2.55884418186496,0.1791858042010762,0.0165,0.04173015873015873,1.0,1.0
A_194,A,194,2.351406886676381,0.184715524329819,0.0227,0.05233408360128618,1.0,
A_195,A,195,1.5227116106278744,0.0653690751163809,0.0692,0.11729645390070921,1.0,
A_196,A,196,1.7219666243260512,0.0754760654208841,0.0518,0.09511037131882202,1.0,
A_197,A,197,1.0545311462686426,0.0122910454073391,0.1371,0.19838688193743692,1.0,
A_198,A,198,1.6432422432272138,0.0280243189387322,0.0611,0.10737426470588235,1.0,
A_199,A,199,0.8627792543736402,0.0353870990079333,0.1723,0.234197345971564,1.0,
A_200,A,200,0.3963041908680214,0.1670039550120708,0.294,0.3356267303102626,1.0,
A_201,A,201,0.7517026061216509,0.0036034601465474,0.1959,0.2558475409836065,1.0,
A_202,A,202,0.8531875628352931,0.0002300779572247,0.1713,0.2332803418803419,1.0,
A_203,A,203,1.4324192576558912,0.0013364878805079,0.0767,0.12730069444444445,1.0,
A_204,A,204,2.228248498311119,0.0059017499860581,0.0283,0.06048017883755588,1.0,
A_205,A,205,2.25501708497905,0.0023426063229646,0.025,0.055754276827371704,1.0,
A_206,A,206,1.330620727538031,-0.0134185098897817,0.0921,0.14723678929765888,1.0,
A_207,A,207,0.9519534491182836,-0.003410725523463,0.1564,0.21880741463414635,1.0,
A_208,A,208,0.5557942221914314,-0.0155122338639837,0.2428,0.29135999999999995,1.0,
A_209,A,209,0.4334136115525437,-0.0133443482498474,0.2847,0.3279195180722892,1.0,
A_210,A,210,0.3023397964209486,-0.0075254065708494,0.3242,0.36292177985948476,1.0,
A_211,A,211,0.1329587400364304,-0.0395323044976144,0.3729,0.39935668409260644,1.0,
A_212,A,212,0.0723954553248586,-0.0019670584459912,0.3996,0.419702196193265,1.0,
A_213,A,213,0.304585833618232,-0.0321642618630616,0.3129,0.35275047169811324,1.0,
A_214,A,214,0.4265601553148969,-0.0046055571577938,0.2761,0.31981211631663975,1.0,
A_215,A,215,0.2483518957130042,-0.0076336193189025,0.3415,0.37554524539877304,1.0,
A_216,A,216,0.4534835326608055,-0.0008461655178875,0.2787,0.322303064516129,1.0,
A_217,A,217,0.2486432694874707,-0.0070940685252524,0.3483,0.38126885496183205,1.0,
A_218,A,218,0.2517351476884517,-0.0047151905143552,0.3497,0.3822178353658537,1.0,
A_219,A,219,0.5907616168388056,0.0044816932842137,0.2336,0.2843674300254453,1.0,
A_220,A,220,1.1661093421263666,-0.0091746989668039,0.119,0.17592371134020618,1.0,
A_221,A,221,1.8052380607018488,-0.0041874845212242,0.0507,0.09356988416988417,1.0,
A_222,A,222,2.0384820350594826,-0.009917451689338,0.0348,0.07078468085106383,1.0,
A_223,A,223,1.6676149870681325,-0.0091804862945849,0.0607,0.10693341523341524,1.0,
A_224,A,224,1.6948648251229492,-0.0029887655768312,0.061,0.10733006134969325,1.0,
A_225,A,225,1.8587684458876497,-0.0084306450765402,0.0474,0.08873577023498694,1.0,
A_226,A,226,3.248175021354443,-0.0152580985292807,0.0061,0.019613004484304936,1.0,1.0
A_227,A,227,3.6460827468150088,-0.0050187614790414,0.0027,0.010695580110497238,1.0,1.0
A_228,A,228,4.306703019379127,0.0781327321085201,0.0009,0.004528421052631579,1.0,1.0
A_229,A,229,3.214959790498137,0.016835098389377,0.0057,0.01857681818181818,1.0,1.0
A_230,A,230,3.029235454269768,0.0202189860980565,0.0082,0.02439585062240664,1.0,1.0
A_231,A,231,3.470971752876901,0.6884129478615826,0.0046,0.015894939759036143,1.0,1.0
A_232,A,232,3.0285907040027404,3.2792446867310967,0.0079,0.023799579831932777,1.0,1.0
A_233,A,233,3.0571227120713327,0.8475186786822743,0.0076,0.023089830508474574,1.0,1.0
A_234,A,234,2.0743821114844447,0.7665047613608076,0.0359,0.07250561797752808,1.0,
A_235,A,235,1.7850766289293318,0.097451104296804,0.057,0.10230037546933668,1.0,
A_236,A,236,1.8332037305958424,-0.015745389688206,0.047,0.08810196078431373,1.0,
A_237,A,237,2.3005021300727,-0.025296488647783,0.0288,0.061274777448071215,1.0,
A_238,A,238,1.6697373737471313,-0.0110361536525989,0.0631,0.11007956204379563,1.0,
A_239,A,239,1.7268200271397374,-0.0152835491472003,0.0588,0.10448475836431226,1.0,
A_240,A,240,1.192441797960336,-0.0178771487607824,0.1134,0.16974488517745304,1.0,
A_241,A,241,1.1460996144112254,-0.0029531319661904,0.1253,0.1835344228804903,1.0,
A_242,A,242,0.8611075362247547,0.0043291370016435,0.1696,0.23154119885823024,1.0,
A_243,A,243,1.0082869366168652,-0.0087005424791287,0.145,0.2062797619047619,1.0,
A_244,A,244,1.5454220847964413,-0.0229059090657051,0.0759,0.12626519721577725,1.0,
A_245,A,245,1.5269576490634136,-0.0426806151078592,0.0785,0.12968778801843317,1.0,
A_246,A,246,1.4631704156352476,-0.0113238895170093,0.081,0.1324446978335234,1.0,
A_247,A,247,1.729577456475131,-0.0072094266844372,0.0583,0.10385366459627328,1.0,
A_248,A,248,2.547521301410677,0.0233063527681974,0.0173,0.04292076124567474,1.0,1.0
A_249,A,249,0.7888574112104526,3.4660023293932167,0.1977,0.2572611615245009,1.0,
A_250,A,250,2.0304086703822524,0.0402202246097457,0.0399,0.0768008053691275,1.0,
A_251,A,251,2.047245659668428,0.009111023934614,0.0352,0.07129491525423728,1.0,
A_252,A,252,2.480647354074874,0.06338452210066,0.023,0.0527712,1.0,
A_253,A,253,1.8972628772872908,0.0167429129823023,0.0447,0.08478809523809522,1.0,
A_254,A,254,1.5093165337831624,0.6796651005152444,0.0777,0.12866258660508084,1.0,
A_255,A,255,2.8516371014587616,0.0249621946631373,0.0105,0.02981584158415842,1.0,1.0
A_256,A,256,2.3831664053339674,0.1973243111413599,0.0236,0.05363296354992076,1.0,
A_257,A,257,2.2982153338725007,-0.0031182612629966,0.0243,0.054532394366197175,1.0,
A_258,A,258,1.6472054484825671,0.0119259563933258,0.0632,0.11012004860267316,1.0,
A_259,A,259,1.6053720438437773,-0.0123486804914559,0.0682,0.11615059382422802,1.0,
A_260,A,260,1.6227720407555777,-9.139280202612824e-05,0.0678,0.11574428571428572,1.0,
A_261,A,261,2.2423300306509475,0.0033632294449404,0.0313,0.06514397677793904,1.0,
A_262,A,262,2.5678276541926,0.0323235947658193,0.017,0.04247038327526133,1.0,1.0
A_263,A,263,2.229283473866921,0.6492031405610306,0.0305,0.06413049853372434,1.0,
A_264,A,264,1.464061708684481,2.9144057913817654,0.0834,0.1362136674259681,1.0,
A_265,A,265,3.2882954297671696,0.2355086643703044,0.0056,0.018334246575342463,1.0,1.0
A_266,A,266,3.1164187843735034,0.0731650186361495,0.0067,0.021116043956043957,1.0,1.0
A_267,A,267,2.4441977034286264,0.0815588598399728,0.0196,0.047079396984924624,1.0,1.0
A_268,A,268,2.6962037363331293,0.0759425370839968,0.013,0.03477985074626866,1.0,1.0
A_269,A,269,3.592650135608197,0.0693826526039209,0.0032,0.012204255319148935,1.0,1.0
A_270,A,270,3.023282672603977,0.0199100253717873,0.0069,0.021509999999999998,1.0,1.0
A_271,A,271,2.4026808429548896,0.033372394763681,0.0183,0.04470562180579216,1.0,1.0
A_272,A,272,3.2351923380285337,0.0165049242570303,0.006,0.01937837837837838,1.0,1.0
A_273,A,273,3.9703211810894703,0.0188120984424017,0.001,0.004861016949152542,1.0,1.0
A_274,A,274,3.835160411461077,0.0078838308175871,0.0022,0.009013714285714286,1.0,1.0
A_275,A,275,4.534447547676822,0.0114332610605459,0.0005,0.0029385245901639343,0.717,1.0
A_276,A,276,4.715261167168714,0.0120553638503941,0.0004,0.002504803493449782,0.5736,1.0
A_277,A,277,3.897104982732223,0.0271391539173021,0.0026,0.01038551532033426,1.0,1.0
A_278,A,278,3.613100035160393,0.0049493626903915,0.0035,0.013002590673575131,1.0,1.0
A_279,A,279,2.3242239187062004,2.4129221392097597,0.0265,0.05819448698315467,1.0,
A_280,A,280,3.283166266587312,0.0174079762348743,0.0082,0.02439585062240664,1.0,1.0
A_281,A,281,3.519897135178206,0.0144805762455342,0.0044,0.01535182481751825,1.0,1.0
A_282,A,282,3.0179568547869047,-0.002171317682668,0.0124,0.03374117647058823,1.0,1.0
A_283,A,283,3.003441980648058,-0.0022886267294182,0.0123,0.033596571428571434,1.0,1.0
A_284,A,284,3.910342647332153,0.0234023738393002,0.0032,0.012204255319148935,1.0,1.0
A_285,A,285,3.721703558622616,0.0448982685833109,0.0062,0.01988993288590604,1.0,1.0
A_286,A,286,3.5065810401089728,0.0569245836771666,0.0054,0.017883602771362587,1.0,1.0
A_287,A,287,4.203413284823494,0.052859018148521,0.0018,0.007614159292035398,1.0,1.0
A_288,A,288,3.737164833014348,0.0279236026715168,0.0031,0.011982210242587601,1.0,1.0
A_289,A,289,2.4981588180881946,0.0171905724386419,0.0167,0.0419401050788091,1.0,1.0
A_290,A,290,2.0335344651427745,0.0017813316171665,0.0347,0.07078207681365577,1.0,
A_291,A,291,2.2303903826641767,0.0219382121443162,0.0259,0.05731574074074074,1.0,
A_292,A,292,1.2856655711992586,0.0063157333401213,0.0963,0.15075786026200874,1.0,
A_293,A,293,0.6277790432783856,0.0038182937383896,0.2341,0.2844910169491525,1.0,
A_294,A,294,0.721896008182888,0.0148306609207631,0.2074,0.2650727272727273,1.0,
A_295,A,295,2.017820734229947,0.0387920578264387,0.0327,0.06737327586206897,1.0,
A_296,A,296,1.7320080961775508,-0.0061171059359868,0.053,0.09657179161372301,1.0,
A_297,A,297,2.7858677276934065,0.0895972661435692,0.011,0.030868884540117415,1.0,1.0
A_298,A,298,4.691441652484171,0.1678230979511054,0.0003,0.0020682692307692307,0.43019999999999997,1.0
A_299,A,299,4.896797651633347,0.2242302579277625,0.0004,0.002504803493449782,0.5736,1.0
A_300,A,300,3.603092349155944,4.270647891860875,0.0035,0.013002590673575131,1.0,1.0
A_301,A,301,4.643389832055954,0.0538663050556618,0.0008,0.004156521739130435,1.0,1.0
A_302,A,302,3.609587319342231,0.1881052198444901,0.0047,0.01612392344497608,1.0,1.0
A_303,A,303,2.6546503625037032,0.596781346089156,0.0198,0.047401001669449085,1.0,1.0
A_304,A,304,3.0331201022444034,0.028548379731583,0.011,0.030868884540117415,1.0,1.0
A_305,A,305,2.856552445775874,0.0759750141413652,0.0146,0.03792826086956522,1.0,1.0
A_306,A,306,2.988311318381688,0.3016696483595908,0.0117,0.03238957528957529,1.0,1.0
A_307,A,307,3.525283066760532,0.0465192319789225,0.0042,0.014761764705882351,1.0,1.0
A_308,A,308,4.454592567253674,0.0556888976561924,0.0006,0.003400790513833992,0.8603999999999999,1.0
A_309,A,309,4.838462234127309,0.0682351454690077,0.0001,0.0010946564885496184,0.1434,1.0
A_310,A,310,3.7350979628728616,0.0629196718026636,0.0032,0.012204255319148935,1.0,1.0
A_311,A,311,3.485508365310908,0.1176566265719183,0.004,0.014198019801980198,1.0,1.0
A_312,A,312,4.411055815834434,0.1928071710828198,0.0007,0.0037595505617977532,1.0,1.0
A_313,A,313,4.735767628789702,0.3052428272428362,0.0,0.0,0.0,1.0
A_314,A,314,6.587441510025451,0.6142732915292478,0.0,0.0,0.0,1.0
A_315,A,315,4.187181906060848,5.785127087913549,0.0013,0.005974999999999999,1.0,1.0
A_316,A,316,4.762524544185856,0.547256854096882,0.0003,0.0020682692307692307,0.43019999999999997,1.0
A_317,A,317,3.817452481376592,0.1815607203901268,0.002,0.008361516034985422,1.0,1.0
A_318,A,318,2.9797558630974352,0.1543799274511031,0.0097,0.027931325301204818,1.0,1.0
A_319,A,319,2.5596838835862004,0.0704404942244374,0.0172,0.042746620450606586,1.0,1.0
A_320,A,320,2.359745621585088,0.1274793682624543,0.0223,0.0516610662358643,1.0,
A_321,A,321,2.0785200598574765,0.0310062564765605,0.0318,0.06589768786127169,1.0,
A_322,A,322,1.737847734995834,0.1512478729276989,0.0572,0.102531,1.0,
A_323,A,323,1.6510369535666531,0.1118554526262996,0.0676,0.11567828162291167,1.0,
A_324,A,324,2.0409195796238686,0.184992584847564,0.0363,0.0726,1.0,
A_325,A,325,2.660224117824712,0.2274309869875097,0.0153,0.03938994614003591,1.0,1.0
A_326,A,326,3.2465076725227937,0.0327200591046687,0.007,0.021680345572354213,1.0,1.0
A_327,A,327,2.4959019160797333,0.038207153191987,0.0192,0.04627361344537815,1.0,1.0
A_328,A,328,2.1254374285869577,0.1052249496082383,0.0328,0.06748235294117648,1.0,
A_329,A,329,1.6184365692977574,0.0394911538388082,0.0636,0.11054836363636365,1.0,
A_330,A,330,1.35700644623466,0.0346101348584112,0.0925,0.14738333333333334,1.0,
A_331,A,331,1.3903058236695691,0.1441589263624185,0.0919,0.14708102678571428,1.0,
A_332,A,332,1.6479790250168806,0.0616478185857288,0.0594,0.10516,1.0,
A_333,A,333,1.2916912375127336,0.4199180763453384,0.1061,0.16250980810234542,1.0,
A_334,A,334,1.2145594373844837,0.3646144534054496,0.1146,0.17118375,1.0,
A_335,A,335,1.1513961022585493,0.4955044554949436,0.1237,0.18156171954964176,1.0,
A_336,A,336,1.527382390018447,0.0438253970866508,0.077,0.1276508670520231,1.0,
A_337,A,337,0.6138863671736399,1.5841946814550767,0.2361,0.2857108860759494,1.0,
A_338,A,338,1.2546596562744012,0.0421685103079998,0.1019,0.15797254054054052,1.0,
A_339,A,339,0.8674890207113259,0.0311170369265133,0.173,0.2344820415879017,1.0,
A_340,A,340,0.6888844905151644,0.0482676121720544,0.2106,0.2670206896551724,1.0,
A_341,A,341,0.7399883276176127,0.0148182795316892,0.2025,0.2609262118491921,1.0,
A_342,A,342,0.7937486275945573,0.033709561194728,0.1866,0.24707700831024929,1.0,
A_343,A,343,1.1383596954845363,0.0356654370610421,0.127,0.18583469387755103,1.0,
A_344,A,344,1.36159254351327,0.1044747841294334,0.0946,0.14923054945054945,1.0,
A_345,A,345,1.7820548284462765,0.1264425313188485,0.0547,0.0991653603034134,1.0,
A_346,A,346,2.2697762168705307,0.0222972065105338,0.028,0.06001793721973094,1.0,
A_347,A,347,2.601135826265999,0.0141546907836044,0.0177,0.04361134020618557,1.0,1.0
A_348,A,348,2.874591206499329,0.0497177004365124,0.0141,0.03703186813186813,1.0,1.0
A_349,A,349,2.3500043941126587,0.0925219010913652,0.0275,0.05921171171171171,1.0,
A_350,A,350,2.752757171843127,0.02423080398677,0.0152,0.03927351351351351,1.0,1.0
A_351,A,351,2.003552187723537,0.6192356796585742,0.0393,0.07615702702702702,1.0,
A_352,A,352,2.004666751422276,0.0164763638410838,0.041,0.07860160427807486,1.0,
A_353,A,353,1.241153270866725,0.0519326301618541,0.1109,0.16702413431269675,1.0,
A_354,A,354,0.9340110922629556,0.0166955300941248,0.1643,0.22610959692898275,1.0,
A_355,A,355,0.6248360089714965,0.0146684189720668,0.2343,0.28449297205757834,1.0,
A_356,A,356,0.52054576718921,0.0110547242250362,0.2546,0.302232119205298,1.0,
A_357,A,357,0.5800189598024589,0.0019048577746839,0.2325,0.28399063032367977,1.0,
A_358,A,358,0.5967198390060697,0.0267029693179362,0.2336,0.2843674300254453,1.0,
A_359,A,359,0.5508558931267132,0.008024696386751,0.244,0.2923107769423559,1.0,
A_360,A,360,0.6658645509188663,0.0518355412535439,0.222,0.27634375,1.0,
A_361,A,361,0.6908567682148009,0.0105599404752177,0.2084,0.26587686832740215,1.0,
A_362,A,362,0.8451139625779178,0.0058622828256601,0.1705,0.23241159695817493,1.0,
A_363,A,363,0.9828891319265636,0.0230903444219475,0.1512,0.21347846607669618,1.0,
A_364,A,364,1.2918937445862262,0.0204717183759188,0.1052,0.16167044967880087,1.0,
A_365,A,365,1.7844896474736711,0.0152479833158519,0.0582,0.1038044776119403,1.0,
A_366,A,366,2.308912930385079,0.0133613768212428,0.0304,0.06401409691629956,1.0,
A_367,A,367,3.781243635633935,0.0345602702548488,0.0035,0.013002590673575131,1.0,1.0
A_368,A,368,3.461857390122176,0.0787518940926717,0.0048,0.01638857142857143,1.0,1.0
A_369,A,369,2.504920532920582,0.0437395272291995,0.0231,0.05291597444089457,1.0,
A_370,A,370,2.081032145220886,0.0106162905399104,0.0379,0.07424672131147542,1.0,
A_371,A,371,1.5737731749498214,0.0131109978196685,0.0731,0.12245957943925233,1.0,
A_372,A,372,1.1828436504896105,0.0094186489633151,0.1175,0.1744254658385093,1.0,
A_373,A,373,1.1866802864069046,0.0148517767906831,0.1209,0.1781815005138746,1.0,
A_374,A,374,0.9209620893742492,0.0107059255924936,0.1683,0.23072868068833655,1.0,
A_375,A,375,1.0569707570976368,0.0234609172524997,0.143,0.2040417910447761,1.0,
A_376,A,376,1.379785197405755,0.0249788657206277,0.0938,0.14846490066225163,1.0,
A_377,A,377,1.7805463637573873,0.040717177072073,0.0516,0.0948646153846154,1.0,
A_378,A,378,2.462721480226131,0.1591351679383757,0.02,0.04772046589018303,1.0,1.0
A_379,A,379,2.06375902947818,0.0639339622398661,0.035,0.07109065155807366,1.0,
A_380,A,380,2.3336247471207634,0.2749259264788596,0.0252,0.05611304347826087,1.0,
A_381,A,381,2.01526383235627,0.2013591559867349,0.0373,0.07367520661157025,1.0,
A_382,A,382,1.3540203062667395,0.1580719044389786,0.0928,0.14769722530521642,1.0,
A_383,A,383,1.132600958827389,0.4149647787530883,0.1277,0.18647841140529534,1.0,
A_384,A,384,1.3340852763269513,0.022366440264527,0.0975,0.1524700109051254,1.0,
A_385,A,385,0.9393648124320718,0.0080574873931131,0.1591,0.221075,1.0,
A_386,A,386,0.7906494618979858,-0.0216617687083911,0.1885,0.2491327188940092,1.0,
A_387,A,387,0.7476307395372377,-0.0048276015031175,0.1963,0.25613666969972704,1.0,
A_388,A,388,0.5803323494692902,-0.0002202643274983,0.24,0.2892100840336134,1.0,
A_389,A,389,0.7458063024172874,0.0060893243577753,0.2023,0.2609262118491921,1.0,
A_390,A,390,0.9808789239873325,0.0126433054054857,0.1536,0.215732027424094,1.0,
A_391,A,391,0.6279729640599447,0.0229001017686675,0.2278,0.28112323580034426,1.0,
A_392,A,392,0.53059783104769,0.0525643207350592,0.2541,0.30188848384424194,1.0,
A_393,A,393,0.7945962217954701,0.0549889512357002,0.1911,0.2514104587155963,1.0,
A_394,A,394,0.963001902123822,0.0293531828548138,0.1616,0.22317401347449473,1.0,
A_395,A,395,0.6629754045505134,0.0426432295506562,0.2173,0.2721468995633188,1.0,
A_396,A,396,0.5572615235380697,0.0215424253457619,0.2457,0.2933670274771024,1.0,
A_397,A,397,0.7176458711766864,0.0271388519579593,0.2031,0.26097258064516127,1.0,
A_398,A,398,0.7980858085918501,0.0275684136698027,0.187,0.24737822878228782,1.0,
A_399,A,399,0.6246647218858579,0.0167518641360916,0.2217,0.2762100781928758,1.0,
A_400,A,400,0.5662859308085549,0.0111198108887862,0.2407,0.28932422464375523,1.0,
A_401,A,401,0.8288663024311719,0.0070152872697289,0.1823,0.24362007434944238,1.0,
A_402,A,402,0.8415275355519712,-0.0024851515393418,0.1766,0.23823555973659455,1.0,
A_403,A,403,0.8113630734292638,0.0003962649288178,0.1824,0.24362007434944238,1.0,
A_404,A,404,1.2809608875141438,-0.0042043735753048,0.1098,0.1662652587117212,1.0,
A_405,A,405,1.394441501534087,0.0055398717123397,0.0947,0.14923054945054945,1.0,
A_406,A,406,1.224246893811637,-0.0006968408261061,0.1144,0.17106319082377475,1.0,
A_407,A,407,1.613489992282074,0.008880558907105,0.0702,0.11871084905660377,1.0,
A_408,A,408,2.2802112062837323,0.0201641554381885,0.0279,0.05989311377245509,1.0,
A_409,A,409,2.0358538078473414,0.1146590677144228,0.0396,0.076428532974428,1.0,
A_410,A,410,2.0042663265959093,0.2571764359747519,0.0402,0.0772745308310992,1.0,
A_411,A,411,2.584939839978861,0.3703627453525107,0.0176,0.043514482758620694,1.0,1.0
A_412,A,412,3.4472990945087054,0.0612062400125595,0.0036,0.013203069053708438,1.0,1.0
A_413,A,413,2.9881260929058016,0.5801652399100997,0.0087,0.025512883435582823,1.0,1.0
A_414,A,414,3.946177339625596,0.0728764030490443,0.001,0.004861016949152542,1.0,1.0
A_415,A,415,4.70848867165507,0.0969008396476125,0.0001,0.0010946564885496184,0.1434,1.0
A_416,A,416,5.155850437009289,0.0317366154330207,0.0,0.0,0.0,1.0
A_417,A,417,5.685108658114837,0.1125715134946962,0.0001,0.0010946564885496184,0.1434,1.0
A_418,A,418,2.497582670466428,9.146750438559565,0.0163,0.04137026548672566,1.0,1.0
A_419,A,419,5.262514120393023,2.027156869891175,0.0002,0.0016482758620689657,0.2868,1.0
A_420,A,420,4.317476803605811,0.4685645480310721,0.0008,0.004156521739130435,1.0,1.0
A_421,A,421,2.0306794070836345,2.089075066686934,0.033,0.06779656160458453,1.0,
A_422,A,422,1.5029745665867065,0.1013505549152037,0.0747,0.12484825174825176,1.0,
A_423,A,423,1.2542630075893133,0.255122873713886,0.11,0.16639240506329114,1.0,
A_424,A,424,0.6576373257614798,0.1621965722345163,0.2258,0.2793763589301122,1.0,
A_425,A,425,1.4189447944091338,0.2496931304590643,0.0839,0.13687440273037543,1.0,
A_426,A,426,1.735294238061742,0.4872384145231243,0.0522,0.09572225063938619,1.0,
A_427,A,427,1.065794812711737,1.0549286348327338,0.1425,0.20373379860418742,1.0,
A_428,A,428,1.1062004336235942,0.4113078218575003,0.1328,0.19255328614762385,1.0,
A_429,A,429,1.0638075916779273,0.1038613361479849,0.1409,0.20219399999999996,1.0,
A_430,A,430,1.3639692876963951,0.0805896355248879,0.0923,0.14738333333333334,1.0,
A_431,A,431,1.2911145139772258,0.0018338280347375,0.1063,0.16250980810234542,1.0,
A_432,A,432,0.9789559308956616,-0.0135019972102143,0.153,0.2151,1.0,
A_433,A,433,0.5000161579377888,-0.078505247578856,0.2669,0.31294734260016355,1.0,
A_434,A,434,0.4750939899672045,-0.0114003370843787,0.2798,0.3233144238517325,1.0,
A_435,A,435,0.4952053422218686,-0.0060841150839948,0.278,0.3217530266343826,1.0,
A_436,A,436,0.8299498658819009,-0.0099686159727842,0.1832,0.2439264623955432,1.0,
A_437,A,437,0.4448181187683135,0.0083063224026229,0.2902,0.3323856230031949,1.0,
A_438,A,438,1.5515242802486056,0.0014647156069759,0.0711,0.12009116607773851,1.0,
A_439,A,439,1.5991634616143335,0.020612528416069,0.0686,0.1166932384341637,1.0,
A_440,A,440,0.1892679893393528,0.1603163383168389,0.3801,0.405553125,1.0,
A_441,A,441,-0.1959210303491304,0.0251623110458239,0.4612,0.4701522388059701,1.0,
A_442,A,442,-0.9650973182511928,0.0117233202556339,0.1523,0.2143260058881256,1.0,
A_443,A,443,-1.2430431323458022,-0.003834296564584,0.0753,0.12555837209302326,1.0,
A_444,A,444,-1.1903141488653235,-0.0093695049914749,0.0857,0.13933537414965985,1.0,
A_445,A,445,-1.575679355502258,-0.0031902659289505,0.0219,0.05106439024390244,1.0,
A_446,A,446,-1.6424516915735223,-0.0187112150330313,0.0152,0.03927351351351351,1.0,-1.0
A_447,A,447,-1.8596309505158148,0.0130116806720565,0.0033,0.012486015831134565,1.0,
A_448,A,448,-1.929910759261401,0.0333007757616599,0.0015,0.006659442724458204,1.0,
A_449,A,449,-2.0378690783173425,0.0086291909163569,0.0013,0.005974999999999999,1.0,
A_450,A,450,-2.171070263472782,0.0182629032049872,0.0003,0.0020682692307692307,0.43019999999999997,
A_451,A,451,-2.1386582432326864,0.0495838388373343,0.0004,0.002504803493449782,0.5736,
A_452,A,452,-2.167301041023027,0.0336582811890282,0.0002,0.0016482758620689657,0.2868,
A_453,A,453,-2.139898166357171,0.0262655157184849,0.0001,0.0010946564885496184,0.1434,
A_454,A,454,-2.2198087842916925,0.1181350155151816,0.0002,0.0016482758620689657,0.2868,
A_455,A,455,-2.2284671198832617,0.0057487954039874,0.0003,0.0020682692307692307,0.43019999999999997,
A_456,A,456,-2.222126326425802,0.0152359641393297,0.0002,0.0016482758620689657,0.2868,
A_457,A,457,-2.1675080078920854,0.0319762018289645,0.0003,0.0020682692307692307,0.43019999999999997,
A_458,A,458,-2.287169516865012,0.1990711477730003,0.0001,0.0010946564885496184,0.1434,
A_459,A,459,-2.219688125818259,0.0244740161423913,0.0003,0.0020682692307692307,0.43019999999999997,
A_460,A,460,-2.2263289750355044,0.1325034298127007,0.0003,0.0020682692307692307,0.43019999999999997,
A_461,A,461,-2.093781524466549,0.0309393152602363,0.0007,0.0037595505617977532,1.0,
A_462,A,462,-2.4883551863614337,0.6698454176794095,0.0,0.0,0.0,
A_463,A,463,-2.221301297188595,0.0020000310125346,0.0003,0.0020682692307692307,0.43019999999999997,
A_464,A,464,-2.200543317282897,0.0053120109172924,0.0001,0.0010946564885496184,0.1434,
A_465,A,465,-2.265994667066355,0.0436570658125429,0.0001,0.0010946564885496184,0.1434,
A_466,A,466,-2.334362022964175,-0.022263697362483,0.0,0.0,0.0,-1.0
A_467,A,467,-2.4413172948240187,-0.0242756814570373,0.0001,0.0010946564885496184,0.1434,-1.0
A_468,A,468,-2.4840782128399224,-0.0158644013755172,0.0,0.0,0.0,-1.0
A_469,A,469,-2.4412110172458337,-0.0918671509529008,0.0,0.0,0.0,-1.0
A_470,A,470,-2.4497697180741422,-0.0088738719918558,0.0001,0.0010946564885496184,0.1434,-1.0
A_471,A,471,-2.4816940323068457,-0.034168601263505,0.0001,0.0010946564885496184,0.1434,-1.0
A_472,A,472,-2.4873055133115063,-0.0135302684839118,0.0,0.0,0.0,-1.0
A_473,A,473,-2.4061184902543147,-0.001517464914182,0.0002,0.0016482758620689657,0.2868,-1.0
A_474,A,474,-2.34536043515572,0.0022764881421577,0.0002,0.0016482758620689657,0.2868,
A_475,A,475,-2.359130286410992,0.0262873548060254,0.0003,0.0020682692307692307,0.43019999999999997,
A_476,A,476,-2.198035937523223,0.0052191919409715,0.0013,0.005974999999999999,1.0,
A_477,A,477,-2.013434873443554,0.0302021015969243,0.0051,0.017127400468384076,1.0,
A_478,A,478,-1.9720393003033696,0.0164142428536853,0.0063,0.020076,1.0,
A_479,A,479,-1.767737227548161,0.0570079473321264,0.0149,0.038637613019891506,1.0,
A_480,A,480,-1.604073580321924,0.5737353245914172,0.0262,0.05771244239631337,1.0,
A_481,A,481,-1.2885527599801316,0.1471122410893389,0.0725,0.12173887587822012,1.0,
A_482,A,482,-1.0170788863278046,0.1388750978971867,0.1383,0.19972024169184294,1.0,
A_483,A,483,-0.3782742463907975,0.3103824715498464,0.3825,0.4066011860637509,1.0,
A_484,A,484,0.1384467442761252,0.7338303856335756,0.4016,0.42057724288840265,1.0,
A_485,A,485,0.9578487938380024,0.1160031889418211,0.1562,0.218741015625,1.0,
A_486,A,486,2.002774496344703,0.0555752543844774,0.0369,0.07308646408839779,1.0,
A_487,A,487,3.1396416186947804,0.0529861101816389,0.0069,0.021509999999999998,1.0,1.0
A_488,A,488,1.830235611503058,0.0187310454997057,0.0476,0.08887812500000002,1.0,
A_489,A,489,1.2029121002298109,-0.0008801519311327,0.1151,0.17157318087318085,1.0,
A_490,A,490,-0.209637778479547,0.0453814641071217,0.4567,0.4671239657631954,1.0,
A_491,A,491,-0.7665393598452818,0.0229550584205853,0.2243,0.278000172860847,1.0,
A_492,A,492,-1.4278400936550082,0.0192268201842096,0.0466,0.08758112712975098,1.0,
A_493,A,493,-1.3268274659591948,0.0141149654232671,0.0628,0.10968964677222899,1.0,
A_494,A,494,-1.449384169659557,0.021563352186511,0.0415,0.07924234354194408,1.0,
A_495,A,495,-1.8269081428976743,0.0193040106016103,0.0093,0.02694181818181818,1.0,
A_496,A,496,-1.6589580647550544,0.0307794381368905,0.0211,0.04952111292962357,1.0,
A_497,A,497,-1.943908848428436,0.0196947542616103,0.0056,0.018334246575342463,1.0,
A_498,A,498,-2.0500594113667274,0.0377896492070814,0.0036,0.013203069053708438,1.0,
A_499,A,499,-1.7560340696672876,0.0376291131202583,0.0101,0.028966799999999997,1.0,
A_500,A,500,-1.5069512546980268,0.0169394850687683,0.0306,0.06415263157894736,1.0,
A_501,A,501,-1.4193336113502757,0.0032094246410424,0.0415,0.07924234354194408,1.0,
A_502,A,502,-1.680999012126604,0.0026340320441752,0.0178,0.043782504288164666,1.0,
A_503,A,503,-1.9435538217891817,-0.0013407808661438,0.0038,0.013657142857142859,1.0,-1.0
A_504,A,504,-1.8386640866593151,0.007468142906584,0.0067,0.021116043956043957,1.0,
A_505,A,505,-1.7364582562014552,-0.0092662545055841,0.0138,0.03637720588235294,1.0,-1.0
A_506,A,506,-1.7441330466611038,-0.0024468009108845,0.0127,0.03436188679245283,1.0,-1.0
A_507,A,507,-1.7902061518320955,-9.226197725510204e-05,0.0129,0.034641573033707865,1.0,-1.0
A_508,A,508,-2.051948590321198,-0.0054415947668749,0.003,0.011690217391304348,1.0,-1.0
A_509,A,509,-2.071637856127003,-0.0154206514492952,0.0018,0.007614159292035398,1.0,-1.0
A_510,A,510,-2.076950210634519,0.0023165094800756,0.0014,0.006293416927899686,1.0,
A_511,A,511,-2.0412399008653823,-0.0178417075569644,0.0015,0.006659442724458204,1.0,-1.0
A_512,A,512,-2.180110663535101,-0.0305789152884643,0.0005,0.0029385245901639343,0.717,-1.0
A_513,A,513,-2.303008580743683,-0.0064402335694417,0.0001,0.0010946564885496184,0.1434,-1.0
A_514,A,514,-2.3266548380835115,-0.0012997804851306,0.0002,0.0016482758620689657,0.2868,-1.0
A_515,A,515,-2.2545526590048244,0.0260713079389734,0.0004,0.002504803493449782,0.5736,
A_516,A,516,-2.298123727689247,0.0122304806839933,0.0,0.0,0.0,
A_517,A,517,-2.403871410864151,0.004504055269383,0.0,0.0,0.0,
A_518,A,518,-2.318290025879738,0.005043104659714,0.0002,0.0016482758620689657,0.2868,
A_519,A,519,-2.2365044496339204,0.0128471788071917,0.0001,0.0010946564885496184,0.1434,
A_520,A,520,-2.2884899578436184,0.0086621679126982,0.0,0.0,0.0,
A_521,A,521,-2.310193045988096,0.0513431142285374,0.0001,0.0010946564885496184,0.1434,
A_522,A,522,-2.263841925438626,0.1846143176705053,0.0002,0.0016482758620689657,0.2868,
A_523,A,523,-2.1566761230831437,0.0341226583297021,0.0001,0.0010946564885496184,0.1434,
A_524,A,524,-2.2250082991157547,0.0457313013068559,0.0001,0.0010946564885496184,0.1434,
A_525,A,525,-2.244035522178055,0.1233141980628477,0.0001,0.0010946564885496184,0.1434,
A_526,A,526,-2.1219836461966066,0.0272431545218662,0.0005,0.0029385245901639343,0.717,
A_527,A,527,-2.149096211561556,0.0154337894895592,0.0,0.0,0.0,
A_528,A,528,-2.1916839478709518,-0.0009280852493531,0.0001,0.0010946564885496184,0.1434,-1.0
A_529,A,529,-2.1254269552758647,-0.0075575969793153,0.0002,0.0016482758620689657,0.2868,-1.0
A_530,A,530,-2.070265106669322,-0.0073754974924815,0.0001,0.0010946564885496184,0.1434,-1.0
A_531,A,531,-2.106959790842159,-0.0088092947957031,0.0002,0.0016482758620689657,0.2868,-1.0
A_532,A,532,-2.090842509819804,-0.0022117147877883,0.0001,0.0010946564885496184,0.1434,-1.0
A_533,A,533,-2.0909771000972386,0.0020880366346423,0.0001,0.0010946564885496184,0.1434,
A_534,A,534,-1.9777967501893607,-0.0041332728493969,0.0002,0.0016482758620689657,0.2868,-1.0
A_535,A,535,-1.9517149538441376,-0.0096848145483368,0.0008,0.004156521739130435,1.0,-1.0
A_536,A,536,-2.0516918394082237,-0.0059310263851667,0.0003,0.0020682692307692307,0.43019999999999997,-1.0
A_537,A,537,-2.1371023600164434,-0.0051283822687537,0.0004,0.002504803493449782,0.5736,-1.0
A_538,A,538,-2.222479518912756,0.0067312991167271,0.0004,0.002504803493449782,0.5736,
A_539,A,539,-2.160452029843813,0.0726720101066013,0.0008,0.004156521739130435,1.0,
A_540,A,540,-2.1685587591764173,0.0085245066551738,0.0009,0.004528421052631579,1.0,
A_541,A,541,-2.093147786768351,0.1800210205959505,0.0017,0.00729880239520958,1.0,
A_542,A,542,-2.14150778492968,0.0031994286622259,0.0016,0.0070380368098159505,1.0,
A_543,A,543,-2.3192663391648933,0.0100428205281398,0.0002,0.0016482758620689657,0.2868,
A_544,A,544,-2.32781494317516,0.0086681694758468,0.0002,0.0016482758620689657,0.2868,
A_545,A,545,-2.199298379030642,0.0040171944644809,0.0013,0.005974999999999999,1.0,
A_546,A,546,-2.3332429487540334,0.0034792281439291,0.0002,0.0016482758620689657,0.2868,
A_547,A,547,-2.3950528795576664,0.0034978831140999,0.0,0.0,0.0,
A_548,A,548,-2.367260143113454,0.0368651504963415,0.0001,0.0010946564885496184,0.1434,
A_549,A,549,-2.299428159835221,0.0108638764715468,0.0007,0.0037595505617977532,1.0,
A_550,A,550,-2.352929370018697,0.0406779682560476,0.0002,0.0016482758620689657,0.2868,
A_551,A,551,-2.462207448145928,0.1968434164768837,0.0,0.0,0.0,
A_552,A,552,-2.370251943876432,0.1014653265753501,0.0003,0.0020682692307692307,0.43019999999999997,
A_553,A,553,-2.31484841888624,0.0231120745652493,0.0002,0.0016482758620689657,0.2868,
A_554,A,554,-2.3474031306413585,0.0274794067342789,0.0001,0.0010946564885496184,0.1434,
A_555,A,555,-2.296405842730027,-0.0013778987043282,0.0003,0.0020682692307692307,0.43019999999999997,-1.0
A_556,A,556,-2.2018859362117755,-0.0162857509119186,0.0007,0.0037595505617977532,1.0,-1.0
A_557,A,557,-2.145365583135212,-0.0153400286382842,0.0005,0.0029385245901639343,0.717,-1.0
A_558,A,558,-2.130795963047838,-0.0297158531511616,0.0007,0.0037595505617977532,1.0,-1.0
A_559,A,559,-1.9652364621919436,-0.0028167839293196,0.0026,0.01038551532033426,1.0,-1.0
A_560,A,560,-1.8962111497004972,0.0082519760907274,0.0039,0.013911940298507461,1.0,
A_561,A,561,-1.9933016746458567,-0.0125214741284295,0.0016,0.0070380368098159505,1.0,-1.0
A_562,A,562,-2.1223758537358317,-0.0034663784655801,0.0009,0.004528421052631579,1.0,-1.0
A_563,A,563,-2.1737941866873505,0.0203708715434053,0.0011,0.0052580000000000005,1.0,
A_564,A,564,-2.249853832536992,0.0118761520210223,0.0005,0.0029385245901639343,0.717,
A_565,A,565,-2.1832054554798868,0.0059397851798121,0.0011,0.0052580000000000005,1.0,
A_566,A,566,-2.0775958521410147,0.0316846875771548,0.003,0.011690217391304348,1.0,
A_567,A,567,-2.08138196884161,-0.000643150507794,0.0029,0.011424725274725274,1.0,-1.0
A_568,A,568,-1.917530535486325,-0.0026219254673443,0.0065,0.02066740576496674,1.0,-1.0
A_569,A,569,-2.036674552863794,0.0007549418830016,0.0034,0.012730026109660574,1.0,
A_570,A,570,-1.7998014883799494,-0.0163030381514854,0.0103,0.029422709163346612,1.0,-1.0
A_571,A,571,-1.7276117013857069,0.0022068241509716,0.0137,0.036180110497237565,1.0,
A_572,A,572,-1.736493237642308,-0.0020700251573784,0.012,0.03296551724137931,1.0,-1.0
A_573,A,573,-1.76528303304087,-0.0059902274165756,0.0111,0.031088671875,1.0,-1.0
A_574,A,574,-1.4704415831584472,-0.0020433904313071,0.0347,0.07078207681365577,1.0,
A_575,A,575,-1.4578191039259152,-0.0044581728314993,0.0348,0.07078468085106383,1.0,
A_576,A,576,-1.3419772216027364,0.0021887012789855,0.0525,0.09590445859872611,1.0,
A_577,A,577,-0.970874226215246,0.0031452631911965,0.1396,0.2009903614457831,1.0,
A_578,A,578,-0.8098617327480561,0.0013826532218283,0.2004,0.25983146473779384,1.0,
A_579,A,579,-0.8436763086153359,0.0152360391878333,0.1929,0.25261972602739724,1.0,
A_580,A,580,-0.377192637905335,0.0019207249337769,0.381,0.4059273942093541,1.0,
A_581,A,581,-0.7708482286646596,0.0192703950332703,0.2159,0.27099212598425193,1.0,
A_582,A,582,-0.2399109255083973,0.0088448889913194,0.4375,0.45037688442211055,1.0,
A_583,A,583,0.2546367878469964,0.009313575497718,0.3588,0.38871797583081574,1.0,
A_584,A,584,-0.4271500216734485,0.0234980777916926,0.3608,0.39018642533936654,1.0,
A_585,A,585,-0.5542351907819668,0.0161846985594476,0.3038,0.34493206650831354,1.0,
A_586,A,586,-0.0857808642718156,0.0217805872769859,0.5118,0.5172101479915434,1.0,
A_587,A,587,-0.4771931400739514,0.0038309861893498,0.3402,0.3749783243658724,1.0,
A_588,A,588,-1.0893308418813583,0.0219468143316336,0.1199,0.17688950617283952,1.0,
A_589,A,589,-1.20537078321264,0.0084976745291704,0.0891,0.14372260967379077,1.0,
A_590,A,590,-1.113316668390772,0.0014702533204596,0.1097,0.1662652587117212,1.0,
A_591,A,591,-1.1437520082300905,-0.0419750329390153,0.1023,0.15842138228941685,1.0,
A_592,A,592,-1.366606754324355,-0.0274204983759626,0.0619,0.10838168498168498,1.0,
A_593,A,593,-1.341782219069709,-0.0136185545568855,0.0659,0.11371913357400722,1.0,
A_594,A,594,-1.6728166636053243,0.0100865680483811,0.0254,0.05638328173374613,1.0,
A_595,A,595,-1.7893055601485746,0.0901293107789853,0.0143,0.03742007299270073,1.0,
A_596,A,596,-1.4608806376965386,0.0763735841558868,0.0459,0.08660605263157894,1.0,
A_597,A,597,-1.7301407161664597,0.9121363196029856,0.0167,0.0419401050788091,1.0,
A_598,A,598,-1.161653579539799,0.2180589522337062,0.0989,0.15398762214983713,1.0,
A_599,A,599,-1.2010930070541348,0.1299882569473128,0.0861,0.13966900452488687,1.0,
A_600,A,600,-0.94895306671975,0.052464658331019,0.1487,0.21133379583746284,1.0,
A_601,A,601,-0.7147376325615472,0.0596191691265253,0.2338,0.2843674300254453,1.0,
A_602,A,602,-0.6714666678155357,0.0125495934880621,0.2535,0.3014253731343284,1.0,
A_603,A,603,-0.3852856959088413,0.0417765045403009,0.3762,0.40228993288590603,1.0,
A_604,A,604,-0.423593991597371,0.0705177060667469,0.3637,0.39155090090090094,1.0,
A_605,A,605,-0.5339844681166954,0.1215191854237566,0.3149,0.35444788069073785,1.0,
A_606,A,606,-0.7963482052232612,0.1490880628276264,0.2106,0.2670206896551724,1.0,
A_607,A,607,-0.734538088465234,0.3843480852404421,0.2361,0.2857108860759494,1.0,
A_608,A,608,-0.471587184248245,0.0876871204189158,0.3432,0.37683675344563555,1.0,
A_609,A,609,-0.7698536346046232,0.1116057897098763,0.2257,0.2793763589301122,1.0,
A_610,A,610,-0.918192023680488,0.0414893062613033,0.1694,0.23154119885823024,1.0,
A_611,A,611,-0.6698001089938818,0.1912284322203598,0.26,0.30686419753086425,1.0,
A_612,A,612,-0.4198264501250862,0.0550310059010304,0.3659,0.3931415730337079,1.0,
A_613,A,613,-0.7924709099717435,0.0580939883359511,0.2098,0.2670206896551724,1.0,
A_614,A,614,-0.8258027629016083,0.0205805392297368,0.2014,0.26042164111812444,1.0,
A_615,A,615,-0.2364840494586038,0.0224657753535191,0.4503,0.46090663811563165,1.0,
A_616,A,616,-0.0330877617056518,0.0232930158938478,0.5336,0.5347186582809224,1.0,
A_617,A,617,-0.547434792199422,0.0172087525050644,0.3114,0.35133564122738004,1.0,
A_618,A,618,-0.2767142847816997,0.0358537509019297,0.4272,0.44104017278617713,1.0,
A_619,A,619,-0.7912551587669273,0.0065859693936957,0.2119,0.26772211453744493,1.0,
A_620,A,620,-0.6625176531401364,0.0110965689644989,0.2621,0.30858078817733986,1.0,
A_621,A,621,-0.6008021403921778,0.0015878141271523,0.2893,0.33161966426858513,1.0,
A_622,A,622,-0.8250239256355787,-0.0011811949695912,0.2006,0.2598558265582656,1.0,
A_623,A,623,-1.2172851512393457,0.0092012347559187,0.0865,0.14000112866817155,1.0,
A_624,A,624,-1.209905063143239,0.0131533366019089,0.0905,0.14565319865319865,1.0,
A_625,A,625,-1.1304661616103588,0.0328236603272454,0.1097,0.1662652587117212,1.0,
A_626,A,626,-1.5170820977523325,0.12264323996475,0.0362,0.0726,1.0,
A_627,A,627,-1.699964440567584,0.0256218612135741,0.0204,0.048353057851239674,1.0,
A_628,A,628,-1.633748797833784,0.0452836411965167,0.0267,0.058276712328767126,1.0,
A_629,A,629,-1.6286038157838194,0.0309866535800413,0.0261,0.05758061538461538,1.0,
A_630,A,630,-1.986819062705561,0.0292072761603203,0.0051,0.017127400468384076,1.0,
A_631,A,631,-2.075375956431363,0.0161239397138316,0.0034,0.012730026109660574,1.0,
A_632,A,632,-1.9235137759143528,0.0019898933709629,0.0069,0.021509999999999998,1.0,
A_633,A,633,-2.036196384234936,0.0124927774551398,0.0033,0.012486015831134565,1.0,
A_634,A,634,-2.2883313076010023,0.0442225105550611,0.0005,0.0029385245901639343,0.717,
A_635,A,635,-2.195900485630897,0.0224516444891726,0.0007,0.0037595505617977532,1.0,
A_636,A,636,-2.207653116775817,0.0488725027753685,0.0012,0.005641967213114754,1.0,
A_637,A,637,-2.018816662522205,0.1662931145680344,0.0042,0.014761764705882351,1.0,
A_638,A,638,-1.8943675597563143,0.0356110085980008,0.0078,0.02359746835443038,1.0,
A_639,A,639,-1.997435463958226,0.0591015026652224,0.0038,0.013657142857142859,1.0,
A_640,A,640,-2.038542238485147,0.0147764796163134,0.0029,0.011424725274725274,1.0,
A_641,A,641,-1.7881645033899276,0.0122470577746169,0.0113,0.03152568093385214,1.0,
A_642,A,642,-1.658798280972403,0.017808433206199,0.021,0.049448275862068965,1.0,
A_643,A,643,-1.3761973051048797,-0.0010730935674397,0.0551,0.09951309823677583,1.0,
A_644,A,644,-1.3348303475630825,-0.0038516759992866,0.0666,0.11437652694610778,1.0,
A_645,A,645,-1.6411536841288583,0.0094226064168712,0.022,0.05121428571428571,1.0,
A_646,A,646,-1.306787493341365,0.0081605065025496,0.0689,0.11692615384615385,1.0,
A_647,A,647,-1.5293319079105772,0.0179916676359919,0.0316,0.06567304347826088,1.0,
A_648,A,648,-1.503482143786387,0.0161197589859159,0.0341,0.06985628571428572,1.0,
A_649,A,649,-1.8377743012423855,0.0033547936646947,0.0079,0.023799579831932777,1.0,
A_650,A,650,-2.1087442694438754,-0.0217668343679723,0.0009,0.004528421052631579,1.0,-1.0
A_651,A,651,-2.2767344707790214,-0.0360255448877323,0.0005,0.0029385245901639343,0.717,-1.0
A_652,A,652,-2.1772347784344905,0.0041801378309316,0.0005,0.0029385245901639343,0.717,
A_653,A,653,-2.13721597032011,0.0040044718741509,0.0014,0.006293416927899686,1.0,
A_654,A,654,-1.8217061332670563,0.0302004608469275,0.0105,0.02981584158415842,1.0,
A_655,A,655,-1.4334675931844263,0.0269099663287279,0.0459,0.08660605263157894,1.0,
A_656,A,656,-1.2809401405442855,0.0216630873736008,0.0739,0.12365530921820302,1.0,
A_657,A,657,-1.2676677981939397,0.0186486977577052,0.0793,0.1304084862385321,1.0,
A_658,A,658,-0.7486650535817906,0.0170736830576671,0.2348,0.284858883248731,1.0,
A_659,A,659,-0.3554740148096995,0.0557249889735634,0.4011,0.4204513157894737,1.0,
A_660,A,660,-0.4457213871835497,0.1124299849614857,0.3586,0.38871797583081574,1.0,
A_661,A,661,-0.1740250002888877,0.0270448512044655,0.4754,0.48246539278131634,1.0,
A_662,A,662,0.8120216805580365,0.0280034609162124,0.1856,0.24643555555555555,1.0,
A_663,A,663,0.8530301519182352,0.0159812333512581,0.1727,0.2344820415879017,1.0,
A_664,A,664,2.0175437097804734,0.0338700663564072,0.037,0.07318344827586207,1.0,
A_665,A,665,1.3157819831754392,0.011364207871442,0.0934,0.14815884955752212,1.0,
A_666,A,666,0.5719202825165561,0.0441040476671551,0.24,0.2892100840336134,1.0,
A_667,A,667,0.8099042276480105,0.2588192076190784,0.1824,0.24362007434944238,1.0,
A_668,A,668,0.3965016798024442,0.0561290557399249,0.2936,0.335476015936255,1.0,
A_669,A,669,0.251333191338781,0.0072520645033673,0.3465,0.37987844036697244,1.0,
A_670,A,670,-0.231956887715298,-0.0009386374751211,0.4683,0.47593352232459246,1.0,
A_671,A,671,-0.5765669763116135,0.0120364280925084,0.3062,0.34646524822695035,1.0,
A_672,A,672,-0.3398534231094977,-0.002025151683325,0.4136,0.430720697167756,1.0,
A_673,A,673,-0.654253762620963,0.0009805253465994,0.2584,0.30573069306930695,1.0,
A_674,A,674,-0.58163813260783,0.0120557136025031,0.2947,0.33592988871224166,1.0,
A_675,A,675,-0.8208782014825503,0.0032314832965168,0.1923,0.25232632541133454,1.0,
A_676,A,676,-0.7460993811031099,0.0107338590745103,0.2311,0.28288464163822524,1.0,
A_677,A,677,-0.8650435403976111,0.0009621958698547,0.1859,0.24660555041628124,1.0,
A_678,A,678,-0.6136451413664733,-0.0007306499376797,0.2926,0.3346,1.0,
A_679,A,679,-0.5049992834192063,-0.0022356071954909,0.3411,0.3753932463545664,1.0,
A_680,A,680,-0.2498056907679702,-0.0029824678710118,0.4605,0.4700049822064057,1.0,
A_681,A,681,-0.0669998189394116,-7.553969197866914e-05,0.542,0.5427569832402235,1.0,
A_682,A,682,0.2484659468707721,-0.0045042547396721,0.3322,0.36928279069767445,1.0,
A_683,A,683,0.8861348953778383,-0.0335759808160557,0.1572,0.21949834469328142,1.0,
A_684,A,684,0.4558338627793959,-0.0124383256315153,0.2553,0.30281240694789086,1.0,
A_685,A,685,0.2485774813449604,0.0012186745485754,0.3279,0.36592108949416347,1.0,
A_686,A,686,-0.2486132929884036,0.0040355630185218,0.4613,0.4701522388059701,1.0,
A_687,A,687,-0.535832017819527,0.0424958419818665,0.3254,0.3636373831775701,1.0,
A_688,A,688,-0.6185570377022973,0.0111423769504344,0.2854,0.3284285485164395,1.0,
A_689,A,689,-0.9110627341874384,0.2888970309655616,0.1697,0.23154119885823024,1.0,
A_690,A,690,-0.9721817732290144,0.2552204292921236,0.1497,0.21212430830039528,1.0,
A_691,A,691,-1.0708536780122264,0.3365990326910351,0.1186,0.17569462809917355,1.0,
A_692,A,692,-0.9444349559524194,0.0117757956488177,0.1614,0.22317401347449473,1.0,
A_693,A,693,-0.6599280332715667,0.0083673767120365,0.2665,0.31273404255319154,1.0,
A_694,A,694,-0.8697763688355313,0.0432956578965524,0.1892,0.2495977920883165,1.0,
A_695,A,695,-1.0695958908328105,0.4873895124832667,0.1281,0.1866823170731707,1.0,
A_696,A,696,-0.3076534833027998,0.0274088109700591,0.4202,0.43632643012309924,1.0,
A_697,A,697,-0.1624850746017591,0.0759733676974079,0.4815,0.4883104667609618,1.0,
A_698,A,698,-0.2200045845907002,-0.003013237951084,0.458,0.4681197434069851,1.0,
A_699,A,699,0.4884676050299122,0.0018137274523667,0.2726,0.31727104622871044,1.0,
A_700,A,700,0.9897922828422436,0.0041360280318479,0.1439,0.20491817279046673,1.0,
A_701,A,701,1.0211898664528862,-0.011912693001857,0.1422,0.2035077844311377,1.0,
A_702,A,702,2.1272297000817617,0.0002242265543813,0.0307,0.06426832116788321,1.0,
A_703,A,703,1.3222472850092146,-0.010944379126734,0.0937,0.14846490066225163,1.0,
A_704,A,704,0.3176919524027118,0.0211116429015951,0.329,0.36629347826086955,1.0,
A_705,A,705,0.933921163556742,0.0288946177922253,0.16,0.22168115942028987,1.0,
A_706,A,706,1.4578573529614212,0.0449069283932687,0.0791,0.1302289322617681,1.0,
A_707,A,707,0.2225317932251551,0.0210252890157785,0.3613,0.390246686746988,1.0,
A_708,A,708,-0.0545763633525659,0.0205375787192088,0.5221,0.5257664325842697,1.0,
A_709,A,709,0.7468546416305301,0.1089732437033964,0.2059,0.2633903657448707,1.0,
A_710,A,710,0.1948180994600639,0.0291192184817729,0.3793,0.4050008935219658,1.0,
A_711,A,711,-0.6483616374509077,0.0354584623074576,0.272,0.3170875710804224,1.0,
A_712,A,712,-0.211817316554659,0.0417003935948586,0.4667,0.4753180397727273,1.0,
A_713,A,713,0.3253531364939531,0.0459679515736226,0.3191,0.35889364705882354,1.0,
A_714,A,714,0.0675592626795127,0.0292124844619351,0.4199,0.43632643012309924,1.0,
A_715,A,715,-0.3025346618722609,0.0262006602802862,0.4266,0.44084135446685885,1.0,
A_716,A,716,-0.7515348029784361,0.0478899236112897,0.2293,0.2822456652360515,1.0,
A_717,A,717,-1.28594038203979,0.0189078034527212,0.0677,0.11571132300357567,1.0,
A_718,A,718,-1.5336272424403514,0.007163521246615,0.0285,0.06081696428571429,1.0,
A_719,A,719,-1.358591808851494,0.0069586818424751,0.0564,0.10160502512562813,1.0,
A_720,A,720,-1.505015459950516,-0.00506868533335,0.0367,0.07299278779472955,1.0,
A_721,A,721,-1.8663455132425253,0.0064941623821652,0.0081,0.024249269311064716,1.0,
A_722,A,722,-1.7753335700024429,0.0262976787728083,0.0122,0.0334508604206501,1.0,
A_723,A,723,-1.582368965399204,0.0334036804412739,0.0266,0.058276712328767126,1.0,
A_724,A,724,-1.7753964827785165,0.0323425052157765,0.0146,0.03792826086956522,1.0,
A_725,A,725,-1.8436803015610903,0.0105601629748949,0.0095,0.02741046277665996,1.0,
A_726,A,726,-1.5298782623789555,0.0187212921951572,0.0311,0.06482180232558139,1.0,
A_727,A,727,-1.4951554903261357,0.2412391064512972,0.0361,0.0726,1.0,
A_728,A,728,-1.6311044530925904,0.275013741092028,0.0242,0.05447849293563579,1.0,
A_729,A,729,-1.8551983001127352,1.0536838752689652,0.0091,0.026469371196754566,1.0,
A_730,A,730,-1.0561949734641458,0.0549479186261649,0.1247,0.18284233128834357,1.0,
A_731,A,731,-1.167993320637878,0.0752361306395429,0.0981,0.15321978260869565,1.0,
A_732,A,732,-1.4373223975604477,0.2151136972833396,0.0456,0.086267018469657,1.0,
A_733,A,733,-1.0954851430162642,0.2250846670698876,0.1127,0.1691730407523511,1.0,
A_734,A,734,-0.4569241342254642,0.1149623839295812,0.3441,0.37753588370313695,1.0,
A_735,A,735,-0.4804408999773623,0.8312893807321873,0.3355,0.3716219305019305,1.0,
A_736,A,736,-0.5425007104759375,0.0784334749682122,0.3066,0.34646524822695035,1.0,
A_737,A,737,-0.0565691618190596,0.2068852787917061,0.5289,0.5307505948215536,1.0,
A_738,A,738,-0.4848558918985643,0.057576871398564,0.3329,0.36959907120743035,1.0,
A_739,A,739,-0.9238615458504754,0.0851923210292657,0.1574,0.219563813229572,1.0,
A_740,A,740,-0.50225746889167,0.0343184225405865,0.3206,0.36029811912225707,1.0,
B_24,B,24,0.6803475209269363,-0.0232863504454485,0.2104,0.2670206896551724,1.0,
B_25,B,25,0.3981267571863333,-0.0144913287031156,0.2878,0.3304285028022418,1.0,
B_26,B,26,0.4060859080631275,-0.0174806998313797,0.2942,0.3356267303102626,1.0,
B_27,B,27,0.1778137752316259,-0.0034050829194144,0.3823,0.4066011860637509,1.0,
B_28,B,28,0.1517427205527493,0.0115178418032453,0.3894,0.41149565217391304,1.0,
B_29,B,29,0.2463853968086121,0.0704321205598726,0.3517,0.38352684410646387,1.0,
B_30,B,30,-0.0706937673706788,0.018704259228043,0.5191,0.5238489795918367,1.0,
B_31,B,31,-0.0595226123099244,0.0188375219621139,0.5335,0.5347186582809224,1.0,
B_32,B,32,0.138849640959012,0.0722628044257472,0.3936,0.4144070484581498,1.0,
B_33,B,33,0.3023587693846894,0.0397829363299517,0.3253,0.3636373831775701,1.0,
B_34,B,34,0.8463141957725466,0.0169128850438765,0.1745,0.2358463713477851,1.0,
B_35,B,35,1.2140303269250017,0.1579561405758269,0.1053,0.16167044967880087,1.0,
B_36,B,36,0.612255614660544,0.0220364069925278,0.2312,0.28288464163822524,1.0,
B_37,B,37,0.6655073833328864,0.0175641890187329,0.2148,0.2701957894736842,1.0,
B_38,B,38,1.271343858315983,0.0271805567446747,0.0982,0.15321978260869565,1.0,
B_39,B,39,1.056271143862124,0.0088263138074802,0.1316,0.19119999999999998,1.0,
B_40,B,40,0.4820358705779917,0.0199721874051701,0.2651,0.3116011475409836,1.0,
B_41,B,41,0.3169800995242216,0.0202642885637386,0.3218,0.3613051643192488,1.0,
B_42,B,42,0.4903847406807815,0.0025284205873954,0.2662,0.31263783783783783,1.0,
B_43,B,43,0.1217501992386463,0.011552620940773,0.4042,0.42246559766763847,1.0,
B_44,B,44,0.160739116357056,0.0095130529803159,0.3869,0.4097596750369277,1.0,
B_45,B,45,0.1743141771101839,0.0451737842273579,0.3856,0.40868470066518847,1.0,
B_46,B,46,0.294689648364993,0.1677769374757277,0.3399,0.3749358461538461,1.0,
B_47,B,47,0.2289688523921066,0.1801426239801612,0.366,0.3931415730337079,1.0,
B_48,B,48,-0.282548824139305,0.5984719348601674,0.4265,0.44084135446685885,1.0,
B_49,B,49,0.102611048481914,0.1856244536577698,0.4108,0.42811569767441865,1.0,
B_50,B,50,0.6158533472029539,0.0644774193732409,0.2378,0.2875254637436762,1.0,
B_51,B,51,0.8220208598705347,0.0736821726304274,0.1827,0.24362007434944238,1.0,
B_52,B,52,0.0667221505297288,0.0578162390068149,0.4267,0.44084135446685885,1.0,
B_53,B,53,-0.2795290632298746,0.0292529972082358,0.4191,0.4358153734590282,1.0,
B_54,B,54,-0.4409925776689872,-0.0028116840018697,0.3516,0.38352684410646387,1.0,
B_55,B,55,-0.0578889873167119,-0.0119008956943497,0.5212,0.525598312236287,1.0,
B_56,B,56,0.062718889239636,0.0029060273616527,0.4281,0.4416513669064748,1.0,
B_57,B,57,-0.421056030105042,0.0340734958653024,0.3614,0.390246686746988,1.0,
B_58,B,58,-0.3552495769282462,0.0566300057742695,0.3923,0.41375117647058823,1.0,
B_59,B,59,-0.7710814040163538,0.0486704734583963,0.2113,0.26756187113857016,1.0,
B_60,B,60,-0.7541466573184907,0.038109441787173,0.2114,0.26756187113857016,1.0,
B_61,B,61,-0.8539394446450324,0.0131916497377985,0.1723,0.234197345971564,1.0,
B_62,B,62,-0.4027274207294329,0.0691853910585454,0.3742,0.40044985074626865,1.0,
B_63,B,63,-0.12410164089921,0.1367855784844423,0.4989,0.5052419491525424,1.0,
B_64,B,64,0.5213169559735952,0.080162356070832,0.2621,0.30858078817733986,1.0,
B_65,B,65,0.5282849785951679,0.0413912479949439,0.2593,0.306290115321252,1.0,
B_66,B,66,-0.0170050646481217,-0.0036612188119306,0.5531,0.5531,1.0,
B_67,B,67,0.1245966832371291,0.0108252241323506,0.3923,0.41375117647058823,1.0,
B_68,B,68,0.6788758864430868,-0.0298095014021302,0.2197,0.2744336236933798,1.0,
B_69,B,69,0.4597483448005952,0.0085671111607151,0.2741,0.31800922330097087,1.0,
B_70,B,70,0.2049013656335294,0.0072831543466505,0.3569,0.38772318181818183,1.0,
B_71,B,71,0.6231073893758418,0.0215863846404654,0.2283,0.28149802235597593,1.0,
B_72,B,72,0.7870328671259955,-0.0232523114790732,0.1826,0.24362007434944238,1.0,
B_73,B,73,1.2362857551144286,0.026954136063577,0.1067,0.1629476038338658,1.0,
B_74,B,74,1.3605655772927452,-0.0071234262738767,0.0883,0.1427533258173619,1.0,
B_75,B,75,1.2647070986899165,0.0347294159305424,0.1029,0.15883595263724434,1.0,
B_76,B,76,1.745021999708116,0.01828500626939,0.0596,0.10538397040690506,1.0,
B_77,B,77,2.150104914883155,0.3167909721586037,0.0333,0.06831502145922747,1.0,
B_78,B,78,1.755578710270477,0.6007620288717913,0.0576,0.1031191011235955,1.0,
B_79,B,79,2.113949767810382,0.0260277780247442,0.0362,0.0726,1.0,
B_80,B,80,2.946887902040212,0.0548211176524443,0.0093,0.02694181818181818,1.0,1.0
B_81,B,81,2.907936808696252,0.0332222466685768,0.0114,0.03174291262135922,1.0,1.0
B_82,B,82,2.5726329823435368,-0.0205114958061384,0.0179,0.04387794871794872,1.0,1.0
B_83,B,83,3.291065948316472,-0.0554452719721676,0.0073,0.022415845824411137,1.0,1.0
B_84,B,84,4.065639786267041,0.005236682906842,0.0019,0.007990029325513195,1.0,1.0
B_85,B,85,3.6981087215498007,0.0081025918122165,0.0034,0.012730026109660574,1.0,1.0
B_86,B,86,3.6248198152320903,-0.000641763261492,0.0052,0.017381818181818182,1.0,1.0
B_87,B,87,4.939614465073442,-0.0018499888937517,0.0007,0.0037595505617977532,1.0,1.0
B_88,B,88,4.3868435478267545,0.0167772415560658,0.0013,0.005974999999999999,1.0,1.0
B_89,B,89,3.8042618605746976,0.0656476435380046,0.0046,0.015894939759036143,1.0,1.0
B_90,B,90,4.477397492840065,0.2494132650738374,0.001,0.004861016949152542,1.0,1.0
B_91,B,91,4.960778684436801,2.4153410150992527,0.0003,0.0020682692307692307,0.43019999999999997,1.0
B_92,B,92,6.5166615254647615,0.0610280305662285,0.0,0.0,0.0,1.0
B_93,B,93,4.278923340587334,6.923112832007254,0.001,0.004861016949152542,1.0,1.0
B_94,B,94,5.431959680827934,2.6801330247786583,0.0004,0.002504803493449782,0.5736,1.0
B_95,B,95,4.898126586552683,0.3994493591944169,0.0007,0.0037595505617977532,1.0,1.0
B_96,B,96,4.91816312287544,1.549703641119899,0.0006,0.003400790513833992,0.8603999999999999,1.0
B_97,B,97,5.210056058303354,0.0695041352596828,0.0001,0.0010946564885496184,0.1434,1.0
B_98,B,98,5.568392609966263,0.677665453628602,0.0,0.0,0.0,1.0
B_99,B,99,5.103312681462187,0.0384296787831147,0.0001,0.0010946564885496184,0.1434,1.0
B_100,B,100,5.125715979516456,0.0841877103547527,0.0003,0.0020682692307692307,0.43019999999999997,1.0
B_101,B,101,6.712795196688951,0.1389376233944141,0.0,0.0,0.0,1.0
B_102,B,102,6.35499009306156,0.1219532955991203,0.0,0.0,0.0,1.0
B_103,B,103,6.227123988403296,0.1863285884603428,0.0,0.0,0.0,1.0
B_104,B,104,5.198951044091226,5.179726347091543,0.0001,0.0010946564885496184,0.1434,1.0
B_105,B,105,7.75351962230164,0.4683497429450324,0.0,0.0,0.0,1.0
B_106,B,106,6.4551495291158085,0.2458016482527933,0.0,0.0,0.0,1.0
B_107,B,107,6.378482038729499,0.3509056828696109,0.0,0.0,0.0,1.0
B_108,B,108,6.994683520996954,0.6613044072352521,0.0,0.0,0.0,1.0
B_109,B,109,5.729783758266634,3.537123865422607,0.0001,0.0010946564885496184,0.1434,1.0
B_110,B,110,6.239927173493375,0.6189030538370901,0.0,0.0,0.0,1.0
B_111,B,111,5.33571040521006,0.4810936926795185,0.0001,0.0010946564885496184,0.1434,1.0
B_112,B,112,4.990015667224756,0.1011956926481441,0.0005,0.0029385245901639343,0.717,1.0
B_113,B,113,4.676066377794853,0.0136024981469798,0.0002,0.0016482758620689657,0.2868,1.0
B_114,B,114,2.6437475020252763,0.0113500361619191,0.0143,0.03742007299270073,1.0,1.0
B_115,B,115,1.7786559760655187,0.0116065500708877,0.0533,0.09674962025316455,1.0,
B_116,B,116,0.7923592059774546,0.0231338082066109,0.1971,0.2567133514986376,1.0,
B_117,B,117,0.9637005775713858,0.0272589637037552,0.1582,0.220465306122449,1.0,
B_118,B,118,2.20905423557908,0.0336265913632396,0.0295,0.062485967503692764,1.0,
B_119,B,119,2.9787423315355936,0.0838390929194019,0.0086,0.02542762886597938,1.0,1.0
B_120,B,120,3.9104833035105577,2.068682533364781,0.0018,0.007614159292035398,1.0,1.0
B_121,B,121,4.805020872007882,2.999727434348393,0.0005,0.0029385245901639343,0.717,1.0
B_122,B,122,6.31668293117773,0.1884103654881022,0.0,0.0,0.0,1.0
B_123,B,123,4.841666069456641,0.3527585072975295,0.0008,0.004156521739130435,1.0,1.0
B_124,B,124,4.591940379117729,0.2571478549124775,0.0009,0.004528421052631579,1.0,1.0
B_125,B,125,4.270050779166796,3.011987069251269,0.0017,0.00729880239520958,1.0,1.0
B_126,B,126,5.051754584958343,1.0892387337031295,0.0002,0.0016482758620689657,0.2868,1.0
B_127,B,127,6.156836433485375,0.6059056507853099,0.0001,0.0010946564885496184,0.1434,1.0
B_128,B,128,5.371123354844945,0.337342926913022,0.0001,0.0010946564885496184,0.1434,1.0
B_129,B,129,3.978386860032967,0.1736294139968068,0.0021,0.008653448275862069,1.0,1.0
B_130,B,130,2.952564647541036,1.0277751299513558,0.0107,0.030263905325443784,1.0,1.0
B_131,B,131,3.3115361482478787,0.4484462236230514,0.007,0.021680345572354213,1.0,1.0
B_132,B,132,4.717403845436599,0.5146199324597852,0.0004,0.002504803493449782,0.5736,1.0
B_133,B,133,5.6251427182516505,0.0336652997028538,0.0001,0.0010946564885496184,0.1434,1.0
B_134,B,134,4.740897478311821,0.110298076896734,0.0004,0.002504803493449782,0.5736,1.0
B_135,B,135,4.858160390661574,0.0895120113386781,0.0008,0.004156521739130435,1.0,1.0
B_136,B,136,5.37225356058496,0.0827518686663562,0.0003,0.0020682692307692307,0.43019999999999997,1.0
B_137,B,137,6.2738928589655325,0.458653009393858,0.0,0.0,0.0,1.0
B_138,B,138,6.149443365184959,4.0173757311476495,0.0,0.0,0.0,1.0
B_139,B,139,7.573782884205815,1.0342309583244982,0.0,0.0,0.0,1.0
B_140,B,140,8.32290837970386,0.6464596373729569,0.0,0.0,0.0,1.0
B_141,B,141,9.003995343391983,1.4913152354736834,0.0,0.0,0.0,1.0
B_142,B,142,6.088357429093239,7.088563576170895,0.0,0.0,0.0,1.0
B_143,B,143,8.137126496129795,1.838257427043744,0.0,0.0,0.0,1.0
B_144,B,144,7.390504520910108,2.828296623735612,0.0,0.0,0.0,1.0
B_145,B,145,7.250066957288301,1.3072542718797238,0.0,0.0,0.0,1.0
B_146,B,146,5.378822119131195,2.0248867088486824,0.0001,0.0010946564885496184,0.1434,1.0
B_147,B,147,5.635210426632647,0.1775810737616363,0.0001,0.0010946564885496184,0.1434,1.0
B_148,B,148,4.461577510964416,-0.0158941599735696,0.0012,0.005641967213114754,1.0,1.0
B_149,B,149,3.2673930579742896,0.0121035629275692,0.006,0.01937837837837838,1.0,1.0
B_150,B,150,2.431325606885188,0.0431877750289538,0.0204,0.048353057851239674,1.0,1.0
B_151,B,151,2.40987236755862,0.0497213729004764,0.021,0.049448275862068965,1.0,1.0
B_152,B,152,2.318379452313055,0.0709937520413564,0.023,0.0527712,1.0,
B_153,B,153,0.9776422834034928,1.22076641326229,0.1513,0.21347846607669618,1.0,
B_154,B,154,1.3122961869466514,0.3399971978007604,0.0931,0.14801042128603104,1.0,
B_155,B,155,1.0546994162737724,0.5489655077900156,0.1381,0.19963245967741935,1.0,
B_156,B,156,0.758043482793704,0.2811708920235722,0.2,0.2595475113122172,1.0,
B_157,B,157,0.6154005645954157,0.0482959017873288,0.2416,0.29016281407035177,1.0,
B_158,B,158,0.6838828130461047,0.050878720998103,0.2155,0.2708387379491674,1.0,
B_159,B,159,1.6410856703777306,0.0344597944037451,0.0618,0.10833887530562347,1.0,
B_160,B,160,2.522289686992849,0.0720011773542537,0.0182,0.04453720136518771,1.0,1.0
B_161,B,161,3.5243146182684595,0.7945184075082213,0.0038,0.013657142857142859,1.0,1.0
B_162,B,162,4.485645301003121,0.0470375621263168,0.001,0.004861016949152542,1.0,1.0
B_163,B,163,3.39113276056889,0.0401383749695167,0.0055,0.018089449541284403,1.0,1.0
B_164,B,164,3.728719699295137,0.0552069478788989,0.0034,0.012730026109660574,1.0,1.0
B_165,B,165,5.30813361435071,0.0293355240197108,0.0002,0.0016482758620689657,0.2868,1.0
B_166,B,166,5.01459550642343,0.0401433469807398,0.0003,0.0020682692307692307,0.43019999999999997,1.0
B_167,B,167,3.96301895606952,0.3001253027192135,0.0018,0.007614159292035398,1.0,1.0
B_168,B,168,4.345364059106304,1.2857511935637147,0.001,0.004861016949152542,1.0,1.0
B_169,B,169,4.882828381910319,1.1993796354519917,0.0001,0.0010946564885496184,0.1434,1.0
B_170,B,170,4.108590463105891,0.3486890487104939,0.0017,0.00729880239520958,1.0,1.0
B_171,B,171,3.948096062223639,0.2619544363136207,0.0024,0.009667415730337078,1.0,1.0
B_172,B,172,3.4313022531002524,2.8890521685590973,0.0043,0.01503951219512195,1.0,1.0
B_173,B,173,3.837228518677171,0.1999991667502986,0.0022,0.009013714285714286,1.0,1.0
B_174,B,174,2.9212397133084527,0.1035851335663485,0.0117,0.03238957528957529,1.0,1.0
B_175,B,175,3.3050536209544044,0.0663432845788454,0.0068,0.021337417943107218,1.0,1.0
B_176,B,176,2.6710774273755407,0.9961116997558584,0.0156,0.039947142857142855,1.0,1.0
B_177,B,177,2.425953618046003,0.0903261556965791,0.0236,0.05363296354992076,1.0,
B_178,B,178,2.221111836025893,0.1421358216592014,0.0301,0.06356907216494845,1.0,
B_179,B,179,1.9951587225734253,0.0355044295839587,0.0409,0.07851485943775101,1.0,
B_180,B,180,2.2126482156441405,0.0406107415113671,0.0306,0.06415263157894736,1.0,
B_181,B,181,1.8356935402899055,0.0351889453331885,0.049,0.09101813471502591,1.0,
B_182,B,182,1.8248069797233424,0.1271031560862147,0.0502,0.09288619354838709,1.0,
B_183,B,183,2.36787997778831,0.0667822518325797,0.0215,0.0502952691680261,1.0,
B_184,B,184,2.2949153018645347,0.0451543562147065,0.0271,0.05870302114803625,1.0,
B_185,B,185,2.2236041875345167,0.0259169023992259,0.03,0.06345132743362832,1.0,
B_186,B,186,1.9854890980706277,0.1218823469358568,0.0416,0.07932765957446808,1.0,
B_187,B,187,2.933614335705851,0.1301071714261857,0.0113,0.03152568093385214,1.0,1.0
B_188,B,188,2.5136571747325203,0.0622263347865841,0.02,0.04772046589018303,1.0,1.0
B_189,B,189,2.453859576489617,1.2434844556948803,0.0222,0.051596110210696926,1.0,
B_190,B,190,2.74228982329973,0.2053468943474547,0.0109,0.03070844793713163,1.0,1.0
B_191,B,191,1.1980794637794454,1.4667733669148673,0.1109,0.16702413431269675,1.0,
B_192,B,192,1.9404992477733656,0.021377395207949,0.0399,0.0768008053691275,1.0,
B_193,B,193,2.564185213419005,0.1791858042010762,0.017,0.04247038327526133,1.0,1.0
B_194,B,194,2.361616541590507,0.184715524329819,0.0212,0.04967450980392157,1.0,1.0
B_195,B,195,1.519540230183149,0.0653690751163809,0.073,0.12243508771929824,1.0,
B_196,B,196,1.7231606875479926,0.0754760654208841,0.0531,0.09663121827411168,1.0,
B_197,B,197,1.0537748931330049,0.0122910454073391,0.1408,0.20219399999999996,1.0,
B_198,B,198,1.6521256152469344,0.0280243189387322,0.0604,0.10666699507389163,1.0,
B_199,B,199,0.8648219981867314,0.0353870990079333,0.1795,0.24146622889305816,1.0,
B_200,B,200,0.396706433317703,0.1670039550120708,0.3063,0.34646524822695035,1.0,
B_201,B,201,0.7499065645066266,0.0036034601465474,0.2009,0.2600095667870036,1.0,
B_202,B,202,0.8527481783276936,0.0002300779572247,0.18,0.24191190253045922,1.0,
B_203,B,203,1.43653292386693,0.0013364878805079,0.0854,0.1390052213393871,1.0,
B_204,B,204,2.2228477195230965,0.0059017499860581,0.0308,0.06438367346938775,1.0,
B_205,B,205,2.242344379228095,0.0023426063229646,0.0304,0.06401409691629956,1.0,
B_206,B,206,1.323383236757697,-0.0134185098897817,0.1011,0.15707193932827734,1.0,
B_207,B,207,0.9512814347804536,-0.003410725523463,0.1568,0.219153216374269,1.0,
B_208,B,208,0.5573016856881076,-0.0155122338639837,0.245,0.29301918265221016,1.0,
B_209,B,209,0.4363052417149942,-0.0133443482498474,0.2917,0.33383703112529933,1.0,
B_210,B,210,0.3009518349552171,-0.0075254065708494,0.3289,0.36629347826086955,1.0,
B_211,B,211,0.1311388844298576,-0.0395323044976144,0.3839,0.407183875739645,1.0,
B_212,B,212,0.0697722956148621,-0.0019670584459912,0.4021,0.42057724288840265,1.0,
B_213,B,213,0.2997555575576566,-0.0321642618630616,0.323,0.36186093750000003,1.0,
B_214,B,214,0.4260885061013698,-0.0046055571577938,0.2856,0.3284285485164395,1.0,
B_215,B,215,0.2428991113249554,-0.0076336193189025,0.3512,0.38352684410646387,1.0,
B_216,B,216,0.452081552580675,-0.0008461655178875,0.2818,0.3251015285599356,1.0,
B_217,B,217,0.250565726683733,-0.0070940685252524,0.3558,0.3868212282031842,1.0,
B_218,B,218,0.2548629921196511,-0.0047151905143552,0.3528,0.38414214123006835,1.0,
B_219,B,219,0.5923676553697129,0.0044816932842137,0.2382,0.2877664700926706,1.0,
B_220,B,220,1.1622835840490089,-0.0091746989668039,0.1216,0.17902915811088294,1.0,
B_221,B,221,1.8098966138263244,-0.0041874845212242,0.0498,0.09226511627906976,1.0,
B_222,B,222,2.039081725453159,-0.009917451689338,0.036,0.07250561797752808,1.0,
B_223,B,223,1.6550660308856302,-0.0091804862945849,0.0646,0.1117447527141134,1.0,
B_224,B,224,1.6965201123661586,-0.0029887655768312,0.059,0.10471039603960396,1.0,
B_225,B,225,1.84572129474732,-0.0084306450765402,0.047,0.08810196078431373,1.0,
B_226,B,226,3.22820483811846,-0.0152580985292807,0.0076,0.023089830508474574,1.0,1.0
B_227,B,227,3.661234068827623,-0.0050187614790414,0.0037,0.01343240506329114,1.0,1.0
B_228,B,228,4.307810962991567,0.0781327321085201,0.0012,0.005641967213114754,1.0,1.0
B_229,B,229,3.175643147296332,0.016835098389377,0.0071,0.021895483870967743,1.0,1.0
B_230,B,230,3.033657048540764,0.0202189860980565,0.0087,0.025512883435582823,1.0,1.0
B_231,B,231,3.469810285095152,0.6884129478615826,0.005,0.016950354609929077,1.0,1.0
B_232,B,232,3.037783536942904,3.2792446867310967,0.0076,0.023089830508474574,1.0,1.0
B_233,B,233,3.075878552205317,0.8475186786822743,0.0085,0.025183884297520664,1.0,1.0
B_234,B,234,2.0629289612470565,0.7665047613608076,0.0383,0.07492796725784447,1.0,
B_235,B,235,1.7781709313118417,0.097451104296804,0.051,0.09400257069408739,1.0,
B_236,B,236,1.826778624020425,-0.015745389688206,0.0481,0.0894622568093385,1.0,
B_237,B,237,2.288006142475856,-0.025296488647783,0.0275,0.05921171171171171,1.0,
B_238,B,238,1.6718781123320512,-0.0110361536525989,0.0618,0.10833887530562347,1.0,
B_239,B,239,1.7301871605373365,-0.0152835491472003,0.0587,0.10443647642679901,1.0,
B_240,B,240,1.193018081290861,-0.0178771487607824,0.1196,0.17662863027806386,1.0,
B_241,B,241,1.1548418174279595,-0.0029531319661904,0.1236,0.18156171954964176,1.0,
B_242,B,242,0.8644195671525233,0.0043291370016435,0.1761,0.23778474576271189,1.0,
B_243,B,243,1.0126311992140715,-0.0087005424791287,0.1496,0.21212430830039528,1.0,
B_244,B,244,1.54398740316031,-0.0229059090657051,0.0755,0.12574564459930312,1.0,
B_245,B,245,1.524858418429066,-0.0426806151078592,0.0805,0.131928,1.0,
B_246,B,246,1.4653578334897603,-0.0113238895170093,0.0765,0.12711587485515644,1.0,
B_247,B,247,1.747077346560183,-0.0072094266844372,0.057,0.10230037546933668,1.0,
B_248,B,248,2.551651010717264,0.0233063527681974,0.0168,0.04211748251748251,1.0,1.0
B_249,B,249,0.7851721773686935,3.4660023293932167,0.1967,0.2564252727272727,1.0,
B_250,B,250,2.0332876675787004,0.0402202246097457,0.0379,0.07424672131147542,1.0,
B_251,B,251,2.043568967127904,0.009111023934614,0.0388,0.07558617886178862,1.0,
B_252,B,252,2.4631209706162807,0.06338452210066,0.0201,0.04787940199335548,1.0,1.0
B_253,B,253,1.8910634207539356,0.0167429129823023,0.0479,0.08932197659297789,1.0,
B_254,B,254,1.5093944791846636,0.6796651005152444,0.0785,0.12968778801843317,1.0,
B_255,B,255,2.8477861563469724,0.0249621946631373,0.0109,0.03070844793713163,1.0,1.0
B_256,B,256,2.362380509932568,0.1973243111413599,0.023,0.0527712,1.0,
B_257,B,257,2.3009207217268424,-0.0031182612629966,0.0269,0.0585350531107739,1.0,
B_258,B,258,1.6443981527544316,0.0119259563933258,0.0641,0.11114800483675938,1.0,
B_259,B,259,1.6086053079617533,-0.0123486804914559,0.0666,0.11437652694610778,1.0,
B_260,B,260,1.6240513527885114,-9.139280202612824e-05,0.0665,0.11437652694610778,1.0,
B_261,B,261,2.245565536439019,0.0033632294449404,0.0275,0.05921171171171171,1.0,
B_262,B,262,2.5558259038226137,0.0323235947658193,0.0166,0.04190915492957747,1.0,1.0
B_263,B,263,2.2303799063249823,0.6492031405610306,0.0267,0.058276712328767126,1.0,
B_264,B,264,1.456005337205628,2.9144057913817654,0.0865,0.14000112866817155,1.0,
B_265,B,265,3.2755815264469903,0.2355086643703044,0.0051,0.017127400468384076,1.0,1.0
B_266,B,266,3.106243068925856,0.0731650186361495,0.0063,0.020076,1.0,1.0
B_267,B,267,2.4364852517233992,0.0815588598399728,0.0198,0.047401001669449085,1.0,1.0
B_268,B,268,2.697636381872329,0.0759425370839968,0.0141,0.03703186813186813,1.0,1.0
B_269,B,269,3.6000202632689864,0.0693826526039209,0.0027,0.010695580110497238,1.0,1.0
B_270,B,270,3.048819885223909,0.0199100253717873,0.0078,0.02359746835443038,1.0,1.0
B_271,B,271,2.397377917043347,0.033372394763681,0.0209,0.04937495881383854,1.0,1.0
B_272,B,272,3.233165910056952,0.0165049242570303,0.0054,0.017883602771362587,1.0,1.0
B_273,B,273,3.978619380130693,0.0188120984424017,0.0012,0.005641967213114754,1.0,1.0
B_274,B,274,3.8698040002140495,0.0078838308175871,0.0024,0.009667415730337078,1.0,1.0
B_275,B,275,4.554239747279406,0.0114332610605459,0.0009,0.004528421052631579,1.0,1.0
B_276,B,276,4.734132311888595,0.0120553638503941,0.0006,0.003400790513833992,0.8603999999999999,1.0
B_277,B,277,3.903212043592021,0.0271391539173021,0.0021,0.008653448275862069,1.0,1.0
B_278,B,278,3.636286800806877,0.0049493626903915,0.0037,0.01343240506329114,1.0,1.0
B_279,B,279,2.32919513663712,2.4129221392097597,0.0282,0.06035641791044776,1.0,
B_280,B,280,3.285455566583947,0.0174079762348743,0.0085,0.025183884297520664,1.0,1.0
B_281,B,281,3.531746632375373,0.0144805762455342,0.006,0.01937837837837838,1.0,1.0
B_282,B,282,3.021050646868639,-0.002171317682668,0.0134,0.035584444444444446,1.0,1.0
B_283,B,283,3.004422994443564,-0.0022886267294182,0.0128,0.03450225563909774,1.0,1.0
B_284,B,284,3.906341964518172,0.0234023738393002,0.0037,0.01343240506329114,1.0,1.0
B_285,B,285,3.717021274661542,0.0448982685833109,0.0039,0.013911940298507461,1.0,1.0
B_286,B,286,3.5013849922599203,0.0569245836771666,0.0042,0.014761764705882351,1.0,1.0
B_287,B,287,4.207400177134951,0.052859018148521,0.0014,0.006293416927899686,1.0,1.0
B_288,B,288,3.7399291698480206,0.0279236026715168,0.0025,0.01004201680672269,1.0,1.0
B_289,B,289,2.5005875895305723,0.0171905724386419,0.0179,0.04387794871794872,1.0,1.0
B_290,B,290,2.0542213170986106,0.0017813316171665,0.0364,0.07269860724233983,1.0,
B_291,B,291,2.2450170741062943,0.0219382121443162,0.0267,0.058276712328767126,1.0,
B_292,B,292,1.2903913219860776,0.0063157333401213,0.0999,0.1553759219088937,1.0,
B_293,B,293,0.637654441834268,0.0038182937383896,0.2304,0.2826292557741659,1.0,
B_294,B,294,0.7280569733641971,0.0148306609207631,0.2057,0.2633694642857143,1.0,
B_295,B,295,2.0349159493701188,0.0387920578264387,0.0369,0.07308646408839779,1.0,
B_296,B,296,1.7545837866993927,-0.0061171059359868,0.0525,0.09590445859872611,1.0,
B_297,B,297,2.7994091526036056,0.0895972661435692,0.0115,0.0319593023255814,1.0,1.0
B_298,B,298,4.720168609896376,0.1678230979511054,0.0007,0.0037595505617977532,1.0,1.0
B_299,B,299,4.885427663640113,0.2242302579277625,0.0004,0.002504803493449782,0.5736,1.0
B_300,B,300,3.617144305696411,4.270647891860875,0.0037,0.01343240506329114,1.0,1.0
B_301,B,301,4.6582855595225565,0.0538663050556618,0.001,0.004861016949152542,1.0,1.0
B_302,B,302,3.620048694636037,0.1881052198444901,0.0043,0.01503951219512195,1.0,1.0
B_303,B,303,2.6598598116131216,0.596781346089156,0.0188,0.0456935593220339,1.0,1.0
B_304,B,304,3.0323125103207924,0.028548379731583,0.012,0.03296551724137931,1.0,1.0
B_305,B,305,2.8564694279816587,0.0759750141413652,0.0154,0.0395763440860215,1.0,1.0
B_306,B,306,2.98576116735946,0.3016696483595908,0.0107,0.030263905325443784,1.0,1.0
B_307,B,307,3.52662966795524,0.0465192319789225,0.0055,0.018089449541284403,1.0,1.0
B_308,B,308,4.460572031339149,0.0556888976561924,0.0006,0.003400790513833992,0.8603999999999999,1.0
B_309,B,309,4.803396163305671,0.0682351454690077,0.0004,0.002504803493449782,0.5736,1.0
B_310,B,310,3.732959763594137,0.0629196718026636,0.0032,0.012204255319148935,1.0,1.0
B_311,B,311,3.486136607611082,0.1176566265719183,0.0057,0.01857681818181818,1.0,1.0
B_312,B,312,4.416987358911937,0.1928071710828198,0.0007,0.0037595505617977532,1.0,1.0
B_313,B,313,4.7566601849583074,0.3052428272428362,0.0007,0.0037595505617977532,1.0,1.0
B_314,B,314,6.603775318342973,0.6142732915292478,0.0,0.0,0.0,1.0
B_315,B,315,4.173982631338774,5.785127087913549,0.0012,0.005641967213114754,1.0,1.0
B_316,B,316,4.7656870326124166,0.547256854096882,0.0003,0.0020682692307692307,0.43019999999999997,1.0
B_317,B,317,3.8644647249589856,0.1815607203901268,0.0014,0.006293416927899686,1.0,1.0
B_318,B,318,2.996283088051812,0.1543799274511031,0.0087,0.025512883435582823,1.0,1.0
B_319,B,319,2.5680842824111934,0.0704404942244374,0.016,0.04075310834813499,1.0,1.0
B_320,B,320,2.36482518604781,0.1274793682624543,0.0225,0.051956521739130436,1.0,
B_321,B,321,2.0906247242559672,0.0310062564765605,0.0326,0.06726388489208632,1.0,
B_322,B,322,1.742797391345992,0.1512478729276989,0.0605,0.10671217712177122,1.0,
B_323,B,323,1.6565526120741785,0.1118554526262996,0.0634,0.11033446601941749,1.0,
B_324,B,324,2.0575742532089856,0.184992584847564,0.0365,0.07279694019471489,1.0,
B_325,B,325,2.668763773796208,0.2274309869875097,0.0134,0.035584444444444446,1.0,1.0
B_326,B,326,3.2424511001618623,0.0327200591046687,0.0055,0.018089449541284403,1.0,1.0
B_327,B,327,2.511931806495644,0.038207153191987,0.0189,0.04578141891891892,1.0,1.0
B_328,B,328,2.1208772824134288,0.1052249496082383,0.0322,0.06663030303030303,1.0,
B_329,B,329,1.6154368356925326,0.0394911538388082,0.0673,0.11544043062200958,1.0,
B_330,B,330,1.3568712218282502,0.0346101348584112,0.095,0.149375,1.0,
B_331,B,331,1.3910644249605475,0.1441589263624185,0.0925,0.14738333333333334,1.0,
B_332,B,332,1.6436286624772545,0.0616478185857288,0.0689,0.11692615384615385,1.0,
B_333,B,333,1.2869498443579637,0.4199180763453384,0.1062,0.16250980810234542,1.0,
B_334,B,334,1.2127831091471404,0.3646144534054496,0.1156,0.17213956386292836,1.0,
B_335,B,335,1.1491069645375616,0.4955044554949436,0.1279,0.18658046795523908,1.0,
B_336,B,336,1.5271967412302752,0.0438253970866508,0.0795,0.13043821510297485,1.0,
B_337,B,337,0.6127620921445056,1.5841946814550767,0.2431,0.2914760869565218,1.0,
B_338,B,338,1.2583500750252083,0.0421685103079998,0.107,0.1630584484590861,1.0,
B_339,B,339,0.8715497480261267,0.0311170369265133,0.1739,0.23547932011331443,1.0,
B_340,B,340,0.689858438079174,0.0482676121720544,0.2143,0.2698035118525022,1.0,
B_341,B,341,0.7392526142946825,0.0148182795316892,0.2026,0.2609262118491921,1.0,
B_342,B,342,0.796962077670905,0.033709561194728,0.1905,0.25085123966942147,1.0,
B_343,B,343,1.145570647533086,0.0356654370610421,0.122,0.17943384615384617,1.0,
B_344,B,344,1.369073877189254,0.1044747841294334,0.0909,0.14596931690929452,1.0,
B_345,B,345,1.7882115057162034,0.1264425313188485,0.0548,0.09922121212121213,1.0,
B_346,B,346,2.2789254155461016,0.0222972065105338,0.027,0.05866363636363636,1.0,
B_347,B,347,2.60419641336136,0.0141546907836044,0.0167,0.0419401050788091,1.0,1.0
B_348,B,348,2.8850774596810997,0.0497177004365124,0.0128,0.03450225563909774,1.0,1.0
B_349,B,349,2.3559395520520705,0.0925219010913652,0.0239,0.054143127962085306,1.0,
B_350,B,350,2.7540521948913,0.02423080398677,0.0153,0.03938994614003591,1.0,1.0
B_351,B,351,2.0084852358358587,0.6192356796585742,0.0389,0.07558617886178862,1.0,
B_352,B,352,2.006510373935073,0.0164763638410838,0.0415,0.07924234354194408,1.0,
B_353,B,353,1.2463050908319315,0.0519326301618541,0.1164,0.17315103734439835,1.0,
B_354,B,354,0.940545132303632,0.0166955300941248,0.1642,0.22610959692898275,1.0,
B_355,B,355,0.6253991402593423,0.0146684189720668,0.2337,0.2843674300254453,1.0,
B_356,B,356,0.5202342544008434,0.0110547242250362,0.2513,0.29905742738589214,1.0,
B_357,B,357,0.5825583147751322,0.0019048577746839,0.2286,0.2816257731958763,1.0,
B_358,B,358,0.5956333326775448,0.0267029693179362,0.2266,0.2801244827586207,1.0,
B_359,B,359,0.5533166198272376,0.008024696386751,0.2475,0.2947799003322259,1.0,
B_360,B,360,0.6670501565171464,0.0518355412535439,0.2185,0.2734109947643979,1.0,
B_361,B,361,0.6894935657280514,0.0105599404752177,0.2076,0.2650920747996438,1.0,
B_362,B,362,0.8450277789837181,0.0058622828256601,0.1689,0.23133008595988538,1.0,
B_363,B,363,0.9860037634823712,0.0230903444219475,0.1489,0.21140851485148515,1.0,
B_364,B,364,1.2896198728308363,0.0204717183759188,0.1029,0.15883595263724434,1.0,
B_365,B,365,1.774836398051576,0.0152479833158519,0.0524,0.09590445859872611,1.0,
B_366,B,366,2.317807661208302,0.0133613768212428,0.0261,0.05758061538461538,1.0,
B_367,B,367,3.7969596032667474,0.0345602702548488,0.0027,0.010695580110497238,1.0,1.0
B_368,B,368,3.4700643697766784,0.0787518940926717,0.0054,0.017883602771362587,1.0,1.0
B_369,B,369,2.49807220556035,0.0437395272291995,0.0207,0.048983168316831686,1.0,1.0
B_370,B,370,2.0763748164941296,0.0106162905399104,0.0352,0.07129491525423728,1.0,
B_371,B,371,1.57514587423877,0.0131109978196685,0.0714,0.120456,1.0,
B_372,B,372,1.1863783113908242,0.0094186489633151,0.1128,0.1691730407523511,1.0,
B_373,B,373,1.1951334416358548,0.0148517767906831,0.115,0.17157318087318085,1.0,
B_374,B,374,0.9174376499041996,0.0107059255924936,0.1656,0.22746206896551724,1.0,
B_375,B,375,1.0595040040766874,0.0234609172524997,0.143,0.2040417910447761,1.0,
B_376,B,376,1.3928994950171107,0.0249788657206277,0.0916,0.14676469273743015,1.0,
B_377,B,377,1.7953473599130914,0.040717177072073,0.0526,0.0959648854961832,1.0,
B_378,B,378,2.475275062754036,0.1591351679383757,0.0189,0.04578141891891892,1.0,1.0
B_379,B,379,2.069777175135805,0.0639339622398661,0.0377,0.07424672131147542,1.0,
B_380,B,380,2.331869406130306,0.2749259264788596,0.0249,0.05561775700934579,1.0,
B_381,B,381,2.01096344131908,0.2013591559867349,0.0389,0.07558617886178862,1.0,
B_382,B,382,1.3579124365342887,0.1580719044389786,0.096,0.15045245901639345,1.0,
B_383,B,383,1.1407486013559711,0.4149647787530883,0.1274,0.18622996941896025,1.0,
B_384,B,384,1.3307833043718116,0.022366440264527,0.1025,0.1585598705501618,1.0,
B_385,B,385,0.9371064738978856,0.0080574873931131,0.165,0.22685522531160116,1.0,
B_386,B,386,0.7919973488153709,-0.0216617687083911,0.1925,0.25232632541133454,1.0,
B_387,B,387,0.7493636448747263,-0.0048276015031175,0.203,0.26097258064516127,1.0,
B_388,B,388,0.5811681480641296,-0.0002202643274983,0.2447,0.29290467445742907,1.0,
B_389,B,389,0.744831165858819,0.0060893243577753,0.2016,0.2604454054054054,1.0,
B_390,B,390,0.974856877643854,0.0126433054054857,0.1556,0.21811378299120235,1.0,
B_391,B,391,0.6275959480032826,0.0229001017686675,0.2361,0.2857108860759494,1.0,
B_392,B,392,0.5288039335588458,0.0525643207350592,0.2587,0.30583330585325635,1.0,
B_393,B,393,0.7920547257479906,0.0549889512357002,0.1982,0.2576779691749773,1.0,
B_394,B,394,0.954075170984409,0.0293531828548138,0.1623,0.22378673076923078,1.0,
B_395,B,395,0.6612748508067386,0.0426432295506562,0.2232,0.27735597920277294,1.0,
B_396,B,396,0.5556129777641005,0.0215424253457619,0.2473,0.2947799003322259,1.0,
B_397,B,397,0.718401617648796,0.0271388519579593,0.2099,0.2670206896551724,1.0,
B_398,B,398,0.7949838140090246,0.0275684136698027,0.1934,0.2528127620783956,1.0,
B_399,B,399,0.6162751689142154,0.0167518641360916,0.2306,0.2826328205128205,1.0,
B_400,B,400,0.5666233962739353,0.0111198108887862,0.2396,0.2892100840336134,1.0,
B_401,B,401,0.8251057192241311,0.0070152872697289,0.1853,0.24626524559777568,1.0,
B_402,B,402,0.8437891208641969,-0.0024851515393418,0.1743,0.23579830188679246,1.0,
B_403,B,403,0.8131345304059567,0.0003962649288178,0.1847,0.24569554730983303,1.0,
B_404,B,404,1.285294734800225,-0.0042043735753048,0.1059,0.16241775401069516,1.0,
B_405,B,405,1.3907791304932928,0.0055398717123397,0.0916,0.14676469273743015,1.0,
B_406,B,406,1.2344624158112047,-0.0006968408261061,0.1093,0.16603411016949152,1.0,
B_407,B,407,1.624680416819763,0.008880558907105,0.0679,0.11577717003567183,1.0,
B_408,B,408,2.2934027060880067,0.0201641554381885,0.0245,0.054809672386895485,1.0,
B_409,B,409,2.0172765018687167,0.1146590677144228,0.0395,0.07633827493261457,1.0,
B_410,B,410,1.9990459484558143,0.2571764359747519,0.0384,0.07502125340599455,1.0,
B_411,B,411,2.58821848963736,0.3703627453525107,0.016,0.04075310834813499,1.0,1.0
B_412,B,412,3.4599849006625503,0.0612062400125595,0.0048,0.01638857142857143,1.0,1.0
B_413,B,413,2.96037298032168,0.5801652399100997,0.0103,0.029422709163346612,1.0,1.0
B_414,B,414,3.941354415381436,0.0728764030490443,0.0017,0.00729880239520958,1.0,1.0
B_415,B,415,4.707570326018096,0.0969008396476125,0.0006,0.003400790513833992,0.8603999999999999,1.0
B_416,B,416,5.145744492109588,0.0317366154330207,0.0001,0.0010946564885496184,0.1434,1.0
B_417,B,417,5.677652288627296,0.1125715134946962,0.0001,0.0010946564885496184,0.1434,1.0
B_418,B,418,2.4839344572270017,9.146750438559565,0.0187,0.0455276740237691,1.0,1.0
B_419,B,419,5.223726709441518,2.027156869891175,0.0003,0.0020682692307692307,0.43019999999999997,1.0
B_420,B,420,4.294854887986062,0.4685645480310721,0.001,0.004861016949152542,1.0,1.0
B_421,B,421,2.0111868728034388,2.089075066686934,0.0394,0.07624777327935221,1.0,
B_422,B,422,1.5071593930734386,0.1013505549152037,0.0751,0.12537066356228171,1.0,
B_423,B,423,1.2555176164227295,0.255122873713886,0.1106,0.16702413431269675,1.0,
B_424,B,424,0.642674819646996,0.1621965722345163,0.2338,0.2843674300254453,1.0,
B_425,B,425,1.405008314527963,0.2496931304590643,0.0884,0.14275405405405409,1.0,
B_426,B,426,1.7134114441577024,0.4872384145231243,0.0623,0.1089490243902439,1.0,
B_427,B,427,1.0504846243443835,1.0549286348327338,0.1403,0.20179558676028087,1.0,
B_428,B,428,1.1007735249751578,0.4113078218575003,0.131,0.19052129817444222,1.0,
B_429,B,429,1.0614926245492586,0.1038613361479849,0.1357,0.19655939393939392,1.0,
B_430,B,430,1.3564335636219842,0.0805896355248879,0.0949,0.149375,1.0,
B_431,B,431,1.2871330465056632,0.0018338280347375,0.1048,0.1612480686695279,1.0,
B_432,B,432,0.9722440899045576,-0.0135019972102143,0.1511,0.21347846607669618,1.0,
B_433,B,433,0.4937448420895812,-0.078505247578856,0.2674,0.3130003262642741,1.0,
B_434,B,434,0.4747667558848936,-0.0114003370843787,0.274,0.31800922330097087,1.0,
B_435,B,435,0.5031932010678122,-0.0060841150839948,0.2728,0.31727104622871044,1.0,
B_436,B,436,0.847030817614341,-0.0099686159727842,0.1818,0.24362007434944238,1.0,
B_437,B,437,0.4499034366564903,0.0083063224026229,0.2891,0.33161966426858513,1.0,
B_438,B,438,1.559611978991883,0.0014647156069759,0.0718,0.12070480656506448,1.0,
B_439,B,439,1.580871297037881,0.020612528416069,0.0717,0.12067816901408451,1.0,
B_440,B,440,0.1861232783138656,0.1603163383168389,0.3884,0.410741592920354,1.0,
B_441,B,441,-0.1758781296044798,0.0251623110458239,0.4671,0.47538779276082327,1.0,
B_442,B,442,-0.955995329500163,0.0117233202556339,0.1591,0.221075,1.0,
B_443,B,443,-1.2399930814529467,-0.003834296564584,0.0786,0.12970356731875718,1.0,
B_444,B,444,-1.1854109838104336,-0.0093695049914749,0.0896,0.1443667415730337,1.0,
B_445,B,445,-1.5761262050192335,-0.0031902659289505,0.0242,0.05447849293563579,1.0,
B_446,B,446,-1.6441541107944315,-0.0187112150330313,0.0165,0.04173015873015873,1.0,-1.0
B_447,B,447,-1.8569910817864383,0.0130116806720565,0.0046,0.015894939759036143,1.0,
B_448,B,448,-1.930848688521885,0.0333007757616599,0.0021,0.008653448275862069,1.0,
B_449,B,449,-2.0397180837071303,0.0086291909163569,0.0011,0.0052580000000000005,1.0,
B_450,B,450,-2.1718265703671,0.0182629032049872,0.0002,0.0016482758620689657,0.2868,
B_451,B,451,-2.137732731976343,0.0495838388373343,0.0002,0.0016482758620689657,0.2868,
B_452,B,452,-2.168262608164111,0.0336582811890282,0.0002,0.0016482758620689657,0.2868,
B_453,B,453,-2.141294521497529,0.0262655157184849,0.0001,0.0010946564885496184,0.1434,
B_454,B,454,-2.2179899404296406,0.1181350155151816,0.0001,0.0010946564885496184,0.1434,
B_455,B,455,-2.2231518319375865,0.0057487954039874,0.0001,0.0010946564885496184,0.1434,
B_456,B,456,-2.2171824593382965,0.0152359641393297,0.0001,0.0010946564885496184,0.1434,
B_457,B,457,-2.164541549451773,0.0319762018289645,0.0002,0.0016482758620689657,0.2868,
B_458,B,458,-2.2900014967973776,0.1990711477730003,0.0001,0.0010946564885496184,0.1434,
B_459,B,459,-2.219382543513569,0.0244740161423913,0.0004,0.002504803493449782,0.5736,
B_460,B,460,-2.2273205339796576,0.1325034298127007,0.0002,0.0016482758620689657,0.2868,
B_461,B,461,-2.097178998112336,0.0309393152602363,0.0003,0.0020682692307692307,0.43019999999999997,
B_462,B,462,-2.491720568701561,0.6698454176794095,0.0,0.0,0.0,
B_463,B,463,-2.2233919828013007,0.0020000310125346,0.0001,0.0010946564885496184,0.1434,
B_464,B,464,-2.208105553577831,0.0053120109172924,0.0,0.0,0.0,
B_465,B,465,-2.275290971348249,0.0436570658125429,0.0003,0.0020682692307692307,0.43019999999999997,
B_466,B,466,-2.3432551960906944,-0.022263697362483,0.0,0.0,0.0,-1.0
B_467,B,467,-2.44548954900114,-0.0242756814570373,0.0,0.0,0.0,-1.0
B_468,B,468,-2.485335596487033,-0.0158644013755172,0.0001,0.0010946564885496184,0.1434,-1.0
B_469,B,469,-2.4409383049318096,-0.0918671509529008,0.0001,0.0010946564885496184,0.1434,-1.0
B_470,B,470,-2.453570034631032,-0.0088738719918558,0.0002,0.0016482758620689657,0.2868,-1.0
B_471,B,471,-2.4836462493055085,-0.034168601263505,0.0002,0.0016482758620689657,0.2868,-1.0
B_472,B,472,-2.488556285128825,-0.0135302684839118,0.0001,0.0010946564885496184,0.1434,-1.0
B_473,B,473,-2.40879078039231,-0.001517464914182,0.0002,0.0016482758620689657,0.2868,-1.0
B_474,B,474,-2.347031082930169,0.0022764881421577,0.0006,0.003400790513833992,0.8603999999999999,
B_475,B,475,-2.361999589347332,0.0262873548060254,0.0004,0.002504803493449782,0.5736,
B_476,B,476,-2.1998014159326007,0.0052191919409715,0.0014,0.006293416927899686,1.0,
B_477,B,477,-2.015958082069589,0.0302021015969243,0.0059,0.019185034013605443,1.0,
B_478,B,478,-1.9713126536208851,0.0164142428536853,0.007,0.021680345572354213,1.0,
B_479,B,479,-1.7714344317873465,0.0570079473321264,0.016,0.04075310834813499,1.0,
B_480,B,480,-1.6074956087846828,0.5737353245914172,0.0259,0.05731574074074074,1.0,
B_481,B,481,-1.2908860276323169,0.1471122410893389,0.0715,0.12048296122209165,1.0,
B_482,B,482,-1.0340019701060876,0.1388750978971867,0.1307,0.1902779695431472,1.0,
B_483,B,483,-0.3914185861894005,0.3103824715498464,0.3767,0.4025244411326378,1.0,
B_484,B,484,0.1282920270923163,0.7338303856335756,0.4079,0.4257122270742358,1.0,
B_485,B,485,0.9674831100808364,0.1160031889418211,0.1596,0.22147949709864603,1.0,
B_486,B,486,2.0021624404936467,0.0555752543844774,0.0379,0.07424672131147542,1.0,
B_487,B,487,3.134122842453092,0.0529861101816389,0.0076,0.023089830508474574,1.0,1.0
B_488,B,488,1.8485020768311549,0.0187310454997057,0.0465,0.08750787401574803,1.0,
B_489,B,489,1.1984755310726156,-0.0008801519311327,0.1189,0.17592371134020618,1.0,
B_490,B,490,-0.2031278627631541,0.0453814641071217,0.4595,0.46931837606837606,1.0,
B_491,B,491,-0.7717383297479675,0.0229550584205853,0.216,0.27099212598425193,1.0,
B_492,B,492,-1.4250473927061011,0.0192268201842096,0.048,0.08939220779220779,1.0,
B_493,B,493,-1.333152255989811,0.0141149654232671,0.0645,0.11170652173913044,1.0,
B_494,B,494,-1.4515373661149014,0.021563352186511,0.0427,0.08110172185430464,1.0,
B_495,B,495,-1.8288879405800904,0.0193040106016103,0.0105,0.02981584158415842,1.0,
B_496,B,496,-1.6588841765477669,0.0307794381368905,0.0211,0.04952111292962357,1.0,
B_497,B,497,-1.942821000559568,0.0196947542616103,0.0063,0.020076,1.0,
B_498,B,498,-2.047640535843784,0.0377896492070814,0.0036,0.013203069053708438,1.0,
B_499,B,499,-1.7578423723257668,0.0376291131202583,0.0132,0.035183643122676585,1.0,
B_500,B,500,-1.5051260625833698,0.0169394850687683,0.0263,0.057843865030674846,1.0,
B_501,B,501,-1.4185250638151026,0.0032094246410424,0.039,0.07567794316644114,1.0,
B_502,B,502,-1.6843665055171253,0.0026340320441752,0.0177,0.04361134020618557,1.0,
B_503,B,503,-1.946639377474474,-0.0013407808661438,0.005,0.016950354609929077,1.0,-1.0
B_504,B,504,-1.843990821162988,0.007468142906584,0.0074,0.022674358974358974,1.0,
B_505,B,505,-1.7331359421276524,-0.0092662545055841,0.0145,0.037805454545454545,1.0,-1.0
B_506,B,506,-1.7482098355329336,-0.0024468009108845,0.0131,0.03498212290502793,1.0,-1.0
B_507,B,507,-1.794579069257281,-9.226197725510204e-05,0.0135,0.035783733826247686,1.0,-1.0
B_508,B,508,-2.054728165242078,-0.0054415947668749,0.0039,0.013911940298507461,1.0,-1.0
B_509,B,509,-2.067231674782247,-0.0154206514492952,0.0023,0.009369886363636363,1.0,-1.0
B_510,B,510,-2.076206867507504,0.0023165094800756,0.0017,0.00729880239520958,1.0,
B_511,B,511,-2.0415553687563555,-0.0178417075569644,0.0021,0.008653448275862069,1.0,-1.0
B_512,B,512,-2.182202897609314,-0.0305789152884643,0.0008,0.004156521739130435,1.0,-1.0
B_513,B,513,-2.3059014950639605,-0.0064402335694417,0.0004,0.002504803493449782,0.5736,-1.0
B_514,B,514,-2.33026254619012,-0.0012997804851306,0.0005,0.0029385245901639343,0.717,-1.0
B_515,B,515,-2.257786875596847,0.0260713079389734,0.0004,0.002504803493449782,0.5736,
B_516,B,516,-2.301425602965669,0.0122304806839933,0.0001,0.0010946564885496184,0.1434,
B_517,B,517,-2.4039382710960644,0.004504055269383,0.0001,0.0010946564885496184,0.1434,
B_518,B,518,-2.321462382390113,0.005043104659714,0.0001,0.0010946564885496184,0.1434,
B_519,B,519,-2.24011061750502,0.0128471788071917,0.0001,0.0010946564885496184,0.1434,
B_520,B,520,-2.2906628051442945,0.0086621679126982,0.0002,0.0016482758620689657,0.2868,
B_521,B,521,-2.3122126657663404,0.0513431142285374,0.0001,0.0010946564885496184,0.1434,
B_522,B,522,-2.2658041619789784,0.1846143176705053,0.0001,0.0010946564885496184,0.1434,
B_523,B,523,-2.162233566784816,0.0341226583297021,0.0002,0.0016482758620689657,0.2868,
B_524,B,524,-2.225254955871565,0.0457313013068559,0.0001,0.0010946564885496184,0.1434,
B_525,B,525,-2.2450901473493263,0.1233141980628477,0.0001,0.0010946564885496184,0.1434,
B_526,B,526,-2.124532026370416,0.0272431545218662,0.0002,0.0016482758620689657,0.2868,
B_527,B,527,-2.149614667246654,0.0154337894895592,0.0001,0.0010946564885496184,0.1434,
B_528,B,528,-2.1912998829604864,-0.0009280852493531,0.0001,0.0010946564885496184,0.1434,-1.0
B_529,B,529,-2.1255883287356383,-0.0075575969793153,0.0001,0.0010946564885496184,0.1434,-1.0
B_530,B,530,-2.07141995225326,-0.0073754974924815,0.0001,0.0010946564885496184,0.1434,-1.0
B_531,B,531,-2.1072705102574325,-0.0088092947957031,0.0001,0.0010946564885496184,0.1434,-1.0
B_532,B,532,-2.090415115602432,-0.0022117147877883,0.0,0.0,0.0,-1.0
B_533,B,533,-2.0911664856830097,0.0020880366346423,0.0002,0.0016482758620689657,0.2868,
B_534,B,534,-1.97934503567291,-0.0041332728493969,0.0004,0.002504803493449782,0.5736,-1.0
B_535,B,535,-1.951361177326979,-0.0096848145483368,0.0007,0.0037595505617977532,1.0,-1.0
B_536,B,536,-2.048922090483293,-0.0059310263851667,0.0003,0.0020682692307692307,0.43019999999999997,-1.0
B_537,B,537,-2.1378105690368554,-0.0051283822687537,0.0002,0.0016482758620689657,0.2868,-1.0
B_538,B,538,-2.227314414448856,0.0067312991167271,0.0003,0.0020682692307692307,0.43019999999999997,
B_539,B,539,-2.1601689648934976,0.0726720101066013,0.0008,0.004156521739130435,1.0,
B_540,B,540,-2.171441406962347,0.0085245066551738,0.001,0.004861016949152542,1.0,
B_541,B,541,-2.0935238741181386,0.1800210205959505,0.0021,0.008653448275862069,1.0,
B_542,B,542,-2.1420977058217017,0.0031994286622259,0.0017,0.00729880239520958,1.0,
B_543,B,543,-2.3206825077641366,0.0100428205281398,0.0005,0.0029385245901639343,0.717,
B_544,B,544,-2.326669688943538,0.0086681694758468,0.0004,0.002504803493449782,0.5736,
B_545,B,545,-2.200954617825301,0.0040171944644809,0.0017,0.00729880239520958,1.0,
B_546,B,546,-2.3321169055931645,0.0034792281439291,0.0006,0.003400790513833992,0.8603999999999999,
B_547,B,547,-2.394040019272441,0.0034978831140999,0.0002,0.0016482758620689657,0.2868,
B_548,B,548,-2.3676642514219903,0.0368651504963415,0.0004,0.002504803493449782,0.5736,
B_549,B,549,-2.300222383053593,0.0108638764715468,0.0006,0.003400790513833992,0.8603999999999999,
B_550,B,550,-2.3512928933815846,0.0406779682560476,0.0003,0.0020682692307692307,0.43019999999999997,
B_551,B,551,-2.462709438977095,0.1968434164768837,0.0001,0.0010946564885496184,0.1434,
B_552,B,552,-2.3741180559454484,0.1014653265753501,0.0002,0.0016482758620689657,0.2868,
B_553,B,553,-2.3172371188283853,0.0231120745652493,0.0002,0.0016482758620689657,0.2868,
B_554,B,554,-2.345630936124001,0.0274794067342789,0.0002,0.0016482758620689657,0.2868,
B_555,B,555,-2.295406769427684,-0.0013778987043282,0.0001,0.0010946564885496184,0.1434,-1.0
B_556,B,556,-2.201624727210456,-0.0162857509119186,0.0003,0.0020682692307692307,0.43019999999999997,-1.0
B_557,B,557,-2.1484801576926222,-0.0153400286382842,0.0002,0.0016482758620689657,0.2868,-1.0
B_558,B,558,-2.128665850316913,-0.0297158531511616,0.0005,0.0029385245901639343,0.717,-1.0
B_559,B,559,-1.9646040282187085,-0.0028167839293196,0.003,0.011690217391304348,1.0,-1.0
B_560,B,560,-1.896484349951052,0.0082519760907274,0.004,0.014198019801980198,1.0,
B_561,B,561,-1.9912299547259449,-0.0125214741284295,0.0016,0.0070380368098159505,1.0,-1.0
B_562,B,562,-2.1201840213128547,-0.0034663784655801,0.0006,0.003400790513833992,0.8603999999999999,-1.0
B_563,B,563,-2.175299536794056,0.0203708715434053,0.0003,0.0020682692307692307,0.43019999999999997,
B_564,B,564,-2.253609821410277,0.0118761520210223,0.0005,0.0029385245901639343,0.717,
B_565,B,565,-2.1825100822931693,0.0059397851798121,0.0011,0.0052580000000000005,1.0,
B_566,B,566,-2.077732127122214,0.0316846875771548,0.0024,0.009667415730337078,1.0,
B_567,B,567,-2.0785906972387744,-0.000643150507794,0.0031,0.011982210242587601,1.0,-1.0
B_568,B,568,-1.920492054540622,-0.0026219254673443,0.0073,0.022415845824411137,1.0,-1.0
B_569,B,569,-2.0365288309433125,0.0007549418830016,0.0046,0.015894939759036143,1.0,
B_570,B,570,-1.7925576453655123,-0.0163030381514854,0.0123,0.033596571428571434,1.0,-1.0
B_571,B,571,-1.724714490153885,0.0022068241509716,0.0174,0.04309430051813471,1.0,
B_572,B,572,-1.734726500569414,-0.0020700251573784,0.0145,0.037805454545454545,1.0,-1.0
B_573,B,573,-1.7622328806941547,-0.0059902274165756,0.013,0.03477985074626866,1.0,-1.0
B_574,B,574,-1.4647983223634362,-0.0020433904313071,0.0377,0.07424672131147542,1.0,
B_575,B,575,-1.4609917147456872,-0.0044581728314993,0.0369,0.07308646408839779,1.0,
B_576,B,576,-1.3427464345978457,0.0021887012789855,0.0533,0.09674962025316455,1.0,
B_577,B,577,-0.972155244653368,0.0031452631911965,0.1392,0.20061587939698491,1.0,
B_578,B,578,-0.8105943240601551,0.0013826532218283,0.2036,0.2611470483005367,1.0,
B_579,B,579,-0.8464686896301981,0.0152360391878333,0.1932,0.25278175182481755,1.0,
B_580,B,580,-0.3833234354736899,0.0019207249337769,0.3813,0.4059273942093541,1.0,
B_581,B,581,-0.7778668693577974,0.0192703950332703,0.2141,0.2698035118525022,1.0,
B_582,B,582,-0.2424209346756484,0.0088448889913194,0.4437,0.4557777936962751,1.0,
B_583,B,583,0.2461757645764863,0.009313575497718,0.3618,0.3903846501128668,1.0,
B_584,B,584,-0.4292309459488518,0.0234980777916926,0.3621,0.3904145864661654,1.0,
B_585,B,585,-0.5565436408233403,0.0161846985594476,0.3041,0.34499952531645567,1.0,
B_586,B,586,-0.091419876703761,0.0217805872769859,0.5035,0.5095405786873676,1.0,
B_587,B,587,-0.4758615154605434,0.0038309861893498,0.3367,0.3722650732459522,1.0,
B_588,B,588,-1.096965338060146,0.0219468143316336,0.1118,0.168051572327044,1.0,
B_589,B,589,-1.2115408678803077,0.0084976745291704,0.086,0.1396647791619479,1.0,
B_590,B,590,-1.1167464603540005,0.0014702533204596,0.1033,0.15928193548387098,1.0,
B_591,B,591,-1.1413670289498044,-0.0419750329390153,0.0944,0.14923054945054945,1.0,
B_592,B,592,-1.3690498285201798,-0.0274204983759626,0.056,0.10101132075471699,1.0,
B_593,B,593,-1.3426490139516445,-0.0136185545568855,0.0593,0.10511273176761435,1.0,
B_594,B,594,-1.676044868543194,0.0100865680483811,0.0243,0.054532394366197175,1.0,
B_595,B,595,-1.7969321729396617,0.0901293107789853,0.0127,0.03436188679245283,1.0,
B_596,B,596,-1.457944322258813,0.0763735841558868,0.042,0.07998406374501993,1.0,
B_597,B,597,-1.7251787646949313,0.9121363196029856,0.0156,0.039947142857142855,1.0,
B_598,B,598,-1.1553805106370476,0.2180589522337062,0.0908,0.14596931690929452,1.0,
B_599,B,599,-1.1960865810320902,0.1299882569473128,0.0795,0.13043821510297485,1.0,
B_600,B,600,-0.9475438372972635,0.052464658331019,0.1419,0.20328131868131868,1.0,
B_601,B,601,-0.7140144633996481,0.0596191691265253,0.2242,0.278000172860847,1.0,
B_602,B,602,-0.6722898770568759,0.0125495934880621,0.246,0.29348086522462563,1.0,
B_603,B,603,-0.3875702090142026,0.0417765045403009,0.3676,0.3945646706586826,1.0,
B_604,B,604,-0.4296410662685285,0.0705177060667469,0.3523,0.3838892097264438,1.0,
B_605,B,605,-0.5403073850461382,0.1215191854237566,0.3065,0.34646524822695035,1.0,
B_606,B,606,-0.796939097327328,0.1490880628276264,0.1995,0.25913315217391303,1.0,
B_607,B,607,-0.7417291033737231,0.3843480852404421,0.2222,0.27635281873373807,1.0,
B_608,B,608,-0.4748125103946907,0.0876871204189158,0.3342,0.3706440835266821,1.0,
B_609,B,609,-0.7694897695360328,0.1116057897098763,0.2164,0.2712566433566434,1.0,
B_610,B,610,-0.9176426995070742,0.0414893062613033,0.1589,0.221075,1.0,
B_611,B,611,-0.6691360651268177,0.1912284322203598,0.2565,0.30373327828241126,1.0,
B_612,B,612,-0.4172456140533325,0.0550310059010304,0.3589,0.38871797583081574,1.0,
B_613,B,613,-0.8014468876889287,0.0580939883359511,0.2036,0.2611470483005367,1.0,
B_614,B,614,-0.8329936133656073,0.0205805392297368,0.1919,0.25223153070577453,1.0,
B_615,B,615,-0.2429739805284466,0.0224657753535191,0.4398,0.45209548387096776,1.0,
B_616,B,616,-0.0461569197063561,0.0232930158938478,0.5231,0.5257665031534688,1.0,
B_617,B,617,-0.5499537343310339,0.0172087525050644,0.3032,0.3445236133122029,1.0,
B_618,B,618,-0.2796340543250202,0.0358537509019297,0.4206,0.4364257597684515,1.0,
B_619,B,619,-0.8003225256850546,0.0065859693936957,0.2101,0.2670206896551724,1.0,
B_620,B,620,-0.6599001806736624,0.0110965689644989,0.2645,0.31115094339622645,1.0,
B_621,B,621,-0.584696864185723,0.0015878141271523,0.2965,0.3371776367961935,1.0,
B_622,B,622,-0.8225998826676056,-0.0011811949695912,0.2027,0.2609262118491921,1.0,
B_623,B,623,-1.222746056737395,0.0092012347559187,0.0808,0.13226849315068492,1.0,
B_624,B,624,-1.2115702808600424,0.0131533366019089,0.085,0.13851136363636363,1.0,
B_625,B,625,-1.1360175694561894,0.0328236603272454,0.1069,0.1630584484590861,1.0,
B_626,B,626,-1.516714634209048,0.12264323996475,0.0342,0.06996119828815978,1.0,
B_627,B,627,-1.7040738636950192,0.0256218612135741,0.0217,0.05068045602605863,1.0,
B_628,B,628,-1.6417285598422746,0.0452836411965167,0.0245,0.054809672386895485,1.0,
B_629,B,629,-1.6330567637123348,0.0309866535800413,0.0236,0.05363296354992076,1.0,
B_630,B,630,-1.989227667383975,0.0292072761603203,0.0053,0.01767488372093023,1.0,
B_631,B,631,-2.073594395524029,0.0161239397138316,0.0036,0.013203069053708438,1.0,
B_632,B,632,-1.924967768833663,0.0019898933709629,0.0061,0.019613004484304936,1.0,
B_633,B,633,-2.03551557730815,0.0124927774551398,0.0032,0.012204255319148935,1.0,
B_634,B,634,-2.290129958800687,0.0442225105550611,0.0007,0.0037595505617977532,1.0,
B_635,B,635,-2.194063268661007,0.0224516444891726,0.0008,0.004156521739130435,1.0,
B_636,B,636,-2.21452991872155,0.0488725027753685,0.001,0.004861016949152542,1.0,
B_637,B,637,-2.0232513983681657,0.1662931145680344,0.0038,0.013657142857142859,1.0,
B_638,B,638,-1.897606325184828,0.0356110085980008,0.0081,0.024249269311064716,1.0,
B_639,B,639,-2.002898788014659,0.0591015026652224,0.0036,0.013203069053708438,1.0,
B_640,B,640,-2.0386562118201117,0.0147764796163134,0.0031,0.011982210242587601,1.0,
B_641,B,641,-1.792056326254439,0.0122470577746169,0.0099,0.028450100200400806,1.0,
B_642,B,642,-1.662679721588701,0.017808433206199,0.0171,0.04264591304347826,1.0,
B_643,B,643,-1.387584526287697,-0.0010730935674397,0.0465,0.08750787401574803,1.0,
B_644,B,644,-1.33490304940377,-0.0038516759992866,0.0579,0.10352693266832919,1.0,
B_645,B,645,-1.63898618659144,0.0094226064168712,0.0192,0.04627361344537815,1.0,
B_646,B,646,-1.3030931641636865,0.0081605065025496,0.064,0.1111089588377724,1.0,
B_647,B,647,-1.5325725367408685,0.0179916676359919,0.0287,0.06115274888558693,1.0,
B_648,B,648,-1.507979414135406,0.0161197589859159,0.0309,0.06449868995633187,1.0,
B_649,B,649,-1.8375092185496504,0.0033547936646947,0.0071,0.021895483870967743,1.0,
B_650,B,650,-2.110505514955243,-0.0217668343679723,0.0013,0.005974999999999999,1.0,-1.0
B_651,B,651,-2.2804437372924418,-0.0360255448877323,0.0002,0.0016482758620689657,0.2868,-1.0
B_652,B,652,-2.17858978239518,0.0041801378309316,0.0009,0.004528421052631579,1.0,
B_653,B,653,-2.1405063858653803,0.0040044718741509,0.0019,0.007990029325513195,1.0,
B_654,B,654,-1.825480546623994,0.0302004608469275,0.0091,0.026469371196754566,1.0,
B_655,B,655,-1.4374758006289123,0.0269099663287279,0.0454,0.08600211360634083,1.0,
B_656,B,656,-1.2878424202565597,0.0216630873736008,0.0676,0.11567828162291167,1.0,
B_657,B,657,-1.277220389025011,0.0186486977577052,0.0699,0.11834309327036602,1.0,
B_658,B,658,-0.7456749214228491,0.0170736830576671,0.2271,0.28050077519379846,1.0,
B_659,B,659,-0.3492655995895899,0.0557249889735634,0.3942,0.41473426265590607,1.0,
B_660,B,660,-0.446799436145813,0.1124299849614857,0.3543,0.3854827010622155,1.0,
B_661,B,661,-0.1731845092779637,0.0270448512044655,0.4751,0.48246539278131634,1.0,
B_662,B,662,0.8114841020125196,0.0280034609162124,0.1904,0.25085123966942147,1.0,
B_663,B,663,0.8664335312545914,0.0159812333512581,0.1729,0.2344820415879017,1.0,
B_664,B,664,2.018445965245459,0.0338700663564072,0.036,0.07250561797752808,1.0,
B_665,B,665,1.3152182114159914,0.011364207871442,0.0947,0.14923054945054945,1.0,
B_666,B,666,0.5580084261927397,0.0441040476671551,0.2455,0.2933670274771024,1.0,
B_667,B,667,0.7997604583993076,0.2588192076190784,0.1865,0.24707700831024929,1.0,
B_668,B,668,0.3819919091488622,0.0561290557399249,0.3048,0.34552031620553364,1.0,
B_669,B,669,0.2431257020755808,0.0072520645033673,0.3476,0.3807932773109244,1.0,
B_670,B,670,-0.2378830315529201,-0.0009386374751211,0.4445,0.4562727272727273,1.0,
B_671,B,671,-0.5837681558889721,0.0120364280925084,0.2877,0.3304285028022418,1.0,
B_672,B,672,-0.3518303596220445,-0.002025151683325,0.402,0.42057724288840265,1.0,
B_673,B,673,-0.6605611277805651,0.0009805253465994,0.2404,0.28932422464375523,1.0,
B_674,B,674,-0.5889483255668995,0.0120557136025031,0.2818,0.3251015285599356,1.0,
B_675,B,675,-0.8284751524544341,0.0032314832965168,0.1827,0.24362007434944238,1.0,
B_676,B,676,-0.7562464930962337,0.0107338590745103,0.2117,0.267705291005291,1.0,
B_677,B,677,-0.875996779769767,0.0009621958698547,0.1695,0.23154119885823024,1.0,
B_678,B,678,-0.6238135123128061,-0.0007306499376797,0.2758,0.319722877930477,1.0,
B_679,B,679,-0.5105478897032278,-0.0022356071954909,0.3256,0.3636373831775701,1.0,
B_680,B,680,-0.2567155368740008,-0.0029824678710118,0.4397,0.45209548387096776,1.0,
B_681,B,681,-0.0815787596826862,-7.553969197866914e-05,0.5272,0.5294151260504202,1.0,
B_682,B,682,0.2356466240526295,-0.0045042547396721,0.343,0.37683675344563555,1.0,
B_683,B,683,0.8773760022653652,-0.0335759808160557,0.1617,0.22317401347449473,1.0,
B_684,B,684,0.4499602086807571,-0.0124383256315153,0.2607,0.3074373355263158,1.0,
B_685,B,685,0.2293480796183745,0.0012186745485754,0.3356,0.3716219305019305,1.0,
B_686,B,686,-0.2593792001387796,0.0040355630185218,0.4476,0.45879799857040743,1.0,
B_687,B,687,-0.5436404038013373,0.0424958419818665,0.3092,0.34912818897637793,1.0,
B_688,B,688,-0.6228474178163516,0.0111423769504344,0.2722,0.3170875710804224,1.0,
B_689,B,689,-0.9167106139797832,0.2888970309655616,0.161,0.22285135135135137,1.0,
B_690,B,690,-0.979337331611462,0.2552204292921236,0.1386,0.19995211267605634,1.0,
B_691,B,691,-1.0738639064164937,0.3365990326910351,0.1129,0.1691730407523511,1.0,
B_692,B,692,-0.946132095089779,0.0117757956488177,0.1513,0.21347846607669618,1.0,
B_693,B,693,-0.6626090752867722,0.0083673767120365,0.2557,0.3030361983471074,1.0,
B_694,B,694,-0.8736947667507263,0.0432956578965524,0.177,0.2385507518796992,1.0,
B_695,B,695,-1.0753829967421062,0.4873895124832667,0.1174,0.1744254658385093,1.0,
B_696,B,696,-0.3128380657907977,0.0274088109700591,0.4073,0.4253956300072833,1.0,
B_697,B,697,-0.1746532734834778,0.0759733676974079,0.4682,0.47593352232459246,1.0,
B_698,B,698,-0.2208692416314014,-0.003013237951084,0.4464,0.4578952789699571,1.0,
B_699,B,699,0.4845649859232279,0.0018137274523667,0.2732,0.3174787682333874,1.0,
B_700,B,700,0.9745841376307076,0.0041360280318479,0.1546,0.21692407045009782,1.0,
B_701,B,701,1.0183395714334853,-0.011912693001857,0.1435,0.20455168986083497,1.0,
B_702,B,702,2.132268790576604,0.0002242265543813,0.0318,0.06589768786127169,1.0,
B_703,B,703,1.3209874815616416,-0.010944379126734,0.0957,0.15030328227571113,1.0,
B_704,B,704,0.3217034511926004,0.0211116429015951,0.333,0.36959907120743035,1.0,
B_705,B,705,0.9125558699894096,0.0288946177922253,0.1675,0.22985167464114833,1.0,
B_706,B,706,1.4825467465933235,0.0449069283932687,0.0789,0.13004896551724138,1.0,
B_707,B,707,0.2294294829670383,0.0210252890157785,0.3706,0.3971901345291479,1.0,
B_708,B,708,-0.0584374913691863,0.0205375787192088,0.519,0.5238489795918367,1.0,
B_709,B,709,0.745789927469767,0.1089732437033964,0.2094,0.2669152,1.0,
B_710,B,710,0.1900062110935788,0.0291192184817729,0.3838,0.407183875739645,1.0,
B_711,B,711,-0.6489113254675795,0.0354584623074576,0.2698,0.31505960912052117,1.0,
B_712,B,712,-0.2305073817531932,0.0417003935948586,0.4496,0.4605188571428571,1.0,
B_713,B,713,0.3193337491984934,0.0459679515736226,0.3283,0.36608258164852253,1.0,
B_714,B,714,0.0708436520331504,0.0292124844619351,0.4229,0.43817817919075147,1.0,
B_715,B,715,-0.2919138410338818,0.0262006602802862,0.422,0.4375618221258134,1.0,
B_716,B,716,-0.7446298491602159,0.0478899236112897,0.2301,0.2825029109589041,1.0,
B_717,B,717,-1.2861561108816582,0.0189078034527212,0.0664,0.11437652694610778,1.0,
B_718,B,718,-1.5374479798740923,0.007163521246615,0.0268,0.05840607902735563,1.0,
B_719,B,719,-1.352960790220869,0.0069586818424751,0.0513,0.09443414634146342,1.0,
B_720,B,720,-1.5013086266287172,-0.00506868533335,0.0323,0.06674092219020174,1.0,
B_721,B,721,-1.8665956765049827,0.0064941623821652,0.0067,0.021116043956043957,1.0,
B_722,B,722,-1.7703841592272058,0.0262976787728083,0.0095,0.02741046277665996,1.0,
B_723,B,723,-1.5796193452064533,0.0334036804412739,0.0238,0.05400189873417722,1.0,
B_724,B,724,-1.778794643928403,0.0323425052157765,0.0125,0.03394886363636364,1.0,
B_725,B,725,-1.840302849610986,0.0105601629748949,0.009,0.02633877551020408,1.0,
B_726,B,726,-1.5296307059790983,0.0187212921951572,0.0271,0.05870302114803625,1.0,
B_727,B,727,-1.4952002805794666,0.2412391064512972,0.0353,0.0713966149506347,1.0,
B_728,B,728,-1.6386309777168662,0.275013741092028,0.0232,0.05306028708133971,1.0,
B_729,B,729,-1.8546151196192269,1.0536838752689652,0.0091,0.026469371196754566,1.0,
B_730,B,730,-1.0539421391888646,0.0549479186261649,0.1177,0.17454167528438472,1.0,
B_731,B,731,-1.1686290662472394,0.0752361306395429,0.0958,0.15030328227571113,1.0,
B_732,B,732,-1.4382333634919966,0.2151136972833396,0.0475,0.08880704041720991,1.0,
B_733,B,733,-1.1046716602004802,0.2250846670698876,0.1079,0.16425541401273885,1.0,
B_734,B,734,-0.4611716526304131,0.1149623839295812,0.3409,0.3753932463545664,1.0,
B_735,B,735,-0.4836020252591194,0.8312893807321873,0.3309,0.3681230411171451,1.0,
B_736,B,736,-0.5392802274278246,0.0784334749682122,0.3133,0.3529239591516104,1.0,
B_737,B,737,-0.0604207331687482,0.2068852787917061,0.5216,0.5256320449754041,1.0,
B_738,B,738,-0.4854648852538043,0.057576871398564,0.3372,0.372354272517321,1.0,
B_739,B,739,-0.9267124155429264,0.0851923210292657,0.1597,0.22147949709864603,1.0,
B_740,B,740,-0.5060264818570248,0.0343184225405865,0.322,0.3613051643192488,1.0,
