feature,coef,pval,gene,pos,nuc,WHO_Cat12
pncA_2288352_-,-0.0008160891138049,0.0,pncA,2288352,-,0
pncA_2288351_-,-0.0008160891138049,0.0,pncA,2288351,-,0
pncA_2288350_-,-0.0008160891138049,0.0,pncA,2288350,-,0
pncA_2288377_-,-0.0008160891138049,0.0,pncA,2288377,-,0
pncA_2288504_-,-0.0008160891138049,0.0,pncA,2288504,-,0
pncA_2288364_-,-0.0008160891138049,0.0,pncA,2288364,-,0
pncA_2288349_-,-0.0008160891138049,0.0,pncA,2288349,-,0
pncA_2288376_-,-0.0008160891138049,0.0,pncA,2288376,-,0
pncA_2288348_-,-0.0008160891138049,0.0,pncA,2288348,-,0
pncA_2288347_-,-0.0008160891138049,0.0,pncA,2288347,-,0
pncA_2288378_-,-0.0008160891138049,0.0,pncA,2288378,-,0
pncA_2288508_-,-0.0008160891138049,0.0,pncA,2288508,-,0
pncA_2288509_-,-0.0008160891138049,0.0,pncA,2288509,-,0
pncA_2288379_-,-0.0008160891138049,0.0,pncA,2288379,-,0
pncA_2288380_-,-0.0008160891138049,0.0,pncA,2288380,-,0
pncA_2288510_-,-0.0008160891138049,0.0,pncA,2288510,-,0
pncA_2288511_-,-0.0008160891138049,0.0,pncA,2288511,-,0
pncA_2288353_-,-0.0008160891138049,0.0,pncA,2288353,-,0
pncA_2288355_-,-0.0008160891138049,0.0,pncA,2288355,-,0
pncA_2288354_-,-0.0008160891138049,0.0,pncA,2288354,-,0
pncA_2288507_-,-0.0008160891138049,0.0,pncA,2288507,-,0
pncA_2288365_-,-0.0008160891138049,0.0,pncA,2288365,-,0
pncA_2288366_-,-0.0008160891138049,0.0,pncA,2288366,-,0
pncA_2288363_-,-0.0008160891138049,0.0,pncA,2288363,-,0
pncA_2288367_-,-0.0008160891138049,0.0,pncA,2288367,-,0
pncA_2288362_-,-0.0008160891138049,0.0,pncA,2288362,-,0
pncA_2288361_-,-0.0008160891138049,0.0,pncA,2288361,-,0
pncA_2288360_-,-0.0008160891138049,0.0,pncA,2288360,-,0
pncA_2288368_-,-0.0008160891138049,0.0,pncA,2288368,-,0
pncA_2288359_-,-0.0008160891138049,0.0,pncA,2288359,-,0
pncA_2288369_-,-0.0008160891138049,0.0,pncA,2288369,-,0
pncA_2288505_-,-0.0008160891138049,0.0,pncA,2288505,-,0
pncA_2288358_-,-0.0008160891138049,0.0,pncA,2288358,-,0
pncA_2288370_-,-0.0008160891138049,0.0,pncA,2288370,-,0
pncA_2288371_-,-0.0008160891138049,0.0,pncA,2288371,-,0
pncA_2288372_-,-0.0008160891138049,0.0,pncA,2288372,-,0
pncA_2288373_-,-0.0008160891138049,0.0,pncA,2288373,-,0
pncA_2288374_-,-0.0008160891138049,0.0,pncA,2288374,-,0
pncA_2288506_-,-0.0008160891138049,0.0,pncA,2288506,-,0
pncA_2288375_-,-0.0008160891138049,0.0,pncA,2288375,-,0
pncA_2288357_-,-0.0008160891138049,0.0,pncA,2288357,-,0
pncA_2288356_-,-0.0008160891138049,0.0,pncA,2288356,-,0
pncA_2288346_-,-0.0008160891138049,0.0,pncA,2288346,-,0
pncA_2288467_-,-0.0008160891138049,0.0,pncA,2288467,-,0
pncA_2288512_-,-0.0008160891138049,0.0,pncA,2288512,-,0
pncA_2288345_-,-0.0008160891138049,0.0,pncA,2288345,-,0
pncA_2288323_-,-0.0008160891138049,0.0,pncA,2288323,-,0
pncA_2288322_-,-0.0008160891138049,0.0,pncA,2288322,-,0
pncA_2288321_-,-0.0008160891138049,0.0,pncA,2288321,-,0
pncA_2288320_-,-0.0008160891138049,0.0,pncA,2288320,-,0
pncA_2288319_-,-0.0008160891138049,0.0,pncA,2288319,-,0
pncA_2288318_-,-0.0008160891138049,0.0,pncA,2288318,-,0
pncA_2288317_-,-0.0008160891138049,0.0,pncA,2288317,-,0
pncA_2288316_-,-0.0008160891138049,0.0,pncA,2288316,-,0
pncA_2288315_-,-0.0008160891138049,0.0,pncA,2288315,-,0
pncA_2288522_-,-0.0008160891138049,0.0,pncA,2288522,-,0
pncA_2288314_-,-0.0008160891138049,0.0,pncA,2288314,-,0
pncA_2288523_-,-0.0008160891138049,0.0,pncA,2288523,-,0
pncA_2288313_-,-0.0008160891138049,0.0,pncA,2288313,-,0
pncA_2288312_-,-0.0008160891138049,0.0,pncA,2288312,-,0
pncA_2288311_-,-0.0008160891138049,0.0,pncA,2288311,-,0
pncA_2288310_-,-0.0008160891138049,0.0,pncA,2288310,-,0
pncA_2288309_-,-0.0008160891138049,0.0,pncA,2288309,-,0
pncA_2288308_-,-0.0008160891138049,0.0,pncA,2288308,-,0
pncA_2288307_-,-0.0008160891138049,0.0,pncA,2288307,-,0
pncA_2288306_-,-0.0008160891138049,0.0,pncA,2288306,-,0
pncA_2288305_-,-0.0008160891138049,0.0,pncA,2288305,-,0
pncA_2288524_-,-0.0008160891138049,0.0,pncA,2288524,-,0
pncA_2288525_-,-0.0008160891138049,0.0,pncA,2288525,-,0
pncA_2288304_-,-0.0008160891138049,0.0,pncA,2288304,-,0
pncA_2288303_-,-0.0008160891138049,0.0,pncA,2288303,-,0
pncA_2288324_-,-0.0008160891138049,0.0,pncA,2288324,-,0
pncA_2288326_-,-0.0008160891138049,0.0,pncA,2288326,-,0
pncA_2288327_-,-0.0008160891138049,0.0,pncA,2288327,-,0
pncA_2288336_-,-0.0008160891138049,0.0,pncA,2288336,-,0
pncA_2288344_-,-0.0008160891138049,0.0,pncA,2288344,-,0
pncA_2288343_-,-0.0008160891138049,0.0,pncA,2288343,-,0
pncA_2288342_-,-0.0008160891138049,0.0,pncA,2288342,-,0
pncA_2288341_-,-0.0008160891138049,0.0,pncA,2288341,-,0
pncA_2288340_-,-0.0008160891138049,0.0,pncA,2288340,-,0
pncA_2288513_-,-0.0008160891138049,0.0,pncA,2288513,-,0
pncA_2288339_-,-0.0008160891138049,0.0,pncA,2288339,-,0
pncA_2288338_-,-0.0008160891138049,0.0,pncA,2288338,-,0
pncA_2288337_-,-0.0008160891138049,0.0,pncA,2288337,-,0
pncA_2288381_-,-0.0008160891138049,0.0,pncA,2288381,-,0
pncA_2288515_-,-0.0008160891138049,0.0,pncA,2288515,-,0
pncA_2288335_-,-0.0008160891138049,0.0,pncA,2288335,-,0
pncA_2288520_-,-0.0008160891138049,0.0,pncA,2288520,-,0
pncA_2288516_-,-0.0008160891138049,0.0,pncA,2288516,-,0
pncA_2288334_-,-0.0008160891138049,0.0,pncA,2288334,-,0
pncA_2288333_-,-0.0008160891138049,0.0,pncA,2288333,-,0
pncA_2288332_-,-0.0008160891138049,0.0,pncA,2288332,-,0
pncA_2288331_-,-0.0008160891138049,0.0,pncA,2288331,-,0
pncA_2288330_-,-0.0008160891138049,0.0,pncA,2288330,-,0
pncA_2288517_-,-0.0008160891138049,0.0,pncA,2288517,-,0
pncA_2288518_-,-0.0008160891138049,0.0,pncA,2288518,-,0
pncA_2288329_-,-0.0008160891138049,0.0,pncA,2288329,-,0
pncA_2288519_-,-0.0008160891138049,0.0,pncA,2288519,-,0
pncA_2288328_-,-0.0008160891138049,0.0,pncA,2288328,-,0
pncA_2288514_-,-0.0008160891138049,0.0,pncA,2288514,-,0
pncA_2288389_-,-0.0008160891138049,0.0,pncA,2288389,-,0
pncA_2288382_-,-0.0008160891138049,0.0,pncA,2288382,-,0
pncA_2288440_-,-0.0008160891138049,0.0,pncA,2288440,-,0
pncA_2288477_-,-0.0008160891138049,0.0,pncA,2288477,-,0
pncA_2288478_-,-0.0008160891138049,0.0,pncA,2288478,-,0
pncA_2288479_-,-0.0008160891138049,0.0,pncA,2288479,-,0
pncA_2288443_-,-0.0008160891138049,0.0,pncA,2288443,-,0
pncA_2288480_-,-0.0008160891138049,0.0,pncA,2288480,-,0
pncA_2288481_-,-0.0008160891138049,0.0,pncA,2288481,-,0
pncA_2288483_-,-0.0008160891138049,0.0,pncA,2288483,-,0
pncA_2288484_-,-0.0008160891138049,0.0,pncA,2288484,-,0
pncA_2288485_-,-0.0008160891138049,0.0,pncA,2288485,-,0
pncA_2288442_-,-0.0008160891138049,0.0,pncA,2288442,-,0
pncA_2288441_-,-0.0008160891138049,0.0,pncA,2288441,-,0
pncA_2288486_-,-0.0008160891138049,0.0,pncA,2288486,-,0
pncA_2288439_-,-0.0008160891138049,0.0,pncA,2288439,-,0
pncA_2288475_-,-0.0008160891138049,0.0,pncA,2288475,-,0
pncA_2288487_-,-0.0008160891138049,0.0,pncA,2288487,-,0
pncA_2288488_-,-0.0008160891138049,0.0,pncA,2288488,-,0
pncA_2288438_-,-0.0008160891138049,0.0,pncA,2288438,-,0
pncA_2288437_-,-0.0008160891138049,0.0,pncA,2288437,-,0
pncA_2288436_-,-0.0008160891138049,0.0,pncA,2288436,-,0
pncA_2288489_-,-0.0008160891138049,0.0,pncA,2288489,-,0
pncA_2288435_-,-0.0008160891138049,0.0,pncA,2288435,-,0
pncA_2288434_-,-0.0008160891138049,0.0,pncA,2288434,-,0
pncA_2288490_-,-0.0008160891138049,0.0,pncA,2288490,-,0
pncA_2288491_-,-0.0008160891138049,0.0,pncA,2288491,-,0
pncA_2288433_-,-0.0008160891138049,0.0,pncA,2288433,-,0
pncA_2288432_-,-0.0008160891138049,0.0,pncA,2288432,-,0
pncA_2288476_-,-0.0008160891138049,0.0,pncA,2288476,-,0
pncA_2288444_-,-0.0008160891138049,0.0,pncA,2288444,-,0
pncA_2288492_-,-0.0008160891138049,0.0,pncA,2288492,-,0
pncA_2288456_-,-0.0008160891138049,0.0,pncA,2288456,-,0
pncA_2288465_-,-0.0008160891138049,0.0,pncA,2288465,-,0
pncA_2288464_-,-0.0008160891138049,0.0,pncA,2288464,-,0
pncA_2288468_-,-0.0008160891138049,0.0,pncA,2288468,-,0
pncA_2288463_-,-0.0008160891138049,0.0,pncA,2288463,-,0
pncA_2288469_-,-0.0008160891138049,0.0,pncA,2288469,-,0
pncA_2288470_-,-0.0008160891138049,0.0,pncA,2288470,-,0
pncA_2288461_-,-0.0008160891138049,0.0,pncA,2288461,-,0
pncA_2288460_-,-0.0008160891138049,0.0,pncA,2288460,-,0
pncA_2288459_-,-0.0008160891138049,0.0,pncA,2288459,-,0
pncA_2288458_-,-0.0008160891138049,0.0,pncA,2288458,-,0
pncA_2288471_-,-0.0008160891138049,0.0,pncA,2288471,-,0
pncA_2288457_-,-0.0008160891138049,0.0,pncA,2288457,-,0
pncA_2288455_-,-0.0008160891138049,0.0,pncA,2288455,-,0
pncA_2288445_-,-0.0008160891138049,0.0,pncA,2288445,-,0
pncA_2288454_-,-0.0008160891138049,0.0,pncA,2288454,-,0
pncA_2288453_-,-0.0008160891138049,0.0,pncA,2288453,-,0
pncA_2288452_-,-0.0008160891138049,0.0,pncA,2288452,-,0
pncA_2288451_-,-0.0008160891138049,0.0,pncA,2288451,-,0
pncA_2288472_-,-0.0008160891138049,0.0,pncA,2288472,-,0
pncA_2288450_-,-0.0008160891138049,0.0,pncA,2288450,-,0
pncA_2288449_-,-0.0008160891138049,0.0,pncA,2288449,-,0
pncA_2288473_-,-0.0008160891138049,0.0,pncA,2288473,-,0
pncA_2288448_-,-0.0008160891138049,0.0,pncA,2288448,-,0
pncA_2288447_-,-0.0008160891138049,0.0,pncA,2288447,-,0
pncA_2288474_-,-0.0008160891138049,0.0,pncA,2288474,-,0
pncA_2288446_-,-0.0008160891138049,0.0,pncA,2288446,-,0
pncA_2288431_-,-0.0008160891138049,0.0,pncA,2288431,-,0
pncA_2288430_-,-0.0008160891138049,0.0,pncA,2288430,-,0
pncA_2288383_-,-0.0008160891138049,0.0,pncA,2288383,-,0
pncA_2288395_-,-0.0008160891138049,0.0,pncA,2288395,-,0
pncA_2288407_-,-0.0008160891138049,0.0,pncA,2288407,-,0
pncA_2288406_-,-0.0008160891138049,0.0,pncA,2288406,-,0
pncA_2288501_-,-0.0008160891138049,0.0,pncA,2288501,-,0
pncA_2288404_-,-0.0008160891138049,0.0,pncA,2288404,-,0
pncA_2288403_-,-0.0008160891138049,0.0,pncA,2288403,-,0
pncA_2288402_-,-0.0008160891138049,0.0,pncA,2288402,-,0
pncA_2288401_-,-0.0008160891138049,0.0,pncA,2288401,-,0
pncA_2288400_-,-0.0008160891138049,0.0,pncA,2288400,-,0
pncA_2288399_-,-0.0008160891138049,0.0,pncA,2288399,-,0
pncA_2288398_-,-0.0008160891138049,0.0,pncA,2288398,-,0
pncA_2288397_-,-0.0008160891138049,0.0,pncA,2288397,-,0
pncA_2288396_-,-0.0008160891138049,0.0,pncA,2288396,-,0
pncA_2288394_-,-0.0008160891138049,0.0,pncA,2288394,-,0
pncA_2288409_-,-0.0008160891138049,0.0,pncA,2288409,-,0
pncA_2288393_-,-0.0008160891138049,0.0,pncA,2288393,-,0
pncA_2288502_-,-0.0008160891138049,0.0,pncA,2288502,-,0
pncA_2288392_-,-0.0008160891138049,0.0,pncA,2288392,-,0
pncA_2288391_-,-0.0008160891138049,0.0,pncA,2288391,-,0
pncA_2288390_-,-0.0008160891138049,0.0,pncA,2288390,-,0
pncA_2288466_-,-0.0008160891138049,0.0,pncA,2288466,-,0
pncA_2288388_-,-0.0008160891138049,0.0,pncA,2288388,-,0
pncA_2288387_-,-0.0008160891138049,0.0,pncA,2288387,-,0
pncA_2288386_-,-0.0008160891138049,0.0,pncA,2288386,-,0
pncA_2288503_-,-0.0008160891138049,0.0,pncA,2288503,-,0
pncA_2288385_-,-0.0008160891138049,0.0,pncA,2288385,-,0
pncA_2288384_-,-0.0008160891138049,0.0,pncA,2288384,-,0
pncA_2288408_-,-0.0008160891138049,0.0,pncA,2288408,-,0
pncA_2288410_-,-0.0008160891138049,0.0,pncA,2288410,-,0
pncA_2288429_-,-0.0008160891138049,0.0,pncA,2288429,-,0
pncA_2288422_-,-0.0008160891138049,0.0,pncA,2288422,-,0
pncA_2288428_-,-0.0008160891138049,0.0,pncA,2288428,-,0
pncA_2288427_-,-0.0008160891138049,0.0,pncA,2288427,-,0
pncA_2288301_-,-0.0008160891138049,0.0,pncA,2288301,-,0
pncA_2288493_-,-0.0008160891138049,0.0,pncA,2288493,-,0
pncA_2288426_-,-0.0008160891138049,0.0,pncA,2288426,-,0
pncA_2288425_-,-0.0008160891138049,0.0,pncA,2288425,-,0
pncA_2288494_-,-0.0008160891138049,0.0,pncA,2288494,-,0
pncA_2288495_-,-0.0008160891138049,0.0,pncA,2288495,-,0
pncA_2288424_-,-0.0008160891138049,0.0,pncA,2288424,-,0
pncA_2288423_-,-0.0008160891138049,0.0,pncA,2288423,-,0
pncA_2288496_-,-0.0008160891138049,0.0,pncA,2288496,-,0
pncA_2288497_-,-0.0008160891138049,0.0,pncA,2288497,-,0
pncA_2288498_-,-0.0008160891138049,0.0,pncA,2288498,-,0
pncA_2288411_-,-0.0008160891138049,0.0,pncA,2288411,-,0
pncA_2288421_-,-0.0008160891138049,0.0,pncA,2288421,-,0
pncA_2288420_-,-0.0008160891138049,0.0,pncA,2288420,-,0
pncA_2288419_-,-0.0008160891138049,0.0,pncA,2288419,-,0
pncA_2288499_-,-0.0008160891138049,0.0,pncA,2288499,-,0
pncA_2288418_-,-0.0008160891138049,0.0,pncA,2288418,-,0
pncA_2288417_-,-0.0008160891138049,0.0,pncA,2288417,-,0
pncA_2288416_-,-0.0008160891138049,0.0,pncA,2288416,-,0
pncA_2288415_-,-0.0008160891138049,0.0,pncA,2288415,-,0
pncA_2288500_-,-0.0008160891138049,0.0,pncA,2288500,-,0
pncA_2288414_-,-0.0008160891138049,0.0,pncA,2288414,-,0
pncA_2288413_-,-0.0008160891138049,0.0,pncA,2288413,-,0
pncA_2288412_-,-0.0008160891138049,0.0,pncA,2288412,-,0
pncA_2288302_-,-0.0008160891138049,0.0,pncA,2288302,-,0
pncA_2288253_-,-0.0008160891138049,0.0,pncA,2288253,-,0
pncA_2288300_-,-0.0008160891138049,0.0,pncA,2288300,-,0
pncA_2288126_-,-0.0008160891138049,0.0,pncA,2288126,-,0
pncA_2288139_-,-0.0008160891138049,0.0,pncA,2288139,-,0
pncA_2288138_-,-0.0008160891138049,0.0,pncA,2288138,-,0
pncA_2288137_-,-0.0008160891138049,0.0,pncA,2288137,-,0
pncA_2288136_-,-0.0008160891138049,0.0,pncA,2288136,-,0
pncA_2288135_-,-0.0008160891138049,0.0,pncA,2288135,-,0
pncA_2288134_-,-0.0008160891138049,0.0,pncA,2288134,-,0
pncA_2288133_-,-0.0008160891138049,0.0,pncA,2288133,-,0
pncA_2288132_-,-0.0008160891138049,0.0,pncA,2288132,-,0
pncA_2288131_-,-0.0008160891138049,0.0,pncA,2288131,-,0
pncA_2288130_-,-0.0008160891138049,0.0,pncA,2288130,-,0
pncA_2288129_-,-0.0008160891138049,0.0,pncA,2288129,-,0
pncA_2288128_-,-0.0008160891138049,0.0,pncA,2288128,-,0
pncA_2288127_-,-0.0008160891138049,0.0,pncA,2288127,-,0
pncA_2288125_-,-0.0008160891138049,0.0,pncA,2288125,-,0
pncA_2288141_-,-0.0008160891138049,0.0,pncA,2288141,-,0
pncA_2288124_-,-0.0008160891138049,0.0,pncA,2288124,-,0
pncA_2288123_-,-0.0008160891138049,0.0,pncA,2288123,-,0
pncA_2288122_-,-0.0008160891138049,0.0,pncA,2288122,-,0
pncA_2288121_-,-0.0008160891138049,0.0,pncA,2288121,-,0
pncA_2288120_-,-0.0008160891138049,0.0,pncA,2288120,-,0
pncA_2288119_-,-0.0008160891138049,0.0,pncA,2288119,-,0
pncA_2288118_-,-0.0008160891138049,0.0,pncA,2288118,-,0
pncA_2288117_-,-0.0008160891138049,0.0,pncA,2288117,-,0
pncA_2288116_-,-0.0008160891138049,0.0,pncA,2288116,-,0
pncA_2288115_-,-0.0008160891138049,0.0,pncA,2288115,-,0
pncA_2288114_-,-0.0008160891138049,0.0,pncA,2288114,-,0
pncA_2288113_-,-0.0008160891138049,0.0,pncA,2288113,-,0
pncA_2288112_-,-0.0008160891138049,0.0,pncA,2288112,-,0
pncA_2288140_-,-0.0008160891138049,0.0,pncA,2288140,-,0
pncA_2288142_-,-0.0008160891138049,0.0,pncA,2288142,-,0
pncA_2288110_-,-0.0008160891138049,0.0,pncA,2288110,-,0
pncA_2288158_-,-0.0008160891138049,0.0,pncA,2288158,-,0
pncA_2288171_-,-0.0008160891138049,0.0,pncA,2288171,-,0
pncA_2288170_-,-0.0008160891138049,0.0,pncA,2288170,-,0
pncA_2288169_-,-0.0008160891138049,0.0,pncA,2288169,-,0
pncA_2288168_-,-0.0008160891138049,0.0,pncA,2288168,-,0
pncA_2288167_-,-0.0008160891138049,0.0,pncA,2288167,-,0
pncA_2288166_-,-0.0008160891138049,0.0,pncA,2288166,-,0
pncA_2288165_-,-0.0008160891138049,0.0,pncA,2288165,-,0
pncA_2288164_-,-0.0008160891138049,0.0,pncA,2288164,-,0
pncA_2288163_-,-0.0008160891138049,0.0,pncA,2288163,-,0
pncA_2288162_-,-0.0008160891138049,0.0,pncA,2288162,-,0
pncA_2288161_-,-0.0008160891138049,0.0,pncA,2288161,-,0
pncA_2288160_-,-0.0008160891138049,0.0,pncA,2288160,-,0
pncA_2288159_-,-0.0008160891138049,0.0,pncA,2288159,-,0
pncA_2288157_-,-0.0008160891138049,0.0,pncA,2288157,-,0
pncA_2288143_-,-0.0008160891138049,0.0,pncA,2288143,-,0
pncA_2288156_-,-0.0008160891138049,0.0,pncA,2288156,-,0
pncA_2288155_-,-0.0008160891138049,0.0,pncA,2288155,-,0
pncA_2288154_-,-0.0008160891138049,0.0,pncA,2288154,-,0
pncA_2288153_-,-0.0008160891138049,0.0,pncA,2288153,-,0
pncA_2288152_-,-0.0008160891138049,0.0,pncA,2288152,-,0
pncA_2288151_-,-0.0008160891138049,0.0,pncA,2288151,-,0
pncA_2288150_-,-0.0008160891138049,0.0,pncA,2288150,-,0
pncA_2288149_-,-0.0008160891138049,0.0,pncA,2288149,-,0
pncA_2288148_-,-0.0008160891138049,0.0,pncA,2288148,-,0
pncA_2288147_-,-0.0008160891138049,0.0,pncA,2288147,-,0
pncA_2288146_-,-0.0008160891138049,0.0,pncA,2288146,-,0
pncA_2288145_-,-0.0008160891138049,0.0,pncA,2288145,-,0
pncA_2288144_-,-0.0008160891138049,0.0,pncA,2288144,-,0
pncA_2288111_-,-0.0008160891138049,0.0,pncA,2288111,-,0
pncA_2288109_-,-0.0008160891138049,0.0,pncA,2288109,-,0
pncA_2288299_-,-0.0008160891138049,0.0,pncA,2288299,-,0
pncA_2288060_-,-0.0008160891138049,0.0,pncA,2288060,-,0
pncA_2288074_-,-0.0008160891138049,0.0,pncA,2288074,-,0
pncA_2288073_-,-0.0008160891138049,0.0,pncA,2288073,-,0
pncA_2288072_-,-0.0008160891138049,0.0,pncA,2288072,-,0
pncA_2288071_-,-0.0008160891138049,0.0,pncA,2288071,-,0
pncA_2288070_-,-0.0008160891138049,0.0,pncA,2288070,-,0
pncA_2288069_-,-0.0008160891138049,0.0,pncA,2288069,-,0
pncA_2288068_-,-0.0008160891138049,0.0,pncA,2288068,-,0
pncA_2288067_-,-0.0008160891138049,0.0,pncA,2288067,-,0
pncA_2288066_-,-0.0008160891138049,0.0,pncA,2288066,-,0
pncA_2288064_-,-0.0008160891138049,0.0,pncA,2288064,-,0
pncA_2288063_-,-0.0008160891138049,0.0,pncA,2288063,-,0
pncA_2288062_-,-0.0008160891138049,0.0,pncA,2288062,-,0
pncA_2288061_-,-0.0008160891138049,0.0,pncA,2288061,-,0
pncA_2288059_-,-0.0008160891138049,0.0,pncA,2288059,-,0
pncA_2288076_-,-0.0008160891138049,0.0,pncA,2288076,-,0
pncA_2288058_-,-0.0008160891138049,0.0,pncA,2288058,-,0
pncA_2288057_-,-0.0008160891138049,0.0,pncA,2288057,-,0
pncA_2288056_-,-0.0008160891138049,0.0,pncA,2288056,-,0
pncA_2288055_-,-0.0008160891138049,0.0,pncA,2288055,-,0
pncA_2288054_-,-0.0008160891138049,0.0,pncA,2288054,-,0
pncA_2288053_-,-0.0008160891138049,0.0,pncA,2288053,-,0
pncA_2288052_-,-0.0008160891138049,0.0,pncA,2288052,-,0
pncA_2288051_-,-0.0008160891138049,0.0,pncA,2288051,-,0
pncA_2288050_-,-0.0008160891138049,0.0,pncA,2288050,-,0
pncA_2288049_-,-0.0008160891138049,0.0,pncA,2288049,-,0
pncA_2288048_-,-0.0008160891138049,0.0,pncA,2288048,-,0
pncA_2288047_-,-0.0008160891138049,0.0,pncA,2288047,-,0
pncA_2288046_-,-0.0008160891138049,0.0,pncA,2288046,-,0
pncA_2288075_-,-0.0008160891138049,0.0,pncA,2288075,-,0
pncA_2288077_-,-0.0008160891138049,0.0,pncA,2288077,-,0
pncA_2288108_-,-0.0008160891138049,0.0,pncA,2288108,-,0
pncA_2288094_-,-0.0008160891138049,0.0,pncA,2288094,-,0
pncA_2288107_-,-0.0008160891138049,0.0,pncA,2288107,-,0
pncA_2288106_-,-0.0008160891138049,0.0,pncA,2288106,-,0
pncA_2288105_-,-0.0008160891138049,0.0,pncA,2288105,-,0
pncA_2288104_-,-0.0008160891138049,0.0,pncA,2288104,-,0
pncA_2288103_-,-0.0008160891138049,0.0,pncA,2288103,-,0
pncA_2288102_-,-0.0008160891138049,0.0,pncA,2288102,-,0
pncA_2288101_-,-0.0008160891138049,0.0,pncA,2288101,-,0
pncA_2288100_-,-0.0008160891138049,0.0,pncA,2288100,-,0
pncA_2288099_-,-0.0008160891138049,0.0,pncA,2288099,-,0
pncA_2288098_-,-0.0008160891138049,0.0,pncA,2288098,-,0
pncA_2288097_-,-0.0008160891138049,0.0,pncA,2288097,-,0
pncA_2288096_-,-0.0008160891138049,0.0,pncA,2288096,-,0
pncA_2288095_-,-0.0008160891138049,0.0,pncA,2288095,-,0
pncA_2288093_-,-0.0008160891138049,0.0,pncA,2288093,-,0
pncA_2288078_-,-0.0008160891138049,0.0,pncA,2288078,-,0
pncA_2288092_-,-0.0008160891138049,0.0,pncA,2288092,-,0
pncA_2288091_-,-0.0008160891138049,0.0,pncA,2288091,-,0
pncA_2288090_-,-0.0008160891138049,0.0,pncA,2288090,-,0
pncA_2288089_-,-0.0008160891138049,0.0,pncA,2288089,-,0
pncA_2288088_-,-0.0008160891138049,0.0,pncA,2288088,-,0
pncA_2288087_-,-0.0008160891138049,0.0,pncA,2288087,-,0
pncA_2288086_-,-0.0008160891138049,0.0,pncA,2288086,-,0
pncA_2288084_-,-0.0008160891138049,0.0,pncA,2288084,-,0
pncA_2288083_-,-0.0008160891138049,0.0,pncA,2288083,-,0
pncA_2288082_-,-0.0008160891138049,0.0,pncA,2288082,-,0
pncA_2288081_-,-0.0008160891138049,0.0,pncA,2288081,-,0
pncA_2288080_-,-0.0008160891138049,0.0,pncA,2288080,-,0
pncA_2288079_-,-0.0008160891138049,0.0,pncA,2288079,-,0
pncA_2288172_-,-0.0008160891138049,0.0,pncA,2288172,-,0
pncA_2288173_-,-0.0008160891138049,0.0,pncA,2288173,-,0
pncA_2288174_-,-0.0008160891138049,0.0,pncA,2288174,-,0
pncA_2288527_-,-0.0008160891138049,0.0,pncA,2288527,-,0
pncA_2288266_-,-0.0008160891138049,0.0,pncA,2288266,-,0
pncA_2288265_-,-0.0008160891138049,0.0,pncA,2288265,-,0
pncA_2288264_-,-0.0008160891138049,0.0,pncA,2288264,-,0
pncA_2288263_-,-0.0008160891138049,0.0,pncA,2288263,-,0
pncA_2288262_-,-0.0008160891138049,0.0,pncA,2288262,-,0
pncA_2288261_-,-0.0008160891138049,0.0,pncA,2288261,-,0
pncA_2288260_-,-0.0008160891138049,0.0,pncA,2288260,-,0
pncA_2288259_-,-0.0008160891138049,0.0,pncA,2288259,-,0
pncA_2288258_-,-0.0008160891138049,0.0,pncA,2288258,-,0
pncA_2288257_-,-0.0008160891138049,0.0,pncA,2288257,-,0
pncA_2288256_-,-0.0008160891138049,0.0,pncA,2288256,-,0
pncA_2288255_-,-0.0008160891138049,0.0,pncA,2288255,-,0
pncA_2288254_-,-0.0008160891138049,0.0,pncA,2288254,-,0
pncA_2288252_-,-0.0008160891138049,0.0,pncA,2288252,-,0
pncA_2288268_-,-0.0008160891138049,0.0,pncA,2288268,-,0
pncA_2288251_-,-0.0008160891138049,0.0,pncA,2288251,-,0
pncA_2288250_-,-0.0008160891138049,0.0,pncA,2288250,-,0
pncA_2288249_-,-0.0008160891138049,0.0,pncA,2288249,-,0
pncA_2288248_-,-0.0008160891138049,0.0,pncA,2288248,-,0
pncA_2288247_-,-0.0008160891138049,0.0,pncA,2288247,-,0
pncA_2288246_-,-0.0008160891138049,0.0,pncA,2288246,-,0
pncA_2288245_-,-0.0008160891138049,0.0,pncA,2288245,-,0
pncA_2288244_-,-0.0008160891138049,0.0,pncA,2288244,-,0
pncA_2288243_-,-0.0008160891138049,0.0,pncA,2288243,-,0
pncA_2288242_-,-0.0008160891138049,0.0,pncA,2288242,-,0
pncA_2288241_-,-0.0008160891138049,0.0,pncA,2288241,-,0
pncA_2288240_-,-0.0008160891138049,0.0,pncA,2288240,-,0
pncA_2288239_-,-0.0008160891138049,0.0,pncA,2288239,-,0
pncA_2288267_-,-0.0008160891138049,0.0,pncA,2288267,-,0
pncA_2288269_-,-0.0008160891138049,0.0,pncA,2288269,-,0
pncA_2288175_-,-0.0008160891138049,0.0,pncA,2288175,-,0
pncA_2288285_-,-0.0008160891138049,0.0,pncA,2288285,-,0
pncA_2288298_-,-0.0008160891138049,0.0,pncA,2288298,-,0
pncA_2288297_-,-0.0008160891138049,0.0,pncA,2288297,-,0
pncA_2288296_-,-0.0008160891138049,0.0,pncA,2288296,-,0
pncA_2288295_-,-0.0008160891138049,0.0,pncA,2288295,-,0
pncA_2288294_-,-0.0008160891138049,0.0,pncA,2288294,-,0
pncA_2288293_-,-0.0008160891138049,0.0,pncA,2288293,-,0
pncA_2288292_-,-0.0008160891138049,0.0,pncA,2288292,-,0
pncA_2288291_-,-0.0008160891138049,0.0,pncA,2288291,-,0
pncA_2288290_-,-0.0008160891138049,0.0,pncA,2288290,-,0
pncA_2288289_-,-0.0008160891138049,0.0,pncA,2288289,-,0
pncA_2288288_-,-0.0008160891138049,0.0,pncA,2288288,-,0
pncA_2288287_-,-0.0008160891138049,0.0,pncA,2288287,-,0
pncA_2288286_-,-0.0008160891138049,0.0,pncA,2288286,-,0
pncA_2288284_-,-0.0008160891138049,0.0,pncA,2288284,-,0
pncA_2288270_-,-0.0008160891138049,0.0,pncA,2288270,-,0
pncA_2288283_-,-0.0008160891138049,0.0,pncA,2288283,-,0
pncA_2288282_-,-0.0008160891138049,0.0,pncA,2288282,-,0
pncA_2288281_-,-0.0008160891138049,0.0,pncA,2288281,-,0
pncA_2288280_-,-0.0008160891138049,0.0,pncA,2288280,-,0
pncA_2288279_-,-0.0008160891138049,0.0,pncA,2288279,-,0
pncA_2288278_-,-0.0008160891138049,0.0,pncA,2288278,-,0
pncA_2288277_-,-0.0008160891138049,0.0,pncA,2288277,-,0
pncA_2288276_-,-0.0008160891138049,0.0,pncA,2288276,-,0
pncA_2288275_-,-0.0008160891138049,0.0,pncA,2288275,-,0
pncA_2288274_-,-0.0008160891138049,0.0,pncA,2288274,-,0
pncA_2288273_-,-0.0008160891138049,0.0,pncA,2288273,-,0
pncA_2288272_-,-0.0008160891138049,0.0,pncA,2288272,-,0
pncA_2288271_-,-0.0008160891138049,0.0,pncA,2288271,-,0
pncA_2288238_-,-0.0008160891138049,0.0,pncA,2288238,-,0
pncA_2288237_-,-0.0008160891138049,0.0,pncA,2288237,-,0
pncA_2288236_-,-0.0008160891138049,0.0,pncA,2288236,-,0
pncA_2288190_-,-0.0008160891138049,0.0,pncA,2288190,-,0
pncA_2288203_-,-0.0008160891138049,0.0,pncA,2288203,-,0
pncA_2288202_-,-0.0008160891138049,0.0,pncA,2288202,-,0
pncA_2288201_-,-0.0008160891138049,0.0,pncA,2288201,-,0
pncA_2288200_-,-0.0008160891138049,0.0,pncA,2288200,-,0
pncA_2288199_-,-0.0008160891138049,0.0,pncA,2288199,-,0
pncA_2288198_-,-0.0008160891138049,0.0,pncA,2288198,-,0
pncA_2288197_-,-0.0008160891138049,0.0,pncA,2288197,-,0
pncA_2288196_-,-0.0008160891138049,0.0,pncA,2288196,-,0
pncA_2288195_-,-0.0008160891138049,0.0,pncA,2288195,-,0
pncA_2288194_-,-0.0008160891138049,0.0,pncA,2288194,-,0
pncA_2288193_-,-0.0008160891138049,0.0,pncA,2288193,-,0
pncA_2288192_-,-0.0008160891138049,0.0,pncA,2288192,-,0
pncA_2288191_-,-0.0008160891138049,0.0,pncA,2288191,-,0
pncA_2288189_-,-0.0008160891138049,0.0,pncA,2288189,-,0
pncA_2288235_-,-0.0008160891138049,0.0,pncA,2288235,-,0
pncA_2288188_-,-0.0008160891138049,0.0,pncA,2288188,-,0
pncA_2288187_-,-0.0008160891138049,0.0,pncA,2288187,-,0
pncA_2288186_-,-0.0008160891138049,0.0,pncA,2288186,-,0
pncA_2288185_-,-0.0008160891138049,0.0,pncA,2288185,-,0
pncA_2288184_-,-0.0008160891138049,0.0,pncA,2288184,-,0
pncA_2288183_-,-0.0008160891138049,0.0,pncA,2288183,-,0
pncA_2288182_-,-0.0008160891138049,0.0,pncA,2288182,-,0
pncA_2288181_-,-0.0008160891138049,0.0,pncA,2288181,-,0
pncA_2288180_-,-0.0008160891138049,0.0,pncA,2288180,-,0
pncA_2288179_-,-0.0008160891138049,0.0,pncA,2288179,-,0
pncA_2288178_-,-0.0008160891138049,0.0,pncA,2288178,-,0
pncA_2288177_-,-0.0008160891138049,0.0,pncA,2288177,-,0
pncA_2288176_-,-0.0008160891138049,0.0,pncA,2288176,-,0
pncA_2288204_-,-0.0008160891138049,0.0,pncA,2288204,-,0
pncA_2288205_-,-0.0008160891138049,0.0,pncA,2288205,-,0
pncA_2288206_-,-0.0008160891138049,0.0,pncA,2288206,-,0
pncA_2288207_-,-0.0008160891138049,0.0,pncA,2288207,-,0
pncA_2288234_-,-0.0008160891138049,0.0,pncA,2288234,-,0
pncA_2288233_-,-0.0008160891138049,0.0,pncA,2288233,-,0
pncA_2288232_-,-0.0008160891138049,0.0,pncA,2288232,-,0
pncA_2288231_-,-0.0008160891138049,0.0,pncA,2288231,-,0
pncA_2288230_-,-0.0008160891138049,0.0,pncA,2288230,-,0
pncA_2288229_-,-0.0008160891138049,0.0,pncA,2288229,-,0
pncA_2288228_-,-0.0008160891138049,0.0,pncA,2288228,-,0
pncA_2288227_-,-0.0008160891138049,0.0,pncA,2288227,-,0
pncA_2288226_-,-0.0008160891138049,0.0,pncA,2288226,-,0
pncA_2288225_-,-0.0008160891138049,0.0,pncA,2288225,-,0
pncA_2288224_-,-0.0008160891138049,0.0,pncA,2288224,-,0
pncA_2288223_-,-0.0008160891138049,0.0,pncA,2288223,-,0
pncA_2288222_-,-0.0008160891138049,0.0,pncA,2288222,-,0
pncA_2288221_-,-0.0008160891138049,0.0,pncA,2288221,-,0
pncA_2288220_-,-0.0008160891138049,0.0,pncA,2288220,-,0
pncA_2288219_-,-0.0008160891138049,0.0,pncA,2288219,-,0
pncA_2288218_-,-0.0008160891138049,0.0,pncA,2288218,-,0
pncA_2288217_-,-0.0008160891138049,0.0,pncA,2288217,-,0
pncA_2288216_-,-0.0008160891138049,0.0,pncA,2288216,-,0
pncA_2288215_-,-0.0008160891138049,0.0,pncA,2288215,-,0
pncA_2288214_-,-0.0008160891138049,0.0,pncA,2288214,-,0
pncA_2288213_-,-0.0008160891138049,0.0,pncA,2288213,-,0
pncA_2288212_-,-0.0008160891138049,0.0,pncA,2288212,-,0
pncA_2288211_-,-0.0008160891138049,0.0,pncA,2288211,-,0
pncA_2288210_-,-0.0008160891138049,0.0,pncA,2288210,-,0
pncA_2288209_-,-0.0008160891138049,0.0,pncA,2288209,-,0
pncA_2288208_-,-0.0008160891138049,0.0,pncA,2288208,-,0
pncA_2288526_-,-0.0008160891138049,0.0,pncA,2288526,-,0
pncA_2288588_-,-0.0008160891138049,0.0,pncA,2288588,-,0
pncA_2288528_-,-0.0008160891138049,0.0,pncA,2288528,-,0
pncA_indel50_T,0.038868064267789,0.0,pncA,indel50,T,0
pncA_2288885_-,-0.0008160891138049,0.0,pncA,2288885,-,1
pncA_2288884_-,-0.0008160891138049,0.0,pncA,2288884,-,0
pncA_2288882_-,-0.0008160891138049,0.0,pncA,2288882,-,0
pncA_2288881_-,-0.0008160891138049,0.0,pncA,2288881,-,0
pncA_2288880_-,-0.0008160891138049,0.0,pncA,2288880,-,0
pncA_2288879_-,-0.0008160891138049,0.0,pncA,2288879,-,0
pncA_2288877_-,-0.0008160891138049,0.0,pncA,2288877,-,0
pncA_2288876_-,-0.0008160891138049,0.0,pncA,2288876,-,0
pncA_2288875_-,-0.0008160891138049,0.0,pncA,2288875,-,0
pncA_2288874_-,-0.0008160891138049,0.0,pncA,2288874,-,0
pncA_2288873_-,-0.0008160891138049,0.0,pncA,2288873,-,0
pncA_2288872_-,-0.0008160891138049,0.0,pncA,2288872,-,0
pncA_2288871_-,-0.0008160891138049,0.0,pncA,2288871,-,0
pncA_2288870_-,-0.0008160891138049,0.0,pncA,2288870,-,0
pncA_2288868_-,-0.0008160891138049,0.0,pncA,2288868,-,1
pncA_2288867_-,-0.0008160891138049,0.0,pncA,2288867,-,0
pncA_2288866_-,-0.0008160891138049,0.0,pncA,2288866,-,0
pncA_2288865_-,-0.0008160891138049,0.0,pncA,2288865,-,0
pncA_2288864_-,-0.0008160891138049,0.0,pncA,2288864,-,0
pncA_2288863_-,-0.0008160891138049,0.0,pncA,2288863,-,0
pncA_2288862_-,0.0109467787710725,0.1,pncA,2288862,-,0
pncA_2288861_-,0.0354049129352993,0.0,pncA,2288861,-,0
pncA_2288860_-,0.0354049129352993,0.0,pncA,2288860,-,0
pncA_2288859_-,0.0354049129352993,0.0,pncA,2288859,-,1
pncA_2288858_-,0.0354049129352993,0.0,pncA,2288858,-,0
pncA_2288857_-,0.0354049129352993,0.0,pncA,2288857,-,0
pncA_2288855_-,0.0354049129352993,0.0,pncA,2288855,-,0
pncA_2288886_-,-0.0008160891138049,0.0,pncA,2288886,-,1
pncA_2288888_-,-0.0008160891138049,0.0,pncA,2288888,-,0
pncA_2288921_-,-0.0008160891138049,0.0,pncA,2288921,-,0
pncA_2288889_-,-0.0008160891138049,0.0,pncA,2288889,-,0
pncA_2288917_-,-0.0008160891138049,0.0,pncA,2288917,-,0
pncA_2288916_-,-0.0008160891138049,0.0,pncA,2288916,-,0
pncA_2288915_-,-0.0008160891138049,0.0,pncA,2288915,-,1
pncA_2288914_-,-0.0008160891138049,0.0,pncA,2288914,-,0
pncA_2288913_-,-0.0008160891138049,0.0,pncA,2288913,-,0
pncA_2288912_-,-0.0008160891138049,0.0,pncA,2288912,-,0
pncA_2288911_-,-0.0008160891138049,0.0,pncA,2288911,-,0
pncA_2288910_-,-0.0008160891138049,0.0,pncA,2288910,-,0
pncA_2288909_-,-0.0008160891138049,0.0,pncA,2288909,-,0
pncA_2288908_-,-0.0008160891138049,0.0,pncA,2288908,-,0
pncA_2288907_-,0.0126972117912176,0.0,pncA,2288907,-,0
pncA_2288906_-,-0.0008160891138049,0.0,pncA,2288906,-,1
pncA_2288905_-,-0.0008160891138049,0.0,pncA,2288905,-,0
pncA_2288904_-,-0.0008160891138049,0.0,pncA,2288904,-,0
pncA_2288903_-,-0.0008160891138049,0.0,pncA,2288903,-,0
pncA_2288902_-,-0.0008160891138049,0.0,pncA,2288902,-,0
pncA_2288901_-,-0.0008160891138049,0.0,pncA,2288901,-,0
pncA_2288900_-,-0.0008160891138049,0.0,pncA,2288900,-,0
pncA_2288899_-,-0.0008160891138049,0.0,pncA,2288899,-,0
pncA_2288898_-,-0.0008160891138049,0.0,pncA,2288898,-,1
pncA_2288897_-,-0.0008160891138049,0.0,pncA,2288897,-,0
pncA_2288896_-,-0.0008160891138049,0.0,pncA,2288896,-,0
pncA_2288894_-,-0.0008160891138049,0.0,pncA,2288894,-,0
pncA_2288893_-,-0.0008160891138049,0.0,pncA,2288893,-,0
pncA_2288892_-,-0.0008160891138049,0.0,pncA,2288892,-,1
pncA_2288891_-,-0.0008160891138049,0.0,pncA,2288891,-,0
pncA_2288890_-,-0.0008160891138049,0.0,pncA,2288890,-,0
pncA_2288853_-,-0.0008160891138049,0.0,pncA,2288853,-,1
pncA_2288852_-,-0.0008160891138049,0.0,pncA,2288852,-,1
pncA_2288851_-,0.0190566827691671,0.3,pncA,2288851,-,1
pncA_indel51_G,0.0109632088852893,0.0,pncA,indel51,G,0
pncA_2288814_-,-0.0008160891138049,0.0,pncA,2288814,-,1
pncA_2288813_-,-0.0008160891138049,0.0,pncA,2288813,-,1
pncA_2288812_-,-0.0008160891138049,0.0,pncA,2288812,-,0
pncA_2288811_-,-0.0008160891138049,0.0,pncA,2288811,-,0
pncA_2288810_-,-0.0008160891138049,0.0,pncA,2288810,-,0
pncA_2288809_-,-0.0008160891138049,0.0,pncA,2288809,-,0
pncA_2288808_-,-0.0008160891138049,0.0,pncA,2288808,-,0
pncA_2288807_-,-0.0008160891138049,0.0,pncA,2288807,-,0
pncA_2288806_-,-0.0008160891138049,0.0,pncA,2288806,-,1
pncA_2288804_-,-0.0008160891138049,0.0,pncA,2288804,-,0
pncA_2288803_-,-0.0008160891138049,0.0,pncA,2288803,-,0
pncA_2288802_-,-0.0008160891138049,0.0,pncA,2288802,-,0
pncA_2288801_-,-0.0008160891138049,0.0,pncA,2288801,-,0
pncA_2288800_-,-0.0008160891138049,0.0,pncA,2288800,-,0
pncA_2288799_-,-0.0008160891138049,0.0,pncA,2288799,-,0
pncA_2288798_-,-0.0008160891138049,0.0,pncA,2288798,-,0
pncA_2288797_-,-0.0008160891138049,0.0,pncA,2288797,-,0
pncA_2288796_-,-0.0008160891138049,0.0,pncA,2288796,-,0
pncA_2288795_-,-0.0008160891138049,0.0,pncA,2288795,-,0
pncA_2288794_-,-0.0008160891138049,0.0,pncA,2288794,-,1
pncA_2288793_-,-0.0008160891138049,0.0,pncA,2288793,-,0
pncA_2288792_-,-0.0008160891138049,0.0,pncA,2288792,-,1
pncA_2288791_-,-0.0008160891138049,0.0,pncA,2288791,-,0
pncA_2288790_-,-0.0008160891138049,0.0,pncA,2288790,-,1
pncA_2288789_-,-0.0008160891138049,0.0,pncA,2288789,-,0
pncA_2288788_-,-0.0008160891138049,0.0,pncA,2288788,-,0
pncA_2288787_-,-0.0008160891138049,0.0,pncA,2288787,-,0
pncA_2288815_-,-0.0008160891138049,0.0,pncA,2288815,-,0
pncA_2288816_-,-0.0008160891138049,0.0,pncA,2288816,-,0
pncA_2288817_-,-0.0008160891138049,0.0,pncA,2288817,-,1
pncA_indel53_A,0.0154532366603492,0.2,pncA,indel53,A,0
pncA_indel52_G,0.0211223906959386,0.0,pncA,indel52,G,0
pncA_2288849_-,-0.0008160891138049,0.0,pncA,2288849,-,0
pncA_2288848_-,-0.0008160891138049,0.0,pncA,2288848,-,1
pncA_2288847_-,0.0126520206405939,0.0,pncA,2288847,-,1
pncA_2288846_-,-0.0008160891138049,0.0,pncA,2288846,-,0
pncA_2288845_-,-0.0008160891138049,0.0,pncA,2288845,-,0
pncA_2288843_-,-0.0008160891138049,0.0,pncA,2288843,-,0
pncA_2288842_-,-0.0008160891138049,0.0,pncA,2288842,-,1
pncA_2288841_-,-0.0008160891138049,0.0,pncA,2288841,-,1
pncA_2288840_-,-0.0008160891138049,0.0,pncA,2288840,-,0
pncA_2288838_-,-0.0008160891138049,0.0,pncA,2288838,-,0
pncA_2288837_-,-0.0008160891138049,0.0,pncA,2288837,-,0
pncA_2288834_-,-0.0008160891138049,0.0,pncA,2288834,-,0
pncA_2288819_-,-0.0008160891138049,0.0,pncA,2288819,-,1
pncA_2288832_-,-0.0008160891138049,0.0,pncA,2288832,-,0
pncA_2288831_-,-0.0008160891138049,0.0,pncA,2288831,-,0
pncA_2288830_-,-0.0008160891138049,0.0,pncA,2288830,-,1
pncA_2288829_-,-0.0008160891138049,0.0,pncA,2288829,-,0
pncA_2288828_-,-0.0008160891138049,0.0,pncA,2288828,-,0
pncA_2288827_-,-0.0008160891138049,0.0,pncA,2288827,-,1
pncA_2288825_-,-0.0008160891138049,0.0,pncA,2288825,-,0
pncA_indel54_T,0.011981320014727,0.0,pncA,indel54,T,0
pncA_indel55_G,0.0252277959300165,0.0,pncA,indel55,G,0
pncA_2288824_-,-0.0008160891138049,0.0,pncA,2288824,-,1
pncA_2288822_-,-0.0008160891138049,0.0,pncA,2288822,-,0
pncA_2288821_-,-0.0008160891138049,0.0,pncA,2288821,-,1
pncA_2288918_-,-0.0008160891138049,0.0,pncA,2288918,-,0
pncA_2288922_-,-0.0008160891138049,0.0,pncA,2288922,-,0
pncA_2288529_-,-0.0008160891138049,0.0,pncA,2288529,-,0
pncA_2289035_-,-0.0008160891138049,0.0,pncA,2289035,-,0
pncA_2289033_-,-0.0008160891138049,0.0,pncA,2289033,-,0
pncA_2289032_-,-0.0008160891138049,0.0,pncA,2289032,-,0
pncA_2289031_-,-0.0008160891138049,0.0,pncA,2289031,-,1
pncA_2289029_-,-0.0008160891138049,0.0,pncA,2289029,-,0
pncA_2289027_-,-0.0008160891138049,0.0,pncA,2289027,-,1
pncA_2289026_-,-0.0008160891138049,0.0,pncA,2289026,-,0
pncA_2289025_-,-0.0008160891138049,0.0,pncA,2289025,-,0
pncA_2289024_-,-0.0008160891138049,0.0,pncA,2289024,-,1
pncA_2289023_-,-0.0008160891138049,0.0,pncA,2289023,-,0
pncA_2289022_-,-0.0008160891138049,0.0,pncA,2289022,-,1
pncA_2289021_-,-0.0008160891138049,0.0,pncA,2289021,-,0
pncA_indel45_G,0.0121099796711514,0.1,pncA,indel45,G,0
pncA_2289020_-,-0.0008160891138049,0.0,pncA,2289020,-,0
pncA_2289019_-,-0.0008160891138049,0.0,pncA,2289019,-,0
pncA_2289018_-,-0.0008160891138049,0.0,pncA,2289018,-,0
pncA_2289014_-,-0.0008160891138049,0.0,pncA,2289014,-,0
pncA_2289013_-,-0.0008160891138049,0.0,pncA,2289013,-,0
pncA_2289012_-,-0.0008160891138049,0.0,pncA,2289012,-,0
pncA_2289011_-,-0.0008160891138049,0.0,pncA,2289011,-,0
pncA_indel46_G,0.010387763867289,0.1,pncA,indel46,G,0
pncA_2289008_-,-0.0008160891138049,0.0,pncA,2289008,-,1
pncA_2289007_-,-0.0008160891138049,0.0,pncA,2289007,-,0
pncA_2289006_-,-0.0008160891138049,0.0,pncA,2289006,-,0
pncA_2289005_-,-0.0008160891138049,0.0,pncA,2289005,-,0
pncA_2289004_-,-0.0008160891138049,0.0,pncA,2289004,-,0
pncA_2289003_-,-0.0008160891138049,0.0,pncA,2289003,-,0
pncA_2289002_-,-0.0008160891138049,0.0,pncA,2289002,-,0
pncA_2289034_-,-0.0008160891138049,0.0,pncA,2289034,-,0
pncA_2289036_-,-0.0008160891138049,0.0,pncA,2289036,-,1
pncA_2288923_-,0.0121292187035526,0.0,pncA,2288923,-,0
pncA_2289038_-,-0.0008160891138049,0.0,pncA,2289038,-,1
pncA_2289074_-,-0.0008160891138049,0.0,pncA,2289074,-,0
pncA_2289071_-,-0.0008160891138049,0.0,pncA,2289071,-,0
pncA_2289068_-,-0.0008160891138049,0.0,pncA,2289068,-,0
pncA_2289067_-,-0.0008160891138049,0.0,pncA,2289067,-,1
pncA_2289066_-,-0.0008160891138049,0.0,pncA,2289066,-,0
pncA_2289065_-,-0.0008160891138049,0.0,pncA,2289065,-,0
pncA_2289064_-,-0.0008160891138049,0.0,pncA,2289064,-,0
pncA_2289063_-,-0.0008160891138049,0.0,pncA,2289063,-,0
pncA_2289062_-,-0.0008160891138049,0.0,pncA,2289062,-,0
pncA_2289061_-,-0.0008160891138049,0.0,pncA,2289061,-,0
pncA_2289060_-,-0.0008160891138049,0.0,pncA,2289060,-,0
pncA_2289059_-,-0.0008160891138049,0.0,pncA,2289059,-,0
pncA_2289058_-,-0.0008160891138049,0.0,pncA,2289058,-,1
pncA_indel28_A,0.010387763867289,0.5,pncA,indel28,A,0
pncA_2289056_-,-0.0008160891138049,0.0,pncA,2289056,-,1
pncA_2289055_-,-0.0008160891138049,0.0,pncA,2289055,-,0
pncA_2289053_-,-0.0008160891138049,0.0,pncA,2289053,-,0
pncA_2289052_-,-0.0008160891138049,0.0,pncA,2289052,-,1
pncA_2289051_-,-0.0008160891138049,0.0,pncA,2289051,-,0
pncA_indel29_A,0.0125579301643713,0.2,pncA,indel29,A,0
pncA_2289049_-,-0.0008160891138049,0.0,pncA,2289049,-,1
pncA_2289048_-,-0.0008160891138049,0.0,pncA,2289048,-,0
pncA_2289046_-,-0.0008160891138049,0.0,pncA,2289046,-,1
pncA_2289044_-,-0.0008160891138049,0.0,pncA,2289044,-,1
pncA_2289042_-,-0.0008160891138049,0.0,pncA,2289042,-,0
pncA_2289041_-,-0.0008160891138049,0.0,pncA,2289041,-,1
pncA_2289039_-,-0.0008160891138049,0.0,pncA,2289039,-,0
pncA_2288999_-,-0.0008160891138049,0.0,pncA,2288999,-,0
pncA_2288997_-,-0.0008160891138049,0.0,pncA,2288997,-,1
pncA_2288996_-,-0.0008160891138049,0.0,pncA,2288996,-,0
pncA_2288995_-,-0.0008160891138049,0.0,pncA,2288995,-,1
pncA_2288960_-,-0.0008160891138049,0.0,pncA,2288960,-,0
pncA_2288957_-,0.012172600826371,0.0,pncA,2288957,-,0
pncA_2288956_-,-0.0008160891138049,0.0,pncA,2288956,-,1
pncA_indel49_T,0.0112878913761974,0.0,pncA,indel49,T,0
pncA_2288955_-,-0.0008160891138049,0.0,pncA,2288955,-,1
pncA_2288954_-,-0.0008160891138049,0.0,pncA,2288954,-,1
pncA_2288951_-,-0.0008160891138049,0.0,pncA,2288951,-,1
pncA_2288950_-,-0.0008160891138049,0.0,pncA,2288950,-,0
pncA_2288949_-,-0.0008160891138049,0.0,pncA,2288949,-,0
pncA_2288948_-,0.010544455131117,0.0,pncA,2288948,-,1
pncA_2288947_-,0.010544455131117,0.0,pncA,2288947,-,0
pncA_2288946_-,0.010544455131117,0.0,pncA,2288946,-,0
pncA_2288945_-,0.010544455131117,0.0,pncA,2288945,-,1
pncA_2288944_-,0.010544455131117,0.0,pncA,2288944,-,0
pncA_2288942_-,0.010544455131117,0.0,pncA,2288942,-,0
pncA_2288941_-,0.010544455131117,0.0,pncA,2288941,-,0
pncA_2288940_-,0.010544455131117,0.0,pncA,2288940,-,0
pncA_2288939_-,0.0095131538937081,0.0,pncA,2288939,-,0
pncA_2288936_-,-0.0018473903512139,0.6,pncA,2288936,-,1
pncA_2288935_-,-0.0018473903512139,0.6,pncA,2288935,-,1
pncA_2288932_-,-0.0018473903512139,0.6,pncA,2288932,-,1
pncA_2288931_-,-0.0018473903512139,0.6,pncA,2288931,-,1
pncA_2288930_-,-0.0018473903512139,0.6,pncA,2288930,-,1
pncA_2288928_-,-0.0018473903512139,0.6,pncA,2288928,-,1
pncA_2288927_-,-0.0008160891138049,0.0,pncA,2288927,-,1
pncA_2288926_-,-0.0008160891138049,0.0,pncA,2288926,-,0
pncA_2288924_-,-0.0008160891138049,0.0,pncA,2288924,-,1
pncA_2288963_-,-0.0008160891138049,0.0,pncA,2288963,-,0
pncA_2288966_-,-0.0008160891138049,0.0,pncA,2288966,-,0
pncA_2288967_-,-0.0008160891138049,0.0,pncA,2288967,-,0
pncA_2288983_-,-0.0008160891138049,0.0,pncA,2288983,-,0
pncA_2288994_-,-0.0008160891138049,0.0,pncA,2288994,-,0
pncA_2288993_-,-0.0008160891138049,0.0,pncA,2288993,-,0
pncA_2288992_-,-0.0008160891138049,0.0,pncA,2288992,-,1
pncA_2288991_-,-0.0008160891138049,0.0,pncA,2288991,-,0
pncA_2288990_-,-0.0008160891138049,0.0,pncA,2288990,-,0
pncA_2288989_-,-0.0008160891138049,0.0,pncA,2288989,-,1
pncA_2288987_-,-0.0008160891138049,0.0,pncA,2288987,-,0
pncA_2288986_-,-0.0008160891138049,0.0,pncA,2288986,-,0
pncA_indel47_G,0.012457346656143,0.0,pncA,indel47,G,0
pncA_indel48_G,0.012457346656143,0.0,pncA,indel48,G,0
pncA_2288985_-,-0.0008160891138049,0.0,pncA,2288985,-,0
pncA_2288984_-,-0.0008160891138049,0.0,pncA,2288984,-,0
pncA_2288982_-,-0.0008160891138049,0.0,pncA,2288982,-,0
pncA_2288968_-,-0.0008160891138049,0.0,pncA,2288968,-,0
pncA_2288981_-,-0.0008160891138049,0.0,pncA,2288981,-,1
pncA_2288980_-,-0.0008160891138049,0.0,pncA,2288980,-,0
pncA_2288979_-,-0.0008160891138049,0.0,pncA,2288979,-,0
pncA_2288978_-,-0.0008160891138049,0.0,pncA,2288978,-,0
pncA_2288977_-,-0.0008160891138049,0.0,pncA,2288977,-,0
pncA_2288976_-,-0.0008160891138049,0.0,pncA,2288976,-,0
pncA_2288975_-,-0.0008160891138049,0.0,pncA,2288975,-,0
pncA_2288974_-,-0.0008160891138049,0.0,pncA,2288974,-,0
pncA_2288972_-,-0.0008160891138049,0.0,pncA,2288972,-,0
pncA_2288971_-,-0.0008160891138049,0.0,pncA,2288971,-,1
pncA_2288970_-,-0.0008160891138049,0.0,pncA,2288970,-,0
pncA_2288969_-,-0.0008160891138049,0.0,pncA,2288969,-,0
pncA_2288786_-,-0.0008160891138049,0.0,pncA,2288786,-,0
pncA_2288785_-,-0.0008160891138049,0.0,pncA,2288785,-,0
pncA_2288784_-,-0.0008160891138049,0.0,pncA,2288784,-,0
pncA_2288619_-,-0.0008160891138049,0.0,pncA,2288619,-,0
pncA_2288617_-,-0.0008160891138049,0.0,pncA,2288617,-,0
pncA_2288616_-,-0.0008160891138049,0.0,pncA,2288616,-,0
pncA_2288615_-,-0.0008160891138049,0.0,pncA,2288615,-,0
pncA_2288614_-,-0.0008160891138049,0.0,pncA,2288614,-,0
pncA_2288613_-,-0.0008160891138049,0.0,pncA,2288613,-,0
pncA_2288612_-,-0.0008160891138049,0.0,pncA,2288612,-,0
pncA_2288611_-,-0.0008160891138049,0.0,pncA,2288611,-,0
pncA_2288610_-,-0.0008160891138049,0.0,pncA,2288610,-,0
pncA_2288609_-,-0.0008160891138049,0.0,pncA,2288609,-,0
pncA_2288608_-,-0.0008160891138049,0.0,pncA,2288608,-,0
pncA_2288607_-,-0.0008160891138049,0.0,pncA,2288607,-,0
pncA_2288606_-,-0.0008160891138049,0.0,pncA,2288606,-,0
pncA_2288605_-,-0.0008160891138049,0.0,pncA,2288605,-,0
pncA_2288604_-,-0.0008160891138049,0.0,pncA,2288604,-,0
pncA_2288603_-,-0.0008160891138049,0.0,pncA,2288603,-,0
pncA_2288602_-,-0.0008160891138049,0.0,pncA,2288602,-,0
pncA_2288601_-,-0.0008160891138049,0.0,pncA,2288601,-,0
pncA_2288600_-,-0.0008160891138049,0.0,pncA,2288600,-,0
pncA_2288599_-,-0.0008160891138049,0.0,pncA,2288599,-,0
pncA_2288598_-,-0.0008160891138049,0.0,pncA,2288598,-,0
pncA_2288597_-,-0.0008160891138049,0.0,pncA,2288597,-,0
pncA_2288596_-,-0.0008160891138049,0.0,pncA,2288596,-,0
pncA_2288595_-,-0.0008160891138049,0.0,pncA,2288595,-,0
pncA_2288594_-,-0.0008160891138049,0.0,pncA,2288594,-,0
pncA_2288593_-,-0.0008160891138049,0.0,pncA,2288593,-,0
pncA_2288592_-,-0.0008160891138049,0.0,pncA,2288592,-,0
pncA_2288591_-,-0.0008160891138049,0.0,pncA,2288591,-,0
pncA_2288618_-,-0.0008160891138049,0.0,pncA,2288618,-,0
pncA_2288620_-,-0.0008160891138049,0.0,pncA,2288620,-,0
pncA_2288783_-,-0.0008160891138049,0.0,pncA,2288783,-,0
pncA_2288621_-,-0.0008160891138049,0.0,pncA,2288621,-,0
pncA_2288648_-,-0.0008160891138049,0.0,pncA,2288648,-,0
pncA_2288647_-,-0.0008160891138049,0.0,pncA,2288647,-,0
pncA_2288646_-,-0.0008160891138049,0.0,pncA,2288646,-,0
pncA_2288645_-,-0.0008160891138049,0.0,pncA,2288645,-,0
pncA_2288644_-,-0.0008160891138049,0.0,pncA,2288644,-,0
pncA_2288643_-,-0.0008160891138049,0.0,pncA,2288643,-,0
pncA_2288642_-,-0.0008160891138049,0.0,pncA,2288642,-,0
pncA_2288641_-,-0.0008160891138049,0.0,pncA,2288641,-,0
pncA_2288640_-,-0.0008160891138049,0.0,pncA,2288640,-,0
pncA_2288639_-,-0.0008160891138049,0.0,pncA,2288639,-,0
pncA_2288638_-,-0.0008160891138049,0.0,pncA,2288638,-,0
pncA_2288637_-,-0.0008160891138049,0.0,pncA,2288637,-,0
pncA_2288636_-,-0.0008160891138049,0.0,pncA,2288636,-,0
pncA_2288635_-,-0.0008160891138049,0.0,pncA,2288635,-,0
pncA_2288634_-,-0.0008160891138049,0.0,pncA,2288634,-,0
pncA_2288633_-,-0.0008160891138049,0.0,pncA,2288633,-,0
pncA_2288632_-,-0.0008160891138049,0.0,pncA,2288632,-,0
pncA_2288631_-,-0.0008160891138049,0.0,pncA,2288631,-,0
pncA_2288630_-,-0.0008160891138049,0.0,pncA,2288630,-,0
pncA_2288629_-,-0.0008160891138049,0.0,pncA,2288629,-,0
pncA_2288628_-,-0.0008160891138049,0.0,pncA,2288628,-,0
pncA_2288627_-,-0.0008160891138049,0.0,pncA,2288627,-,0
pncA_2288626_-,-0.0008160891138049,0.0,pncA,2288626,-,0
pncA_2288625_-,-0.0008160891138049,0.0,pncA,2288625,-,0
pncA_2288624_-,-0.0008160891138049,0.0,pncA,2288624,-,0
pncA_2288623_-,-0.0008160891138049,0.0,pncA,2288623,-,0
pncA_2288622_-,-0.0008160891138049,0.0,pncA,2288622,-,0
pncA_2288590_-,-0.0008160891138049,0.0,pncA,2288590,-,0
pncA_2288589_-,-0.0008160891138049,0.0,pncA,2288589,-,0
pncA_2288044_-,-0.0008160891138049,0.0,pncA,2288044,-,0
pncA_2288587_-,-0.0008160891138049,0.0,pncA,2288587,-,0
pncA_2288556_-,-0.0008160891138049,0.0,pncA,2288556,-,0
pncA_2288555_-,-0.0008160891138049,0.0,pncA,2288555,-,0
pncA_2288554_-,-0.0008160891138049,0.0,pncA,2288554,-,0
pncA_2288553_-,-0.0008160891138049,0.0,pncA,2288553,-,0
pncA_2288552_-,-0.0008160891138049,0.0,pncA,2288552,-,0
pncA_2288551_-,-0.0008160891138049,0.0,pncA,2288551,-,0
pncA_2288550_-,-0.0008160891138049,0.0,pncA,2288550,-,0
pncA_2288549_-,-0.0008160891138049,0.0,pncA,2288549,-,0
pncA_2288548_-,-0.0008160891138049,0.0,pncA,2288548,-,0
pncA_2288547_-,-0.0008160891138049,0.0,pncA,2288547,-,0
pncA_2288546_-,-0.0008160891138049,0.0,pncA,2288546,-,0
pncA_2288545_-,-0.0008160891138049,0.0,pncA,2288545,-,0
pncA_2288544_-,-0.0008160891138049,0.0,pncA,2288544,-,0
pncA_2288543_-,-0.0008160891138049,0.0,pncA,2288543,-,0
pncA_2288542_-,-0.0008160891138049,0.0,pncA,2288542,-,0
pncA_2288541_-,-0.0008160891138049,0.0,pncA,2288541,-,0
pncA_2288540_-,-0.0008160891138049,0.0,pncA,2288540,-,0
pncA_2288539_-,-0.0008160891138049,0.0,pncA,2288539,-,0
pncA_2288538_-,-0.0008160891138049,0.0,pncA,2288538,-,0
pncA_2288537_-,-0.0008160891138049,0.0,pncA,2288537,-,0
pncA_2288536_-,-0.0008160891138049,0.0,pncA,2288536,-,0
pncA_2288535_-,-0.0008160891138049,0.0,pncA,2288535,-,0
pncA_2288534_-,-0.0008160891138049,0.0,pncA,2288534,-,0
pncA_2288533_-,-0.0008160891138049,0.0,pncA,2288533,-,0
pncA_2288532_-,-0.0008160891138049,0.0,pncA,2288532,-,0
pncA_2288531_-,-0.0008160891138049,0.0,pncA,2288531,-,0
pncA_2288530_-,-0.0008160891138049,0.0,pncA,2288530,-,0
pncA_2288557_-,-0.0008160891138049,0.0,pncA,2288557,-,0
pncA_2288558_-,-0.0008160891138049,0.0,pncA,2288558,-,0
pncA_2288559_-,-0.0008160891138049,0.0,pncA,2288559,-,0
pncA_2288574_-,-0.0008160891138049,0.0,pncA,2288574,-,0
pncA_2288586_-,-0.0008160891138049,0.0,pncA,2288586,-,0
pncA_2288585_-,-0.0008160891138049,0.0,pncA,2288585,-,0
pncA_2288584_-,-0.0008160891138049,0.0,pncA,2288584,-,0
pncA_2288583_-,-0.0008160891138049,0.0,pncA,2288583,-,0
pncA_2288582_-,-0.0008160891138049,0.0,pncA,2288582,-,0
pncA_2288581_-,-0.0008160891138049,0.0,pncA,2288581,-,0
pncA_2288580_-,-0.0008160891138049,0.0,pncA,2288580,-,0
pncA_2288579_-,-0.0008160891138049,0.0,pncA,2288579,-,0
pncA_2288578_-,-0.0008160891138049,0.0,pncA,2288578,-,0
pncA_2288577_-,-0.0008160891138049,0.0,pncA,2288577,-,0
pncA_2288576_-,-0.0008160891138049,0.0,pncA,2288576,-,0
pncA_2288575_-,-0.0008160891138049,0.0,pncA,2288575,-,0
pncA_2288573_-,-0.0008160891138049,0.0,pncA,2288573,-,0
pncA_2288560_-,-0.0008160891138049,0.0,pncA,2288560,-,0
pncA_2288572_-,-0.0008160891138049,0.0,pncA,2288572,-,0
pncA_2288571_-,-0.0008160891138049,0.0,pncA,2288571,-,0
pncA_2288570_-,-0.0008160891138049,0.0,pncA,2288570,-,0
pncA_2288569_-,-0.0008160891138049,0.0,pncA,2288569,-,0
pncA_2288568_-,-0.0008160891138049,0.0,pncA,2288568,-,0
pncA_2288567_-,-0.0008160891138049,0.0,pncA,2288567,-,0
pncA_2288566_-,-0.0008160891138049,0.0,pncA,2288566,-,0
pncA_2288565_-,-0.0008160891138049,0.0,pncA,2288565,-,0
pncA_2288564_-,-0.0008160891138049,0.0,pncA,2288564,-,0
pncA_2288563_-,-0.0008160891138049,0.0,pncA,2288563,-,0
pncA_2288562_-,-0.0008160891138049,0.0,pncA,2288562,-,0
pncA_2288561_-,-0.0008160891138049,0.0,pncA,2288561,-,0
pncA_2288649_-,-0.0008160891138049,0.0,pncA,2288649,-,0
pncA_2288650_-,-0.0008160891138049,0.0,pncA,2288650,-,0
pncA_2288651_-,-0.0008160891138049,0.0,pncA,2288651,-,0
pncA_2288716_-,-0.0008160891138049,0.0,pncA,2288716,-,0
pncA_2288747_-,-0.0008160891138049,0.0,pncA,2288747,-,1
pncA_2288746_-,-0.0008160891138049,0.0,pncA,2288746,-,0
pncA_indel61_G,0.0236573285367276,0.0,pncA,indel61,G,0
pncA_indel62_C,0.0236573285367276,0.0,pncA,indel62,C,0
pncA_indel63_C,0.0236573285367276,0.0,pncA,indel63,C,0
pncA_indel64_G,0.0236573285367276,0.0,pncA,indel64,G,0
pncA_2288745_-,-0.0008160891138049,0.0,pncA,2288745,-,0
pncA_2288744_-,-0.0008160891138049,0.0,pncA,2288744,-,0
pncA_2288743_-,-0.0008160891138049,0.0,pncA,2288743,-,0
pncA_2288741_-,-0.0008160891138049,0.0,pncA,2288741,-,0
pncA_2288739_-,-0.0008160891138049,0.0,pncA,2288739,-,0
pncA_2288738_-,-0.0008160891138049,0.0,pncA,2288738,-,0
pncA_2288737_-,-0.0008160891138049,0.0,pncA,2288737,-,0
pncA_2288736_-,-0.0008160891138049,0.0,pncA,2288736,-,0
pncA_2288735_-,-0.0008160891138049,0.0,pncA,2288735,-,0
pncA_2288734_-,-0.0008160891138049,0.0,pncA,2288734,-,0
pncA_2288733_-,-0.0008160891138049,0.0,pncA,2288733,-,0
pncA_2288732_-,-0.0008160891138049,0.0,pncA,2288732,-,0
pncA_2288729_-,0.0124954485549612,0.1,pncA,2288729,-,0
pncA_2288728_-,0.0124954485549612,0.1,pncA,2288728,-,1
pncA_2288727_-,-0.0008160891138049,0.0,pncA,2288727,-,1
pncA_2288726_-,-0.0008160891138049,0.0,pncA,2288726,-,1
pncA_2288725_-,-0.0008160891138049,0.0,pncA,2288725,-,0
pncA_2288724_-,-0.0008160891138049,0.0,pncA,2288724,-,0
pncA_2288723_-,-0.0008160891138049,0.0,pncA,2288723,-,0
pncA_2288722_-,-0.0008160891138049,0.0,pncA,2288722,-,0
pncA_2288721_-,-0.0008160891138049,0.0,pncA,2288721,-,0
pncA_2288748_-,-0.0008160891138049,0.0,pncA,2288748,-,0
pncA_2288749_-,-0.0008160891138049,0.0,pncA,2288749,-,0
pncA_2288750_-,-0.0008160891138049,0.0,pncA,2288750,-,0
pncA_2288771_-,-0.0008160891138049,0.0,pncA,2288771,-,1
pncA_2288782_-,-0.0008160891138049,0.0,pncA,2288782,-,1
pncA_2288781_-,-0.0008160891138049,0.0,pncA,2288781,-,0
pncA_2288780_-,-0.0008160891138049,0.0,pncA,2288780,-,0
pncA_2288779_-,-0.0008160891138049,0.0,pncA,2288779,-,1
pncA_indel57_G,0.0131763681044979,0.0,pncA,indel57,G,0
pncA_indel58_G,0.0131763681044979,0.0,pncA,indel58,G,0
pncA_2288777_-,-0.0008160891138049,0.0,pncA,2288777,-,1
pncA_2288776_-,-0.0008160891138049,0.0,pncA,2288776,-,1
pncA_2288775_-,-0.0008160891138049,0.0,pncA,2288775,-,1
pncA_2288774_-,-0.0008160891138049,0.0,pncA,2288774,-,0
pncA_2288773_-,-0.0008160891138049,0.0,pncA,2288773,-,0
pncA_2288772_-,-0.0008160891138049,0.0,pncA,2288772,-,0
pncA_2288770_-,-0.0008160891138049,0.0,pncA,2288770,-,0
pncA_2288751_-,-0.0008160891138049,0.0,pncA,2288751,-,1
pncA_2288769_-,-0.0008160891138049,0.0,pncA,2288769,-,0
pncA_2288768_-,-0.0008160891138049,0.0,pncA,2288768,-,0
pncA_2288765_-,-0.0008160891138049,0.0,pncA,2288765,-,0
pncA_2288762_-,-0.0008160891138049,0.0,pncA,2288762,-,0
pncA_2288761_-,-0.0008160891138049,0.0,pncA,2288761,-,1
pncA_2288760_-,-0.0008160891138049,0.0,pncA,2288760,-,0
pncA_2288759_-,-0.0008160891138049,0.0,pncA,2288759,-,0
pncA_2288758_-,-0.0008160891138049,0.0,pncA,2288758,-,0
pncA_2288757_-,-0.0008160891138049,0.0,pncA,2288757,-,1
pncA_2288756_-,-0.0008160891138049,0.0,pncA,2288756,-,0
pncA_2288755_-,-0.0008160891138049,0.0,pncA,2288755,-,1
pncA_2288753_-,-0.0008160891138049,0.0,pncA,2288753,-,0
pncA_2288720_-,-0.0008160891138049,0.0,pncA,2288720,-,0
pncA_2288715_-,-0.0008160891138049,0.0,pncA,2288715,-,0
pncA_2288652_-,-0.0008160891138049,0.0,pncA,2288652,-,0
pncA_2288714_-,-0.0008160891138049,0.0,pncA,2288714,-,0
pncA_2288680_-,-0.0008160891138049,0.0,pncA,2288680,-,0
pncA_2288679_-,-0.0008160891138049,0.0,pncA,2288679,-,0
pncA_2288678_-,-0.0008160891138049,0.0,pncA,2288678,-,0
pncA_2288677_-,-0.0008160891138049,0.0,pncA,2288677,-,0
pncA_2288676_-,-0.0008160891138049,0.0,pncA,2288676,-,0
pncA_2288675_-,-0.0008160891138049,0.0,pncA,2288675,-,0
pncA_2288674_-,-0.0008160891138049,0.0,pncA,2288674,-,0
pncA_2288673_-,-0.0008160891138049,0.0,pncA,2288673,-,0
pncA_2288672_-,-0.0008160891138049,0.0,pncA,2288672,-,0
pncA_2288671_-,-0.0008160891138049,0.0,pncA,2288671,-,0
pncA_2288670_-,-0.0008160891138049,0.0,pncA,2288670,-,0
pncA_2288669_-,-0.0008160891138049,0.0,pncA,2288669,-,0
pncA_2288668_-,-0.0008160891138049,0.0,pncA,2288668,-,0
pncA_2288667_-,-0.0008160891138049,0.0,pncA,2288667,-,0
pncA_2288666_-,-0.0008160891138049,0.0,pncA,2288666,-,0
pncA_2288665_-,-0.0008160891138049,0.0,pncA,2288665,-,0
pncA_2288664_-,-0.0008160891138049,0.0,pncA,2288664,-,0
pncA_2288663_-,-0.0008160891138049,0.0,pncA,2288663,-,0
pncA_2288662_-,-0.0008160891138049,0.0,pncA,2288662,-,0
pncA_2288661_-,-0.0008160891138049,0.0,pncA,2288661,-,0
pncA_2288660_-,-0.0008160891138049,0.0,pncA,2288660,-,0
pncA_2288659_-,-0.0008160891138049,0.0,pncA,2288659,-,0
pncA_2288657_-,-0.0008160891138049,0.0,pncA,2288657,-,0
pncA_2288656_-,-0.0008160891138049,0.0,pncA,2288656,-,0
pncA_2288655_-,-0.0008160891138049,0.0,pncA,2288655,-,0
pncA_2288654_-,-0.0008160891138049,0.0,pncA,2288654,-,0
pncA_2288653_-,-0.0008160891138049,0.0,pncA,2288653,-,0
pncA_2288681_-,-0.0008160891138049,0.0,pncA,2288681,-,0
pncA_2288682_-,-0.0008160891138049,0.0,pncA,2288682,-,0
pncA_2288683_-,-0.0008160891138049,0.0,pncA,2288683,-,0
pncA_2288699_-,-0.0008160891138049,0.0,pncA,2288699,-,0
pncA_2288713_-,-0.0008160891138049,0.0,pncA,2288713,-,1
pncA_2288712_-,-0.0008160891138049,0.0,pncA,2288712,-,0
pncA_2288711_-,-0.0008160891138049,0.0,pncA,2288711,-,0
pncA_2288710_-,-0.0008160891138049,0.0,pncA,2288710,-,0
pncA_2288709_-,-0.0008160891138049,0.0,pncA,2288709,-,1
pncA_2288708_-,-0.0008160891138049,0.0,pncA,2288708,-,0
pncA_2288707_-,-0.0008160891138049,0.0,pncA,2288707,-,0
pncA_2288706_-,-0.0008160891138049,0.0,pncA,2288706,-,0
pncA_2288705_-,-0.0008160891138049,0.0,pncA,2288705,-,0
pncA_2288702_-,-0.0008160891138049,0.0,pncA,2288702,-,0
pncA_2288701_-,-0.0008160891138049,0.0,pncA,2288701,-,1
pncA_2288700_-,-0.0008160891138049,0.0,pncA,2288700,-,0
pncA_2288698_-,-0.0008160891138049,0.0,pncA,2288698,-,0
pncA_2288684_-,-0.0008160891138049,0.0,pncA,2288684,-,0
pncA_2288697_-,-0.0008160891138049,0.0,pncA,2288697,-,1
pncA_2288695_-,-0.0008160891138049,0.0,pncA,2288695,-,0
pncA_2288694_-,-0.0008160891138049,0.0,pncA,2288694,-,0
pncA_2288693_-,-0.0008160891138049,0.0,pncA,2288693,-,0
pncA_2288692_-,-0.0008160891138049,0.0,pncA,2288692,-,0
pncA_2288691_-,-0.0008160891138049,0.0,pncA,2288691,-,0
pncA_2288690_-,-0.0008160891138049,0.0,pncA,2288690,-,0
pncA_2288689_-,-0.0008160891138049,0.0,pncA,2288689,-,0
pncA_2288688_-,-0.0008160891138049,0.0,pncA,2288688,-,0
pncA_2288687_-,-0.0008160891138049,0.0,pncA,2288687,-,0
pncA_2288686_-,-0.0008160891138049,0.0,pncA,2288686,-,0
pncA_2288685_-,-0.0008160891138049,0.0,pncA,2288685,-,0
pncA_2288045_-,-0.0008160891138049,0.0,pncA,2288045,-,0
pncA_2288036_-,-0.0008160891138049,0.0,pncA,2288036,-,0
pncA_2288043_-,-0.0008160891138049,0.0,pncA,2288043,-,0
pncA_2287314_-,-0.0004479566610915,0.1,pncA,2287314,-,0
pncA_2287308_-,-0.0004479566610915,0.1,pncA,2287308,-,0
pncA_2287309_-,-0.0004479566610915,0.1,pncA,2287309,-,0
pncA_2287310_-,-0.0004479566610915,0.1,pncA,2287310,-,0
pncA_2287311_-,-0.0004479566610915,0.1,pncA,2287311,-,0
pncA_2287312_-,-0.0004479566610915,0.1,pncA,2287312,-,0
pncA_2287313_-,-0.0004479566610915,0.1,pncA,2287313,-,0
pncA_2287315_-,-0.0004479566610915,0.1,pncA,2287315,-,0
pncA_2287220_-,0.000250929495007,0.1,pncA,2287220,-,0
pncA_2287316_-,-0.0004479566610915,0.1,pncA,2287316,-,0
pncA_2287317_-,-0.0004479566610915,0.1,pncA,2287317,-,0
pncA_2287318_-,-0.0004479566610915,0.1,pncA,2287318,-,0
pncA_2287319_-,-0.0004479566610915,0.1,pncA,2287319,-,0
pncA_2287320_-,-0.0004479566610915,0.1,pncA,2287320,-,0
pncA_2287321_-,-0.0004479566610915,0.1,pncA,2287321,-,0
pncA_2287307_-,-0.0004479566610915,0.1,pncA,2287307,-,0
pncA_2287306_-,-0.0004479566610915,0.1,pncA,2287306,-,0
pncA_2287305_-,-0.0004479566610915,0.1,pncA,2287305,-,0
pncA_2287304_-,-0.0004479566610915,0.1,pncA,2287304,-,0
pncA_2287303_-,-0.0004479566610915,0.1,pncA,2287303,-,0
pncA_2287302_-,-0.0004479566610915,0.1,pncA,2287302,-,0
pncA_2287301_-,-0.0004479566610915,0.1,pncA,2287301,-,0
pncA_2287300_-,-0.0004479566610915,0.1,pncA,2287300,-,0
pncA_2287299_-,-0.0004479566610915,0.1,pncA,2287299,-,0
pncA_2287298_-,-0.0004479566610915,0.1,pncA,2287298,-,0
pncA_2287297_-,-0.0004479566610915,0.1,pncA,2287297,-,0
pncA_2287296_-,-0.0004479566610915,0.1,pncA,2287296,-,0
pncA_2287295_-,-0.0004479566610915,0.1,pncA,2287295,-,0
pncA_2287294_-,-0.0004479566610915,0.1,pncA,2287294,-,0
pncA_2287293_-,-0.0004479566610915,0.1,pncA,2287293,-,0
pncA_2287292_-,-0.0004479566610915,0.1,pncA,2287292,-,0
pncA_2287291_-,-0.0004479566610915,0.1,pncA,2287291,-,0
pncA_2287322_-,-0.0004479566610915,0.1,pncA,2287322,-,0
pncA_2287323_-,-0.0004479566610915,0.1,pncA,2287323,-,0
pncA_2287324_-,-0.0004479566610915,0.1,pncA,2287324,-,0
pncA_2287341_-,-0.0004479566610915,0.1,pncA,2287341,-,0
pncA_2287356_-,-0.0004479566610915,0.1,pncA,2287356,-,0
pncA_2287355_-,-0.0004479566610915,0.1,pncA,2287355,-,0
pncA_2287354_-,-0.0004479566610915,0.1,pncA,2287354,-,0
pncA_2287353_-,-0.0004479566610915,0.1,pncA,2287353,-,0
pncA_2287352_-,-0.0004479566610915,0.1,pncA,2287352,-,0
pncA_2287351_-,-0.0004479566610915,0.1,pncA,2287351,-,0
pncA_2287350_-,-0.0004479566610915,0.1,pncA,2287350,-,0
pncA_2287349_-,-0.0004479566610915,0.1,pncA,2287349,-,0
pncA_2287348_-,-0.0004479566610915,0.1,pncA,2287348,-,0
pncA_2287346_-,-0.0004479566610915,0.1,pncA,2287346,-,0
pncA_2287345_-,-0.0004479566610915,0.1,pncA,2287345,-,0
pncA_2287344_-,-0.0004479566610915,0.1,pncA,2287344,-,0
pncA_2287343_-,-0.0004479566610915,0.1,pncA,2287343,-,0
pncA_2287342_-,-0.0004479566610915,0.1,pncA,2287342,-,0
pncA_2287340_-,-0.0004479566610915,0.1,pncA,2287340,-,0
pncA_2287325_-,-0.0004479566610915,0.1,pncA,2287325,-,0
pncA_2287339_-,-0.0004479566610915,0.1,pncA,2287339,-,0
pncA_2287338_-,-0.0004479566610915,0.1,pncA,2287338,-,0
pncA_2287337_-,-0.0004479566610915,0.1,pncA,2287337,-,0
pncA_2287336_-,-0.0004479566610915,0.1,pncA,2287336,-,0
pncA_2287335_-,-0.0004479566610915,0.1,pncA,2287335,-,0
pncA_2287334_-,-0.0004479566610915,0.1,pncA,2287334,-,0
pncA_2287333_-,-0.0004479566610915,0.1,pncA,2287333,-,0
pncA_2287332_-,-0.0004479566610915,0.1,pncA,2287332,-,0
pncA_2287331_-,-0.0004479566610915,0.1,pncA,2287331,-,0
pncA_2287330_-,-0.0004479566610915,0.1,pncA,2287330,-,0
pncA_2287329_-,-0.0004479566610915,0.1,pncA,2287329,-,0
pncA_2287328_-,-0.0004479566610915,0.1,pncA,2287328,-,0
pncA_2287327_-,-0.0004479566610915,0.1,pncA,2287327,-,0
pncA_2287326_-,-0.0004479566610915,0.1,pncA,2287326,-,0
pncA_2287290_-,-0.0004479566610915,0.1,pncA,2287290,-,0
pncA_2287289_-,-0.0004479566610915,0.1,pncA,2287289,-,0
pncA_2287288_-,-0.0004479566610915,0.1,pncA,2287288,-,0
pncA_2287237_-,0.000250929495007,0.1,pncA,2287237,-,0
pncA_2287251_-,0.000250929495007,0.1,pncA,2287251,-,0
pncA_2287250_-,0.000250929495007,0.1,pncA,2287250,-,0
pncA_2287249_-,0.000250929495007,0.1,pncA,2287249,-,0
pncA_2287248_-,0.000250929495007,0.1,pncA,2287248,-,0
pncA_2287247_-,0.000250929495007,0.1,pncA,2287247,-,0
pncA_2287246_-,0.000250929495007,0.1,pncA,2287246,-,0
pncA_2287245_-,0.000250929495007,0.1,pncA,2287245,-,0
pncA_2287244_-,0.000250929495007,0.1,pncA,2287244,-,0
pncA_2287243_-,0.000250929495007,0.1,pncA,2287243,-,0
pncA_2287242_-,0.000250929495007,0.1,pncA,2287242,-,0
pncA_2287241_-,0.000250929495007,0.1,pncA,2287241,-,0
pncA_2287240_-,0.000250929495007,0.1,pncA,2287240,-,0
pncA_2287239_-,0.000250929495007,0.1,pncA,2287239,-,0
pncA_2287238_-,0.000250929495007,0.1,pncA,2287238,-,0
pncA_2287236_-,0.000250929495007,0.1,pncA,2287236,-,0
pncA_2287253_-,-0.0004479566610915,0.1,pncA,2287253,-,0
pncA_2287235_-,0.000250929495007,0.1,pncA,2287235,-,0
pncA_2287234_-,0.000250929495007,0.1,pncA,2287234,-,0
pncA_2287233_-,0.000250929495007,0.1,pncA,2287233,-,0
pncA_2287232_-,0.000250929495007,0.1,pncA,2287232,-,0
pncA_2287231_-,0.000250929495007,0.1,pncA,2287231,-,0
pncA_2287230_-,0.000250929495007,0.1,pncA,2287230,-,0
pncA_2287229_-,0.000250929495007,0.1,pncA,2287229,-,0
pncA_2287228_-,0.000250929495007,0.1,pncA,2287228,-,0
pncA_2287227_-,0.000250929495007,0.1,pncA,2287227,-,0
pncA_2287226_-,0.000250929495007,0.1,pncA,2287226,-,0
pncA_2287225_-,0.000250929495007,0.1,pncA,2287225,-,0
pncA_2287224_-,0.000250929495007,0.1,pncA,2287224,-,0
pncA_2287223_-,0.000250929495007,0.1,pncA,2287223,-,0
pncA_2287222_-,0.000250929495007,0.1,pncA,2287222,-,0
pncA_2287252_-,-0.0004479566610915,0.1,pncA,2287252,-,0
pncA_2287254_-,-0.0004479566610915,0.1,pncA,2287254,-,0
pncA_2287287_-,-0.0004479566610915,0.1,pncA,2287287,-,0
pncA_2287272_-,-0.0004479566610915,0.1,pncA,2287272,-,0
pncA_2287286_-,-0.0004479566610915,0.1,pncA,2287286,-,0
pncA_2287285_-,-0.0004479566610915,0.1,pncA,2287285,-,0
pncA_2287284_-,-0.0004479566610915,0.1,pncA,2287284,-,0
pncA_2287283_-,-0.0004479566610915,0.1,pncA,2287283,-,0
pncA_2287282_-,-0.0004479566610915,0.1,pncA,2287282,-,0
pncA_2287281_-,-0.0004479566610915,0.1,pncA,2287281,-,0
pncA_2287280_-,-0.0004479566610915,0.1,pncA,2287280,-,0
pncA_2287279_-,-0.0004479566610915,0.1,pncA,2287279,-,0
pncA_2287278_-,-0.0004479566610915,0.1,pncA,2287278,-,0
pncA_2287277_-,-0.0004479566610915,0.1,pncA,2287277,-,0
pncA_2287276_-,-0.0004479566610915,0.1,pncA,2287276,-,0
pncA_2287275_-,-0.0004479566610915,0.1,pncA,2287275,-,0
pncA_2287274_-,-0.0004479566610915,0.1,pncA,2287274,-,0
pncA_2287273_-,-0.0004479566610915,0.1,pncA,2287273,-,0
pncA_2287271_-,-0.0004479566610915,0.1,pncA,2287271,-,0
pncA_2287255_-,-0.0004479566610915,0.1,pncA,2287255,-,0
pncA_2287270_-,-0.0004479566610915,0.1,pncA,2287270,-,0
pncA_2287269_-,-0.0004479566610915,0.1,pncA,2287269,-,0
pncA_2287268_-,-0.0004479566610915,0.1,pncA,2287268,-,0
pncA_2287267_-,-0.0004479566610915,0.1,pncA,2287267,-,0
pncA_2287266_-,-0.0004479566610915,0.1,pncA,2287266,-,0
pncA_2287265_-,-0.0004479566610915,0.1,pncA,2287265,-,0
pncA_2287264_-,-0.0004479566610915,0.1,pncA,2287264,-,0
pncA_2287263_-,-0.0004479566610915,0.1,pncA,2287263,-,0
pncA_2287262_-,-0.0004479566610915,0.1,pncA,2287262,-,0
pncA_2287261_-,-0.0004479566610915,0.1,pncA,2287261,-,0
pncA_2287259_-,-0.0004479566610915,0.1,pncA,2287259,-,0
pncA_2287258_-,-0.0004479566610915,0.1,pncA,2287258,-,0
pncA_2287257_-,-0.0004479566610915,0.1,pncA,2287257,-,0
pncA_2287256_-,-0.0004479566610915,0.1,pncA,2287256,-,0
pncA_2287357_-,-0.0004479566610915,0.1,pncA,2287357,-,0
pncA_2287358_-,-0.0004479566610915,0.1,pncA,2287358,-,0
pncA_2287359_-,-0.0004479566610915,0.1,pncA,2287359,-,0
pncA_2287444_-,-0.0004479566610915,0.1,pncA,2287444,-,0
pncA_2287458_-,-0.0004479566610915,0.1,pncA,2287458,-,0
pncA_2287457_-,-0.0004479566610915,0.1,pncA,2287457,-,0
pncA_2287456_-,-0.0004479566610915,0.1,pncA,2287456,-,0
pncA_2287455_-,-0.0004479566610915,0.1,pncA,2287455,-,0
pncA_2287454_-,-0.0004479566610915,0.1,pncA,2287454,-,0
pncA_2287453_-,-0.0004479566610915,0.1,pncA,2287453,-,0
pncA_2287452_-,-0.0004479566610915,0.1,pncA,2287452,-,0
pncA_2287451_-,-0.0004479566610915,0.1,pncA,2287451,-,0
pncA_2287450_-,-0.0004479566610915,0.1,pncA,2287450,-,0
pncA_2287449_-,-0.0004479566610915,0.1,pncA,2287449,-,0
pncA_2287448_-,-0.0004479566610915,0.1,pncA,2287448,-,0
pncA_2287447_-,-0.0004479566610915,0.1,pncA,2287447,-,0
pncA_2287446_-,-0.0004479566610915,0.1,pncA,2287446,-,0
pncA_2287445_-,-0.0004479566610915,0.1,pncA,2287445,-,0
pncA_2287443_-,-0.0004479566610915,0.1,pncA,2287443,-,0
pncA_2287460_-,-0.0004479566610915,0.1,pncA,2287460,-,0
pncA_2287442_-,-0.0004479566610915,0.1,pncA,2287442,-,0
pncA_2287441_-,-0.0004479566610915,0.1,pncA,2287441,-,0
pncA_2287440_-,-0.0004479566610915,0.1,pncA,2287440,-,0
pncA_2287439_-,-0.0004479566610915,0.1,pncA,2287439,-,0
pncA_2287438_-,-0.0004479566610915,0.1,pncA,2287438,-,0
pncA_2287437_-,-0.0004479566610915,0.1,pncA,2287437,-,0
pncA_2287436_-,-0.0004479566610915,0.1,pncA,2287436,-,0
pncA_2287435_-,-0.0004479566610915,0.1,pncA,2287435,-,0
pncA_2287434_-,-0.0004479566610915,0.1,pncA,2287434,-,0
pncA_2287433_-,-0.0004479566610915,0.1,pncA,2287433,-,0
pncA_2287432_-,-0.0004479566610915,0.1,pncA,2287432,-,0
pncA_2287431_-,-0.0004479566610915,0.1,pncA,2287431,-,0
pncA_2287430_-,-0.0004479566610915,0.1,pncA,2287430,-,0
pncA_2287429_-,-0.0004479566610915,0.1,pncA,2287429,-,0
pncA_2287459_-,-0.0004479566610915,0.1,pncA,2287459,-,0
pncA_2287461_-,-0.0004479566610915,0.1,pncA,2287461,-,0
pncA_2287427_-,-0.0004479566610915,0.1,pncA,2287427,-,0
pncA_2287478_-,-0.0004479566610915,0.1,pncA,2287478,-,0
pncA_2287492_-,-0.0004479566610915,0.1,pncA,2287492,-,0
pncA_2287491_-,-0.0004479566610915,0.1,pncA,2287491,-,0
pncA_2287490_-,-0.0004479566610915,0.1,pncA,2287490,-,0
pncA_2287489_-,-0.0004479566610915,0.1,pncA,2287489,-,0
pncA_2287488_-,-0.0004479566610915,0.1,pncA,2287488,-,0
pncA_2287487_-,-0.0004479566610915,0.1,pncA,2287487,-,0
pncA_2287486_-,-0.0004479566610915,0.1,pncA,2287486,-,0
pncA_2287485_-,-0.0004479566610915,0.1,pncA,2287485,-,0
pncA_2287484_-,-0.0004479566610915,0.1,pncA,2287484,-,0
pncA_2287483_-,-0.0004479566610915,0.1,pncA,2287483,-,0
pncA_2287482_-,-0.0004479566610915,0.1,pncA,2287482,-,0
pncA_2287481_-,-0.0004479566610915,0.1,pncA,2287481,-,0
pncA_2287480_-,-0.0004479566610915,0.1,pncA,2287480,-,0
pncA_2287479_-,-0.0004479566610915,0.1,pncA,2287479,-,0
pncA_2287477_-,-0.0004479566610915,0.1,pncA,2287477,-,0
pncA_2287462_-,-0.0004479566610915,0.1,pncA,2287462,-,0
pncA_2287476_-,-0.0004479566610915,0.1,pncA,2287476,-,0
pncA_2287475_-,-0.0004479566610915,0.1,pncA,2287475,-,0
pncA_2287474_-,-0.0004479566610915,0.1,pncA,2287474,-,0
pncA_2287473_-,-0.0004479566610915,0.1,pncA,2287473,-,0
pncA_2287472_-,-0.0004479566610915,0.1,pncA,2287472,-,0
pncA_2287471_-,-0.0004479566610915,0.1,pncA,2287471,-,0
pncA_2287470_-,-0.0004479566610915,0.1,pncA,2287470,-,0
pncA_2287469_-,-0.0004479566610915,0.1,pncA,2287469,-,0
pncA_2287468_-,-0.0004479566610915,0.1,pncA,2287468,-,0
pncA_2287467_-,-0.0004479566610915,0.1,pncA,2287467,-,0
pncA_2287466_-,-0.0004479566610915,0.1,pncA,2287466,-,0
pncA_2287465_-,-0.0004479566610915,0.1,pncA,2287465,-,0
pncA_2287464_-,-0.0004479566610915,0.1,pncA,2287464,-,0
pncA_2287463_-,-0.0004479566610915,0.1,pncA,2287463,-,0
pncA_2287428_-,-0.0004479566610915,0.1,pncA,2287428,-,0
pncA_2287426_-,-0.0004479566610915,0.1,pncA,2287426,-,0
pncA_2287360_-,-0.0004479566610915,0.1,pncA,2287360,-,0
pncA_2287376_-,-0.0004479566610915,0.1,pncA,2287376,-,0
pncA_2287390_-,-0.0004479566610915,0.1,pncA,2287390,-,0
pncA_2287389_-,-0.0004479566610915,0.1,pncA,2287389,-,0
pncA_2287388_-,-0.0004479566610915,0.1,pncA,2287388,-,0
pncA_2287387_-,-0.0004479566610915,0.1,pncA,2287387,-,0
pncA_2287386_-,-0.0004479566610915,0.1,pncA,2287386,-,0
pncA_2287385_-,-0.0004479566610915,0.1,pncA,2287385,-,0
pncA_2287384_-,-0.0004479566610915,0.1,pncA,2287384,-,0
pncA_2287383_-,-0.0004479566610915,0.1,pncA,2287383,-,0
pncA_2287382_-,-0.0004479566610915,0.1,pncA,2287382,-,0
pncA_2287381_-,-0.0004479566610915,0.1,pncA,2287381,-,0
pncA_2287380_-,-0.0004479566610915,0.1,pncA,2287380,-,0
pncA_2287379_-,-0.0004479566610915,0.1,pncA,2287379,-,0
pncA_2287378_-,-0.0004479566610915,0.1,pncA,2287378,-,0
pncA_2287377_-,-0.0004479566610915,0.1,pncA,2287377,-,0
pncA_2287375_-,-0.0004479566610915,0.1,pncA,2287375,-,0
pncA_2287392_-,-0.0004479566610915,0.1,pncA,2287392,-,0
pncA_2287374_-,-0.0004479566610915,0.1,pncA,2287374,-,0
pncA_2287373_-,-0.0004479566610915,0.1,pncA,2287373,-,0
pncA_2287372_-,-0.0004479566610915,0.1,pncA,2287372,-,0
pncA_2287371_-,-0.0004479566610915,0.1,pncA,2287371,-,0
pncA_2287370_-,-0.0004479566610915,0.1,pncA,2287370,-,0
pncA_2287369_-,-0.0004479566610915,0.1,pncA,2287369,-,0
pncA_2287368_-,-0.0004479566610915,0.1,pncA,2287368,-,0
pncA_2287367_-,-0.0004479566610915,0.1,pncA,2287367,-,0
pncA_2287366_-,-0.0004479566610915,0.1,pncA,2287366,-,0
pncA_2287365_-,-0.0004479566610915,0.1,pncA,2287365,-,0
pncA_2287364_-,-0.0004479566610915,0.1,pncA,2287364,-,0
pncA_2287363_-,-0.0004479566610915,0.1,pncA,2287363,-,0
pncA_2287362_-,-0.0004479566610915,0.1,pncA,2287362,-,0
pncA_2287361_-,-0.0004479566610915,0.1,pncA,2287361,-,0
pncA_2287391_-,-0.0004479566610915,0.1,pncA,2287391,-,0
pncA_2287393_-,-0.0004479566610915,0.1,pncA,2287393,-,0
pncA_2287425_-,-0.0004479566610915,0.1,pncA,2287425,-,0
pncA_2287410_-,-0.0004479566610915,0.1,pncA,2287410,-,0
pncA_2287424_-,-0.0004479566610915,0.1,pncA,2287424,-,0
pncA_2287423_-,-0.0004479566610915,0.1,pncA,2287423,-,0
pncA_2287422_-,-0.0004479566610915,0.1,pncA,2287422,-,0
pncA_2287421_-,-0.0004479566610915,0.1,pncA,2287421,-,0
pncA_2287420_-,-0.0004479566610915,0.1,pncA,2287420,-,0
pncA_2287419_-,-0.0004479566610915,0.1,pncA,2287419,-,0
pncA_2287418_-,-0.0004479566610915,0.1,pncA,2287418,-,0
pncA_2287417_-,-0.0004479566610915,0.1,pncA,2287417,-,0
pncA_2287416_-,-0.0004479566610915,0.1,pncA,2287416,-,0
pncA_2287415_-,-0.0004479566610915,0.1,pncA,2287415,-,0
pncA_2287414_-,-0.0004479566610915,0.1,pncA,2287414,-,0
pncA_2287413_-,-0.0004479566610915,0.1,pncA,2287413,-,0
pncA_2287412_-,-0.0004479566610915,0.1,pncA,2287412,-,0
pncA_2287411_-,-0.0004479566610915,0.1,pncA,2287411,-,0
pncA_2287409_-,-0.0004479566610915,0.1,pncA,2287409,-,0
pncA_2287394_-,-0.0004479566610915,0.1,pncA,2287394,-,0
pncA_2287408_-,-0.0004479566610915,0.1,pncA,2287408,-,0
pncA_2287407_-,-0.0004479566610915,0.1,pncA,2287407,-,0
pncA_2287406_-,-0.0004479566610915,0.1,pncA,2287406,-,0
pncA_2287405_-,-0.0004479566610915,0.1,pncA,2287405,-,0
pncA_2287404_-,-0.0004479566610915,0.1,pncA,2287404,-,0
pncA_2287403_-,-0.0004479566610915,0.1,pncA,2287403,-,0
pncA_2287402_-,-0.0004479566610915,0.1,pncA,2287402,-,0
pncA_2287401_-,-0.0004479566610915,0.1,pncA,2287401,-,0
pncA_2287400_-,-0.0004479566610915,0.1,pncA,2287400,-,0
pncA_2287399_-,-0.0004479566610915,0.1,pncA,2287399,-,0
pncA_2287398_-,-0.0004479566610915,0.1,pncA,2287398,-,0
pncA_2287397_-,-0.0004479566610915,0.1,pncA,2287397,-,0
pncA_2287396_-,-0.0004479566610915,0.1,pncA,2287396,-,0
pncA_2287395_-,-0.0004479566610915,0.1,pncA,2287395,-,0
pncA_2287221_-,0.000250929495007,0.1,pncA,2287221,-,0
pncA_2287219_-,0.000250929495007,0.1,pncA,2287219,-,0
pncA_2287494_-,-0.0004479566610915,0.1,pncA,2287494,-,0
pncA_2287037_-,0.000250929495007,0.1,pncA,2287037,-,0
pncA_2287031_-,0.000250929495007,0.1,pncA,2287031,-,0
pncA_2287032_-,0.000250929495007,0.1,pncA,2287032,-,0
pncA_2287033_-,0.000250929495007,0.1,pncA,2287033,-,0
pncA_2287034_-,0.000250929495007,0.1,pncA,2287034,-,0
pncA_2287035_-,0.000250929495007,0.1,pncA,2287035,-,0
pncA_2287036_-,0.000250929495007,0.1,pncA,2287036,-,0
pncA_2287038_-,0.000250929495007,0.1,pncA,2287038,-,0
pncA_2287218_-,0.000250929495007,0.1,pncA,2287218,-,0
pncA_2287039_-,0.000250929495007,0.1,pncA,2287039,-,0
pncA_2287040_-,0.000250929495007,0.1,pncA,2287040,-,0
pncA_2287041_-,0.000250929495007,0.1,pncA,2287041,-,0
pncA_2287042_-,0.000250929495007,0.1,pncA,2287042,-,0
pncA_2287043_-,0.000250929495007,0.1,pncA,2287043,-,0
pncA_2287044_-,0.000250929495007,0.1,pncA,2287044,-,0
pncA_2287030_-,0.000250929495007,0.1,pncA,2287030,-,0
pncA_2287029_-,0.000250929495007,0.1,pncA,2287029,-,0
pncA_2287028_-,0.000250929495007,0.1,pncA,2287028,-,0
pncA_2287027_-,0.000250929495007,0.1,pncA,2287027,-,0
pncA_2287026_-,0.000250929495007,0.1,pncA,2287026,-,0
pncA_2287025_-,0.000250929495007,0.1,pncA,2287025,-,0
pncA_2287024_-,0.000250929495007,0.1,pncA,2287024,-,0
pncA_2287023_-,0.000250929495007,0.1,pncA,2287023,-,0
pncA_2287022_-,0.000250929495007,0.1,pncA,2287022,-,0
pncA_2287021_-,0.000250929495007,0.1,pncA,2287021,-,0
pncA_2287020_-,0.000250929495007,0.1,pncA,2287020,-,0
pncA_2287019_-,0.000250929495007,0.1,pncA,2287019,-,0
pncA_2287018_-,0.000250929495007,0.1,pncA,2287018,-,0
pncA_2287017_-,0.000250929495007,0.1,pncA,2287017,-,0
pncA_2287016_-,0.000250929495007,0.1,pncA,2287016,-,0
pncA_2287015_-,0.000250929495007,0.1,pncA,2287015,-,0
pncA_2287014_-,0.000250929495007,0.1,pncA,2287014,-,0
pncA_2287045_-,0.000250929495007,0.1,pncA,2287045,-,0
pncA_2287046_-,0.000250929495007,0.1,pncA,2287046,-,0
pncA_2287047_-,0.000250929495007,0.1,pncA,2287047,-,0
pncA_2287064_-,0.000250929495007,0.1,pncA,2287064,-,0
pncA_2287078_-,0.000250929495007,0.1,pncA,2287078,-,0
pncA_2287077_-,0.000250929495007,0.1,pncA,2287077,-,0
pncA_2287076_-,0.000250929495007,0.1,pncA,2287076,-,0
pncA_2287075_-,0.000250929495007,0.1,pncA,2287075,-,0
pncA_2287074_-,0.000250929495007,0.1,pncA,2287074,-,0
pncA_2287073_-,0.000250929495007,0.1,pncA,2287073,-,0
pncA_2287072_-,0.000250929495007,0.1,pncA,2287072,-,0
pncA_2287071_-,0.000250929495007,0.1,pncA,2287071,-,0
pncA_2287070_-,0.000250929495007,0.1,pncA,2287070,-,0
pncA_2287069_-,0.000250929495007,0.1,pncA,2287069,-,0
pncA_2287068_-,0.000250929495007,0.1,pncA,2287068,-,0
pncA_2287067_-,0.000250929495007,0.1,pncA,2287067,-,0
pncA_2287066_-,0.000250929495007,0.1,pncA,2287066,-,0
pncA_2287065_-,0.000250929495007,0.1,pncA,2287065,-,0
pncA_2287063_-,0.000250929495007,0.1,pncA,2287063,-,0
pncA_2287048_-,0.000250929495007,0.1,pncA,2287048,-,0
pncA_2287062_-,0.000250929495007,0.1,pncA,2287062,-,0
pncA_2287061_-,0.000250929495007,0.1,pncA,2287061,-,0
pncA_2287060_-,0.000250929495007,0.1,pncA,2287060,-,0
pncA_2287059_-,0.000250929495007,0.1,pncA,2287059,-,0
pncA_2287058_-,0.000250929495007,0.1,pncA,2287058,-,0
pncA_2287057_-,0.000250929495007,0.1,pncA,2287057,-,0
pncA_2287056_-,0.000250929495007,0.1,pncA,2287056,-,0
pncA_2287055_-,0.000250929495007,0.1,pncA,2287055,-,0
pncA_2287054_-,0.000250929495007,0.1,pncA,2287054,-,0
pncA_2287053_-,0.000250929495007,0.1,pncA,2287053,-,0
pncA_2287052_-,0.000250929495007,0.1,pncA,2287052,-,0
pncA_2287051_-,0.000250929495007,0.1,pncA,2287051,-,0
pncA_2287050_-,0.000250929495007,0.1,pncA,2287050,-,0
pncA_2287049_-,0.000250929495007,0.1,pncA,2287049,-,0
pncA_2287013_-,0.000250929495007,0.1,pncA,2287013,-,0
pncA_2287012_-,0.000250929495007,0.1,pncA,2287012,-,0
pncA_2287011_-,0.000250929495007,0.1,pncA,2287011,-,0
pncA_2286961_-,0.000250929495007,0.1,pncA,2286961,-,0
pncA_2286975_-,0.000250929495007,0.1,pncA,2286975,-,0
pncA_2286974_-,0.000250929495007,0.1,pncA,2286974,-,0
pncA_2286973_-,0.000250929495007,0.1,pncA,2286973,-,0
pncA_2286972_-,0.000250929495007,0.1,pncA,2286972,-,0
pncA_2286971_-,0.000250929495007,0.1,pncA,2286971,-,0
pncA_2286970_-,0.000250929495007,0.1,pncA,2286970,-,0
pncA_2286969_-,0.000250929495007,0.1,pncA,2286969,-,0
pncA_2286968_-,0.0001203397429053,0.7,pncA,2286968,-,0
pncA_2286967_-,0.000250929495007,0.1,pncA,2286967,-,0
pncA_2286966_-,0.000250929495007,0.1,pncA,2286966,-,0
pncA_2286965_-,0.000250929495007,0.1,pncA,2286965,-,0
pncA_2286964_-,0.000250929495007,0.1,pncA,2286964,-,0
pncA_2286963_-,0.000250929495007,0.1,pncA,2286963,-,0
pncA_2286962_-,0.000250929495007,0.1,pncA,2286962,-,0
pncA_2286960_-,0.000250929495007,0.1,pncA,2286960,-,0
pncA_2286977_-,0.000250929495007,0.1,pncA,2286977,-,0
pncA_2286959_-,0.000250929495007,0.1,pncA,2286959,-,0
pncA_2286958_-,0.000250929495007,0.1,pncA,2286958,-,0
pncA_2286957_-,0.000250929495007,0.1,pncA,2286957,-,0
pncA_2286956_-,0.000250929495007,0.1,pncA,2286956,-,0
pncA_2286955_-,0.000250929495007,0.1,pncA,2286955,-,0
pncA_2286954_-,0.000250929495007,0.1,pncA,2286954,-,0
pncA_2286953_-,0.000250929495007,0.1,pncA,2286953,-,0
pncA_2286952_-,0.000250929495007,0.1,pncA,2286952,-,0
pncA_2286951_-,0.000250929495007,0.1,pncA,2286951,-,0
pncA_2286950_-,0.000250929495007,0.1,pncA,2286950,-,0
pncA_2286949_-,0.000250929495007,0.1,pncA,2286949,-,0
pncA_2286948_-,0.000250929495007,0.1,pncA,2286948,-,0
pncA_2286947_-,0.000250929495007,0.1,pncA,2286947,-,0
pncA_2286739_T,0.0188779707655715,0.1,pncA,2286739,T,0
pncA_2286976_-,0.000250929495007,0.1,pncA,2286976,-,0
pncA_2286978_-,0.000250929495007,0.1,pncA,2286978,-,0
pncA_2287010_-,0.000250929495007,0.1,pncA,2287010,-,0
pncA_2286995_-,0.000250929495007,0.1,pncA,2286995,-,0
pncA_2287009_-,0.000250929495007,0.1,pncA,2287009,-,0
pncA_2287008_-,0.000250929495007,0.1,pncA,2287008,-,0
pncA_2287007_-,0.0001203397429053,0.7,pncA,2287007,-,0
pncA_2287006_-,0.000250929495007,0.1,pncA,2287006,-,0
pncA_2287005_-,0.000250929495007,0.1,pncA,2287005,-,0
pncA_2287004_-,0.000250929495007,0.1,pncA,2287004,-,0
pncA_2287003_-,0.000250929495007,0.1,pncA,2287003,-,0
pncA_2287002_-,0.000250929495007,0.1,pncA,2287002,-,0
pncA_2287001_-,0.000250929495007,0.1,pncA,2287001,-,0
pncA_2287000_-,0.000250929495007,0.1,pncA,2287000,-,0
pncA_2286999_-,0.000250929495007,0.1,pncA,2286999,-,0
pncA_2286998_-,0.000250929495007,0.1,pncA,2286998,-,0
pncA_2286997_-,0.000250929495007,0.1,pncA,2286997,-,0
pncA_2286996_-,0.000250929495007,0.1,pncA,2286996,-,0
pncA_2286994_-,0.000250929495007,0.1,pncA,2286994,-,0
pncA_2286979_-,0.000250929495007,0.1,pncA,2286979,-,0
pncA_2286993_-,0.000250929495007,0.1,pncA,2286993,-,0
pncA_2286992_-,0.000250929495007,0.1,pncA,2286992,-,0
pncA_2286991_-,0.000250929495007,0.1,pncA,2286991,-,0
pncA_2286990_-,0.000250929495007,0.1,pncA,2286990,-,0
pncA_2286989_-,0.000250929495007,0.1,pncA,2286989,-,0
pncA_2286988_-,0.000250929495007,0.1,pncA,2286988,-,0
pncA_2286987_-,0.000250929495007,0.1,pncA,2286987,-,0
pncA_2286986_-,0.000250929495007,0.1,pncA,2286986,-,0
pncA_2286985_-,0.000250929495007,0.1,pncA,2286985,-,0
pncA_2286984_-,0.000250929495007,0.1,pncA,2286984,-,0
pncA_2286983_-,0.000250929495007,0.1,pncA,2286983,-,0
pncA_2286982_-,0.000250929495007,0.1,pncA,2286982,-,0
pncA_2286981_-,0.000250929495007,0.1,pncA,2286981,-,0
pncA_2286980_-,0.000250929495007,0.1,pncA,2286980,-,0
pncA_2287079_-,0.000250929495007,0.1,pncA,2287079,-,0
pncA_2287080_-,0.000250929495007,0.1,pncA,2287080,-,0
pncA_2287081_-,0.000250929495007,0.1,pncA,2287081,-,0
pncA_2287168_-,0.000250929495007,0.1,pncA,2287168,-,0
pncA_2287182_-,0.000250929495007,0.1,pncA,2287182,-,0
pncA_2287181_-,0.000250929495007,0.1,pncA,2287181,-,0
pncA_2287180_-,0.000250929495007,0.1,pncA,2287180,-,0
pncA_2287179_-,0.000250929495007,0.1,pncA,2287179,-,0
pncA_2287178_-,0.000250929495007,0.1,pncA,2287178,-,0
pncA_2287177_-,0.000250929495007,0.1,pncA,2287177,-,0
pncA_2287176_-,0.000250929495007,0.1,pncA,2287176,-,0
pncA_2287175_-,0.000250929495007,0.1,pncA,2287175,-,0
pncA_2287174_-,0.000250929495007,0.1,pncA,2287174,-,0
pncA_2287173_-,0.000250929495007,0.1,pncA,2287173,-,0
pncA_2287172_-,0.000250929495007,0.1,pncA,2287172,-,0
pncA_2287171_-,0.000250929495007,0.1,pncA,2287171,-,0
pncA_2287170_-,0.000250929495007,0.1,pncA,2287170,-,0
pncA_2287169_-,0.000250929495007,0.1,pncA,2287169,-,0
pncA_2287167_-,0.000250929495007,0.1,pncA,2287167,-,0
pncA_2287184_-,0.000250929495007,0.1,pncA,2287184,-,0
pncA_2287166_-,0.000250929495007,0.1,pncA,2287166,-,0
pncA_2287165_-,0.000250929495007,0.1,pncA,2287165,-,0
pncA_2287164_-,0.000250929495007,0.1,pncA,2287164,-,0
pncA_2287163_-,0.000250929495007,0.1,pncA,2287163,-,0
pncA_2287162_-,0.000250929495007,0.1,pncA,2287162,-,0
pncA_2287161_-,0.000250929495007,0.1,pncA,2287161,-,0
pncA_2287160_-,0.000250929495007,0.1,pncA,2287160,-,0
pncA_2287159_-,0.000250929495007,0.1,pncA,2287159,-,0
pncA_2287158_-,0.000250929495007,0.1,pncA,2287158,-,0
pncA_2287157_-,0.000250929495007,0.1,pncA,2287157,-,0
pncA_2287156_-,0.000250929495007,0.1,pncA,2287156,-,0
pncA_2287155_-,0.000250929495007,0.1,pncA,2287155,-,0
pncA_2287154_-,0.000250929495007,0.1,pncA,2287154,-,0
pncA_2287153_-,0.000250929495007,0.1,pncA,2287153,-,0
pncA_2287183_-,0.000250929495007,0.1,pncA,2287183,-,0
pncA_2287185_-,0.000250929495007,0.1,pncA,2287185,-,0
pncA_2287151_-,0.000250929495007,0.1,pncA,2287151,-,0
pncA_2287202_-,0.000250929495007,0.1,pncA,2287202,-,0
pncA_2287217_-,0.000250929495007,0.1,pncA,2287217,-,0
pncA_2287216_-,0.000250929495007,0.1,pncA,2287216,-,0
pncA_2287215_-,0.000250929495007,0.1,pncA,2287215,-,0
pncA_2287214_-,0.000250929495007,0.1,pncA,2287214,-,0
pncA_2287213_-,0.000250929495007,0.1,pncA,2287213,-,0
pncA_2287212_-,0.000250929495007,0.1,pncA,2287212,-,0
pncA_2287211_-,0.000250929495007,0.1,pncA,2287211,-,0
pncA_2287210_-,0.000250929495007,0.1,pncA,2287210,-,0
pncA_2287209_-,0.000250929495007,0.1,pncA,2287209,-,0
pncA_2287208_-,0.000250929495007,0.1,pncA,2287208,-,0
pncA_2287207_-,0.000250929495007,0.1,pncA,2287207,-,0
pncA_2287206_-,0.000250929495007,0.1,pncA,2287206,-,0
pncA_2287205_-,0.000250929495007,0.1,pncA,2287205,-,0
pncA_2287204_-,0.000250929495007,0.1,pncA,2287204,-,0
pncA_2287201_-,0.000250929495007,0.1,pncA,2287201,-,0
pncA_2287186_-,0.000250929495007,0.1,pncA,2287186,-,0
pncA_2287200_-,0.000250929495007,0.1,pncA,2287200,-,0
pncA_2287199_-,0.000250929495007,0.1,pncA,2287199,-,0
pncA_2287198_-,0.000250929495007,0.1,pncA,2287198,-,0
pncA_2287197_-,0.000250929495007,0.1,pncA,2287197,-,0
pncA_2287196_-,0.000250929495007,0.1,pncA,2287196,-,0
pncA_2287195_-,0.000250929495007,0.1,pncA,2287195,-,0
pncA_2287194_-,0.000250929495007,0.1,pncA,2287194,-,0
pncA_2287193_-,0.000250929495007,0.1,pncA,2287193,-,0
pncA_2287192_-,0.000250929495007,0.1,pncA,2287192,-,0
pncA_2287191_-,0.000250929495007,0.1,pncA,2287191,-,0
pncA_2287190_-,0.000250929495007,0.1,pncA,2287190,-,0
pncA_2287189_-,0.000250929495007,0.1,pncA,2287189,-,0
pncA_2287188_-,0.000250929495007,0.1,pncA,2287188,-,0
pncA_2287187_-,0.000250929495007,0.1,pncA,2287187,-,0
pncA_2287152_-,0.000250929495007,0.1,pncA,2287152,-,0
pncA_2287150_-,0.000250929495007,0.1,pncA,2287150,-,0
pncA_2287082_-,0.000250929495007,0.1,pncA,2287082,-,0
pncA_2287098_-,0.000250929495007,0.1,pncA,2287098,-,0
pncA_2287113_-,0.000250929495007,0.1,pncA,2287113,-,0
pncA_2287112_-,0.000250929495007,0.1,pncA,2287112,-,0
pncA_2287111_-,0.000250929495007,0.1,pncA,2287111,-,0
pncA_2287110_-,0.000250929495007,0.1,pncA,2287110,-,0
pncA_2287109_-,0.000250929495007,0.1,pncA,2287109,-,0
pncA_2287107_-,0.000250929495007,0.1,pncA,2287107,-,0
pncA_2287106_-,0.000250929495007,0.1,pncA,2287106,-,0
pncA_2287105_-,0.000250929495007,0.1,pncA,2287105,-,0
pncA_2287104_-,0.000250929495007,0.1,pncA,2287104,-,0
pncA_2287103_-,0.000250929495007,0.1,pncA,2287103,-,0
pncA_2287102_-,0.000250929495007,0.1,pncA,2287102,-,0
pncA_2287101_-,0.000250929495007,0.1,pncA,2287101,-,0
pncA_2287100_-,0.000250929495007,0.1,pncA,2287100,-,0
pncA_2287099_-,0.000250929495007,0.1,pncA,2287099,-,0
pncA_2287097_-,0.000250929495007,0.1,pncA,2287097,-,0
pncA_2287115_-,0.000250929495007,0.1,pncA,2287115,-,0
pncA_2287096_-,0.000250929495007,0.1,pncA,2287096,-,0
pncA_2287095_-,0.000250929495007,0.1,pncA,2287095,-,0
pncA_2287094_-,0.000250929495007,0.1,pncA,2287094,-,0
pncA_2287093_-,0.000250929495007,0.1,pncA,2287093,-,0
pncA_2287092_-,0.000250929495007,0.1,pncA,2287092,-,0
pncA_2287091_-,0.000250929495007,0.1,pncA,2287091,-,0
pncA_2287090_-,0.000250929495007,0.1,pncA,2287090,-,0
pncA_2287089_-,0.000250929495007,0.1,pncA,2287089,-,0
pncA_2287088_-,0.000250929495007,0.1,pncA,2287088,-,0
pncA_2287087_-,0.000250929495007,0.1,pncA,2287087,-,0
pncA_2287086_-,0.000250929495007,0.1,pncA,2287086,-,0
pncA_2287085_-,0.000250929495007,0.1,pncA,2287085,-,0
pncA_2287084_-,0.000250929495007,0.1,pncA,2287084,-,0
pncA_2287083_-,0.000250929495007,0.1,pncA,2287083,-,0
pncA_2287114_-,0.000250929495007,0.1,pncA,2287114,-,0
pncA_2287116_-,0.000250929495007,0.1,pncA,2287116,-,0
pncA_2287149_-,0.000250929495007,0.1,pncA,2287149,-,0
pncA_2287134_-,0.000250929495007,0.1,pncA,2287134,-,0
pncA_2287148_-,0.000250929495007,0.1,pncA,2287148,-,0
pncA_2287147_-,0.000250929495007,0.1,pncA,2287147,-,0
pncA_2287146_-,0.000250929495007,0.1,pncA,2287146,-,0
pncA_2287145_-,0.000250929495007,0.1,pncA,2287145,-,0
pncA_2287144_-,0.000250929495007,0.1,pncA,2287144,-,0
pncA_2287143_-,0.000250929495007,0.1,pncA,2287143,-,0
pncA_2287142_-,0.000250929495007,0.1,pncA,2287142,-,0
pncA_2287141_-,0.000250929495007,0.1,pncA,2287141,-,0
pncA_2287140_-,0.000250929495007,0.1,pncA,2287140,-,0
pncA_2287139_-,0.000250929495007,0.1,pncA,2287139,-,0
pncA_2287138_-,0.000250929495007,0.1,pncA,2287138,-,0
pncA_2287137_-,0.000250929495007,0.1,pncA,2287137,-,0
pncA_2287136_-,0.000250929495007,0.1,pncA,2287136,-,0
pncA_2287135_-,0.000250929495007,0.1,pncA,2287135,-,0
pncA_2287133_-,0.000250929495007,0.1,pncA,2287133,-,0
pncA_2287117_-,0.0001203397429053,0.7,pncA,2287117,-,0
pncA_2287132_-,0.000250929495007,0.1,pncA,2287132,-,0
pncA_2287131_-,0.000250929495007,0.1,pncA,2287131,-,0
pncA_2287130_-,0.000250929495007,0.1,pncA,2287130,-,0
pncA_2287129_-,0.000250929495007,0.1,pncA,2287129,-,0
pncA_2287128_-,0.000250929495007,0.1,pncA,2287128,-,0
pncA_2287127_-,0.000250929495007,0.1,pncA,2287127,-,0
pncA_2287126_-,0.000250929495007,0.1,pncA,2287126,-,0
pncA_2287125_-,0.000250929495007,0.1,pncA,2287125,-,0
pncA_2287124_-,0.000250929495007,0.1,pncA,2287124,-,0
pncA_2287123_-,0.000250929495007,0.1,pncA,2287123,-,0
pncA_2287122_-,0.000250929495007,0.1,pncA,2287122,-,0
pncA_2287120_-,0.000250929495007,0.1,pncA,2287120,-,0
pncA_2287119_-,0.000250929495007,0.1,pncA,2287119,-,0
pncA_2287118_-,0.000250929495007,0.1,pncA,2287118,-,0
pncA_2287493_-,-0.0004479566610915,0.1,pncA,2287493,-,0
pncA_2287495_-,-0.0004479566610915,0.1,pncA,2287495,-,0
pncA_2288042_-,-0.0008160891138049,0.0,pncA,2288042,-,0
pncA_2287864_-,-0.0008160891138049,0.0,pncA,2287864,-,0
pncA_2287858_-,-0.0008160891138049,0.0,pncA,2287858,-,0
pncA_2287859_-,-0.0008160891138049,0.0,pncA,2287859,-,0
pncA_2287860_-,-0.0008160891138049,0.0,pncA,2287860,-,0
pncA_2287861_-,-0.0008160891138049,0.0,pncA,2287861,-,0
pncA_2287862_-,-0.0008160891138049,0.0,pncA,2287862,-,0
pncA_2287863_-,-0.0008160891138049,0.0,pncA,2287863,-,0
pncA_2287865_-,-0.0008160891138049,0.0,pncA,2287865,-,0
pncA_2287771_-,-0.0008160891138049,0.0,pncA,2287771,-,0
pncA_2287866_-,-0.0008160891138049,0.0,pncA,2287866,-,0
pncA_2287867_-,-0.0008160891138049,0.0,pncA,2287867,-,0
pncA_2287868_-,-0.0008160891138049,0.0,pncA,2287868,-,0
pncA_2287869_-,-0.0008160891138049,0.0,pncA,2287869,-,0
pncA_2287870_-,-0.0008160891138049,0.0,pncA,2287870,-,0
pncA_2287871_-,-0.0008160891138049,0.0,pncA,2287871,-,0
pncA_2287857_-,-0.0008160891138049,0.0,pncA,2287857,-,0
pncA_2287856_-,-0.0008160891138049,0.0,pncA,2287856,-,0
pncA_2287855_-,-0.0008160891138049,0.0,pncA,2287855,-,0
pncA_2287854_-,-0.0008160891138049,0.0,pncA,2287854,-,0
pncA_2287853_-,-0.0008160891138049,0.0,pncA,2287853,-,0
pncA_2287852_-,-0.0008160891138049,0.0,pncA,2287852,-,0
pncA_2287851_-,-0.0008160891138049,0.0,pncA,2287851,-,0
pncA_2287850_-,-0.0008160891138049,0.0,pncA,2287850,-,0
pncA_2287849_-,-0.0008160891138049,0.0,pncA,2287849,-,0
pncA_2287848_-,-0.0008160891138049,0.0,pncA,2287848,-,0
pncA_2287847_-,-0.0008160891138049,0.0,pncA,2287847,-,0
pncA_2287846_-,-0.0008160891138049,0.0,pncA,2287846,-,0
pncA_2287845_-,-0.0008160891138049,0.0,pncA,2287845,-,0
pncA_2287844_-,-0.0008160891138049,0.0,pncA,2287844,-,0
pncA_2287843_-,-0.0008160891138049,0.0,pncA,2287843,-,0
pncA_2287842_-,-0.0008160891138049,0.0,pncA,2287842,-,0
pncA_2287841_-,-0.0008160891138049,0.0,pncA,2287841,-,0
pncA_2287872_-,-0.0008160891138049,0.0,pncA,2287872,-,0
pncA_2287873_-,-0.0008160891138049,0.0,pncA,2287873,-,0
pncA_2287874_-,-0.0008160891138049,0.0,pncA,2287874,-,0
pncA_2287891_-,-0.0008160891138049,0.0,pncA,2287891,-,0
pncA_2287905_-,-0.0008160891138049,0.0,pncA,2287905,-,0
pncA_2287904_-,-0.0008160891138049,0.0,pncA,2287904,-,0
pncA_2287903_-,-0.0008160891138049,0.0,pncA,2287903,-,0
pncA_2287902_-,-0.0008160891138049,0.0,pncA,2287902,-,0
pncA_2287901_-,-0.0008160891138049,0.0,pncA,2287901,-,0
pncA_2287900_-,-0.0008160891138049,0.0,pncA,2287900,-,0
pncA_2287899_-,-0.0008160891138049,0.0,pncA,2287899,-,0
pncA_2287898_-,-0.0008160891138049,0.0,pncA,2287898,-,0
pncA_2287897_-,-0.0008160891138049,0.0,pncA,2287897,-,0
pncA_2287896_-,-0.0008160891138049,0.0,pncA,2287896,-,0
pncA_2287895_-,-0.0008160891138049,0.0,pncA,2287895,-,0
pncA_2287894_-,-0.0008160891138049,0.0,pncA,2287894,-,0
pncA_2287893_-,-0.0008160891138049,0.0,pncA,2287893,-,0
pncA_2287892_-,-0.0008160891138049,0.0,pncA,2287892,-,0
pncA_2287890_-,-0.0008160891138049,0.0,pncA,2287890,-,0
pncA_2287875_-,-0.0008160891138049,0.0,pncA,2287875,-,0
pncA_2287889_-,-0.0008160891138049,0.0,pncA,2287889,-,0
pncA_2287888_-,-0.0008160891138049,0.0,pncA,2287888,-,0
pncA_2287887_-,-0.0008160891138049,0.0,pncA,2287887,-,0
pncA_2287886_-,-0.0008160891138049,0.0,pncA,2287886,-,0
pncA_2287885_-,-0.0008160891138049,0.0,pncA,2287885,-,0
pncA_2287884_-,-0.0008160891138049,0.0,pncA,2287884,-,0
pncA_2287883_-,-0.0008160891138049,0.0,pncA,2287883,-,0
pncA_2287882_-,-0.0008160891138049,0.0,pncA,2287882,-,0
pncA_2287881_-,-0.0008160891138049,0.0,pncA,2287881,-,0
pncA_2287880_-,-0.0008160891138049,0.0,pncA,2287880,-,0
pncA_2287879_-,-0.0008160891138049,0.0,pncA,2287879,-,0
pncA_2287878_-,-0.0008160891138049,0.0,pncA,2287878,-,0
pncA_2287877_-,-0.0008160891138049,0.0,pncA,2287877,-,0
pncA_2287876_-,-0.0008160891138049,0.0,pncA,2287876,-,0
pncA_2287840_-,-0.0008160891138049,0.0,pncA,2287840,-,0
pncA_2287839_-,-0.0008160891138049,0.0,pncA,2287839,-,0
pncA_2287838_-,-0.0008160891138049,0.0,pncA,2287838,-,0
pncA_2287788_-,-0.0008160891138049,0.0,pncA,2287788,-,0
pncA_2287802_-,-0.0008160891138049,0.0,pncA,2287802,-,0
pncA_2287801_-,-0.0008160891138049,0.0,pncA,2287801,-,0
pncA_2287800_-,-0.0008160891138049,0.0,pncA,2287800,-,0
pncA_2287799_-,-0.0008160891138049,0.0,pncA,2287799,-,0
pncA_2287798_-,-0.0008160891138049,0.0,pncA,2287798,-,0
pncA_2287797_-,-0.0008160891138049,0.0,pncA,2287797,-,0
pncA_2287796_-,-0.0008160891138049,0.0,pncA,2287796,-,0
pncA_2287795_-,-0.0008160891138049,0.0,pncA,2287795,-,0
pncA_2287794_-,-0.0008160891138049,0.0,pncA,2287794,-,0
pncA_2287793_-,-0.0008160891138049,0.0,pncA,2287793,-,0
pncA_2287792_-,-0.0008160891138049,0.0,pncA,2287792,-,0
pncA_2287791_-,-0.0008160891138049,0.0,pncA,2287791,-,0
pncA_2287790_-,-0.0008160891138049,0.0,pncA,2287790,-,0
pncA_2287789_-,-0.0008160891138049,0.0,pncA,2287789,-,0
pncA_2287787_-,-0.0008160891138049,0.0,pncA,2287787,-,0
pncA_2287804_-,-0.0008160891138049,0.0,pncA,2287804,-,0
pncA_2287786_-,-0.0008160891138049,0.0,pncA,2287786,-,0
pncA_2287785_-,-0.0008160891138049,0.0,pncA,2287785,-,0
pncA_2287784_-,-0.0008160891138049,0.0,pncA,2287784,-,0
pncA_2287783_-,-0.0008160891138049,0.0,pncA,2287783,-,0
pncA_2287782_-,-0.0008160891138049,0.0,pncA,2287782,-,0
pncA_2287781_-,-0.0008160891138049,0.0,pncA,2287781,-,0
pncA_2287780_-,-0.0008160891138049,0.0,pncA,2287780,-,0
pncA_2287779_-,-0.0008160891138049,0.0,pncA,2287779,-,0
pncA_2287778_-,-0.0008160891138049,0.0,pncA,2287778,-,0
pncA_2287777_-,-0.0008160891138049,0.0,pncA,2287777,-,0
pncA_2287776_-,-0.0008160891138049,0.0,pncA,2287776,-,0
pncA_2287775_-,-0.0008160891138049,0.0,pncA,2287775,-,0
pncA_2287774_-,-0.0008160891138049,0.0,pncA,2287774,-,0
pncA_2287773_-,-0.0008160891138049,0.0,pncA,2287773,-,0
pncA_2287803_-,-0.0008160891138049,0.0,pncA,2287803,-,0
pncA_2287805_-,-0.0008160891138049,0.0,pncA,2287805,-,0
pncA_2287837_-,-0.0008160891138049,0.0,pncA,2287837,-,0
pncA_2287822_-,-0.0008160891138049,0.0,pncA,2287822,-,0
pncA_2287836_-,-0.0008160891138049,0.0,pncA,2287836,-,0
pncA_2287835_-,-0.0008160891138049,0.0,pncA,2287835,-,0
pncA_2287834_-,-0.0008160891138049,0.0,pncA,2287834,-,0
pncA_2287833_-,-0.0008160891138049,0.0,pncA,2287833,-,0
pncA_2287832_-,-0.0008160891138049,0.0,pncA,2287832,-,0
pncA_2287831_-,-0.0008160891138049,0.0,pncA,2287831,-,0
pncA_2287830_-,-0.0008160891138049,0.0,pncA,2287830,-,0
pncA_2287829_-,-0.0008160891138049,0.0,pncA,2287829,-,0
pncA_2287828_-,-0.0008160891138049,0.0,pncA,2287828,-,0
pncA_2287827_-,-0.0008160891138049,0.0,pncA,2287827,-,0
pncA_2287826_-,-0.0008160891138049,0.0,pncA,2287826,-,0
pncA_2287825_-,-0.0008160891138049,0.0,pncA,2287825,-,0
pncA_2287824_-,-0.0008160891138049,0.0,pncA,2287824,-,0
pncA_2287823_-,-0.0008160891138049,0.0,pncA,2287823,-,0
pncA_2287821_-,-0.0008160891138049,0.0,pncA,2287821,-,0
pncA_2287806_-,-0.0008160891138049,0.0,pncA,2287806,-,0
pncA_2287820_-,-0.0008160891138049,0.0,pncA,2287820,-,0
pncA_2287819_-,-0.0008160891138049,0.0,pncA,2287819,-,0
pncA_2287818_-,-0.0008160891138049,0.0,pncA,2287818,-,0
pncA_2287817_-,-0.0008160891138049,0.0,pncA,2287817,-,0
pncA_2287816_-,-0.0008160891138049,0.0,pncA,2287816,-,0
pncA_2287815_-,-0.0008160891138049,0.0,pncA,2287815,-,0
pncA_2287814_-,-0.0008160891138049,0.0,pncA,2287814,-,0
pncA_2287813_-,-0.0008160891138049,0.0,pncA,2287813,-,0
pncA_2287812_-,-0.0008160891138049,0.0,pncA,2287812,-,0
pncA_2287811_-,-0.0008160891138049,0.0,pncA,2287811,-,0
pncA_2287810_-,-0.0008160891138049,0.0,pncA,2287810,-,0
pncA_2287809_-,-0.0008160891138049,0.0,pncA,2287809,-,0
pncA_2287808_-,-0.0008160891138049,0.0,pncA,2287808,-,0
pncA_2287807_-,-0.0008160891138049,0.0,pncA,2287807,-,0
pncA_2287906_-,-0.0008160891138049,0.0,pncA,2287906,-,0
pncA_2287907_-,-0.0008160891138049,0.0,pncA,2287907,-,0
pncA_2287908_-,-0.0008160891138049,0.0,pncA,2287908,-,0
pncA_2287993_-,-0.0008160891138049,0.0,pncA,2287993,-,0
pncA_2288007_-,-0.0008160891138049,0.0,pncA,2288007,-,0
pncA_2288006_-,-0.0008160891138049,0.0,pncA,2288006,-,0
pncA_2288005_-,-0.0008160891138049,0.0,pncA,2288005,-,0
pncA_2288004_-,-0.0008160891138049,0.0,pncA,2288004,-,0
pncA_2288003_-,-0.0008160891138049,0.0,pncA,2288003,-,0
pncA_2288002_-,-0.0008160891138049,0.0,pncA,2288002,-,0
pncA_2288001_-,-0.0008160891138049,0.0,pncA,2288001,-,0
pncA_2288000_-,-0.0008160891138049,0.0,pncA,2288000,-,0
pncA_2287999_-,-0.0008160891138049,0.0,pncA,2287999,-,0
pncA_2287998_-,-0.0008160891138049,0.0,pncA,2287998,-,0
pncA_2287997_-,-0.0008160891138049,0.0,pncA,2287997,-,0
pncA_2287996_-,-0.0008160891138049,0.0,pncA,2287996,-,0
pncA_2287995_-,-0.0008160891138049,0.0,pncA,2287995,-,0
pncA_2287994_-,-0.0008160891138049,0.0,pncA,2287994,-,0
pncA_2287992_-,-0.0008160891138049,0.0,pncA,2287992,-,0
pncA_2288009_-,-0.0008160891138049,0.0,pncA,2288009,-,0
pncA_2287991_-,-0.0008160891138049,0.0,pncA,2287991,-,0
pncA_2287990_-,-0.0008160891138049,0.0,pncA,2287990,-,0
pncA_2287989_-,-0.0008160891138049,0.0,pncA,2287989,-,0
pncA_2287988_-,-0.0008160891138049,0.0,pncA,2287988,-,0
pncA_2287987_-,-0.0008160891138049,0.0,pncA,2287987,-,0
pncA_2287986_-,-0.0008160891138049,0.0,pncA,2287986,-,0
pncA_2287985_-,-0.0008160891138049,0.0,pncA,2287985,-,0
pncA_2287984_-,-0.0008160891138049,0.0,pncA,2287984,-,0
pncA_2287983_-,-0.0008160891138049,0.0,pncA,2287983,-,0
pncA_2287982_-,-0.0008160891138049,0.0,pncA,2287982,-,0
pncA_2287981_-,-0.0008160891138049,0.0,pncA,2287981,-,0
pncA_2287980_-,-0.0008160891138049,0.0,pncA,2287980,-,0
pncA_2287979_-,-0.0008160891138049,0.0,pncA,2287979,-,0
pncA_2287978_-,-0.0008160891138049,0.0,pncA,2287978,-,0
pncA_2288008_-,-0.0008160891138049,0.0,pncA,2288008,-,0
pncA_2288010_-,-0.0008160891138049,0.0,pncA,2288010,-,0
pncA_2287976_-,-0.0008160891138049,0.0,pncA,2287976,-,0
pncA_2288027_-,-0.0008160891138049,0.0,pncA,2288027,-,0
pncA_2288041_-,-0.0008160891138049,0.0,pncA,2288041,-,0
pncA_2288040_-,-0.0008160891138049,0.0,pncA,2288040,-,0
pncA_2288039_-,-0.0008160891138049,0.0,pncA,2288039,-,0
pncA_2288038_-,-0.0008160891138049,0.0,pncA,2288038,-,0
pncA_2288037_-,-0.0008160891138049,0.0,pncA,2288037,-,0
pncA_2289076_-,-0.0008160891138049,0.0,pncA,2289076,-,1
pncA_2288035_-,-0.0008160891138049,0.0,pncA,2288035,-,0
pncA_2288034_-,-0.0008160891138049,0.0,pncA,2288034,-,0
pncA_2288033_-,-0.0008160891138049,0.0,pncA,2288033,-,0
pncA_2288032_-,-0.0008160891138049,0.0,pncA,2288032,-,0
pncA_2288031_-,-0.0008160891138049,0.0,pncA,2288031,-,0
pncA_2288030_-,-0.0008160891138049,0.0,pncA,2288030,-,0
pncA_2288029_-,-0.0008160891138049,0.0,pncA,2288029,-,0
pncA_2288028_-,-0.0008160891138049,0.0,pncA,2288028,-,0
pncA_2288026_-,-0.0008160891138049,0.0,pncA,2288026,-,0
pncA_2288011_-,-0.0008160891138049,0.0,pncA,2288011,-,0
pncA_2288025_-,-0.0008160891138049,0.0,pncA,2288025,-,0
pncA_2288024_-,-0.0008160891138049,0.0,pncA,2288024,-,0
pncA_2288023_-,-0.0008160891138049,0.0,pncA,2288023,-,0
pncA_2288022_-,-0.0008160891138049,0.0,pncA,2288022,-,0
pncA_2288021_-,-0.0008160891138049,0.0,pncA,2288021,-,0
pncA_2288020_-,-0.0008160891138049,0.0,pncA,2288020,-,0
pncA_2288019_-,-0.0008160891138049,0.0,pncA,2288019,-,0
pncA_2288018_-,-0.0008160891138049,0.0,pncA,2288018,-,0
pncA_2288017_-,-0.0008160891138049,0.0,pncA,2288017,-,0
pncA_2288016_-,-0.0008160891138049,0.0,pncA,2288016,-,0
pncA_2288015_-,-0.0008160891138049,0.0,pncA,2288015,-,0
pncA_2288014_-,-0.0008160891138049,0.0,pncA,2288014,-,0
pncA_2288013_-,-0.0008160891138049,0.0,pncA,2288013,-,0
pncA_2288012_-,-0.0008160891138049,0.0,pncA,2288012,-,0
pncA_2287977_-,-0.0008160891138049,0.0,pncA,2287977,-,0
pncA_2287975_-,-0.0008160891138049,0.0,pncA,2287975,-,0
pncA_2287909_-,-0.0008160891138049,0.0,pncA,2287909,-,0
pncA_2287925_-,-0.0008160891138049,0.0,pncA,2287925,-,0
pncA_2287939_-,-0.0008160891138049,0.0,pncA,2287939,-,0
pncA_2287938_-,-0.0008160891138049,0.0,pncA,2287938,-,0
pncA_2287937_-,-0.0008160891138049,0.0,pncA,2287937,-,0
pncA_2287936_-,-0.0008160891138049,0.0,pncA,2287936,-,0
pncA_2287935_-,-0.0008160891138049,0.0,pncA,2287935,-,0
pncA_2287934_-,-0.0008160891138049,0.0,pncA,2287934,-,0
pncA_2287933_-,-0.0008160891138049,0.0,pncA,2287933,-,0
pncA_2287932_-,-0.0008160891138049,0.0,pncA,2287932,-,0
pncA_2287931_-,-0.0008160891138049,0.0,pncA,2287931,-,0
pncA_2287930_-,-0.0008160891138049,0.0,pncA,2287930,-,0
pncA_2287929_-,-0.0008160891138049,0.0,pncA,2287929,-,0
pncA_2287928_-,-0.0008160891138049,0.0,pncA,2287928,-,0
pncA_2287927_-,-0.0008160891138049,0.0,pncA,2287927,-,0
pncA_2287926_-,-0.0008160891138049,0.0,pncA,2287926,-,0
pncA_2287924_-,-0.0008160891138049,0.0,pncA,2287924,-,0
pncA_2287941_-,-0.0008160891138049,0.0,pncA,2287941,-,0
pncA_2287923_-,-0.0008160891138049,0.0,pncA,2287923,-,0
pncA_2287922_-,-0.0008160891138049,0.0,pncA,2287922,-,0
pncA_2287921_-,-0.0008160891138049,0.0,pncA,2287921,-,0
pncA_2287920_-,-0.0008160891138049,0.0,pncA,2287920,-,0
pncA_2287919_-,-0.0008160891138049,0.0,pncA,2287919,-,0
pncA_2287918_-,-0.0008160891138049,0.0,pncA,2287918,-,0
pncA_2287917_-,-0.0008160891138049,0.0,pncA,2287917,-,0
pncA_2287916_-,-0.0008160891138049,0.0,pncA,2287916,-,0
pncA_2287915_-,-0.0008160891138049,0.0,pncA,2287915,-,0
pncA_2287914_-,-0.0008160891138049,0.0,pncA,2287914,-,0
pncA_2287913_-,-0.0008160891138049,0.0,pncA,2287913,-,0
pncA_2287912_-,-0.0008160891138049,0.0,pncA,2287912,-,0
pncA_2287911_-,-0.0008160891138049,0.0,pncA,2287911,-,0
pncA_2287910_-,-0.0008160891138049,0.0,pncA,2287910,-,0
pncA_2287940_-,-0.0008160891138049,0.0,pncA,2287940,-,0
pncA_2287942_-,-0.0008160891138049,0.0,pncA,2287942,-,0
pncA_2287974_-,-0.0008160891138049,0.0,pncA,2287974,-,0
pncA_2287959_-,-0.0008160891138049,0.0,pncA,2287959,-,0
pncA_2287973_-,-0.0008160891138049,0.0,pncA,2287973,-,0
pncA_2287972_-,-0.0008160891138049,0.0,pncA,2287972,-,0
pncA_2287971_-,-0.0008160891138049,0.0,pncA,2287971,-,0
pncA_2287970_-,-0.0008160891138049,0.0,pncA,2287970,-,0
pncA_2287969_-,-0.0008160891138049,0.0,pncA,2287969,-,0
pncA_2287968_-,-0.0008160891138049,0.0,pncA,2287968,-,0
pncA_2287967_-,-0.0008160891138049,0.0,pncA,2287967,-,0
pncA_2287966_-,-0.0008160891138049,0.0,pncA,2287966,-,0
pncA_2287965_-,-0.0008160891138049,0.0,pncA,2287965,-,0
pncA_2287964_-,-0.0008160891138049,0.0,pncA,2287964,-,0
pncA_2287963_-,-0.0008160891138049,0.0,pncA,2287963,-,0
pncA_2287962_-,-0.0008160891138049,0.0,pncA,2287962,-,0
pncA_2287961_-,-0.0008160891138049,0.0,pncA,2287961,-,0
pncA_2287960_-,-0.0008160891138049,0.0,pncA,2287960,-,0
pncA_2287958_-,-0.0008160891138049,0.0,pncA,2287958,-,0
pncA_2287943_-,-0.0008160891138049,0.0,pncA,2287943,-,0
pncA_2287957_-,-0.0008160891138049,0.0,pncA,2287957,-,0
pncA_2287956_-,-0.0008160891138049,0.0,pncA,2287956,-,0
pncA_2287955_-,-0.0008160891138049,0.0,pncA,2287955,-,0
pncA_2287954_-,-0.0008160891138049,0.0,pncA,2287954,-,0
pncA_2287953_-,-0.0008160891138049,0.0,pncA,2287953,-,0
pncA_2287952_-,-0.0008160891138049,0.0,pncA,2287952,-,0
pncA_2287951_-,-0.0008160891138049,0.0,pncA,2287951,-,0
pncA_2287950_-,-0.0008160891138049,0.0,pncA,2287950,-,0
pncA_2287949_-,-0.0008160891138049,0.0,pncA,2287949,-,0
pncA_2287948_-,-0.0008160891138049,0.0,pncA,2287948,-,0
pncA_2287947_-,-0.0008160891138049,0.0,pncA,2287947,-,0
pncA_2287946_-,-0.0008160891138049,0.0,pncA,2287946,-,0
pncA_2287945_-,-0.0008160891138049,0.0,pncA,2287945,-,0
pncA_2287944_-,-0.0008160891138049,0.0,pncA,2287944,-,0
pncA_2287772_-,-0.0008160891138049,0.0,pncA,2287772,-,0
pncA_2287770_-,-0.0008160891138049,0.0,pncA,2287770,-,0
pncA_2287496_-,-0.0004479566610915,0.1,pncA,2287496,-,0
pncA_2287588_-,-0.0004479566610915,0.1,pncA,2287588,-,0
pncA_2287582_-,-0.0004479566610915,0.1,pncA,2287582,-,0
pncA_2287583_-,-0.0004479566610915,0.1,pncA,2287583,-,0
pncA_2287584_-,-0.0004479566610915,0.1,pncA,2287584,-,0
pncA_2287585_-,-0.0004479566610915,0.1,pncA,2287585,-,0
pncA_2287586_-,-0.0004479566610915,0.1,pncA,2287586,-,0
pncA_2287587_-,-0.0004479566610915,0.1,pncA,2287587,-,0
pncA_2287589_-,-0.0004479566610915,0.1,pncA,2287589,-,0
pncA_2287769_-,-0.0008160891138049,0.0,pncA,2287769,-,0
pncA_2287590_-,-0.0004479566610915,0.1,pncA,2287590,-,0
pncA_2287591_-,-0.0004479566610915,0.1,pncA,2287591,-,0
pncA_2287592_-,-0.0004479566610915,0.1,pncA,2287592,-,0
pncA_2287593_-,-0.0004479566610915,0.1,pncA,2287593,-,0
pncA_2287594_-,-0.0004479566610915,0.1,pncA,2287594,-,0
pncA_2287595_-,-0.0004479566610915,0.1,pncA,2287595,-,0
pncA_2287581_-,-0.0004479566610915,0.1,pncA,2287581,-,0
pncA_2287580_-,-0.0004479566610915,0.1,pncA,2287580,-,0
pncA_2287579_-,-0.0004479566610915,0.1,pncA,2287579,-,0
pncA_2287578_-,-0.0004479566610915,0.1,pncA,2287578,-,0
pncA_2287577_-,-0.0004479566610915,0.1,pncA,2287577,-,0
pncA_2287576_-,-0.0004479566610915,0.1,pncA,2287576,-,0
pncA_2287575_-,-0.0004479566610915,0.1,pncA,2287575,-,0
pncA_2287574_-,-0.0004479566610915,0.1,pncA,2287574,-,0
pncA_2287573_-,-0.0004479566610915,0.1,pncA,2287573,-,0
pncA_2287572_-,-0.0004479566610915,0.1,pncA,2287572,-,0
pncA_2287571_-,-0.0004479566610915,0.1,pncA,2287571,-,0
pncA_2287570_-,-0.0004479566610915,0.1,pncA,2287570,-,0
pncA_2287569_-,-0.0004479566610915,0.1,pncA,2287569,-,0
pncA_2287568_-,-0.0004479566610915,0.1,pncA,2287568,-,0
pncA_2287567_-,-0.0004479566610915,0.1,pncA,2287567,-,0
pncA_2287566_-,-0.0004479566610915,0.1,pncA,2287566,-,0
pncA_2287565_-,-0.0004479566610915,0.1,pncA,2287565,-,0
pncA_2287596_-,-0.0004479566610915,0.1,pncA,2287596,-,0
pncA_2287597_-,-0.0004479566610915,0.1,pncA,2287597,-,0
pncA_2287598_-,-0.0004479566610915,0.1,pncA,2287598,-,0
pncA_2287615_-,-0.0004479566610915,0.1,pncA,2287615,-,0
pncA_2287629_-,-0.0004479566610915,0.1,pncA,2287629,-,0
pncA_2287628_-,-0.0004479566610915,0.1,pncA,2287628,-,0
pncA_2287627_-,-0.0004479566610915,0.1,pncA,2287627,-,0
pncA_2287626_-,-0.0004479566610915,0.1,pncA,2287626,-,0
pncA_2287625_-,-0.0004479566610915,0.1,pncA,2287625,-,0
pncA_2287624_-,-0.0004479566610915,0.1,pncA,2287624,-,0
pncA_2287623_-,-0.0004479566610915,0.1,pncA,2287623,-,0
pncA_2287622_-,-0.0004479566610915,0.1,pncA,2287622,-,0
pncA_2287621_-,-0.0004479566610915,0.1,pncA,2287621,-,0
pncA_2287620_-,-0.0004479566610915,0.1,pncA,2287620,-,0
pncA_2287619_-,-0.0004479566610915,0.1,pncA,2287619,-,0
pncA_2287618_-,-0.0004479566610915,0.1,pncA,2287618,-,0
pncA_2287617_-,-0.0004479566610915,0.1,pncA,2287617,-,0
pncA_2287616_-,-0.0004479566610915,0.1,pncA,2287616,-,0
pncA_2287614_-,-0.0004479566610915,0.1,pncA,2287614,-,0
pncA_2287599_-,-0.0004479566610915,0.1,pncA,2287599,-,0
pncA_2287613_-,-0.0004479566610915,0.1,pncA,2287613,-,0
pncA_2287612_-,-0.0004479566610915,0.1,pncA,2287612,-,0
pncA_2287611_-,-0.0004479566610915,0.1,pncA,2287611,-,0
pncA_2287610_-,-0.0004479566610915,0.1,pncA,2287610,-,0
pncA_2287609_-,-0.0004479566610915,0.1,pncA,2287609,-,0
pncA_2287608_-,-0.0004479566610915,0.1,pncA,2287608,-,0
pncA_2287607_-,-0.0004479566610915,0.1,pncA,2287607,-,0
pncA_2287606_-,-0.0004479566610915,0.1,pncA,2287606,-,0
pncA_2287605_-,-0.0004479566610915,0.1,pncA,2287605,-,0
pncA_2287604_-,-0.0004479566610915,0.1,pncA,2287604,-,0
pncA_2287603_-,-0.0004479566610915,0.1,pncA,2287603,-,0
pncA_2287602_-,-0.0004479566610915,0.1,pncA,2287602,-,0
pncA_2287601_-,-0.0004479566610915,0.1,pncA,2287601,-,0
pncA_2287600_-,-0.0004479566610915,0.1,pncA,2287600,-,0
pncA_2287564_-,-0.0004479566610915,0.1,pncA,2287564,-,0
pncA_2287563_-,-0.0004479566610915,0.1,pncA,2287563,-,0
pncA_2287562_-,-0.0004479566610915,0.1,pncA,2287562,-,0
pncA_2287512_-,-0.0004479566610915,0.1,pncA,2287512,-,0
pncA_2287526_-,-0.0004479566610915,0.1,pncA,2287526,-,0
pncA_2287525_-,-0.0004479566610915,0.1,pncA,2287525,-,0
pncA_2287524_-,-0.0004479566610915,0.1,pncA,2287524,-,0
pncA_2287523_-,-0.0004479566610915,0.1,pncA,2287523,-,0
pncA_2287522_-,-0.0004479566610915,0.1,pncA,2287522,-,0
pncA_2287521_-,-0.0004479566610915,0.1,pncA,2287521,-,0
pncA_2287520_-,-0.0004479566610915,0.1,pncA,2287520,-,0
pncA_2287519_-,-0.0004479566610915,0.1,pncA,2287519,-,0
pncA_2287518_-,-0.0004479566610915,0.1,pncA,2287518,-,0
pncA_2287517_-,-0.0004479566610915,0.1,pncA,2287517,-,0
pncA_2287516_-,-0.0004479566610915,0.1,pncA,2287516,-,0
pncA_2287515_-,-0.0004479566610915,0.1,pncA,2287515,-,0
pncA_2287514_-,-0.0004479566610915,0.1,pncA,2287514,-,0
pncA_2287513_-,-0.0004479566610915,0.1,pncA,2287513,-,0
pncA_2287511_-,-0.0004479566610915,0.1,pncA,2287511,-,0
pncA_2287528_-,-0.0004479566610915,0.1,pncA,2287528,-,0
pncA_2287510_-,-0.0004479566610915,0.1,pncA,2287510,-,0
pncA_2287509_-,-0.0004479566610915,0.1,pncA,2287509,-,0
pncA_2287508_-,-0.0004479566610915,0.1,pncA,2287508,-,0
pncA_2287507_-,-0.0004479566610915,0.1,pncA,2287507,-,0
pncA_2287506_-,-0.0004479566610915,0.1,pncA,2287506,-,0
pncA_2287505_-,-0.0004479566610915,0.1,pncA,2287505,-,0
pncA_2287504_-,-0.0004479566610915,0.1,pncA,2287504,-,0
pncA_2287503_-,-0.0004479566610915,0.1,pncA,2287503,-,0
pncA_2287502_-,-0.0004479566610915,0.1,pncA,2287502,-,0
pncA_2287501_-,-0.0004479566610915,0.1,pncA,2287501,-,0
pncA_2287500_-,-0.0004479566610915,0.1,pncA,2287500,-,0
pncA_2287499_-,-0.0004479566610915,0.1,pncA,2287499,-,0
pncA_2287498_-,-0.0004479566610915,0.1,pncA,2287498,-,0
pncA_2287497_-,-0.0004479566610915,0.1,pncA,2287497,-,0
pncA_2287527_-,-0.0004479566610915,0.1,pncA,2287527,-,0
pncA_2287529_-,-0.0004479566610915,0.1,pncA,2287529,-,0
pncA_2287561_-,-0.0004479566610915,0.1,pncA,2287561,-,0
pncA_2287546_-,-0.0004479566610915,0.1,pncA,2287546,-,0
pncA_2287560_-,-0.0004479566610915,0.1,pncA,2287560,-,0
pncA_2287559_-,-0.0004479566610915,0.1,pncA,2287559,-,0
pncA_2287558_-,-0.0004479566610915,0.1,pncA,2287558,-,0
pncA_2287557_-,-0.0004479566610915,0.1,pncA,2287557,-,0
pncA_2287556_-,-0.0004479566610915,0.1,pncA,2287556,-,0
pncA_2287555_-,-0.0004479566610915,0.1,pncA,2287555,-,0
pncA_2287554_-,-0.0004479566610915,0.1,pncA,2287554,-,0
pncA_2287553_-,-0.0004479566610915,0.1,pncA,2287553,-,0
pncA_2287552_-,-0.0004479566610915,0.1,pncA,2287552,-,0
pncA_2287551_-,-0.0004479566610915,0.1,pncA,2287551,-,0
pncA_2287550_-,-0.0004479566610915,0.1,pncA,2287550,-,0
pncA_2287549_-,-0.0004479566610915,0.1,pncA,2287549,-,0
pncA_2287548_-,-0.0004479566610915,0.1,pncA,2287548,-,0
pncA_2287547_-,-0.0004479566610915,0.1,pncA,2287547,-,0
pncA_2287545_-,-0.0004479566610915,0.1,pncA,2287545,-,0
pncA_2287530_-,-0.0004479566610915,0.1,pncA,2287530,-,0
pncA_2287544_-,-0.0004479566610915,0.1,pncA,2287544,-,0
pncA_2287543_-,-0.0004479566610915,0.1,pncA,2287543,-,0
pncA_2287542_-,-0.0004479566610915,0.1,pncA,2287542,-,0
pncA_2287541_-,-0.0004479566610915,0.1,pncA,2287541,-,0
pncA_2287540_-,-0.0004479566610915,0.1,pncA,2287540,-,0
pncA_2287539_-,-0.0004479566610915,0.1,pncA,2287539,-,0
pncA_2287538_-,-0.0004479566610915,0.1,pncA,2287538,-,0
pncA_2287537_-,-0.0004479566610915,0.1,pncA,2287537,-,0
pncA_2287536_-,-0.0004479566610915,0.1,pncA,2287536,-,0
pncA_2287535_-,-0.0004479566610915,0.1,pncA,2287535,-,0
pncA_2287534_-,-0.0004479566610915,0.1,pncA,2287534,-,0
pncA_2287533_-,-0.0004479566610915,0.1,pncA,2287533,-,0
pncA_2287532_-,-0.0004479566610915,0.1,pncA,2287532,-,0
pncA_2287531_-,-0.0004479566610915,0.1,pncA,2287531,-,0
pncA_2287630_-,-0.0004479566610915,0.1,pncA,2287630,-,0
pncA_2287631_-,-0.0004479566610915,0.1,pncA,2287631,-,0
pncA_2287632_-,-0.0004479566610915,0.1,pncA,2287632,-,0
pncA_2287719_-,-0.0008160891138049,0.0,pncA,2287719,-,0
pncA_2287733_-,-0.0008160891138049,0.0,pncA,2287733,-,0
pncA_2287732_-,-0.0008160891138049,0.0,pncA,2287732,-,0
pncA_2287731_-,-0.0008160891138049,0.0,pncA,2287731,-,0
pncA_2287730_-,-0.0008160891138049,0.0,pncA,2287730,-,0
pncA_2287729_-,-0.0008160891138049,0.0,pncA,2287729,-,0
pncA_2287728_-,-0.0008160891138049,0.0,pncA,2287728,-,0
pncA_2287727_-,-0.0008160891138049,0.0,pncA,2287727,-,0
pncA_2287726_-,-0.0008160891138049,0.0,pncA,2287726,-,0
pncA_2287725_-,-0.0008160891138049,0.0,pncA,2287725,-,0
pncA_2287724_-,-0.0008160891138049,0.0,pncA,2287724,-,0
pncA_2287723_-,-0.0008160891138049,0.0,pncA,2287723,-,0
pncA_2287722_-,-0.0008160891138049,0.0,pncA,2287722,-,0
pncA_2287721_-,-0.0008160891138049,0.0,pncA,2287721,-,0
pncA_2287720_-,-0.0008160891138049,0.0,pncA,2287720,-,0
pncA_2287718_-,-0.0008160891138049,0.0,pncA,2287718,-,0
pncA_2287735_-,-0.0008160891138049,0.0,pncA,2287735,-,0
pncA_2287717_-,-0.0008160891138049,0.0,pncA,2287717,-,0
pncA_2287716_-,-0.0008160891138049,0.0,pncA,2287716,-,0
pncA_2287715_-,-0.0008160891138049,0.0,pncA,2287715,-,0
pncA_2287714_-,-0.0008160891138049,0.0,pncA,2287714,-,0
pncA_2287713_-,-0.0004479566610915,0.1,pncA,2287713,-,0
pncA_2287712_-,-0.0004479566610915,0.1,pncA,2287712,-,0
pncA_2287711_-,-0.0004479566610915,0.1,pncA,2287711,-,0
pncA_2287710_-,-0.0004479566610915,0.1,pncA,2287710,-,0
pncA_2287709_-,-0.0004479566610915,0.1,pncA,2287709,-,0
pncA_2287708_-,-0.0004479566610915,0.1,pncA,2287708,-,0
pncA_2287707_-,-0.0004479566610915,0.1,pncA,2287707,-,0
pncA_2287706_-,-0.0004479566610915,0.1,pncA,2287706,-,0
pncA_2287705_-,-0.0004479566610915,0.1,pncA,2287705,-,0
pncA_2287704_-,-0.0004479566610915,0.1,pncA,2287704,-,0
pncA_2287734_-,-0.0008160891138049,0.0,pncA,2287734,-,0
pncA_2287737_-,-0.0008160891138049,0.0,pncA,2287737,-,0
pncA_2287702_-,-0.0004479566610915,0.1,pncA,2287702,-,0
pncA_2287754_-,-0.0008160891138049,0.0,pncA,2287754,-,0
pncA_2287768_-,-0.0008160891138049,0.0,pncA,2287768,-,0
pncA_2287767_-,-0.0008160891138049,0.0,pncA,2287767,-,0
pncA_2287766_-,-0.0008160891138049,0.0,pncA,2287766,-,0
pncA_2287765_-,-0.0008160891138049,0.0,pncA,2287765,-,0
pncA_2287764_-,-0.0008160891138049,0.0,pncA,2287764,-,0
pncA_2287763_-,-0.0008160891138049,0.0,pncA,2287763,-,0
pncA_2287762_-,-0.0008160891138049,0.0,pncA,2287762,-,0
pncA_2287761_-,-0.0008160891138049,0.0,pncA,2287761,-,0
pncA_2287760_-,-0.0008160891138049,0.0,pncA,2287760,-,0
pncA_2287759_-,-0.0008160891138049,0.0,pncA,2287759,-,0
pncA_2287758_-,-0.0008160891138049,0.0,pncA,2287758,-,0
pncA_2287757_-,-0.0008160891138049,0.0,pncA,2287757,-,0
pncA_2287756_-,-0.0008160891138049,0.0,pncA,2287756,-,0
pncA_2287755_-,-0.0008160891138049,0.0,pncA,2287755,-,0
pncA_2287753_-,-0.0008160891138049,0.0,pncA,2287753,-,0
pncA_2287738_-,-0.0008160891138049,0.0,pncA,2287738,-,0
pncA_2287752_-,-0.0008160891138049,0.0,pncA,2287752,-,0
pncA_2287751_-,-0.0008160891138049,0.0,pncA,2287751,-,0
pncA_2287750_-,-0.0008160891138049,0.0,pncA,2287750,-,0
pncA_2287749_-,-0.0008160891138049,0.0,pncA,2287749,-,0
pncA_2287748_-,-0.0008160891138049,0.0,pncA,2287748,-,0
pncA_2287747_-,-0.0008160891138049,0.0,pncA,2287747,-,0
pncA_2287746_-,-0.0008160891138049,0.0,pncA,2287746,-,0
pncA_2287745_-,-0.0008160891138049,0.0,pncA,2287745,-,0
pncA_2287744_-,-0.0008160891138049,0.0,pncA,2287744,-,0
pncA_2287743_-,-0.0008160891138049,0.0,pncA,2287743,-,0
pncA_2287742_-,-0.0008160891138049,0.0,pncA,2287742,-,0
pncA_2287741_-,-0.0008160891138049,0.0,pncA,2287741,-,0
pncA_2287740_-,-0.0008160891138049,0.0,pncA,2287740,-,0
pncA_2287739_-,-0.0008160891138049,0.0,pncA,2287739,-,0
pncA_2287703_-,-0.0004479566610915,0.1,pncA,2287703,-,0
pncA_2287701_-,-0.0004479566610915,0.1,pncA,2287701,-,0
pncA_2287633_-,-0.0004479566610915,0.1,pncA,2287633,-,0
pncA_2287651_-,-0.0004479566610915,0.1,pncA,2287651,-,0
pncA_2287665_-,-0.0004479566610915,0.1,pncA,2287665,-,0
pncA_2287664_-,-0.0004479566610915,0.1,pncA,2287664,-,0
pncA_2287663_-,-0.0004479566610915,0.1,pncA,2287663,-,0
pncA_2287662_-,-0.0004479566610915,0.1,pncA,2287662,-,0
pncA_2287661_-,-0.0004479566610915,0.1,pncA,2287661,-,0
pncA_2287660_-,-0.0004479566610915,0.1,pncA,2287660,-,0
pncA_2287659_-,-0.0004479566610915,0.1,pncA,2287659,-,0
pncA_2287658_-,-0.0004479566610915,0.1,pncA,2287658,-,0
pncA_2287657_-,-0.0004479566610915,0.1,pncA,2287657,-,0
pncA_2287656_-,-0.0004479566610915,0.1,pncA,2287656,-,0
pncA_2287655_-,-0.0004479566610915,0.1,pncA,2287655,-,0
pncA_2287654_-,-0.0004479566610915,0.1,pncA,2287654,-,0
pncA_2287653_-,-0.0004479566610915,0.1,pncA,2287653,-,0
pncA_2287652_-,-0.0004479566610915,0.1,pncA,2287652,-,0
pncA_2287650_-,-0.0004479566610915,0.1,pncA,2287650,-,0
pncA_2287667_-,-0.0004479566610915,0.1,pncA,2287667,-,0
pncA_2287649_-,-0.0004479566610915,0.1,pncA,2287649,-,0
pncA_2287648_-,-0.0004479566610915,0.1,pncA,2287648,-,0
pncA_2287647_-,-0.0004479566610915,0.1,pncA,2287647,-,0
pncA_2287646_-,-0.0004479566610915,0.1,pncA,2287646,-,0
pncA_2287645_-,-0.0004479566610915,0.1,pncA,2287645,-,0
pncA_2287644_-,-0.0004479566610915,0.1,pncA,2287644,-,0
pncA_2287642_-,-0.0004479566610915,0.1,pncA,2287642,-,0
pncA_2287641_-,-0.0004479566610915,0.1,pncA,2287641,-,0
pncA_2287640_-,-0.0004479566610915,0.1,pncA,2287640,-,0
pncA_2287639_-,-0.0004479566610915,0.1,pncA,2287639,-,0
pncA_2287638_-,-0.0004479566610915,0.1,pncA,2287638,-,0
pncA_2287637_-,-0.0004479566610915,0.1,pncA,2287637,-,0
pncA_2287635_-,-0.0004479566610915,0.1,pncA,2287635,-,0
pncA_2287634_-,-0.0004479566610915,0.1,pncA,2287634,-,0
pncA_2287666_-,-0.0004479566610915,0.1,pncA,2287666,-,0
pncA_2287668_-,-0.0004479566610915,0.1,pncA,2287668,-,0
pncA_2287700_-,-0.0004479566610915,0.1,pncA,2287700,-,0
pncA_2287685_-,-0.0004479566610915,0.1,pncA,2287685,-,0
pncA_2287699_-,-0.0004479566610915,0.1,pncA,2287699,-,0
pncA_2287698_-,-0.0004479566610915,0.1,pncA,2287698,-,0
pncA_2287697_-,-0.0004479566610915,0.1,pncA,2287697,-,0
pncA_2287696_-,-0.0004479566610915,0.1,pncA,2287696,-,0
pncA_2287695_-,-0.0004479566610915,0.1,pncA,2287695,-,0
pncA_2287694_-,-0.0004479566610915,0.1,pncA,2287694,-,0
pncA_2287693_-,-0.0004479566610915,0.1,pncA,2287693,-,0
pncA_2287692_-,-0.0004479566610915,0.1,pncA,2287692,-,0
pncA_2287691_-,-0.0004479566610915,0.1,pncA,2287691,-,0
pncA_2287690_-,-0.0004479566610915,0.1,pncA,2287690,-,0
pncA_2287689_-,-0.0004479566610915,0.1,pncA,2287689,-,0
pncA_2287688_-,-0.0004479566610915,0.1,pncA,2287688,-,0
pncA_2287687_-,-0.0004479566610915,0.1,pncA,2287687,-,0
pncA_2287686_-,-0.0004479566610915,0.1,pncA,2287686,-,0
pncA_2287684_-,-0.0004479566610915,0.1,pncA,2287684,-,0
pncA_2287669_-,-0.0004479566610915,0.1,pncA,2287669,-,0
pncA_2287683_-,-0.0004479566610915,0.1,pncA,2287683,-,0
pncA_2287682_-,-0.0004479566610915,0.1,pncA,2287682,-,0
pncA_2287681_-,-0.0004479566610915,0.1,pncA,2287681,-,0
pncA_2287680_-,-0.0004479566610915,0.1,pncA,2287680,-,0
pncA_2287679_-,-0.0004479566610915,0.1,pncA,2287679,-,0
pncA_2287678_-,-0.0004479566610915,0.1,pncA,2287678,-,0
pncA_2287677_-,-0.0004479566610915,0.1,pncA,2287677,-,0
pncA_2287676_-,-0.0004479566610915,0.1,pncA,2287676,-,0
pncA_2287675_-,-0.0004479566610915,0.1,pncA,2287675,-,0
pncA_2287674_-,-0.0004479566610915,0.1,pncA,2287674,-,0
pncA_2287673_-,-0.0004479566610915,0.1,pncA,2287673,-,0
pncA_2287672_-,-0.0004479566610915,0.1,pncA,2287672,-,0
pncA_2287671_-,-0.0004479566610915,0.1,pncA,2287671,-,0
pncA_2287670_-,-0.0004479566610915,0.1,pncA,2287670,-,0
pncA_2289075_-,-0.0008160891138049,0.0,pncA,2289075,-,0
pncA_2291268_-,-0.0003681324527134,0.0,pncA,2291268,-,0
pncA_2289077_-,-0.0008160891138049,0.0,pncA,2289077,-,0
pncA_2290540_-,-0.0001172029577063,0.6,pncA,2290540,-,0
pncA_2290554_-,-0.0001172029577063,0.6,pncA,2290554,-,0
pncA_2290553_-,-0.0001172029577063,0.6,pncA,2290553,-,0
pncA_2290552_-,-0.0001172029577063,0.6,pncA,2290552,-,0
pncA_2290551_-,-0.0001172029577063,0.6,pncA,2290551,-,0
pncA_2290550_-,-0.0001172029577063,0.6,pncA,2290550,-,0
pncA_2290549_-,-0.0001172029577063,0.6,pncA,2290549,-,0
pncA_2290548_-,-0.0001172029577063,0.6,pncA,2290548,-,0
pncA_2290547_-,-0.0001172029577063,0.6,pncA,2290547,-,0
pncA_2290546_-,-0.0001172029577063,0.6,pncA,2290546,-,0
pncA_2290545_-,-0.0001172029577063,0.6,pncA,2290545,-,0
pncA_2290544_-,-0.0001172029577063,0.6,pncA,2290544,-,0
pncA_2290543_-,-0.0001172029577063,0.6,pncA,2290543,-,0
pncA_2290542_-,-0.0001172029577063,0.6,pncA,2290542,-,0
pncA_2290541_-,-0.0001172029577063,0.6,pncA,2290541,-,0
pncA_2290539_-,-0.0001172029577063,0.6,pncA,2290539,-,0
pncA_2290556_-,-0.0001172029577063,0.6,pncA,2290556,-,0
pncA_2290538_-,-0.0001172029577063,0.6,pncA,2290538,-,0
pncA_2290537_-,-0.0001172029577063,0.6,pncA,2290537,-,0
pncA_2290536_-,-0.0001172029577063,0.6,pncA,2290536,-,0
pncA_2290535_-,-0.0001172029577063,0.6,pncA,2290535,-,0
pncA_2290534_-,-0.0001172029577063,0.6,pncA,2290534,-,0
pncA_2290533_-,-0.0001172029577063,0.6,pncA,2290533,-,0
pncA_2290532_-,-0.0001172029577063,0.6,pncA,2290532,-,0
pncA_2290531_-,-0.0001172029577063,0.6,pncA,2290531,-,0
pncA_2290530_-,-0.0001172029577063,0.6,pncA,2290530,-,0
pncA_2290529_-,-0.0001172029577063,0.6,pncA,2290529,-,0
pncA_2290528_-,-0.0001172029577063,0.6,pncA,2290528,-,0
pncA_2290527_-,-0.0001172029577063,0.6,pncA,2290527,-,0
pncA_2290526_-,-0.0001172029577063,0.6,pncA,2290526,-,0
pncA_2290525_-,-0.0001172029577063,0.6,pncA,2290525,-,0
pncA_2290555_-,-0.0001172029577063,0.6,pncA,2290555,-,0
pncA_2290557_-,-0.0001172029577063,0.6,pncA,2290557,-,0
pncA_2290456_-,-0.0001172029577063,0.6,pncA,2290456,-,0
pncA_2290575_-,-0.0001172029577063,0.6,pncA,2290575,-,0
pncA_2290589_-,-0.0001172029577063,0.6,pncA,2290589,-,0
pncA_2290588_-,-0.0001172029577063,0.6,pncA,2290588,-,0
pncA_2290587_-,-0.0001172029577063,0.6,pncA,2290587,-,0
pncA_2290586_-,-0.0001172029577063,0.6,pncA,2290586,-,0
pncA_2290585_-,-0.0001172029577063,0.6,pncA,2290585,-,0
pncA_2290584_-,-0.0001172029577063,0.6,pncA,2290584,-,0
pncA_2290583_-,-0.0001172029577063,0.6,pncA,2290583,-,0
pncA_2290582_-,-0.0001172029577063,0.6,pncA,2290582,-,0
pncA_2290581_-,-0.0001172029577063,0.6,pncA,2290581,-,0
pncA_2290580_-,-0.0001172029577063,0.6,pncA,2290580,-,0
pncA_2290579_-,-0.0001172029577063,0.6,pncA,2290579,-,0
pncA_2290578_-,-0.0001172029577063,0.6,pncA,2290578,-,0
pncA_2290577_-,-0.0001172029577063,0.6,pncA,2290577,-,0
pncA_2290576_-,-0.0001172029577063,0.6,pncA,2290576,-,0
pncA_2290574_-,-0.0001172029577063,0.6,pncA,2290574,-,0
pncA_2290558_-,-0.0001172029577063,0.6,pncA,2290558,-,0
pncA_2290573_-,-0.0001172029577063,0.6,pncA,2290573,-,0
pncA_2290572_-,-0.0001172029577063,0.6,pncA,2290572,-,0
pncA_2290571_-,-0.0001172029577063,0.6,pncA,2290571,-,0
pncA_2290570_-,-0.0001172029577063,0.6,pncA,2290570,-,0
pncA_2290569_-,-0.0001172029577063,0.6,pncA,2290569,-,0
pncA_2290568_-,-0.0001172029577063,0.6,pncA,2290568,-,0
pncA_2290566_-,-0.0001172029577063,0.6,pncA,2290566,-,0
pncA_2290565_-,-0.0001172029577063,0.6,pncA,2290565,-,0
pncA_2290564_-,-0.0001172029577063,0.6,pncA,2290564,-,0
pncA_2290563_-,-0.0001172029577063,0.6,pncA,2290563,-,0
pncA_2290562_-,-0.0001172029577063,0.6,pncA,2290562,-,0
pncA_2290561_-,-0.0001172029577063,0.6,pncA,2290561,-,0
pncA_2290560_-,-0.0001172029577063,0.6,pncA,2290560,-,0
pncA_2290559_-,-0.0001172029577063,0.6,pncA,2290559,-,0
pncA_2290524_-,-0.0001172029577063,0.6,pncA,2290524,-,0
pncA_2290523_-,-0.0001172029577063,0.6,pncA,2290523,-,0
pncA_2290522_-,-0.0001172029577063,0.6,pncA,2290522,-,0
pncA_2290473_-,-0.0001172029577063,0.6,pncA,2290473,-,0
pncA_2290487_-,-0.0001172029577063,0.6,pncA,2290487,-,0
pncA_2290486_-,-0.0001172029577063,0.6,pncA,2290486,-,0
pncA_2290485_-,-0.0001172029577063,0.6,pncA,2290485,-,0
pncA_2290484_-,-0.0001172029577063,0.6,pncA,2290484,-,0
pncA_2290483_-,-0.0001172029577063,0.6,pncA,2290483,-,0
pncA_2290482_-,-0.0001172029577063,0.6,pncA,2290482,-,0
pncA_2290481_-,-0.0001172029577063,0.6,pncA,2290481,-,0
pncA_2290480_-,-0.0001172029577063,0.6,pncA,2290480,-,0
pncA_2290479_-,-0.0001172029577063,0.6,pncA,2290479,-,0
pncA_2290478_-,-0.0001172029577063,0.6,pncA,2290478,-,0
pncA_2290477_-,-0.0001172029577063,0.6,pncA,2290477,-,0
pncA_2290476_-,-0.0001172029577063,0.6,pncA,2290476,-,0
pncA_2290475_-,-0.0001172029577063,0.6,pncA,2290475,-,0
pncA_2290474_-,-0.0001172029577063,0.6,pncA,2290474,-,0
pncA_2290472_-,-0.0001172029577063,0.6,pncA,2290472,-,0
pncA_2290521_-,-0.0001172029577063,0.6,pncA,2290521,-,0
pncA_2290471_-,-0.0001172029577063,0.6,pncA,2290471,-,0
pncA_2290470_-,-0.0001172029577063,0.6,pncA,2290470,-,0
pncA_2290469_-,-0.0001172029577063,0.6,pncA,2290469,-,0
pncA_2290468_-,-0.0001172029577063,0.6,pncA,2290468,-,0
pncA_2290467_-,-0.0001172029577063,0.6,pncA,2290467,-,0
pncA_2290466_-,-0.0001172029577063,0.6,pncA,2290466,-,0
pncA_2290465_-,-0.0001172029577063,0.6,pncA,2290465,-,0
pncA_2290464_-,-0.0001172029577063,0.6,pncA,2290464,-,0
pncA_2290463_-,-0.0001172029577063,0.6,pncA,2290463,-,0
pncA_2290462_-,-0.0001172029577063,0.6,pncA,2290462,-,0
pncA_2290461_-,-0.0001172029577063,0.6,pncA,2290461,-,0
pncA_2290460_-,-0.0001172029577063,0.6,pncA,2290460,-,0
pncA_2290459_-,-0.0001172029577063,0.6,pncA,2290459,-,0
pncA_2290458_-,-0.0001172029577063,0.6,pncA,2290458,-,0
pncA_2290488_-,-0.0001172029577063,0.6,pncA,2290488,-,0
pncA_2290489_-,-0.0001172029577063,0.6,pncA,2290489,-,0
pncA_2290490_-,-0.0001172029577063,0.6,pncA,2290490,-,0
pncA_2290491_-,-0.0001172029577063,0.6,pncA,2290491,-,0
pncA_2290520_-,-0.0001172029577063,0.6,pncA,2290520,-,0
pncA_2290519_-,-0.0001172029577063,0.6,pncA,2290519,-,0
pncA_2290518_-,-0.0001172029577063,0.6,pncA,2290518,-,0
pncA_2290517_-,-0.0001172029577063,0.6,pncA,2290517,-,0
pncA_2290516_-,-0.0001172029577063,0.6,pncA,2290516,-,0
pncA_2290515_-,-0.0001172029577063,0.6,pncA,2290515,-,0
pncA_2290514_-,-0.0001172029577063,0.6,pncA,2290514,-,0
pncA_2290513_-,-0.0001172029577063,0.6,pncA,2290513,-,0
pncA_2290512_-,-0.0001172029577063,0.6,pncA,2290512,-,0
pncA_2290511_-,-0.0001172029577063,0.6,pncA,2290511,-,0
pncA_2290510_-,-0.0001172029577063,0.6,pncA,2290510,-,0
pncA_2290509_-,-0.0001172029577063,0.6,pncA,2290509,-,0
pncA_2290508_-,-0.0001172029577063,0.6,pncA,2290508,-,0
pncA_2290507_-,-0.0001172029577063,0.6,pncA,2290507,-,0
pncA_2290506_-,-0.0001172029577063,0.6,pncA,2290506,-,0
pncA_2290505_-,-0.0001172029577063,0.6,pncA,2290505,-,0
pncA_2290504_-,-0.0001172029577063,0.6,pncA,2290504,-,0
pncA_2290503_-,-0.0001172029577063,0.6,pncA,2290503,-,0
pncA_2290502_-,-0.0001172029577063,0.6,pncA,2290502,-,0
pncA_2290501_-,-0.0001172029577063,0.6,pncA,2290501,-,0
pncA_2290500_-,-0.0001172029577063,0.6,pncA,2290500,-,0
pncA_2290499_-,-0.0001172029577063,0.6,pncA,2290499,-,0
pncA_2290498_-,-0.0001172029577063,0.6,pncA,2290498,-,0
pncA_2290497_-,-0.0001172029577063,0.6,pncA,2290497,-,0
pncA_2290496_-,-0.0001172029577063,0.6,pncA,2290496,-,0
pncA_2290495_-,-0.0001172029577063,0.6,pncA,2290495,-,0
pncA_2290494_-,-0.0001172029577063,0.6,pncA,2290494,-,0
pncA_2290493_-,-0.0001172029577063,0.6,pncA,2290493,-,0
pncA_2290492_-,-0.0001172029577063,0.6,pncA,2290492,-,0
pncA_2290590_-,-0.0001172029577063,0.6,pncA,2290590,-,0
pncA_2290591_-,-0.0001172029577063,0.6,pncA,2290591,-,0
pncA_2290592_-,-0.0001172029577063,0.6,pncA,2290592,-,0
pncA_2290677_-,-0.0001172029577063,0.6,pncA,2290677,-,0
pncA_2290691_-,-0.0001172029577063,0.6,pncA,2290691,-,0
pncA_2290690_-,-0.0001172029577063,0.6,pncA,2290690,-,0
pncA_2290689_-,-0.0001172029577063,0.6,pncA,2290689,-,0
pncA_2290688_-,-0.0001172029577063,0.6,pncA,2290688,-,0
pncA_2290687_-,-0.0001172029577063,0.6,pncA,2290687,-,0
pncA_2290686_-,-0.0001172029577063,0.6,pncA,2290686,-,0
pncA_2290685_-,-0.0001172029577063,0.6,pncA,2290685,-,0
pncA_2290684_-,-0.0001172029577063,0.6,pncA,2290684,-,0
pncA_2290683_-,-0.0001172029577063,0.6,pncA,2290683,-,0
pncA_2290682_-,-0.0001172029577063,0.6,pncA,2290682,-,0
pncA_2290681_-,-0.0001172029577063,0.6,pncA,2290681,-,0
pncA_2290680_-,-0.0001172029577063,0.6,pncA,2290680,-,0
pncA_2290679_-,-0.0001172029577063,0.6,pncA,2290679,-,0
pncA_2290678_-,-0.0001172029577063,0.6,pncA,2290678,-,0
pncA_2290676_-,-0.0001172029577063,0.6,pncA,2290676,-,0
pncA_2290660_-,-0.0001172029577063,0.6,pncA,2290660,-,0
pncA_2290675_-,-0.0001172029577063,0.6,pncA,2290675,-,0
pncA_2290674_-,-0.0001172029577063,0.6,pncA,2290674,-,0
pncA_2290673_-,-0.0001172029577063,0.6,pncA,2290673,-,0
pncA_2290672_-,-0.0001172029577063,0.6,pncA,2290672,-,0
pncA_2290671_-,-0.0001172029577063,0.6,pncA,2290671,-,0
pncA_2290670_-,-0.0001172029577063,0.6,pncA,2290670,-,0
pncA_2290669_-,-0.0001172029577063,0.6,pncA,2290669,-,0
pncA_2290668_-,-0.0001172029577063,0.6,pncA,2290668,-,0
pncA_2290667_-,-0.0001172029577063,0.6,pncA,2290667,-,0
pncA_2290666_-,-0.0001172029577063,0.6,pncA,2290666,-,0
pncA_2290665_-,-0.0001172029577063,0.6,pncA,2290665,-,0
pncA_2290664_-,-0.0001172029577063,0.6,pncA,2290664,-,0
pncA_2290663_-,-0.0001172029577063,0.6,pncA,2290663,-,0
pncA_2290662_-,-0.0001172029577063,0.6,pncA,2290662,-,0
pncA_2290692_-,-0.0001172029577063,0.6,pncA,2290692,-,0
pncA_2290693_-,-0.0001172029577063,0.6,pncA,2290693,-,0
pncA_2290694_-,-0.0001172029577063,0.6,pncA,2290694,-,0
pncA_2290695_-,-0.0001172029577063,0.6,pncA,2290695,-,0
pncA_2290724_-,-0.0001172029577063,0.6,pncA,2290724,-,0
pncA_2290723_-,-0.0001172029577063,0.6,pncA,2290723,-,0
pncA_2290722_-,-0.0001172029577063,0.6,pncA,2290722,-,0
pncA_2290721_-,-0.0001172029577063,0.6,pncA,2290721,-,0
pncA_2290720_-,-0.0001172029577063,0.6,pncA,2290720,-,0
pncA_2290719_-,-0.0001172029577063,0.6,pncA,2290719,-,0
pncA_2290718_-,-0.0001172029577063,0.6,pncA,2290718,-,0
pncA_2290717_-,-0.0001172029577063,0.6,pncA,2290717,-,0
pncA_2290716_-,-0.0001172029577063,0.6,pncA,2290716,-,0
pncA_2290715_-,-0.0001172029577063,0.6,pncA,2290715,-,0
pncA_2290714_-,-0.0001172029577063,0.6,pncA,2290714,-,0
pncA_2290713_-,-0.0001172029577063,0.6,pncA,2290713,-,0
pncA_2290712_-,-0.0001172029577063,0.6,pncA,2290712,-,0
pncA_2290711_-,-0.0001172029577063,0.6,pncA,2290711,-,0
pncA_2290710_-,-0.0001172029577063,0.6,pncA,2290710,-,0
pncA_2290709_-,-0.0001172029577063,0.6,pncA,2290709,-,0
pncA_2290708_-,-0.0001172029577063,0.6,pncA,2290708,-,0
pncA_2290707_-,-0.0001172029577063,0.6,pncA,2290707,-,0
pncA_2290706_-,-0.0001172029577063,0.6,pncA,2290706,-,0
pncA_2290705_-,-0.0001172029577063,0.6,pncA,2290705,-,0
pncA_2290704_-,-0.0001172029577063,0.6,pncA,2290704,-,0
pncA_2290703_-,-0.0001172029577063,0.6,pncA,2290703,-,0
pncA_2290702_-,-0.0001172029577063,0.6,pncA,2290702,-,0
pncA_2290701_-,-0.0001172029577063,0.6,pncA,2290701,-,0
pncA_2290700_-,-0.0001172029577063,0.6,pncA,2290700,-,0
pncA_2290699_-,-0.0001172029577063,0.6,pncA,2290699,-,0
pncA_2290698_-,-0.0001172029577063,0.6,pncA,2290698,-,0
pncA_2290697_-,-0.0001172029577063,0.6,pncA,2290697,-,0
pncA_2290696_-,-0.0001172029577063,0.6,pncA,2290696,-,0
pncA_2290661_-,-0.0001172029577063,0.6,pncA,2290661,-,0
pncA_2290659_-,-0.0001172029577063,0.6,pncA,2290659,-,0
pncA_2290593_-,-0.0001172029577063,0.6,pncA,2290593,-,0
pncA_2290610_-,-0.0001172029577063,0.6,pncA,2290610,-,0
pncA_2290624_-,-0.0001172029577063,0.6,pncA,2290624,-,0
pncA_2290623_-,-0.0001172029577063,0.6,pncA,2290623,-,0
pncA_2290622_-,-0.0001172029577063,0.6,pncA,2290622,-,0
pncA_2290621_-,-0.0001172029577063,0.6,pncA,2290621,-,0
pncA_2290620_-,-0.0001172029577063,0.6,pncA,2290620,-,0
pncA_2290619_-,-0.0001172029577063,0.6,pncA,2290619,-,0
pncA_2290618_-,-0.0001172029577063,0.6,pncA,2290618,-,0
pncA_2290617_-,-0.0001172029577063,0.6,pncA,2290617,-,0
pncA_2290616_-,-0.0001172029577063,0.6,pncA,2290616,-,0
pncA_2290615_-,-0.0001172029577063,0.6,pncA,2290615,-,0
pncA_2290614_-,-0.0001172029577063,0.6,pncA,2290614,-,0
pncA_2290613_-,-0.0001172029577063,0.6,pncA,2290613,-,0
pncA_2290612_-,-0.0001172029577063,0.6,pncA,2290612,-,0
pncA_2290611_-,-0.0001172029577063,0.6,pncA,2290611,-,0
pncA_2290609_-,-0.0001172029577063,0.6,pncA,2290609,-,0
pncA_2290658_-,-0.0001172029577063,0.6,pncA,2290658,-,0
pncA_2290608_-,-0.0001172029577063,0.6,pncA,2290608,-,0
pncA_2290607_-,-0.0001172029577063,0.6,pncA,2290607,-,0
pncA_2290606_-,-0.0001172029577063,0.6,pncA,2290606,-,0
pncA_2290605_-,-0.0001172029577063,0.6,pncA,2290605,-,0
pncA_2290604_-,-0.0001172029577063,0.6,pncA,2290604,-,0
pncA_2290603_-,-0.0001172029577063,0.6,pncA,2290603,-,0
pncA_2290602_-,-0.0001172029577063,0.6,pncA,2290602,-,0
pncA_2290601_-,-0.0001172029577063,0.6,pncA,2290601,-,0
pncA_2290600_-,-0.0001172029577063,0.6,pncA,2290600,-,0
pncA_2290599_-,-0.0001172029577063,0.6,pncA,2290599,-,0
pncA_2290598_-,-0.0001172029577063,0.6,pncA,2290598,-,0
pncA_2290597_-,-0.0001172029577063,0.6,pncA,2290597,-,0
pncA_2290595_-,-0.0001172029577063,0.6,pncA,2290595,-,0
pncA_2290594_-,-0.0001172029577063,0.6,pncA,2290594,-,0
pncA_2290625_-,-0.0001172029577063,0.6,pncA,2290625,-,0
pncA_2290626_-,-0.0001172029577063,0.6,pncA,2290626,-,0
pncA_2290627_-,-0.0001172029577063,0.6,pncA,2290627,-,0
pncA_2290628_-,-0.0001172029577063,0.6,pncA,2290628,-,0
pncA_2290657_-,-0.0001172029577063,0.6,pncA,2290657,-,0
pncA_2290656_-,-0.0001172029577063,0.6,pncA,2290656,-,0
pncA_2290655_-,-0.0001172029577063,0.6,pncA,2290655,-,0
pncA_2290654_-,-0.0001172029577063,0.6,pncA,2290654,-,0
pncA_2290653_-,-0.0001172029577063,0.6,pncA,2290653,-,0
pncA_2290652_-,-0.0001172029577063,0.6,pncA,2290652,-,0
pncA_2290651_-,-0.0001172029577063,0.6,pncA,2290651,-,0
pncA_2290650_-,-0.0001172029577063,0.6,pncA,2290650,-,0
pncA_2290649_-,-0.0001172029577063,0.6,pncA,2290649,-,0
pncA_2290648_-,-0.0001172029577063,0.6,pncA,2290648,-,0
pncA_2290647_-,-0.0001172029577063,0.6,pncA,2290647,-,0
pncA_2290646_-,-0.0001172029577063,0.6,pncA,2290646,-,0
pncA_2290645_-,-0.0001172029577063,0.6,pncA,2290645,-,0
pncA_2290644_-,-0.0001172029577063,0.6,pncA,2290644,-,0
pncA_2290643_-,-0.0001172029577063,0.6,pncA,2290643,-,0
pncA_2290642_-,-0.0001172029577063,0.6,pncA,2290642,-,0
pncA_2290641_-,-0.0001172029577063,0.6,pncA,2290641,-,0
pncA_2290640_-,-0.0001172029577063,0.6,pncA,2290640,-,0
pncA_2290639_-,-0.0001172029577063,0.6,pncA,2290639,-,0
pncA_2290638_-,-0.0001172029577063,0.6,pncA,2290638,-,0
pncA_2290637_-,-0.0001172029577063,0.6,pncA,2290637,-,0
pncA_2290636_-,-0.0001172029577063,0.6,pncA,2290636,-,0
pncA_2290635_-,-0.0001172029577063,0.6,pncA,2290635,-,0
pncA_2290634_-,-0.0001172029577063,0.6,pncA,2290634,-,0
pncA_2290633_-,-0.0001172029577063,0.6,pncA,2290633,-,0
pncA_2290632_-,-0.0001172029577063,0.6,pncA,2290632,-,0
pncA_2290631_-,-0.0001172029577063,0.6,pncA,2290631,-,0
pncA_2290630_-,-0.0001172029577063,0.6,pncA,2290630,-,0
pncA_2290629_-,-0.0001172029577063,0.6,pncA,2290629,-,0
pncA_2290457_-,-0.0001172029577063,0.6,pncA,2290457,-,0
pncA_2290455_-,-0.0001172029577063,0.6,pncA,2290455,-,0
pncA_2290726_-,-0.0001172029577063,0.6,pncA,2290726,-,0
pncA_2290270_-,-0.0001172029577063,0.6,pncA,2290270,-,0
pncA_2290284_-,-0.0001172029577063,0.6,pncA,2290284,-,0
pncA_2290283_-,-0.0001172029577063,0.6,pncA,2290283,-,0
pncA_2290282_-,-0.0001172029577063,0.6,pncA,2290282,-,0
pncA_2290281_-,-0.0001172029577063,0.6,pncA,2290281,-,0
pncA_2290280_-,-0.0001172029577063,0.6,pncA,2290280,-,0
pncA_2290279_-,-0.0001172029577063,0.6,pncA,2290279,-,0
pncA_2290278_-,-0.0001172029577063,0.6,pncA,2290278,-,0
pncA_2290277_-,-0.0001172029577063,0.6,pncA,2290277,-,0
pncA_2290276_-,-0.0001172029577063,0.6,pncA,2290276,-,0
pncA_2290275_-,-0.0001172029577063,0.6,pncA,2290275,-,0
pncA_2290274_-,-0.0001172029577063,0.6,pncA,2290274,-,0
pncA_2290273_-,-0.0001172029577063,0.6,pncA,2290273,-,0
pncA_2290272_-,-0.0001172029577063,0.6,pncA,2290272,-,0
pncA_2290271_-,-0.0001172029577063,0.6,pncA,2290271,-,0
pncA_2290269_-,-0.0001172029577063,0.6,pncA,2290269,-,0
pncA_2290286_-,-0.0001172029577063,0.6,pncA,2290286,-,0
pncA_2290268_-,-0.0001172029577063,0.6,pncA,2290268,-,0
pncA_2290267_-,-0.0001172029577063,0.6,pncA,2290267,-,0
pncA_2290266_-,-0.0001172029577063,0.6,pncA,2290266,-,0
pncA_2290265_-,-0.0001172029577063,0.6,pncA,2290265,-,0
pncA_2290264_-,-0.0001172029577063,0.6,pncA,2290264,-,0
pncA_2290263_-,-0.0001172029577063,0.6,pncA,2290263,-,0
pncA_2290262_-,-0.0001172029577063,0.6,pncA,2290262,-,0
pncA_2290261_-,-0.0001172029577063,0.6,pncA,2290261,-,0
pncA_2290260_-,-0.0001172029577063,0.6,pncA,2290260,-,0
pncA_2290259_-,-0.0001172029577063,0.6,pncA,2290259,-,0
pncA_2290258_-,-0.0001172029577063,0.6,pncA,2290258,-,0
pncA_2290257_-,-0.0001172029577063,0.6,pncA,2290257,-,0
pncA_2290256_-,-0.0001172029577063,0.6,pncA,2290256,-,0
pncA_2290255_-,-0.0001172029577063,0.6,pncA,2290255,-,0
pncA_2290285_-,-0.0001172029577063,0.6,pncA,2290285,-,0
pncA_2290287_-,-0.0001172029577063,0.6,pncA,2290287,-,0
pncA_2290454_-,-0.0001172029577063,0.6,pncA,2290454,-,0
pncA_2290304_-,-0.0001172029577063,0.6,pncA,2290304,-,0
pncA_2290318_-,-0.0001172029577063,0.6,pncA,2290318,-,0
pncA_2290317_-,-0.0001172029577063,0.6,pncA,2290317,-,0
pncA_2290316_-,-0.0001172029577063,0.6,pncA,2290316,-,0
pncA_2290315_-,-0.0001172029577063,0.6,pncA,2290315,-,0
pncA_2290314_-,-0.0001172029577063,0.6,pncA,2290314,-,0
pncA_2290313_-,-0.0001172029577063,0.6,pncA,2290313,-,0
pncA_2290312_-,-0.0001172029577063,0.6,pncA,2290312,-,0
pncA_2290311_-,-0.0001172029577063,0.6,pncA,2290311,-,0
pncA_2290310_-,-0.0001172029577063,0.6,pncA,2290310,-,0
pncA_2290309_-,-0.0001172029577063,0.6,pncA,2290309,-,0
pncA_2290308_-,-0.0001172029577063,0.6,pncA,2290308,-,0
pncA_2290307_-,-0.0001172029577063,0.6,pncA,2290307,-,0
pncA_2290306_-,-0.0001172029577063,0.6,pncA,2290306,-,0
pncA_2290305_-,-0.0001172029577063,0.6,pncA,2290305,-,0
pncA_2290303_-,-0.0001172029577063,0.6,pncA,2290303,-,0
pncA_2290288_-,-0.0001172029577063,0.6,pncA,2290288,-,0
pncA_2290302_-,-0.0001172029577063,0.6,pncA,2290302,-,0
pncA_2290301_-,-0.0001172029577063,0.6,pncA,2290301,-,0
pncA_2290300_-,-0.0001172029577063,0.6,pncA,2290300,-,0
pncA_2290299_-,-0.0001172029577063,0.6,pncA,2290299,-,0
pncA_2290298_-,-0.0001172029577063,0.6,pncA,2290298,-,0
pncA_2290297_-,-0.0001172029577063,0.6,pncA,2290297,-,0
pncA_2290296_-,-0.0001172029577063,0.6,pncA,2290296,-,0
pncA_2290295_-,-0.0001172029577063,0.6,pncA,2290295,-,0
pncA_2290294_-,-0.0001172029577063,0.6,pncA,2290294,-,0
pncA_2290293_-,-0.0001172029577063,0.6,pncA,2290293,-,0
pncA_2290292_-,-0.0001172029577063,0.6,pncA,2290292,-,0
pncA_2290291_-,-0.0001172029577063,0.6,pncA,2290291,-,0
pncA_2290290_-,-0.0001172029577063,0.6,pncA,2290290,-,0
pncA_2290289_-,-0.0001172029577063,0.6,pncA,2290289,-,0
pncA_2290254_-,-0.0001172029577063,0.6,pncA,2290254,-,0
pncA_2290253_-,-0.0001172029577063,0.6,pncA,2290253,-,0
pncA_2290252_-,-0.0001172029577063,0.6,pncA,2290252,-,0
pncA_2290203_-,-0.0001172029577063,0.6,pncA,2290203,-,0
pncA_2290217_-,-0.0001172029577063,0.6,pncA,2290217,-,0
pncA_2290216_-,-0.0001172029577063,0.6,pncA,2290216,-,0
pncA_2290215_-,-0.0001172029577063,0.6,pncA,2290215,-,0
pncA_2290214_-,-0.0001172029577063,0.6,pncA,2290214,-,0
pncA_2290213_-,-0.0001172029577063,0.6,pncA,2290213,-,0
pncA_2290212_-,-0.0001172029577063,0.6,pncA,2290212,-,0
pncA_2290211_-,-0.0001172029577063,0.6,pncA,2290211,-,0
pncA_2290210_-,-0.0001172029577063,0.6,pncA,2290210,-,0
pncA_2290209_-,-0.0001172029577063,0.6,pncA,2290209,-,0
pncA_2290208_-,-0.0001172029577063,0.6,pncA,2290208,-,0
pncA_2290207_-,-0.0001172029577063,0.6,pncA,2290207,-,0
pncA_2290206_-,-0.0001172029577063,0.6,pncA,2290206,-,0
pncA_2290205_-,-0.0001172029577063,0.6,pncA,2290205,-,0
pncA_2290204_-,-0.0001172029577063,0.6,pncA,2290204,-,0
pncA_2290202_-,-0.0001172029577063,0.6,pncA,2290202,-,0
pncA_2290251_-,-0.0001172029577063,0.6,pncA,2290251,-,0
pncA_2290201_-,-0.0001172029577063,0.6,pncA,2290201,-,0
pncA_2290200_-,-0.0001172029577063,0.6,pncA,2290200,-,0
pncA_2290199_-,-0.0001172029577063,0.6,pncA,2290199,-,0
pncA_2290198_-,-0.0001172029577063,0.6,pncA,2290198,-,0
pncA_2290197_-,-0.0001172029577063,0.6,pncA,2290197,-,0
pncA_2290196_-,-0.0001172029577063,0.6,pncA,2290196,-,0
pncA_2290195_-,-0.0001172029577063,0.6,pncA,2290195,-,0
pncA_2290194_-,-0.0001172029577063,0.6,pncA,2290194,-,0
pncA_2290193_-,-0.0001172029577063,0.6,pncA,2290193,-,0
pncA_2290192_-,-0.0001172029577063,0.6,pncA,2290192,-,0
pncA_2290191_-,-0.0001172029577063,0.6,pncA,2290191,-,0
pncA_2290190_-,-0.0001172029577063,0.6,pncA,2290190,-,0
pncA_2290189_-,-0.0001172029577063,0.6,pncA,2290189,-,0
pncA_2290188_-,-0.0001172029577063,0.6,pncA,2290188,-,0
pncA_2290218_-,-0.0001172029577063,0.6,pncA,2290218,-,0
pncA_2290219_-,-0.0001172029577063,0.6,pncA,2290219,-,0
pncA_2290220_-,-0.0001172029577063,0.6,pncA,2290220,-,0
pncA_2290221_-,-0.0001172029577063,0.6,pncA,2290221,-,0
pncA_2290250_-,-0.0001172029577063,0.6,pncA,2290250,-,0
pncA_2290249_-,-0.0001172029577063,0.6,pncA,2290249,-,0
pncA_2290248_-,-0.0001172029577063,0.6,pncA,2290248,-,0
pncA_2290247_-,-0.0001172029577063,0.6,pncA,2290247,-,0
pncA_2290246_-,-0.0001172029577063,0.6,pncA,2290246,-,0
pncA_2290245_-,-0.0001172029577063,0.6,pncA,2290245,-,0
pncA_2290244_-,-0.0001172029577063,0.6,pncA,2290244,-,0
pncA_2290243_-,-0.0001172029577063,0.6,pncA,2290243,-,0
pncA_2290242_-,-0.0001172029577063,0.6,pncA,2290242,-,0
pncA_2290241_-,-0.0001172029577063,0.6,pncA,2290241,-,0
pncA_2290240_-,-0.0001172029577063,0.6,pncA,2290240,-,0
pncA_2290239_-,-0.0001172029577063,0.6,pncA,2290239,-,0
pncA_2290238_-,-0.0001172029577063,0.6,pncA,2290238,-,0
pncA_2290237_-,-0.0001172029577063,0.6,pncA,2290237,-,0
pncA_2290236_-,-0.0001172029577063,0.6,pncA,2290236,-,0
pncA_2290235_-,-0.0001172029577063,0.6,pncA,2290235,-,0
pncA_2290234_-,-0.0001172029577063,0.6,pncA,2290234,-,0
pncA_2290233_-,-0.0001172029577063,0.6,pncA,2290233,-,0
pncA_2290232_-,-0.0001172029577063,0.6,pncA,2290232,-,0
pncA_2290231_-,-0.0001172029577063,0.6,pncA,2290231,-,0
pncA_2290230_-,-0.0001172029577063,0.6,pncA,2290230,-,0
pncA_2290229_-,-0.0001172029577063,0.6,pncA,2290229,-,0
pncA_2290228_-,-0.0001172029577063,0.6,pncA,2290228,-,0
pncA_2290227_-,-0.0001172029577063,0.6,pncA,2290227,-,0
pncA_2290226_-,-0.0001172029577063,0.6,pncA,2290226,-,0
pncA_2290225_-,-0.0001172029577063,0.6,pncA,2290225,-,0
pncA_2290224_-,-0.0001172029577063,0.6,pncA,2290224,-,0
pncA_2290223_-,-0.0001172029577063,0.6,pncA,2290223,-,0
pncA_2290222_-,-0.0001172029577063,0.6,pncA,2290222,-,0
pncA_2290319_-,-0.0001172029577063,0.6,pncA,2290319,-,0
pncA_2290320_-,-0.0001172029577063,0.6,pncA,2290320,-,0
pncA_2290321_-,-0.0001172029577063,0.6,pncA,2290321,-,0
pncA_2290406_-,-0.0001172029577063,0.6,pncA,2290406,-,0
pncA_2290420_-,-0.0001172029577063,0.6,pncA,2290420,-,0
pncA_2290419_-,-0.0001172029577063,0.6,pncA,2290419,-,0
pncA_2290418_-,-0.0001172029577063,0.6,pncA,2290418,-,0
pncA_2290417_-,-0.0001172029577063,0.6,pncA,2290417,-,0
pncA_2290416_-,-0.0001172029577063,0.6,pncA,2290416,-,0
pncA_2290415_-,-0.0001172029577063,0.6,pncA,2290415,-,0
pncA_2290414_-,-0.0001172029577063,0.6,pncA,2290414,-,0
pncA_2290413_-,-0.0001172029577063,0.6,pncA,2290413,-,0
pncA_2290412_-,-0.0001172029577063,0.6,pncA,2290412,-,0
pncA_2290411_-,-0.0001172029577063,0.6,pncA,2290411,-,0
pncA_2290410_-,-0.0001172029577063,0.6,pncA,2290410,-,0
pncA_2290409_-,-0.0001172029577063,0.6,pncA,2290409,-,0
pncA_2290408_-,-0.0001172029577063,0.6,pncA,2290408,-,0
pncA_2290407_-,-0.0001172029577063,0.6,pncA,2290407,-,0
pncA_2290405_-,-0.0001172029577063,0.6,pncA,2290405,-,0
pncA_2290388_-,-0.0001172029577063,0.6,pncA,2290388,-,0
pncA_2290404_-,-0.0001172029577063,0.6,pncA,2290404,-,0
pncA_2290403_-,-0.0001172029577063,0.6,pncA,2290403,-,0
pncA_2290402_-,-0.0001172029577063,0.6,pncA,2290402,-,0
pncA_2290401_-,-0.0001172029577063,0.6,pncA,2290401,-,0
pncA_2290400_-,-0.0001172029577063,0.6,pncA,2290400,-,0
pncA_2290399_-,-0.0001172029577063,0.6,pncA,2290399,-,0
pncA_2290398_-,-0.0001172029577063,0.6,pncA,2290398,-,0
pncA_2290397_-,-0.0001172029577063,0.6,pncA,2290397,-,0
pncA_2290396_-,-0.0001172029577063,0.6,pncA,2290396,-,0
pncA_2290395_-,-0.0001172029577063,0.6,pncA,2290395,-,0
pncA_2290394_-,-0.0001172029577063,0.6,pncA,2290394,-,0
pncA_2290392_-,-0.0001172029577063,0.6,pncA,2290392,-,0
pncA_2290391_-,-0.0001172029577063,0.6,pncA,2290391,-,0
pncA_2290390_-,-0.0001172029577063,0.6,pncA,2290390,-,0
pncA_2290421_-,-0.0001172029577063,0.6,pncA,2290421,-,0
pncA_2290422_-,-0.0001172029577063,0.6,pncA,2290422,-,0
pncA_2290423_-,-0.0001172029577063,0.6,pncA,2290423,-,0
pncA_2290424_-,-0.0001172029577063,0.6,pncA,2290424,-,0
pncA_2290453_-,-0.0001172029577063,0.6,pncA,2290453,-,0
pncA_2290452_-,-0.0001172029577063,0.6,pncA,2290452,-,0
pncA_2290451_-,-0.0001172029577063,0.6,pncA,2290451,-,0
pncA_2290450_-,-0.0001172029577063,0.6,pncA,2290450,-,0
pncA_2290449_-,-0.0001172029577063,0.6,pncA,2290449,-,0
pncA_2290448_-,-0.0001172029577063,0.6,pncA,2290448,-,0
pncA_2290447_-,-0.0001172029577063,0.6,pncA,2290447,-,0
pncA_2290446_-,-0.0001172029577063,0.6,pncA,2290446,-,0
pncA_2290445_-,-0.0001172029577063,0.6,pncA,2290445,-,0
pncA_2290444_-,-0.0001172029577063,0.6,pncA,2290444,-,0
pncA_2290443_-,-0.0001172029577063,0.6,pncA,2290443,-,0
pncA_2290442_-,-0.0001172029577063,0.6,pncA,2290442,-,0
pncA_2290441_-,-0.0001172029577063,0.6,pncA,2290441,-,0
pncA_2290440_-,-0.0001172029577063,0.6,pncA,2290440,-,0
pncA_2290439_-,-0.0001172029577063,0.6,pncA,2290439,-,0
pncA_2290438_-,-0.0001172029577063,0.6,pncA,2290438,-,0
pncA_2290437_-,-0.0001172029577063,0.6,pncA,2290437,-,0
pncA_2290436_-,-0.0001172029577063,0.6,pncA,2290436,-,0
pncA_2290435_-,-0.0001172029577063,0.6,pncA,2290435,-,0
pncA_2290434_-,-0.0001172029577063,0.6,pncA,2290434,-,0
pncA_2290433_-,-0.0001172029577063,0.6,pncA,2290433,-,0
pncA_2290432_-,-0.0001172029577063,0.6,pncA,2290432,-,0
pncA_2290431_-,-0.0001172029577063,0.6,pncA,2290431,-,0
pncA_2290430_-,-0.0001172029577063,0.6,pncA,2290430,-,0
pncA_2290429_-,-0.0001172029577063,0.6,pncA,2290429,-,0
pncA_2290428_-,-0.0001172029577063,0.6,pncA,2290428,-,0
pncA_2290427_-,-0.0001172029577063,0.6,pncA,2290427,-,0
pncA_2290426_-,-0.0001172029577063,0.6,pncA,2290426,-,0
pncA_2290425_-,-0.0001172029577063,0.6,pncA,2290425,-,0
pncA_2290389_-,-0.0001172029577063,0.6,pncA,2290389,-,0
pncA_2290387_-,-0.0001172029577063,0.6,pncA,2290387,-,0
pncA_2290322_-,-0.0001172029577063,0.6,pncA,2290322,-,0
pncA_2290338_-,-0.0001172029577063,0.6,pncA,2290338,-,0
pncA_2290352_-,-0.0001172029577063,0.6,pncA,2290352,-,0
pncA_2290351_-,-0.0001172029577063,0.6,pncA,2290351,-,0
pncA_2290350_-,-0.0001172029577063,0.6,pncA,2290350,-,0
pncA_2290349_-,-0.0001172029577063,0.6,pncA,2290349,-,0
pncA_2290348_-,-0.0001172029577063,0.6,pncA,2290348,-,0
pncA_2290347_-,-0.0001172029577063,0.6,pncA,2290347,-,0
pncA_2290346_-,-0.0001172029577063,0.6,pncA,2290346,-,0
pncA_2290345_-,-0.0001172029577063,0.6,pncA,2290345,-,0
pncA_2290344_-,-0.0001172029577063,0.6,pncA,2290344,-,0
pncA_2290343_-,-0.0001172029577063,0.6,pncA,2290343,-,0
pncA_2290342_-,-0.0001172029577063,0.6,pncA,2290342,-,0
pncA_2290341_-,-0.0001172029577063,0.6,pncA,2290341,-,0
pncA_2290340_-,-0.0001172029577063,0.6,pncA,2290340,-,0
pncA_2290339_-,-0.0001172029577063,0.6,pncA,2290339,-,0
pncA_2290337_-,-0.0001172029577063,0.6,pncA,2290337,-,0
pncA_2290386_-,-0.0001172029577063,0.6,pncA,2290386,-,0
pncA_2290336_-,-0.0001172029577063,0.6,pncA,2290336,-,0
pncA_2290335_-,-0.0001172029577063,0.6,pncA,2290335,-,0
pncA_2290334_-,-0.0001172029577063,0.6,pncA,2290334,-,0
pncA_2290333_-,-0.0001172029577063,0.6,pncA,2290333,-,0
pncA_2290332_-,-0.0001172029577063,0.6,pncA,2290332,-,0
pncA_2290331_-,-0.0001172029577063,0.6,pncA,2290331,-,0
pncA_2290330_-,-0.0001172029577063,0.6,pncA,2290330,-,0
pncA_2290329_-,-0.0001172029577063,0.6,pncA,2290329,-,0
pncA_2290328_-,-0.0001172029577063,0.6,pncA,2290328,-,0
pncA_2290327_-,-0.0001172029577063,0.6,pncA,2290327,-,0
pncA_2290326_-,-0.0001172029577063,0.6,pncA,2290326,-,0
pncA_2290325_-,-0.0001172029577063,0.6,pncA,2290325,-,0
pncA_2290324_-,-0.0001172029577063,0.6,pncA,2290324,-,0
pncA_2290323_-,-0.0001172029577063,0.6,pncA,2290323,-,0
pncA_2290353_-,-0.0001172029577063,0.6,pncA,2290353,-,0
pncA_2290354_-,-0.0001172029577063,0.6,pncA,2290354,-,0
pncA_2290355_-,-0.0001172029577063,0.6,pncA,2290355,-,0
pncA_2290356_-,-0.0001172029577063,0.6,pncA,2290356,-,0
pncA_2290385_-,-0.0001172029577063,0.6,pncA,2290385,-,0
pncA_2290384_-,-0.0001172029577063,0.6,pncA,2290384,-,0
pncA_2290383_-,-0.0001172029577063,0.6,pncA,2290383,-,0
pncA_2290382_-,-0.0001172029577063,0.6,pncA,2290382,-,0
pncA_2290381_-,-0.0001172029577063,0.6,pncA,2290381,-,0
pncA_2290380_-,-0.0001172029577063,0.6,pncA,2290380,-,0
pncA_2290379_-,-0.0001172029577063,0.6,pncA,2290379,-,0
pncA_2290378_-,-0.0001172029577063,0.6,pncA,2290378,-,0
pncA_2290377_-,-0.0001172029577063,0.6,pncA,2290377,-,0
pncA_2290376_-,-0.0001172029577063,0.6,pncA,2290376,-,0
pncA_2290375_-,-0.0001172029577063,0.6,pncA,2290375,-,0
pncA_2290374_-,-0.0001172029577063,0.6,pncA,2290374,-,0
pncA_2290373_-,-0.0001172029577063,0.6,pncA,2290373,-,0
pncA_2290372_-,-0.0001172029577063,0.6,pncA,2290372,-,0
pncA_2290371_-,-0.0001172029577063,0.6,pncA,2290371,-,0
pncA_2290370_-,-0.0001172029577063,0.6,pncA,2290370,-,0
pncA_2290369_-,-0.0001172029577063,0.6,pncA,2290369,-,0
pncA_2290368_-,-0.0001172029577063,0.6,pncA,2290368,-,0
pncA_2290367_-,-0.0001172029577063,0.6,pncA,2290367,-,0
pncA_2290366_-,-0.0001172029577063,0.6,pncA,2290366,-,0
pncA_2290365_-,-0.0001172029577063,0.6,pncA,2290365,-,0
pncA_2290364_-,-0.0001172029577063,0.6,pncA,2290364,-,0
pncA_2290363_-,-0.0001172029577063,0.6,pncA,2290363,-,0
pncA_2290362_-,-0.0001172029577063,0.6,pncA,2290362,-,0
pncA_2290361_-,-0.0001172029577063,0.6,pncA,2290361,-,0
pncA_2290360_-,-0.0001172029577063,0.6,pncA,2290360,-,0
pncA_2290359_-,-0.0001172029577063,0.6,pncA,2290359,-,0
pncA_2290358_-,-0.0001172029577063,0.6,pncA,2290358,-,0
pncA_2290357_-,-0.0001172029577063,0.6,pncA,2290357,-,0
pncA_2290725_-,-0.0001172029577063,0.6,pncA,2290725,-,0
pncA_2290727_-,-0.0001172029577063,0.6,pncA,2290727,-,0
pncA_2290186_-,-0.0001172029577063,0.6,pncA,2290186,-,0
pncA_2291083_-,-0.0003681324527134,0.0,pncA,2291083,-,0
pncA_2291097_-,-0.0003681324527134,0.0,pncA,2291097,-,0
pncA_2291096_-,-0.0003681324527134,0.0,pncA,2291096,-,0
pncA_2291095_-,-0.0003681324527134,0.0,pncA,2291095,-,0
pncA_2291094_-,-0.0003681324527134,0.0,pncA,2291094,-,0
pncA_2291093_-,-0.0003681324527134,0.0,pncA,2291093,-,0
pncA_2291092_-,-0.0003681324527134,0.0,pncA,2291092,-,0
pncA_2291091_-,-0.0003681324527134,0.0,pncA,2291091,-,0
pncA_2291090_-,-0.0003681324527134,0.0,pncA,2291090,-,0
pncA_2291089_-,-0.0003681324527134,0.0,pncA,2291089,-,0
pncA_2291088_-,-0.0003681324527134,0.0,pncA,2291088,-,0
pncA_2291087_-,-0.0003681324527134,0.0,pncA,2291087,-,0
pncA_2291086_-,-0.0003681324527134,0.0,pncA,2291086,-,0
pncA_2291085_-,-0.0003681324527134,0.0,pncA,2291085,-,0
pncA_2291084_-,-0.0003681324527134,0.0,pncA,2291084,-,0
pncA_2291082_-,-0.0003681324527134,0.0,pncA,2291082,-,0
pncA_2291099_-,-0.0003681324527134,0.0,pncA,2291099,-,0
pncA_2291081_-,-0.0003681324527134,0.0,pncA,2291081,-,0
pncA_2291080_-,-0.0003681324527134,0.0,pncA,2291080,-,0
pncA_2291079_-,-0.0003681324527134,0.0,pncA,2291079,-,0
pncA_2291078_-,-0.0003681324527134,0.0,pncA,2291078,-,0
pncA_2291077_-,-0.0003681324527134,0.0,pncA,2291077,-,0
pncA_2291076_-,-0.0003681324527134,0.0,pncA,2291076,-,0
pncA_2291075_-,-0.0003681324527134,0.0,pncA,2291075,-,0
pncA_2291074_-,-0.0003681324527134,0.0,pncA,2291074,-,0
pncA_2291073_-,-0.0003681324527134,0.0,pncA,2291073,-,0
pncA_2291072_-,-0.0003681324527134,0.0,pncA,2291072,-,0
pncA_2291071_-,-0.0003681324527134,0.0,pncA,2291071,-,0
pncA_2291070_-,-0.0003681324527134,0.0,pncA,2291070,-,0
pncA_2291069_-,-0.0003681324527134,0.0,pncA,2291069,-,0
pncA_2291068_-,-0.0003681324527134,0.0,pncA,2291068,-,0
pncA_2291098_-,-0.0003681324527134,0.0,pncA,2291098,-,0
pncA_2291100_-,-0.0003681324527134,0.0,pncA,2291100,-,0
pncA_2290999_-,-0.0003681324527134,0.0,pncA,2290999,-,0
pncA_2291117_-,-0.0003681324527134,0.0,pncA,2291117,-,0
pncA_2291131_-,-0.0003681324527134,0.0,pncA,2291131,-,0
pncA_2291130_-,-0.0003681324527134,0.0,pncA,2291130,-,0
pncA_2291129_-,-0.0003681324527134,0.0,pncA,2291129,-,0
pncA_2291128_-,-0.0003681324527134,0.0,pncA,2291128,-,0
pncA_2291127_-,-0.0003681324527134,0.0,pncA,2291127,-,0
pncA_2291126_-,-0.0003681324527134,0.0,pncA,2291126,-,0
pncA_2291125_-,-0.0003681324527134,0.0,pncA,2291125,-,0
pncA_2291124_-,-0.0003681324527134,0.0,pncA,2291124,-,0
pncA_2291123_-,-0.0003681324527134,0.0,pncA,2291123,-,0
pncA_2291122_-,-0.0003681324527134,0.0,pncA,2291122,-,0
pncA_2291121_-,-0.0003681324527134,0.0,pncA,2291121,-,0
pncA_2291120_-,-0.0003681324527134,0.0,pncA,2291120,-,0
pncA_2291119_-,-0.0003681324527134,0.0,pncA,2291119,-,0
pncA_2291118_-,-0.0003681324527134,0.0,pncA,2291118,-,0
pncA_2291116_-,-0.0003681324527134,0.0,pncA,2291116,-,0
pncA_2291101_-,-0.0003681324527134,0.0,pncA,2291101,-,0
pncA_2291115_-,-0.0003681324527134,0.0,pncA,2291115,-,0
pncA_2291114_-,-0.0003681324527134,0.0,pncA,2291114,-,0
pncA_2291113_-,-0.0003681324527134,0.0,pncA,2291113,-,0
pncA_2291112_-,-0.0003681324527134,0.0,pncA,2291112,-,0
pncA_2291111_-,-0.0003681324527134,0.0,pncA,2291111,-,0
pncA_2291110_-,-0.0003681324527134,0.0,pncA,2291110,-,0
pncA_2291109_-,-0.0003681324527134,0.0,pncA,2291109,-,0
pncA_2291108_-,-0.0003681324527134,0.0,pncA,2291108,-,0
pncA_2291107_-,-0.0003681324527134,0.0,pncA,2291107,-,0
pncA_2291106_-,-0.0003681324527134,0.0,pncA,2291106,-,0
pncA_2291105_-,-0.0003681324527134,0.0,pncA,2291105,-,0
pncA_2291104_-,-0.0003681324527134,0.0,pncA,2291104,-,0
pncA_2291103_-,-0.0003681324527134,0.0,pncA,2291103,-,0
pncA_2291102_-,-0.0003681324527134,0.0,pncA,2291102,-,0
pncA_2291067_-,-0.0003681324527134,0.0,pncA,2291067,-,0
pncA_2291066_-,-0.0003681324527134,0.0,pncA,2291066,-,0
pncA_2291065_-,-0.0003681324527134,0.0,pncA,2291065,-,0
pncA_2291016_-,-0.0003681324527134,0.0,pncA,2291016,-,0
pncA_2291030_-,-0.0003681324527134,0.0,pncA,2291030,-,0
pncA_2291029_-,-0.0003681324527134,0.0,pncA,2291029,-,0
pncA_2291028_-,-0.0003681324527134,0.0,pncA,2291028,-,0
pncA_2291027_-,-0.0003681324527134,0.0,pncA,2291027,-,0
pncA_2291026_-,-0.0003681324527134,0.0,pncA,2291026,-,0
pncA_2291025_-,-0.0003681324527134,0.0,pncA,2291025,-,0
pncA_2291024_-,-0.0003681324527134,0.0,pncA,2291024,-,0
pncA_2291023_-,-0.0003681324527134,0.0,pncA,2291023,-,0
pncA_2291022_-,-0.0003681324527134,0.0,pncA,2291022,-,0
pncA_2291021_-,-0.0003681324527134,0.0,pncA,2291021,-,0
pncA_2291020_-,-0.0003681324527134,0.0,pncA,2291020,-,0
pncA_2291019_-,-0.0003681324527134,0.0,pncA,2291019,-,0
pncA_2291018_-,-0.0003681324527134,0.0,pncA,2291018,-,0
pncA_2291017_-,-0.0003681324527134,0.0,pncA,2291017,-,0
pncA_2291015_-,-0.0003681324527134,0.0,pncA,2291015,-,0
pncA_2291064_-,-0.0003681324527134,0.0,pncA,2291064,-,0
pncA_2291014_-,-0.0003681324527134,0.0,pncA,2291014,-,0
pncA_2291013_-,-0.0003681324527134,0.0,pncA,2291013,-,0
pncA_2291012_-,-0.0003681324527134,0.0,pncA,2291012,-,0
pncA_2291011_-,-0.0003681324527134,0.0,pncA,2291011,-,0
pncA_2291010_-,-0.0003681324527134,0.0,pncA,2291010,-,0
pncA_2291009_-,-0.0003681324527134,0.0,pncA,2291009,-,0
pncA_2291008_-,-0.0003681324527134,0.0,pncA,2291008,-,0
pncA_2291007_-,-0.0003681324527134,0.0,pncA,2291007,-,0
pncA_2291006_-,-0.0003681324527134,0.0,pncA,2291006,-,0
pncA_2291005_-,-0.0003681324527134,0.0,pncA,2291005,-,0
pncA_2291004_-,-0.0003681324527134,0.0,pncA,2291004,-,0
pncA_2291003_-,-0.0003681324527134,0.0,pncA,2291003,-,0
pncA_2291002_-,-0.0003681324527134,0.0,pncA,2291002,-,0
pncA_2291001_-,-0.0003681324527134,0.0,pncA,2291001,-,0
pncA_2291031_-,-0.0003681324527134,0.0,pncA,2291031,-,0
pncA_2291032_-,-0.0003681324527134,0.0,pncA,2291032,-,0
pncA_2291033_-,-0.0003681324527134,0.0,pncA,2291033,-,0
pncA_2291034_-,-0.0003681324527134,0.0,pncA,2291034,-,0
pncA_2291063_-,-0.0003681324527134,0.0,pncA,2291063,-,0
pncA_2291062_-,-0.0003681324527134,0.0,pncA,2291062,-,0
pncA_2291061_-,-0.0003681324527134,0.0,pncA,2291061,-,0
pncA_2291060_-,-0.0003681324527134,0.0,pncA,2291060,-,0
pncA_2291059_-,-0.0003681324527134,0.0,pncA,2291059,-,0
pncA_2291058_-,-0.0003681324527134,0.0,pncA,2291058,-,0
pncA_2291057_-,-0.0003681324527134,0.0,pncA,2291057,-,0
pncA_2291056_-,-0.0003681324527134,0.0,pncA,2291056,-,0
pncA_2291055_-,-0.0003681324527134,0.0,pncA,2291055,-,0
pncA_2291054_-,-0.0003681324527134,0.0,pncA,2291054,-,0
pncA_2291053_-,-0.0003681324527134,0.0,pncA,2291053,-,0
pncA_2291052_-,-0.0003681324527134,0.0,pncA,2291052,-,0
pncA_2291051_-,-0.0003681324527134,0.0,pncA,2291051,-,0
pncA_2291050_-,-0.0003681324527134,0.0,pncA,2291050,-,0
pncA_2291049_-,-0.0003681324527134,0.0,pncA,2291049,-,0
pncA_2291048_-,-0.0003681324527134,0.0,pncA,2291048,-,0
pncA_2291047_-,-0.0003681324527134,0.0,pncA,2291047,-,0
pncA_2291046_-,-0.0003681324527134,0.0,pncA,2291046,-,0
pncA_2291045_-,-0.0003681324527134,0.0,pncA,2291045,-,0
pncA_2291044_-,-0.0003681324527134,0.0,pncA,2291044,-,0
pncA_2291043_-,-0.0003681324527134,0.0,pncA,2291043,-,0
pncA_2291042_-,-0.0003681324527134,0.0,pncA,2291042,-,0
pncA_2291041_-,-0.0003681324527134,0.0,pncA,2291041,-,0
pncA_2291040_-,-0.0003681324527134,0.0,pncA,2291040,-,0
pncA_2291039_-,-0.0003681324527134,0.0,pncA,2291039,-,0
pncA_2291038_-,-0.0003681324527134,0.0,pncA,2291038,-,0
pncA_2291037_-,-0.0003681324527134,0.0,pncA,2291037,-,0
pncA_2291036_-,-0.0003681324527134,0.0,pncA,2291036,-,0
pncA_2291035_-,-0.0003681324527134,0.0,pncA,2291035,-,0
pncA_2291132_-,-0.0003681324527134,0.0,pncA,2291132,-,0
pncA_2291133_-,-0.0003681324527134,0.0,pncA,2291133,-,0
pncA_2291134_-,-0.0003681324527134,0.0,pncA,2291134,-,0
pncA_2291219_-,-0.0003681324527134,0.0,pncA,2291219,-,0
pncA_2291233_-,-0.0003681324527134,0.0,pncA,2291233,-,0
pncA_2291232_-,-0.0003681324527134,0.0,pncA,2291232,-,0
pncA_2291231_-,-0.0003681324527134,0.0,pncA,2291231,-,0
pncA_2291230_-,-0.0003681324527134,0.0,pncA,2291230,-,0
pncA_2291229_-,-0.0003681324527134,0.0,pncA,2291229,-,0
pncA_2291228_-,-0.0003681324527134,0.0,pncA,2291228,-,0
pncA_2291227_-,-0.0003681324527134,0.0,pncA,2291227,-,0
pncA_2291226_-,-0.0003681324527134,0.0,pncA,2291226,-,0
pncA_2291225_-,-0.0003681324527134,0.0,pncA,2291225,-,0
pncA_2291224_-,-0.0003681324527134,0.0,pncA,2291224,-,0
pncA_2291223_-,-0.0003681324527134,0.0,pncA,2291223,-,0
pncA_2291222_-,-0.0003681324527134,0.0,pncA,2291222,-,0
pncA_2291221_-,-0.0003681324527134,0.0,pncA,2291221,-,0
pncA_2291220_-,-0.0003681324527134,0.0,pncA,2291220,-,0
pncA_2291218_-,-0.0003681324527134,0.0,pncA,2291218,-,0
pncA_2291202_-,-0.0003681324527134,0.0,pncA,2291202,-,0
pncA_2291217_-,-0.0003681324527134,0.0,pncA,2291217,-,0
pncA_2291216_-,-0.0003681324527134,0.0,pncA,2291216,-,0
pncA_2291215_-,-0.0003681324527134,0.0,pncA,2291215,-,0
pncA_2291214_-,-0.0003681324527134,0.0,pncA,2291214,-,0
pncA_2291213_-,-0.0003681324527134,0.0,pncA,2291213,-,0
pncA_2291212_-,-0.0003681324527134,0.0,pncA,2291212,-,0
pncA_2291211_-,-0.0003681324527134,0.0,pncA,2291211,-,0
pncA_2291210_-,-0.0003681324527134,0.0,pncA,2291210,-,0
pncA_2291209_-,-0.0003681324527134,0.0,pncA,2291209,-,0
pncA_2291208_-,-0.0003681324527134,0.0,pncA,2291208,-,0
pncA_2291207_-,-0.0003681324527134,0.0,pncA,2291207,-,0
pncA_2291206_-,-0.0003681324527134,0.0,pncA,2291206,-,0
pncA_2291205_-,-0.0003681324527134,0.0,pncA,2291205,-,0
pncA_2291204_-,-0.0003681324527134,0.0,pncA,2291204,-,0
pncA_2291234_-,-0.0003681324527134,0.0,pncA,2291234,-,0
pncA_2291235_-,-0.0003681324527134,0.0,pncA,2291235,-,0
pncA_2291236_-,-0.0003681324527134,0.0,pncA,2291236,-,0
pncA_2291237_-,-0.0003681324527134,0.0,pncA,2291237,-,0
pncA_2291266_-,-0.0003681324527134,0.0,pncA,2291266,-,0
pncA_2291265_-,-0.0003681324527134,0.0,pncA,2291265,-,0
pncA_2291264_-,-0.0003681324527134,0.0,pncA,2291264,-,0
pncA_2291263_-,-0.0003681324527134,0.0,pncA,2291263,-,0
pncA_2291262_-,-0.0003681324527134,0.0,pncA,2291262,-,0
pncA_2291261_-,-0.0003681324527134,0.0,pncA,2291261,-,0
pncA_2291260_-,-0.0003681324527134,0.0,pncA,2291260,-,0
pncA_2291259_-,-0.0003681324527134,0.0,pncA,2291259,-,0
pncA_2291258_-,-0.0003681324527134,0.0,pncA,2291258,-,0
pncA_2291257_-,-0.0003681324527134,0.0,pncA,2291257,-,0
pncA_2291256_-,-0.0003681324527134,0.0,pncA,2291256,-,0
pncA_2291255_-,-0.0003681324527134,0.0,pncA,2291255,-,0
pncA_2291254_-,-0.0003681324527134,0.0,pncA,2291254,-,0
pncA_2291253_-,-0.0003681324527134,0.0,pncA,2291253,-,0
pncA_2291252_-,-0.0003681324527134,0.0,pncA,2291252,-,0
pncA_2291251_-,-0.0003681324527134,0.0,pncA,2291251,-,0
pncA_2291250_-,-0.0003681324527134,0.0,pncA,2291250,-,0
pncA_2291249_-,-0.0003681324527134,0.0,pncA,2291249,-,0
pncA_2291248_-,-0.0003681324527134,0.0,pncA,2291248,-,0
pncA_2291247_-,-0.0003681324527134,0.0,pncA,2291247,-,0
pncA_2291246_-,-0.0003681324527134,0.0,pncA,2291246,-,0
pncA_2291245_-,-0.0003681324527134,0.0,pncA,2291245,-,0
pncA_2291244_-,-0.0003681324527134,0.0,pncA,2291244,-,0
pncA_2291243_-,-0.0003681324527134,0.0,pncA,2291243,-,0
pncA_2291242_-,-0.0003681324527134,0.0,pncA,2291242,-,0
pncA_2291241_-,-0.0003681324527134,0.0,pncA,2291241,-,0
pncA_2291240_-,-0.0003681324527134,0.0,pncA,2291240,-,0
pncA_2291239_-,-0.0003681324527134,0.0,pncA,2291239,-,0
pncA_2291238_-,-0.0003681324527134,0.0,pncA,2291238,-,0
pncA_2291203_-,-0.0003681324527134,0.0,pncA,2291203,-,0
pncA_2291201_-,-0.0003681324527134,0.0,pncA,2291201,-,0
pncA_2291135_-,-0.0003681324527134,0.0,pncA,2291135,-,0
pncA_2291151_-,-0.0003681324527134,0.0,pncA,2291151,-,0
pncA_2291166_-,-0.0003681324527134,0.0,pncA,2291166,-,0
pncA_2291165_-,-0.0003681324527134,0.0,pncA,2291165,-,0
pncA_2291164_-,-0.0003681324527134,0.0,pncA,2291164,-,0
pncA_2291163_-,-0.0003681324527134,0.0,pncA,2291163,-,0
pncA_2291162_-,-0.0003681324527134,0.0,pncA,2291162,-,0
pncA_2291160_-,-0.0003681324527134,0.0,pncA,2291160,-,0
pncA_2291159_-,-0.0003681324527134,0.0,pncA,2291159,-,0
pncA_2291158_-,-0.0003681324527134,0.0,pncA,2291158,-,0
pncA_2291157_-,-0.0003681324527134,0.0,pncA,2291157,-,0
pncA_2291156_-,-0.0003681324527134,0.0,pncA,2291156,-,0
pncA_2291155_-,-0.0003681324527134,0.0,pncA,2291155,-,0
pncA_2291154_-,-0.0003681324527134,0.0,pncA,2291154,-,0
pncA_2291153_-,-0.0003681324527134,0.0,pncA,2291153,-,0
pncA_2291152_-,-0.0003681324527134,0.0,pncA,2291152,-,0
pncA_2291150_-,-0.0003681324527134,0.0,pncA,2291150,-,0
pncA_2291200_-,-0.0003681324527134,0.0,pncA,2291200,-,0
pncA_2291149_-,-0.0003681324527134,0.0,pncA,2291149,-,0
pncA_2291148_-,-0.0003681324527134,0.0,pncA,2291148,-,0
pncA_2291147_-,-0.0003681324527134,0.0,pncA,2291147,-,0
pncA_2291146_-,-0.0003681324527134,0.0,pncA,2291146,-,0
pncA_2291145_-,-0.0003681324527134,0.0,pncA,2291145,-,0
pncA_2291144_-,-0.0003681324527134,0.0,pncA,2291144,-,0
pncA_2291143_-,-0.0003681324527134,0.0,pncA,2291143,-,0
pncA_2291142_-,-0.0003681324527134,0.0,pncA,2291142,-,0
pncA_2291141_-,-0.0003681324527134,0.0,pncA,2291141,-,0
pncA_2291140_-,-0.0003681324527134,0.0,pncA,2291140,-,0
pncA_2291139_-,-0.0003681324527134,0.0,pncA,2291139,-,0
pncA_2291138_-,-0.0003681324527134,0.0,pncA,2291138,-,0
pncA_2291137_-,-0.0003681324527134,0.0,pncA,2291137,-,0
pncA_2291136_-,-0.0003681324527134,0.0,pncA,2291136,-,0
pncA_2291167_-,-0.0003681324527134,0.0,pncA,2291167,-,0
pncA_2291168_-,-0.0003681324527134,0.0,pncA,2291168,-,0
pncA_2291169_-,-0.0003681324527134,0.0,pncA,2291169,-,0
pncA_2291170_-,-0.0003681324527134,0.0,pncA,2291170,-,0
pncA_2291199_-,-0.0003681324527134,0.0,pncA,2291199,-,0
pncA_2291198_-,-0.0003681324527134,0.0,pncA,2291198,-,0
pncA_2291197_-,-0.0003681324527134,0.0,pncA,2291197,-,0
pncA_2291196_-,-0.0003681324527134,0.0,pncA,2291196,-,0
pncA_2291195_-,-0.0003681324527134,0.0,pncA,2291195,-,0
pncA_2291194_-,-0.0003681324527134,0.0,pncA,2291194,-,0
pncA_2291193_-,-0.0003681324527134,0.0,pncA,2291193,-,0
pncA_2291192_-,-0.0003681324527134,0.0,pncA,2291192,-,0
pncA_2291191_-,-0.0003681324527134,0.0,pncA,2291191,-,0
pncA_2291190_-,-0.0003681324527134,0.0,pncA,2291190,-,0
pncA_2291189_-,-0.0003681324527134,0.0,pncA,2291189,-,0
pncA_2291188_-,-0.0003681324527134,0.0,pncA,2291188,-,0
pncA_2291187_-,-0.0003681324527134,0.0,pncA,2291187,-,0
pncA_2291186_-,-0.0003681324527134,0.0,pncA,2291186,-,0
pncA_2291185_-,-0.0003681324527134,0.0,pncA,2291185,-,0
pncA_2291184_-,-0.0003681324527134,0.0,pncA,2291184,-,0
pncA_2291183_-,-0.0003681324527134,0.0,pncA,2291183,-,0
pncA_2291182_-,-0.0003681324527134,0.0,pncA,2291182,-,0
pncA_2291181_-,-0.0003681324527134,0.0,pncA,2291181,-,0
pncA_2291180_-,-0.0003681324527134,0.0,pncA,2291180,-,0
pncA_2291179_-,-0.0003681324527134,0.0,pncA,2291179,-,0
pncA_2291178_-,-0.0003681324527134,0.0,pncA,2291178,-,0
pncA_2291177_-,-0.0003681324527134,0.0,pncA,2291177,-,0
pncA_2291176_-,-0.0003681324527134,0.0,pncA,2291176,-,0
pncA_2291175_-,-0.0003681324527134,0.0,pncA,2291175,-,0
pncA_2291174_-,-0.0003681324527134,0.0,pncA,2291174,-,0
pncA_2291173_-,-0.0003681324527134,0.0,pncA,2291173,-,0
pncA_2291172_-,-0.0003681324527134,0.0,pncA,2291172,-,0
pncA_2291171_-,-0.0003681324527134,0.0,pncA,2291171,-,0
pncA_2291000_-,-0.0003681324527134,0.0,pncA,2291000,-,0
pncA_2290998_-,-0.0003681324527134,0.0,pncA,2290998,-,0
pncA_2290728_-,-0.0001172029577063,0.6,pncA,2290728,-,0
pncA_2290813_-,-0.0003681324527134,0.0,pncA,2290813,-,0
pncA_2290827_-,-0.0003681324527134,0.0,pncA,2290827,-,0
pncA_2290826_-,-0.0003681324527134,0.0,pncA,2290826,-,0
pncA_2290825_-,-0.0003681324527134,0.0,pncA,2290825,-,0
pncA_2290824_-,-0.0003681324527134,0.0,pncA,2290824,-,0
pncA_2290823_-,-0.0003681324527134,0.0,pncA,2290823,-,0
pncA_2290822_-,-0.0003681324527134,0.0,pncA,2290822,-,0
pncA_2290821_-,-0.0003681324527134,0.0,pncA,2290821,-,0
pncA_2290820_-,-0.0003681324527134,0.0,pncA,2290820,-,0
pncA_2290819_-,-0.0003681324527134,0.0,pncA,2290819,-,0
pncA_2290818_-,-0.0003681324527134,0.0,pncA,2290818,-,0
pncA_2290817_-,-0.0003681324527134,0.0,pncA,2290817,-,0
pncA_2290816_-,-0.0003681324527134,0.0,pncA,2290816,-,0
pncA_2290815_-,-0.0003681324527134,0.0,pncA,2290815,-,0
pncA_2290814_-,-0.0003681324527134,0.0,pncA,2290814,-,0
pncA_2290812_-,-0.0003681324527134,0.0,pncA,2290812,-,0
pncA_2290829_-,-0.0003681324527134,0.0,pncA,2290829,-,0
pncA_2290811_-,-0.0003681324527134,0.0,pncA,2290811,-,0
pncA_2290810_-,-0.0003681324527134,0.0,pncA,2290810,-,0
pncA_2290809_-,-0.0003681324527134,0.0,pncA,2290809,-,0
pncA_2290808_-,-0.0003681324527134,0.0,pncA,2290808,-,0
pncA_2290807_-,-0.0003681324527134,0.0,pncA,2290807,-,0
pncA_2290806_-,-0.0003681324527134,0.0,pncA,2290806,-,0
pncA_2290805_-,-0.0003681324527134,0.0,pncA,2290805,-,0
pncA_2290804_-,-0.0003681324527134,0.0,pncA,2290804,-,0
pncA_2290803_-,-0.0003681324527134,0.0,pncA,2290803,-,0
pncA_2290802_-,-0.0003681324527134,0.0,pncA,2290802,-,0
pncA_2290801_-,-0.0003681324527134,0.0,pncA,2290801,-,0
pncA_2290800_-,-0.0003681324527134,0.0,pncA,2290800,-,0
pncA_2290799_-,-0.0003681324527134,0.0,pncA,2290799,-,0
pncA_2290798_-,-0.0003681324527134,0.0,pncA,2290798,-,0
pncA_2290828_-,-0.0003681324527134,0.0,pncA,2290828,-,0
pncA_2290830_-,-0.0003681324527134,0.0,pncA,2290830,-,0
pncA_2290997_-,-0.0003681324527134,0.0,pncA,2290997,-,0
pncA_2290847_-,-0.0003681324527134,0.0,pncA,2290847,-,0
pncA_2290861_-,-0.0003681324527134,0.0,pncA,2290861,-,0
pncA_2290860_-,-0.0003681324527134,0.0,pncA,2290860,-,0
pncA_2290859_-,-0.0003681324527134,0.0,pncA,2290859,-,0
pncA_2290858_-,-0.0003681324527134,0.0,pncA,2290858,-,0
pncA_2290857_-,-0.0003681324527134,0.0,pncA,2290857,-,0
pncA_2290856_-,-0.0003681324527134,0.0,pncA,2290856,-,0
pncA_2290855_-,-0.0003681324527134,0.0,pncA,2290855,-,0
pncA_2290854_-,-0.0003681324527134,0.0,pncA,2290854,-,0
pncA_2290853_-,-0.0003681324527134,0.0,pncA,2290853,-,0
pncA_2290852_-,-0.0003681324527134,0.0,pncA,2290852,-,0
pncA_2290851_-,-0.0003681324527134,0.0,pncA,2290851,-,0
pncA_2290850_-,-0.0003681324527134,0.0,pncA,2290850,-,0
pncA_2290849_-,-0.0003681324527134,0.0,pncA,2290849,-,0
pncA_2290848_-,-0.0003681324527134,0.0,pncA,2290848,-,0
pncA_2290846_-,-0.0003681324527134,0.0,pncA,2290846,-,0
pncA_2290831_-,-0.0003681324527134,0.0,pncA,2290831,-,0
pncA_2290845_-,-0.0003681324527134,0.0,pncA,2290845,-,0
pncA_2290844_-,-0.0003681324527134,0.0,pncA,2290844,-,0
pncA_2290843_-,-0.0003681324527134,0.0,pncA,2290843,-,0
pncA_2290842_-,-0.0003681324527134,0.0,pncA,2290842,-,0
pncA_2290841_-,-0.0003681324527134,0.0,pncA,2290841,-,0
pncA_2290840_-,-0.0003681324527134,0.0,pncA,2290840,-,0
pncA_2290839_-,-0.0003681324527134,0.0,pncA,2290839,-,0
pncA_2290838_-,-0.0003681324527134,0.0,pncA,2290838,-,0
pncA_2290837_-,-0.0003681324527134,0.0,pncA,2290837,-,0
pncA_2290836_-,-0.0003681324527134,0.0,pncA,2290836,-,0
pncA_2290835_-,-0.0003681324527134,0.0,pncA,2290835,-,0
pncA_2290834_-,-0.0003681324527134,0.0,pncA,2290834,-,0
pncA_2290833_-,-0.0003681324527134,0.0,pncA,2290833,-,0
pncA_2290832_-,-0.0003681324527134,0.0,pncA,2290832,-,0
pncA_2290797_-,-0.0003681324527134,0.0,pncA,2290797,-,0
pncA_2290796_-,-0.0003681324527134,0.0,pncA,2290796,-,0
pncA_2290795_-,-0.0003681324527134,0.0,pncA,2290795,-,0
pncA_2290746_-,-0.0001172029577063,0.6,pncA,2290746,-,0
pncA_2290760_-,-0.0003681324527134,0.0,pncA,2290760,-,0
pncA_2290759_-,-0.0003681324527134,0.0,pncA,2290759,-,0
pncA_2290758_-,-0.0003681324527134,0.0,pncA,2290758,-,0
pncA_2290757_-,-0.0003681324527134,0.0,pncA,2290757,-,0
pncA_2290756_-,-0.0003681324527134,0.0,pncA,2290756,-,0
pncA_2290755_-,-0.0003681324527134,0.0,pncA,2290755,-,0
pncA_2290754_-,-0.0003681324527134,0.0,pncA,2290754,-,0
pncA_2290753_-,-0.0003681324527134,0.0,pncA,2290753,-,0
pncA_2290752_-,-0.0003681324527134,0.0,pncA,2290752,-,0
pncA_2290751_-,-0.0003681324527134,0.0,pncA,2290751,-,0
pncA_2290750_-,-0.0001172029577063,0.6,pncA,2290750,-,0
pncA_2290749_-,-0.0001172029577063,0.6,pncA,2290749,-,0
pncA_2290748_-,-0.0001172029577063,0.6,pncA,2290748,-,0
pncA_2290747_-,-0.0001172029577063,0.6,pncA,2290747,-,0
pncA_2290745_-,-0.0001172029577063,0.6,pncA,2290745,-,0
pncA_2290794_-,-0.0003681324527134,0.0,pncA,2290794,-,0
pncA_2290744_-,-0.0001172029577063,0.6,pncA,2290744,-,0
pncA_2290742_-,-0.0001172029577063,0.6,pncA,2290742,-,0
pncA_2290741_-,-0.0001172029577063,0.6,pncA,2290741,-,0
pncA_2290740_-,-0.0001172029577063,0.6,pncA,2290740,-,0
pncA_2290739_-,-0.0001172029577063,0.6,pncA,2290739,-,0
pncA_2290738_-,-0.0001172029577063,0.6,pncA,2290738,-,0
pncA_2290737_-,-0.0001172029577063,0.6,pncA,2290737,-,0
pncA_2290736_-,-0.0001172029577063,0.6,pncA,2290736,-,0
pncA_2290735_-,-0.0001172029577063,0.6,pncA,2290735,-,0
pncA_2290734_-,-0.0001172029577063,0.6,pncA,2290734,-,0
pncA_2290733_-,-0.0001172029577063,0.6,pncA,2290733,-,0
pncA_2290731_-,-0.0001172029577063,0.6,pncA,2290731,-,0
pncA_2290730_-,-0.0001172029577063,0.6,pncA,2290730,-,0
pncA_2290729_-,-0.0001172029577063,0.6,pncA,2290729,-,0
pncA_2290761_-,-0.0003681324527134,0.0,pncA,2290761,-,0
pncA_2290762_-,-0.0003681324527134,0.0,pncA,2290762,-,0
pncA_2290763_-,-0.0003681324527134,0.0,pncA,2290763,-,0
pncA_2290764_-,-0.0003681324527134,0.0,pncA,2290764,-,0
pncA_2290793_-,-0.0003681324527134,0.0,pncA,2290793,-,0
pncA_2290792_-,-0.0003681324527134,0.0,pncA,2290792,-,0
pncA_2290791_-,-0.0003681324527134,0.0,pncA,2290791,-,0
pncA_2290790_-,-0.0003681324527134,0.0,pncA,2290790,-,0
pncA_2290789_-,-0.0003681324527134,0.0,pncA,2290789,-,0
pncA_2290788_-,-0.0003681324527134,0.0,pncA,2290788,-,0
pncA_2290787_-,-0.0003681324527134,0.0,pncA,2290787,-,0
pncA_2290786_-,-0.0003681324527134,0.0,pncA,2290786,-,0
pncA_2290785_-,-0.0003681324527134,0.0,pncA,2290785,-,0
pncA_2290784_-,-0.0003681324527134,0.0,pncA,2290784,-,0
pncA_2290783_-,-0.0003681324527134,0.0,pncA,2290783,-,0
pncA_2290782_-,-0.0003681324527134,0.0,pncA,2290782,-,0
pncA_2290781_-,-0.0003681324527134,0.0,pncA,2290781,-,0
pncA_2290780_-,-0.0003681324527134,0.0,pncA,2290780,-,0
pncA_2290779_-,-0.0003681324527134,0.0,pncA,2290779,-,0
pncA_2290778_-,-0.0003681324527134,0.0,pncA,2290778,-,0
pncA_2290777_-,-0.0003681324527134,0.0,pncA,2290777,-,0
pncA_2290776_-,-0.0003681324527134,0.0,pncA,2290776,-,0
pncA_2290775_-,-0.0003681324527134,0.0,pncA,2290775,-,0
pncA_2290774_-,-0.0003681324527134,0.0,pncA,2290774,-,0
pncA_2290773_-,-0.0003681324527134,0.0,pncA,2290773,-,0
pncA_2290772_-,-0.0003681324527134,0.0,pncA,2290772,-,0
pncA_2290771_-,-0.0003681324527134,0.0,pncA,2290771,-,0
pncA_2290770_-,-0.0003681324527134,0.0,pncA,2290770,-,0
pncA_2290769_-,-0.0003681324527134,0.0,pncA,2290769,-,0
pncA_2290768_-,-0.0003681324527134,0.0,pncA,2290768,-,0
pncA_2290767_-,-0.0003681324527134,0.0,pncA,2290767,-,0
pncA_2290766_-,-0.0003681324527134,0.0,pncA,2290766,-,0
pncA_2290765_-,-0.0003681324527134,0.0,pncA,2290765,-,0
pncA_2290862_-,-0.0003681324527134,0.0,pncA,2290862,-,0
pncA_2290863_-,-0.0003681324527134,0.0,pncA,2290863,-,0
pncA_2290864_-,-0.0003681324527134,0.0,pncA,2290864,-,0
pncA_2290948_-,-0.0003681324527134,0.0,pncA,2290948,-,0
pncA_2290962_-,-0.0003681324527134,0.0,pncA,2290962,-,0
pncA_2290961_-,-0.0003681324527134,0.0,pncA,2290961,-,0
pncA_2290960_-,-0.0003681324527134,0.0,pncA,2290960,-,0
pncA_2290959_-,-0.0003681324527134,0.0,pncA,2290959,-,0
pncA_2290958_-,-0.0003681324527134,0.0,pncA,2290958,-,0
pncA_2290957_-,-0.0003681324527134,0.0,pncA,2290957,-,0
pncA_2290956_-,-0.0003681324527134,0.0,pncA,2290956,-,0
pncA_2290955_-,-0.0003681324527134,0.0,pncA,2290955,-,0
pncA_2290954_-,-0.0003681324527134,0.0,pncA,2290954,-,0
pncA_2290953_-,-0.0003681324527134,0.0,pncA,2290953,-,0
pncA_2290952_-,-0.0003681324527134,0.0,pncA,2290952,-,0
pncA_2290951_-,-0.0003681324527134,0.0,pncA,2290951,-,0
pncA_2290950_-,-0.0003681324527134,0.0,pncA,2290950,-,0
pncA_2290949_-,-0.0003681324527134,0.0,pncA,2290949,-,0
pncA_2290947_-,-0.0003681324527134,0.0,pncA,2290947,-,0
pncA_2290931_-,-0.0003681324527134,0.0,pncA,2290931,-,0
pncA_2290946_-,-0.0003681324527134,0.0,pncA,2290946,-,0
pncA_2290945_-,-0.0003681324527134,0.0,pncA,2290945,-,0
pncA_2290944_-,-0.0003681324527134,0.0,pncA,2290944,-,0
pncA_2290943_-,-0.0003681324527134,0.0,pncA,2290943,-,0
pncA_2290942_-,-0.0003681324527134,0.0,pncA,2290942,-,0
pncA_2290941_-,-0.0003681324527134,0.0,pncA,2290941,-,0
pncA_2290940_-,-0.0003681324527134,0.0,pncA,2290940,-,0
pncA_2290939_-,-0.0003681324527134,0.0,pncA,2290939,-,0
pncA_2290938_-,-0.0003681324527134,0.0,pncA,2290938,-,0
pncA_2290937_-,-0.0003681324527134,0.0,pncA,2290937,-,0
pncA_2290936_-,-0.0003681324527134,0.0,pncA,2290936,-,0
pncA_2290935_-,-0.0003681324527134,0.0,pncA,2290935,-,0
pncA_2290934_-,-0.0003681324527134,0.0,pncA,2290934,-,0
pncA_2290933_-,-0.0003681324527134,0.0,pncA,2290933,-,0
pncA_2290963_-,-0.0003681324527134,0.0,pncA,2290963,-,0
pncA_2290964_-,-0.0003681324527134,0.0,pncA,2290964,-,0
pncA_2290965_-,-0.0003681324527134,0.0,pncA,2290965,-,0
pncA_2290966_-,-0.0003681324527134,0.0,pncA,2290966,-,0
pncA_2290996_-,-0.0003681324527134,0.0,pncA,2290996,-,0
pncA_2290995_-,-0.0003681324527134,0.0,pncA,2290995,-,0
pncA_2290994_-,-0.0003681324527134,0.0,pncA,2290994,-,0
pncA_2290993_-,-0.0003681324527134,0.0,pncA,2290993,-,0
pncA_2290992_-,-0.0003681324527134,0.0,pncA,2290992,-,0
pncA_2290991_-,-0.0003681324527134,0.0,pncA,2290991,-,0
pncA_2290990_-,-0.0003681324527134,0.0,pncA,2290990,-,0
pncA_2290989_-,-0.0003681324527134,0.0,pncA,2290989,-,0
pncA_2290988_-,-0.0003681324527134,0.0,pncA,2290988,-,0
pncA_2290987_-,-0.0003681324527134,0.0,pncA,2290987,-,0
pncA_2290986_-,-0.0003681324527134,0.0,pncA,2290986,-,0
pncA_2290985_-,-0.0003681324527134,0.0,pncA,2290985,-,0
pncA_2290984_-,-0.0003681324527134,0.0,pncA,2290984,-,0
pncA_2290983_-,-0.0003681324527134,0.0,pncA,2290983,-,0
pncA_2290982_-,-0.0003681324527134,0.0,pncA,2290982,-,0
pncA_2290981_-,-0.0003681324527134,0.0,pncA,2290981,-,0
pncA_2290980_-,-0.0003681324527134,0.0,pncA,2290980,-,0
pncA_2290979_-,-0.0003681324527134,0.0,pncA,2290979,-,0
pncA_2290978_-,-0.0003681324527134,0.0,pncA,2290978,-,0
pncA_2290977_-,-0.0003681324527134,0.0,pncA,2290977,-,0
pncA_2290976_-,-0.0003681324527134,0.0,pncA,2290976,-,0
pncA_2290975_-,-0.0003681324527134,0.0,pncA,2290975,-,0
pncA_2290974_-,-0.0003681324527134,0.0,pncA,2290974,-,0
pncA_2290973_-,-0.0003681324527134,0.0,pncA,2290973,-,0
pncA_2290972_-,-0.0003681324527134,0.0,pncA,2290972,-,0
pncA_2290970_-,-0.0003681324527134,0.0,pncA,2290970,-,0
pncA_2290969_-,-0.0003681324527134,0.0,pncA,2290969,-,0
pncA_2290968_-,-0.0003681324527134,0.0,pncA,2290968,-,0
pncA_2290967_-,-0.0003681324527134,0.0,pncA,2290967,-,0
pncA_2290932_-,-0.0003681324527134,0.0,pncA,2290932,-,0
pncA_2290930_-,-0.0003681324527134,0.0,pncA,2290930,-,0
pncA_2290865_-,-0.0003681324527134,0.0,pncA,2290865,-,0
pncA_2290881_-,-0.0003681324527134,0.0,pncA,2290881,-,0
pncA_2290895_-,-0.0003681324527134,0.0,pncA,2290895,-,0
pncA_2290894_-,-0.0003681324527134,0.0,pncA,2290894,-,0
pncA_2290893_-,-0.0003681324527134,0.0,pncA,2290893,-,0
pncA_2290892_-,-0.0003681324527134,0.0,pncA,2290892,-,0
pncA_2290891_-,-0.0003681324527134,0.0,pncA,2290891,-,0
pncA_2290890_-,-0.0003681324527134,0.0,pncA,2290890,-,0
pncA_2290889_-,-0.0003681324527134,0.0,pncA,2290889,-,0
pncA_2290888_-,-0.0003681324527134,0.0,pncA,2290888,-,0
pncA_2290887_-,-0.0003681324527134,0.0,pncA,2290887,-,0
pncA_2290886_-,-0.0003681324527134,0.0,pncA,2290886,-,0
pncA_2290885_-,-0.0003681324527134,0.0,pncA,2290885,-,0
pncA_2290884_-,-0.0003681324527134,0.0,pncA,2290884,-,0
pncA_2290883_-,-0.0003681324527134,0.0,pncA,2290883,-,0
pncA_2290882_-,-0.0003681324527134,0.0,pncA,2290882,-,0
pncA_2290880_-,-0.0003681324527134,0.0,pncA,2290880,-,0
pncA_2290929_-,-0.0003681324527134,0.0,pncA,2290929,-,0
pncA_2290879_-,-0.0003681324527134,0.0,pncA,2290879,-,0
pncA_2290878_-,-0.0003681324527134,0.0,pncA,2290878,-,0
pncA_2290877_-,-0.0003681324527134,0.0,pncA,2290877,-,0
pncA_2290876_-,-0.0003681324527134,0.0,pncA,2290876,-,0
pncA_2290875_-,-0.0003681324527134,0.0,pncA,2290875,-,0
pncA_2290874_-,-0.0003681324527134,0.0,pncA,2290874,-,0
pncA_2290873_-,-0.0003681324527134,0.0,pncA,2290873,-,0
pncA_2290872_-,-0.0003681324527134,0.0,pncA,2290872,-,0
pncA_2290871_-,-0.0003681324527134,0.0,pncA,2290871,-,0
pncA_2290870_-,-0.0003681324527134,0.0,pncA,2290870,-,0
pncA_2290869_-,-0.0003681324527134,0.0,pncA,2290869,-,0
pncA_2290868_-,-0.0003681324527134,0.0,pncA,2290868,-,0
pncA_2290867_-,-0.0003681324527134,0.0,pncA,2290867,-,0
pncA_2290866_-,-0.0003681324527134,0.0,pncA,2290866,-,0
pncA_2290896_-,-0.0003681324527134,0.0,pncA,2290896,-,0
pncA_2290897_-,-0.0003681324527134,0.0,pncA,2290897,-,0
pncA_2290898_-,-0.0003681324527134,0.0,pncA,2290898,-,0
pncA_2290899_-,-0.0003681324527134,0.0,pncA,2290899,-,0
pncA_2290928_-,-0.0003681324527134,0.0,pncA,2290928,-,0
pncA_2290927_-,-0.0003681324527134,0.0,pncA,2290927,-,0
pncA_2290926_-,-0.0003681324527134,0.0,pncA,2290926,-,0
pncA_2290925_-,-0.0003681324527134,0.0,pncA,2290925,-,0
pncA_2290924_-,-0.0003681324527134,0.0,pncA,2290924,-,0
pncA_2290923_-,-0.0003681324527134,0.0,pncA,2290923,-,0
pncA_2290922_-,-0.0003681324527134,0.0,pncA,2290922,-,0
pncA_2290921_-,-0.0003681324527134,0.0,pncA,2290921,-,0
pncA_2290920_-,-0.0003681324527134,0.0,pncA,2290920,-,0
pncA_2290919_-,-0.0003681324527134,0.0,pncA,2290919,-,0
pncA_2290918_-,-0.0003681324527134,0.0,pncA,2290918,-,0
pncA_2290917_-,-0.0003681324527134,0.0,pncA,2290917,-,0
pncA_2290916_-,-0.0003681324527134,0.0,pncA,2290916,-,0
pncA_2290915_-,-0.0003681324527134,0.0,pncA,2290915,-,0
pncA_2290914_-,-0.0003681324527134,0.0,pncA,2290914,-,0
pncA_2290913_-,-0.0003681324527134,0.0,pncA,2290913,-,0
pncA_2290912_-,-0.0003681324527134,0.0,pncA,2290912,-,0
pncA_2290911_-,-0.0003681324527134,0.0,pncA,2290911,-,0
pncA_2290910_-,-0.0003681324527134,0.0,pncA,2290910,-,0
pncA_2290909_-,-0.0003681324527134,0.0,pncA,2290909,-,0
pncA_2290908_-,-0.0003681324527134,0.0,pncA,2290908,-,0
pncA_2290907_-,-0.0003681324527134,0.0,pncA,2290907,-,0
pncA_2290906_-,-0.0003681324527134,0.0,pncA,2290906,-,0
pncA_2290905_-,-0.0003681324527134,0.0,pncA,2290905,-,0
pncA_2290904_-,-0.0003681324527134,0.0,pncA,2290904,-,0
pncA_2290903_-,-0.0003681324527134,0.0,pncA,2290903,-,0
pncA_2290902_-,-0.0003681324527134,0.0,pncA,2290902,-,0
pncA_2290901_-,-0.0003681324527134,0.0,pncA,2290901,-,0
pncA_2290900_-,-0.0003681324527134,0.0,pncA,2290900,-,0
pncA_2290187_-,-0.0001172029577063,0.6,pncA,2290187,-,0
pncA_2290185_-,-0.0001172029577063,0.6,pncA,2290185,-,0
pncA_2289078_-,-0.0008160891138049,0.0,pncA,2289078,-,0
pncA_2289462_-,-0.0008160891138049,0.0,pncA,2289462,-,0
pncA_2289477_-,-0.0008160891138049,0.0,pncA,2289477,-,0
pncA_2289476_-,-0.0008160891138049,0.0,pncA,2289476,-,0
pncA_2289475_-,-0.0008160891138049,0.0,pncA,2289475,-,0
pncA_2289474_-,-0.0008160891138049,0.0,pncA,2289474,-,0
pncA_2289473_-,-0.0008160891138049,0.0,pncA,2289473,-,0
pncA_2289472_-,-0.0008160891138049,0.0,pncA,2289472,-,0
pncA_2289471_-,-0.0008160891138049,0.0,pncA,2289471,-,0
pncA_2289470_-,-0.0008160891138049,0.0,pncA,2289470,-,0
pncA_2289469_-,-0.0008160891138049,0.0,pncA,2289469,-,0
pncA_2289468_-,-0.0008160891138049,0.0,pncA,2289468,-,0
pncA_2289467_-,-0.0008160891138049,0.0,pncA,2289467,-,0
pncA_2289466_-,-0.0008160891138049,0.0,pncA,2289466,-,0
pncA_2289465_-,-0.0008160891138049,0.0,pncA,2289465,-,0
pncA_2289464_-,-0.0008160891138049,0.0,pncA,2289464,-,0
pncA_2289461_-,-0.0008160891138049,0.0,pncA,2289461,-,0
pncA_2289445_-,-0.0008160891138049,0.0,pncA,2289445,-,0
pncA_2289460_-,-0.0008160891138049,0.0,pncA,2289460,-,0
pncA_2289459_-,-0.0008160891138049,0.0,pncA,2289459,-,0
pncA_2289458_-,-0.0008160891138049,0.0,pncA,2289458,-,0
pncA_2289457_-,-0.0008160891138049,0.0,pncA,2289457,-,0
pncA_2289456_-,-0.0008160891138049,0.0,pncA,2289456,-,0
pncA_2289455_-,-0.0008160891138049,0.0,pncA,2289455,-,0
pncA_2289454_-,-0.0008160891138049,0.0,pncA,2289454,-,0
pncA_2289453_-,-0.0008160891138049,0.0,pncA,2289453,-,0
pncA_2289452_-,-0.0008160891138049,0.0,pncA,2289452,-,0
pncA_2289451_-,-0.0008160891138049,0.0,pncA,2289451,-,0
pncA_2289450_-,-0.0008160891138049,0.0,pncA,2289450,-,0
pncA_2289449_-,-0.0008160891138049,0.0,pncA,2289449,-,0
pncA_2289448_-,-0.0008160891138049,0.0,pncA,2289448,-,0
pncA_2289447_-,-0.0008160891138049,0.0,pncA,2289447,-,0
pncA_2289478_-,-0.0008160891138049,0.0,pncA,2289478,-,0
pncA_2289479_-,-0.0008160891138049,0.0,pncA,2289479,-,0
pncA_2289480_-,-0.0008160891138049,0.0,pncA,2289480,-,0
pncA_2289481_-,-0.0008160891138049,0.0,pncA,2289481,-,0
pncA_2289510_-,-0.0008160891138049,0.0,pncA,2289510,-,0
pncA_2289509_-,-0.0008160891138049,0.0,pncA,2289509,-,0
pncA_2289508_-,-0.0008160891138049,0.0,pncA,2289508,-,0
pncA_2289507_-,-0.0008160891138049,0.0,pncA,2289507,-,0
pncA_2289506_-,-0.0008160891138049,0.0,pncA,2289506,-,0
pncA_2289505_-,-0.0008160891138049,0.0,pncA,2289505,-,0
pncA_2289504_-,-0.0008160891138049,0.0,pncA,2289504,-,0
pncA_2289503_-,-0.0008160891138049,0.0,pncA,2289503,-,0
pncA_2289502_-,-0.0008160891138049,0.0,pncA,2289502,-,0
pncA_2289501_-,-0.0008160891138049,0.0,pncA,2289501,-,0
pncA_2289500_-,-0.0008160891138049,0.0,pncA,2289500,-,0
pncA_2289499_-,-0.0008160891138049,0.0,pncA,2289499,-,0
pncA_2289498_-,-0.0008160891138049,0.0,pncA,2289498,-,0
pncA_2289497_-,-0.0008160891138049,0.0,pncA,2289497,-,0
pncA_2289496_-,-0.0008160891138049,0.0,pncA,2289496,-,0
pncA_2289495_-,-0.0008160891138049,0.0,pncA,2289495,-,0
pncA_2289494_-,-0.0008160891138049,0.0,pncA,2289494,-,0
pncA_2289493_-,-0.0008160891138049,0.0,pncA,2289493,-,0
pncA_2289492_-,-0.0008160891138049,0.0,pncA,2289492,-,0
pncA_2289491_-,-0.0008160891138049,0.0,pncA,2289491,-,0
pncA_2289490_-,-0.0008160891138049,0.0,pncA,2289490,-,0
pncA_2289489_-,-0.0008160891138049,0.0,pncA,2289489,-,0
pncA_2289488_-,-0.0008160891138049,0.0,pncA,2289488,-,0
pncA_2289487_-,-0.0008160891138049,0.0,pncA,2289487,-,0
pncA_2289486_-,-0.0008160891138049,0.0,pncA,2289486,-,0
pncA_2289485_-,-0.0008160891138049,0.0,pncA,2289485,-,0
pncA_2289484_-,-0.0008160891138049,0.0,pncA,2289484,-,0
pncA_2289483_-,-0.0008160891138049,0.0,pncA,2289483,-,0
pncA_2289482_-,-0.0008160891138049,0.0,pncA,2289482,-,0
pncA_2289446_-,-0.0008160891138049,0.0,pncA,2289446,-,0
pncA_2289444_-,-0.0008160891138049,0.0,pncA,2289444,-,0
pncA_2289512_-,-0.0008160891138049,0.0,pncA,2289512,-,0
pncA_2289394_-,-0.0008160891138049,0.0,pncA,2289394,-,0
pncA_2289408_-,-0.0008160891138049,0.0,pncA,2289408,-,0
pncA_2289407_-,-0.0008160891138049,0.0,pncA,2289407,-,0
pncA_2289406_-,-0.0008160891138049,0.0,pncA,2289406,-,0
pncA_2289405_-,-0.0008160891138049,0.0,pncA,2289405,-,0
pncA_2289404_-,-0.0008160891138049,0.0,pncA,2289404,-,0
pncA_2289403_-,-0.0008160891138049,0.0,pncA,2289403,-,0
pncA_2289402_-,-0.0008160891138049,0.0,pncA,2289402,-,0
pncA_2289401_-,-0.0008160891138049,0.0,pncA,2289401,-,0
pncA_2289400_-,-0.0008160891138049,0.0,pncA,2289400,-,0
pncA_2289399_-,-0.0008160891138049,0.0,pncA,2289399,-,0
pncA_2289398_-,-0.0008160891138049,0.0,pncA,2289398,-,0
pncA_2289397_-,-0.0008160891138049,0.0,pncA,2289397,-,0
pncA_2289396_-,-0.0008160891138049,0.0,pncA,2289396,-,0
pncA_2289395_-,-0.0008160891138049,0.0,pncA,2289395,-,0
pncA_2289393_-,-0.0008160891138049,0.0,pncA,2289393,-,0
pncA_2289443_-,-0.0008160891138049,0.0,pncA,2289443,-,0
pncA_2289392_-,-0.0008160891138049,0.0,pncA,2289392,-,0
pncA_2289391_-,-0.0008160891138049,0.0,pncA,2289391,-,0
pncA_2289390_-,-0.0008160891138049,0.0,pncA,2289390,-,0
pncA_2289389_-,-0.0008160891138049,0.0,pncA,2289389,-,0
pncA_2289388_-,-0.0008160891138049,0.0,pncA,2289388,-,0
pncA_2289387_-,-0.0008160891138049,0.0,pncA,2289387,-,0
pncA_2289386_-,-0.0008160891138049,0.0,pncA,2289386,-,0
pncA_2289385_-,-0.0008160891138049,0.0,pncA,2289385,-,0
pncA_2289384_-,-0.0008160891138049,0.0,pncA,2289384,-,0
pncA_2289383_-,-0.0008160891138049,0.0,pncA,2289383,-,0
pncA_2289382_-,-0.0008160891138049,0.0,pncA,2289382,-,0
pncA_2289381_-,-0.0008160891138049,0.0,pncA,2289381,-,0
pncA_2289380_-,-0.0008160891138049,0.0,pncA,2289380,-,0
pncA_2289379_-,-0.0008160891138049,0.0,pncA,2289379,-,0
pncA_2289409_-,-0.0008160891138049,0.0,pncA,2289409,-,0
pncA_2289410_-,-0.0008160891138049,0.0,pncA,2289410,-,0
pncA_2289411_-,-0.0008160891138049,0.0,pncA,2289411,-,0
pncA_2289412_-,-0.0008160891138049,0.0,pncA,2289412,-,0
pncA_2289442_-,-0.0008160891138049,0.0,pncA,2289442,-,0
pncA_2289441_-,-0.0008160891138049,0.0,pncA,2289441,-,0
pncA_2289440_-,-0.0008160891138049,0.0,pncA,2289440,-,0
pncA_2289439_-,-0.0008160891138049,0.0,pncA,2289439,-,0
pncA_2289438_-,-0.0008160891138049,0.0,pncA,2289438,-,0
pncA_2289437_-,-0.0008160891138049,0.0,pncA,2289437,-,0
pncA_2289436_-,-0.0008160891138049,0.0,pncA,2289436,-,0
pncA_2289435_-,-0.0008160891138049,0.0,pncA,2289435,-,0
pncA_2289434_-,-0.0008160891138049,0.0,pncA,2289434,-,0
pncA_2289433_-,-0.0008160891138049,0.0,pncA,2289433,-,0
pncA_2289432_-,-0.0008160891138049,0.0,pncA,2289432,-,0
pncA_2289430_-,-0.0008160891138049,0.0,pncA,2289430,-,0
pncA_2289429_-,-0.0008160891138049,0.0,pncA,2289429,-,0
pncA_2289428_-,-0.0008160891138049,0.0,pncA,2289428,-,0
pncA_2289427_-,-0.0008160891138049,0.0,pncA,2289427,-,0
pncA_2289426_-,-0.0008160891138049,0.0,pncA,2289426,-,0
pncA_2289425_-,-0.0008160891138049,0.0,pncA,2289425,-,0
pncA_2289424_-,-0.0008160891138049,0.0,pncA,2289424,-,0
pncA_2289423_-,-0.0008160891138049,0.0,pncA,2289423,-,0
pncA_2289422_-,-0.0008160891138049,0.0,pncA,2289422,-,0
pncA_2289421_-,-0.0008160891138049,0.0,pncA,2289421,-,0
pncA_2289420_-,-0.0008160891138049,0.0,pncA,2289420,-,0
pncA_2289419_-,-0.0008160891138049,0.0,pncA,2289419,-,0
pncA_2289418_-,-0.0008160891138049,0.0,pncA,2289418,-,0
pncA_2289417_-,-0.0008160891138049,0.0,pncA,2289417,-,0
pncA_2289416_-,-0.0008160891138049,0.0,pncA,2289416,-,0
pncA_2289415_-,-0.0008160891138049,0.0,pncA,2289415,-,0
pncA_2289414_-,-0.0008160891138049,0.0,pncA,2289414,-,0
pncA_2289413_-,-0.0008160891138049,0.0,pncA,2289413,-,0
pncA_2289511_-,-0.0008160891138049,0.0,pncA,2289511,-,0
pncA_2289513_-,-0.0008160891138049,0.0,pncA,2289513,-,0
pncA_2289377_-,-0.0008160891138049,0.0,pncA,2289377,-,0
pncA_2289597_-,-0.0001172029577063,0.6,pncA,2289597,-,0
pncA_2289611_-,-0.0001172029577063,0.6,pncA,2289611,-,0
pncA_2289610_-,-0.0001172029577063,0.6,pncA,2289610,-,0
pncA_2289609_-,-0.0001172029577063,0.6,pncA,2289609,-,0
pncA_2289608_-,-0.0001172029577063,0.6,pncA,2289608,-,0
pncA_2289607_-,-0.0001172029577063,0.6,pncA,2289607,-,0
pncA_2289606_-,-0.0001172029577063,0.6,pncA,2289606,-,0
pncA_2289605_-,-0.0001172029577063,0.6,pncA,2289605,-,0
pncA_2289604_-,-0.0001172029577063,0.6,pncA,2289604,-,0
pncA_2289603_-,-0.0001172029577063,0.6,pncA,2289603,-,0
pncA_2289602_-,-0.0001172029577063,0.6,pncA,2289602,-,0
pncA_2289601_-,-0.0001172029577063,0.6,pncA,2289601,-,0
pncA_2289600_-,-0.0001172029577063,0.6,pncA,2289600,-,0
pncA_2289599_-,-0.0001172029577063,0.6,pncA,2289599,-,0
pncA_2289598_-,-0.0001172029577063,0.6,pncA,2289598,-,0
pncA_2289596_-,-0.0001172029577063,0.6,pncA,2289596,-,0
pncA_2289580_-,-0.0008160891138049,0.0,pncA,2289580,-,0
pncA_2289595_-,-0.0001172029577063,0.6,pncA,2289595,-,0
pncA_2289594_-,-0.0001172029577063,0.6,pncA,2289594,-,0
pncA_2289593_-,-0.0001172029577063,0.6,pncA,2289593,-,0
pncA_2289592_-,-0.0008160891138049,0.0,pncA,2289592,-,0
pncA_2289591_-,-0.0008160891138049,0.0,pncA,2289591,-,0
pncA_2289590_-,-0.0008160891138049,0.0,pncA,2289590,-,0
pncA_2289589_-,-0.0008160891138049,0.0,pncA,2289589,-,0
pncA_2289588_-,-0.0008160891138049,0.0,pncA,2289588,-,0
pncA_2289587_-,-0.0008160891138049,0.0,pncA,2289587,-,0
pncA_2289586_-,-0.0008160891138049,0.0,pncA,2289586,-,0
pncA_2289585_-,-0.0008160891138049,0.0,pncA,2289585,-,0
pncA_2289584_-,-0.0008160891138049,0.0,pncA,2289584,-,0
pncA_2289583_-,-0.0008160891138049,0.0,pncA,2289583,-,0
pncA_2289582_-,-0.0008160891138049,0.0,pncA,2289582,-,0
pncA_2289612_-,-0.0001172029577063,0.6,pncA,2289612,-,0
pncA_2289613_-,-0.0001172029577063,0.6,pncA,2289613,-,0
pncA_2289614_-,-0.0001172029577063,0.6,pncA,2289614,-,0
pncA_2289615_-,-0.0001172029577063,0.6,pncA,2289615,-,0
pncA_2289644_-,-0.0001172029577063,0.6,pncA,2289644,-,0
pncA_2289643_-,-0.0001172029577063,0.6,pncA,2289643,-,0
pncA_2289642_-,-0.0001172029577063,0.6,pncA,2289642,-,0
pncA_2289641_-,-0.0001172029577063,0.6,pncA,2289641,-,0
pncA_2289640_-,-0.0001172029577063,0.6,pncA,2289640,-,0
pncA_2289639_-,-0.0001172029577063,0.6,pncA,2289639,-,0
pncA_2289638_-,-0.0001172029577063,0.6,pncA,2289638,-,0
pncA_2289637_-,-0.0001172029577063,0.6,pncA,2289637,-,0
pncA_2289636_-,-0.0001172029577063,0.6,pncA,2289636,-,0
pncA_2289635_-,-0.0001172029577063,0.6,pncA,2289635,-,0
pncA_2289634_-,-0.0001172029577063,0.6,pncA,2289634,-,0
pncA_2289633_-,-0.0001172029577063,0.6,pncA,2289633,-,0
pncA_2289632_-,-0.0001172029577063,0.6,pncA,2289632,-,0
pncA_2289631_-,-0.0001172029577063,0.6,pncA,2289631,-,0
pncA_2289630_-,-0.0001172029577063,0.6,pncA,2289630,-,0
pncA_2289629_-,-0.0001172029577063,0.6,pncA,2289629,-,0
pncA_2289628_-,-0.0001172029577063,0.6,pncA,2289628,-,0
pncA_2289627_-,-0.0001172029577063,0.6,pncA,2289627,-,0
pncA_2289626_-,-0.0001172029577063,0.6,pncA,2289626,-,0
pncA_2289625_-,-0.0001172029577063,0.6,pncA,2289625,-,0
pncA_2289624_-,-0.0001172029577063,0.6,pncA,2289624,-,0
pncA_2289623_-,-0.0001172029577063,0.6,pncA,2289623,-,0
pncA_2289622_-,-0.0001172029577063,0.6,pncA,2289622,-,0
pncA_2289621_-,-0.0001172029577063,0.6,pncA,2289621,-,0
pncA_2289620_-,-0.0001172029577063,0.6,pncA,2289620,-,0
pncA_2289619_-,-0.0001172029577063,0.6,pncA,2289619,-,0
pncA_2289618_-,-0.0001172029577063,0.6,pncA,2289618,-,0
pncA_2289617_-,-0.0001172029577063,0.6,pncA,2289617,-,0
pncA_2289616_-,-0.0001172029577063,0.6,pncA,2289616,-,0
pncA_2289581_-,-0.0008160891138049,0.0,pncA,2289581,-,0
pncA_2289579_-,-0.0008160891138049,0.0,pncA,2289579,-,0
pncA_2289514_-,-0.0008160891138049,0.0,pncA,2289514,-,0
pncA_2289530_-,-0.0008160891138049,0.0,pncA,2289530,-,0
pncA_2289544_-,-0.0008160891138049,0.0,pncA,2289544,-,0
pncA_2289543_-,-0.0008160891138049,0.0,pncA,2289543,-,0
pncA_2289542_-,-0.0008160891138049,0.0,pncA,2289542,-,0
pncA_2289541_-,-0.0008160891138049,0.0,pncA,2289541,-,0
pncA_2289540_-,-0.0008160891138049,0.0,pncA,2289540,-,0
pncA_2289539_-,-0.0008160891138049,0.0,pncA,2289539,-,0
pncA_2289538_-,-0.0008160891138049,0.0,pncA,2289538,-,0
pncA_2289537_-,-0.0008160891138049,0.0,pncA,2289537,-,0
pncA_2289536_-,-0.0008160891138049,0.0,pncA,2289536,-,0
pncA_2289535_-,-0.0008160891138049,0.0,pncA,2289535,-,0
pncA_2289534_-,-0.0008160891138049,0.0,pncA,2289534,-,0
pncA_2289533_-,-0.0008160891138049,0.0,pncA,2289533,-,0
pncA_2289532_-,-0.0008160891138049,0.0,pncA,2289532,-,0
pncA_2289531_-,-0.0008160891138049,0.0,pncA,2289531,-,0
pncA_2289529_-,-0.0008160891138049,0.0,pncA,2289529,-,0
pncA_2289578_-,-0.0008160891138049,0.0,pncA,2289578,-,0
pncA_2289528_-,-0.0008160891138049,0.0,pncA,2289528,-,0
pncA_2289527_-,-0.0008160891138049,0.0,pncA,2289527,-,0
pncA_2289526_-,-0.0008160891138049,0.0,pncA,2289526,-,0
pncA_2289525_-,-0.0008160891138049,0.0,pncA,2289525,-,0
pncA_2289524_-,-0.0008160891138049,0.0,pncA,2289524,-,0
pncA_2289523_-,-0.0008160891138049,0.0,pncA,2289523,-,0
pncA_2289522_-,-0.0008160891138049,0.0,pncA,2289522,-,0
pncA_2289521_-,-0.0008160891138049,0.0,pncA,2289521,-,0
pncA_2289520_-,-0.0008160891138049,0.0,pncA,2289520,-,0
pncA_2289519_-,-0.0008160891138049,0.0,pncA,2289519,-,0
pncA_2289518_-,-0.0008160891138049,0.0,pncA,2289518,-,0
pncA_2289517_-,-0.0008160891138049,0.0,pncA,2289517,-,0
pncA_2289516_-,-0.0008160891138049,0.0,pncA,2289516,-,0
pncA_2289515_-,-0.0008160891138049,0.0,pncA,2289515,-,0
pncA_2289545_-,-0.0008160891138049,0.0,pncA,2289545,-,0
pncA_2289546_-,-0.0008160891138049,0.0,pncA,2289546,-,0
pncA_2289547_-,-0.0008160891138049,0.0,pncA,2289547,-,0
pncA_2289548_-,-0.0008160891138049,0.0,pncA,2289548,-,0
pncA_2289577_-,-0.0008160891138049,0.0,pncA,2289577,-,0
pncA_2289576_-,-0.0008160891138049,0.0,pncA,2289576,-,0
pncA_2289575_-,-0.0008160891138049,0.0,pncA,2289575,-,0
pncA_2289574_-,-0.0008160891138049,0.0,pncA,2289574,-,0
pncA_2289573_-,-0.0008160891138049,0.0,pncA,2289573,-,0
pncA_2289572_-,-0.0008160891138049,0.0,pncA,2289572,-,0
pncA_2289571_-,-0.0008160891138049,0.0,pncA,2289571,-,0
pncA_2289570_-,-0.0008160891138049,0.0,pncA,2289570,-,0
pncA_2289569_-,-0.0008160891138049,0.0,pncA,2289569,-,0
pncA_2289568_-,-0.0008160891138049,0.0,pncA,2289568,-,0
pncA_2289567_-,-0.0008160891138049,0.0,pncA,2289567,-,0
pncA_2289566_-,-0.0008160891138049,0.0,pncA,2289566,-,0
pncA_2289565_-,-0.0008160891138049,0.0,pncA,2289565,-,0
pncA_2289564_-,-0.0008160891138049,0.0,pncA,2289564,-,0
pncA_2289563_-,-0.0008160891138049,0.0,pncA,2289563,-,0
pncA_2289562_-,-0.0008160891138049,0.0,pncA,2289562,-,0
pncA_2289561_-,-0.0008160891138049,0.0,pncA,2289561,-,0
pncA_2289560_-,-0.0008160891138049,0.0,pncA,2289560,-,0
pncA_2289559_-,-0.0008160891138049,0.0,pncA,2289559,-,0
pncA_2289558_-,-0.0008160891138049,0.0,pncA,2289558,-,0
pncA_2289557_-,-0.0008160891138049,0.0,pncA,2289557,-,0
pncA_2289556_-,-0.0008160891138049,0.0,pncA,2289556,-,0
pncA_2289555_-,-0.0008160891138049,0.0,pncA,2289555,-,0
pncA_2289554_-,-0.0008160891138049,0.0,pncA,2289554,-,0
pncA_2289553_-,-0.0008160891138049,0.0,pncA,2289553,-,0
pncA_2289552_-,-0.0008160891138049,0.0,pncA,2289552,-,0
pncA_2289551_-,-0.0008160891138049,0.0,pncA,2289551,-,0
pncA_2289550_-,-0.0008160891138049,0.0,pncA,2289550,-,0
pncA_2289549_-,-0.0008160891138049,0.0,pncA,2289549,-,0
pncA_2289378_-,-0.0008160891138049,0.0,pncA,2289378,-,0
pncA_2289376_-,-0.0008160891138049,0.0,pncA,2289376,-,0
pncA_2289646_-,-0.0001172029577063,0.6,pncA,2289646,-,0
pncA_2289173_-,-0.0008160891138049,0.0,pncA,2289173,-,0
pncA_2289190_-,-0.0008160891138049,0.0,pncA,2289190,-,0
pncA_2289188_-,-0.0008160891138049,0.0,pncA,2289188,-,0
pncA_2289187_-,-0.0008160891138049,0.0,pncA,2289187,-,0
pncA_2289185_-,-0.0008160891138049,0.0,pncA,2289185,-,0
pncA_2289184_-,-0.0008160891138049,0.0,pncA,2289184,-,0
pncA_2289183_-,-0.0008160891138049,0.0,pncA,2289183,-,1
pncA_2289182_-,-0.0008160891138049,0.0,pncA,2289182,-,0
pncA_2289181_-,-0.0008160891138049,0.0,pncA,2289181,-,0
pncA_2289179_-,-0.0008160891138049,0.0,pncA,2289179,-,1
pncA_2289178_-,-0.0008160891138049,0.0,pncA,2289178,-,0
pncA_2289177_-,-0.0008160891138049,0.0,pncA,2289177,-,1
pncA_2289176_-,-0.0008160891138049,0.0,pncA,2289176,-,0
pncA_2289175_-,-0.0008160891138049,0.0,pncA,2289175,-,1
pncA_2289174_-,-0.0008160891138049,0.0,pncA,2289174,-,0
pncA_2289172_-,-0.0008160891138049,0.0,pncA,2289172,-,0
pncA_2289156_-,-0.0008160891138049,0.0,pncA,2289156,-,1
pncA_2289171_-,-0.0008160891138049,0.0,pncA,2289171,-,1
pncA_2289170_-,-0.0008160891138049,0.0,pncA,2289170,-,1
pncA_2289169_-,-0.0008160891138049,0.0,pncA,2289169,-,0
pncA_2289168_-,-0.0008160891138049,0.0,pncA,2289168,-,0
pncA_2289167_-,-0.0008160891138049,0.0,pncA,2289167,-,1
pncA_2289166_-,-0.0008160891138049,0.0,pncA,2289166,-,1
pncA_2289164_-,-0.0008160891138049,0.0,pncA,2289164,-,0
pncA_2289163_-,-0.0008160891138049,0.0,pncA,2289163,-,0
pncA_2289162_-,-0.0008160891138049,0.0,pncA,2289162,-,1
pncA_indel10_T,-0.013216415565616,0.0,pncA,indel10,T,0
pncA_2289161_-,-0.0008160891138049,0.0,pncA,2289161,-,1
pncA_2289160_-,-0.0008160891138049,0.0,pncA,2289160,-,0
pncA_2289159_-,-0.0008160891138049,0.0,pncA,2289159,-,0
pncA_2289158_-,-0.0008160891138049,0.0,pncA,2289158,-,0
pncA_2289191_-,-0.0008160891138049,0.0,pncA,2289191,-,0
pncA_2289192_-,-0.0008160891138049,0.0,pncA,2289192,-,1
pncA_2289193_-,-0.0008160891138049,0.0,pncA,2289193,-,0
pncA_2289194_-,-0.0008160891138049,0.0,pncA,2289194,-,1
pncA_2289235_-,-0.0008160891138049,0.0,pncA,2289235,-,0
pncA_2289234_-,-0.0008160891138049,0.0,pncA,2289234,-,1
pncA_2289233_-,-0.0008160891138049,0.0,pncA,2289233,-,0
pncA_2289232_-,-0.0008160891138049,0.0,pncA,2289232,-,0
pncA_2289230_-,-0.0008160891138049,0.0,pncA,2289230,-,0
pncA_2289229_-,-0.0008160891138049,0.0,pncA,2289229,-,0
pncA_2289228_-,-0.0008160891138049,0.0,pncA,2289228,-,1
pncA_2289227_-,-0.0008160891138049,0.0,pncA,2289227,-,0
pncA_2289226_-,-0.0008160891138049,0.0,pncA,2289226,-,0
pncA_2289225_-,-0.0008160891138049,0.0,pncA,2289225,-,1
pncA_2289224_-,-0.0008160891138049,0.0,pncA,2289224,-,0
pncA_2289222_-,-0.0008160891138049,0.0,pncA,2289222,-,1
pncA_2289221_-,-0.0008160891138049,0.0,pncA,2289221,-,1
pncA_2289220_-,-0.0008160891138049,0.0,pncA,2289220,-,1
pncA_2289217_-,-0.0008160891138049,0.0,pncA,2289217,-,0
pncA_2289215_-,-0.0008160891138049,0.0,pncA,2289215,-,0
pncA_2289211_-,-0.0008160891138049,0.0,pncA,2289211,-,0
pncA_2289210_-,-0.0008160891138049,0.0,pncA,2289210,-,0
pncA_2289209_-,-0.0008160891138049,0.0,pncA,2289209,-,0
pncA_2289206_-,-0.0008160891138049,0.0,pncA,2289206,-,1
pncA_2289205_-,-0.0008160891138049,0.0,pncA,2289205,-,1
pncA_2289204_-,-0.0008160891138049,0.0,pncA,2289204,-,1
pncA_2289203_-,-0.0008160891138049,0.0,pncA,2289203,-,1
pncA_2289201_-,-0.0008160891138049,0.0,pncA,2289201,-,0
pncA_2289200_-,-0.0008160891138049,0.0,pncA,2289200,-,1
pncA_2289198_-,-0.0008160891138049,0.0,pncA,2289198,-,0
pncA_2289197_-,-0.0008160891138049,0.0,pncA,2289197,-,1
pncA_2289196_-,-0.0008160891138049,0.0,pncA,2289196,-,0
pncA_2289195_-,-0.0008160891138049,0.0,pncA,2289195,-,0
pncA_2289157_-,-0.0008160891138049,0.0,pncA,2289157,-,0
pncA_2289155_-,-0.0008160891138049,0.0,pncA,2289155,-,0
pncA_2289240_-,-0.0008160891138049,0.0,pncA,2289240,-,1
pncA_2291267_-,-0.0003681324527134,0.0,pncA,2291267,-,0
pncA_2289116_-,-0.0008160891138049,0.0,pncA,2289116,-,0
pncA_2289115_-,-0.0008160891138049,0.0,pncA,2289115,-,0
pncA_2289113_-,-0.0008160891138049,0.0,pncA,2289113,-,0
pncA_2289112_-,-0.0008160891138049,0.0,pncA,2289112,-,0
pncA_2289111_-,-0.0008160891138049,0.0,pncA,2289111,-,1
pncA_2289110_-,-0.0008160891138049,0.0,pncA,2289110,-,0
pncA_2289108_-,-0.0008160891138049,0.0,pncA,2289108,-,0
pncA_2289107_-,-0.0008160891138049,0.0,pncA,2289107,-,1
pncA_2289106_-,-0.0008160891138049,0.0,pncA,2289106,-,0
pncA_2289104_-,-0.0008160891138049,0.0,pncA,2289104,-,0
pncA_2289103_-,-0.0008160891138049,0.0,pncA,2289103,-,1
pncA_2289102_-,-0.0008160891138049,0.0,pncA,2289102,-,0
pncA_2289101_-,-0.0008160891138049,0.0,pncA,2289101,-,0
pncA_2289100_-,-0.0008160891138049,0.0,pncA,2289100,-,1
pncA_indel11_A,0.0250164071560718,0.0,pncA,indel11,A,0
pncA_2289154_-,-0.0008160891138049,0.0,pncA,2289154,-,0
pncA_2289096_-,-0.0008160891138049,0.0,pncA,2289096,-,1
pncA_2289094_-,-0.0008160891138049,0.0,pncA,2289094,-,0
pncA_2289093_-,-0.0008160891138049,0.0,pncA,2289093,-,0
pncA_2289092_-,-0.0008160891138049,0.0,pncA,2289092,-,0
pncA_2289091_-,-0.0008160891138049,0.0,pncA,2289091,-,1
pncA_2289088_-,-0.0008160891138049,0.0,pncA,2289088,-,0
pncA_2289087_-,-0.0008160891138049,0.0,pncA,2289087,-,0
pncA_2289086_-,-0.0008160891138049,0.0,pncA,2289086,-,1
pncA_2289085_-,-0.0008160891138049,0.0,pncA,2289085,-,0
pncA_2289084_-,-0.0008160891138049,0.0,pncA,2289084,-,0
pncA_2289083_-,-0.0008160891138049,0.0,pncA,2289083,-,0
pncA_2289082_-,-0.0008160891138049,0.0,pncA,2289082,-,0
pncA_2289080_-,-0.0008160891138049,0.0,pncA,2289080,-,0
pncA_2289079_-,-0.0008160891138049,0.0,pncA,2289079,-,0
pncA_2289117_-,-0.0008160891138049,0.0,pncA,2289117,-,0
pncA_2289118_-,-0.0008160891138049,0.0,pncA,2289118,-,0
pncA_2289121_-,-0.0008160891138049,0.0,pncA,2289121,-,0
pncA_2289122_-,-0.0008160891138049,0.0,pncA,2289122,-,0
pncA_2289153_-,-0.0008160891138049,0.0,pncA,2289153,-,0
pncA_2289152_-,-0.0008160891138049,0.0,pncA,2289152,-,0
pncA_2289151_-,-0.0008160891138049,0.0,pncA,2289151,-,0
pncA_2289150_-,-0.0008160891138049,0.0,pncA,2289150,-,1
pncA_2289149_-,-0.0008160891138049,0.0,pncA,2289149,-,1
pncA_2289148_-,-0.0008160891138049,0.0,pncA,2289148,-,0
pncA_2289147_-,-0.0008160891138049,0.0,pncA,2289147,-,0
pncA_2289146_-,-0.0008160891138049,0.0,pncA,2289146,-,0
pncA_2289145_-,-0.0008160891138049,0.0,pncA,2289145,-,0
pncA_2289144_-,-0.0008160891138049,0.0,pncA,2289144,-,0
pncA_2289143_-,-0.0008160891138049,0.0,pncA,2289143,-,0
pncA_2289141_-,-0.0008160891138049,0.0,pncA,2289141,-,0
pncA_2289140_-,-0.0008160891138049,0.0,pncA,2289140,-,1
pncA_2289139_-,-0.0008160891138049,0.0,pncA,2289139,-,0
pncA_2289138_-,-0.0008160891138049,0.0,pncA,2289138,-,0
pncA_2289137_-,-0.0008160891138049,0.0,pncA,2289137,-,0
pncA_2289135_-,-0.0008160891138049,0.0,pncA,2289135,-,0
pncA_2289134_-,-0.0008160891138049,0.0,pncA,2289134,-,1
pncA_2289133_-,-0.0008160891138049,0.0,pncA,2289133,-,0
pncA_2289132_-,-0.0008160891138049,0.0,pncA,2289132,-,0
pncA_2289131_-,-0.0008160891138049,0.0,pncA,2289131,-,0
pncA_2289130_-,-0.0008160891138049,0.0,pncA,2289130,-,0
pncA_2289129_-,-0.0008160891138049,0.0,pncA,2289129,-,0
pncA_2289128_-,-0.0008160891138049,0.0,pncA,2289128,-,0
pncA_2289127_-,-0.0008160891138049,0.0,pncA,2289127,-,0
pncA_2289126_-,-0.0008160891138049,0.0,pncA,2289126,-,1
pncA_2289125_-,-0.0008160891138049,0.0,pncA,2289125,-,1
pncA_2289124_-,-0.0008160891138049,0.0,pncA,2289124,-,0
pncA_2289123_-,-0.0008160891138049,0.0,pncA,2289123,-,0
pncA_2289236_-,-0.0008160891138049,0.0,pncA,2289236,-,0
pncA_2289241_-,-0.0008160891138049,0.0,pncA,2289241,-,0
pncA_2289375_-,-0.0008160891138049,0.0,pncA,2289375,-,0
pncA_2289327_-,-0.0008160891138049,0.0,pncA,2289327,-,0
pncA_2289341_-,-0.0008160891138049,0.0,pncA,2289341,-,0
pncA_2289340_-,-0.0008160891138049,0.0,pncA,2289340,-,0
pncA_2289339_-,-0.0008160891138049,0.0,pncA,2289339,-,0
pncA_2289338_-,-0.0008160891138049,0.0,pncA,2289338,-,0
pncA_2289337_-,-0.0008160891138049,0.0,pncA,2289337,-,0
pncA_2289336_-,-0.0008160891138049,0.0,pncA,2289336,-,0
pncA_2289335_-,-0.0008160891138049,0.0,pncA,2289335,-,0
pncA_2289334_-,-0.0008160891138049,0.0,pncA,2289334,-,0
pncA_2289333_-,-0.0008160891138049,0.0,pncA,2289333,-,0
pncA_2289332_-,-0.0008160891138049,0.0,pncA,2289332,-,0
pncA_2289331_-,-0.0008160891138049,0.0,pncA,2289331,-,0
pncA_2289330_-,-0.0008160891138049,0.0,pncA,2289330,-,0
pncA_2289329_-,-0.0008160891138049,0.0,pncA,2289329,-,0
pncA_2289328_-,-0.0008160891138049,0.0,pncA,2289328,-,0
pncA_2289326_-,-0.0008160891138049,0.0,pncA,2289326,-,0
pncA_2289310_-,-0.0008160891138049,0.0,pncA,2289310,-,0
pncA_2289325_-,-0.0008160891138049,0.0,pncA,2289325,-,0
pncA_2289324_-,-0.0008160891138049,0.0,pncA,2289324,-,0
pncA_2289323_-,-0.0008160891138049,0.0,pncA,2289323,-,0
pncA_2289322_-,-0.0008160891138049,0.0,pncA,2289322,-,0
pncA_2289321_-,-0.0008160891138049,0.0,pncA,2289321,-,0
pncA_2289320_-,-0.0008160891138049,0.0,pncA,2289320,-,0
pncA_2289319_-,-0.0008160891138049,0.0,pncA,2289319,-,0
pncA_2289318_-,-0.0008160891138049,0.0,pncA,2289318,-,0
pncA_2289317_-,-0.0008160891138049,0.0,pncA,2289317,-,0
pncA_2289316_-,-0.0008160891138049,0.0,pncA,2289316,-,0
pncA_2289315_-,-0.0008160891138049,0.0,pncA,2289315,-,0
pncA_2289314_-,-0.0008160891138049,0.0,pncA,2289314,-,0
pncA_2289313_-,-0.0008160891138049,0.0,pncA,2289313,-,0
pncA_2289312_-,-0.0008160891138049,0.0,pncA,2289312,-,0
pncA_2289342_-,-0.0008160891138049,0.0,pncA,2289342,-,0
pncA_2289343_-,-0.0008160891138049,0.0,pncA,2289343,-,0
pncA_2289344_-,-0.0008160891138049,0.0,pncA,2289344,-,0
pncA_2289345_-,-0.0008160891138049,0.0,pncA,2289345,-,0
pncA_2289374_-,-0.0008160891138049,0.0,pncA,2289374,-,0
pncA_2289373_-,-0.0008160891138049,0.0,pncA,2289373,-,0
pncA_2289372_-,-0.0008160891138049,0.0,pncA,2289372,-,0
pncA_2289371_-,-0.0008160891138049,0.0,pncA,2289371,-,0
pncA_2289370_-,-0.0008160891138049,0.0,pncA,2289370,-,0
pncA_2289369_-,-0.0008160891138049,0.0,pncA,2289369,-,0
pncA_2289368_-,-0.0008160891138049,0.0,pncA,2289368,-,0
pncA_2289367_-,-0.0008160891138049,0.0,pncA,2289367,-,0
pncA_2289366_-,-0.0299413071588732,0.0,pncA,2289366,-,0
pncA_2289365_-,-0.0008160891138049,0.0,pncA,2289365,-,0
pncA_2289364_-,-0.0008160891138049,0.0,pncA,2289364,-,0
pncA_2289363_-,-0.0008160891138049,0.0,pncA,2289363,-,0
pncA_2289362_-,-0.0008160891138049,0.0,pncA,2289362,-,0
pncA_2289361_-,-0.0008160891138049,0.0,pncA,2289361,-,0
pncA_2289360_-,-0.0008160891138049,0.0,pncA,2289360,-,0
pncA_2289359_-,-0.0008160891138049,0.0,pncA,2289359,-,0
pncA_2289358_-,-0.0008160891138049,0.0,pncA,2289358,-,0
pncA_2289357_-,-0.0008160891138049,0.0,pncA,2289357,-,0
pncA_2289356_-,-0.0008160891138049,0.0,pncA,2289356,-,0
pncA_2289355_-,-0.0008160891138049,0.0,pncA,2289355,-,0
pncA_2289354_-,-0.0008160891138049,0.0,pncA,2289354,-,0
pncA_2289353_-,-0.0008160891138049,0.0,pncA,2289353,-,0
pncA_2289352_-,-0.0008160891138049,0.0,pncA,2289352,-,0
pncA_2289351_-,-0.0008160891138049,0.0,pncA,2289351,-,0
pncA_2289350_-,-0.0008160891138049,0.0,pncA,2289350,-,0
pncA_2289349_-,-0.0008160891138049,0.0,pncA,2289349,-,0
pncA_2289348_-,-0.0008160891138049,0.0,pncA,2289348,-,0
pncA_2289347_-,-0.0008160891138049,0.0,pncA,2289347,-,0
pncA_2289346_-,-0.0008160891138049,0.0,pncA,2289346,-,0
pncA_2289311_-,-0.0008160891138049,0.0,pncA,2289311,-,0
pncA_2289309_-,-0.0008160891138049,0.0,pncA,2289309,-,0
pncA_2289242_-,-0.0008160891138049,0.0,pncA,2289242,-,0
pncA_2289260_-,-0.0008160891138049,0.0,pncA,2289260,-,0
pncA_2289274_-,-0.0008160891138049,0.0,pncA,2289274,-,0
pncA_2289273_-,-0.0008160891138049,0.0,pncA,2289273,-,0
pncA_2289272_-,-0.0008160891138049,0.0,pncA,2289272,-,0
pncA_2289271_-,-0.0008160891138049,0.0,pncA,2289271,-,0
pncA_2289270_-,-0.0008160891138049,0.0,pncA,2289270,-,0
pncA_2289269_-,-0.0008160891138049,0.0,pncA,2289269,-,0
pncA_2289268_-,-0.0008160891138049,0.0,pncA,2289268,-,0
pncA_2289267_-,-0.0008160891138049,0.0,pncA,2289267,-,0
pncA_2289266_-,-0.0008160891138049,0.0,pncA,2289266,-,0
pncA_2289265_-,-0.0008160891138049,0.0,pncA,2289265,-,0
pncA_2289264_-,-0.0008160891138049,0.0,pncA,2289264,-,0
pncA_2289263_-,-0.0008160891138049,0.0,pncA,2289263,-,0
pncA_2289262_-,-0.0008160891138049,0.0,pncA,2289262,-,0
pncA_2289261_-,-0.0008160891138049,0.0,pncA,2289261,-,0
pncA_2289259_-,-0.0008160891138049,0.0,pncA,2289259,-,0
pncA_2289308_-,-0.0008160891138049,0.0,pncA,2289308,-,0
pncA_2289258_-,-0.0008160891138049,0.0,pncA,2289258,-,0
pncA_2289255_-,-0.0008160891138049,0.0,pncA,2289255,-,0
pncA_indel0_A,0.0104548894762723,0.0,pncA,indel0,A,0
pncA_2289254_-,-0.0008160891138049,0.0,pncA,2289254,-,0
pncA_2289253_-,-0.0008160891138049,0.0,pncA,2289253,-,1
pncA_2289251_-,0.0095886901483366,0.3,pncA,2289251,-,0
pncA_2289250_-,-0.0008160891138049,0.0,pncA,2289250,-,0
pncA_2289249_-,-0.0008160891138049,0.0,pncA,2289249,-,0
pncA_2289248_-,-0.0008160891138049,0.0,pncA,2289248,-,1
pncA_2289247_-,-0.0008160891138049,0.0,pncA,2289247,-,0
pncA_2289246_-,-0.0008160891138049,0.0,pncA,2289246,-,0
pncA_2289245_-,-0.0008160891138049,0.0,pncA,2289245,-,1
pncA_2289244_-,-0.0008160891138049,0.0,pncA,2289244,-,0
pncA_2289243_-,-0.0008160891138049,0.0,pncA,2289243,-,0
pncA_2289275_-,-0.0008160891138049,0.0,pncA,2289275,-,0
pncA_2289276_-,-0.0008160891138049,0.0,pncA,2289276,-,0
pncA_2289277_-,-0.0008160891138049,0.0,pncA,2289277,-,0
pncA_2289278_-,-0.0008160891138049,0.0,pncA,2289278,-,0
pncA_2289307_-,-0.0008160891138049,0.0,pncA,2289307,-,0
pncA_2289306_-,-0.0008160891138049,0.0,pncA,2289306,-,0
pncA_2289305_-,-0.0008160891138049,0.0,pncA,2289305,-,0
pncA_2289304_-,-0.0008160891138049,0.0,pncA,2289304,-,0
pncA_2289303_-,-0.0008160891138049,0.0,pncA,2289303,-,0
pncA_2289302_-,-0.0008160891138049,0.0,pncA,2289302,-,0
pncA_2289301_-,-0.0008160891138049,0.0,pncA,2289301,-,0
pncA_2289300_-,-0.0008160891138049,0.0,pncA,2289300,-,0
pncA_2289299_-,-0.0008160891138049,0.0,pncA,2289299,-,0
pncA_2289298_-,-0.0008160891138049,0.0,pncA,2289298,-,0
pncA_2289297_-,-0.0008160891138049,0.0,pncA,2289297,-,0
pncA_2289296_-,-0.0008160891138049,0.0,pncA,2289296,-,0
pncA_2289295_-,-0.0008160891138049,0.0,pncA,2289295,-,0
pncA_2289294_-,-0.0008160891138049,0.0,pncA,2289294,-,0
pncA_2289293_-,-0.0008160891138049,0.0,pncA,2289293,-,0
pncA_2289292_-,-0.0008160891138049,0.0,pncA,2289292,-,0
pncA_2289291_-,-0.0008160891138049,0.0,pncA,2289291,-,0
pncA_2289290_-,-0.0008160891138049,0.0,pncA,2289290,-,0
pncA_2289289_-,-0.0008160891138049,0.0,pncA,2289289,-,0
pncA_2289288_-,-0.0008160891138049,0.0,pncA,2289288,-,0
pncA_2289287_-,-0.0008160891138049,0.0,pncA,2289287,-,0
pncA_2289286_-,-0.0008160891138049,0.0,pncA,2289286,-,0
pncA_2289285_-,-0.0008160891138049,0.0,pncA,2289285,-,0
pncA_2289284_-,-0.0008160891138049,0.0,pncA,2289284,-,0
pncA_2289283_-,-0.0008160891138049,0.0,pncA,2289283,-,0
pncA_2289282_-,-0.0008160891138049,0.0,pncA,2289282,-,0
pncA_2289281_-,-0.0008160891138049,0.0,pncA,2289281,-,0
pncA_2289280_-,-0.0008160891138049,0.0,pncA,2289280,-,0
pncA_2289279_-,-0.0008160891138049,0.0,pncA,2289279,-,0
pncA_2290184_-,-0.0001172029577063,0.6,pncA,2290184,-,0
pncA_2289645_-,-0.0001172029577063,0.6,pncA,2289645,-,0
pncA_2289647_-,-0.0001172029577063,0.6,pncA,2289647,-,0
pncA_2290000_-,-0.0001172029577063,0.6,pncA,2290000,-,0
pncA_2290014_-,-0.0001172029577063,0.6,pncA,2290014,-,0
pncA_2290013_-,-0.0001172029577063,0.6,pncA,2290013,-,0
pncA_2290012_-,-0.0001172029577063,0.6,pncA,2290012,-,0
pncA_2290011_-,-0.0001172029577063,0.6,pncA,2290011,-,0
pncA_2290010_-,-0.0001172029577063,0.6,pncA,2290010,-,0
pncA_2290009_-,-0.0001172029577063,0.6,pncA,2290009,-,0
pncA_2290008_-,-0.0001172029577063,0.6,pncA,2290008,-,0
pncA_2290007_-,-0.0001172029577063,0.6,pncA,2290007,-,0
pncA_2290006_-,-0.0001172029577063,0.6,pncA,2290006,-,0
pncA_2290005_-,-0.0001172029577063,0.6,pncA,2290005,-,0
pncA_2290004_-,-0.0001172029577063,0.6,pncA,2290004,-,0
pncA_2290003_-,-0.0001172029577063,0.6,pncA,2290003,-,0
pncA_2290002_-,-0.0001172029577063,0.6,pncA,2290002,-,0
pncA_2290001_-,-0.0001172029577063,0.6,pncA,2290001,-,0
pncA_2289999_-,-0.0001172029577063,0.6,pncA,2289999,-,0
pncA_2289983_-,-0.0001172029577063,0.6,pncA,2289983,-,0
pncA_2289998_-,-0.0001172029577063,0.6,pncA,2289998,-,0
pncA_2289997_-,-0.0001172029577063,0.6,pncA,2289997,-,0
pncA_2289996_-,-0.0001172029577063,0.6,pncA,2289996,-,0
pncA_2289995_-,-0.0001172029577063,0.6,pncA,2289995,-,0
pncA_2289994_-,-0.0001172029577063,0.6,pncA,2289994,-,0
pncA_2289993_-,-0.0001172029577063,0.6,pncA,2289993,-,0
pncA_2289992_-,-0.0001172029577063,0.6,pncA,2289992,-,0
pncA_2289991_-,-0.0001172029577063,0.6,pncA,2289991,-,0
pncA_2289990_-,-0.0001172029577063,0.6,pncA,2289990,-,0
pncA_2289989_-,-0.0001172029577063,0.6,pncA,2289989,-,0
pncA_2289988_-,-0.0001172029577063,0.6,pncA,2289988,-,0
pncA_2289987_-,-0.0001172029577063,0.6,pncA,2289987,-,0
pncA_2289986_-,-0.0001172029577063,0.6,pncA,2289986,-,0
pncA_2289985_-,-0.0001172029577063,0.6,pncA,2289985,-,0
pncA_2290015_-,-0.0001172029577063,0.6,pncA,2290015,-,0
pncA_2290016_-,-0.0001172029577063,0.6,pncA,2290016,-,0
pncA_2290017_-,-0.0001172029577063,0.6,pncA,2290017,-,0
pncA_2290018_-,-0.0001172029577063,0.6,pncA,2290018,-,0
pncA_2290047_-,-0.0001172029577063,0.6,pncA,2290047,-,0
pncA_2290046_-,-0.0001172029577063,0.6,pncA,2290046,-,0
pncA_2290045_-,-0.0001172029577063,0.6,pncA,2290045,-,0
pncA_2290044_-,-0.0001172029577063,0.6,pncA,2290044,-,0
pncA_2290043_-,-0.0001172029577063,0.6,pncA,2290043,-,0
pncA_2290042_-,-0.0001172029577063,0.6,pncA,2290042,-,0
pncA_2290041_-,-0.0001172029577063,0.6,pncA,2290041,-,0
pncA_2290040_-,-0.0001172029577063,0.6,pncA,2290040,-,0
pncA_2290039_-,-0.0001172029577063,0.6,pncA,2290039,-,0
pncA_2290038_-,-0.0001172029577063,0.6,pncA,2290038,-,0
pncA_2290037_-,-0.0001172029577063,0.6,pncA,2290037,-,0
pncA_2290036_-,-0.0001172029577063,0.6,pncA,2290036,-,0
pncA_2290035_-,-0.0001172029577063,0.6,pncA,2290035,-,0
pncA_2290034_-,-0.0001172029577063,0.6,pncA,2290034,-,0
pncA_2290033_-,-0.0001172029577063,0.6,pncA,2290033,-,0
pncA_2290032_-,-0.0001172029577063,0.6,pncA,2290032,-,0
pncA_2290031_-,-0.0001172029577063,0.6,pncA,2290031,-,0
pncA_2290030_-,-0.0001172029577063,0.6,pncA,2290030,-,0
pncA_2290029_-,-0.0001172029577063,0.6,pncA,2290029,-,0
pncA_2290028_-,-0.0001172029577063,0.6,pncA,2290028,-,0
pncA_2290027_-,-0.0001172029577063,0.6,pncA,2290027,-,0
pncA_2290026_-,-0.0001172029577063,0.6,pncA,2290026,-,0
pncA_2290025_-,-0.0001172029577063,0.6,pncA,2290025,-,0
pncA_2290024_-,-0.0001172029577063,0.6,pncA,2290024,-,0
pncA_2290023_-,-0.0001172029577063,0.6,pncA,2290023,-,0
pncA_2290022_-,-0.0001172029577063,0.6,pncA,2290022,-,0
pncA_2290021_-,-0.0001172029577063,0.6,pncA,2290021,-,0
pncA_2290020_-,-0.0001172029577063,0.6,pncA,2290020,-,0
pncA_2290019_-,-0.0001172029577063,0.6,pncA,2290019,-,0
pncA_2289984_-,-0.0001172029577063,0.6,pncA,2289984,-,0
pncA_2289982_-,-0.0001172029577063,0.6,pncA,2289982,-,0
pncA_2290049_-,-0.0001172029577063,0.6,pncA,2290049,-,0
pncA_2289933_-,-0.0001172029577063,0.6,pncA,2289933,-,0
pncA_2289947_-,-0.0001172029577063,0.6,pncA,2289947,-,0
pncA_2289946_-,-0.0001172029577063,0.6,pncA,2289946,-,0
pncA_2289945_-,-0.0001172029577063,0.6,pncA,2289945,-,0
pncA_2289944_-,-0.0001172029577063,0.6,pncA,2289944,-,0
pncA_2289943_-,-0.0001172029577063,0.6,pncA,2289943,-,0
pncA_2289942_-,-0.0001172029577063,0.6,pncA,2289942,-,0
pncA_2289941_-,-0.0001172029577063,0.6,pncA,2289941,-,0
pncA_2289940_-,-0.0001172029577063,0.6,pncA,2289940,-,0
pncA_2289939_-,-0.0001172029577063,0.6,pncA,2289939,-,0
pncA_2289938_-,-0.0001172029577063,0.6,pncA,2289938,-,0
pncA_2289937_-,-0.0001172029577063,0.6,pncA,2289937,-,0
pncA_2289936_-,-0.0001172029577063,0.6,pncA,2289936,-,0
pncA_2289935_-,-0.0001172029577063,0.6,pncA,2289935,-,0
pncA_2289934_-,-0.0001172029577063,0.6,pncA,2289934,-,0
pncA_2289932_-,-0.0001172029577063,0.6,pncA,2289932,-,0
pncA_2289981_-,-0.0001172029577063,0.6,pncA,2289981,-,0
pncA_2289931_-,-0.0001172029577063,0.6,pncA,2289931,-,0
pncA_2289930_-,-0.0001172029577063,0.6,pncA,2289930,-,0
pncA_2289929_-,-0.0001172029577063,0.6,pncA,2289929,-,0
pncA_2289928_-,-0.0001172029577063,0.6,pncA,2289928,-,0
pncA_2289927_-,-0.0001172029577063,0.6,pncA,2289927,-,0
pncA_2289926_-,-0.0001172029577063,0.6,pncA,2289926,-,0
pncA_2289925_-,-0.0001172029577063,0.6,pncA,2289925,-,0
pncA_2289924_-,-0.0001172029577063,0.6,pncA,2289924,-,0
pncA_2289923_-,-0.0001172029577063,0.6,pncA,2289923,-,0
pncA_2289922_-,-0.0001172029577063,0.6,pncA,2289922,-,0
pncA_2289921_-,-0.0001172029577063,0.6,pncA,2289921,-,0
pncA_2289920_-,-0.0001172029577063,0.6,pncA,2289920,-,0
pncA_2289919_-,-0.0001172029577063,0.6,pncA,2289919,-,0
pncA_2289918_-,-0.0001172029577063,0.6,pncA,2289918,-,0
pncA_2289948_-,-0.0001172029577063,0.6,pncA,2289948,-,0
pncA_2289949_-,-0.0001172029577063,0.6,pncA,2289949,-,0
pncA_2289950_-,-0.0001172029577063,0.6,pncA,2289950,-,0
pncA_2289951_-,-0.0001172029577063,0.6,pncA,2289951,-,0
pncA_2289980_-,-0.0001172029577063,0.6,pncA,2289980,-,0
pncA_2289979_-,-0.0001172029577063,0.6,pncA,2289979,-,0
pncA_2289978_-,-0.0001172029577063,0.6,pncA,2289978,-,0
pncA_2289977_-,-0.0001172029577063,0.6,pncA,2289977,-,0
pncA_2289976_-,-0.0001172029577063,0.6,pncA,2289976,-,0
pncA_2289975_-,-0.0001172029577063,0.6,pncA,2289975,-,0
pncA_2289974_-,-0.0001172029577063,0.6,pncA,2289974,-,0
pncA_2289973_-,-0.0001172029577063,0.6,pncA,2289973,-,0
pncA_2289972_-,-0.0001172029577063,0.6,pncA,2289972,-,0
pncA_2289971_-,-0.0001172029577063,0.6,pncA,2289971,-,0
pncA_2289970_-,-0.0001172029577063,0.6,pncA,2289970,-,0
pncA_2289969_-,-0.0001172029577063,0.6,pncA,2289969,-,0
pncA_2289968_-,-0.0001172029577063,0.6,pncA,2289968,-,0
pncA_2289967_-,-0.0001172029577063,0.6,pncA,2289967,-,0
pncA_2289966_-,-0.0001172029577063,0.6,pncA,2289966,-,0
pncA_2289965_-,-0.0001172029577063,0.6,pncA,2289965,-,0
pncA_2289964_-,-0.0001172029577063,0.6,pncA,2289964,-,0
pncA_2289963_-,-0.0001172029577063,0.6,pncA,2289963,-,0
pncA_2289962_-,-0.0001172029577063,0.6,pncA,2289962,-,0
pncA_2289961_-,-0.0001172029577063,0.6,pncA,2289961,-,0
pncA_2289960_-,-0.0001172029577063,0.6,pncA,2289960,-,0
pncA_2289959_-,-0.0001172029577063,0.6,pncA,2289959,-,0
pncA_2289958_-,-0.0001172029577063,0.6,pncA,2289958,-,0
pncA_2289957_-,-0.0001172029577063,0.6,pncA,2289957,-,0
pncA_2289956_-,-0.0001172029577063,0.6,pncA,2289956,-,0
pncA_2289955_-,-0.0001172029577063,0.6,pncA,2289955,-,0
pncA_2289954_-,-0.0001172029577063,0.6,pncA,2289954,-,0
pncA_2289953_-,-0.0001172029577063,0.6,pncA,2289953,-,0
pncA_2289952_-,-0.0001172029577063,0.6,pncA,2289952,-,0
pncA_2290048_-,-0.0001172029577063,0.6,pncA,2290048,-,0
pncA_2290050_-,-0.0001172029577063,0.6,pncA,2290050,-,0
pncA_2289916_-,-0.0001172029577063,0.6,pncA,2289916,-,0
pncA_2290136_-,-0.0001172029577063,0.6,pncA,2290136,-,0
pncA_2290150_-,-0.0001172029577063,0.6,pncA,2290150,-,0
pncA_2290149_-,-0.0001172029577063,0.6,pncA,2290149,-,0
pncA_2290148_-,-0.0001172029577063,0.6,pncA,2290148,-,0
pncA_2290147_-,-0.0001172029577063,0.6,pncA,2290147,-,0
pncA_2290146_-,-0.0001172029577063,0.6,pncA,2290146,-,0
pncA_2290145_-,-0.0001172029577063,0.6,pncA,2290145,-,0
pncA_2290144_-,-0.0001172029577063,0.6,pncA,2290144,-,0
pncA_2290143_-,-0.0001172029577063,0.6,pncA,2290143,-,0
pncA_2290142_-,-0.0001172029577063,0.6,pncA,2290142,-,0
pncA_2290141_-,-0.0001172029577063,0.6,pncA,2290141,-,0
pncA_2290140_-,-0.0001172029577063,0.6,pncA,2290140,-,0
pncA_2290139_-,-0.0001172029577063,0.6,pncA,2290139,-,0
pncA_2290138_-,-0.0001172029577063,0.6,pncA,2290138,-,0
pncA_2290137_-,-0.0001172029577063,0.6,pncA,2290137,-,0
pncA_2290135_-,-0.0001172029577063,0.6,pncA,2290135,-,0
pncA_2290119_-,-0.0001172029577063,0.6,pncA,2290119,-,0
pncA_2290134_-,-0.0001172029577063,0.6,pncA,2290134,-,0
pncA_2290133_-,-0.0001172029577063,0.6,pncA,2290133,-,0
pncA_2290132_-,-0.0001172029577063,0.6,pncA,2290132,-,0
pncA_2290131_-,-0.0001172029577063,0.6,pncA,2290131,-,0
pncA_2290130_-,-0.0001172029577063,0.6,pncA,2290130,-,0
pncA_2290129_-,-0.0001172029577063,0.6,pncA,2290129,-,0
pncA_2290128_-,-0.0001172029577063,0.6,pncA,2290128,-,0
pncA_2290127_-,-0.0001172029577063,0.6,pncA,2290127,-,0
pncA_2290126_-,-0.0001172029577063,0.6,pncA,2290126,-,0
pncA_2290125_-,-0.0001172029577063,0.6,pncA,2290125,-,0
pncA_2290124_-,-0.0001172029577063,0.6,pncA,2290124,-,0
pncA_2290123_-,-0.0001172029577063,0.6,pncA,2290123,-,0
pncA_2290122_-,-0.0001172029577063,0.6,pncA,2290122,-,0
pncA_2290121_-,-0.0001172029577063,0.6,pncA,2290121,-,0
pncA_2290151_-,-0.0001172029577063,0.6,pncA,2290151,-,0
pncA_2290152_-,-0.0001172029577063,0.6,pncA,2290152,-,0
pncA_2290153_-,-0.0001172029577063,0.6,pncA,2290153,-,0
pncA_2290154_-,-0.0001172029577063,0.6,pncA,2290154,-,0
pncA_2290183_-,-0.0001172029577063,0.6,pncA,2290183,-,0
pncA_2290182_-,-0.0001172029577063,0.6,pncA,2290182,-,0
pncA_2290181_-,-0.0001172029577063,0.6,pncA,2290181,-,0
pncA_2290180_-,-0.0001172029577063,0.6,pncA,2290180,-,0
pncA_2290179_-,-0.0001172029577063,0.6,pncA,2290179,-,0
pncA_2290178_-,-0.0001172029577063,0.6,pncA,2290178,-,0
pncA_2290177_-,-0.0001172029577063,0.6,pncA,2290177,-,0
pncA_2290176_-,-0.0001172029577063,0.6,pncA,2290176,-,0
pncA_2290175_-,-0.0001172029577063,0.6,pncA,2290175,-,0
pncA_2290174_-,-0.0001172029577063,0.6,pncA,2290174,-,0
pncA_2290173_-,-0.0001172029577063,0.6,pncA,2290173,-,0
pncA_2290172_-,-0.0001172029577063,0.6,pncA,2290172,-,0
pncA_2290171_-,-0.0001172029577063,0.6,pncA,2290171,-,0
pncA_2290170_-,-0.0001172029577063,0.6,pncA,2290170,-,0
pncA_2290169_-,-0.0001172029577063,0.6,pncA,2290169,-,0
pncA_2290168_-,-0.0001172029577063,0.6,pncA,2290168,-,0
pncA_2290167_-,-0.0001172029577063,0.6,pncA,2290167,-,0
pncA_2290166_-,-0.0001172029577063,0.6,pncA,2290166,-,0
pncA_2290165_-,-0.0001172029577063,0.6,pncA,2290165,-,0
pncA_2290164_-,-0.0001172029577063,0.6,pncA,2290164,-,0
pncA_2290163_-,-0.0001172029577063,0.6,pncA,2290163,-,0
pncA_2290162_-,-0.0001172029577063,0.6,pncA,2290162,-,0
pncA_2290161_-,-0.0001172029577063,0.6,pncA,2290161,-,0
pncA_2290160_-,-0.0001172029577063,0.6,pncA,2290160,-,0
pncA_2290159_-,-0.0001172029577063,0.6,pncA,2290159,-,0
pncA_2290158_-,-0.0001172029577063,0.6,pncA,2290158,-,0
pncA_2290157_-,-0.0001172029577063,0.6,pncA,2290157,-,0
pncA_2290156_-,-0.0001172029577063,0.6,pncA,2290156,-,0
pncA_2290155_-,-0.0001172029577063,0.6,pncA,2290155,-,0
pncA_2290120_-,-0.0001172029577063,0.6,pncA,2290120,-,0
pncA_2290118_-,-0.0001172029577063,0.6,pncA,2290118,-,0
pncA_2290051_-,-0.0001172029577063,0.6,pncA,2290051,-,0
pncA_2290067_-,-0.0001172029577063,0.6,pncA,2290067,-,0
pncA_2290082_-,-0.0001172029577063,0.6,pncA,2290082,-,0
pncA_2290081_-,-0.0001172029577063,0.6,pncA,2290081,-,0
pncA_2290080_-,-0.0001172029577063,0.6,pncA,2290080,-,0
pncA_2290078_-,-0.0001172029577063,0.6,pncA,2290078,-,0
pncA_2290077_-,-0.0001172029577063,0.6,pncA,2290077,-,0
pncA_2290076_-,-0.0001172029577063,0.6,pncA,2290076,-,0
pncA_2290075_-,-0.0001172029577063,0.6,pncA,2290075,-,0
pncA_2290074_-,-0.0001172029577063,0.6,pncA,2290074,-,0
pncA_2290073_-,-0.0001172029577063,0.6,pncA,2290073,-,0
pncA_2290072_-,-0.0001172029577063,0.6,pncA,2290072,-,0
pncA_2290071_-,-0.0001172029577063,0.6,pncA,2290071,-,0
pncA_2290070_-,-0.0001172029577063,0.6,pncA,2290070,-,0
pncA_2290069_-,-0.0001172029577063,0.6,pncA,2290069,-,0
pncA_2290068_-,-0.0001172029577063,0.6,pncA,2290068,-,0
pncA_2290066_-,-0.0001172029577063,0.6,pncA,2290066,-,0
pncA_2290117_-,-0.0001172029577063,0.6,pncA,2290117,-,0
pncA_2290065_-,-0.0001172029577063,0.6,pncA,2290065,-,0
pncA_2290064_-,-0.0001172029577063,0.6,pncA,2290064,-,0
pncA_2290063_-,-0.0001172029577063,0.6,pncA,2290063,-,0
pncA_2290062_-,-0.0001172029577063,0.6,pncA,2290062,-,0
pncA_2290061_-,-0.0001172029577063,0.6,pncA,2290061,-,0
pncA_2290060_-,-0.0001172029577063,0.6,pncA,2290060,-,0
pncA_2290059_-,-0.0001172029577063,0.6,pncA,2290059,-,0
pncA_2290058_-,-0.0001172029577063,0.6,pncA,2290058,-,0
pncA_2290057_-,-0.0001172029577063,0.6,pncA,2290057,-,0
pncA_2290056_-,-0.0001172029577063,0.6,pncA,2290056,-,0
pncA_2290055_-,-0.0001172029577063,0.6,pncA,2290055,-,0
pncA_2290054_-,-0.0001172029577063,0.6,pncA,2290054,-,0
pncA_2290053_-,-0.0001172029577063,0.6,pncA,2290053,-,0
pncA_2290052_-,-0.0001172029577063,0.6,pncA,2290052,-,0
pncA_2290083_-,-0.0001172029577063,0.6,pncA,2290083,-,0
pncA_2290084_-,-0.0001172029577063,0.6,pncA,2290084,-,0
pncA_2290085_-,-0.0001172029577063,0.6,pncA,2290085,-,0
pncA_2290086_-,-0.0001172029577063,0.6,pncA,2290086,-,0
pncA_2290116_-,-0.0001172029577063,0.6,pncA,2290116,-,0
pncA_2290115_-,-0.0001172029577063,0.6,pncA,2290115,-,0
pncA_2290113_-,-0.0001172029577063,0.6,pncA,2290113,-,0
pncA_2290112_-,-0.0001172029577063,0.6,pncA,2290112,-,0
pncA_2290111_-,-0.0001172029577063,0.6,pncA,2290111,-,0
pncA_2290110_-,-0.0001172029577063,0.6,pncA,2290110,-,0
pncA_2290109_-,-0.0001172029577063,0.6,pncA,2290109,-,0
pncA_2290108_-,-0.0001172029577063,0.6,pncA,2290108,-,0
pncA_2290107_-,-0.0001172029577063,0.6,pncA,2290107,-,0
pncA_2290106_-,-0.0001172029577063,0.6,pncA,2290106,-,0
pncA_2290105_-,-0.0001172029577063,0.6,pncA,2290105,-,0
pncA_2290104_-,-0.0001172029577063,0.6,pncA,2290104,-,0
pncA_2290103_-,-0.0001172029577063,0.6,pncA,2290103,-,0
pncA_2290102_-,-0.0001172029577063,0.6,pncA,2290102,-,0
pncA_2290101_-,-0.0001172029577063,0.6,pncA,2290101,-,0
pncA_2290100_-,-0.0001172029577063,0.6,pncA,2290100,-,0
pncA_2290099_-,-0.0001172029577063,0.6,pncA,2290099,-,0
pncA_2290098_-,-0.0001172029577063,0.6,pncA,2290098,-,0
pncA_2290097_-,-0.0001172029577063,0.6,pncA,2290097,-,0
pncA_2290096_-,-0.0001172029577063,0.6,pncA,2290096,-,0
pncA_2290095_-,-0.0001172029577063,0.6,pncA,2290095,-,0
pncA_2290094_-,-0.0001172029577063,0.6,pncA,2290094,-,0
pncA_2290093_-,-0.0001172029577063,0.6,pncA,2290093,-,0
pncA_2290092_-,-0.0001172029577063,0.6,pncA,2290092,-,0
pncA_2290091_-,-0.0001172029577063,0.6,pncA,2290091,-,0
pncA_2290090_-,-0.0001172029577063,0.6,pncA,2290090,-,0
pncA_2290089_-,-0.0001172029577063,0.6,pncA,2290089,-,0
pncA_2290088_-,-0.0001172029577063,0.6,pncA,2290088,-,0
pncA_2290087_-,-0.0001172029577063,0.6,pncA,2290087,-,0
pncA_2289648_-,-0.0001172029577063,0.6,pncA,2289648,-,0
pncA_2289917_-,-0.0001172029577063,0.6,pncA,2289917,-,0
pncA_2289915_-,-0.0001172029577063,0.6,pncA,2289915,-,0
pncA_2289732_-,-0.0001172029577063,0.6,pncA,2289732,-,0
pncA_2289746_-,-0.0001172029577063,0.6,pncA,2289746,-,0
pncA_2289745_-,-0.0001172029577063,0.6,pncA,2289745,-,0
pncA_2289744_-,-0.0001172029577063,0.6,pncA,2289744,-,0
pncA_2289743_-,-0.0001172029577063,0.6,pncA,2289743,-,0
pncA_2289742_-,-0.0001172029577063,0.6,pncA,2289742,-,0
pncA_2289741_-,-0.0001172029577063,0.6,pncA,2289741,-,0
pncA_2289740_-,-0.0001172029577063,0.6,pncA,2289740,-,0
pncA_2289739_-,-0.0001172029577063,0.6,pncA,2289739,-,0
pncA_2289738_-,-0.0001172029577063,0.6,pncA,2289738,-,0
pncA_2289737_-,-0.0001172029577063,0.6,pncA,2289737,-,0
pncA_2289736_-,-0.0001172029577063,0.6,pncA,2289736,-,0
pncA_2289735_-,-0.0001172029577063,0.6,pncA,2289735,-,0
pncA_2289734_-,-0.0001172029577063,0.6,pncA,2289734,-,0
pncA_2289733_-,-0.0001172029577063,0.6,pncA,2289733,-,0
pncA_2289731_-,-0.0001172029577063,0.6,pncA,2289731,-,0
pncA_2289715_-,-0.0001172029577063,0.6,pncA,2289715,-,0
pncA_2289730_-,-0.0001172029577063,0.6,pncA,2289730,-,0
pncA_2289729_-,-0.0001172029577063,0.6,pncA,2289729,-,0
pncA_2289728_-,-0.0001172029577063,0.6,pncA,2289728,-,0
pncA_2289727_-,-0.0001172029577063,0.6,pncA,2289727,-,0
pncA_2289726_-,-0.0001172029577063,0.6,pncA,2289726,-,0
pncA_2289725_-,-0.0001172029577063,0.6,pncA,2289725,-,0
pncA_2289724_-,-0.0001172029577063,0.6,pncA,2289724,-,0
pncA_2289723_-,-0.0001172029577063,0.6,pncA,2289723,-,0
pncA_2289722_-,-0.0001172029577063,0.6,pncA,2289722,-,0
pncA_2289721_-,-0.0001172029577063,0.6,pncA,2289721,-,0
pncA_2289720_-,-0.0001172029577063,0.6,pncA,2289720,-,0
pncA_2289719_-,-0.0001172029577063,0.6,pncA,2289719,-,0
pncA_2289718_-,-0.0001172029577063,0.6,pncA,2289718,-,0
pncA_2289717_-,-0.0001172029577063,0.6,pncA,2289717,-,0
pncA_2289747_-,-0.0001172029577063,0.6,pncA,2289747,-,0
pncA_2289748_-,-0.0001172029577063,0.6,pncA,2289748,-,0
pncA_2289749_-,-0.0001172029577063,0.6,pncA,2289749,-,0
pncA_2289750_-,-0.0001172029577063,0.6,pncA,2289750,-,0
pncA_2289779_-,-0.0001172029577063,0.6,pncA,2289779,-,0
pncA_2289778_-,-0.0001172029577063,0.6,pncA,2289778,-,0
pncA_2289777_-,-0.0001172029577063,0.6,pncA,2289777,-,0
pncA_2289776_-,-0.0001172029577063,0.6,pncA,2289776,-,0
pncA_2289775_-,-0.0001172029577063,0.6,pncA,2289775,-,0
pncA_2289774_-,-0.0001172029577063,0.6,pncA,2289774,-,0
pncA_2289773_-,-0.0001172029577063,0.6,pncA,2289773,-,0
pncA_2289772_-,-0.0001172029577063,0.6,pncA,2289772,-,0
pncA_2289771_-,-0.0001172029577063,0.6,pncA,2289771,-,0
pncA_2289770_-,-0.0001172029577063,0.6,pncA,2289770,-,0
pncA_2289769_-,-0.0001172029577063,0.6,pncA,2289769,-,0
pncA_2289768_-,-0.0001172029577063,0.6,pncA,2289768,-,0
pncA_2289767_-,-0.0001172029577063,0.6,pncA,2289767,-,0
pncA_2289766_-,-0.0001172029577063,0.6,pncA,2289766,-,0
pncA_2289765_-,-0.0001172029577063,0.6,pncA,2289765,-,0
pncA_2289764_-,-0.0001172029577063,0.6,pncA,2289764,-,0
pncA_2289763_-,-0.0001172029577063,0.6,pncA,2289763,-,0
pncA_2289762_-,-0.0001172029577063,0.6,pncA,2289762,-,0
pncA_2289761_-,-0.0001172029577063,0.6,pncA,2289761,-,0
pncA_2289760_-,-0.0001172029577063,0.6,pncA,2289760,-,0
pncA_2289759_-,-0.0001172029577063,0.6,pncA,2289759,-,0
pncA_2289758_-,-0.0001172029577063,0.6,pncA,2289758,-,0
pncA_2289757_-,-0.0001172029577063,0.6,pncA,2289757,-,0
pncA_2289756_-,-0.0001172029577063,0.6,pncA,2289756,-,0
pncA_2289755_-,-0.0001172029577063,0.6,pncA,2289755,-,0
pncA_2289754_-,-0.0001172029577063,0.6,pncA,2289754,-,0
pncA_2289753_-,-0.0001172029577063,0.6,pncA,2289753,-,0
pncA_2289752_-,-0.0001172029577063,0.6,pncA,2289752,-,0
pncA_2289751_-,-0.0001172029577063,0.6,pncA,2289751,-,0
pncA_2289716_-,-0.0001172029577063,0.6,pncA,2289716,-,0
pncA_2289714_-,-0.0001172029577063,0.6,pncA,2289714,-,0
pncA_2289781_-,-0.0001172029577063,0.6,pncA,2289781,-,0
pncA_2289665_-,-0.0001172029577063,0.6,pncA,2289665,-,0
pncA_2289679_-,-0.0001172029577063,0.6,pncA,2289679,-,0
pncA_2289678_-,-0.0001172029577063,0.6,pncA,2289678,-,0
pncA_2289677_-,-0.0001172029577063,0.6,pncA,2289677,-,0
pncA_2289676_-,-0.0001172029577063,0.6,pncA,2289676,-,0
pncA_2289675_-,-0.0001172029577063,0.6,pncA,2289675,-,0
pncA_2289674_-,-0.0001172029577063,0.6,pncA,2289674,-,0
pncA_2289673_-,-0.0001172029577063,0.6,pncA,2289673,-,0
pncA_2289672_-,-0.0001172029577063,0.6,pncA,2289672,-,0
pncA_2289671_-,-0.0001172029577063,0.6,pncA,2289671,-,0
pncA_2289670_-,-0.0001172029577063,0.6,pncA,2289670,-,0
pncA_2289669_-,-0.0001172029577063,0.6,pncA,2289669,-,0
pncA_2289668_-,-0.0001172029577063,0.6,pncA,2289668,-,0
pncA_2289667_-,-0.0001172029577063,0.6,pncA,2289667,-,0
pncA_2289666_-,-0.0001172029577063,0.6,pncA,2289666,-,0
pncA_2289664_-,-0.0001172029577063,0.6,pncA,2289664,-,0
pncA_2289713_-,-0.0001172029577063,0.6,pncA,2289713,-,0
pncA_2289663_-,-0.0001172029577063,0.6,pncA,2289663,-,0
pncA_2289662_-,-0.0001172029577063,0.6,pncA,2289662,-,0
pncA_2289661_-,-0.0001172029577063,0.6,pncA,2289661,-,0
pncA_2289660_-,-0.0001172029577063,0.6,pncA,2289660,-,0
pncA_2289659_-,-0.0001172029577063,0.6,pncA,2289659,-,0
pncA_2289658_-,-0.0001172029577063,0.6,pncA,2289658,-,0
pncA_2289657_-,-0.0001172029577063,0.6,pncA,2289657,-,0
pncA_2289655_-,-0.0001172029577063,0.6,pncA,2289655,-,0
pncA_2289654_-,-0.0001172029577063,0.6,pncA,2289654,-,0
pncA_2289653_-,-0.0001172029577063,0.6,pncA,2289653,-,0
pncA_2289652_-,-0.0001172029577063,0.6,pncA,2289652,-,0
pncA_2289651_-,-0.0001172029577063,0.6,pncA,2289651,-,0
pncA_2289650_-,-0.0001172029577063,0.6,pncA,2289650,-,0
pncA_2289649_-,-0.0001172029577063,0.6,pncA,2289649,-,0
pncA_2289680_-,-0.0001172029577063,0.6,pncA,2289680,-,0
pncA_2289681_-,-0.0001172029577063,0.6,pncA,2289681,-,0
pncA_2289682_-,-0.0001172029577063,0.6,pncA,2289682,-,0
pncA_2289683_-,-0.0001172029577063,0.6,pncA,2289683,-,0
pncA_2289712_-,-0.0001172029577063,0.6,pncA,2289712,-,0
pncA_2289711_-,-0.0001172029577063,0.6,pncA,2289711,-,0
pncA_2289710_-,-0.0001172029577063,0.6,pncA,2289710,-,0
pncA_2289709_-,-0.0001172029577063,0.6,pncA,2289709,-,0
pncA_2289708_-,-0.0001172029577063,0.6,pncA,2289708,-,0
pncA_2289707_-,-0.0001172029577063,0.6,pncA,2289707,-,0
pncA_2289706_-,-0.0001172029577063,0.6,pncA,2289706,-,0
pncA_2289705_-,-0.0001172029577063,0.6,pncA,2289705,-,0
pncA_2289704_-,-0.0001172029577063,0.6,pncA,2289704,-,0
pncA_2289703_-,-0.0001172029577063,0.6,pncA,2289703,-,0
pncA_2289702_-,-0.0001172029577063,0.6,pncA,2289702,-,0
pncA_2289701_-,-0.0001172029577063,0.6,pncA,2289701,-,0
pncA_2289700_-,-0.0001172029577063,0.6,pncA,2289700,-,0
pncA_2289699_-,-0.0001172029577063,0.6,pncA,2289699,-,0
pncA_2289698_-,-0.0001172029577063,0.6,pncA,2289698,-,0
pncA_2289697_-,-0.0001172029577063,0.6,pncA,2289697,-,0
pncA_2289696_-,-0.0001172029577063,0.6,pncA,2289696,-,0
pncA_2289695_-,-0.0001172029577063,0.6,pncA,2289695,-,0
pncA_2289694_-,-0.0001172029577063,0.6,pncA,2289694,-,0
pncA_2289693_-,-0.0001172029577063,0.6,pncA,2289693,-,0
pncA_2289692_-,-0.0001172029577063,0.6,pncA,2289692,-,0
pncA_2289691_-,-0.0001172029577063,0.6,pncA,2289691,-,0
pncA_2289690_-,-0.0001172029577063,0.6,pncA,2289690,-,0
pncA_2289689_-,-0.0001172029577063,0.6,pncA,2289689,-,0
pncA_2289688_-,-0.0001172029577063,0.6,pncA,2289688,-,0
pncA_2289687_-,-0.0001172029577063,0.6,pncA,2289687,-,0
pncA_2289686_-,-0.0001172029577063,0.6,pncA,2289686,-,0
pncA_2289685_-,-0.0001172029577063,0.6,pncA,2289685,-,0
pncA_2289684_-,-0.0001172029577063,0.6,pncA,2289684,-,0
pncA_2289914_-,-0.0001172029577063,0.6,pncA,2289914,-,0
pncA_2289780_-,-0.0001172029577063,0.6,pncA,2289780,-,0
pncA_2289782_-,-0.0001172029577063,0.6,pncA,2289782,-,0
pncA_2289872_-,-0.0001172029577063,0.6,pncA,2289872,-,0
pncA_2289866_-,-0.0001172029577063,0.6,pncA,2289866,-,0
pncA_2289867_-,-0.0001172029577063,0.6,pncA,2289867,-,0
pncA_2289868_-,-0.0001172029577063,0.6,pncA,2289868,-,0
pncA_2289869_-,-0.0001172029577063,0.6,pncA,2289869,-,0
pncA_2289870_-,-0.0001172029577063,0.6,pncA,2289870,-,0
pncA_2289871_-,-0.0001172029577063,0.6,pncA,2289871,-,0
pncA_2289873_-,-0.0001172029577063,0.6,pncA,2289873,-,0
pncA_2289847_-,-0.0001172029577063,0.6,pncA,2289847,-,0
pncA_2289874_-,-0.0001172029577063,0.6,pncA,2289874,-,0
pncA_2289875_-,-0.0001172029577063,0.6,pncA,2289875,-,0
pncA_2289876_-,-0.0001172029577063,0.6,pncA,2289876,-,0
pncA_2289877_-,-0.0001172029577063,0.6,pncA,2289877,-,0
pncA_2289878_-,-0.0001172029577063,0.6,pncA,2289878,-,0
pncA_2289879_-,-0.0001172029577063,0.6,pncA,2289879,-,0
pncA_2289865_-,-0.0001172029577063,0.6,pncA,2289865,-,0
pncA_2289864_-,-0.0001172029577063,0.6,pncA,2289864,-,0
pncA_2289863_-,-0.0001172029577063,0.6,pncA,2289863,-,0
pncA_2289862_-,-0.0001172029577063,0.6,pncA,2289862,-,0
pncA_2289861_-,-0.0001172029577063,0.6,pncA,2289861,-,0
pncA_2289860_-,-0.0001172029577063,0.6,pncA,2289860,-,0
pncA_2289859_-,-0.0001172029577063,0.6,pncA,2289859,-,0
pncA_2289858_-,-0.0001172029577063,0.6,pncA,2289858,-,0
pncA_2289857_-,-0.0001172029577063,0.6,pncA,2289857,-,0
pncA_2289856_-,-0.0001172029577063,0.6,pncA,2289856,-,0
pncA_2289855_-,-0.0001172029577063,0.6,pncA,2289855,-,0
pncA_2289854_-,-0.0001172029577063,0.6,pncA,2289854,-,0
pncA_2289853_-,-0.0001172029577063,0.6,pncA,2289853,-,0
pncA_2289852_-,-0.0001172029577063,0.6,pncA,2289852,-,0
pncA_2289851_-,-0.0001172029577063,0.6,pncA,2289851,-,0
pncA_2289850_-,-0.0001172029577063,0.6,pncA,2289850,-,0
pncA_2289849_-,-0.0001172029577063,0.6,pncA,2289849,-,0
pncA_2289880_-,-0.0001172029577063,0.6,pncA,2289880,-,0
pncA_2289881_-,-0.0001172029577063,0.6,pncA,2289881,-,0
pncA_2289882_-,-0.0001172029577063,0.6,pncA,2289882,-,0
pncA_2289899_-,-0.0001172029577063,0.6,pncA,2289899,-,0
pncA_2289913_-,-0.0001172029577063,0.6,pncA,2289913,-,0
pncA_2289912_-,-0.0001172029577063,0.6,pncA,2289912,-,0
pncA_2289911_-,-0.0001172029577063,0.6,pncA,2289911,-,0
pncA_2289910_-,-0.0001172029577063,0.6,pncA,2289910,-,0
pncA_2289909_-,-0.0001172029577063,0.6,pncA,2289909,-,0
pncA_2289908_-,-0.0001172029577063,0.6,pncA,2289908,-,0
pncA_2289907_-,-0.0001172029577063,0.6,pncA,2289907,-,0
pncA_2289906_-,-0.0001172029577063,0.6,pncA,2289906,-,0
pncA_2289905_-,-0.0001172029577063,0.6,pncA,2289905,-,0
pncA_2289904_-,-0.0001172029577063,0.6,pncA,2289904,-,0
pncA_2289903_-,-0.0001172029577063,0.6,pncA,2289903,-,0
pncA_2289902_-,-0.0001172029577063,0.6,pncA,2289902,-,0
pncA_2289901_-,-0.0001172029577063,0.6,pncA,2289901,-,0
pncA_2289900_-,-0.0001172029577063,0.6,pncA,2289900,-,0
pncA_2289898_-,-0.0001172029577063,0.6,pncA,2289898,-,0
pncA_2289883_-,-0.0001172029577063,0.6,pncA,2289883,-,0
pncA_2289897_-,-0.0001172029577063,0.6,pncA,2289897,-,0
pncA_2289896_-,-0.0001172029577063,0.6,pncA,2289896,-,0
pncA_2289895_-,-0.0001172029577063,0.6,pncA,2289895,-,0
pncA_2289894_-,-0.0001172029577063,0.6,pncA,2289894,-,0
pncA_2289893_-,-0.0001172029577063,0.6,pncA,2289893,-,0
pncA_2289892_-,-0.0001172029577063,0.6,pncA,2289892,-,0
pncA_2289891_-,-0.0001172029577063,0.6,pncA,2289891,-,0
pncA_2289890_-,-0.0001172029577063,0.6,pncA,2289890,-,0
pncA_2289889_-,-0.0001172029577063,0.6,pncA,2289889,-,0
pncA_2289888_-,-0.0001172029577063,0.6,pncA,2289888,-,0
pncA_2289887_-,-0.0001172029577063,0.6,pncA,2289887,-,0
pncA_2289886_-,-0.0001172029577063,0.6,pncA,2289886,-,0
pncA_2289885_-,-0.0001172029577063,0.6,pncA,2289885,-,0
pncA_2289884_-,-0.0001172029577063,0.6,pncA,2289884,-,0
pncA_2289848_-,-0.0001172029577063,0.6,pncA,2289848,-,0
pncA_2289846_-,-0.0001172029577063,0.6,pncA,2289846,-,0
pncA_2289783_-,-0.0001172029577063,0.6,pncA,2289783,-,0
pncA_2289814_-,-0.0001172029577063,0.6,pncA,2289814,-,0
pncA_2289845_-,-0.0001172029577063,0.6,pncA,2289845,-,0
pncA_2289811_-,-0.0001172029577063,0.6,pncA,2289811,-,0
pncA_2289810_-,-0.0001172029577063,0.6,pncA,2289810,-,0
pncA_2289809_-,-0.0001172029577063,0.6,pncA,2289809,-,0
pncA_2289808_-,-0.0001172029577063,0.6,pncA,2289808,-,0
pncA_2289807_-,-0.0001172029577063,0.6,pncA,2289807,-,0
pncA_2289806_-,-0.0001172029577063,0.6,pncA,2289806,-,0
pncA_2289805_-,-0.0001172029577063,0.6,pncA,2289805,-,0
pncA_2289804_-,-0.0001172029577063,0.6,pncA,2289804,-,0
pncA_2289803_-,-0.0001172029577063,0.6,pncA,2289803,-,0
pncA_2289802_-,-0.0001172029577063,0.6,pncA,2289802,-,0
pncA_2289801_-,-0.0001172029577063,0.6,pncA,2289801,-,0
pncA_2289800_-,-0.0001172029577063,0.6,pncA,2289800,-,0
pncA_2289799_-,-0.0001172029577063,0.6,pncA,2289799,-,0
pncA_2289798_-,-0.0001172029577063,0.6,pncA,2289798,-,0
pncA_2289797_-,-0.0001172029577063,0.6,pncA,2289797,-,0
pncA_2289796_-,-0.0001172029577063,0.6,pncA,2289796,-,0
pncA_2289795_-,-0.0001172029577063,0.6,pncA,2289795,-,0
pncA_2289794_-,-0.0001172029577063,0.6,pncA,2289794,-,0
pncA_2289793_-,-0.0001172029577063,0.6,pncA,2289793,-,0
pncA_2289792_-,-0.0001172029577063,0.6,pncA,2289792,-,0
pncA_2289791_-,-0.0001172029577063,0.6,pncA,2289791,-,0
pncA_2289790_-,-0.0001172029577063,0.6,pncA,2289790,-,0
pncA_2289789_-,-0.0001172029577063,0.6,pncA,2289789,-,0
pncA_2289788_-,-0.0001172029577063,0.6,pncA,2289788,-,0
pncA_2289787_-,-0.0001172029577063,0.6,pncA,2289787,-,0
pncA_2289786_-,-0.0001172029577063,0.6,pncA,2289786,-,0
pncA_2289785_-,-0.0001172029577063,0.6,pncA,2289785,-,0
pncA_2289784_-,-0.0001172029577063,0.6,pncA,2289784,-,0
pncA_2289813_-,-0.0001172029577063,0.6,pncA,2289813,-,0
pncA_2289812_-,-0.0001172029577063,0.6,pncA,2289812,-,0
pncA_2289815_-,-0.0001172029577063,0.6,pncA,2289815,-,0
pncA_2289837_-,-0.0001172029577063,0.6,pncA,2289837,-,0
pncA_2289831_-,-0.0001172029577063,0.6,pncA,2289831,-,0
pncA_2289832_-,-0.0001172029577063,0.6,pncA,2289832,-,0
pncA_2289833_-,-0.0001172029577063,0.6,pncA,2289833,-,0
pncA_2289834_-,-0.0001172029577063,0.6,pncA,2289834,-,0
pncA_2289835_-,-0.0001172029577063,0.6,pncA,2289835,-,0
pncA_2289836_-,-0.0001172029577063,0.6,pncA,2289836,-,0
pncA_2289838_-,-0.0001172029577063,0.6,pncA,2289838,-,0
pncA_2289829_-,-0.0001172029577063,0.6,pncA,2289829,-,0
pncA_2289839_-,-0.0001172029577063,0.6,pncA,2289839,-,0
pncA_2289840_-,-0.0001172029577063,0.6,pncA,2289840,-,0
pncA_2289841_-,-0.0001172029577063,0.6,pncA,2289841,-,0
pncA_2289842_-,-0.0001172029577063,0.6,pncA,2289842,-,0
pncA_2289843_-,-0.0001172029577063,0.6,pncA,2289843,-,0
pncA_2289844_-,-0.0001172029577063,0.6,pncA,2289844,-,0
pncA_2289830_-,-0.0001172029577063,0.6,pncA,2289830,-,0
pncA_2289828_-,-0.0001172029577063,0.6,pncA,2289828,-,0
pncA_2289816_-,-0.0001172029577063,0.6,pncA,2289816,-,0
pncA_2289823_-,-0.0001172029577063,0.6,pncA,2289823,-,0
pncA_2289817_-,-0.0001172029577063,0.6,pncA,2289817,-,0
pncA_2289818_-,-0.0001172029577063,0.6,pncA,2289818,-,0
pncA_2289819_-,-0.0001172029577063,0.6,pncA,2289819,-,0
pncA_2289820_-,-0.0001172029577063,0.6,pncA,2289820,-,0
pncA_2289821_-,-0.0001172029577063,0.6,pncA,2289821,-,0
pncA_2289822_-,-0.0001172029577063,0.6,pncA,2289822,-,0
pncA_2286568_A,-0.010549881395349,0.5,pncA,2286568,A,0
pncA_2289827_-,-0.0001172029577063,0.6,pncA,2289827,-,0
pncA_2289824_-,-0.0001172029577063,0.6,pncA,2289824,-,0
pncA_2289825_-,-0.0001172029577063,0.6,pncA,2289825,-,0
pncA_2289826_-,-0.0001172029577063,0.6,pncA,2289826,-,0
pncA_2291161_A,0.0413030216801287,0.0,pncA,2291161,A,0
pncA_2291161_G,-0.0340602407343731,0.0,pncA,2291161,G,0
pncA_2291161_-,-0.0003681324527134,0.0,pncA,2291161,-,0
pncA_2290971_A,-0.0017729030449346,0.4,pncA,2290971,A,0
pncA_2290971_G,0.002141035497648,0.4,pncA,2290971,G,0
pncA_2290971_-,-0.0003681324527134,0.0,pncA,2290971,-,0
pncA_2290743_T,0.0122464281587268,0.1,pncA,2290743,T,0
pncA_2290743_G,-0.0121292252010205,0.1,pncA,2290743,G,0
pncA_2290743_-,-0.0001172029577063,0.6,pncA,2290743,-,0
pncA_2290732_A,0.0096544448080298,0.3,pncA,2290732,A,0
pncA_2290732_G,-0.0095372418503235,0.3,pncA,2290732,G,0
pncA_2290732_-,-0.0001172029577063,0.6,pncA,2290732,-,0
pncA_2290596_A,-0.0063178512986108,0.4,pncA,2290596,A,0
pncA_2290596_G,0.0064350542563171,0.4,pncA,2290596,G,0
pncA_2290596_-,-0.0001172029577063,0.6,pncA,2290596,-,0
pncA_2290567_A,0.0471079717183423,0.0,pncA,2290567,A,0
pncA_2290567_C,-0.0582953431958939,0.0,pncA,2290567,C,0
pncA_2290567_-,-0.0001172029577063,0.6,pncA,2290567,-,0
pncA_2290393_A,-5.126924181200288e-05,0.1,pncA,2290393,A,0
pncA_2290393_G,-0.003389584746254,0.7,pncA,2290393,G,0
pncA_2290393_-,-0.0001172029577063,0.6,pncA,2290393,-,0
pncA_2290114_A,-0.0078235121626184,0.4,pncA,2290114,A,0
pncA_2290114_T,0.0079407151203247,0.4,pncA,2290114,T,0
pncA_2290114_-,-0.0001172029577063,0.6,pncA,2290114,-,0
pncA_2290079_C,-0.0091678162059764,0.4,pncA,2290079,C,0
pncA_2290079_T,0.0092850191636828,0.4,pncA,2290079,T,0
pncA_2290079_-,-0.0001172029577063,0.6,pncA,2290079,-,0
pncA_2289656_A,0.0042219011580365,0.2,pncA,2289656,A,0
pncA_2289656_C,-0.0041046982003301,0.2,pncA,2289656,C,0
pncA_2289656_-,-0.0001172029577063,0.6,pncA,2289656,-,0
pncA_2289463_C,0.0049190827931419,0.4,pncA,2289463,C,0
pncA_2289463_G,0.0030152884711205,0.5,pncA,2289463,G,0
pncA_2289463_-,-0.0008160891138049,0.0,pncA,2289463,-,0
pncA_2289431_T,0.0055559524807117,0.4,pncA,2289431,T,0
pncA_2289431_G,-0.0047398633669067,0.4,pncA,2289431,G,0
pncA_2289431_-,-0.0008160891138049,0.0,pncA,2289431,-,0
pncA_2289257_A,-0.0096388003624673,0.1,pncA,2289257,A,0
pncA_2289257_G,0.0104548894762723,0.0,pncA,2289257,G,0
pncA_2289257_-,-0.0008160891138049,0.0,pncA,2289257,-,0
pncA_2289256_A,-0.0096388003624673,0.1,pncA,2289256,A,0
pncA_2289256_G,0.0104548894762723,0.0,pncA,2289256,G,0
pncA_2289256_-,-0.0008160891138049,0.0,pncA,2289256,-,0
pncA_2289252_A,-0.0952285857710685,0.0,pncA,2289252,A,1
pncA_2289252_C,0.014230758734828,0.2,pncA,2289252,C,1
pncA_2289252_T,0.0104548894762723,0.0,pncA,2289252,T,1
pncA_2289252_G,0.0655509124656139,0.0,pncA,2289252,G,1
pncA_2289252_-,-0.0008160891138049,0.0,pncA,2289252,-,1
pncA_2289239_A,0.0124928528210455,0.0,pncA,2289239,A,0
pncA_2289239_G,-0.0116767637072405,0.2,pncA,2289239,G,0
pncA_2289239_-,-0.0008160891138049,0.0,pncA,2289239,-,0
pncA_2289238_C,-0.0124212150245796,0.0,pncA,2289238,C,0
pncA_2289238_T,0.0132373041383846,0.0,pncA,2289238,T,0
pncA_2289238_-,-0.0008160891138049,0.0,pncA,2289238,-,0
pncA_2289237_T,-0.0033026405910001,0.1,pncA,2289237,T,0
pncA_2289237_G,0.0041187297048051,0.1,pncA,2289237,G,0
pncA_2289237_-,-0.0008160891138049,0.0,pncA,2289237,-,0
pncA_2289231_C,0.0575528352095165,0.0,pncA,2289231,C,1
pncA_2289231_T,-0.0904562807841325,0.0,pncA,2289231,T,1
pncA_2289231_G,0.022414960253163,0.4,pncA,2289231,G,1
pncA_2289231_-,-0.0008160891138049,0.0,pncA,2289231,-,1
pncA_2289223_T,0.011658962153988,0.0,pncA,2289223,T,1
pncA_2289223_G,-0.010842873040183,0.0,pncA,2289223,G,1
pncA_2289223_-,-0.0008160891138049,0.0,pncA,2289223,-,1
pncA_2289219_A,-0.0018677352534994,0.3,pncA,2289219,A,1
pncA_2289219_C,0.0026838243673043,0.3,pncA,2289219,C,1
pncA_2289219_-,-0.0008160891138049,0.0,pncA,2289219,-,1
pncA_2289218_A,0.0383895875404454,0.0,pncA,2289218,A,1
pncA_2289218_C,-0.0375734984266404,0.0,pncA,2289218,C,1
pncA_2289218_-,-0.0008160891138049,0.0,pncA,2289218,-,1
pncA_2289216_T,-0.0115360773245439,0.1,pncA,2289216,T,1
pncA_2289216_G,0.0123521664383489,0.0,pncA,2289216,G,1
pncA_2289216_-,-0.0008160891138049,0.0,pncA,2289216,-,1
pncA_2289214_C,-0.0236622694852304,0.0,pncA,2289214,C,1
pncA_2289214_T,0.0244783585990354,0.0,pncA,2289214,T,1
pncA_2289214_-,-0.0008160891138049,0.0,pncA,2289214,-,1
pncA_2289213_A,-0.1352835786174422,0.0,pncA,2289213,A,1
pncA_2289213_C,0.0395752574045995,0.0,pncA,2289213,C,1
pncA_2289213_G,0.0916030709975048,0.0,pncA,2289213,G,1
pncA_2289213_-,-0.0008160891138049,0.0,pncA,2289213,-,1
pncA_2289212_C,0.0116484267676248,0.2,pncA,2289212,C,1
pncA_2289212_G,-0.0221369120890778,0.0,pncA,2289212,G,1
pncA_2289212_-,-0.0008160891138049,0.0,pncA,2289212,-,1
pncA_2289208_A,0.0029583252050896,0.2,pncA,2289208,A,1
pncA_2289208_G,-0.0021422360912846,0.2,pncA,2289208,G,1
pncA_2289208_-,-0.0008160891138049,0.0,pncA,2289208,-,1
pncA_2289207_A,-0.0399071037418331,0.0,pncA,2289207,A,1
pncA_2289207_C,0.0092437920661211,0.2,pncA,2289207,C,1
pncA_2289207_G,0.0314794007895169,0.0,pncA,2289207,G,1
pncA_2289207_-,-0.0008160891138049,0.0,pncA,2289207,-,1
pncA_2289202_T,0.0148798540526765,0.2,pncA,2289202,T,1
pncA_2289202_G,-0.0140637649388715,0.2,pncA,2289202,G,1
pncA_2289202_-,-0.0008160891138049,0.0,pncA,2289202,-,1
pncA_2289199_T,0.0132373041383846,0.0,pncA,2289199,T,1
pncA_2289199_G,-0.0124212150245796,0.0,pncA,2289199,G,1
pncA_2289199_-,-0.0008160891138049,0.0,pncA,2289199,-,1
pncA_2289189_A,0.0123521664383489,0.0,pncA,2289189,A,1
pncA_2289189_C,-0.0115360773245439,0.1,pncA,2289189,C,1
pncA_2289189_-,-0.0008160891138049,0.0,pncA,2289189,-,1
pncA_2289186_C,0.0048766604820975,0.4,pncA,2289186,C,1
pncA_2289186_T,-0.0040605713682925,0.4,pncA,2289186,T,1
pncA_2289186_-,-0.0008160891138049,0.0,pncA,2289186,-,1
pncA_2289180_T,-0.0319018688120764,0.1,pncA,2289180,T,1
pncA_2289180_G,0.0293816231852192,0.0,pncA,2289180,G,1
pncA_2289180_-,-0.0008160891138049,0.0,pncA,2289180,-,1
pncA_2289165_C,0.0111338309947394,0.6,pncA,2289165,C,0
pncA_2289165_T,-0.0103177418809344,0.6,pncA,2289165,T,0
pncA_2289165_-,-0.0008160891138049,0.0,pncA,2289165,-,0
pncA_2289142_T,-0.0123769468617247,0.0,pncA,2289142,T,1
pncA_2289142_G,0.0131930359755297,0.0,pncA,2289142,G,1
pncA_2289142_-,-0.0008160891138049,0.0,pncA,2289142,-,1
pncA_2289136_C,-0.0121292252010205,0.1,pncA,2289136,C,0
pncA_2289136_G,0.0129453143148255,0.1,pncA,2289136,G,0
pncA_2289136_-,-0.0008160891138049,0.0,pncA,2289136,-,0
pncA_2289120_A,0.0071621455412913,0.1,pncA,2289120,A,0
pncA_2289120_G,-0.0063460564274863,0.1,pncA,2289120,G,0
pncA_2289120_-,-0.0008160891138049,0.0,pncA,2289120,-,0
pncA_2289119_A,0.0124730522124615,0.0,pncA,2289119,A,1
pncA_2289119_C,-0.0116569630986565,0.0,pncA,2289119,C,1
pncA_2289119_-,-0.0008160891138049,0.0,pncA,2289119,-,1
pncA_2289114_A,-0.0017565192854327,0.2,pncA,2289114,A,1
pncA_2289114_C,0.0025726083992377,0.2,pncA,2289114,C,1
pncA_2289114_-,-0.0008160891138049,0.0,pncA,2289114,-,1
pncA_2289109_A,-0.0033026405910001,0.3,pncA,2289109,A,0
pncA_2289109_G,0.0041187297048051,0.3,pncA,2289109,G,0
pncA_2289109_-,-0.0008160891138049,0.0,pncA,2289109,-,0
pncA_2289105_A,0.0125855680052675,0.2,pncA,2289105,A,1
pncA_2289105_C,-0.0127428542947865,0.3,pncA,2289105,C,1
pncA_2289105_T,0.0009733754033239,0.6,pncA,2289105,T,1
pncA_2289105_-,-0.0008160891138049,0.0,pncA,2289105,-,1
pncA_2289099_A,-0.0116032778790622,0.1,pncA,2289099,A,1
pncA_2289099_C,0.0115587387036166,0.2,pncA,2289099,C,1
pncA_2289099_-,-0.0008160891138049,0.0,pncA,2289099,-,1
pncA_2289098_C,-0.0206661429760471,0.0,pncA,2289098,C,0
pncA_2289098_G,0.0177424107600613,0.0,pncA,2289098,G,0
pncA_2289098_-,-0.0008160891138049,0.0,pncA,2289098,-,0
pncA_2289097_A,0.0217577055158988,0.1,pncA,2289097,A,1
pncA_2289097_G,-0.0308927491884067,0.0,pncA,2289097,G,1
pncA_2289097_-,-0.0008160891138049,0.0,pncA,2289097,-,1
pncA_2289095_C,-0.0037371001256474,0.5,pncA,2289095,C,1
pncA_2289095_G,0.0045531892394524,0.5,pncA,2289095,G,1
pncA_2289095_-,-0.0008160891138049,0.0,pncA,2289095,-,1
pncA_2289090_A,-0.122410350929416,0.0,pncA,2289090,A,1
pncA_2289090_G,0.111819135805188,0.0,pncA,2289090,G,1
pncA_2289090_-,-0.0008160891138049,0.0,pncA,2289090,-,1
pncA_2289089_C,-0.0110632232097827,0.3,pncA,2289089,C,1
pncA_2289089_G,0.0118793123235878,0.2,pncA,2289089,G,1
pncA_2289089_-,-0.0008160891138049,0.0,pncA,2289089,-,1
pncA_2289081_C,-0.0488704792909968,0.0,pncA,2289081,C,1
pncA_2289081_T,0.0289060455006479,0.0,pncA,2289081,T,1
pncA_2289081_-,-0.0008160891138049,0.0,pncA,2289081,-,1
pncA_2289073_C,-0.0192028398209851,0.0,pncA,2289073,C,1
pncA_2289073_T,0.0200189289347901,0.0,pncA,2289073,T,1
pncA_2289073_-,-0.0008160891138049,0.0,pncA,2289073,-,1
pncA_2289072_A,-0.0469420483944177,0.0,pncA,2289072,A,1
pncA_2289072_T,0.0301987041846717,0.0,pncA,2289072,T,1
pncA_2289072_G,0.0148554339663527,0.1,pncA,2289072,G,1
pncA_2289072_-,-0.0008160891138049,0.0,pncA,2289072,-,1
pncA_2289070_C,0.0304974496814655,0.0,pncA,2289070,C,1
pncA_2289070_T,-0.0296813605676605,0.0,pncA,2289070,T,1
pncA_2289070_-,-0.0008160891138049,0.0,pncA,2289070,-,1
pncA_2289069_T,-0.0124212150245796,0.0,pncA,2289069,T,0
pncA_2289069_G,0.0132373041383846,0.0,pncA,2289069,G,0
pncA_2289069_-,-0.0008160891138049,0.0,pncA,2289069,-,0
pncA_2289057_C,-0.0115360773245439,0.2,pncA,2289057,C,1
pncA_2289057_G,0.0123521664383489,0.0,pncA,2289057,G,1
pncA_2289057_-,-0.0008160891138049,0.0,pncA,2289057,-,1
pncA_2289054_A,-0.0107206520463569,0.0,pncA,2289054,A,1
pncA_2289054_C,0.0149393351058924,0.2,pncA,2289054,C,1
pncA_2289054_G,-0.0034025939457304,0.6,pncA,2289054,G,1
pncA_2289054_-,-0.0008160891138049,0.0,pncA,2289054,-,1
pncA_2289050_A,0.0254356102928377,0.0,pncA,2289050,A,1
pncA_2289050_T,-0.0246195211790327,0.0,pncA,2289050,T,1
pncA_2289050_-,-0.0008160891138049,0.0,pncA,2289050,-,1
pncA_2289047_C,0.0309726083962821,0.0,pncA,2289047,C,0
pncA_2289047_T,-0.0301565192824772,0.0,pncA,2289047,T,0
pncA_2289047_-,-0.0008160891138049,0.0,pncA,2289047,-,0
pncA_2289045_A,0.0055559524807117,0.4,pncA,2289045,A,0
pncA_2289045_C,-0.0047398633669067,0.4,pncA,2289045,C,0
pncA_2289045_-,-0.0008160891138049,0.0,pncA,2289045,-,0
pncA_2289043_C,0.0217006993565144,0.0,pncA,2289043,C,1
pncA_2289043_T,-0.0330689650397605,0.0,pncA,2289043,T,1
pncA_2289043_-,-0.0008160891138049,0.0,pncA,2289043,-,1
pncA_2289040_C,0.0227535740104276,0.0,pncA,2289040,C,1
pncA_2289040_T,-0.0219374848966226,0.0,pncA,2289040,T,1
pncA_2289040_-,-0.0008160891138049,0.0,pncA,2289040,-,1
pncA_2289037_C,0.010816036919115,0.3,pncA,2289037,C,0
pncA_2289037_T,-0.00999994780531,0.3,pncA,2289037,T,0
pncA_2289037_-,-0.0008160891138049,0.0,pncA,2289037,-,0
pncA_2289030_A,-0.0240216990711205,0.0,pncA,2289030,A,1
pncA_2289030_C,0.0110310081228734,0.0,pncA,2289030,C,1
pncA_2289030_G,0.0138067800620521,0.0,pncA,2289030,G,1
pncA_2289030_-,-0.0008160891138049,0.0,pncA,2289030,-,1
pncA_2289028_C,0.022650367337751,0.0,pncA,2289028,C,1
pncA_2289028_T,-0.01825962735736,0.3,pncA,2289028,T,1
pncA_2289028_-,-0.0008160891138049,0.0,pncA,2289028,-,1
pncA_2289017_C,0.0011233955371368,0.2,pncA,2289017,C,0
pncA_2289017_T,-0.0003073064233318,0.2,pncA,2289017,T,0
pncA_2289017_-,-0.0008160891138049,0.0,pncA,2289017,-,0
pncA_2289016_A,-0.0419891706641035,0.0,pncA,2289016,A,1
pncA_2289016_C,0.0428052597779085,0.0,pncA,2289016,C,1
pncA_2289016_-,-0.0008160891138049,0.0,pncA,2289016,-,1
pncA_2289015_C,-0.0029343504400317,0.7,pncA,2289015,C,1
pncA_2289015_T,0.0037504395538367,0.7,pncA,2289015,T,1
pncA_2289015_-,-0.0008160891138049,0.0,pncA,2289015,-,1
pncA_2289010_A,0.00356896206734,0.1,pncA,2289010,A,1
pncA_2289010_G,-0.002752872953535,0.1,pncA,2289010,G,1
pncA_2289010_-,-0.0008160891138049,0.0,pncA,2289010,-,1
pncA_2289009_T,0.0110740144274336,0.0,pncA,2289009,T,0
pncA_2289009_G,-0.0102579253136286,0.0,pncA,2289009,G,0
pncA_2289009_-,-0.0008160891138049,0.0,pncA,2289009,-,0
pncA_2289001_T,0.0154100608685868,0.2,pncA,2289001,T,1
pncA_2289001_G,-0.0145939717547818,0.2,pncA,2289001,G,1
pncA_2289001_-,-0.0008160891138049,0.0,pncA,2289001,-,1
pncA_2289000_C,-0.0119867554899323,0.2,pncA,2289000,C,0
pncA_2289000_T,0.0128028446037373,0.0,pncA,2289000,T,0
pncA_2289000_-,-0.0008160891138049,0.0,pncA,2289000,-,0
pncA_2288998_C,0.0141788639364889,0.0,pncA,2288998,C,0
pncA_2288998_G,-0.0133627748226839,0.1,pncA,2288998,G,0
pncA_2288998_-,-0.0008160891138049,0.0,pncA,2288998,-,0
pncA_2288988_C,0.0186340331730011,0.0,pncA,2288988,C,1
pncA_2288988_T,-0.0420379597191907,0.0,pncA,2288988,T,1
pncA_2288988_G,0.0112334914649982,0.3,pncA,2288988,G,1
pncA_2288988_-,-0.0008160891138049,0.0,pncA,2288988,-,1
pncA_2288973_C,0.013514394020189,0.0,pncA,2288973,C,1
pncA_2288973_T,-0.012698304906384,0.2,pncA,2288973,T,1
pncA_2288973_-,-0.0008160891138049,0.0,pncA,2288973,-,1
pncA_2288965_T,0.0173342838905135,0.0,pncA,2288965,T,0
pncA_2288965_G,-0.0165181947767086,0.0,pncA,2288965,G,0
pncA_2288965_-,-0.0008160891138049,0.0,pncA,2288965,-,0
pncA_2288964_T,-0.0102558541553409,0.3,pncA,2288964,T,1
pncA_2288964_G,0.0110719432691459,0.2,pncA,2288964,G,1
pncA_2288964_-,-0.0008160891138049,0.0,pncA,2288964,-,1
pncA_2288962_C,0.0057870055764355,0.2,pncA,2288962,C,1
pncA_2288962_T,-0.0183635587493336,0.0,pncA,2288962,T,1
pncA_2288962_-,-0.0008160891138049,0.0,pncA,2288962,-,1
pncA_2288961_A,0.0011233955371368,0.5,pncA,2288961,A,1
pncA_2288961_T,-0.0003073064233318,0.5,pncA,2288961,T,1
pncA_2288961_-,-0.0008160891138049,0.0,pncA,2288961,-,1
pncA_2288959_T,0.0013826431959027,0.6,pncA,2288959,T,0
pncA_2288959_G,-0.0005665540820977,0.6,pncA,2288959,G,0
pncA_2288959_-,-0.0008160891138049,0.0,pncA,2288959,-,0
pncA_2288958_A,-0.0121726008263709,0.0,pncA,2288958,A,0
pncA_2288958_C,0.0129886899401759,0.0,pncA,2288958,C,0
pncA_2288958_-,-0.0008160891138049,0.0,pncA,2288958,-,0
pncA_2288953_A,0.019895565050779,0.0,pncA,2288953,A,1
pncA_2288953_T,0.0128309554850802,0.0,pncA,2288953,T,1
pncA_2288953_G,-0.0319104314220542,0.0,pncA,2288953,G,1
pncA_2288953_-,-0.0008160891138049,0.0,pncA,2288953,-,1
pncA_2288952_A,0.0110798774830529,0.2,pncA,2288952,A,1
pncA_2288952_G,-0.0102637883692479,0.3,pncA,2288952,G,1
pncA_2288952_-,-0.0008160891138049,0.0,pncA,2288952,-,1
pncA_2288943_C,-0.0072138589606877,0.4,pncA,2288943,C,0
pncA_2288943_T,-0.0033305961704293,0.4,pncA,2288943,T,0
pncA_2288943_-,0.010544455131117,0.0,pncA,2288943,-,0
pncA_2288938_C,0.000544992506696,0.5,pncA,2288938,C,1
pncA_2288938_G,0.0013023978445178,0.5,pncA,2288938,G,1
pncA_2288938_-,-0.0018473903512139,0.6,pncA,2288938,-,1
pncA_2288937_C,0.0151891017927924,0.2,pncA,2288937,C,0
pncA_2288937_T,-0.0133417114415785,0.1,pncA,2288937,T,0
pncA_2288937_-,-0.0018473903512139,0.6,pncA,2288937,-,0
pncA_2288934_A,-0.0023745108068225,0.2,pncA,2288934,A,1
pncA_2288934_G,0.0042219011580365,0.2,pncA,2288934,G,1
pncA_2288934_-,-0.0018473903512139,0.6,pncA,2288934,-,1
pncA_2288933_C,-0.0517782908650172,0.0,pncA,2288933,C,1
pncA_2288933_G,0.029277082984713,0.1,pncA,2288933,G,1
pncA_2288933_-,-0.0018473903512139,0.6,pncA,2288933,-,1
pncA_2288929_A,-0.0030921162987825,0.6,pncA,2288929,A,0
pncA_2288929_G,0.0049395066499964,0.3,pncA,2288929,G,0
pncA_2288929_-,-0.0018473903512139,0.6,pncA,2288929,-,0
pncA_2288925_C,0.0129453078173576,0.0,pncA,2288925,C,1
pncA_2288925_T,-0.0121292187035526,0.0,pncA,2288925,T,1
pncA_2288925_-,-0.0008160891138049,0.0,pncA,2288925,-,1
pncA_2288920_A,-0.0100386797978066,0.4,pncA,2288920,A,1
pncA_2288920_G,0.0108547689116116,0.4,pncA,2288920,G,1
pncA_2288920_-,-0.0008160891138049,0.0,pncA,2288920,-,1
pncA_2288919_A,0.0131166535577858,0.0,pncA,2288919,A,0
pncA_2288919_G,-0.0160403857737716,0.1,pncA,2288919,G,0
pncA_2288919_-,-0.0008160891138049,0.0,pncA,2288919,-,0
pncA_2288895_T,-0.0246195211790327,0.0,pncA,2288895,T,1
pncA_2288895_G,0.0254356102928377,0.0,pncA,2288895,G,1
pncA_2288895_-,-0.0008160891138049,0.0,pncA,2288895,-,1
pncA_2288887_C,0.011644345829981,0.2,pncA,2288887,C,1
pncA_2288887_T,-0.0223326412398905,0.2,pncA,2288887,T,1
pncA_2288887_G,0.0130306516689995,0.0,pncA,2288887,G,1
pncA_2288887_-,-0.0008160891138049,0.0,pncA,2288887,-,1
pncA_2288883_C,0.065171510609536,0.0,pncA,2288883,C,1
pncA_2288883_T,-0.0772845349338861,0.0,pncA,2288883,T,1
pncA_2288883_G,0.012929113438155,0.2,pncA,2288883,G,1
pncA_2288883_-,-0.0008160891138049,0.0,pncA,2288883,-,1
pncA_2288878_C,-0.0183743235763814,0.0,pncA,2288878,C,1
pncA_2288878_T,0.0191904126901864,0.0,pncA,2288878,T,1
pncA_2288878_-,-0.0008160891138049,0.0,pncA,2288878,-,1
pncA_2288869_T,0.0036834021154802,0.3,pncA,2288869,T,1
pncA_2288869_G,-0.0028673130016752,0.3,pncA,2288869,G,1
pncA_2288869_-,-0.0008160891138049,0.0,pncA,2288869,-,1
pncA_2288856_A,-0.0357885277541494,0.0,pncA,2288856,A,0
pncA_2288856_G,0.00038361481885,0.6,pncA,2288856,G,0
pncA_2288856_-,0.0354049129352993,0.0,pncA,2288856,-,0
pncA_2288854_A,0.0022496983622861,0.4,pncA,2288854,A,0
pncA_2288854_G,-0.0411288785210622,0.1,pncA,2288854,G,0
pncA_2288854_-,0.0354049129352993,0.0,pncA,2288854,-,0
pncA_2288850_T,-0.0624460813610835,0.0,pncA,2288850,T,1
pncA_2288850_G,0.0315827302609498,0.2,pncA,2288850,G,1
pncA_2288850_-,-0.0008160891138049,0.0,pncA,2288850,-,1
pncA_2288844_C,0.0011233955371368,0.4,pncA,2288844,C,1
pncA_2288844_T,-0.0003073064233318,0.4,pncA,2288844,T,1
pncA_2288844_-,-0.0008160891138049,0.0,pncA,2288844,-,1
pncA_2288839_A,-0.1094032718699537,0.0,pncA,2288839,A,1
pncA_2288839_C,0.0696288263599041,0.0,pncA,2288839,C,1
pncA_2288839_G,0.0187953214792724,0.0,pncA,2288839,G,1
pncA_2288839_-,-0.0008160891138049,0.0,pncA,2288839,-,1
pncA_2288836_T,0.0021245493514928,0.4,pncA,2288836,T,1
pncA_2288836_G,-0.0013084602376878,0.4,pncA,2288836,G,1
pncA_2288836_-,-0.0008160891138049,0.0,pncA,2288836,-,1
pncA_2288835_A,-0.0081106066942989,0.1,pncA,2288835,A,1
pncA_2288835_G,0.0089266958081039,0.1,pncA,2288835,G,1
pncA_2288835_-,-0.0008160891138049,0.0,pncA,2288835,-,1
pncA_2288833_A,-0.005131345334656,0.3,pncA,2288833,A,1
pncA_2288833_C,0.005947434448461,0.3,pncA,2288833,C,1
pncA_2288833_-,-0.0008160891138049,0.0,pncA,2288833,-,1
pncA_2288826_C,0.0455201936257474,0.0,pncA,2288826,C,1
pncA_2288826_T,-0.0447041045119424,0.0,pncA,2288826,T,1
pncA_2288826_-,-0.0008160891138049,0.0,pncA,2288826,-,1
pncA_2288823_C,0.0195845495008897,0.0,pncA,2288823,C,0
pncA_2288823_G,-0.0187684603870847,0.0,pncA,2288823,G,0
pncA_2288823_-,-0.0008160891138049,0.0,pncA,2288823,-,0
pncA_2288820_A,-0.0249721419757215,0.1,pncA,2288820,A,1
pncA_2288820_C,0.0257882310895265,0.0,pncA,2288820,C,1
pncA_2288820_-,-0.0008160891138049,0.0,pncA,2288820,-,1
pncA_2288818_A,-0.0031754336682568,0.3,pncA,2288818,A,1
pncA_2288818_G,0.0039915227820618,0.3,pncA,2288818,G,1
pncA_2288818_-,-0.0008160891138049,0.0,pncA,2288818,-,1
pncA_2288805_A,0.0695278958122197,0.0,pncA,2288805,A,1
pncA_2288805_C,-0.0954940409180296,0.0,pncA,2288805,C,1
pncA_2288805_T,0.0150320006095394,0.0,pncA,2288805,T,1
pncA_2288805_-,-0.0008160891138049,0.0,pncA,2288805,-,1
pncA_2288778_T,-0.0234461764332846,0.0,pncA,2288778,T,1
pncA_2288778_G,0.0242622655470896,0.0,pncA,2288778,G,1
pncA_2288778_-,-0.0008160891138049,0.0,pncA,2288778,-,1
pncA_2288767_C,0.0071637626465546,0.5,pncA,2288767,C,0
pncA_2288767_G,-0.0063476735327496,0.5,pncA,2288767,G,0
pncA_2288767_-,-0.0008160891138049,0.0,pncA,2288767,-,0
pncA_2288766_T,-0.0163554613363799,0.0,pncA,2288766,T,1
pncA_2288766_G,0.0171715504501849,0.0,pncA,2288766,G,1
pncA_2288766_-,-0.0008160891138049,0.0,pncA,2288766,-,1
pncA_2288764_A,-0.0354513694175218,0.0,pncA,2288764,A,1
pncA_2288764_C,0.0112573623398558,0.0,pncA,2288764,C,1
pncA_2288764_G,0.011981320014727,0.0,pncA,2288764,G,1
pncA_2288764_-,-0.0008160891138049,0.0,pncA,2288764,-,1
pncA_2288763_A,0.0132373041383846,0.0,pncA,2288763,A,0
pncA_2288763_C,-0.0124212150245796,0.0,pncA,2288763,C,0
pncA_2288763_-,-0.0008160891138049,0.0,pncA,2288763,-,0
pncA_2288754_C,0.0117681705968959,0.0,pncA,2288754,C,0
pncA_2288754_T,-0.0109520814830909,0.5,pncA,2288754,T,0
pncA_2288754_-,-0.0008160891138049,0.0,pncA,2288754,-,0
pncA_2288752_C,0.0190609699076147,0.1,pncA,2288752,C,1
pncA_2288752_T,-0.0182448807938097,0.2,pncA,2288752,T,1
pncA_2288752_-,-0.0008160891138049,0.0,pncA,2288752,-,1
pncA_2288742_C,8.034043862627054e-05,0.3,pncA,2288742,C,0
pncA_2288742_T,0.0007357486751787,0.7,pncA,2288742,T,0
pncA_2288742_-,-0.0008160891138049,0.0,pncA,2288742,-,0
pncA_2288740_A,-0.0124212150245796,0.0,pncA,2288740,A,1
pncA_2288740_C,0.0132373041383846,0.0,pncA,2288740,C,1
pncA_2288740_-,-0.0008160891138049,0.0,pncA,2288740,-,1
pncA_2288731_A,0.0030375891820316,0.4,pncA,2288731,A,0
pncA_2288731_G,0.0082112053705878,0.1,pncA,2288731,G,0
pncA_2288731_-,-0.0008160891138049,0.0,pncA,2288731,-,0
pncA_2288730_A,0.0130819704890536,0.0,pncA,2288730,A,1
pncA_2288730_C,-0.0177038484833308,0.2,pncA,2288730,C,1
pncA_2288730_G,-0.0068661612999045,0.2,pncA,2288730,G,1
pncA_2288730_-,-0.0008160891138049,0.0,pncA,2288730,-,1
pncA_2288719_A,-0.0124212150245796,0.0,pncA,2288719,A,1
pncA_2288719_G,0.0132373041383846,0.0,pncA,2288719,G,1
pncA_2288719_-,-0.0008160891138049,0.0,pncA,2288719,-,1
pncA_2288718_C,0.0129280690446651,0.0,pncA,2288718,C,1
pncA_2288718_T,-0.025085240126149,0.0,pncA,2288718,T,1
pncA_2288718_G,0.0129732601952888,0.0,pncA,2288718,G,1
pncA_2288718_-,-0.0008160891138049,0.0,pncA,2288718,-,1
pncA_2288717_A,0.0025937022913757,0.4,pncA,2288717,A,0
pncA_2288717_G,-0.0017776131775707,0.4,pncA,2288717,G,0
pncA_2288717_-,-0.0008160891138049,0.0,pncA,2288717,-,0
pncA_2288704_T,0.0224664783323234,0.0,pncA,2288704,T,1
pncA_2288704_G,-0.0216503892185184,0.0,pncA,2288704,G,1
pncA_2288704_-,-0.0008160891138049,0.0,pncA,2288704,-,1
pncA_2288703_T,-0.0111927416518881,0.0,pncA,2288703,T,1
pncA_2288703_G,0.0120088307656931,0.0,pncA,2288703,G,1
pncA_2288703_-,-0.0008160891138049,0.0,pncA,2288703,-,1
pncA_2288696_T,-0.0128551567843349,0.3,pncA,2288696,T,0
pncA_2288696_G,0.0136712458981399,0.3,pncA,2288696,G,0
pncA_2288696_-,-0.0008160891138049,0.0,pncA,2288696,-,0
pncA_2288658_A,-0.0239835943178846,0.2,pncA,2288658,A,0
pncA_2288658_C,0.0247996834316896,0.2,pncA,2288658,C,0
pncA_2288658_-,-0.0008160891138049,0.0,pncA,2288658,-,0
pncA_2288521_T,-0.0010313012374089,0.6,pncA,2288521,T,0
pncA_2288521_G,0.0018473903512139,0.6,pncA,2288521,G,0
pncA_2288521_-,-0.0008160891138049,0.0,pncA,2288521,-,0
pncA_2288482_C,0.0206289561352457,0.3,pncA,2288482,C,0
pncA_2288482_T,-0.0198128670214407,0.3,pncA,2288482,T,0
pncA_2288482_-,-0.0008160891138049,0.0,pncA,2288482,-,0
pncA_2288462_A,0.0004133969308815,0.7,pncA,2288462,A,0
pncA_2288462_G,0.009265862109709,0.2,pncA,2288462,G,0
pncA_2288462_-,-0.0008160891138049,0.0,pncA,2288462,-,0
pncA_2288405_A,4.467028791522304e-05,0.2,pncA,2288405,A,0
pncA_2288405_G,0.001884309390734,0.8,pncA,2288405,G,0
pncA_2288405_-,-0.0008160891138049,0.0,pncA,2288405,-,0
pncA_2288325_C,-0.0114559921207511,0.2,pncA,2288325,C,0
pncA_2288325_G,0.0122720812345561,0.0,pncA,2288325,G,0
pncA_2288325_-,-0.0008160891138049,0.0,pncA,2288325,-,0
pncA_2288085_C,0.0254302151491135,0.1,pncA,2288085,C,0
pncA_2288085_G,-0.0121504256621301,0.5,pncA,2288085,G,0
pncA_2288085_-,-0.0008160891138049,0.0,pncA,2288085,-,0
pncA_2288065_A,0.0170290006643651,0.0,pncA,2288065,A,0
pncA_2288065_G,-0.0162129115505601,0.0,pncA,2288065,G,0
pncA_2288065_-,-0.0008160891138049,0.0,pncA,2288065,-,0
pncA_2287736_A,0.0041103726230608,0.3,pncA,2287736,A,0
pncA_2287736_G,-0.0032942835092558,0.3,pncA,2287736,G,0
pncA_2287736_-,-0.0008160891138049,0.0,pncA,2287736,-,0
pncA_2287643_A,0.009027601669208,0.1,pncA,2287643,A,0
pncA_2287643_G,-0.0085796450081164,0.1,pncA,2287643,G,0
pncA_2287643_-,-0.0004479566610915,0.1,pncA,2287643,-,0
pncA_2287636_C,-0.0083730862565624,0.3,pncA,2287636,C,0
pncA_2287636_G,0.008821042917654,0.3,pncA,2287636,G,0
pncA_2287636_-,-0.0004479566610915,0.1,pncA,2287636,-,0
pncA_2287347_C,-0.0113852208597269,0.0,pncA,2287347,C,0
pncA_2287347_T,0.0118331775208185,0.0,pncA,2287347,T,0
pncA_2287347_-,-0.0004479566610915,0.1,pncA,2287347,-,0
pncA_2287260_A,-0.0064983708302082,0.4,pncA,2287260,A,0
pncA_2287260_G,0.0069463274912998,0.4,pncA,2287260,G,0
pncA_2287260_-,-0.0004479566610915,0.1,pncA,2287260,-,0
pncA_2287203_C,0.0089686736412488,0.3,pncA,2287203,C,0
pncA_2287203_G,-0.0092196031362559,0.3,pncA,2287203,G,0
pncA_2287203_-,0.000250929495007,0.1,pncA,2287203,-,0
pncA_2287121_C,-0.0106522822762451,0.6,pncA,2287121,C,0
pncA_2287121_T,0.010401352781238,0.6,pncA,2287121,T,0
pncA_2287121_-,0.0001203397429053,0.7,pncA,2287121,-,0
pncA_2287108_T,-0.0103395347565645,0.3,pncA,2287108,T,0
pncA_2287108_G,0.0100886052615574,0.3,pncA,2287108,G,0
pncA_2287108_-,0.000250929495007,0.1,pncA,2287108,-,0
panD_4046007_A,-0.0408935425959556,0.0,panD,4046007,A,0
panD_4044904_G,-0.0163261342853197,0.0,panD,4044904,G,0
panD_4043566_T,-0.0032528715466205,0.3,panD,4043566,T,0
panD_4043861_T,-0.0101709456854737,0.1,panD,4043861,T,0
panD_4044023_T,-0.0010313012374089,0.6,panD,4044023,T,0
panD_4044664_C,-0.0032528715466205,0.2,panD,4044664,C,0
panD_4044740_T,0.0586163999138384,0.0,panD,4044740,T,0
panD_4044872_T,-0.0301565192824772,0.0,panD,4044872,T,0
panD_4044824_G,0.0438044778695252,0.0,panD,4044824,G,0
panD_4045235_A,0.0118331775208185,0.0,panD,4045235,A,0
panD_4045239_T,0.0118331775208185,0.0,panD,4045239,T,0
panD_4045363_G,-0.008986665573646,0.2,panD,4045363,G,0
panD_4045381_C,0.0140343459010031,0.3,panD,4045381,C,0
panD_4045643_C,-0.0122277823206845,0.1,panD,4045643,C,0
panD_4045807_T,-0.0055511326991162,0.4,panD,4045807,T,0
panD_4043365_A,0.0471471339214786,0.0,panD,4043365,A,0
panD_4046007_A,-0.0408935425959556,0.0,panD,4046007,A,0
panD_4046007_G,0.0378782541248352,0.1,panD,4046007,G,0
panD_4045936_G,0.0043147732730308,0.2,panD,4045936,G,0
panD_4045807_C,0.0055511326991162,0.4,panD,4045807,C,0
panD_4045807_T,-0.0055511326991162,0.4,panD,4045807,T,0
panD_4045643_C,-0.0122277823206845,0.1,panD,4045643,C,0
panD_4045643_T,0.0122277823206845,0.1,panD,4045643,T,0
panD_4045381_A,-0.0152692509886317,0.1,panD,4045381,A,0
panD_4045381_C,0.0140343459010031,0.3,panD,4045381,C,0
panD_4045363_A,0.008986665573646,0.2,panD,4045363,A,0
panD_4045363_G,-0.008986665573646,0.2,panD,4045363,G,0
panD_4045239_C,-0.0118331775208185,0.0,panD,4045239,C,0
panD_4045239_T,0.0118331775208185,0.0,panD,4045239,T,0
panD_4045235_A,0.0118331775208185,0.0,panD,4045235,A,0
panD_4045235_C,-0.0118331775208185,0.0,panD,4045235,C,0
panD_4044904_A,0.0163261342853196,0.0,panD,4044904,A,0
panD_4044904_G,-0.0163261342853197,0.0,panD,4044904,G,0
panD_4044872_C,0.0301565192824772,0.0,panD,4044872,C,0
panD_4044872_T,-0.0301565192824772,0.0,panD,4044872,T,0
panD_4044824_C,-0.0438044778695252,0.0,panD,4044824,C,0
panD_4044824_G,0.0438044778695252,0.0,panD,4044824,G,0
panD_4044740_C,-0.0586163999138385,0.0,panD,4044740,C,0
panD_4044740_T,0.0586163999138384,0.0,panD,4044740,T,0
panD_4044664_C,-0.0032528715466205,0.2,panD,4044664,C,0
panD_4044664_G,0.0032528715466205,0.2,panD,4044664,G,0
panD_4044542_G,0.013216415565616,0.1,panD,4044542,G,0
panD_4044499_G,-0.0022947309087119,0.7,panD,4044499,G,0
panD_4044023_C,0.0010313012374089,0.6,panD,4044023,C,0
panD_4044023_T,-0.0010313012374089,0.6,panD,4044023,T,0
panD_4044017_G,0.0041029936793369,0.4,panD,4044017,G,0
panD_4043861_C,0.0101709456854737,0.1,panD,4043861,C,0
panD_4043861_T,-0.0101709456854737,0.1,panD,4043861,T,0
panD_4043674_C,0.0041029936793369,0.4,panD,4043674,C,0
panD_4043566_C,0.0032528715466205,0.3,panD,4043566,C,0
panD_4043566_T,-0.0032528715466205,0.3,panD,4043566,T,0
panD_4043365_A,0.0471471339214786,0.0,panD,4043365,A,0
panD_4043365_C,-0.0422575351014171,0.1,panD,4043365,C,0
rpsA_1833469_T,-0.0132106660819171,0.1,rpsA,1833469,T,0
rpsA_1836252_G,0.0052837650164533,0.5,rpsA,1836252,G,0
rpsA_1834695_G,0.0113135118662507,0.1,rpsA,1834695,G,0
rpsA_1834710_G,0.012457346656143,0.0,rpsA,1834710,G,0
rpsA_1834815_G,0.0005858064986478,0.5,rpsA,1834815,G,0
rpsA_1834836_C,0.0015060240029225,0.5,rpsA,1834836,C,0
rpsA_1834894_T,-0.0033305961704293,0.4,rpsA,1834894,T,0
rpsA_indel0_G,0.0644428164564842,0.0,rpsA,indel0,G,0
rpsA_1835399_C,0.001084576192936,0.5,rpsA,1835399,C,0
rpsA_1836024_T,0.0094439371992156,0.2,rpsA,1836024,T,0
rpsA_1836110_G,4.467028791522304e-05,0.2,rpsA,1836110,G,0
rpsA_1836264_-,0.0120088307656931,0.0,rpsA,1836264,-,0
rpsA_1834664_T,0.0060716828675348,0.5,rpsA,1834664,T,0
rpsA_1836265_-,0.0120088307656931,0.0,rpsA,1836265,-,0
rpsA_1836266_-,0.0120088307656931,0.0,rpsA,1836266,-,0
rpsA_1836267_-,0.0120088307656931,0.0,rpsA,1836267,-,0
rpsA_1836268_-,0.0120088307656931,0.0,rpsA,1836268,-,0
rpsA_1836269_-,0.0120088307656931,0.0,rpsA,1836269,-,0
rpsA_1836270_-,0.0120088307656931,0.0,rpsA,1836270,-,0
rpsA_1836271_-,0.0120088307656931,0.0,rpsA,1836271,-,0
rpsA_1836272_-,0.0120088307656931,0.0,rpsA,1836272,-,0
rpsA_1836273_-,0.0058792237868922,0.2,rpsA,1836273,-,0
rpsA_1833511_-,-0.0191077837319331,0.0,rpsA,1833511,-,0
rpsA_1834683_T,0.1002832944970631,0.0,rpsA,1834683,T,0
rpsA_1834527_T,0.002202871507865,0.6,rpsA,1834527,T,0
rpsA_1834020_C,0.0129560214225963,0.0,rpsA,1834020,C,0
rpsA_1833584_T,-0.0158613575896809,0.0,rpsA,1833584,T,0
rpsA_1833585_C,0.0118757273511477,0.0,rpsA,1833585,C,0
rpsA_1833594_A,-0.0003681324527134,0.0,rpsA,1833594,A,0
rpsA_1833612_G,0.0112902926339908,0.1,rpsA,1833612,G,0
rpsA_1833674_G,0.0076860697421843,0.3,rpsA,1833674,G,0
rpsA_1833845_G,-0.0101709456854737,0.2,rpsA,1833845,G,0
rpsA_1833909_C,-0.0082077990682526,0.5,rpsA,1833909,C,0
rpsA_1833917_T,0.0016417334295059,0.6,rpsA,1833917,T,0
rpsA_1833919_T,0.0113373725411794,0.0,rpsA,1833919,T,0
rpsA_1833972_C,0.0005858064986478,0.5,rpsA,1833972,C,0
rpsA_1834059_C,0.0090832849967673,0.4,rpsA,1834059,C,0
rpsA_1834505_T,0.0150320006095394,0.0,rpsA,1834505,T,0
rpsA_1834094_T,-0.0101709456854737,0.4,rpsA,1834094,T,0
rpsA_1834177_C,0.000257198498049,0.5,rpsA,1834177,C,0
rpsA_1834202_G,-0.0030921162987825,0.6,rpsA,1834202,G,0
rpsA_1834226_T,0.0036834021154802,0.3,rpsA,1834226,T,0
rpsA_1834234_A,0.0236116305530216,0.0,rpsA,1834234,A,0
rpsA_1834378_C,-0.0153448464034522,0.4,rpsA,1834378,C,0
rpsA_1834501_A,-0.0078235121626184,0.4,rpsA,1834501,A,0
rpsA_1836334_G,0.0027779008851463,0.6,rpsA,1836334,G,0
rpsA_1833469_T,-0.0132106660819171,0.1,rpsA,1833469,T,0
rpsA_1833469_G,0.0132106660819171,0.1,rpsA,1833469,G,0
rpsA_1833511_G,0.0191077837319331,0.0,rpsA,1833511,G,0
rpsA_1833511_-,-0.0191077837319331,0.0,rpsA,1833511,-,0
rpsA_1833584_T,-0.0158613575896809,0.0,rpsA,1833584,T,0
rpsA_1833584_G,0.0158613575896809,0.0,rpsA,1833584,G,0
rpsA_1833585_A,-0.0118757273511477,0.0,rpsA,1833585,A,0
rpsA_1833585_C,0.0118757273511477,0.0,rpsA,1833585,C,0
rpsA_1833594_A,-0.0003681324527134,0.0,rpsA,1833594,A,0
rpsA_1833594_C,0.0003681324527134,0.0,rpsA,1833594,C,0
rpsA_1833612_C,-0.0112902926339908,0.1,rpsA,1833612,C,0
rpsA_1833612_G,0.0112902926339908,0.1,rpsA,1833612,G,0
rpsA_1833674_A,-0.0076860697421843,0.3,rpsA,1833674,A,0
rpsA_1833674_G,0.0076860697421843,0.3,rpsA,1833674,G,0
rpsA_1833845_C,0.0101709456854737,0.2,rpsA,1833845,C,0
rpsA_1833845_G,-0.0101709456854737,0.2,rpsA,1833845,G,0
rpsA_1833909_A,0.0082077990682526,0.5,rpsA,1833909,A,0
rpsA_1833909_C,-0.0082077990682526,0.5,rpsA,1833909,C,0
rpsA_1833917_T,0.0016417334295059,0.6,rpsA,1833917,T,0
rpsA_1833917_G,-0.0016417334295059,0.6,rpsA,1833917,G,0
rpsA_1833919_C,-0.0113373725411794,0.0,rpsA,1833919,C,0
rpsA_1833919_T,0.0113373725411794,0.0,rpsA,1833919,T,0
rpsA_1833972_C,0.0005858064986478,0.5,rpsA,1833972,C,0
rpsA_1833972_T,-0.0005858064986478,0.5,rpsA,1833972,T,0
rpsA_1834020_A,-0.0129560214225963,0.0,rpsA,1834020,A,0
rpsA_1834020_C,0.0129560214225963,0.0,rpsA,1834020,C,0
rpsA_1834059_C,0.0090832849967673,0.4,rpsA,1834059,C,0
rpsA_1834059_T,-0.0090832849967673,0.4,rpsA,1834059,T,0
rpsA_1834094_C,0.0101709456854737,0.4,rpsA,1834094,C,0
rpsA_1834094_T,-0.0101709456854737,0.4,rpsA,1834094,T,0
rpsA_1834177_A,0.0018473355726888,0.5,rpsA,1834177,A,0
rpsA_1834177_C,0.000257198498049,0.5,rpsA,1834177,C,0
rpsA_1834202_A,0.0030921162987825,0.6,rpsA,1834202,A,0
rpsA_1834202_G,-0.0030921162987825,0.6,rpsA,1834202,G,0
rpsA_1834226_T,0.0036834021154802,0.3,rpsA,1834226,T,0
rpsA_1834226_G,-0.0036834021154802,0.3,rpsA,1834226,G,0
rpsA_1834234_A,0.0236116305530216,0.0,rpsA,1834234,A,0
rpsA_1834234_G,-0.0236116305530215,0.0,rpsA,1834234,G,0
rpsA_1834378_C,-0.0153448464034522,0.4,rpsA,1834378,C,0
rpsA_1834378_T,0.0153448464034523,0.4,rpsA,1834378,T,0
rpsA_1834501_A,-0.0078235121626184,0.4,rpsA,1834501,A,0
rpsA_1834501_G,0.0078235121626184,0.4,rpsA,1834501,G,0
rpsA_1834505_C,-0.0150320006095394,0.0,rpsA,1834505,C,0
rpsA_1834505_T,0.0150320006095394,0.0,rpsA,1834505,T,0
rpsA_1834527_T,0.002202871507865,0.6,rpsA,1834527,T,0
rpsA_1834527_G,-0.002202871507865,0.6,rpsA,1834527,G,0
rpsA_1834664_C,-0.0060716828675348,0.5,rpsA,1834664,C,0
rpsA_1834664_T,0.0060716828675348,0.5,rpsA,1834664,T,0
rpsA_1834683_C,-0.1002832944970632,0.0,rpsA,1834683,C,0
rpsA_1834683_T,0.1002832944970631,0.0,rpsA,1834683,T,0
rpsA_1834695_A,-0.0113135118662507,0.1,rpsA,1834695,A,0
rpsA_1834695_G,0.0113135118662507,0.1,rpsA,1834695,G,0
rpsA_1834710_A,-0.012457346656143,0.0,rpsA,1834710,A,0
rpsA_1834710_G,0.012457346656143,0.0,rpsA,1834710,G,0
rpsA_1834815_A,-0.0005858064986478,0.5,rpsA,1834815,A,0
rpsA_1834815_G,0.0005858064986478,0.5,rpsA,1834815,G,0
rpsA_1834836_C,0.0015060240029225,0.5,rpsA,1834836,C,0
rpsA_1834836_T,-0.0124973896073746,0.1,rpsA,1834836,T,0
rpsA_1834894_C,0.0033305961704293,0.4,rpsA,1834894,C,0
rpsA_1834894_T,-0.0033305961704293,0.4,rpsA,1834894,T,0
rpsA_1834985_T,0.0120826312800217,0.1,rpsA,1834985,T,0
rpsA_indel0_G,0.0644428164564842,0.0,rpsA,indel0,G,0
rpsA_indel0_-,-0.0523601851764625,0.0,rpsA,indel0,-,0
rpsA_1835304_A,-0.0029205376955069,0.3,rpsA,1835304,A,0
rpsA_1835399_C,0.001084576192936,0.5,rpsA,1835399,C,0
rpsA_1835399_G,-0.001084576192936,0.5,rpsA,1835399,G,0
rpsA_1835516_C,-0.0083438759866261,0.1,rpsA,1835516,C,0
rpsA_1836024_C,-0.0094439371992156,0.2,rpsA,1836024,C,0
rpsA_1836024_T,0.0094439371992156,0.2,rpsA,1836024,T,0
rpsA_1836110_C,0.001068220276929,0.8,rpsA,1836110,C,0
rpsA_1836110_G,4.467028791522304e-05,0.2,rpsA,1836110,G,0
rpsA_1836252_A,-0.0052837650164533,0.5,rpsA,1836252,A,0
rpsA_1836252_G,0.0052837650164533,0.5,rpsA,1836252,G,0
rpsA_1836264_C,-0.0120088307656931,0.0,rpsA,1836264,C,0
rpsA_1836264_-,0.0120088307656931,0.0,rpsA,1836264,-,0
rpsA_1836265_G,-0.0120088307656931,0.0,rpsA,1836265,G,0
rpsA_1836265_-,0.0120088307656931,0.0,rpsA,1836265,-,0
rpsA_1836266_C,-0.0120088307656931,0.0,rpsA,1836266,C,0
rpsA_1836266_-,0.0120088307656931,0.0,rpsA,1836266,-,0
rpsA_1836267_C,-0.0120088307656931,0.0,rpsA,1836267,C,0
rpsA_1836267_-,0.0120088307656931,0.0,rpsA,1836267,-,0
rpsA_1836268_A,-0.0120088307656931,0.0,rpsA,1836268,A,0
rpsA_1836268_-,0.0120088307656931,0.0,rpsA,1836268,-,0
rpsA_1836269_T,-0.0120088307656931,0.0,rpsA,1836269,T,0
rpsA_1836269_-,0.0120088307656931,0.0,rpsA,1836269,-,0
rpsA_1836270_C,-0.0120088307656931,0.0,rpsA,1836270,C,0
rpsA_1836270_-,0.0120088307656931,0.0,rpsA,1836270,-,0
rpsA_1836271_G,-0.0120088307656931,0.0,rpsA,1836271,G,0
rpsA_1836271_-,0.0120088307656931,0.0,rpsA,1836271,-,0
rpsA_1836272_A,-0.0120088307656931,0.0,rpsA,1836272,A,0
rpsA_1836272_-,0.0120088307656931,0.0,rpsA,1836272,-,0
rpsA_1836273_T,-0.0120088307656931,0.0,rpsA,1836273,T,0
rpsA_1836273_-,0.0058792237868922,0.2,rpsA,1836273,-,0
rpsA_1836334_C,0.0075163676118817,0.4,rpsA,1836334,C,0
rpsA_1836334_G,0.0027779008851463,0.6,rpsA,1836334,G,0
clpC1_4040957_C,-0.0272413734205454,0.1,clpC1,4040957,C,0
clpC1_4040917_T,0.0113373725411794,0.0,clpC1,4040917,T,0
clpC1_4040842_-,-0.0085796450081164,0.1,clpC1,4040842,-,0
clpC1_4040318_T,0.0386303888160366,0.0,clpC1,4040318,T,0
clpC1_4040164_T,-0.0032962536694388,0.3,clpC1,4040164,T,0
clpC1_4040062_G,-0.005131345334656,0.3,clpC1,4040062,G,0
clpC1_4039888_G,0.0041103726230608,0.3,clpC1,4039888,G,0
clpC1_4039729_A,-0.0168030363199027,0.1,clpC1,4039729,A,0
clpC1_4038968_A,-0.0104813715487445,0.1,clpC1,4038968,A,0
clpC1_4038921_G,0.0124730522124615,0.0,clpC1,4038921,G,0
clpC1_4038698_T,0.0018634426983294,0.6,clpC1,4038698,T,0
clpC1_4038503_A,0.0208602114392498,0.2,clpC1,4038503,A,0
clpC1_4038408_T,0.0334561819824509,0.0,clpC1,4038408,T,0
clpC1_4038287_T,0.0083958051111815,0.4,clpC1,4038287,T,0
clpC1_4040957_C,-0.0272413734205454,0.1,clpC1,4040957,C,0
clpC1_4040957_G,0.0272413734205454,0.1,clpC1,4040957,G,0
clpC1_4040917_C,-0.0113373725411794,0.0,clpC1,4040917,C,0
clpC1_4040917_T,0.0113373725411794,0.0,clpC1,4040917,T,0
clpC1_4040842_G,0.0085796450081164,0.1,clpC1,4040842,G,0
clpC1_4040842_-,-0.0085796450081164,0.1,clpC1,4040842,-,0
clpC1_4040318_C,-0.0386303888160365,0.0,clpC1,4040318,C,0
clpC1_4040318_T,0.0386303888160366,0.0,clpC1,4040318,T,0
clpC1_4040164_T,-0.0032962536694388,0.3,clpC1,4040164,T,0
clpC1_4040164_G,0.0032962536694388,0.3,clpC1,4040164,G,0
clpC1_4040062_A,0.005131345334656,0.3,clpC1,4040062,A,0
clpC1_4040062_G,-0.005131345334656,0.3,clpC1,4040062,G,0
clpC1_4039888_C,-0.0041103726230608,0.3,clpC1,4039888,C,0
clpC1_4039888_G,0.0041103726230608,0.3,clpC1,4039888,G,0
clpC1_4039729_A,-0.0168030363199027,0.1,clpC1,4039729,A,0
clpC1_4039729_G,0.0270025757086383,0.0,clpC1,4039729,G,0
clpC1_4038968_A,-0.0104813715487445,0.1,clpC1,4038968,A,0
clpC1_4038968_G,0.0104813715487445,0.1,clpC1,4038968,G,0
clpC1_4038921_T,-0.0124730522124615,0.0,clpC1,4038921,T,0
clpC1_4038921_G,0.0124730522124615,0.0,clpC1,4038921,G,0
clpC1_4038698_C,-0.0018634426983294,0.6,clpC1,4038698,C,0
clpC1_4038698_T,0.0018634426983294,0.6,clpC1,4038698,T,0
clpC1_4038503_A,0.0208602114392498,0.2,clpC1,4038503,A,0
clpC1_4038503_G,-0.0208602114392498,0.2,clpC1,4038503,G,0
clpC1_4038408_C,-0.0334561819824509,0.0,clpC1,4038408,C,0
clpC1_4038408_T,0.0334561819824509,0.0,clpC1,4038408,T,0
clpC1_4038287_C,0.014624160898746,0.0,clpC1,4038287,C,0
clpC1_4038287_T,0.0083958051111815,0.4,clpC1,4038287,T,0
