ID,INH,RIF,EMB,MXF,ETH,AMI,PTM,BDQ,LZD,SQ109,INH_lower_bound,INH_midpoint,INH_upper_bound,RIF_lower_bound,RIF_midpoint,RIF_upper_bound,EMB_lower_bound,EMB_upper_bound,EMB_midpoint,MXF_lower_bound,MXF_upper_bound,MXF_midpoint,ETH_lower_bound,ETH_upper_bound,ETH_midpoint,AMI_lower_bound,AMI_upper_bound,AMI_midpoint,PTM_lower_bound,PTM_upper_bound,PTM_midpoint,BDQ_lower_bound,BDQ_upper_bound,BDQ_midpoint,LZD_lower_bound,LZD_upper_bound,LZD_midpoint,SQ109_lower_bound,SQ109_upper_bound,SQ109_midpoint,TDR_Sample,ROLLINGDB_ID,INH_lower_bound_NORM,INH_midpoint_NORM,INH_upper_bound_NORM,RIF_lower_bound_NORM,RIF_midpoint_NORM,RIF_upper_bound_NORM,EMB_lower_bound_NORM,EMB_upper_bound_NORM,EMB_midpoint_NORM,MXF_lower_bound_NORM,MXF_upper_bound_NORM,MXF_midpoint_NORM,ETH_lower_bound_NORM,ETH_upper_bound_NORM,ETH_midpoint_NORM,AMI_lower_bound_NORM,AMI_upper_bound_NORM,AMI_midpoint_NORM,PTM_lower_bound_NORM,PTM_upper_bound_NORM,PTM_midpoint_NORM,BDQ_lower_bound_NORM,BDQ_upper_bound_NORM,BDQ_midpoint_NORM,LZD_lower_bound_NORM,LZD_upper_bound_NORM,LZD_midpoint_NORM,SQ109_lower_bound_NORM,SQ109_upper_bound_NORM,SQ109_midpoint_NORM,INH_lower_bound_NORM_NORM,INH_midpoint_NORM_NORM,INH_upper_bound_NORM_NORM,RIF_lower_bound_NORM_NORM,RIF_midpoint_NORM_NORM,RIF_upper_bound_NORM_NORM,EMB_lower_bound_NORM_NORM,EMB_upper_bound_NORM_NORM,EMB_midpoint_NORM_NORM,MXF_lower_bound_NORM_NORM,MXF_upper_bound_NORM_NORM,MXF_midpoint_NORM_NORM,ETH_lower_bound_NORM_NORM,ETH_upper_bound_NORM_NORM,ETH_midpoint_NORM_NORM,AMI_lower_bound_NORM_NORM,AMI_upper_bound_NORM_NORM,AMI_midpoint_NORM_NORM,PTM_lower_bound_NORM_NORM,PTM_upper_bound_NORM_NORM,PTM_midpoint_NORM_NORM,BDQ_lower_bound_NORM_NORM,BDQ_upper_bound_NORM_NORM,BDQ_midpoint_NORM_NORM,LZD_lower_bound_NORM_NORM,LZD_upper_bound_NORM_NORM,LZD_midpoint_NORM_NORM,SQ109_lower_bound_NORM_NORM,SQ109_upper_bound_NORM_NORM,SQ109_midpoint_NORM_NORM
TDR_001,≤0.25,≥8,0.5,1,4,0.5,2,0.5,1,2,0.0,0.0244125,0.048825,0.0936,0.0936,inf,0.7825,1.565,1.17375,0.03905,0.0781,0.058575,12.0,24.0,18.0,0.1,0.2,0.15,0.2,0.4,0.3,0.025,0.05,0.0375,0.488,0.976,0.732,0.7,1.4,1.0499999999999998,TDR_1,SAMEA5282322,0.0,0.000653850777825,0.00130770155565,0.0009012180528,0.0009012180528,inf,0.50040115975,1.0008023195,0.750601739625,0.00122428322115,0.0024485664423,0.001836424831725,11.96928,23.938560000000003,17.953920000000004,0.0234244,0.0468488,0.0351366,0.0143704,0.0287408,0.0215555999999999,0.00138875,0.0027775,0.002083125,0.1606757567999999,0.3213515135999999,0.2410136352,0.1619744,0.3239488,0.2429615999999999,0.0,1.7512374384530777e-05,3.5024748769061554e-05,8.677286097143414e-06,8.677286097143414e-06,inf,0.3200016877688754,0.6400033755377508,0.4800025316533131,3.8383339451713695e-05,7.676667890342739e-05,5.757500917757054e-05,11.938638643200004,23.877277286400005,17.907957964800005,0.0054870251536,0.0109740503072,0.0082305377303999,0.0010325419808,0.0020650839616,0.0015488129711999,7.714506250000002e-05,0.000154290125,0.00011571759375,0.0529030713591244,0.1058061427182489,0.0793546070386867,0.0374795803647999,0.0749591607295999,0.0562193705471999
TDR_005,1,≤0.25,0.5,1,≥8,1,2,0.5,1,1,0.09765,0.146475,0.1953,0.0,0.0014625,0.002925,0.7825,1.565,1.17375,0.03905,0.0781,0.058575,48.0,inf,48.0,0.2,0.4,0.3,0.2,0.4,0.3,0.025,0.05,0.0375,0.488,0.976,0.732,0.35,0.7,0.5249999999999999,TDR_5,SAMEA5282498,0.0026154031113,0.00392310466695,0.0052308062226,0.0,1.4081532075e-05,2.816306415e-05,0.50040115975,1.0008023195,0.750601739625,0.00122428322115,0.0024485664423,0.001836424831725,47.877120000000005,inf,47.877120000000005,0.0468488,0.0936976,0.0702732,0.0143704,0.0287408,0.0215555999999999,0.00138875,0.0027775,0.002083125,0.1606757567999999,0.3213515135999999,0.2410136352,0.0809872,0.1619744,0.1214807999999999,7.004949753812311e-05,0.0001050742463071,0.0001400989950762,0.0,1.3558259526786585e-07,2.711651905357317e-07,0.3200016877688754,0.6400033755377508,0.4800025316533131,3.8383339451713695e-05,7.676667890342739e-05,5.757500917757054e-05,47.75455457280001,inf,47.75455457280001,0.0109740503072,0.0219481006144,0.0164610754607999,0.0010325419808,0.0020650839616,0.0015488129711999,7.714506250000002e-05,0.000154290125,0.00011571759375,0.0529030713591244,0.1058061427182489,0.0793546070386867,0.0187397901823999,0.0374795803647999,0.0281096852735999
TDR_006,≥8,≥8,4,0.5,4,4,1,0.5,1,1,1.5624,1.5624,inf,0.0936,0.0936,inf,6.26,12.52,9.39,0.019525,0.03905,0.0292875,12.0,24.0,18.0,0.8,1.6,1.2000000000000002,0.1,0.2,0.15,0.025,0.05,0.0375,0.488,0.976,0.732,0.35,0.7,0.5249999999999999,TDR_6,SAMEA5282509,0.0418464497808,0.0418464497808,inf,0.0009012180528,0.0009012180528,inf,4.003209278,8.006418556,6.004813917,0.000612141610575,0.00122428322115,0.0009182124158625,11.96928,23.938560000000003,17.953920000000004,0.1873952,0.3747904,0.2810928,0.0071852,0.0143704,0.0107777999999999,0.00138875,0.0027775,0.002083125,0.1606757567999999,0.3213515135999999,0.2410136352,0.0809872,0.1619744,0.1214807999999999,0.0011207919606099,0.0011207919606099,inf,8.677286097143414e-06,8.677286097143414e-06,inf,2.560013502151003,5.120027004302006,3.8400202532265046,1.9191669725856847e-05,3.8383339451713695e-05,2.878750458878527e-05,11.938638643200004,23.877277286400005,17.907957964800005,0.0438962012288,0.0877924024576,0.0658443018432,0.0005162709904,0.0010325419808,0.0007744064855999,7.714506250000002e-05,0.000154290125,0.00011571759375,0.0529030713591244,0.1058061427182489,0.0793546070386867,0.0187397901823999,0.0374795803647999,0.0281096852735999
TDR_007,≥8,4,1,1,2,1,2,1,0.5,0.5,1.5624,1.5624,inf,0.0234,0.0351,0.0468,1.565,3.13,2.3475,0.03905,0.0781,0.058575,6.0,12.0,9.0,0.2,0.4,0.3,0.2,0.4,0.3,0.05,0.1,0.075,0.244,0.488,0.366,0.175,0.35,0.2624999999999999,TDR_7,SAMEA5282520,0.0418464497808,0.0418464497808,inf,0.0002253045132,0.0003379567698,0.0004506090264,1.0008023195,2.001604639,1.50120347925,0.00122428322115,0.0024485664423,0.001836424831725,5.984640000000001,11.96928,8.976960000000002,0.0468488,0.0936976,0.0702732,0.0143704,0.0287408,0.0215555999999999,0.0027775,0.005555,0.00416625,0.0803378783999999,0.1606757567999999,0.1205068176,0.0404936,0.0809872,0.0607403999999999,0.0011207919606099,0.0011207919606099,inf,2.1693215242858536e-06,3.2539822864287804e-06,4.338643048571707e-06,0.6400033755377508,1.2800067510755015,0.9600050633066262,3.8383339451713695e-05,7.676667890342739e-05,5.757500917757054e-05,5.969319321600001,11.938638643200004,8.953978982400002,0.0109740503072,0.0219481006144,0.0164610754607999,0.0010325419808,0.0020650839616,0.0015488129711999,0.000154290125,0.00030858025,0.0002314351875,0.0264515356795622,0.0529030713591244,0.0396773035193433,0.0093698950911999,0.0187397901823999,0.0140548426367999
TDR_019,≥8,2,2,0.5,≥8,0.5,1,0.5,≤0.25,1,1.5624,1.5624,inf,0.0117,0.01755,0.0234,3.13,6.26,4.695,0.019525,0.03905,0.0292875,48.0,inf,48.0,0.1,0.2,0.15,0.1,0.2,0.15,0.025,0.05,0.0375,0.0,0.244,0.122,0.35,0.7,0.5249999999999999,TDR_19,SAMEA5282422,0.0418464497808,0.0418464497808,inf,0.0001126522566,0.0001689783849,0.0002253045132,2.001604639,4.003209278,3.0024069585,0.000612141610575,0.00122428322115,0.0009182124158625,47.877120000000005,inf,47.877120000000005,0.0234244,0.0468488,0.0351366,0.0071852,0.0143704,0.0107777999999999,0.00138875,0.0027775,0.002083125,0.0,0.0803378783999999,0.0401689391999999,0.0809872,0.1619744,0.1214807999999999,0.0011207919606099,0.0011207919606099,inf,1.0846607621429268e-06,1.6269911432143902e-06,2.1693215242858536e-06,1.2800067510755015,2.560013502151003,1.9200101266132523,1.9191669725856847e-05,3.8383339451713695e-05,2.878750458878527e-05,47.75455457280001,inf,47.75455457280001,0.0054870251536,0.0109740503072,0.0082305377303999,0.0005162709904,0.0010325419808,0.0007744064855999,7.714506250000002e-05,0.000154290125,0.00011571759375,0.0,0.0264515356795622,0.0132257678397811,0.0187397901823999,0.0374795803647999,0.0281096852735999
TDR_021,≥8,4,≥8,≤0.25,4,1,1,0.5,1,1,1.5624,1.5624,inf,0.0234,0.0351,0.0468,25.04,inf,25.04,0.0,0.019525,0.0097625,12.0,24.0,18.0,0.2,0.4,0.3,0.1,0.2,0.15,0.025,0.05,0.0375,0.488,0.976,0.732,0.35,0.7,0.5249999999999999,TDR_21,SAMEA5282445,0.0418464497808,0.0418464497808,inf,0.0002253045132,0.0003379567698,0.0004506090264,16.012837112,inf,16.012837112,0.0,0.000612141610575,0.0003060708052875,11.96928,23.938560000000003,17.953920000000004,0.0468488,0.0936976,0.0702732,0.0071852,0.0143704,0.0107777999999999,0.00138875,0.0027775,0.002083125,0.1606757567999999,0.3213515135999999,0.2410136352,0.0809872,0.1619744,0.1214807999999999,0.0011207919606099,0.0011207919606099,inf,2.1693215242858536e-06,3.2539822864287804e-06,4.338643048571707e-06,10.240054008604012,inf,10.240054008604012,0.0,1.9191669725856847e-05,9.595834862928424e-06,11.938638643200004,23.877277286400005,17.907957964800005,0.0109740503072,0.0219481006144,0.0164610754607999,0.0005162709904,0.0010325419808,0.0007744064855999,7.714506250000002e-05,0.000154290125,0.00011571759375,0.0529030713591244,0.1058061427182489,0.0793546070386867,0.0187397901823999,0.0374795803647999,0.0281096852735999
TDR_028,≥8,4,1,≤0.25,4,1,4,0.5,1,1,1.5624,1.5624,inf,0.0234,0.0351,0.0468,1.565,3.13,2.3475,0.0,0.019525,0.0097625,12.0,24.0,18.0,0.2,0.4,0.3,0.4,0.8,0.6000000000000001,0.025,0.05,0.0375,0.488,0.976,0.732,0.35,0.7,0.5249999999999999,TDR_28,SAMEA5282474,0.0418464497808,0.0418464497808,inf,0.0002253045132,0.0003379567698,0.0004506090264,1.0008023195,2.001604639,1.50120347925,0.0,0.000612141610575,0.0003060708052875,11.96928,23.938560000000003,17.953920000000004,0.0468488,0.0936976,0.0702732,0.0287408,0.0574816,0.0431112,0.00138875,0.0027775,0.002083125,0.1606757567999999,0.3213515135999999,0.2410136352,0.0809872,0.1619744,0.1214807999999999,0.0011207919606099,0.0011207919606099,inf,2.1693215242858536e-06,3.2539822864287804e-06,4.338643048571707e-06,0.6400033755377508,1.2800067510755015,0.9600050633066262,0.0,1.9191669725856847e-05,9.595834862928424e-06,11.938638643200004,23.877277286400005,17.907957964800005,0.0109740503072,0.0219481006144,0.0164610754607999,0.0020650839616,0.0041301679232,0.0030976259424,7.714506250000002e-05,0.000154290125,0.00011571759375,0.0529030713591244,0.1058061427182489,0.0793546070386867,0.0187397901823999,0.0374795803647999,0.0281096852735999
TDR_029,1,0.5,0.5,0.5,0.5,≤0.25,1,1,0.5,0.5,0.09765,0.146475,0.1953,0.002925,0.0043875,0.00585,0.7825,1.565,1.17375,0.019525,0.03905,0.0292875,1.5,3.0,2.25,0.0,0.1,0.05,0.1,0.2,0.15,0.05,0.1,0.075,0.244,0.488,0.366,0.175,0.35,0.2624999999999999,TDR_29,SAMEA5282475,0.0026154031113,0.00392310466695,0.0052308062226,2.816306415e-05,4.2244596225e-05,5.63261283e-05,0.50040115975,1.0008023195,0.750601739625,0.000612141610575,0.00122428322115,0.0009182124158625,1.4961600000000002,2.9923200000000003,2.2442400000000005,0.0,0.0234244,0.0117122,0.0071852,0.0143704,0.0107777999999999,0.0027775,0.005555,0.00416625,0.0803378783999999,0.1606757567999999,0.1205068176,0.0404936,0.0809872,0.0607403999999999,7.004949753812311e-05,0.0001050742463071,0.0001400989950762,2.711651905357317e-07,4.067477858035977e-07,5.423303810714634e-07,0.3200016877688754,0.6400033755377508,0.4800025316533131,1.9191669725856847e-05,3.8383339451713695e-05,2.878750458878527e-05,1.4923298304000003,2.9846596608000007,2.2384947456000006,0.0,0.0054870251536,0.0027435125768,0.0005162709904,0.0010325419808,0.0007744064855999,0.000154290125,0.00030858025,0.0002314351875,0.0264515356795622,0.0529030713591244,0.0396773035193433,0.0093698950911999,0.0187397901823999,0.0140548426367999
TDR_031,≥8,≥8,4,1,2,≥8,1,≤0.25,0.5,0.5,1.5624,1.5624,inf,0.0936,0.0936,inf,6.26,12.52,9.39,0.03905,0.0781,0.058575,6.0,12.0,9.0,3.2,inf,3.2,0.1,0.2,0.15,0.0,0.025,0.0125,0.244,0.488,0.366,0.175,0.35,0.2624999999999999,TDR_31,SAMEA5282478,0.0418464497808,0.0418464497808,inf,0.0009012180528,0.0009012180528,inf,4.003209278,8.006418556,6.004813917,0.00122428322115,0.0024485664423,0.001836424831725,5.984640000000001,11.96928,8.976960000000002,0.7495808,inf,0.7495808,0.0071852,0.0143704,0.0107777999999999,0.0,0.00138875,0.000694375,0.0803378783999999,0.1606757567999999,0.1205068176,0.0404936,0.0809872,0.0607403999999999,0.0011207919606099,0.0011207919606099,inf,8.677286097143414e-06,8.677286097143414e-06,inf,2.560013502151003,5.120027004302006,3.8400202532265046,3.8383339451713695e-05,7.676667890342739e-05,5.757500917757054e-05,5.969319321600001,11.938638643200004,8.953978982400002,0.1755848049152,inf,0.1755848049152,0.0005162709904,0.0010325419808,0.0007744064855999,0.0,7.714506250000002e-05,3.857253125000001e-05,0.0264515356795622,0.0529030713591244,0.0396773035193433,0.0093698950911999,0.0187397901823999,0.0140548426367999
TDR_032,≥8,≥8,4,≤0.25,2,≤0.25,1,≤0.25,≤0.25,≤0.25,1.5624,1.5624,inf,0.0936,0.0936,inf,6.26,12.52,9.39,0.0,0.019525,0.0097625,6.0,12.0,9.0,0.0,0.1,0.05,0.1,0.2,0.15,0.0,0.025,0.0125,0.0,0.244,0.122,0.0,0.175,0.0875,TDR_32,SAMEA5282479,0.0418464497808,0.0418464497808,inf,0.0009012180528,0.0009012180528,inf,4.003209278,8.006418556,6.004813917,0.0,0.000612141610575,0.0003060708052875,5.984640000000001,11.96928,8.976960000000002,0.0,0.0234244,0.0117122,0.0071852,0.0143704,0.0107777999999999,0.0,0.00138875,0.000694375,0.0,0.0803378783999999,0.0401689391999999,0.0,0.0404936,0.0202468,0.0011207919606099,0.0011207919606099,inf,8.677286097143414e-06,8.677286097143414e-06,inf,2.560013502151003,5.120027004302006,3.8400202532265046,0.0,1.9191669725856847e-05,9.595834862928424e-06,5.969319321600001,11.938638643200004,8.953978982400002,0.0,0.0054870251536,0.0027435125768,0.0005162709904,0.0010325419808,0.0007744064855999,0.0,7.714506250000002e-05,3.857253125000001e-05,0.0,0.0264515356795622,0.0132257678397811,0.0,0.0093698950911999,0.0046849475455999
TDR_033,1,≤0.25,0.5,0.5,≤0.25,0.5,1,0.5,1,0.5,0.09765,0.146475,0.1953,0.0,0.0014625,0.002925,0.7825,1.565,1.17375,0.019525,0.03905,0.0292875,0.0,1.5,0.75,0.1,0.2,0.15,0.1,0.2,0.15,0.025,0.05,0.0375,0.488,0.976,0.732,0.175,0.35,0.2624999999999999,TDR_33,SAMEA5282480,0.0026154031113,0.00392310466695,0.0052308062226,0.0,1.4081532075e-05,2.816306415e-05,0.50040115975,1.0008023195,0.750601739625,0.000612141610575,0.00122428322115,0.0009182124158625,0.0,1.4961600000000002,0.7480800000000001,0.0234244,0.0468488,0.0351366,0.0071852,0.0143704,0.0107777999999999,0.00138875,0.0027775,0.002083125,0.1606757567999999,0.3213515135999999,0.2410136352,0.0404936,0.0809872,0.0607403999999999,7.004949753812311e-05,0.0001050742463071,0.0001400989950762,0.0,1.3558259526786585e-07,2.711651905357317e-07,0.3200016877688754,0.6400033755377508,0.4800025316533131,1.9191669725856847e-05,3.8383339451713695e-05,2.878750458878527e-05,0.0,1.4923298304000003,0.7461649152000002,0.0054870251536,0.0109740503072,0.0082305377303999,0.0005162709904,0.0010325419808,0.0007744064855999,7.714506250000002e-05,0.000154290125,0.00011571759375,0.0529030713591244,0.1058061427182489,0.0793546070386867,0.0093698950911999,0.0187397901823999,0.0140548426367999
TDR_034,0.5,4,0.5,≤0.25,≤0.25,0.5,0.5,0.5,1,0.5,0.048825,0.0732375,0.09765,0.0234,0.0351,0.0468,0.7825,1.565,1.17375,0.0,0.019525,0.0097625,0.0,1.5,0.75,0.1,0.2,0.15,0.05,0.1,0.075,0.025,0.05,0.0375,0.488,0.976,0.732,0.175,0.35,0.2624999999999999,TDR_34,SAMEA5282481,0.00130770155565,0.001961552333475,0.0026154031113,0.0002253045132,0.0003379567698,0.0004506090264,0.50040115975,1.0008023195,0.750601739625,0.0,0.000612141610575,0.0003060708052875,0.0,1.4961600000000002,0.7480800000000001,0.0234244,0.0468488,0.0351366,0.0035926,0.0071852,0.0053888999999999,0.00138875,0.0027775,0.002083125,0.1606757567999999,0.3213515135999999,0.2410136352,0.0404936,0.0809872,0.0607403999999999,3.5024748769061554e-05,5.253712315359232e-05,7.004949753812311e-05,2.1693215242858536e-06,3.2539822864287804e-06,4.338643048571707e-06,0.3200016877688754,0.6400033755377508,0.4800025316533131,0.0,1.9191669725856847e-05,9.595834862928424e-06,0.0,1.4923298304000003,0.7461649152000002,0.0054870251536,0.0109740503072,0.0082305377303999,0.0002581354952,0.0005162709904,0.0003872032427999,7.714506250000002e-05,0.000154290125,0.00011571759375,0.0529030713591244,0.1058061427182489,0.0793546070386867,0.0093698950911999,0.0187397901823999,0.0140548426367999
TDR_036,≥8,≥8,2,4,4,≤0.25,≤0.25,0.5,1,1,1.5624,1.5624,inf,0.0936,0.0936,inf,3.13,6.26,4.695,0.1562,0.3124,0.2343,12.0,24.0,18.0,0.0,0.1,0.05,0.0,0.05,0.025,0.025,0.05,0.0375,0.488,0.976,0.732,0.35,0.7,0.5249999999999999,TDR_36,SAMEA5282483,0.0418464497808,0.0418464497808,inf,0.0009012180528,0.0009012180528,inf,2.001604639,4.003209278,3.0024069585,0.0048971328846,0.0097942657692,0.0073456993269,11.96928,23.938560000000003,17.953920000000004,0.0,0.0234244,0.0117122,0.0,0.0035926,0.0017963,0.00138875,0.0027775,0.002083125,0.1606757567999999,0.3213515135999999,0.2410136352,0.0809872,0.1619744,0.1214807999999999,0.0011207919606099,0.0011207919606099,inf,8.677286097143414e-06,8.677286097143414e-06,inf,1.2800067510755015,2.560013502151003,1.9200101266132523,0.0001535333578068,0.0003070667156137,0.0002303000367102,11.938638643200004,23.877277286400005,17.907957964800005,0.0,0.0054870251536,0.0027435125768,0.0,0.0002581354952,0.0001290677476,7.714506250000002e-05,0.000154290125,0.00011571759375,0.0529030713591244,0.1058061427182489,0.0793546070386867,0.0187397901823999,0.0374795803647999,0.0281096852735999
TDR_037,≥8,0.5,≥8,1,≥8,1,≥8,1,1,1,1.5624,1.5624,inf,0.002925,0.0043875,0.00585,25.04,inf,25.04,0.03905,0.0781,0.058575,48.0,inf,48.0,0.2,0.4,0.3,1.6,inf,1.6,0.05,0.1,0.075,0.488,0.976,0.732,0.35,0.7,0.5249999999999999,TDR_37,SAMEA5282484,0.0418464497808,0.0418464497808,inf,2.816306415e-05,4.2244596225e-05,5.63261283e-05,16.012837112,inf,16.012837112,0.00122428322115,0.0024485664423,0.001836424831725,47.877120000000005,inf,47.877120000000005,0.0468488,0.0936976,0.0702732,0.1149632,inf,0.1149632,0.0027775,0.005555,0.00416625,0.1606757567999999,0.3213515135999999,0.2410136352,0.0809872,0.1619744,0.1214807999999999,0.0011207919606099,0.0011207919606099,inf,2.711651905357317e-07,4.067477858035977e-07,5.423303810714634e-07,10.240054008604012,inf,10.240054008604012,3.8383339451713695e-05,7.676667890342739e-05,5.757500917757054e-05,47.75455457280001,inf,47.75455457280001,0.0109740503072,0.0219481006144,0.0164610754607999,0.0082603358464,inf,0.0082603358464,0.000154290125,0.00030858025,0.0002314351875,0.0529030713591244,0.1058061427182489,0.0793546070386867,0.0187397901823999,0.0374795803647999,0.0281096852735999
TDR_042,≥8,1,≥8,1,4,2,4,≤0.25,0.5,2,1.5624,1.5624,inf,0.00585,0.008775,0.0117,25.04,inf,25.04,0.03905,0.0781,0.058575,12.0,24.0,18.0,0.4,0.8,0.6000000000000001,0.4,0.8,0.6000000000000001,0.0,0.025,0.0125,0.244,0.488,0.366,0.7,1.4,1.0499999999999998,TDR_42,SAMEA5282490,0.0418464497808,0.0418464497808,inf,5.63261283e-05,8.448919245e-05,0.0001126522566,16.012837112,inf,16.012837112,0.00122428322115,0.0024485664423,0.001836424831725,11.96928,23.938560000000003,17.953920000000004,0.0936976,0.1873952,0.1405464,0.0287408,0.0574816,0.0431112,0.0,0.00138875,0.000694375,0.0803378783999999,0.1606757567999999,0.1205068176,0.1619744,0.3239488,0.2429615999999999,0.0011207919606099,0.0011207919606099,inf,5.423303810714634e-07,8.134955716071951e-07,1.0846607621429268e-06,10.240054008604012,inf,10.240054008604012,3.8383339451713695e-05,7.676667890342739e-05,5.757500917757054e-05,11.938638643200004,23.877277286400005,17.907957964800005,0.0219481006144,0.0438962012288,0.0329221509216,0.0020650839616,0.0041301679232,0.0030976259424,0.0,7.714506250000002e-05,3.857253125000001e-05,0.0264515356795622,0.0529030713591244,0.0396773035193433,0.0374795803647999,0.0749591607295999,0.0562193705471999
TDR_050,≥8,≥8,≥8,1,2,1,2,1,0.5,1,1.5624,1.5624,inf,0.0936,0.0936,inf,25.04,inf,25.04,0.03905,0.0781,0.058575,6.0,12.0,9.0,0.2,0.4,0.3,0.2,0.4,0.3,0.05,0.1,0.075,0.244,0.488,0.366,0.35,0.7,0.5249999999999999,TDR_50,SAMEA5282499,0.0418464497808,0.0418464497808,inf,0.0009012180528,0.0009012180528,inf,16.012837112,inf,16.012837112,0.00122428322115,0.0024485664423,0.001836424831725,5.984640000000001,11.96928,8.976960000000002,0.0468488,0.0936976,0.0702732,0.0143704,0.0287408,0.0215555999999999,0.0027775,0.005555,0.00416625,0.0803378783999999,0.1606757567999999,0.1205068176,0.0809872,0.1619744,0.1214807999999999,0.0011207919606099,0.0011207919606099,inf,8.677286097143414e-06,8.677286097143414e-06,inf,10.240054008604012,inf,10.240054008604012,3.8383339451713695e-05,7.676667890342739e-05,5.757500917757054e-05,5.969319321600001,11.938638643200004,8.953978982400002,0.0109740503072,0.0219481006144,0.0164610754607999,0.0010325419808,0.0020650839616,0.0015488129711999,0.000154290125,0.00030858025,0.0002314351875,0.0264515356795622,0.0529030713591244,0.0396773035193433,0.0187397901823999,0.0374795803647999,0.0281096852735999
TDR_051,≥8,≥8,≥8,0.5,2,1,2,0.5,0.5,1,1.5624,1.5624,inf,0.0936,0.0936,inf,25.04,inf,25.04,0.019525,0.03905,0.0292875,6.0,12.0,9.0,0.2,0.4,0.3,0.2,0.4,0.3,0.025,0.05,0.0375,0.244,0.488,0.366,0.35,0.7,0.5249999999999999,TDR_51,SAMEA5282500,0.0418464497808,0.0418464497808,inf,0.0009012180528,0.0009012180528,inf,16.012837112,inf,16.012837112,0.000612141610575,0.00122428322115,0.0009182124158625,5.984640000000001,11.96928,8.976960000000002,0.0468488,0.0936976,0.0702732,0.0143704,0.0287408,0.0215555999999999,0.00138875,0.0027775,0.002083125,0.0803378783999999,0.1606757567999999,0.1205068176,0.0809872,0.1619744,0.1214807999999999,0.0011207919606099,0.0011207919606099,inf,8.677286097143414e-06,8.677286097143414e-06,inf,10.240054008604012,inf,10.240054008604012,1.9191669725856847e-05,3.8383339451713695e-05,2.878750458878527e-05,5.969319321600001,11.938638643200004,8.953978982400002,0.0109740503072,0.0219481006144,0.0164610754607999,0.0010325419808,0.0020650839616,0.0015488129711999,7.714506250000002e-05,0.000154290125,0.00011571759375,0.0264515356795622,0.0529030713591244,0.0396773035193433,0.0187397901823999,0.0374795803647999,0.0281096852735999
TDR_052,1,0.5,1,1,2,1,1,0.5,1,1,0.09765,0.146475,0.1953,0.002925,0.0043875,0.00585,1.565,3.13,2.3475,0.03905,0.0781,0.058575,6.0,12.0,9.0,0.2,0.4,0.3,0.1,0.2,0.15,0.025,0.05,0.0375,0.488,0.976,0.732,0.35,0.7,0.5249999999999999,TDR_52,SAMEA5282501,0.0026154031113,0.00392310466695,0.0052308062226,2.816306415e-05,4.2244596225e-05,5.63261283e-05,1.0008023195,2.001604639,1.50120347925,0.00122428322115,0.0024485664423,0.001836424831725,5.984640000000001,11.96928,8.976960000000002,0.0468488,0.0936976,0.0702732,0.0071852,0.0143704,0.0107777999999999,0.00138875,0.0027775,0.002083125,0.1606757567999999,0.3213515135999999,0.2410136352,0.0809872,0.1619744,0.1214807999999999,7.004949753812311e-05,0.0001050742463071,0.0001400989950762,2.711651905357317e-07,4.067477858035977e-07,5.423303810714634e-07,0.6400033755377508,1.2800067510755015,0.9600050633066262,3.8383339451713695e-05,7.676667890342739e-05,5.757500917757054e-05,5.969319321600001,11.938638643200004,8.953978982400002,0.0109740503072,0.0219481006144,0.0164610754607999,0.0005162709904,0.0010325419808,0.0007744064855999,7.714506250000002e-05,0.000154290125,0.00011571759375,0.0529030713591244,0.1058061427182489,0.0793546070386867,0.0187397901823999,0.0374795803647999,0.0281096852735999
TDR_054,1,0.5,1,≤0.25,0.5,≤0.25,2,0.5,0.5,1,0.09765,0.146475,0.1953,0.002925,0.0043875,0.00585,1.565,3.13,2.3475,0.0,0.019525,0.0097625,1.5,3.0,2.25,0.0,0.1,0.05,0.2,0.4,0.3,0.025,0.05,0.0375,0.244,0.488,0.366,0.35,0.7,0.5249999999999999,TDR_54,SAMEA5282503,0.0026154031113,0.00392310466695,0.0052308062226,2.816306415e-05,4.2244596225e-05,5.63261283e-05,1.0008023195,2.001604639,1.50120347925,0.0,0.000612141610575,0.0003060708052875,1.4961600000000002,2.9923200000000003,2.2442400000000005,0.0,0.0234244,0.0117122,0.0143704,0.0287408,0.0215555999999999,0.00138875,0.0027775,0.002083125,0.0803378783999999,0.1606757567999999,0.1205068176,0.0809872,0.1619744,0.1214807999999999,7.004949753812311e-05,0.0001050742463071,0.0001400989950762,2.711651905357317e-07,4.067477858035977e-07,5.423303810714634e-07,0.6400033755377508,1.2800067510755015,0.9600050633066262,0.0,1.9191669725856847e-05,9.595834862928424e-06,1.4923298304000003,2.9846596608000007,2.2384947456000006,0.0,0.0054870251536,0.0027435125768,0.0010325419808,0.0020650839616,0.0015488129711999,7.714506250000002e-05,0.000154290125,0.00011571759375,0.0264515356795622,0.0529030713591244,0.0396773035193433,0.0187397901823999,0.0374795803647999,0.0281096852735999
TDR_058,≥8,≥8,≥8,0.5,4,1,1,0.5,0.5,1,1.5624,1.5624,inf,0.0936,0.0936,inf,25.04,inf,25.04,0.019525,0.03905,0.0292875,12.0,24.0,18.0,0.2,0.4,0.3,0.1,0.2,0.15,0.025,0.05,0.0375,0.244,0.488,0.366,0.35,0.7,0.5249999999999999,TDR_58,SAMEA5282507,0.0418464497808,0.0418464497808,inf,0.0009012180528,0.0009012180528,inf,16.012837112,inf,16.012837112,0.000612141610575,0.00122428322115,0.0009182124158625,11.96928,23.938560000000003,17.953920000000004,0.0468488,0.0936976,0.0702732,0.0071852,0.0143704,0.0107777999999999,0.00138875,0.0027775,0.002083125,0.0803378783999999,0.1606757567999999,0.1205068176,0.0809872,0.1619744,0.1214807999999999,0.0011207919606099,0.0011207919606099,inf,8.677286097143414e-06,8.677286097143414e-06,inf,10.240054008604012,inf,10.240054008604012,1.9191669725856847e-05,3.8383339451713695e-05,2.878750458878527e-05,11.938638643200004,23.877277286400005,17.907957964800005,0.0109740503072,0.0219481006144,0.0164610754607999,0.0005162709904,0.0010325419808,0.0007744064855999,7.714506250000002e-05,0.000154290125,0.00011571759375,0.0264515356795622,0.0529030713591244,0.0396773035193433,0.0187397901823999,0.0374795803647999,0.0281096852735999
TDR_064,0.5,0.5,0.5,0.5,2,1,1,4,1,1,0.048825,0.0732375,0.09765,0.002925,0.0043875,0.00585,0.7825,1.565,1.17375,0.019525,0.03905,0.0292875,6.0,12.0,9.0,0.2,0.4,0.3,0.1,0.2,0.15,0.2,0.4,0.3,0.488,0.976,0.732,0.35,0.7,0.5249999999999999,TDR_64,SAMEA5282514,0.00130770155565,0.001961552333475,0.0026154031113,2.816306415e-05,4.2244596225e-05,5.63261283e-05,0.50040115975,1.0008023195,0.750601739625,0.000612141610575,0.00122428322115,0.0009182124158625,5.984640000000001,11.96928,8.976960000000002,0.0468488,0.0936976,0.0702732,0.0071852,0.0143704,0.0107777999999999,0.01111,0.02222,0.016665,0.1606757567999999,0.3213515135999999,0.2410136352,0.0809872,0.1619744,0.1214807999999999,3.5024748769061554e-05,5.253712315359232e-05,7.004949753812311e-05,2.711651905357317e-07,4.067477858035977e-07,5.423303810714634e-07,0.3200016877688754,0.6400033755377508,0.4800025316533131,1.9191669725856847e-05,3.8383339451713695e-05,2.878750458878527e-05,5.969319321600001,11.938638643200004,8.953978982400002,0.0109740503072,0.0219481006144,0.0164610754607999,0.0005162709904,0.0010325419808,0.0007744064855999,0.0006171605,0.001234321,0.00092574075,0.0529030713591244,0.1058061427182489,0.0793546070386867,0.0187397901823999,0.0374795803647999,0.0281096852735999
TDR_065,≥8,1,≥8,≤0.25,≥8,,4,0.5,0.5,1,1.5624,1.5624,inf,0.00585,0.008775,0.0117,25.04,inf,25.04,0.0,0.019525,0.0097625,48.0,inf,48.0,,,,0.4,0.8,0.6000000000000001,0.025,0.05,0.0375,0.244,0.488,0.366,0.35,0.7,0.5249999999999999,TDR_65,SAMEA5282515,0.0418464497808,0.0418464497808,inf,5.63261283e-05,8.448919245e-05,0.0001126522566,16.012837112,inf,16.012837112,0.0,0.000612141610575,0.0003060708052875,47.877120000000005,inf,47.877120000000005,,,,0.0287408,0.0574816,0.0431112,0.00138875,0.0027775,0.002083125,0.0803378783999999,0.1606757567999999,0.1205068176,0.0809872,0.1619744,0.1214807999999999,0.0011207919606099,0.0011207919606099,inf,5.423303810714634e-07,8.134955716071951e-07,1.0846607621429268e-06,10.240054008604012,inf,10.240054008604012,0.0,1.9191669725856847e-05,9.595834862928424e-06,47.75455457280001,inf,47.75455457280001,,,,0.0020650839616,0.0041301679232,0.0030976259424,7.714506250000002e-05,0.000154290125,0.00011571759375,0.0264515356795622,0.0529030713591244,0.0396773035193433,0.0187397901823999,0.0374795803647999,0.0281096852735999
TDR_067,≥8,4,4,1,4,1,4,0.5,0.5,0.5,1.5624,1.5624,inf,0.0234,0.0351,0.0468,6.26,12.52,9.39,0.03905,0.0781,0.058575,12.0,24.0,18.0,0.2,0.4,0.3,0.4,0.8,0.6000000000000001,0.025,0.05,0.0375,0.244,0.488,0.366,0.175,0.35,0.2624999999999999,TDR_67,SAMEA5282517,0.0418464497808,0.0418464497808,inf,0.0002253045132,0.0003379567698,0.0004506090264,4.003209278,8.006418556,6.004813917,0.00122428322115,0.0024485664423,0.001836424831725,11.96928,23.938560000000003,17.953920000000004,0.0468488,0.0936976,0.0702732,0.0287408,0.0574816,0.0431112,0.00138875,0.0027775,0.002083125,0.0803378783999999,0.1606757567999999,0.1205068176,0.0404936,0.0809872,0.0607403999999999,0.0011207919606099,0.0011207919606099,inf,2.1693215242858536e-06,3.2539822864287804e-06,4.338643048571707e-06,2.560013502151003,5.120027004302006,3.8400202532265046,3.8383339451713695e-05,7.676667890342739e-05,5.757500917757054e-05,11.938638643200004,23.877277286400005,17.907957964800005,0.0109740503072,0.0219481006144,0.0164610754607999,0.0020650839616,0.0041301679232,0.0030976259424,7.714506250000002e-05,0.000154290125,0.00011571759375,0.0264515356795622,0.0529030713591244,0.0396773035193433,0.0093698950911999,0.0187397901823999,0.0140548426367999
TDR_069,≥8,≥8,≥8,0.5,2,2,4,1,1,1,1.5624,1.5624,inf,0.0936,0.0936,inf,25.04,inf,25.04,0.019525,0.03905,0.0292875,6.0,12.0,9.0,0.4,0.8,0.6000000000000001,0.4,0.8,0.6000000000000001,0.05,0.1,0.075,0.488,0.976,0.732,0.35,0.7,0.5249999999999999,TDR_69,SAMEA5282519,0.0418464497808,0.0418464497808,inf,0.0009012180528,0.0009012180528,inf,16.012837112,inf,16.012837112,0.000612141610575,0.00122428322115,0.0009182124158625,5.984640000000001,11.96928,8.976960000000002,0.0936976,0.1873952,0.1405464,0.0287408,0.0574816,0.0431112,0.0027775,0.005555,0.00416625,0.1606757567999999,0.3213515135999999,0.2410136352,0.0809872,0.1619744,0.1214807999999999,0.0011207919606099,0.0011207919606099,inf,8.677286097143414e-06,8.677286097143414e-06,inf,10.240054008604012,inf,10.240054008604012,1.9191669725856847e-05,3.8383339451713695e-05,2.878750458878527e-05,5.969319321600001,11.938638643200004,8.953978982400002,0.0219481006144,0.0438962012288,0.0329221509216,0.0020650839616,0.0041301679232,0.0030976259424,0.000154290125,0.00030858025,0.0002314351875,0.0529030713591244,0.1058061427182489,0.0793546070386867,0.0187397901823999,0.0374795803647999,0.0281096852735999
TDR_071,≥8,≥8,≥8,0.5,2,0.5,2,1,0.5,1,1.5624,1.5624,inf,0.0936,0.0936,inf,25.04,inf,25.04,0.019525,0.03905,0.0292875,6.0,12.0,9.0,0.1,0.2,0.15,0.2,0.4,0.3,0.05,0.1,0.075,0.244,0.488,0.366,0.35,0.7,0.5249999999999999,TDR_71,SAMEA5282522,0.0418464497808,0.0418464497808,inf,0.0009012180528,0.0009012180528,inf,16.012837112,inf,16.012837112,0.000612141610575,0.00122428322115,0.0009182124158625,5.984640000000001,11.96928,8.976960000000002,0.0234244,0.0468488,0.0351366,0.0143704,0.0287408,0.0215555999999999,0.0027775,0.005555,0.00416625,0.0803378783999999,0.1606757567999999,0.1205068176,0.0809872,0.1619744,0.1214807999999999,0.0011207919606099,0.0011207919606099,inf,8.677286097143414e-06,8.677286097143414e-06,inf,10.240054008604012,inf,10.240054008604012,1.9191669725856847e-05,3.8383339451713695e-05,2.878750458878527e-05,5.969319321600001,11.938638643200004,8.953978982400002,0.0054870251536,0.0109740503072,0.0082305377303999,0.0010325419808,0.0020650839616,0.0015488129711999,0.000154290125,0.00030858025,0.0002314351875,0.0264515356795622,0.0529030713591244,0.0396773035193433,0.0187397901823999,0.0374795803647999,0.0281096852735999
TDR_072,≥8,≥8,≥8,0.5,≥8,2,2,≤0.25,0.5,1,1.5624,1.5624,inf,0.0936,0.0936,inf,25.04,inf,25.04,0.019525,0.03905,0.0292875,48.0,inf,48.0,0.4,0.8,0.6000000000000001,0.2,0.4,0.3,0.0,0.025,0.0125,0.244,0.488,0.366,0.35,0.7,0.5249999999999999,TDR_72,SAMEA5282523,0.0418464497808,0.0418464497808,inf,0.0009012180528,0.0009012180528,inf,16.012837112,inf,16.012837112,0.000612141610575,0.00122428322115,0.0009182124158625,47.877120000000005,inf,47.877120000000005,0.0936976,0.1873952,0.1405464,0.0143704,0.0287408,0.0215555999999999,0.0,0.00138875,0.000694375,0.0803378783999999,0.1606757567999999,0.1205068176,0.0809872,0.1619744,0.1214807999999999,0.0011207919606099,0.0011207919606099,inf,8.677286097143414e-06,8.677286097143414e-06,inf,10.240054008604012,inf,10.240054008604012,1.9191669725856847e-05,3.8383339451713695e-05,2.878750458878527e-05,47.75455457280001,inf,47.75455457280001,0.0219481006144,0.0438962012288,0.0329221509216,0.0010325419808,0.0020650839616,0.0015488129711999,0.0,7.714506250000002e-05,3.857253125000001e-05,0.0264515356795622,0.0529030713591244,0.0396773035193433,0.0187397901823999,0.0374795803647999,0.0281096852735999
TDR_073,4,≥8,4,0.5,2,≤0.25,0.5,0.5,1,1,0.1953,0.48825,0.7812,0.0936,0.0936,inf,6.26,12.52,9.39,0.019525,0.03905,0.0292875,6.0,12.0,9.0,0.0,0.1,0.05,0.05,0.1,0.075,0.025,0.05,0.0375,0.488,0.976,0.732,0.35,0.7,0.5249999999999999,TDR_73,SAMEA5282524,0.0052308062226,0.0130770155565,0.0209232248904,0.0009012180528,0.0009012180528,inf,4.003209278,8.006418556,6.004813917,0.000612141610575,0.00122428322115,0.0009182124158625,5.984640000000001,11.96928,8.976960000000002,0.0,0.0234244,0.0117122,0.0035926,0.0071852,0.0053888999999999,0.00138875,0.0027775,0.002083125,0.1606757567999999,0.3213515135999999,0.2410136352,0.0809872,0.1619744,0.1214807999999999,0.0001400989950762,0.0003502474876906,0.0005603959803049,8.677286097143414e-06,8.677286097143414e-06,inf,2.560013502151003,5.120027004302006,3.8400202532265046,1.9191669725856847e-05,3.8383339451713695e-05,2.878750458878527e-05,5.969319321600001,11.938638643200004,8.953978982400002,0.0,0.0054870251536,0.0027435125768,0.0002581354952,0.0005162709904,0.0003872032427999,7.714506250000002e-05,0.000154290125,0.00011571759375,0.0529030713591244,0.1058061427182489,0.0793546070386867,0.0187397901823999,0.0374795803647999,0.0281096852735999
TDR_074,≥8,≥8,2,0.5,≥8,1,0.5,0.5,1,1,1.5624,1.5624,inf,0.0936,0.0936,inf,3.13,6.26,4.695,0.019525,0.03905,0.0292875,48.0,inf,48.0,0.2,0.4,0.3,0.05,0.1,0.075,0.025,0.05,0.0375,0.488,0.976,0.732,0.35,0.7,0.5249999999999999,TDR_74,SAMEA5282525,0.0418464497808,0.0418464497808,inf,0.0009012180528,0.0009012180528,inf,2.001604639,4.003209278,3.0024069585,0.000612141610575,0.00122428322115,0.0009182124158625,47.877120000000005,inf,47.877120000000005,0.0468488,0.0936976,0.0702732,0.0035926,0.0071852,0.0053888999999999,0.00138875,0.0027775,0.002083125,0.1606757567999999,0.3213515135999999,0.2410136352,0.0809872,0.1619744,0.1214807999999999,0.0011207919606099,0.0011207919606099,inf,8.677286097143414e-06,8.677286097143414e-06,inf,1.2800067510755015,2.560013502151003,1.9200101266132523,1.9191669725856847e-05,3.8383339451713695e-05,2.878750458878527e-05,47.75455457280001,inf,47.75455457280001,0.0109740503072,0.0219481006144,0.0164610754607999,0.0002581354952,0.0005162709904,0.0003872032427999,7.714506250000002e-05,0.000154290125,0.00011571759375,0.0529030713591244,0.1058061427182489,0.0793546070386867,0.0187397901823999,0.0374795803647999,0.0281096852735999
TDR_077,0.5,≤0.25,1,≤0.25,0.5,1,1,4,0.5,0.5,0.048825,0.0732375,0.09765,0.0,0.0014625,0.002925,1.565,3.13,2.3475,0.0,0.019525,0.0097625,1.5,3.0,2.25,0.2,0.4,0.3,0.1,0.2,0.15,0.2,0.4,0.3,0.244,0.488,0.366,0.175,0.35,0.2624999999999999,TDR_77,SAMEA5282528,0.00130770155565,0.001961552333475,0.0026154031113,0.0,1.4081532075e-05,2.816306415e-05,1.0008023195,2.001604639,1.50120347925,0.0,0.000612141610575,0.0003060708052875,1.4961600000000002,2.9923200000000003,2.2442400000000005,0.0468488,0.0936976,0.0702732,0.0071852,0.0143704,0.0107777999999999,0.01111,0.02222,0.016665,0.0803378783999999,0.1606757567999999,0.1205068176,0.0404936,0.0809872,0.0607403999999999,3.5024748769061554e-05,5.253712315359232e-05,7.004949753812311e-05,0.0,1.3558259526786585e-07,2.711651905357317e-07,0.6400033755377508,1.2800067510755015,0.9600050633066262,0.0,1.9191669725856847e-05,9.595834862928424e-06,1.4923298304000003,2.9846596608000007,2.2384947456000006,0.0109740503072,0.0219481006144,0.0164610754607999,0.0005162709904,0.0010325419808,0.0007744064855999,0.0006171605,0.001234321,0.00092574075,0.0264515356795622,0.0529030713591244,0.0396773035193433,0.0093698950911999,0.0187397901823999,0.0140548426367999
TDR_081,0.5,0.5,1,0.5,1,1,1,0.5,0.5,1,0.048825,0.0732375,0.09765,0.002925,0.0043875,0.00585,1.565,3.13,2.3475,0.019525,0.03905,0.0292875,3.0,6.0,4.5,0.2,0.4,0.3,0.1,0.2,0.15,0.025,0.05,0.0375,0.244,0.488,0.366,0.35,0.7,0.5249999999999999,TDR_81,SAMEA5282533,0.00130770155565,0.001961552333475,0.0026154031113,2.816306415e-05,4.2244596225e-05,5.63261283e-05,1.0008023195,2.001604639,1.50120347925,0.000612141610575,0.00122428322115,0.0009182124158625,2.9923200000000003,5.984640000000001,4.488480000000001,0.0468488,0.0936976,0.0702732,0.0071852,0.0143704,0.0107777999999999,0.00138875,0.0027775,0.002083125,0.0803378783999999,0.1606757567999999,0.1205068176,0.0809872,0.1619744,0.1214807999999999,3.5024748769061554e-05,5.253712315359232e-05,7.004949753812311e-05,2.711651905357317e-07,4.067477858035977e-07,5.423303810714634e-07,0.6400033755377508,1.2800067510755015,0.9600050633066262,1.9191669725856847e-05,3.8383339451713695e-05,2.878750458878527e-05,2.9846596608000007,5.969319321600001,4.476989491200001,0.0109740503072,0.0219481006144,0.0164610754607999,0.0005162709904,0.0010325419808,0.0007744064855999,7.714506250000002e-05,0.000154290125,0.00011571759375,0.0264515356795622,0.0529030713591244,0.0396773035193433,0.0187397901823999,0.0374795803647999,0.0281096852735999
TDR_085,≥8,≤0.25,4,≤0.25,≤0.25,0.5,1,1,0.5,0.5,1.5624,1.5624,inf,0.0,0.0014625,0.002925,6.26,12.52,9.39,0.0,0.019525,0.0097625,0.0,1.5,0.75,0.1,0.2,0.15,0.1,0.2,0.15,0.05,0.1,0.075,0.244,0.488,0.366,0.175,0.35,0.2624999999999999,TDR_85,SAMEA5282537,0.0418464497808,0.0418464497808,inf,0.0,1.4081532075e-05,2.816306415e-05,4.003209278,8.006418556,6.004813917,0.0,0.000612141610575,0.0003060708052875,0.0,1.4961600000000002,0.7480800000000001,0.0234244,0.0468488,0.0351366,0.0071852,0.0143704,0.0107777999999999,0.0027775,0.005555,0.00416625,0.0803378783999999,0.1606757567999999,0.1205068176,0.0404936,0.0809872,0.0607403999999999,0.0011207919606099,0.0011207919606099,inf,0.0,1.3558259526786585e-07,2.711651905357317e-07,2.560013502151003,5.120027004302006,3.8400202532265046,0.0,1.9191669725856847e-05,9.595834862928424e-06,0.0,1.4923298304000003,0.7461649152000002,0.0054870251536,0.0109740503072,0.0082305377303999,0.0005162709904,0.0010325419808,0.0007744064855999,0.000154290125,0.00030858025,0.0002314351875,0.0264515356795622,0.0529030713591244,0.0396773035193433,0.0093698950911999,0.0187397901823999,0.0140548426367999
TDR_086,≥8,≥8,1,≤0.25,4,1,4,1,0.5,1,1.5624,1.5624,inf,0.0936,0.0936,inf,1.565,3.13,2.3475,0.0,0.019525,0.0097625,12.0,24.0,18.0,0.2,0.4,0.3,0.4,0.8,0.6000000000000001,0.05,0.1,0.075,0.244,0.488,0.366,0.35,0.7,0.5249999999999999,TDR_86,SAMEA5282538,0.0418464497808,0.0418464497808,inf,0.0009012180528,0.0009012180528,inf,1.0008023195,2.001604639,1.50120347925,0.0,0.000612141610575,0.0003060708052875,11.96928,23.938560000000003,17.953920000000004,0.0468488,0.0936976,0.0702732,0.0287408,0.0574816,0.0431112,0.0027775,0.005555,0.00416625,0.0803378783999999,0.1606757567999999,0.1205068176,0.0809872,0.1619744,0.1214807999999999,0.0011207919606099,0.0011207919606099,inf,8.677286097143414e-06,8.677286097143414e-06,inf,0.6400033755377508,1.2800067510755015,0.9600050633066262,0.0,1.9191669725856847e-05,9.595834862928424e-06,11.938638643200004,23.877277286400005,17.907957964800005,0.0109740503072,0.0219481006144,0.0164610754607999,0.0020650839616,0.0041301679232,0.0030976259424,0.000154290125,0.00030858025,0.0002314351875,0.0264515356795622,0.0529030713591244,0.0396773035193433,0.0187397901823999,0.0374795803647999,0.0281096852735999
TDR_087,≥8,≥8,≥8,0.5,2,0.5,2,≤0.25,1,1,1.5624,1.5624,inf,0.0936,0.0936,inf,25.04,inf,25.04,0.019525,0.03905,0.0292875,6.0,12.0,9.0,0.1,0.2,0.15,0.2,0.4,0.3,0.0,0.025,0.0125,0.488,0.976,0.732,0.35,0.7,0.5249999999999999,TDR_87,SAMEA5282539,0.0418464497808,0.0418464497808,inf,0.0009012180528,0.0009012180528,inf,16.012837112,inf,16.012837112,0.000612141610575,0.00122428322115,0.0009182124158625,5.984640000000001,11.96928,8.976960000000002,0.0234244,0.0468488,0.0351366,0.0143704,0.0287408,0.0215555999999999,0.0,0.00138875,0.000694375,0.1606757567999999,0.3213515135999999,0.2410136352,0.0809872,0.1619744,0.1214807999999999,0.0011207919606099,0.0011207919606099,inf,8.677286097143414e-06,8.677286097143414e-06,inf,10.240054008604012,inf,10.240054008604012,1.9191669725856847e-05,3.8383339451713695e-05,2.878750458878527e-05,5.969319321600001,11.938638643200004,8.953978982400002,0.0054870251536,0.0109740503072,0.0082305377303999,0.0010325419808,0.0020650839616,0.0015488129711999,0.0,7.714506250000002e-05,3.857253125000001e-05,0.0529030713591244,0.1058061427182489,0.0793546070386867,0.0187397901823999,0.0374795803647999,0.0281096852735999
TDR_089,≥8,4,4,0.5,2,1,≤0.25,1,0.5,0.5,1.5624,1.5624,inf,0.0234,0.0351,0.0468,6.26,12.52,9.39,0.019525,0.03905,0.0292875,6.0,12.0,9.0,0.2,0.4,0.3,0.0,0.05,0.025,0.05,0.1,0.075,0.244,0.488,0.366,0.175,0.35,0.2624999999999999,TDR_89,SAMEA5282541,0.0418464497808,0.0418464497808,inf,0.0002253045132,0.0003379567698,0.0004506090264,4.003209278,8.006418556,6.004813917,0.000612141610575,0.00122428322115,0.0009182124158625,5.984640000000001,11.96928,8.976960000000002,0.0468488,0.0936976,0.0702732,0.0,0.0035926,0.0017963,0.0027775,0.005555,0.00416625,0.0803378783999999,0.1606757567999999,0.1205068176,0.0404936,0.0809872,0.0607403999999999,0.0011207919606099,0.0011207919606099,inf,2.1693215242858536e-06,3.2539822864287804e-06,4.338643048571707e-06,2.560013502151003,5.120027004302006,3.8400202532265046,1.9191669725856847e-05,3.8383339451713695e-05,2.878750458878527e-05,5.969319321600001,11.938638643200004,8.953978982400002,0.0109740503072,0.0219481006144,0.0164610754607999,0.0,0.0002581354952,0.0001290677476,0.000154290125,0.00030858025,0.0002314351875,0.0264515356795622,0.0529030713591244,0.0396773035193433,0.0093698950911999,0.0187397901823999,0.0140548426367999
TDR_091,≥8,≥8,4,0.5,2,4,2,1,0.5,2,1.5624,1.5624,inf,0.0936,0.0936,inf,6.26,12.52,9.39,0.019525,0.03905,0.0292875,6.0,12.0,9.0,0.8,1.6,1.2000000000000002,0.2,0.4,0.3,0.05,0.1,0.075,0.244,0.488,0.366,0.7,1.4,1.0499999999999998,TDR_91,SAMEA5282544,0.0418464497808,0.0418464497808,inf,0.0009012180528,0.0009012180528,inf,4.003209278,8.006418556,6.004813917,0.000612141610575,0.00122428322115,0.0009182124158625,5.984640000000001,11.96928,8.976960000000002,0.1873952,0.3747904,0.2810928,0.0143704,0.0287408,0.0215555999999999,0.0027775,0.005555,0.00416625,0.0803378783999999,0.1606757567999999,0.1205068176,0.1619744,0.3239488,0.2429615999999999,0.0011207919606099,0.0011207919606099,inf,8.677286097143414e-06,8.677286097143414e-06,inf,2.560013502151003,5.120027004302006,3.8400202532265046,1.9191669725856847e-05,3.8383339451713695e-05,2.878750458878527e-05,5.969319321600001,11.938638643200004,8.953978982400002,0.0438962012288,0.0877924024576,0.0658443018432,0.0010325419808,0.0020650839616,0.0015488129711999,0.000154290125,0.00030858025,0.0002314351875,0.0264515356795622,0.0529030713591244,0.0396773035193433,0.0374795803647999,0.0749591607295999,0.0562193705471999
TDR_092,1,1,2,≤0.25,2,,0.5,1,1,1,0.09765,0.146475,0.1953,0.00585,0.008775,0.0117,3.13,6.26,4.695,0.0,0.019525,0.0097625,6.0,12.0,9.0,,,,0.05,0.1,0.075,0.05,0.1,0.075,0.488,0.976,0.732,0.35,0.7,0.5249999999999999,TDR_92,SAMEA5282545,0.0026154031113,0.00392310466695,0.0052308062226,5.63261283e-05,8.448919245e-05,0.0001126522566,2.001604639,4.003209278,3.0024069585,0.0,0.000612141610575,0.0003060708052875,5.984640000000001,11.96928,8.976960000000002,,,,0.0035926,0.0071852,0.0053888999999999,0.0027775,0.005555,0.00416625,0.1606757567999999,0.3213515135999999,0.2410136352,0.0809872,0.1619744,0.1214807999999999,7.004949753812311e-05,0.0001050742463071,0.0001400989950762,5.423303810714634e-07,8.134955716071951e-07,1.0846607621429268e-06,1.2800067510755015,2.560013502151003,1.9200101266132523,0.0,1.9191669725856847e-05,9.595834862928424e-06,5.969319321600001,11.938638643200004,8.953978982400002,,,,0.0002581354952,0.0005162709904,0.0003872032427999,0.000154290125,0.00030858025,0.0002314351875,0.0529030713591244,0.1058061427182489,0.0793546070386867,0.0187397901823999,0.0374795803647999,0.0281096852735999
TDR_093,≥8,0.5,4,≤0.25,4,2,0.5,0.5,1,0.5,1.5624,1.5624,inf,0.002925,0.0043875,0.00585,6.26,12.52,9.39,0.0,0.019525,0.0097625,12.0,24.0,18.0,0.4,0.8,0.6000000000000001,0.05,0.1,0.075,0.025,0.05,0.0375,0.488,0.976,0.732,0.175,0.35,0.2624999999999999,TDR_93,SAMEA5282546,0.0418464497808,0.0418464497808,inf,2.816306415e-05,4.2244596225e-05,5.63261283e-05,4.003209278,8.006418556,6.004813917,0.0,0.000612141610575,0.0003060708052875,11.96928,23.938560000000003,17.953920000000004,0.0936976,0.1873952,0.1405464,0.0035926,0.0071852,0.0053888999999999,0.00138875,0.0027775,0.002083125,0.1606757567999999,0.3213515135999999,0.2410136352,0.0404936,0.0809872,0.0607403999999999,0.0011207919606099,0.0011207919606099,inf,2.711651905357317e-07,4.067477858035977e-07,5.423303810714634e-07,2.560013502151003,5.120027004302006,3.8400202532265046,0.0,1.9191669725856847e-05,9.595834862928424e-06,11.938638643200004,23.877277286400005,17.907957964800005,0.0219481006144,0.0438962012288,0.0329221509216,0.0002581354952,0.0005162709904,0.0003872032427999,7.714506250000002e-05,0.000154290125,0.00011571759375,0.0529030713591244,0.1058061427182489,0.0793546070386867,0.0093698950911999,0.0187397901823999,0.0140548426367999
TDR_099,≥8,≥8,2,0.5,≥8,2,1,0.5,1,≤0.25,1.5624,1.5624,inf,0.0936,0.0936,inf,3.13,6.26,4.695,0.019525,0.03905,0.0292875,48.0,inf,48.0,0.4,0.8,0.6000000000000001,0.1,0.2,0.15,0.025,0.05,0.0375,0.488,0.976,0.732,0.0,0.175,0.0875,TDR_99,SAMEA5282552,0.0418464497808,0.0418464497808,inf,0.0009012180528,0.0009012180528,inf,2.001604639,4.003209278,3.0024069585,0.000612141610575,0.00122428322115,0.0009182124158625,47.877120000000005,inf,47.877120000000005,0.0936976,0.1873952,0.1405464,0.0071852,0.0143704,0.0107777999999999,0.00138875,0.0027775,0.002083125,0.1606757567999999,0.3213515135999999,0.2410136352,0.0,0.0404936,0.0202468,0.0011207919606099,0.0011207919606099,inf,8.677286097143414e-06,8.677286097143414e-06,inf,1.2800067510755015,2.560013502151003,1.9200101266132523,1.9191669725856847e-05,3.8383339451713695e-05,2.878750458878527e-05,47.75455457280001,inf,47.75455457280001,0.0219481006144,0.0438962012288,0.0329221509216,0.0005162709904,0.0010325419808,0.0007744064855999,7.714506250000002e-05,0.000154290125,0.00011571759375,0.0529030713591244,0.1058061427182489,0.0793546070386867,0.0,0.0093698950911999,0.0046849475455999
TDR_100,≥8,≥8,4,≤0.25,≥8,2,1,0.5,1,1,1.5624,1.5624,inf,0.0936,0.0936,inf,6.26,12.52,9.39,0.0,0.019525,0.0097625,48.0,inf,48.0,0.4,0.8,0.6000000000000001,0.1,0.2,0.15,0.025,0.05,0.0375,0.488,0.976,0.732,0.35,0.7,0.5249999999999999,TDR_100,SAMEA5282324,0.0418464497808,0.0418464497808,inf,0.0009012180528,0.0009012180528,inf,4.003209278,8.006418556,6.004813917,0.0,0.000612141610575,0.0003060708052875,47.877120000000005,inf,47.877120000000005,0.0936976,0.1873952,0.1405464,0.0071852,0.0143704,0.0107777999999999,0.00138875,0.0027775,0.002083125,0.1606757567999999,0.3213515135999999,0.2410136352,0.0809872,0.1619744,0.1214807999999999,0.0011207919606099,0.0011207919606099,inf,8.677286097143414e-06,8.677286097143414e-06,inf,2.560013502151003,5.120027004302006,3.8400202532265046,0.0,1.9191669725856847e-05,9.595834862928424e-06,47.75455457280001,inf,47.75455457280001,0.0219481006144,0.0438962012288,0.0329221509216,0.0005162709904,0.0010325419808,0.0007744064855999,7.714506250000002e-05,0.000154290125,0.00011571759375,0.0529030713591244,0.1058061427182489,0.0793546070386867,0.0187397901823999,0.0374795803647999,0.0281096852735999
TDR_101,≥8,≥8,4,0.5,4,0.5,1,0.5,1,1,1.5624,1.5624,inf,0.0936,0.0936,inf,6.26,12.52,9.39,0.019525,0.03905,0.0292875,12.0,24.0,18.0,0.1,0.2,0.15,0.1,0.2,0.15,0.025,0.05,0.0375,0.488,0.976,0.732,0.35,0.7,0.5249999999999999,TDR_101,SAMEA5282325,0.0418464497808,0.0418464497808,inf,0.0009012180528,0.0009012180528,inf,4.003209278,8.006418556,6.004813917,0.000612141610575,0.00122428322115,0.0009182124158625,11.96928,23.938560000000003,17.953920000000004,0.0234244,0.0468488,0.0351366,0.0071852,0.0143704,0.0107777999999999,0.00138875,0.0027775,0.002083125,0.1606757567999999,0.3213515135999999,0.2410136352,0.0809872,0.1619744,0.1214807999999999,0.0011207919606099,0.0011207919606099,inf,8.677286097143414e-06,8.677286097143414e-06,inf,2.560013502151003,5.120027004302006,3.8400202532265046,1.9191669725856847e-05,3.8383339451713695e-05,2.878750458878527e-05,11.938638643200004,23.877277286400005,17.907957964800005,0.0054870251536,0.0109740503072,0.0082305377303999,0.0005162709904,0.0010325419808,0.0007744064855999,7.714506250000002e-05,0.000154290125,0.00011571759375,0.0529030713591244,0.1058061427182489,0.0793546070386867,0.0187397901823999,0.0374795803647999,0.0281096852735999
TDR_104,≥8,1,4,0.5,1,1,1,0.5,1,0.5,1.5624,1.5624,inf,0.00585,0.008775,0.0117,6.26,12.52,9.39,0.019525,0.03905,0.0292875,3.0,6.0,4.5,0.2,0.4,0.3,0.1,0.2,0.15,0.025,0.05,0.0375,0.488,0.976,0.732,0.175,0.35,0.2624999999999999,TDR_104,SAMEA5282328,0.0418464497808,0.0418464497808,inf,5.63261283e-05,8.448919245e-05,0.0001126522566,4.003209278,8.006418556,6.004813917,0.000612141610575,0.00122428322115,0.0009182124158625,2.9923200000000003,5.984640000000001,4.488480000000001,0.0468488,0.0936976,0.0702732,0.0071852,0.0143704,0.0107777999999999,0.00138875,0.0027775,0.002083125,0.1606757567999999,0.3213515135999999,0.2410136352,0.0404936,0.0809872,0.0607403999999999,0.0011207919606099,0.0011207919606099,inf,5.423303810714634e-07,8.134955716071951e-07,1.0846607621429268e-06,2.560013502151003,5.120027004302006,3.8400202532265046,1.9191669725856847e-05,3.8383339451713695e-05,2.878750458878527e-05,2.9846596608000007,5.969319321600001,4.476989491200001,0.0109740503072,0.0219481006144,0.0164610754607999,0.0005162709904,0.0010325419808,0.0007744064855999,7.714506250000002e-05,0.000154290125,0.00011571759375,0.0529030713591244,0.1058061427182489,0.0793546070386867,0.0093698950911999,0.0187397901823999,0.0140548426367999
TDR_105,≥8,0.5,4,0.5,1,0.5,0.5,1,1,1,1.5624,1.5624,inf,0.002925,0.0043875,0.00585,6.26,12.52,9.39,0.019525,0.03905,0.0292875,3.0,6.0,4.5,0.1,0.2,0.15,0.05,0.1,0.075,0.05,0.1,0.075,0.488,0.976,0.732,0.35,0.7,0.5249999999999999,TDR_105,SAMEA5282329,0.0418464497808,0.0418464497808,inf,2.816306415e-05,4.2244596225e-05,5.63261283e-05,4.003209278,8.006418556,6.004813917,0.000612141610575,0.00122428322115,0.0009182124158625,2.9923200000000003,5.984640000000001,4.488480000000001,0.0234244,0.0468488,0.0351366,0.0035926,0.0071852,0.0053888999999999,0.0027775,0.005555,0.00416625,0.1606757567999999,0.3213515135999999,0.2410136352,0.0809872,0.1619744,0.1214807999999999,0.0011207919606099,0.0011207919606099,inf,2.711651905357317e-07,4.067477858035977e-07,5.423303810714634e-07,2.560013502151003,5.120027004302006,3.8400202532265046,1.9191669725856847e-05,3.8383339451713695e-05,2.878750458878527e-05,2.9846596608000007,5.969319321600001,4.476989491200001,0.0054870251536,0.0109740503072,0.0082305377303999,0.0002581354952,0.0005162709904,0.0003872032427999,0.000154290125,0.00030858025,0.0002314351875,0.0529030713591244,0.1058061427182489,0.0793546070386867,0.0187397901823999,0.0374795803647999,0.0281096852735999
TDR_106,≥8,≥8,4,≤0.25,1,≤0.25,0.5,0.5,1,1,1.5624,1.5624,inf,0.0936,0.0936,inf,6.26,12.52,9.39,0.0,0.019525,0.0097625,3.0,6.0,4.5,0.0,0.1,0.05,0.05,0.1,0.075,0.025,0.05,0.0375,0.488,0.976,0.732,0.35,0.7,0.5249999999999999,TDR_106,SAMEA5282330,0.0418464497808,0.0418464497808,inf,0.0009012180528,0.0009012180528,inf,4.003209278,8.006418556,6.004813917,0.0,0.000612141610575,0.0003060708052875,2.9923200000000003,5.984640000000001,4.488480000000001,0.0,0.0234244,0.0117122,0.0035926,0.0071852,0.0053888999999999,0.00138875,0.0027775,0.002083125,0.1606757567999999,0.3213515135999999,0.2410136352,0.0809872,0.1619744,0.1214807999999999,0.0011207919606099,0.0011207919606099,inf,8.677286097143414e-06,8.677286097143414e-06,inf,2.560013502151003,5.120027004302006,3.8400202532265046,0.0,1.9191669725856847e-05,9.595834862928424e-06,2.9846596608000007,5.969319321600001,4.476989491200001,0.0,0.0054870251536,0.0027435125768,0.0002581354952,0.0005162709904,0.0003872032427999,7.714506250000002e-05,0.000154290125,0.00011571759375,0.0529030713591244,0.1058061427182489,0.0793546070386867,0.0187397901823999,0.0374795803647999,0.0281096852735999
TDR_109,≥8,1,2,0.5,2,0.5,0.5,0.5,1,1,1.5624,1.5624,inf,0.00585,0.008775,0.0117,3.13,6.26,4.695,0.019525,0.03905,0.0292875,6.0,12.0,9.0,0.1,0.2,0.15,0.05,0.1,0.075,0.025,0.05,0.0375,0.488,0.976,0.732,0.35,0.7,0.5249999999999999,TDR_109,SAMEA5282333,0.0418464497808,0.0418464497808,inf,5.63261283e-05,8.448919245e-05,0.0001126522566,2.001604639,4.003209278,3.0024069585,0.000612141610575,0.00122428322115,0.0009182124158625,5.984640000000001,11.96928,8.976960000000002,0.0234244,0.0468488,0.0351366,0.0035926,0.0071852,0.0053888999999999,0.00138875,0.0027775,0.002083125,0.1606757567999999,0.3213515135999999,0.2410136352,0.0809872,0.1619744,0.1214807999999999,0.0011207919606099,0.0011207919606099,inf,5.423303810714634e-07,8.134955716071951e-07,1.0846607621429268e-06,1.2800067510755015,2.560013502151003,1.9200101266132523,1.9191669725856847e-05,3.8383339451713695e-05,2.878750458878527e-05,5.969319321600001,11.938638643200004,8.953978982400002,0.0054870251536,0.0109740503072,0.0082305377303999,0.0002581354952,0.0005162709904,0.0003872032427999,7.714506250000002e-05,0.000154290125,0.00011571759375,0.0529030713591244,0.1058061427182489,0.0793546070386867,0.0187397901823999,0.0374795803647999,0.0281096852735999
TDR_111,≥8,≥8,≥8,0.5,1,0.5,4,1,0.5,1,1.5624,1.5624,inf,0.0936,0.0936,inf,25.04,inf,25.04,0.019525,0.03905,0.0292875,3.0,6.0,4.5,0.1,0.2,0.15,0.4,0.8,0.6000000000000001,0.05,0.1,0.075,0.244,0.488,0.366,0.35,0.7,0.5249999999999999,TDR_111,SAMEA5282336,0.0418464497808,0.0418464497808,inf,0.0009012180528,0.0009012180528,inf,16.012837112,inf,16.012837112,0.000612141610575,0.00122428322115,0.0009182124158625,2.9923200000000003,5.984640000000001,4.488480000000001,0.0234244,0.0468488,0.0351366,0.0287408,0.0574816,0.0431112,0.0027775,0.005555,0.00416625,0.0803378783999999,0.1606757567999999,0.1205068176,0.0809872,0.1619744,0.1214807999999999,0.0011207919606099,0.0011207919606099,inf,8.677286097143414e-06,8.677286097143414e-06,inf,10.240054008604012,inf,10.240054008604012,1.9191669725856847e-05,3.8383339451713695e-05,2.878750458878527e-05,2.9846596608000007,5.969319321600001,4.476989491200001,0.0054870251536,0.0109740503072,0.0082305377303999,0.0020650839616,0.0041301679232,0.0030976259424,0.000154290125,0.00030858025,0.0002314351875,0.0264515356795622,0.0529030713591244,0.0396773035193433,0.0187397901823999,0.0374795803647999,0.0281096852735999
TDR_114,≥8,≥8,≥8,1,≥8,2,4,1,0.5,2,1.5624,1.5624,inf,0.0936,0.0936,inf,25.04,inf,25.04,0.03905,0.0781,0.058575,48.0,inf,48.0,0.4,0.8,0.6000000000000001,0.4,0.8,0.6000000000000001,0.05,0.1,0.075,0.244,0.488,0.366,0.7,1.4,1.0499999999999998,TDR_114,SAMEA5282339,0.0418464497808,0.0418464497808,inf,0.0009012180528,0.0009012180528,inf,16.012837112,inf,16.012837112,0.00122428322115,0.0024485664423,0.001836424831725,47.877120000000005,inf,47.877120000000005,0.0936976,0.1873952,0.1405464,0.0287408,0.0574816,0.0431112,0.0027775,0.005555,0.00416625,0.0803378783999999,0.1606757567999999,0.1205068176,0.1619744,0.3239488,0.2429615999999999,0.0011207919606099,0.0011207919606099,inf,8.677286097143414e-06,8.677286097143414e-06,inf,10.240054008604012,inf,10.240054008604012,3.8383339451713695e-05,7.676667890342739e-05,5.757500917757054e-05,47.75455457280001,inf,47.75455457280001,0.0219481006144,0.0438962012288,0.0329221509216,0.0020650839616,0.0041301679232,0.0030976259424,0.000154290125,0.00030858025,0.0002314351875,0.0264515356795622,0.0529030713591244,0.0396773035193433,0.0374795803647999,0.0749591607295999,0.0562193705471999
TDR_116,≥8,4,≥8,0.5,4,2,0.5,2,0.5,2,1.5624,1.5624,inf,0.0234,0.0351,0.0468,25.04,inf,25.04,0.019525,0.03905,0.0292875,12.0,24.0,18.0,0.4,0.8,0.6000000000000001,0.05,0.1,0.075,0.1,0.2,0.15,0.244,0.488,0.366,0.7,1.4,1.0499999999999998,TDR_116,SAMEA5282341,0.0418464497808,0.0418464497808,inf,0.0002253045132,0.0003379567698,0.0004506090264,16.012837112,inf,16.012837112,0.000612141610575,0.00122428322115,0.0009182124158625,11.96928,23.938560000000003,17.953920000000004,0.0936976,0.1873952,0.1405464,0.0035926,0.0071852,0.0053888999999999,0.005555,0.01111,0.0083325,0.0803378783999999,0.1606757567999999,0.1205068176,0.1619744,0.3239488,0.2429615999999999,0.0011207919606099,0.0011207919606099,inf,2.1693215242858536e-06,3.2539822864287804e-06,4.338643048571707e-06,10.240054008604012,inf,10.240054008604012,1.9191669725856847e-05,3.8383339451713695e-05,2.878750458878527e-05,11.938638643200004,23.877277286400005,17.907957964800005,0.0219481006144,0.0438962012288,0.0329221509216,0.0002581354952,0.0005162709904,0.0003872032427999,0.00030858025,0.0006171605,0.000462870375,0.0264515356795622,0.0529030713591244,0.0396773035193433,0.0374795803647999,0.0749591607295999,0.0562193705471999
TDR_120,≥8,1,2,≤0.25,2,1,≤0.25,0.5,1,1,1.5624,1.5624,inf,0.00585,0.008775,0.0117,3.13,6.26,4.695,0.0,0.019525,0.0097625,6.0,12.0,9.0,0.2,0.4,0.3,0.0,0.05,0.025,0.025,0.05,0.0375,0.488,0.976,0.732,0.35,0.7,0.5249999999999999,TDR_120,SAMEA5282346,0.0418464497808,0.0418464497808,inf,5.63261283e-05,8.448919245e-05,0.0001126522566,2.001604639,4.003209278,3.0024069585,0.0,0.000612141610575,0.0003060708052875,5.984640000000001,11.96928,8.976960000000002,0.0468488,0.0936976,0.0702732,0.0,0.0035926,0.0017963,0.00138875,0.0027775,0.002083125,0.1606757567999999,0.3213515135999999,0.2410136352,0.0809872,0.1619744,0.1214807999999999,0.0011207919606099,0.0011207919606099,inf,5.423303810714634e-07,8.134955716071951e-07,1.0846607621429268e-06,1.2800067510755015,2.560013502151003,1.9200101266132523,0.0,1.9191669725856847e-05,9.595834862928424e-06,5.969319321600001,11.938638643200004,8.953978982400002,0.0109740503072,0.0219481006144,0.0164610754607999,0.0,0.0002581354952,0.0001290677476,7.714506250000002e-05,0.000154290125,0.00011571759375,0.0529030713591244,0.1058061427182489,0.0793546070386867,0.0187397901823999,0.0374795803647999,0.0281096852735999
TDR_123,≥8,1,2,≤0.25,1,≤0.25,≥8,≤0.25,0.5,0.5,1.5624,1.5624,inf,0.00585,0.008775,0.0117,3.13,6.26,4.695,0.0,0.019525,0.0097625,3.0,6.0,4.5,0.0,0.1,0.05,1.6,inf,1.6,0.0,0.025,0.0125,0.244,0.488,0.366,0.175,0.35,0.2624999999999999,TDR_123,SAMEA5282349,0.0418464497808,0.0418464497808,inf,5.63261283e-05,8.448919245e-05,0.0001126522566,2.001604639,4.003209278,3.0024069585,0.0,0.000612141610575,0.0003060708052875,2.9923200000000003,5.984640000000001,4.488480000000001,0.0,0.0234244,0.0117122,0.1149632,inf,0.1149632,0.0,0.00138875,0.000694375,0.0803378783999999,0.1606757567999999,0.1205068176,0.0404936,0.0809872,0.0607403999999999,0.0011207919606099,0.0011207919606099,inf,5.423303810714634e-07,8.134955716071951e-07,1.0846607621429268e-06,1.2800067510755015,2.560013502151003,1.9200101266132523,0.0,1.9191669725856847e-05,9.595834862928424e-06,2.9846596608000007,5.969319321600001,4.476989491200001,0.0,0.0054870251536,0.0027435125768,0.0082603358464,inf,0.0082603358464,0.0,7.714506250000002e-05,3.857253125000001e-05,0.0264515356795622,0.0529030713591244,0.0396773035193433,0.0093698950911999,0.0187397901823999,0.0140548426367999
TDR_126,1,0.5,4,1,4,1,0.5,1,1,1,0.09765,0.146475,0.1953,0.002925,0.0043875,0.00585,6.26,12.52,9.39,0.03905,0.0781,0.058575,12.0,24.0,18.0,0.2,0.4,0.3,0.05,0.1,0.075,0.05,0.1,0.075,0.488,0.976,0.732,0.35,0.7,0.5249999999999999,TDR_126,SAMEA5282352,0.0026154031113,0.00392310466695,0.0052308062226,2.816306415e-05,4.2244596225e-05,5.63261283e-05,4.003209278,8.006418556,6.004813917,0.00122428322115,0.0024485664423,0.001836424831725,11.96928,23.938560000000003,17.953920000000004,0.0468488,0.0936976,0.0702732,0.0035926,0.0071852,0.0053888999999999,0.0027775,0.005555,0.00416625,0.1606757567999999,0.3213515135999999,0.2410136352,0.0809872,0.1619744,0.1214807999999999,7.004949753812311e-05,0.0001050742463071,0.0001400989950762,2.711651905357317e-07,4.067477858035977e-07,5.423303810714634e-07,2.560013502151003,5.120027004302006,3.8400202532265046,3.8383339451713695e-05,7.676667890342739e-05,5.757500917757054e-05,11.938638643200004,23.877277286400005,17.907957964800005,0.0109740503072,0.0219481006144,0.0164610754607999,0.0002581354952,0.0005162709904,0.0003872032427999,0.000154290125,0.00030858025,0.0002314351875,0.0529030713591244,0.1058061427182489,0.0793546070386867,0.0187397901823999,0.0374795803647999,0.0281096852735999
TDR_128,1,0.5,4,1,4,0.5,1,1,0.5,1,0.09765,0.146475,0.1953,0.002925,0.0043875,0.00585,6.26,12.52,9.39,0.03905,0.0781,0.058575,12.0,24.0,18.0,0.1,0.2,0.15,0.1,0.2,0.15,0.05,0.1,0.075,0.244,0.488,0.366,0.35,0.7,0.5249999999999999,TDR_128,SAMEA5282354,0.0026154031113,0.00392310466695,0.0052308062226,2.816306415e-05,4.2244596225e-05,5.63261283e-05,4.003209278,8.006418556,6.004813917,0.00122428322115,0.0024485664423,0.001836424831725,11.96928,23.938560000000003,17.953920000000004,0.0234244,0.0468488,0.0351366,0.0071852,0.0143704,0.0107777999999999,0.0027775,0.005555,0.00416625,0.0803378783999999,0.1606757567999999,0.1205068176,0.0809872,0.1619744,0.1214807999999999,7.004949753812311e-05,0.0001050742463071,0.0001400989950762,2.711651905357317e-07,4.067477858035977e-07,5.423303810714634e-07,2.560013502151003,5.120027004302006,3.8400202532265046,3.8383339451713695e-05,7.676667890342739e-05,5.757500917757054e-05,11.938638643200004,23.877277286400005,17.907957964800005,0.0054870251536,0.0109740503072,0.0082305377303999,0.0005162709904,0.0010325419808,0.0007744064855999,0.000154290125,0.00030858025,0.0002314351875,0.0264515356795622,0.0529030713591244,0.0396773035193433,0.0187397901823999,0.0374795803647999,0.0281096852735999
TDR_132,≥8,1,4,0.5,2,0.5,1,1,1,1,1.5624,1.5624,inf,0.00585,0.008775,0.0117,6.26,12.52,9.39,0.019525,0.03905,0.0292875,6.0,12.0,9.0,0.1,0.2,0.15,0.1,0.2,0.15,0.05,0.1,0.075,0.488,0.976,0.732,0.35,0.7,0.5249999999999999,TDR_132,SAMEA5282359,0.0418464497808,0.0418464497808,inf,5.63261283e-05,8.448919245e-05,0.0001126522566,4.003209278,8.006418556,6.004813917,0.000612141610575,0.00122428322115,0.0009182124158625,5.984640000000001,11.96928,8.976960000000002,0.0234244,0.0468488,0.0351366,0.0071852,0.0143704,0.0107777999999999,0.0027775,0.005555,0.00416625,0.1606757567999999,0.3213515135999999,0.2410136352,0.0809872,0.1619744,0.1214807999999999,0.0011207919606099,0.0011207919606099,inf,5.423303810714634e-07,8.134955716071951e-07,1.0846607621429268e-06,2.560013502151003,5.120027004302006,3.8400202532265046,1.9191669725856847e-05,3.8383339451713695e-05,2.878750458878527e-05,5.969319321600001,11.938638643200004,8.953978982400002,0.0054870251536,0.0109740503072,0.0082305377303999,0.0005162709904,0.0010325419808,0.0007744064855999,0.000154290125,0.00030858025,0.0002314351875,0.0529030713591244,0.1058061427182489,0.0793546070386867,0.0187397901823999,0.0374795803647999,0.0281096852735999
TDR_133,≥8,4,≥8,4,≥8,2,≤0.25,0.5,0.5,0.5,1.5624,1.5624,inf,0.0234,0.0351,0.0468,25.04,inf,25.04,0.1562,0.3124,0.2343,48.0,inf,48.0,0.4,0.8,0.6000000000000001,0.0,0.05,0.025,0.025,0.05,0.0375,0.244,0.488,0.366,0.175,0.35,0.2624999999999999,TDR_133,SAMEA5282360,0.0418464497808,0.0418464497808,inf,0.0002253045132,0.0003379567698,0.0004506090264,16.012837112,inf,16.012837112,0.0048971328846,0.0097942657692,0.0073456993269,47.877120000000005,inf,47.877120000000005,0.0936976,0.1873952,0.1405464,0.0,0.0035926,0.0017963,0.00138875,0.0027775,0.002083125,0.0803378783999999,0.1606757567999999,0.1205068176,0.0404936,0.0809872,0.0607403999999999,0.0011207919606099,0.0011207919606099,inf,2.1693215242858536e-06,3.2539822864287804e-06,4.338643048571707e-06,10.240054008604012,inf,10.240054008604012,0.0001535333578068,0.0003070667156137,0.0002303000367102,47.75455457280001,inf,47.75455457280001,0.0219481006144,0.0438962012288,0.0329221509216,0.0,0.0002581354952,0.0001290677476,7.714506250000002e-05,0.000154290125,0.00011571759375,0.0264515356795622,0.0529030713591244,0.0396773035193433,0.0093698950911999,0.0187397901823999,0.0140548426367999
TDR_138,0.5,≤0.25,2,0.5,1,0.5,0.5,0.5,0.5,≤0.25,0.048825,0.0732375,0.09765,0.0,0.0014625,0.002925,3.13,6.26,4.695,0.019525,0.03905,0.0292875,3.0,6.0,4.5,0.1,0.2,0.15,0.05,0.1,0.075,0.025,0.05,0.0375,0.244,0.488,0.366,0.0,0.175,0.0875,TDR_138,SAMEA5282365,0.00130770155565,0.001961552333475,0.0026154031113,0.0,1.4081532075e-05,2.816306415e-05,2.001604639,4.003209278,3.0024069585,0.000612141610575,0.00122428322115,0.0009182124158625,2.9923200000000003,5.984640000000001,4.488480000000001,0.0234244,0.0468488,0.0351366,0.0035926,0.0071852,0.0053888999999999,0.00138875,0.0027775,0.002083125,0.0803378783999999,0.1606757567999999,0.1205068176,0.0,0.0404936,0.0202468,3.5024748769061554e-05,5.253712315359232e-05,7.004949753812311e-05,0.0,1.3558259526786585e-07,2.711651905357317e-07,1.2800067510755015,2.560013502151003,1.9200101266132523,1.9191669725856847e-05,3.8383339451713695e-05,2.878750458878527e-05,2.9846596608000007,5.969319321600001,4.476989491200001,0.0054870251536,0.0109740503072,0.0082305377303999,0.0002581354952,0.0005162709904,0.0003872032427999,7.714506250000002e-05,0.000154290125,0.00011571759375,0.0264515356795622,0.0529030713591244,0.0396773035193433,0.0,0.0093698950911999,0.0046849475455999
TDR_143,1,0.5,2,0.5,4,1,0.5,≤0.25,0.5,0.5,0.09765,0.146475,0.1953,0.002925,0.0043875,0.00585,3.13,6.26,4.695,0.019525,0.03905,0.0292875,12.0,24.0,18.0,0.2,0.4,0.3,0.05,0.1,0.075,0.0,0.025,0.0125,0.244,0.488,0.366,0.175,0.35,0.2624999999999999,TDR_143,SAMEA5282371,0.0026154031113,0.00392310466695,0.0052308062226,2.816306415e-05,4.2244596225e-05,5.63261283e-05,2.001604639,4.003209278,3.0024069585,0.000612141610575,0.00122428322115,0.0009182124158625,11.96928,23.938560000000003,17.953920000000004,0.0468488,0.0936976,0.0702732,0.0035926,0.0071852,0.0053888999999999,0.0,0.00138875,0.000694375,0.0803378783999999,0.1606757567999999,0.1205068176,0.0404936,0.0809872,0.0607403999999999,7.004949753812311e-05,0.0001050742463071,0.0001400989950762,2.711651905357317e-07,4.067477858035977e-07,5.423303810714634e-07,1.2800067510755015,2.560013502151003,1.9200101266132523,1.9191669725856847e-05,3.8383339451713695e-05,2.878750458878527e-05,11.938638643200004,23.877277286400005,17.907957964800005,0.0109740503072,0.0219481006144,0.0164610754607999,0.0002581354952,0.0005162709904,0.0003872032427999,0.0,7.714506250000002e-05,3.857253125000001e-05,0.0264515356795622,0.0529030713591244,0.0396773035193433,0.0093698950911999,0.0187397901823999,0.0140548426367999
TDR_144,≥8,0.5,4,0.5,≥8,2,2,0.5,1,1,1.5624,1.5624,inf,0.002925,0.0043875,0.00585,6.26,12.52,9.39,0.019525,0.03905,0.0292875,48.0,inf,48.0,0.4,0.8,0.6000000000000001,0.2,0.4,0.3,0.025,0.05,0.0375,0.488,0.976,0.732,0.35,0.7,0.5249999999999999,TDR_144,SAMEA5282372,0.0418464497808,0.0418464497808,inf,2.816306415e-05,4.2244596225e-05,5.63261283e-05,4.003209278,8.006418556,6.004813917,0.000612141610575,0.00122428322115,0.0009182124158625,47.877120000000005,inf,47.877120000000005,0.0936976,0.1873952,0.1405464,0.0143704,0.0287408,0.0215555999999999,0.00138875,0.0027775,0.002083125,0.1606757567999999,0.3213515135999999,0.2410136352,0.0809872,0.1619744,0.1214807999999999,0.0011207919606099,0.0011207919606099,inf,2.711651905357317e-07,4.067477858035977e-07,5.423303810714634e-07,2.560013502151003,5.120027004302006,3.8400202532265046,1.9191669725856847e-05,3.8383339451713695e-05,2.878750458878527e-05,47.75455457280001,inf,47.75455457280001,0.0219481006144,0.0438962012288,0.0329221509216,0.0010325419808,0.0020650839616,0.0015488129711999,7.714506250000002e-05,0.000154290125,0.00011571759375,0.0529030713591244,0.1058061427182489,0.0793546070386867,0.0187397901823999,0.0374795803647999,0.0281096852735999
TDR_146,1,0.5,0.5,1,≥8,0.5,4,1,1,1,0.09765,0.146475,0.1953,0.002925,0.0043875,0.00585,0.7825,1.565,1.17375,0.03905,0.0781,0.058575,48.0,inf,48.0,0.1,0.2,0.15,0.4,0.8,0.6000000000000001,0.05,0.1,0.075,0.488,0.976,0.732,0.35,0.7,0.5249999999999999,TDR_146,SAMEA5282374,0.0026154031113,0.00392310466695,0.0052308062226,2.816306415e-05,4.2244596225e-05,5.63261283e-05,0.50040115975,1.0008023195,0.750601739625,0.00122428322115,0.0024485664423,0.001836424831725,47.877120000000005,inf,47.877120000000005,0.0234244,0.0468488,0.0351366,0.0287408,0.0574816,0.0431112,0.0027775,0.005555,0.00416625,0.1606757567999999,0.3213515135999999,0.2410136352,0.0809872,0.1619744,0.1214807999999999,7.004949753812311e-05,0.0001050742463071,0.0001400989950762,2.711651905357317e-07,4.067477858035977e-07,5.423303810714634e-07,0.3200016877688754,0.6400033755377508,0.4800025316533131,3.8383339451713695e-05,7.676667890342739e-05,5.757500917757054e-05,47.75455457280001,inf,47.75455457280001,0.0054870251536,0.0109740503072,0.0082305377303999,0.0020650839616,0.0041301679232,0.0030976259424,0.000154290125,0.00030858025,0.0002314351875,0.0529030713591244,0.1058061427182489,0.0793546070386867,0.0187397901823999,0.0374795803647999,0.0281096852735999
TDR_148,1,1,1,1,1,,0.5,2,1,1,0.09765,0.146475,0.1953,0.00585,0.008775,0.0117,1.565,3.13,2.3475,0.03905,0.0781,0.058575,3.0,6.0,4.5,,,,0.05,0.1,0.075,0.1,0.2,0.15,0.488,0.976,0.732,0.35,0.7,0.5249999999999999,TDR_148,SAMEA5282376,0.0026154031113,0.00392310466695,0.0052308062226,5.63261283e-05,8.448919245e-05,0.0001126522566,1.0008023195,2.001604639,1.50120347925,0.00122428322115,0.0024485664423,0.001836424831725,2.9923200000000003,5.984640000000001,4.488480000000001,,,,0.0035926,0.0071852,0.0053888999999999,0.005555,0.01111,0.0083325,0.1606757567999999,0.3213515135999999,0.2410136352,0.0809872,0.1619744,0.1214807999999999,7.004949753812311e-05,0.0001050742463071,0.0001400989950762,5.423303810714634e-07,8.134955716071951e-07,1.0846607621429268e-06,0.6400033755377508,1.2800067510755015,0.9600050633066262,3.8383339451713695e-05,7.676667890342739e-05,5.757500917757054e-05,2.9846596608000007,5.969319321600001,4.476989491200001,,,,0.0002581354952,0.0005162709904,0.0003872032427999,0.00030858025,0.0006171605,0.000462870375,0.0529030713591244,0.1058061427182489,0.0793546070386867,0.0187397901823999,0.0374795803647999,0.0281096852735999
TDR_150,≥8,≥8,≥8,0.5,2,1,2,0.5,0.5,1,1.5624,1.5624,inf,0.0936,0.0936,inf,25.04,inf,25.04,0.019525,0.03905,0.0292875,6.0,12.0,9.0,0.2,0.4,0.3,0.2,0.4,0.3,0.025,0.05,0.0375,0.244,0.488,0.366,0.35,0.7,0.5249999999999999,TDR_150,SAMEA5282379,0.0418464497808,0.0418464497808,inf,0.0009012180528,0.0009012180528,inf,16.012837112,inf,16.012837112,0.000612141610575,0.00122428322115,0.0009182124158625,5.984640000000001,11.96928,8.976960000000002,0.0468488,0.0936976,0.0702732,0.0143704,0.0287408,0.0215555999999999,0.00138875,0.0027775,0.002083125,0.0803378783999999,0.1606757567999999,0.1205068176,0.0809872,0.1619744,0.1214807999999999,0.0011207919606099,0.0011207919606099,inf,8.677286097143414e-06,8.677286097143414e-06,inf,10.240054008604012,inf,10.240054008604012,1.9191669725856847e-05,3.8383339451713695e-05,2.878750458878527e-05,5.969319321600001,11.938638643200004,8.953978982400002,0.0109740503072,0.0219481006144,0.0164610754607999,0.0010325419808,0.0020650839616,0.0015488129711999,7.714506250000002e-05,0.000154290125,0.00011571759375,0.0264515356795622,0.0529030713591244,0.0396773035193433,0.0187397901823999,0.0374795803647999,0.0281096852735999
TDR_151,≥8,4,≥8,0.5,4,2,2,0.5,1,1,1.5624,1.5624,inf,0.0234,0.0351,0.0468,25.04,inf,25.04,0.019525,0.03905,0.0292875,12.0,24.0,18.0,0.4,0.8,0.6000000000000001,0.2,0.4,0.3,0.025,0.05,0.0375,0.488,0.976,0.732,0.35,0.7,0.5249999999999999,TDR_151,SAMEA5282380,0.0418464497808,0.0418464497808,inf,0.0002253045132,0.0003379567698,0.0004506090264,16.012837112,inf,16.012837112,0.000612141610575,0.00122428322115,0.0009182124158625,11.96928,23.938560000000003,17.953920000000004,0.0936976,0.1873952,0.1405464,0.0143704,0.0287408,0.0215555999999999,0.00138875,0.0027775,0.002083125,0.1606757567999999,0.3213515135999999,0.2410136352,0.0809872,0.1619744,0.1214807999999999,0.0011207919606099,0.0011207919606099,inf,2.1693215242858536e-06,3.2539822864287804e-06,4.338643048571707e-06,10.240054008604012,inf,10.240054008604012,1.9191669725856847e-05,3.8383339451713695e-05,2.878750458878527e-05,11.938638643200004,23.877277286400005,17.907957964800005,0.0219481006144,0.0438962012288,0.0329221509216,0.0010325419808,0.0020650839616,0.0015488129711999,7.714506250000002e-05,0.000154290125,0.00011571759375,0.0529030713591244,0.1058061427182489,0.0793546070386867,0.0187397901823999,0.0374795803647999,0.0281096852735999
TDR_152,≥8,≥8,≥8,1,1,1,0.5,1,1,1,1.5624,1.5624,inf,0.0936,0.0936,inf,25.04,inf,25.04,0.03905,0.0781,0.058575,3.0,6.0,4.5,0.2,0.4,0.3,0.05,0.1,0.075,0.05,0.1,0.075,0.488,0.976,0.732,0.35,0.7,0.5249999999999999,TDR_152,SAMEA5282381,0.0418464497808,0.0418464497808,inf,0.0009012180528,0.0009012180528,inf,16.012837112,inf,16.012837112,0.00122428322115,0.0024485664423,0.001836424831725,2.9923200000000003,5.984640000000001,4.488480000000001,0.0468488,0.0936976,0.0702732,0.0035926,0.0071852,0.0053888999999999,0.0027775,0.005555,0.00416625,0.1606757567999999,0.3213515135999999,0.2410136352,0.0809872,0.1619744,0.1214807999999999,0.0011207919606099,0.0011207919606099,inf,8.677286097143414e-06,8.677286097143414e-06,inf,10.240054008604012,inf,10.240054008604012,3.8383339451713695e-05,7.676667890342739e-05,5.757500917757054e-05,2.9846596608000007,5.969319321600001,4.476989491200001,0.0109740503072,0.0219481006144,0.0164610754607999,0.0002581354952,0.0005162709904,0.0003872032427999,0.000154290125,0.00030858025,0.0002314351875,0.0529030713591244,0.1058061427182489,0.0793546070386867,0.0187397901823999,0.0374795803647999,0.0281096852735999
TDR_153,≥8,≥8,≥8,4,≥8,1,≤0.25,0.5,1,0.5,1.5624,1.5624,inf,0.0936,0.0936,inf,25.04,inf,25.04,0.1562,0.3124,0.2343,48.0,inf,48.0,0.2,0.4,0.3,0.0,0.05,0.025,0.025,0.05,0.0375,0.488,0.976,0.732,0.175,0.35,0.2624999999999999,TDR_153,SAMEA5282382,0.0418464497808,0.0418464497808,inf,0.0009012180528,0.0009012180528,inf,16.012837112,inf,16.012837112,0.0048971328846,0.0097942657692,0.0073456993269,47.877120000000005,inf,47.877120000000005,0.0468488,0.0936976,0.0702732,0.0,0.0035926,0.0017963,0.00138875,0.0027775,0.002083125,0.1606757567999999,0.3213515135999999,0.2410136352,0.0404936,0.0809872,0.0607403999999999,0.0011207919606099,0.0011207919606099,inf,8.677286097143414e-06,8.677286097143414e-06,inf,10.240054008604012,inf,10.240054008604012,0.0001535333578068,0.0003070667156137,0.0002303000367102,47.75455457280001,inf,47.75455457280001,0.0109740503072,0.0219481006144,0.0164610754607999,0.0,0.0002581354952,0.0001290677476,7.714506250000002e-05,0.000154290125,0.00011571759375,0.0529030713591244,0.1058061427182489,0.0793546070386867,0.0093698950911999,0.0187397901823999,0.0140548426367999
TDR_155,≥8,≥8,4,0.5,≥8,≤0.25,1,≤0.25,0.5,0.5,1.5624,1.5624,inf,0.0936,0.0936,inf,6.26,12.52,9.39,0.019525,0.03905,0.0292875,48.0,inf,48.0,0.0,0.1,0.05,0.1,0.2,0.15,0.0,0.025,0.0125,0.244,0.488,0.366,0.175,0.35,0.2624999999999999,TDR_155,SAMEA5282384,0.0418464497808,0.0418464497808,inf,0.0009012180528,0.0009012180528,inf,4.003209278,8.006418556,6.004813917,0.000612141610575,0.00122428322115,0.0009182124158625,47.877120000000005,inf,47.877120000000005,0.0,0.0234244,0.0117122,0.0071852,0.0143704,0.0107777999999999,0.0,0.00138875,0.000694375,0.0803378783999999,0.1606757567999999,0.1205068176,0.0404936,0.0809872,0.0607403999999999,0.0011207919606099,0.0011207919606099,inf,8.677286097143414e-06,8.677286097143414e-06,inf,2.560013502151003,5.120027004302006,3.8400202532265046,1.9191669725856847e-05,3.8383339451713695e-05,2.878750458878527e-05,47.75455457280001,inf,47.75455457280001,0.0,0.0054870251536,0.0027435125768,0.0005162709904,0.0010325419808,0.0007744064855999,0.0,7.714506250000002e-05,3.857253125000001e-05,0.0264515356795622,0.0529030713591244,0.0396773035193433,0.0093698950911999,0.0187397901823999,0.0140548426367999
TDR_156,1,0.5,2,0.5,4,1,1,1,1,1,0.09765,0.146475,0.1953,0.002925,0.0043875,0.00585,3.13,6.26,4.695,0.019525,0.03905,0.0292875,12.0,24.0,18.0,0.2,0.4,0.3,0.1,0.2,0.15,0.05,0.1,0.075,0.488,0.976,0.732,0.35,0.7,0.5249999999999999,TDR_156,SAMEA5282385,0.0026154031113,0.00392310466695,0.0052308062226,2.816306415e-05,4.2244596225e-05,5.63261283e-05,2.001604639,4.003209278,3.0024069585,0.000612141610575,0.00122428322115,0.0009182124158625,11.96928,23.938560000000003,17.953920000000004,0.0468488,0.0936976,0.0702732,0.0071852,0.0143704,0.0107777999999999,0.0027775,0.005555,0.00416625,0.1606757567999999,0.3213515135999999,0.2410136352,0.0809872,0.1619744,0.1214807999999999,7.004949753812311e-05,0.0001050742463071,0.0001400989950762,2.711651905357317e-07,4.067477858035977e-07,5.423303810714634e-07,1.2800067510755015,2.560013502151003,1.9200101266132523,1.9191669725856847e-05,3.8383339451713695e-05,2.878750458878527e-05,11.938638643200004,23.877277286400005,17.907957964800005,0.0109740503072,0.0219481006144,0.0164610754607999,0.0005162709904,0.0010325419808,0.0007744064855999,0.000154290125,0.00030858025,0.0002314351875,0.0529030713591244,0.1058061427182489,0.0793546070386867,0.0187397901823999,0.0374795803647999,0.0281096852735999
TDR_162,≥8,≥8,≥8,0.5,4,1,1,≤0.25,0.5,1,1.5624,1.5624,inf,0.0936,0.0936,inf,25.04,inf,25.04,0.019525,0.03905,0.0292875,12.0,24.0,18.0,0.2,0.4,0.3,0.1,0.2,0.15,0.0,0.025,0.0125,0.244,0.488,0.366,0.35,0.7,0.5249999999999999,TDR_162,SAMEA5282392,0.0418464497808,0.0418464497808,inf,0.0009012180528,0.0009012180528,inf,16.012837112,inf,16.012837112,0.000612141610575,0.00122428322115,0.0009182124158625,11.96928,23.938560000000003,17.953920000000004,0.0468488,0.0936976,0.0702732,0.0071852,0.0143704,0.0107777999999999,0.0,0.00138875,0.000694375,0.0803378783999999,0.1606757567999999,0.1205068176,0.0809872,0.1619744,0.1214807999999999,0.0011207919606099,0.0011207919606099,inf,8.677286097143414e-06,8.677286097143414e-06,inf,10.240054008604012,inf,10.240054008604012,1.9191669725856847e-05,3.8383339451713695e-05,2.878750458878527e-05,11.938638643200004,23.877277286400005,17.907957964800005,0.0109740503072,0.0219481006144,0.0164610754607999,0.0005162709904,0.0010325419808,0.0007744064855999,0.0,7.714506250000002e-05,3.857253125000001e-05,0.0264515356795622,0.0529030713591244,0.0396773035193433,0.0187397901823999,0.0374795803647999,0.0281096852735999
TDR_163,1,0.5,1,0.5,2,,0.5,2,1,1,0.09765,0.146475,0.1953,0.002925,0.0043875,0.00585,1.565,3.13,2.3475,0.019525,0.03905,0.0292875,6.0,12.0,9.0,,,,0.05,0.1,0.075,0.1,0.2,0.15,0.488,0.976,0.732,0.35,0.7,0.5249999999999999,TDR_163,SAMEA5282393,0.0026154031113,0.00392310466695,0.0052308062226,2.816306415e-05,4.2244596225e-05,5.63261283e-05,1.0008023195,2.001604639,1.50120347925,0.000612141610575,0.00122428322115,0.0009182124158625,5.984640000000001,11.96928,8.976960000000002,,,,0.0035926,0.0071852,0.0053888999999999,0.005555,0.01111,0.0083325,0.1606757567999999,0.3213515135999999,0.2410136352,0.0809872,0.1619744,0.1214807999999999,7.004949753812311e-05,0.0001050742463071,0.0001400989950762,2.711651905357317e-07,4.067477858035977e-07,5.423303810714634e-07,0.6400033755377508,1.2800067510755015,0.9600050633066262,1.9191669725856847e-05,3.8383339451713695e-05,2.878750458878527e-05,5.969319321600001,11.938638643200004,8.953978982400002,,,,0.0002581354952,0.0005162709904,0.0003872032427999,0.00030858025,0.0006171605,0.000462870375,0.0529030713591244,0.1058061427182489,0.0793546070386867,0.0187397901823999,0.0374795803647999,0.0281096852735999
TDR_167,≥8,≥8,2,0.5,2,1,2,1,1,1,1.5624,1.5624,inf,0.0936,0.0936,inf,3.13,6.26,4.695,0.019525,0.03905,0.0292875,6.0,12.0,9.0,0.2,0.4,0.3,0.2,0.4,0.3,0.05,0.1,0.075,0.488,0.976,0.732,0.35,0.7,0.5249999999999999,TDR_167,SAMEA5282397,0.0418464497808,0.0418464497808,inf,0.0009012180528,0.0009012180528,inf,2.001604639,4.003209278,3.0024069585,0.000612141610575,0.00122428322115,0.0009182124158625,5.984640000000001,11.96928,8.976960000000002,0.0468488,0.0936976,0.0702732,0.0143704,0.0287408,0.0215555999999999,0.0027775,0.005555,0.00416625,0.1606757567999999,0.3213515135999999,0.2410136352,0.0809872,0.1619744,0.1214807999999999,0.0011207919606099,0.0011207919606099,inf,8.677286097143414e-06,8.677286097143414e-06,inf,1.2800067510755015,2.560013502151003,1.9200101266132523,1.9191669725856847e-05,3.8383339451713695e-05,2.878750458878527e-05,5.969319321600001,11.938638643200004,8.953978982400002,0.0109740503072,0.0219481006144,0.0164610754607999,0.0010325419808,0.0020650839616,0.0015488129711999,0.000154290125,0.00030858025,0.0002314351875,0.0529030713591244,0.1058061427182489,0.0793546070386867,0.0187397901823999,0.0374795803647999,0.0281096852735999
TDR_172,≥8,1,4,1,4,2,1,0.5,1,2,1.5624,1.5624,inf,0.00585,0.008775,0.0117,6.26,12.52,9.39,0.03905,0.0781,0.058575,12.0,24.0,18.0,0.4,0.8,0.6000000000000001,0.1,0.2,0.15,0.025,0.05,0.0375,0.488,0.976,0.732,0.7,1.4,1.0499999999999998,TDR_172,SAMEA5282403,0.0418464497808,0.0418464497808,inf,5.63261283e-05,8.448919245e-05,0.0001126522566,4.003209278,8.006418556,6.004813917,0.00122428322115,0.0024485664423,0.001836424831725,11.96928,23.938560000000003,17.953920000000004,0.0936976,0.1873952,0.1405464,0.0071852,0.0143704,0.0107777999999999,0.00138875,0.0027775,0.002083125,0.1606757567999999,0.3213515135999999,0.2410136352,0.1619744,0.3239488,0.2429615999999999,0.0011207919606099,0.0011207919606099,inf,5.423303810714634e-07,8.134955716071951e-07,1.0846607621429268e-06,2.560013502151003,5.120027004302006,3.8400202532265046,3.8383339451713695e-05,7.676667890342739e-05,5.757500917757054e-05,11.938638643200004,23.877277286400005,17.907957964800005,0.0219481006144,0.0438962012288,0.0329221509216,0.0005162709904,0.0010325419808,0.0007744064855999,7.714506250000002e-05,0.000154290125,0.00011571759375,0.0529030713591244,0.1058061427182489,0.0793546070386867,0.0374795803647999,0.0749591607295999,0.0562193705471999
TDR_173,0.5,2,1,2,2,1,≥8,2,1,2,0.048825,0.0732375,0.09765,0.0117,0.01755,0.0234,1.565,3.13,2.3475,0.0781,0.1562,0.11715,6.0,12.0,9.0,0.2,0.4,0.3,1.6,inf,1.6,0.1,0.2,0.15,0.488,0.976,0.732,0.7,1.4,1.0499999999999998,TDR_173,SAMEA5282404,0.00130770155565,0.001961552333475,0.0026154031113,0.0001126522566,0.0001689783849,0.0002253045132,1.0008023195,2.001604639,1.50120347925,0.0024485664423,0.0048971328846,0.00367284966345,5.984640000000001,11.96928,8.976960000000002,0.0468488,0.0936976,0.0702732,0.1149632,inf,0.1149632,0.005555,0.01111,0.0083325,0.1606757567999999,0.3213515135999999,0.2410136352,0.1619744,0.3239488,0.2429615999999999,3.5024748769061554e-05,5.253712315359232e-05,7.004949753812311e-05,1.0846607621429268e-06,1.6269911432143902e-06,2.1693215242858536e-06,0.6400033755377508,1.2800067510755015,0.9600050633066262,7.676667890342739e-05,0.0001535333578068,0.0001151500183551,5.969319321600001,11.938638643200004,8.953978982400002,0.0109740503072,0.0219481006144,0.0164610754607999,0.0082603358464,inf,0.0082603358464,0.00030858025,0.0006171605,0.000462870375,0.0529030713591244,0.1058061427182489,0.0793546070386867,0.0374795803647999,0.0749591607295999,0.0562193705471999
TDR_180,1,0.5,1,1,2,2,≤0.25,0.5,1,1,0.09765,0.146475,0.1953,0.002925,0.0043875,0.00585,1.565,3.13,2.3475,0.03905,0.0781,0.058575,6.0,12.0,9.0,0.4,0.8,0.6000000000000001,0.0,0.05,0.025,0.025,0.05,0.0375,0.488,0.976,0.732,0.35,0.7,0.5249999999999999,TDR_180,SAMEA5282412,0.0026154031113,0.00392310466695,0.0052308062226,2.816306415e-05,4.2244596225e-05,5.63261283e-05,1.0008023195,2.001604639,1.50120347925,0.00122428322115,0.0024485664423,0.001836424831725,5.984640000000001,11.96928,8.976960000000002,0.0936976,0.1873952,0.1405464,0.0,0.0035926,0.0017963,0.00138875,0.0027775,0.002083125,0.1606757567999999,0.3213515135999999,0.2410136352,0.0809872,0.1619744,0.1214807999999999,7.004949753812311e-05,0.0001050742463071,0.0001400989950762,2.711651905357317e-07,4.067477858035977e-07,5.423303810714634e-07,0.6400033755377508,1.2800067510755015,0.9600050633066262,3.8383339451713695e-05,7.676667890342739e-05,5.757500917757054e-05,5.969319321600001,11.938638643200004,8.953978982400002,0.0219481006144,0.0438962012288,0.0329221509216,0.0,0.0002581354952,0.0001290677476,7.714506250000002e-05,0.000154290125,0.00011571759375,0.0529030713591244,0.1058061427182489,0.0793546070386867,0.0187397901823999,0.0374795803647999,0.0281096852735999
TDR_188,4,2,1,0.5,≥8,1,1,1,1,1,0.1953,0.48825,0.7812,0.0117,0.01755,0.0234,1.565,3.13,2.3475,0.019525,0.03905,0.0292875,48.0,inf,48.0,0.2,0.4,0.3,0.1,0.2,0.15,0.05,0.1,0.075,0.488,0.976,0.732,0.35,0.7,0.5249999999999999,TDR_188,SAMEA5282420,0.0052308062226,0.0130770155565,0.0209232248904,0.0001126522566,0.0001689783849,0.0002253045132,1.0008023195,2.001604639,1.50120347925,0.000612141610575,0.00122428322115,0.0009182124158625,47.877120000000005,inf,47.877120000000005,0.0468488,0.0936976,0.0702732,0.0071852,0.0143704,0.0107777999999999,0.0027775,0.005555,0.00416625,0.1606757567999999,0.3213515135999999,0.2410136352,0.0809872,0.1619744,0.1214807999999999,0.0001400989950762,0.0003502474876906,0.0005603959803049,1.0846607621429268e-06,1.6269911432143902e-06,2.1693215242858536e-06,0.6400033755377508,1.2800067510755015,0.9600050633066262,1.9191669725856847e-05,3.8383339451713695e-05,2.878750458878527e-05,47.75455457280001,inf,47.75455457280001,0.0109740503072,0.0219481006144,0.0164610754607999,0.0005162709904,0.0010325419808,0.0007744064855999,0.000154290125,0.00030858025,0.0002314351875,0.0529030713591244,0.1058061427182489,0.0793546070386867,0.0187397901823999,0.0374795803647999,0.0281096852735999
TDR_191,≥8,≥8,1,≤0.25,1,0.5,≤0.25,≤0.25,1,0.5,1.5624,1.5624,inf,0.0936,0.0936,inf,1.565,3.13,2.3475,0.0,0.019525,0.0097625,3.0,6.0,4.5,0.1,0.2,0.15,0.0,0.05,0.025,0.0,0.025,0.0125,0.488,0.976,0.732,0.175,0.35,0.2624999999999999,TDR_191,SAMEA5282424,0.0418464497808,0.0418464497808,inf,0.0009012180528,0.0009012180528,inf,1.0008023195,2.001604639,1.50120347925,0.0,0.000612141610575,0.0003060708052875,2.9923200000000003,5.984640000000001,4.488480000000001,0.0234244,0.0468488,0.0351366,0.0,0.0035926,0.0017963,0.0,0.00138875,0.000694375,0.1606757567999999,0.3213515135999999,0.2410136352,0.0404936,0.0809872,0.0607403999999999,0.0011207919606099,0.0011207919606099,inf,8.677286097143414e-06,8.677286097143414e-06,inf,0.6400033755377508,1.2800067510755015,0.9600050633066262,0.0,1.9191669725856847e-05,9.595834862928424e-06,2.9846596608000007,5.969319321600001,4.476989491200001,0.0054870251536,0.0109740503072,0.0082305377303999,0.0,0.0002581354952,0.0001290677476,0.0,7.714506250000002e-05,3.857253125000001e-05,0.0529030713591244,0.1058061427182489,0.0793546070386867,0.0093698950911999,0.0187397901823999,0.0140548426367999
TDR_192,≥8,≥8,≥8,4,≥8,≥8,2,0.5,0.5,0.5,1.5624,1.5624,inf,0.0936,0.0936,inf,25.04,inf,25.04,0.1562,0.3124,0.2343,48.0,inf,48.0,3.2,inf,3.2,0.2,0.4,0.3,0.025,0.05,0.0375,0.244,0.488,0.366,0.175,0.35,0.2624999999999999,TDR_192,SAMEA5282425,0.0418464497808,0.0418464497808,inf,0.0009012180528,0.0009012180528,inf,16.012837112,inf,16.012837112,0.0048971328846,0.0097942657692,0.0073456993269,47.877120000000005,inf,47.877120000000005,0.7495808,inf,0.7495808,0.0143704,0.0287408,0.0215555999999999,0.00138875,0.0027775,0.002083125,0.0803378783999999,0.1606757567999999,0.1205068176,0.0404936,0.0809872,0.0607403999999999,0.0011207919606099,0.0011207919606099,inf,8.677286097143414e-06,8.677286097143414e-06,inf,10.240054008604012,inf,10.240054008604012,0.0001535333578068,0.0003070667156137,0.0002303000367102,47.75455457280001,inf,47.75455457280001,0.1755848049152,inf,0.1755848049152,0.0010325419808,0.0020650839616,0.0015488129711999,7.714506250000002e-05,0.000154290125,0.00011571759375,0.0264515356795622,0.0529030713591244,0.0396773035193433,0.0093698950911999,0.0187397901823999,0.0140548426367999
TDR_193,≥8,≥8,≥8,0.5,≥8,0.5,≤0.25,≤0.25,≤0.25,0.5,1.5624,1.5624,inf,0.0936,0.0936,inf,25.04,inf,25.04,0.019525,0.03905,0.0292875,48.0,inf,48.0,0.1,0.2,0.15,0.0,0.05,0.025,0.0,0.025,0.0125,0.0,0.244,0.122,0.175,0.35,0.2624999999999999,TDR_193,SAMEA5282426,0.0418464497808,0.0418464497808,inf,0.0009012180528,0.0009012180528,inf,16.012837112,inf,16.012837112,0.000612141610575,0.00122428322115,0.0009182124158625,47.877120000000005,inf,47.877120000000005,0.0234244,0.0468488,0.0351366,0.0,0.0035926,0.0017963,0.0,0.00138875,0.000694375,0.0,0.0803378783999999,0.0401689391999999,0.0404936,0.0809872,0.0607403999999999,0.0011207919606099,0.0011207919606099,inf,8.677286097143414e-06,8.677286097143414e-06,inf,10.240054008604012,inf,10.240054008604012,1.9191669725856847e-05,3.8383339451713695e-05,2.878750458878527e-05,47.75455457280001,inf,47.75455457280001,0.0054870251536,0.0109740503072,0.0082305377303999,0.0,0.0002581354952,0.0001290677476,0.0,7.714506250000002e-05,3.857253125000001e-05,0.0,0.0264515356795622,0.0132257678397811,0.0093698950911999,0.0187397901823999,0.0140548426367999
TDR_195,≥8,1,≥8,0.5,1,0.5,1,0.5,1,0.5,1.5624,1.5624,inf,0.00585,0.008775,0.0117,25.04,inf,25.04,0.019525,0.03905,0.0292875,3.0,6.0,4.5,0.1,0.2,0.15,0.1,0.2,0.15,0.025,0.05,0.0375,0.488,0.976,0.732,0.175,0.35,0.2624999999999999,TDR_195,SAMEA5282428,0.0418464497808,0.0418464497808,inf,5.63261283e-05,8.448919245e-05,0.0001126522566,16.012837112,inf,16.012837112,0.000612141610575,0.00122428322115,0.0009182124158625,2.9923200000000003,5.984640000000001,4.488480000000001,0.0234244,0.0468488,0.0351366,0.0071852,0.0143704,0.0107777999999999,0.00138875,0.0027775,0.002083125,0.1606757567999999,0.3213515135999999,0.2410136352,0.0404936,0.0809872,0.0607403999999999,0.0011207919606099,0.0011207919606099,inf,5.423303810714634e-07,8.134955716071951e-07,1.0846607621429268e-06,10.240054008604012,inf,10.240054008604012,1.9191669725856847e-05,3.8383339451713695e-05,2.878750458878527e-05,2.9846596608000007,5.969319321600001,4.476989491200001,0.0054870251536,0.0109740503072,0.0082305377303999,0.0005162709904,0.0010325419808,0.0007744064855999,7.714506250000002e-05,0.000154290125,0.00011571759375,0.0529030713591244,0.1058061427182489,0.0793546070386867,0.0093698950911999,0.0187397901823999,0.0140548426367999
TDR_196,≥8,≥8,≥8,4,≥8,≥8,2,2,0.5,1,1.5624,1.5624,inf,0.0936,0.0936,inf,25.04,inf,25.04,0.1562,0.3124,0.2343,48.0,inf,48.0,3.2,inf,3.2,0.2,0.4,0.3,0.1,0.2,0.15,0.244,0.488,0.366,0.35,0.7,0.5249999999999999,TDR_196,SAMEA5282429,0.0418464497808,0.0418464497808,inf,0.0009012180528,0.0009012180528,inf,16.012837112,inf,16.012837112,0.0048971328846,0.0097942657692,0.0073456993269,47.877120000000005,inf,47.877120000000005,0.7495808,inf,0.7495808,0.0143704,0.0287408,0.0215555999999999,0.005555,0.01111,0.0083325,0.0803378783999999,0.1606757567999999,0.1205068176,0.0809872,0.1619744,0.1214807999999999,0.0011207919606099,0.0011207919606099,inf,8.677286097143414e-06,8.677286097143414e-06,inf,10.240054008604012,inf,10.240054008604012,0.0001535333578068,0.0003070667156137,0.0002303000367102,47.75455457280001,inf,47.75455457280001,0.1755848049152,inf,0.1755848049152,0.0010325419808,0.0020650839616,0.0015488129711999,0.00030858025,0.0006171605,0.000462870375,0.0264515356795622,0.0529030713591244,0.0396773035193433,0.0187397901823999,0.0374795803647999,0.0281096852735999
TDR_198,≥8,≥8,≥8,0.5,1,1,0.5,≤0.25,0.5,1,1.5624,1.5624,inf,0.0936,0.0936,inf,25.04,inf,25.04,0.019525,0.03905,0.0292875,3.0,6.0,4.5,0.2,0.4,0.3,0.05,0.1,0.075,0.0,0.025,0.0125,0.244,0.488,0.366,0.35,0.7,0.5249999999999999,TDR_198,SAMEA5282431,0.0418464497808,0.0418464497808,inf,0.0009012180528,0.0009012180528,inf,16.012837112,inf,16.012837112,0.000612141610575,0.00122428322115,0.0009182124158625,2.9923200000000003,5.984640000000001,4.488480000000001,0.0468488,0.0936976,0.0702732,0.0035926,0.0071852,0.0053888999999999,0.0,0.00138875,0.000694375,0.0803378783999999,0.1606757567999999,0.1205068176,0.0809872,0.1619744,0.1214807999999999,0.0011207919606099,0.0011207919606099,inf,8.677286097143414e-06,8.677286097143414e-06,inf,10.240054008604012,inf,10.240054008604012,1.9191669725856847e-05,3.8383339451713695e-05,2.878750458878527e-05,2.9846596608000007,5.969319321600001,4.476989491200001,0.0109740503072,0.0219481006144,0.0164610754607999,0.0002581354952,0.0005162709904,0.0003872032427999,0.0,7.714506250000002e-05,3.857253125000001e-05,0.0264515356795622,0.0529030713591244,0.0396773035193433,0.0187397901823999,0.0374795803647999,0.0281096852735999
TDR_216,≥8,≥8,≥8,1,4,4,1,1,0.5,2,1.5624,1.5624,inf,0.0936,0.0936,inf,25.04,inf,25.04,0.03905,0.0781,0.058575,12.0,24.0,18.0,0.8,1.6,1.2000000000000002,0.1,0.2,0.15,0.05,0.1,0.075,0.244,0.488,0.366,0.7,1.4,1.0499999999999998,TDR_216,SAMEA5282452,0.0418464497808,0.0418464497808,inf,0.0009012180528,0.0009012180528,inf,16.012837112,inf,16.012837112,0.00122428322115,0.0024485664423,0.001836424831725,11.96928,23.938560000000003,17.953920000000004,0.1873952,0.3747904,0.2810928,0.0071852,0.0143704,0.0107777999999999,0.0027775,0.005555,0.00416625,0.0803378783999999,0.1606757567999999,0.1205068176,0.1619744,0.3239488,0.2429615999999999,0.0011207919606099,0.0011207919606099,inf,8.677286097143414e-06,8.677286097143414e-06,inf,10.240054008604012,inf,10.240054008604012,3.8383339451713695e-05,7.676667890342739e-05,5.757500917757054e-05,11.938638643200004,23.877277286400005,17.907957964800005,0.0438962012288,0.0877924024576,0.0658443018432,0.0005162709904,0.0010325419808,0.0007744064855999,0.000154290125,0.00030858025,0.0002314351875,0.0264515356795622,0.0529030713591244,0.0396773035193433,0.0374795803647999,0.0749591607295999,0.0562193705471999
THE210,1,≤0.25,0.5,0.5,4,0.5,1,0.5,0.5,0.5,0.09765,0.146475,0.1953,0.0,0.0014625,0.002925,0.7825,1.565,1.17375,0.019525,0.03905,0.0292875,12.0,24.0,18.0,0.1,0.2,0.15,0.1,0.2,0.15,0.025,0.05,0.0375,0.244,0.488,0.366,0.175,0.35,0.2624999999999999,,THE210,0.0026154031113,0.00392310466695,0.0052308062226,0.0,1.4081532075e-05,2.816306415e-05,0.50040115975,1.0008023195,0.750601739625,0.000612141610575,0.00122428322115,0.0009182124158625,11.96928,23.938560000000003,17.953920000000004,0.0234244,0.0468488,0.0351366,0.0071852,0.0143704,0.0107777999999999,0.00138875,0.0027775,0.002083125,0.0803378783999999,0.1606757567999999,0.1205068176,0.0404936,0.0809872,0.0607403999999999,7.004949753812311e-05,0.0001050742463071,0.0001400989950762,0.0,1.3558259526786585e-07,2.711651905357317e-07,0.3200016877688754,0.6400033755377508,0.4800025316533131,1.9191669725856847e-05,3.8383339451713695e-05,2.878750458878527e-05,11.938638643200004,23.877277286400005,17.907957964800005,0.0054870251536,0.0109740503072,0.0082305377303999,0.0005162709904,0.0010325419808,0.0007744064855999,7.714506250000002e-05,0.000154290125,0.00011571759375,0.0264515356795622,0.0529030713591244,0.0396773035193433,0.0093698950911999,0.0187397901823999,0.0140548426367999
CDC1551,1,≤0.25,1,0.5,4,1,0.5,0.5,1,0.5,0.09765,0.146475,0.1953,0.0,0.0014625,0.002925,1.565,3.13,2.3475,0.019525,0.03905,0.0292875,12.0,24.0,18.0,0.2,0.4,0.3,0.05,0.1,0.075,0.025,0.05,0.0375,0.488,0.976,0.732,0.175,0.35,0.2624999999999999,,SAMN02402661,0.0026154031113,0.00392310466695,0.0052308062226,0.0,1.4081532075e-05,2.816306415e-05,1.0008023195,2.001604639,1.50120347925,0.000612141610575,0.00122428322115,0.0009182124158625,11.96928,23.938560000000003,17.953920000000004,0.0468488,0.0936976,0.0702732,0.0035926,0.0071852,0.0053888999999999,0.00138875,0.0027775,0.002083125,0.1606757567999999,0.3213515135999999,0.2410136352,0.0404936,0.0809872,0.0607403999999999,7.004949753812311e-05,0.0001050742463071,0.0001400989950762,0.0,1.3558259526786585e-07,2.711651905357317e-07,0.6400033755377508,1.2800067510755015,0.9600050633066262,1.9191669725856847e-05,3.8383339451713695e-05,2.878750458878527e-05,11.938638643200004,23.877277286400005,17.907957964800005,0.0109740503072,0.0219481006144,0.0164610754607999,0.0002581354952,0.0005162709904,0.0003872032427999,7.714506250000002e-05,0.000154290125,0.00011571759375,0.0529030713591244,0.1058061427182489,0.0793546070386867,0.0093698950911999,0.0187397901823999,0.0140548426367999
Erdman,0.5,≤0.25,1,0.5,1,0.5,1,0.5,0.5,0.5,0.048825,0.0732375,0.09765,0.0,0.0014625,0.002925,1.565,3.13,2.3475,0.019525,0.03905,0.0292875,3.0,6.0,4.5,0.1,0.2,0.15,0.1,0.2,0.15,0.025,0.05,0.0375,0.244,0.488,0.366,0.175,0.35,0.2624999999999999,,SAMEA3558180,0.00130770155565,0.001961552333475,0.0026154031113,0.0,1.4081532075e-05,2.816306415e-05,1.0008023195,2.001604639,1.50120347925,0.000612141610575,0.00122428322115,0.0009182124158625,2.9923200000000003,5.984640000000001,4.488480000000001,0.0234244,0.0468488,0.0351366,0.0071852,0.0143704,0.0107777999999999,0.00138875,0.0027775,0.002083125,0.0803378783999999,0.1606757567999999,0.1205068176,0.0404936,0.0809872,0.0607403999999999,3.5024748769061554e-05,5.253712315359232e-05,7.004949753812311e-05,0.0,1.3558259526786585e-07,2.711651905357317e-07,0.6400033755377508,1.2800067510755015,0.9600050633066262,1.9191669725856847e-05,3.8383339451713695e-05,2.878750458878527e-05,2.9846596608000007,5.969319321600001,4.476989491200001,0.0054870251536,0.0109740503072,0.0082305377303999,0.0005162709904,0.0010325419808,0.0007744064855999,7.714506250000002e-05,0.000154290125,0.00011571759375,0.0264515356795622,0.0529030713591244,0.0396773035193433,0.0093698950911999,0.0187397901823999,0.0140548426367999
HN878,0.5,≤0.25,≤0.25,≤0.25,0.5,0.5,≤0.25,≤0.25,0.5,0.5,0.048825,0.0732375,0.09765,0.0,0.0014625,0.002925,0.0,0.7825,0.39125,0.0,0.019525,0.0097625,1.5,3.0,2.25,0.1,0.2,0.15,0.0,0.05,0.025,0.0,0.025,0.0125,0.244,0.488,0.366,0.175,0.35,0.2624999999999999,,HN878,0.00130770155565,0.001961552333475,0.0026154031113,0.0,1.4081532075e-05,2.816306415e-05,0.0,0.50040115975,0.250200579875,0.0,0.000612141610575,0.0003060708052875,1.4961600000000002,2.9923200000000003,2.2442400000000005,0.0234244,0.0468488,0.0351366,0.0,0.0035926,0.0017963,0.0,0.00138875,0.000694375,0.0803378783999999,0.1606757567999999,0.1205068176,0.0404936,0.0809872,0.0607403999999999,3.5024748769061554e-05,5.253712315359232e-05,7.004949753812311e-05,0.0,1.3558259526786585e-07,2.711651905357317e-07,0.0,0.3200016877688754,0.1600008438844377,0.0,1.9191669725856847e-05,9.595834862928424e-06,1.4923298304000003,2.9846596608000007,2.2384947456000006,0.0054870251536,0.0109740503072,0.0082305377303999,0.0,0.0002581354952,0.0001290677476,0.0,7.714506250000002e-05,3.857253125000001e-05,0.0264515356795622,0.0529030713591244,0.0396773035193433,0.0093698950911999,0.0187397901823999,0.0140548426367999
B13,1,0.5,1,≤0.25,1,1,1,1,1,1,0.09765,0.146475,0.1953,0.002925,0.0043875,0.00585,1.565,3.13,2.3475,0.0,0.019525,0.0097625,3.0,6.0,4.5,0.2,0.4,0.3,0.1,0.2,0.15,0.05,0.1,0.075,0.488,0.976,0.732,0.35,0.7,0.5249999999999999,,B13,0.0026154031113,0.00392310466695,0.0052308062226,2.816306415e-05,4.2244596225e-05,5.63261283e-05,1.0008023195,2.001604639,1.50120347925,0.0,0.000612141610575,0.0003060708052875,2.9923200000000003,5.984640000000001,4.488480000000001,0.0468488,0.0936976,0.0702732,0.0071852,0.0143704,0.0107777999999999,0.0027775,0.005555,0.00416625,0.1606757567999999,0.3213515135999999,0.2410136352,0.0809872,0.1619744,0.1214807999999999,7.004949753812311e-05,0.0001050742463071,0.0001400989950762,2.711651905357317e-07,4.067477858035977e-07,5.423303810714634e-07,0.6400033755377508,1.2800067510755015,0.9600050633066262,0.0,1.9191669725856847e-05,9.595834862928424e-06,2.9846596608000007,5.969319321600001,4.476989491200001,0.0109740503072,0.0219481006144,0.0164610754607999,0.0005162709904,0.0010325419808,0.0007744064855999,0.000154290125,0.00030858025,0.0002314351875,0.0529030713591244,0.1058061427182489,0.0793546070386867,0.0187397901823999,0.0374795803647999,0.0281096852735999
B18,1,0.5,0.5,≤0.25,1,1,0.5,0.5,1,1,0.09765,0.146475,0.1953,0.002925,0.0043875,0.00585,0.7825,1.565,1.17375,0.0,0.019525,0.0097625,3.0,6.0,4.5,0.2,0.4,0.3,0.05,0.1,0.075,0.025,0.05,0.0375,0.488,0.976,0.732,0.35,0.7,0.5249999999999999,,B18,0.0026154031113,0.00392310466695,0.0052308062226,2.816306415e-05,4.2244596225e-05,5.63261283e-05,0.50040115975,1.0008023195,0.750601739625,0.0,0.000612141610575,0.0003060708052875,2.9923200000000003,5.984640000000001,4.488480000000001,0.0468488,0.0936976,0.0702732,0.0035926,0.0071852,0.0053888999999999,0.00138875,0.0027775,0.002083125,0.1606757567999999,0.3213515135999999,0.2410136352,0.0809872,0.1619744,0.1214807999999999,7.004949753812311e-05,0.0001050742463071,0.0001400989950762,2.711651905357317e-07,4.067477858035977e-07,5.423303810714634e-07,0.3200016877688754,0.6400033755377508,0.4800025316533131,0.0,1.9191669725856847e-05,9.595834862928424e-06,2.9846596608000007,5.969319321600001,4.476989491200001,0.0109740503072,0.0219481006144,0.0164610754607999,0.0002581354952,0.0005162709904,0.0003872032427999,7.714506250000002e-05,0.000154290125,0.00011571759375,0.0529030713591244,0.1058061427182489,0.0793546070386867,0.0187397901823999,0.0374795803647999,0.0281096852735999
B44,1,4,1,0.5,≤0.25,2,2,1,4,2,0.09765,0.146475,0.1953,0.0234,0.0351,0.0468,1.565,3.13,2.3475,0.019525,0.03905,0.0292875,0.0,1.5,0.75,0.4,0.8,0.6000000000000001,0.2,0.4,0.3,0.05,0.1,0.075,0.976,3.904,2.44,0.7,1.4,1.0499999999999998,,B44,0.0026154031113,0.00392310466695,0.0052308062226,0.0002253045132,0.0003379567698,0.0004506090264,1.0008023195,2.001604639,1.50120347925,0.000612141610575,0.00122428322115,0.0009182124158625,0.0,1.4961600000000002,0.7480800000000001,0.0936976,0.1873952,0.1405464,0.0143704,0.0287408,0.0215555999999999,0.0027775,0.005555,0.00416625,0.3213515135999999,1.2854060544,0.803378784,0.1619744,0.3239488,0.2429615999999999,7.004949753812311e-05,0.0001050742463071,0.0001400989950762,2.1693215242858536e-06,3.2539822864287804e-06,4.338643048571707e-06,0.6400033755377508,1.2800067510755015,0.9600050633066262,1.9191669725856847e-05,3.8383339451713695e-05,2.878750458878527e-05,0.0,1.4923298304000003,0.7461649152000002,0.0219481006144,0.0438962012288,0.0329221509216,0.0010325419808,0.0020650839616,0.0015488129711999,0.000154290125,0.00030858025,0.0002314351875,0.1058061427182489,0.4232245708729957,0.2645153567956224,0.0374795803647999,0.0749591607295999,0.0562193705471999
B61,1,0.5,0.5,≤0.25,1,2,0.5,1,1,1,0.09765,0.146475,0.1953,0.002925,0.0043875,0.00585,0.7825,1.565,1.17375,0.0,0.019525,0.0097625,3.0,6.0,4.5,0.4,0.8,0.6000000000000001,0.05,0.1,0.075,0.05,0.1,0.075,0.488,0.976,0.732,0.35,0.7,0.5249999999999999,,B61,0.0026154031113,0.00392310466695,0.0052308062226,2.816306415e-05,4.2244596225e-05,5.63261283e-05,0.50040115975,1.0008023195,0.750601739625,0.0,0.000612141610575,0.0003060708052875,2.9923200000000003,5.984640000000001,4.488480000000001,0.0936976,0.1873952,0.1405464,0.0035926,0.0071852,0.0053888999999999,0.0027775,0.005555,0.00416625,0.1606757567999999,0.3213515135999999,0.2410136352,0.0809872,0.1619744,0.1214807999999999,7.004949753812311e-05,0.0001050742463071,0.0001400989950762,2.711651905357317e-07,4.067477858035977e-07,5.423303810714634e-07,0.3200016877688754,0.6400033755377508,0.4800025316533131,0.0,1.9191669725856847e-05,9.595834862928424e-06,2.9846596608000007,5.969319321600001,4.476989491200001,0.0219481006144,0.0438962012288,0.0329221509216,0.0002581354952,0.0005162709904,0.0003872032427999,0.000154290125,0.00030858025,0.0002314351875,0.0529030713591244,0.1058061427182489,0.0793546070386867,0.0187397901823999,0.0374795803647999,0.0281096852735999
B91,1,0.5,0.5,≤0.25,0.5,1,≤0.25,1,1,1,0.09765,0.146475,0.1953,0.002925,0.0043875,0.00585,0.7825,1.565,1.17375,0.0,0.019525,0.0097625,1.5,3.0,2.25,0.2,0.4,0.3,0.0,0.05,0.025,0.05,0.1,0.075,0.488,0.976,0.732,0.35,0.7,0.5249999999999999,,B91,0.0026154031113,0.00392310466695,0.0052308062226,2.816306415e-05,4.2244596225e-05,5.63261283e-05,0.50040115975,1.0008023195,0.750601739625,0.0,0.000612141610575,0.0003060708052875,1.4961600000000002,2.9923200000000003,2.2442400000000005,0.0468488,0.0936976,0.0702732,0.0,0.0035926,0.0017963,0.0027775,0.005555,0.00416625,0.1606757567999999,0.3213515135999999,0.2410136352,0.0809872,0.1619744,0.1214807999999999,7.004949753812311e-05,0.0001050742463071,0.0001400989950762,2.711651905357317e-07,4.067477858035977e-07,5.423303810714634e-07,0.3200016877688754,0.6400033755377508,0.4800025316533131,0.0,1.9191669725856847e-05,9.595834862928424e-06,1.4923298304000003,2.9846596608000007,2.2384947456000006,0.0109740503072,0.0219481006144,0.0164610754607999,0.0,0.0002581354952,0.0001290677476,0.000154290125,0.00030858025,0.0002314351875,0.0529030713591244,0.1058061427182489,0.0793546070386867,0.0187397901823999,0.0374795803647999,0.0281096852735999
B94,1,≤0.25,≤0.25,≤0.25,1,1,0.5,1,1,1,0.09765,0.146475,0.1953,0.0,0.0014625,0.002925,0.0,0.7825,0.39125,0.0,0.019525,0.0097625,3.0,6.0,4.5,0.2,0.4,0.3,0.05,0.1,0.075,0.05,0.1,0.075,0.488,0.976,0.732,0.35,0.7,0.5249999999999999,,B94,0.0026154031113,0.00392310466695,0.0052308062226,0.0,1.4081532075e-05,2.816306415e-05,0.0,0.50040115975,0.250200579875,0.0,0.000612141610575,0.0003060708052875,2.9923200000000003,5.984640000000001,4.488480000000001,0.0468488,0.0936976,0.0702732,0.0035926,0.0071852,0.0053888999999999,0.0027775,0.005555,0.00416625,0.1606757567999999,0.3213515135999999,0.2410136352,0.0809872,0.1619744,0.1214807999999999,7.004949753812311e-05,0.0001050742463071,0.0001400989950762,0.0,1.3558259526786585e-07,2.711651905357317e-07,0.0,0.3200016877688754,0.1600008438844377,0.0,1.9191669725856847e-05,9.595834862928424e-06,2.9846596608000007,5.969319321600001,4.476989491200001,0.0109740503072,0.0219481006144,0.0164610754607999,0.0002581354952,0.0005162709904,0.0003872032427999,0.000154290125,0.00030858025,0.0002314351875,0.0529030713591244,0.1058061427182489,0.0793546070386867,0.0187397901823999,0.0374795803647999,0.0281096852735999
DA301,≥8,≥8,2,0.5,≥8,2,0.5,2,0.5,2,1.5624,1.5624,inf,0.0936,0.0936,inf,3.13,6.26,4.695,0.019525,0.03905,0.0292875,48.0,inf,48.0,0.4,0.8,0.6000000000000001,0.05,0.1,0.075,0.1,0.2,0.15,0.244,0.488,0.366,0.7,1.4,1.0499999999999998,,DA301,0.0418464497808,0.0418464497808,inf,0.0009012180528,0.0009012180528,inf,2.001604639,4.003209278,3.0024069585,0.000612141610575,0.00122428322115,0.0009182124158625,47.877120000000005,inf,47.877120000000005,0.0936976,0.1873952,0.1405464,0.0035926,0.0071852,0.0053888999999999,0.005555,0.01111,0.0083325,0.0803378783999999,0.1606757567999999,0.1205068176,0.1619744,0.3239488,0.2429615999999999,0.0011207919606099,0.0011207919606099,inf,8.677286097143414e-06,8.677286097143414e-06,inf,1.2800067510755015,2.560013502151003,1.9200101266132523,1.9191669725856847e-05,3.8383339451713695e-05,2.878750458878527e-05,47.75455457280001,inf,47.75455457280001,0.0219481006144,0.0438962012288,0.0329221509216,0.0002581354952,0.0005162709904,0.0003872032427999,0.00030858025,0.0006171605,0.000462870375,0.0264515356795622,0.0529030713591244,0.0396773035193433,0.0374795803647999,0.0749591607295999,0.0562193705471999
DA824,≥8,≥8,≥8,1,≥8,2,0.5,2,0.5,2,1.5624,1.5624,inf,0.0936,0.0936,inf,25.04,inf,25.04,0.03905,0.0781,0.058575,48.0,inf,48.0,0.4,0.8,0.6000000000000001,0.05,0.1,0.075,0.1,0.2,0.15,0.244,0.488,0.366,0.7,1.4,1.0499999999999998,,DA824,0.0418464497808,0.0418464497808,inf,0.0009012180528,0.0009012180528,inf,16.012837112,inf,16.012837112,0.00122428322115,0.0024485664423,0.001836424831725,47.877120000000005,inf,47.877120000000005,0.0936976,0.1873952,0.1405464,0.0035926,0.0071852,0.0053888999999999,0.005555,0.01111,0.0083325,0.0803378783999999,0.1606757567999999,0.1205068176,0.1619744,0.3239488,0.2429615999999999,0.0011207919606099,0.0011207919606099,inf,8.677286097143414e-06,8.677286097143414e-06,inf,10.240054008604012,inf,10.240054008604012,3.8383339451713695e-05,7.676667890342739e-05,5.757500917757054e-05,47.75455457280001,inf,47.75455457280001,0.0219481006144,0.0438962012288,0.0329221509216,0.0002581354952,0.0005162709904,0.0003872032427999,0.00030858025,0.0006171605,0.000462870375,0.0264515356795622,0.0529030713591244,0.0396773035193433,0.0374795803647999,0.0749591607295999,0.0562193705471999
DA405,≥8,≥8,4,0.5,4,1,1,1,0.5,1,1.5624,1.5624,inf,0.0936,0.0936,inf,6.26,12.52,9.39,0.019525,0.03905,0.0292875,12.0,24.0,18.0,0.2,0.4,0.3,0.1,0.2,0.15,0.05,0.1,0.075,0.244,0.488,0.366,0.35,0.7,0.5249999999999999,,DA405,0.0418464497808,0.0418464497808,inf,0.0009012180528,0.0009012180528,inf,4.003209278,8.006418556,6.004813917,0.000612141610575,0.00122428322115,0.0009182124158625,11.96928,23.938560000000003,17.953920000000004,0.0468488,0.0936976,0.0702732,0.0071852,0.0143704,0.0107777999999999,0.0027775,0.005555,0.00416625,0.0803378783999999,0.1606757567999999,0.1205068176,0.0809872,0.1619744,0.1214807999999999,0.0011207919606099,0.0011207919606099,inf,8.677286097143414e-06,8.677286097143414e-06,inf,2.560013502151003,5.120027004302006,3.8400202532265046,1.9191669725856847e-05,3.8383339451713695e-05,2.878750458878527e-05,11.938638643200004,23.877277286400005,17.907957964800005,0.0109740503072,0.0219481006144,0.0164610754607999,0.0005162709904,0.0010325419808,0.0007744064855999,0.000154290125,0.00030858025,0.0002314351875,0.0264515356795622,0.0529030713591244,0.0396773035193433,0.0187397901823999,0.0374795803647999,0.0281096852735999
