Run,Assay Type,AvgSpotLen,Bases,BioProject,BioSample,BioSampleModel,Bytes,Center Name,collected_by,Collection_Date,Consent,DATASTORE filetype,DATASTORE provider,DATASTORE region,Experiment,geo_loc_name_country,geo_loc_name_country_continent,geo_loc_name,Host_disease,HOST,host_subject_id,Instrument,isolation_source,lat_lon,Library Name,LibraryLayout,LibrarySelection,LibrarySource,Organism,Platform,ReleaseDate,create_date,version,Sample Name,SRA Study,strain
SRR28351157,WGS,302,1762166678,PRJNA1087582,SAMN40465821,Pathogen.cl,736813829,"FIND, THE FOUNDATION FOR INNOVATIVE NEW DIAGNOSTICS","Hinduja\, Mumbai\, India",2020-01,public,"fastq,run.zq,sra","gs,ncbi,s3","gs.us-east1,ncbi.public,s3.us-east-1",SRX23956660,India,Asia,India,tuberculosis,Homo sapiens,TB034010134,Illumina HiSeq X,sputum,missing,WGS-TB034010134,PAIRED,RANDOM,GENOMIC,Mycobacterium tuberculosis,ILLUMINA,2024-03-15T00:00:00Z,2024-03-15T05:39:00Z,1,TB034010134,SRP495384,not applicable
SRR28351158,WGS,302,1741280358,PRJNA1087582,SAMN40465820,Pathogen.cl,737148003,"FIND, THE FOUNDATION FOR INNOVATIVE NEW DIAGNOSTICS","Hinduja\, Mumbai\, India",2020-01,public,"fastq,run.zq,sra","gs,ncbi,s3","gs.us-east1,ncbi.public,s3.us-east-1",SRX23956659,India,Asia,India,tuberculosis,Homo sapiens,TB034010133,Illumina HiSeq X,sputum,missing,WGS-TB034010133,PAIRED,RANDOM,GENOMIC,Mycobacterium tuberculosis,ILLUMINA,2024-03-15T00:00:00Z,2024-03-15T05:39:00Z,1,TB034010133,SRP495384,not applicable
SRR28351159,WGS,302,2043728828,PRJNA1087582,SAMN40465819,Pathogen.cl,853193261,"FIND, THE FOUNDATION FOR INNOVATIVE NEW DIAGNOSTICS","Hinduja\, Mumbai\, India",2020-01,public,"fastq,run.zq,sra","gs,ncbi,s3","gs.us-east1,ncbi.public,s3.us-east-1",SRX23956658,India,Asia,India,tuberculosis,Homo sapiens,TB034010132,Illumina HiSeq X,sputum,missing,WGS-TB034010132,PAIRED,RANDOM,GENOMIC,Mycobacterium tuberculosis,ILLUMINA,2024-03-15T00:00:00Z,2024-03-15T05:39:00Z,1,TB034010132,SRP495384,not applicable
SRR28351160,WGS,302,1737127254,PRJNA1087582,SAMN40465818,Pathogen.cl,726001575,"FIND, THE FOUNDATION FOR INNOVATIVE NEW DIAGNOSTICS","Hinduja\, Mumbai\, India",2020-01,public,"fastq,run.zq,sra","gs,ncbi,s3","gs.us-east1,ncbi.public,s3.us-east-1",SRX23956657,India,Asia,India,tuberculosis,Homo sapiens,TB034010129,Illumina HiSeq X,sputum,missing,WGS-TB034010129,PAIRED,RANDOM,GENOMIC,Mycobacterium tuberculosis,ILLUMINA,2024-03-15T00:00:00Z,2024-03-15T05:39:00Z,1,TB034010129,SRP495384,not applicable
SRR28351161,WGS,302,1771360162,PRJNA1087582,SAMN40465817,Pathogen.cl,734859065,"FIND, THE FOUNDATION FOR INNOVATIVE NEW DIAGNOSTICS","Hinduja\, Mumbai\, India",2020-01,public,"fastq,run.zq,sra","gs,ncbi,s3","gs.us-east1,ncbi.public,s3.us-east-1",SRX23956656,India,Asia,India,tuberculosis,Homo sapiens,TB034010128,Illumina HiSeq X,sputum,missing,WGS-TB034010128,PAIRED,RANDOM,GENOMIC,Mycobacterium tuberculosis,ILLUMINA,2024-03-15T00:00:00Z,2024-03-15T05:39:00Z,1,TB034010128,SRP495384,not applicable
SRR28351162,WGS,302,2003273814,PRJNA1087582,SAMN40465816,Pathogen.cl,841486082,"FIND, THE FOUNDATION FOR INNOVATIVE NEW DIAGNOSTICS","Hinduja\, Mumbai\, India",2020-01,public,"fastq,run.zq,sra","gs,ncbi,s3","gs.us-east1,ncbi.public,s3.us-east-1",SRX23956655,India,Asia,India,tuberculosis,Homo sapiens,TB034010127,Illumina HiSeq X,sputum,missing,WGS-TB034010127,PAIRED,RANDOM,GENOMIC,Mycobacterium tuberculosis,ILLUMINA,2024-03-15T00:00:00Z,2024-03-15T05:41:00Z,1,TB034010127,SRP495384,not applicable
SRR28351163,WGS,302,1746230138,PRJNA1087582,SAMN40465815,Pathogen.cl,741237991,"FIND, THE FOUNDATION FOR INNOVATIVE NEW DIAGNOSTICS","Hinduja\, Mumbai\, India",2020-01,public,"fastq,run.zq,sra","gs,ncbi,s3","gs.us-east1,ncbi.public,s3.us-east-1",SRX23956654,India,Asia,India,tuberculosis,Homo sapiens,TB034010126,Illumina HiSeq X,sputum,missing,WGS-TB034010126,PAIRED,RANDOM,GENOMIC,Mycobacterium tuberculosis,ILLUMINA,2024-03-15T00:00:00Z,2024-03-15T05:40:00Z,1,TB034010126,SRP495384,not applicable
SRR28351164,WGS,302,1681943398,PRJNA1087582,SAMN40465814,Pathogen.cl,761439058,"FIND, THE FOUNDATION FOR INNOVATIVE NEW DIAGNOSTICS","Hinduja\, Mumbai\, India",2020-01,public,"fastq,run.zq,sra","gs,ncbi,s3","gs.us-east1,ncbi.public,s3.us-east-1",SRX23956653,India,Asia,India,tuberculosis,Homo sapiens,TB034010125,Illumina HiSeq X,sputum,missing,WGS-TB034010125,PAIRED,RANDOM,GENOMIC,Mycobacterium tuberculosis,ILLUMINA,2024-03-15T00:00:00Z,2024-03-15T05:39:00Z,1,TB034010125,SRP495384,not applicable
SRR28351165,WGS,302,1826539186,PRJNA1087582,SAMN40465742,Pathogen.cl,796389471,"FIND, THE FOUNDATION FOR INNOVATIVE NEW DIAGNOSTICS","Hinduja\, Mumbai\, India",2019-10,public,"fastq,run.zq,sra","gs,ncbi,s3","gs.us-east1,ncbi.public,s3.us-east-1",SRX23956652,India,Asia,India,tuberculosis,Homo sapiens,TB034010022,Illumina HiSeq X,sputum,missing,WGS-TB034010022,PAIRED,RANDOM,GENOMIC,Mycobacterium tuberculosis,ILLUMINA,2024-03-15T00:00:00Z,2024-03-15T05:40:00Z,1,TB034010022,SRP495384,not applicable
SRR28351166,WGS,302,1685097486,PRJNA1087582,SAMN40465813,Pathogen.cl,768142470,"FIND, THE FOUNDATION FOR INNOVATIVE NEW DIAGNOSTICS","Hinduja\, Mumbai\, India",2020-01,public,"fastq,run.zq,sra","gs,ncbi,s3","gs.us-east1,ncbi.public,s3.us-east-1",SRX23956651,India,Asia,India,tuberculosis,Homo sapiens,TB034010124,Illumina HiSeq X,sputum,missing,WGS-TB034010124,PAIRED,RANDOM,GENOMIC,Mycobacterium tuberculosis,ILLUMINA,2024-03-15T00:00:00Z,2024-03-15T05:39:00Z,1,TB034010124,SRP495384,not applicable
SRR28351167,WGS,302,2011059978,PRJNA1087582,SAMN40465812,Pathogen.cl,907657869,"FIND, THE FOUNDATION FOR INNOVATIVE NEW DIAGNOSTICS","Hinduja\, Mumbai\, India",2020-01,public,"fastq,run.zq,sra","gs,ncbi,s3","gs.us-east1,ncbi.public,s3.us-east-1",SRX23956650,India,Asia,India,tuberculosis,Homo sapiens,TB034010123,Illumina HiSeq X,sputum,missing,WGS-TB034010123,PAIRED,RANDOM,GENOMIC,Mycobacterium tuberculosis,ILLUMINA,2024-03-15T00:00:00Z,2024-03-15T05:40:00Z,1,TB034010123,SRP495384,not applicable
SRR28351168,WGS,302,1745442522,PRJNA1087582,SAMN40465811,Pathogen.cl,789818074,"FIND, THE FOUNDATION FOR INNOVATIVE NEW DIAGNOSTICS","Hinduja\, Mumbai\, India",2020-01,public,"fastq,run.zq,sra","gs,ncbi,s3","gs.us-east1,ncbi.public,s3.us-east-1",SRX23956649,India,Asia,India,tuberculosis,Homo sapiens,TB034010122,Illumina HiSeq X,sputum,missing,WGS-TB034010122,PAIRED,RANDOM,GENOMIC,Mycobacterium tuberculosis,ILLUMINA,2024-03-15T00:00:00Z,2024-03-15T05:39:00Z,1,TB034010122,SRP495384,not applicable
SRR28351169,WGS,302,1526242466,PRJNA1087582,SAMN40465810,Pathogen.cl,692695344,"FIND, THE FOUNDATION FOR INNOVATIVE NEW DIAGNOSTICS","Hinduja\, Mumbai\, India",2020-01,public,"fastq,run.zq,sra","gs,ncbi,s3","gs.us-east1,ncbi.public,s3.us-east-1",SRX23956648,India,Asia,India,tuberculosis,Homo sapiens,TB034010120,Illumina HiSeq X,sputum,missing,WGS-TB034010120,PAIRED,RANDOM,GENOMIC,Mycobacterium tuberculosis,ILLUMINA,2024-03-15T00:00:00Z,2024-03-15T05:39:00Z,1,TB034010120,SRP495384,not applicable
SRR28351170,WGS,302,1866830818,PRJNA1087582,SAMN40465809,Pathogen.cl,854703476,"FIND, THE FOUNDATION FOR INNOVATIVE NEW DIAGNOSTICS","Hinduja\, Mumbai\, India",2020-01,public,"fastq,run.zq,sra","gs,ncbi,s3","gs.us-east1,ncbi.public,s3.us-east-1",SRX23956647,India,Asia,India,tuberculosis,Homo sapiens,TB034010116,Illumina HiSeq X,sputum,missing,WGS-TB034010116,PAIRED,RANDOM,GENOMIC,Mycobacterium tuberculosis,ILLUMINA,2024-03-15T00:00:00Z,2024-03-15T05:40:00Z,1,TB034010116,SRP495384,not applicable
SRR28351171,WGS,302,1980028572,PRJNA1087582,SAMN40465808,Pathogen.cl,893770509,"FIND, THE FOUNDATION FOR INNOVATIVE NEW DIAGNOSTICS","Hinduja\, Mumbai\, India",2020-01,public,"fastq,run.zq,sra","gs,ncbi,s3","gs.us-east1,ncbi.public,s3.us-east-1",SRX23956646,India,Asia,India,tuberculosis,Homo sapiens,TB034010115,Illumina HiSeq X,sputum,missing,WGS-TB034010115,PAIRED,RANDOM,GENOMIC,Mycobacterium tuberculosis,ILLUMINA,2024-03-15T00:00:00Z,2024-03-15T05:40:00Z,1,TB034010115,SRP495384,not applicable
SRR28351172,WGS,302,1908356422,PRJNA1087582,SAMN40465807,Pathogen.cl,865210272,"FIND, THE FOUNDATION FOR INNOVATIVE NEW DIAGNOSTICS","Hinduja\, Mumbai\, India",2019-12,public,"fastq,run.zq,sra","gs,ncbi,s3","gs.us-east1,ncbi.public,s3.us-east-1",SRX23956645,India,Asia,India,tuberculosis,Homo sapiens,TB034010114,Illumina HiSeq X,sputum,missing,WGS-TB034010114,PAIRED,RANDOM,GENOMIC,Mycobacterium tuberculosis,ILLUMINA,2024-03-15T00:00:00Z,2024-03-15T05:40:00Z,1,TB034010114,SRP495384,not applicable
SRR28351173,WGS,302,922613020,PRJNA1087582,SAMN40466234,Pathogen.cl,395567165,"FIND, THE FOUNDATION FOR INNOVATIVE NEW DIAGNOSTICS","University of the Witwatersrand\, Johannesburg \, South Africa",2020-01,public,"fastq,run.zq,sra","gs,ncbi,s3","gs.us-east1,ncbi.public,s3.us-east-1",SRX23956644,South Africa,Africa,South Africa,tuberculosis,Homo sapiens,TB034040080,Illumina HiSeq X,sputum,missing,WGS-TB034040080,PAIRED,RANDOM,GENOMIC,Mycobacterium tuberculosis,ILLUMINA,2024-03-15T00:00:00Z,2024-03-15T05:39:00Z,1,TB034040080,SRP495384,not applicable
SRR28351174,WGS,302,1708794822,PRJNA1087582,SAMN40465784,Pathogen.cl,727261445,"FIND, THE FOUNDATION FOR INNOVATIVE NEW DIAGNOSTICS","Hinduja\, Mumbai\, India",2019-11,public,"fastq,run.zq,sra","gs,ncbi,s3","gs.us-east1,ncbi.public,s3.us-east-1",SRX23956643,India,Asia,India,tuberculosis,Homo sapiens,TB034010088,Illumina HiSeq X,sputum,missing,WGS-TB034010088,PAIRED,RANDOM,GENOMIC,Mycobacterium tuberculosis,ILLUMINA,2024-03-15T00:00:00Z,2024-03-15T05:39:00Z,1,TB034010088,SRP495384,not applicable
SRR28351175,WGS,302,2299922978,PRJNA1087582,SAMN40465739,Pathogen.cl,995491596,"FIND, THE FOUNDATION FOR INNOVATIVE NEW DIAGNOSTICS","Hinduja\, Mumbai\, India",2019-10,public,"fastq,run.zq,sra","gs,ncbi,s3","gs.us-east1,ncbi.public,s3.us-east-1",SRX23956642,India,Asia,India,tuberculosis,Homo sapiens,TB034010015,Illumina HiSeq X,sputum,missing,WGS-TB034010015,PAIRED,RANDOM,GENOMIC,Mycobacterium tuberculosis,ILLUMINA,2024-03-15T00:00:00Z,2024-03-15T05:39:00Z,1,TB034010015,SRP495384,not applicable
SRR28351176,WGS,302,888423600,PRJNA1087582,SAMN40466233,Pathogen.cl,391258922,"FIND, THE FOUNDATION FOR INNOVATIVE NEW DIAGNOSTICS","University of the Witwatersrand\, Johannesburg \, South Africa",2020-01,public,"fastq,run.zq,sra","gs,ncbi,s3","gs.us-east1,ncbi.public,s3.us-east-1",SRX23956641,South Africa,Africa,South Africa,tuberculosis,Homo sapiens,TB034040078,Illumina HiSeq X,sputum,missing,WGS-TB034040078,PAIRED,RANDOM,GENOMIC,Mycobacterium tuberculosis,ILLUMINA,2024-03-15T00:00:00Z,2024-03-15T05:38:00Z,1,TB034040078,SRP495384,not applicable
SRR28351177,WGS,302,1092137398,PRJNA1087582,SAMN40466232,Pathogen.cl,490603450,"FIND, THE FOUNDATION FOR INNOVATIVE NEW DIAGNOSTICS","University of the Witwatersrand\, Johannesburg \, South Africa",2020-01,public,"fastq,run.zq,sra","gs,ncbi,s3","gs.us-east1,ncbi.public,s3.us-east-1",SRX23956640,South Africa,Africa,South Africa,tuberculosis,Homo sapiens,TB034040077,Illumina HiSeq X,sputum,missing,WGS-TB034040077,PAIRED,RANDOM,GENOMIC,Mycobacterium tuberculosis,ILLUMINA,2024-03-15T00:00:00Z,2024-03-15T05:39:00Z,1,TB034040077,SRP495384,not applicable
SRR28351178,WGS,302,700892472,PRJNA1087582,SAMN40466231,Pathogen.cl,313809995,"FIND, THE FOUNDATION FOR INNOVATIVE NEW DIAGNOSTICS","University of the Witwatersrand\, Johannesburg \, South Africa",2020-01,public,"fastq,run.zq,sra","gs,ncbi,s3","gs.us-east1,ncbi.public,s3.us-east-1",SRX23956639,South Africa,Africa,South Africa,tuberculosis,Homo sapiens,TB034040073,Illumina HiSeq X,sputum,missing,WGS-TB034040073,PAIRED,RANDOM,GENOMIC,Mycobacterium tuberculosis,ILLUMINA,2024-03-15T00:00:00Z,2024-03-15T05:38:00Z,1,TB034040073,SRP495384,not applicable
SRR28351179,WGS,302,999435478,PRJNA1087582,SAMN40466230,Pathogen.cl,437303231,"FIND, THE FOUNDATION FOR INNOVATIVE NEW DIAGNOSTICS","University of the Witwatersrand\, Johannesburg \, South Africa",2019-12,public,"fastq,run.zq,sra","gs,ncbi,s3","gs.us-east1,ncbi.public,s3.us-east-1",SRX23956638,South Africa,Africa,South Africa,tuberculosis,Homo sapiens,TB034040069,Illumina HiSeq X,sputum,missing,WGS-TB034040069,PAIRED,RANDOM,GENOMIC,Mycobacterium tuberculosis,ILLUMINA,2024-03-15T00:00:00Z,2024-03-15T05:39:00Z,1,TB034040069,SRP495384,not applicable
SRR28351180,WGS,302,928999414,PRJNA1087582,SAMN40466229,Pathogen.cl,407977139,"FIND, THE FOUNDATION FOR INNOVATIVE NEW DIAGNOSTICS","University of the Witwatersrand\, Johannesburg \, South Africa",2019-12,public,"fastq,run.zq,sra","gs,ncbi,s3","gs.us-east1,ncbi.public,s3.us-east-1",SRX23956637,South Africa,Africa,South Africa,tuberculosis,Homo sapiens,TB034040068,Illumina HiSeq X,sputum,missing,WGS-TB034040068,PAIRED,RANDOM,GENOMIC,Mycobacterium tuberculosis,ILLUMINA,2024-03-15T00:00:00Z,2024-03-15T05:38:00Z,1,TB034040068,SRP495384,not applicable
SRR28351181,WGS,302,1086036998,PRJNA1087582,SAMN40466228,Pathogen.cl,485449317,"FIND, THE FOUNDATION FOR INNOVATIVE NEW DIAGNOSTICS","University of the Witwatersrand\, Johannesburg \, South Africa",2019-12,public,"fastq,run.zq,sra","gs,ncbi,s3","gs.us-east1,ncbi.public,s3.us-east-1",SRX23956636,South Africa,Africa,South Africa,tuberculosis,Homo sapiens,TB034040067,Illumina HiSeq X,sputum,missing,WGS-TB034040067,PAIRED,RANDOM,GENOMIC,Mycobacterium tuberculosis,ILLUMINA,2024-03-15T00:00:00Z,2024-03-15T05:39:00Z,1,TB034040067,SRP495384,not applicable
SRR28351182,WGS,302,1006604354,PRJNA1087582,SAMN40466227,Pathogen.cl,432594631,"FIND, THE FOUNDATION FOR INNOVATIVE NEW DIAGNOSTICS","University of the Witwatersrand\, Johannesburg \, South Africa",2019-11,public,"fastq,run.zq,sra","gs,ncbi,s3","gs.us-east1,ncbi.public,s3.us-east-1",SRX23956635,South Africa,Africa,South Africa,tuberculosis,Homo sapiens,TB034040061,Illumina HiSeq X,sputum,missing,WGS-TB034040061,PAIRED,RANDOM,GENOMIC,Mycobacterium tuberculosis,ILLUMINA,2024-03-15T00:00:00Z,2024-03-15T05:39:00Z,1,TB034040061,SRP495384,not applicable
SRR28351183,WGS,302,1019175708,PRJNA1087582,SAMN40466226,Pathogen.cl,453749263,"FIND, THE FOUNDATION FOR INNOVATIVE NEW DIAGNOSTICS","University of the Witwatersrand\, Johannesburg \, South Africa",2019-11,public,"fastq,run.zq,sra","gs,ncbi,s3","gs.us-east1,ncbi.public,s3.us-east-1",SRX23956634,South Africa,Africa,South Africa,tuberculosis,Homo sapiens,TB034040055,Illumina HiSeq X,sputum,missing,WGS-TB034040055,PAIRED,RANDOM,GENOMIC,Mycobacterium tuberculosis,ILLUMINA,2024-03-15T00:00:00Z,2024-03-15T05:39:00Z,1,TB034040055,SRP495384,not applicable
SRR28351184,WGS,302,1276427160,PRJNA1087582,SAMN40466225,Pathogen.cl,545108935,"FIND, THE FOUNDATION FOR INNOVATIVE NEW DIAGNOSTICS","University of the Witwatersrand\, Johannesburg \, South Africa",2019-11,public,"fastq,run.zq,sra","gs,ncbi,s3","gs.us-east1,ncbi.public,s3.us-east-1",SRX23956633,South Africa,Africa,South Africa,tuberculosis,Homo sapiens,TB034040053,Illumina HiSeq X,sputum,missing,WGS-TB034040053,PAIRED,RANDOM,GENOMIC,Mycobacterium tuberculosis,ILLUMINA,2024-03-15T00:00:00Z,2024-03-15T05:39:00Z,1,TB034040053,SRP495384,not applicable
SRR28351185,WGS,302,831698638,PRJNA1087582,SAMN40466224,Pathogen.cl,358387787,"FIND, THE FOUNDATION FOR INNOVATIVE NEW DIAGNOSTICS","University of the Witwatersrand\, Johannesburg \, South Africa",2019-11,public,"fastq,run.zq,sra","gs,ncbi,s3","gs.us-east1,ncbi.public,s3.us-east-1",SRX23956632,South Africa,Africa,South Africa,tuberculosis,Homo sapiens,TB034040052,Illumina HiSeq X,sputum,missing,WGS-TB034040052,PAIRED,RANDOM,GENOMIC,Mycobacterium tuberculosis,ILLUMINA,2024-03-15T00:00:00Z,2024-03-15T05:38:00Z,1,TB034040052,SRP495384,not applicable
SRR28351186,WGS,302,1619477416,PRJNA1087582,SAMN40465783,Pathogen.cl,691336469,"FIND, THE FOUNDATION FOR INNOVATIVE NEW DIAGNOSTICS","Hinduja\, Mumbai\, India",2019-11,public,"fastq,run.zq,sra","gs,ncbi,s3","gs.us-east1,ncbi.public,s3.us-east-1",SRX23956631,India,Asia,India,tuberculosis,Homo sapiens,TB034010087,Illumina HiSeq X,sputum,missing,WGS-TB034010087,PAIRED,RANDOM,GENOMIC,Mycobacterium tuberculosis,ILLUMINA,2024-03-15T00:00:00Z,2024-03-15T05:40:00Z,1,TB034010087,SRP495384,not applicable
SRR28351187,WGS,302,1233303070,PRJNA1087582,SAMN40466223,Pathogen.cl,522078745,"FIND, THE FOUNDATION FOR INNOVATIVE NEW DIAGNOSTICS","University of the Witwatersrand\, Johannesburg \, South Africa",2019-11,public,"fastq,run.zq,sra","gs,ncbi,s3","gs.us-east1,ncbi.public,s3.us-east-1",SRX23956630,South Africa,Africa,South Africa,tuberculosis,Homo sapiens,TB034040051,Illumina HiSeq X,sputum,missing,WGS-TB034040051,PAIRED,RANDOM,GENOMIC,Mycobacterium tuberculosis,ILLUMINA,2024-03-15T00:00:00Z,2024-03-15T05:38:00Z,1,TB034040051,SRP495384,not applicable
SRR28351188,WGS,302,788546764,PRJNA1087582,SAMN40466222,Pathogen.cl,341571692,"FIND, THE FOUNDATION FOR INNOVATIVE NEW DIAGNOSTICS","University of the Witwatersrand\, Johannesburg \, South Africa",2019-11,public,"fastq,run.zq,sra","gs,ncbi,s3","gs.us-east1,ncbi.public,s3.us-east-1",SRX23956629,South Africa,Africa,South Africa,tuberculosis,Homo sapiens,TB034040048,Illumina HiSeq X,sputum,missing,WGS-TB034040048,PAIRED,RANDOM,GENOMIC,Mycobacterium tuberculosis,ILLUMINA,2024-03-15T00:00:00Z,2024-03-15T05:39:00Z,1,TB034040048,SRP495384,not applicable
SRR28351189,WGS,302,1467980626,PRJNA1087582,SAMN40466177,Pathogen.cl,630668571,"FIND, THE FOUNDATION FOR INNOVATIVE NEW DIAGNOSTICS","Phthisiopneumology Institute\, Chisinau\, Moldova",2020-01,public,"fastq,run.zq,sra","gs,ncbi,s3","gs.us-east1,ncbi.public,s3.us-east-1",SRX23956628,Moldova,Europe,Moldova,tuberculosis,Homo sapiens,TB034030217,Illumina HiSeq X,sputum,missing,WGS-TB034030217,PAIRED,RANDOM,GENOMIC,Mycobacterium tuberculosis,ILLUMINA,2024-03-15T00:00:00Z,2024-03-15T05:39:00Z,1,TB034030217,SRP495384,not applicable
SRR28351190,WGS,302,1322621684,PRJNA1087582,SAMN40466176,Pathogen.cl,568578110,"FIND, THE FOUNDATION FOR INNOVATIVE NEW DIAGNOSTICS","Phthisiopneumology Institute\, Chisinau\, Moldova",2020-01,public,"fastq,run.zq,sra","gs,ncbi,s3","gs.us-east1,ncbi.public,s3.us-east-1",SRX23956627,Moldova,Europe,Moldova,tuberculosis,Homo sapiens,TB034030216,Illumina HiSeq X,sputum,missing,WGS-TB034030216,PAIRED,RANDOM,GENOMIC,Mycobacterium tuberculosis,ILLUMINA,2024-03-15T00:00:00Z,2024-03-15T05:40:00Z,1,TB034030216,SRP495384,not applicable
SRR28351191,WGS,302,1151175076,PRJNA1087582,SAMN40466175,Pathogen.cl,487171427,"FIND, THE FOUNDATION FOR INNOVATIVE NEW DIAGNOSTICS","Phthisiopneumology Institute\, Chisinau\, Moldova",2020-01,public,"fastq,run.zq,sra","gs,ncbi,s3","gs.us-east1,ncbi.public,s3.us-east-1",SRX23956626,Moldova,Europe,Moldova,tuberculosis,Homo sapiens,TB034030215,Illumina HiSeq X,sputum,missing,WGS-TB034030215,PAIRED,RANDOM,GENOMIC,Mycobacterium tuberculosis,ILLUMINA,2024-03-15T00:00:00Z,2024-03-15T05:39:00Z,1,TB034030215,SRP495384,not applicable
SRR28351192,WGS,302,586071468,PRJNA1087582,SAMN40466174,Pathogen.cl,254566158,"FIND, THE FOUNDATION FOR INNOVATIVE NEW DIAGNOSTICS","Phthisiopneumology Institute\, Chisinau\, Moldova",2020-01,public,"fastq,run.zq,sra","gs,ncbi,s3","gs.us-east1,ncbi.public,s3.us-east-1",SRX23956625,Moldova,Europe,Moldova,tuberculosis,Homo sapiens,TB034030214,Illumina HiSeq X,sputum,missing,WGS-TB034030214,PAIRED,RANDOM,GENOMIC,Mycobacterium tuberculosis,ILLUMINA,2024-03-15T00:00:00Z,2024-03-15T05:39:00Z,1,TB034030214,SRP495384,not applicable
SRR28351193,WGS,302,1183002554,PRJNA1087582,SAMN40465778,Pathogen.cl,532336964,"FIND, THE FOUNDATION FOR INNOVATIVE NEW DIAGNOSTICS","Hinduja\, Mumbai\, India",2019-11,public,"fastq,run.zq,sra","gs,ncbi,s3","gs.us-east1,ncbi.public,s3.us-east-1",SRX23956624,India,Asia,India,tuberculosis,Homo sapiens,TB034010079,Illumina HiSeq X,sputum,missing,WGS-TB034010079,PAIRED,RANDOM,GENOMIC,Mycobacterium tuberculosis,ILLUMINA,2024-03-15T00:00:00Z,2024-03-15T05:38:00Z,1,TB034010079,SRP495384,not applicable
SRR28351194,WGS,302,598471890,PRJNA1087582,SAMN40466173,Pathogen.cl,261294956,"FIND, THE FOUNDATION FOR INNOVATIVE NEW DIAGNOSTICS","Phthisiopneumology Institute\, Chisinau\, Moldova",2020-01,public,"fastq,run.zq,sra","gs,ncbi,s3","gs.us-east1,ncbi.public,s3.us-east-1",SRX23956623,Moldova,Europe,Moldova,tuberculosis,Homo sapiens,TB034030213,Illumina HiSeq X,sputum,missing,WGS-TB034030213,PAIRED,RANDOM,GENOMIC,Mycobacterium tuberculosis,ILLUMINA,2024-03-15T00:00:00Z,2024-03-15T05:39:00Z,1,TB034030213,SRP495384,not applicable
SRR28351195,WGS,302,495456670,PRJNA1087582,SAMN40466172,Pathogen.cl,216492662,"FIND, THE FOUNDATION FOR INNOVATIVE NEW DIAGNOSTICS","Phthisiopneumology Institute\, Chisinau\, Moldova",2020-01,public,"fastq,run.zq,sra","gs,ncbi,s3","gs.us-east1,ncbi.public,s3.us-east-1",SRX23956622,Moldova,Europe,Moldova,tuberculosis,Homo sapiens,TB034030212,Illumina HiSeq X,sputum,missing,WGS-TB034030212,PAIRED,RANDOM,GENOMIC,Mycobacterium tuberculosis,ILLUMINA,2024-03-15T00:00:00Z,2024-03-15T05:38:00Z,1,TB034030212,SRP495384,not applicable
SRR28351196,WGS,302,527524238,PRJNA1087582,SAMN40466171,Pathogen.cl,232915151,"FIND, THE FOUNDATION FOR INNOVATIVE NEW DIAGNOSTICS","Phthisiopneumology Institute\, Chisinau\, Moldova",2020-01,public,"fastq,run.zq,sra","gs,ncbi,s3","gs.us-east1,ncbi.public,s3.us-east-1",SRX23956621,Moldova,Europe,Moldova,tuberculosis,Homo sapiens,TB034030211,Illumina HiSeq X,sputum,missing,WGS-TB034030211,PAIRED,RANDOM,GENOMIC,Mycobacterium tuberculosis,ILLUMINA,2024-03-15T00:00:00Z,2024-03-15T05:39:00Z,1,TB034030211,SRP495384,not applicable
SRR28351197,WGS,302,472551782,PRJNA1087582,SAMN40466170,Pathogen.cl,208694338,"FIND, THE FOUNDATION FOR INNOVATIVE NEW DIAGNOSTICS","Phthisiopneumology Institute\, Chisinau\, Moldova",2020-01,public,"fastq,run.zq,sra","gs,ncbi,s3","gs.us-east1,ncbi.public,s3.us-east-1",SRX23956620,Moldova,Europe,Moldova,tuberculosis,Homo sapiens,TB034030210,Illumina HiSeq X,sputum,missing,WGS-TB034030210,PAIRED,RANDOM,GENOMIC,Mycobacterium tuberculosis,ILLUMINA,2024-03-15T00:00:00Z,2024-03-15T05:39:00Z,1,TB034030210,SRP495384,not applicable
SRR28351198,WGS,302,546437894,PRJNA1087582,SAMN40466169,Pathogen.cl,241474091,"FIND, THE FOUNDATION FOR INNOVATIVE NEW DIAGNOSTICS","Phthisiopneumology Institute\, Chisinau\, Moldova",2020-01,public,"fastq,run.zq,sra","gs,ncbi,s3","gs.us-east1,ncbi.public,s3.us-east-1",SRX23956619,Moldova,Europe,Moldova,tuberculosis,Homo sapiens,TB034030209,Illumina HiSeq X,sputum,missing,WGS-TB034030209,PAIRED,RANDOM,GENOMIC,Mycobacterium tuberculosis,ILLUMINA,2024-03-15T00:00:00Z,2024-03-15T05:39:00Z,1,TB034030209,SRP495384,not applicable
SRR28351199,WGS,302,668488778,PRJNA1087582,SAMN40466168,Pathogen.cl,292057934,"FIND, THE FOUNDATION FOR INNOVATIVE NEW DIAGNOSTICS","Phthisiopneumology Institute\, Chisinau\, Moldova",2020-01,public,"fastq,run.zq,sra","gs,ncbi,s3","gs.us-east1,ncbi.public,s3.us-east-1",SRX23956618,Moldova,Europe,Moldova,tuberculosis,Homo sapiens,TB034030208,Illumina HiSeq X,sputum,missing,WGS-TB034030208,PAIRED,RANDOM,GENOMIC,Mycobacterium tuberculosis,ILLUMINA,2024-03-15T00:00:00Z,2024-03-15T05:39:00Z,1,TB034030208,SRP495384,not applicable
SRR28351200,WGS,302,549127506,PRJNA1087582,SAMN40466167,Pathogen.cl,241799100,"FIND, THE FOUNDATION FOR INNOVATIVE NEW DIAGNOSTICS","Phthisiopneumology Institute\, Chisinau\, Moldova",2020-01,public,"fastq,run.zq,sra","gs,ncbi,s3","gs.us-east1,ncbi.public,s3.us-east-1",SRX23956617,Moldova,Europe,Moldova,tuberculosis,Homo sapiens,TB034030207,Illumina HiSeq X,sputum,missing,WGS-TB034030207,PAIRED,RANDOM,GENOMIC,Mycobacterium tuberculosis,ILLUMINA,2024-03-15T00:00:00Z,2024-03-15T05:38:00Z,1,TB034030207,SRP495384,not applicable
SRR28351201,WGS,302,494936928,PRJNA1087582,SAMN40466166,Pathogen.cl,210505886,"FIND, THE FOUNDATION FOR INNOVATIVE NEW DIAGNOSTICS","Phthisiopneumology Institute\, Chisinau\, Moldova",2020-01,public,"fastq,run.zq,sra","gs,ncbi,s3","gs.us-east1,ncbi.public,s3.us-east-1",SRX23956616,Moldova,Europe,Moldova,tuberculosis,Homo sapiens,TB034030206,Illumina HiSeq X,sputum,missing,WGS-TB034030206,PAIRED,RANDOM,GENOMIC,Mycobacterium tuberculosis,ILLUMINA,2024-03-15T00:00:00Z,2024-03-15T05:38:00Z,1,TB034030206,SRP495384,not applicable
SRR28351202,WGS,302,499391126,PRJNA1087582,SAMN40466165,Pathogen.cl,211931159,"FIND, THE FOUNDATION FOR INNOVATIVE NEW DIAGNOSTICS","Phthisiopneumology Institute\, Chisinau\, Moldova",2020-01,public,"fastq,run.zq,sra","gs,ncbi,s3","gs.us-east1,ncbi.public,s3.us-east-1",SRX23956615,Moldova,Europe,Moldova,tuberculosis,Homo sapiens,TB034030205,Illumina HiSeq X,sputum,missing,WGS-TB034030205,PAIRED,RANDOM,GENOMIC,Mycobacterium tuberculosis,ILLUMINA,2024-03-15T00:00:00Z,2024-03-15T05:38:00Z,1,TB034030205,SRP495384,not applicable
SRR28351203,WGS,302,1182338456,PRJNA1087582,SAMN40466164,Pathogen.cl,496543079,"FIND, THE FOUNDATION FOR INNOVATIVE NEW DIAGNOSTICS","Phthisiopneumology Institute\, Chisinau\, Moldova",2020-01,public,"fastq,run.zq,sra","gs,ncbi,s3","gs.us-east1,ncbi.public,s3.us-east-1",SRX23956614,Moldova,Europe,Moldova,tuberculosis,Homo sapiens,TB034030204,Illumina HiSeq X,sputum,missing,WGS-TB034030204,PAIRED,RANDOM,GENOMIC,Mycobacterium tuberculosis,ILLUMINA,2024-03-15T00:00:00Z,2024-03-15T05:39:00Z,1,TB034030204,SRP495384,not applicable
SRR28351204,WGS,302,1038997176,PRJNA1087582,SAMN40465777,Pathogen.cl,461719346,"FIND, THE FOUNDATION FOR INNOVATIVE NEW DIAGNOSTICS","Hinduja\, Mumbai\, India",2019-11,public,"fastq,run.zq,sra","gs,ncbi,s3","gs.us-east1,ncbi.public,s3.us-east-1",SRX23956613,India,Asia,India,tuberculosis,Homo sapiens,TB034010078,Illumina HiSeq X,sputum,missing,WGS-TB034010078,PAIRED,RANDOM,GENOMIC,Mycobacterium tuberculosis,ILLUMINA,2024-03-15T00:00:00Z,2024-03-15T05:39:00Z,1,TB034010078,SRP495384,not applicable
SRR28351205,WGS,302,1230536146,PRJNA1087582,SAMN40466120,Pathogen.cl,535845624,"FIND, THE FOUNDATION FOR INNOVATIVE NEW DIAGNOSTICS","Phthisiopneumology Institute\, Chisinau\, Moldova",2019-11,public,"fastq,run.zq,sra","gs,ncbi,s3","gs.us-east1,ncbi.public,s3.us-east-1",SRX23956612,Moldova,Europe,Moldova,tuberculosis,Homo sapiens,TB034030155,Illumina HiSeq X,sputum,missing,WGS-TB034030155,PAIRED,RANDOM,GENOMIC,Mycobacterium tuberculosis,ILLUMINA,2024-03-15T00:00:00Z,2024-03-15T05:38:00Z,1,TB034030155,SRP495384,not applicable
SRR28351206,WGS,302,1477324204,PRJNA1087582,SAMN40466119,Pathogen.cl,638875215,"FIND, THE FOUNDATION FOR INNOVATIVE NEW DIAGNOSTICS","Phthisiopneumology Institute\, Chisinau\, Moldova",2019-11,public,"fastq,run.zq,sra","gs,ncbi,s3","gs.us-east1,ncbi.public,s3.us-east-1",SRX23956611,Moldova,Europe,Moldova,tuberculosis,Homo sapiens,TB034030154,Illumina HiSeq X,sputum,missing,WGS-TB034030154,PAIRED,RANDOM,GENOMIC,Mycobacterium tuberculosis,ILLUMINA,2024-03-15T00:00:00Z,2024-03-15T05:39:00Z,1,TB034030154,SRP495384,not applicable
SRR28351207,WGS,302,1268606568,PRJNA1087582,SAMN40466118,Pathogen.cl,537365456,"FIND, THE FOUNDATION FOR INNOVATIVE NEW DIAGNOSTICS","Phthisiopneumology Institute\, Chisinau\, Moldova",2019-11,public,"fastq,run.zq,sra","gs,ncbi,s3","gs.us-east1,ncbi.public,s3.us-east-1",SRX23956610,Moldova,Europe,Moldova,tuberculosis,Homo sapiens,TB034030153,Illumina HiSeq X,sputum,missing,WGS-TB034030153,PAIRED,RANDOM,GENOMIC,Mycobacterium tuberculosis,ILLUMINA,2024-03-15T00:00:00Z,2024-03-15T05:39:00Z,1,TB034030153,SRP495384,not applicable
SRR28351208,WGS,302,1249425038,PRJNA1087582,SAMN40466117,Pathogen.cl,524310736,"FIND, THE FOUNDATION FOR INNOVATIVE NEW DIAGNOSTICS","Phthisiopneumology Institute\, Chisinau\, Moldova",2019-11,public,"fastq,run.zq,sra","gs,ncbi,s3","gs.us-east1,ncbi.public,s3.us-east-1",SRX23956609,Moldova,Europe,Moldova,tuberculosis,Homo sapiens,TB034030152,Illumina HiSeq X,sputum,missing,WGS-TB034030152,PAIRED,RANDOM,GENOMIC,Mycobacterium tuberculosis,ILLUMINA,2024-03-15T00:00:00Z,2024-03-15T05:39:00Z,1,TB034030152,SRP495384,not applicable
SRR28351209,WGS,302,1488567060,PRJNA1087582,SAMN40466116,Pathogen.cl,626289240,"FIND, THE FOUNDATION FOR INNOVATIVE NEW DIAGNOSTICS","Phthisiopneumology Institute\, Chisinau\, Moldova",2019-11,public,"fastq,run.zq,sra","gs,ncbi,s3","gs.us-east1,ncbi.public,s3.us-east-1",SRX23956608,Moldova,Europe,Moldova,tuberculosis,Homo sapiens,TB034030151,Illumina HiSeq X,sputum,missing,WGS-TB034030151,PAIRED,RANDOM,GENOMIC,Mycobacterium tuberculosis,ILLUMINA,2024-03-15T00:00:00Z,2024-03-15T05:38:00Z,1,TB034030151,SRP495384,not applicable
SRR28351210,WGS,302,1268354096,PRJNA1087582,SAMN40466115,Pathogen.cl,567572945,"FIND, THE FOUNDATION FOR INNOVATIVE NEW DIAGNOSTICS","Phthisiopneumology Institute\, Chisinau\, Moldova",2019-11,public,"fastq,run.zq,sra","gs,ncbi,s3","gs.us-east1,ncbi.public,s3.us-east-1",SRX23956607,Moldova,Europe,Moldova,tuberculosis,Homo sapiens,TB034030150,Illumina HiSeq X,sputum,missing,WGS-TB034030150,PAIRED,RANDOM,GENOMIC,Mycobacterium tuberculosis,ILLUMINA,2024-03-15T00:00:00Z,2024-03-15T05:39:00Z,1,TB034030150,SRP495384,not applicable
SRR28351211,WGS,302,1468818676,PRJNA1087582,SAMN40466114,Pathogen.cl,620781248,"FIND, THE FOUNDATION FOR INNOVATIVE NEW DIAGNOSTICS","Phthisiopneumology Institute\, Chisinau\, Moldova",2019-11,public,"fastq,run.zq,sra","gs,ncbi,s3","gs.us-east1,ncbi.public,s3.us-east-1",SRX23956606,Moldova,Europe,Moldova,tuberculosis,Homo sapiens,TB034030148,Illumina HiSeq X,sputum,missing,WGS-TB034030148,PAIRED,RANDOM,GENOMIC,Mycobacterium tuberculosis,ILLUMINA,2024-03-15T00:00:00Z,2024-03-15T05:40:00Z,1,TB034030148,SRP495384,not applicable
SRR28351212,WGS,302,1515470126,PRJNA1087582,SAMN40465772,Pathogen.cl,676557203,"FIND, THE FOUNDATION FOR INNOVATIVE NEW DIAGNOSTICS","Hinduja\, Mumbai\, India",2019-11,public,"fastq,run.zq,sra","gs,ncbi,s3","gs.us-east1,ncbi.public,s3.us-east-1",SRX23956605,India,Asia,India,tuberculosis,Homo sapiens,TB034010072,Illumina HiSeq X,sputum,missing,WGS-TB034010072,PAIRED,RANDOM,GENOMIC,Mycobacterium tuberculosis,ILLUMINA,2024-03-15T00:00:00Z,2024-03-15T05:40:00Z,1,TB034010072,SRP495384,not applicable
SRR28351213,WGS,302,1476186570,PRJNA1087582,SAMN40466113,Pathogen.cl,622614141,"FIND, THE FOUNDATION FOR INNOVATIVE NEW DIAGNOSTICS","Phthisiopneumology Institute\, Chisinau\, Moldova",2019-11,public,"fastq,run.zq,sra","gs,ncbi,s3","gs.us-east1,ncbi.public,s3.us-east-1",SRX23956604,Moldova,Europe,Moldova,tuberculosis,Homo sapiens,TB034030147,Illumina HiSeq X,sputum,missing,WGS-TB034030147,PAIRED,RANDOM,GENOMIC,Mycobacterium tuberculosis,ILLUMINA,2024-03-15T00:00:00Z,2024-03-15T05:40:00Z,1,TB034030147,SRP495384,not applicable
SRR28351214,WGS,302,1336251548,PRJNA1087582,SAMN40466112,Pathogen.cl,562921942,"FIND, THE FOUNDATION FOR INNOVATIVE NEW DIAGNOSTICS","Phthisiopneumology Institute\, Chisinau\, Moldova",2019-11,public,"fastq,run.zq,sra","gs,ncbi,s3","gs.us-east1,ncbi.public,s3.us-east-1",SRX23956603,Moldova,Europe,Moldova,tuberculosis,Homo sapiens,TB034030146,Illumina HiSeq X,sputum,missing,WGS-TB034030146,PAIRED,RANDOM,GENOMIC,Mycobacterium tuberculosis,ILLUMINA,2024-03-15T00:00:00Z,2024-03-15T05:39:00Z,1,TB034030146,SRP495384,not applicable
SRR28351215,WGS,302,1220615748,PRJNA1087582,SAMN40466111,Pathogen.cl,519788601,"FIND, THE FOUNDATION FOR INNOVATIVE NEW DIAGNOSTICS","Phthisiopneumology Institute\, Chisinau\, Moldova",2019-11,public,"fastq,run.zq,sra","gs,ncbi,s3","gs.us-east1,ncbi.public,s3.us-east-1",SRX23956602,Moldova,Europe,Moldova,tuberculosis,Homo sapiens,TB034030145,Illumina HiSeq X,sputum,missing,WGS-TB034030145,PAIRED,RANDOM,GENOMIC,Mycobacterium tuberculosis,ILLUMINA,2024-03-15T00:00:00Z,2024-03-15T05:39:00Z,1,TB034030145,SRP495384,not applicable
SRR28351216,WGS,302,1468117432,PRJNA1087582,SAMN40466110,Pathogen.cl,613587178,"FIND, THE FOUNDATION FOR INNOVATIVE NEW DIAGNOSTICS","Phthisiopneumology Institute\, Chisinau\, Moldova",2019-11,public,"fastq,run.zq,sra","gs,ncbi,s3","gs.us-east1,ncbi.public,s3.us-east-1",SRX23956601,Moldova,Europe,Moldova,tuberculosis,Homo sapiens,TB034030144,Illumina HiSeq X,sputum,missing,WGS-TB034030144,PAIRED,RANDOM,GENOMIC,Mycobacterium tuberculosis,ILLUMINA,2024-03-15T00:00:00Z,2024-03-15T05:40:00Z,1,TB034030144,SRP495384,not applicable
SRR28351217,WGS,302,1210885610,PRJNA1087582,SAMN40466109,Pathogen.cl,511376733,"FIND, THE FOUNDATION FOR INNOVATIVE NEW DIAGNOSTICS","Phthisiopneumology Institute\, Chisinau\, Moldova",2019-11,public,"fastq,run.zq,sra","gs,ncbi,s3","gs.us-east1,ncbi.public,s3.us-east-1",SRX23956600,Moldova,Europe,Moldova,tuberculosis,Homo sapiens,TB034030143,Illumina HiSeq X,sputum,missing,WGS-TB034030143,PAIRED,RANDOM,GENOMIC,Mycobacterium tuberculosis,ILLUMINA,2024-03-15T00:00:00Z,2024-03-15T05:38:00Z,1,TB034030143,SRP495384,not applicable
SRR28351218,WGS,302,1205551384,PRJNA1087582,SAMN40466108,Pathogen.cl,510875291,"FIND, THE FOUNDATION FOR INNOVATIVE NEW DIAGNOSTICS","Phthisiopneumology Institute\, Chisinau\, Moldova",2019-11,public,"fastq,run.zq,sra","gs,ncbi,s3","gs.us-east1,ncbi.public,s3.us-east-1",SRX23956599,Moldova,Europe,Moldova,tuberculosis,Homo sapiens,TB034030142,Illumina HiSeq X,sputum,missing,WGS-TB034030142,PAIRED,RANDOM,GENOMIC,Mycobacterium tuberculosis,ILLUMINA,2024-03-15T00:00:00Z,2024-03-15T05:38:00Z,1,TB034030142,SRP495384,not applicable
SRR28351219,WGS,302,1194877798,PRJNA1087582,SAMN40466107,Pathogen.cl,503677073,"FIND, THE FOUNDATION FOR INNOVATIVE NEW DIAGNOSTICS","Phthisiopneumology Institute\, Chisinau\, Moldova",2019-11,public,"fastq,run.zq,sra","gs,ncbi,s3","gs.us-east1,ncbi.public,s3.us-east-1",SRX23956598,Moldova,Europe,Moldova,tuberculosis,Homo sapiens,TB034030141,Illumina HiSeq X,sputum,missing,WGS-TB034030141,PAIRED,RANDOM,GENOMIC,Mycobacterium tuberculosis,ILLUMINA,2024-03-15T00:00:00Z,2024-03-15T05:39:00Z,1,TB034030141,SRP495384,not applicable
SRR28351220,WGS,302,1296936886,PRJNA1087582,SAMN40466106,Pathogen.cl,547982605,"FIND, THE FOUNDATION FOR INNOVATIVE NEW DIAGNOSTICS","Phthisiopneumology Institute\, Chisinau\, Moldova",2019-11,public,"fastq,run.zq,sra","gs,ncbi,s3","gs.us-east1,ncbi.public,s3.us-east-1",SRX23956597,Moldova,Europe,Moldova,tuberculosis,Homo sapiens,TB034030140,Illumina HiSeq X,sputum,missing,WGS-TB034030140,PAIRED,RANDOM,GENOMIC,Mycobacterium tuberculosis,ILLUMINA,2024-03-15T00:00:00Z,2024-03-15T05:38:00Z,1,TB034030140,SRP495384,not applicable
SRR28351221,WGS,302,1314724686,PRJNA1087582,SAMN40466062,Pathogen.cl,551186153,"FIND, THE FOUNDATION FOR INNOVATIVE NEW DIAGNOSTICS","Phthisiopneumology Institute\, Chisinau\, Moldova",2019-09,public,"fastq,run.zq,sra","gs,ncbi,s3","gs.us-east1,ncbi.public,s3.us-east-1",SRX23956596,Moldova,Europe,Moldova,tuberculosis,Homo sapiens,TB034030088,Illumina HiSeq X,sputum,missing,WGS-TB034030088,PAIRED,RANDOM,GENOMIC,Mycobacterium tuberculosis,ILLUMINA,2024-03-15T00:00:00Z,2024-03-15T05:38:00Z,1,TB034030088,SRP495384,not applicable
SRR28351222,WGS,302,2246981774,PRJNA1087582,SAMN40466061,Pathogen.cl,912113203,"FIND, THE FOUNDATION FOR INNOVATIVE NEW DIAGNOSTICS","Phthisiopneumology Institute\, Chisinau\, Moldova",2019-09,public,"fastq,run.zq,sra","gs,ncbi,s3","gs.us-east1,ncbi.public,s3.us-east-1",SRX23956595,Moldova,Europe,Moldova,tuberculosis,Homo sapiens,TB034030087,Illumina HiSeq X,sputum,missing,WGS-TB034030087,PAIRED,RANDOM,GENOMIC,Mycobacterium tuberculosis,ILLUMINA,2024-03-15T00:00:00Z,2024-03-15T05:40:00Z,1,TB034030087,SRP495384,not applicable
SRR28351223,WGS,302,2256033016,PRJNA1087582,SAMN40466060,Pathogen.cl,1001799940,"FIND, THE FOUNDATION FOR INNOVATIVE NEW DIAGNOSTICS","Phthisiopneumology Institute\, Chisinau\, Moldova",2019-09,public,"fastq,run.zq,sra","gs,ncbi,s3","gs.us-east1,ncbi.public,s3.us-east-1",SRX23956594,Moldova,Europe,Moldova,tuberculosis,Homo sapiens,TB034030086,Illumina HiSeq X,sputum,missing,WGS-TB034030086,PAIRED,RANDOM,GENOMIC,Mycobacterium tuberculosis,ILLUMINA,2024-03-15T00:00:00Z,2024-03-15T05:41:00Z,1,TB034030086,SRP495384,not applicable
SRR28351224,WGS,302,1377892214,PRJNA1087582,SAMN40466059,Pathogen.cl,583449163,"FIND, THE FOUNDATION FOR INNOVATIVE NEW DIAGNOSTICS","Phthisiopneumology Institute\, Chisinau\, Moldova",2019-09,public,"fastq,run.zq,sra","gs,ncbi,s3","gs.us-east1,ncbi.public,s3.us-east-1",SRX23956593,Moldova,Europe,Moldova,tuberculosis,Homo sapiens,TB034030085,Illumina HiSeq X,sputum,missing,WGS-TB034030085,PAIRED,RANDOM,GENOMIC,Mycobacterium tuberculosis,ILLUMINA,2024-03-15T00:00:00Z,2024-03-15T05:39:00Z,1,TB034030085,SRP495384,not applicable
SRR28351225,WGS,302,1628523222,PRJNA1087582,SAMN40466058,Pathogen.cl,716913462,"FIND, THE FOUNDATION FOR INNOVATIVE NEW DIAGNOSTICS","Phthisiopneumology Institute\, Chisinau\, Moldova",2019-09,public,"fastq,run.zq,sra","gs,ncbi,s3","gs.us-east1,ncbi.public,s3.us-east-1",SRX23956592,Moldova,Europe,Moldova,tuberculosis,Homo sapiens,TB034030084,Illumina HiSeq X,sputum,missing,WGS-TB034030084,PAIRED,RANDOM,GENOMIC,Mycobacterium tuberculosis,ILLUMINA,2024-03-15T00:00:00Z,2024-03-15T05:40:00Z,1,TB034030084,SRP495384,not applicable
SRR28351226,WGS,302,1227297800,PRJNA1087582,SAMN40466057,Pathogen.cl,509774514,"FIND, THE FOUNDATION FOR INNOVATIVE NEW DIAGNOSTICS","Phthisiopneumology Institute\, Chisinau\, Moldova",2019-09,public,"fastq,run.zq,sra","gs,ncbi,s3","gs.us-east1,ncbi.public,s3.us-east-1",SRX23956591,Moldova,Europe,Moldova,tuberculosis,Homo sapiens,TB034030082,Illumina HiSeq X,sputum,missing,WGS-TB034030082,PAIRED,RANDOM,GENOMIC,Mycobacterium tuberculosis,ILLUMINA,2024-03-15T00:00:00Z,2024-03-15T05:39:00Z,1,TB034030082,SRP495384,not applicable
SRR28351227,WGS,302,1605449516,PRJNA1087582,SAMN40466056,Pathogen.cl,679138400,"FIND, THE FOUNDATION FOR INNOVATIVE NEW DIAGNOSTICS","Phthisiopneumology Institute\, Chisinau\, Moldova",2019-09,public,"fastq,run.zq,sra","gs,ncbi,s3","gs.us-east1,ncbi.public,s3.us-east-1",SRX23956590,Moldova,Europe,Moldova,tuberculosis,Homo sapiens,TB034030081,Illumina HiSeq X,sputum,missing,WGS-TB034030081,PAIRED,RANDOM,GENOMIC,Mycobacterium tuberculosis,ILLUMINA,2024-03-15T00:00:00Z,2024-03-15T05:39:00Z,1,TB034030081,SRP495384,not applicable
SRR28351228,WGS,302,1033646340,PRJNA1087582,SAMN40466055,Pathogen.cl,439926351,"FIND, THE FOUNDATION FOR INNOVATIVE NEW DIAGNOSTICS","Phthisiopneumology Institute\, Chisinau\, Moldova",2019-09,public,"fastq,run.zq,sra","gs,ncbi,s3","gs.us-east1,ncbi.public,s3.us-east-1",SRX23956589,Moldova,Europe,Moldova,tuberculosis,Homo sapiens,TB034030080,Illumina HiSeq X,sputum,missing,WGS-TB034030080,PAIRED,RANDOM,GENOMIC,Mycobacterium tuberculosis,ILLUMINA,2024-03-15T00:00:00Z,2024-03-15T05:39:00Z,1,TB034030080,SRP495384,not applicable
SRR28351229,WGS,302,1224443900,PRJNA1087582,SAMN40466054,Pathogen.cl,520425239,"FIND, THE FOUNDATION FOR INNOVATIVE NEW DIAGNOSTICS","Phthisiopneumology Institute\, Chisinau\, Moldova",2019-09,public,"fastq,run.zq,sra","gs,ncbi,s3","gs.us-east1,ncbi.public,s3.us-east-1",SRX23956588,Moldova,Europe,Moldova,tuberculosis,Homo sapiens,TB034030079,Illumina HiSeq X,sputum,missing,WGS-TB034030079,PAIRED,RANDOM,GENOMIC,Mycobacterium tuberculosis,ILLUMINA,2024-03-15T00:00:00Z,2024-03-15T05:39:00Z,1,TB034030079,SRP495384,not applicable
SRR28351230,WGS,302,1225233328,PRJNA1087582,SAMN40465766,Pathogen.cl,538106257,"FIND, THE FOUNDATION FOR INNOVATIVE NEW DIAGNOSTICS","Hinduja\, Mumbai\, India",2019-11,public,"fastq,run.zq,sra","gs,ncbi,s3","gs.us-east1,ncbi.public,s3.us-east-1",SRX23956587,India,Asia,India,tuberculosis,Homo sapiens,TB034010065,Illumina HiSeq X,sputum,missing,WGS-TB034010065,PAIRED,RANDOM,GENOMIC,Mycobacterium tuberculosis,ILLUMINA,2024-03-15T00:00:00Z,2024-03-15T05:38:00Z,1,TB034010065,SRP495384,not applicable
SRR28351231,WGS,302,1241439856,PRJNA1087582,SAMN40466053,Pathogen.cl,527615760,"FIND, THE FOUNDATION FOR INNOVATIVE NEW DIAGNOSTICS","Phthisiopneumology Institute\, Chisinau\, Moldova",2019-09,public,"fastq,run.zq,sra","gs,ncbi,s3","gs.us-east1,ncbi.public,s3.us-east-1",SRX23956586,Moldova,Europe,Moldova,tuberculosis,Homo sapiens,TB034030078,Illumina HiSeq X,sputum,missing,WGS-TB034030078,PAIRED,RANDOM,GENOMIC,Mycobacterium tuberculosis,ILLUMINA,2024-03-15T00:00:00Z,2024-03-15T05:38:00Z,1,TB034030078,SRP495384,not applicable
SRR28351232,WGS,302,843233226,PRJNA1087582,SAMN40466052,Pathogen.cl,358026271,"FIND, THE FOUNDATION FOR INNOVATIVE NEW DIAGNOSTICS","Phthisiopneumology Institute\, Chisinau\, Moldova",2019-09,public,"fastq,run.zq,sra","gs,ncbi,s3","gs.us-east1,ncbi.public,s3.us-east-1",SRX23956585,Moldova,Europe,Moldova,tuberculosis,Homo sapiens,TB034030076,Illumina HiSeq X,sputum,missing,WGS-TB034030076,PAIRED,RANDOM,GENOMIC,Mycobacterium tuberculosis,ILLUMINA,2024-03-15T00:00:00Z,2024-03-15T05:38:00Z,1,TB034030076,SRP495384,not applicable
SRR28351233,WGS,302,1226765676,PRJNA1087582,SAMN40466051,Pathogen.cl,524824606,"FIND, THE FOUNDATION FOR INNOVATIVE NEW DIAGNOSTICS","Phthisiopneumology Institute\, Chisinau\, Moldova",2019-09,public,"fastq,run.zq,sra","gs,ncbi,s3","gs.us-east1,ncbi.public,s3.us-east-1",SRX23956584,Moldova,Europe,Moldova,tuberculosis,Homo sapiens,TB034030075,Illumina HiSeq X,sputum,missing,WGS-TB034030075,PAIRED,RANDOM,GENOMIC,Mycobacterium tuberculosis,ILLUMINA,2024-03-15T00:00:00Z,2024-03-15T05:39:00Z,1,TB034030075,SRP495384,not applicable
SRR28351234,WGS,302,1099159804,PRJNA1087582,SAMN40466050,Pathogen.cl,466062932,"FIND, THE FOUNDATION FOR INNOVATIVE NEW DIAGNOSTICS","Phthisiopneumology Institute\, Chisinau\, Moldova",2019-09,public,"fastq,run.zq,sra","gs,ncbi,s3","gs.us-east1,ncbi.public,s3.us-east-1",SRX23956583,Moldova,Europe,Moldova,tuberculosis,Homo sapiens,TB034030074,Illumina HiSeq X,sputum,missing,WGS-TB034030074,PAIRED,RANDOM,GENOMIC,Mycobacterium tuberculosis,ILLUMINA,2024-03-15T00:00:00Z,2024-03-15T05:39:00Z,1,TB034030074,SRP495384,not applicable
SRR28351235,WGS,302,921593166,PRJNA1087582,SAMN40466049,Pathogen.cl,392794528,"FIND, THE FOUNDATION FOR INNOVATIVE NEW DIAGNOSTICS","Phthisiopneumology Institute\, Chisinau\, Moldova",2019-09,public,"fastq,run.zq,sra","gs,ncbi,s3","gs.us-east1,ncbi.public,s3.us-east-1",SRX23956582,Moldova,Europe,Moldova,tuberculosis,Homo sapiens,TB034030073,Illumina HiSeq X,sputum,missing,WGS-TB034030073,PAIRED,RANDOM,GENOMIC,Mycobacterium tuberculosis,ILLUMINA,2024-03-15T00:00:00Z,2024-03-15T05:39:00Z,1,TB034030073,SRP495384,not applicable
SRR28351236,WGS,302,1078996170,PRJNA1087582,SAMN40466048,Pathogen.cl,455262633,"FIND, THE FOUNDATION FOR INNOVATIVE NEW DIAGNOSTICS","Phthisiopneumology Institute\, Chisinau\, Moldova",2019-09,public,"fastq,run.zq,sra","gs,ncbi,s3","gs.us-east1,ncbi.public,s3.us-east-1",SRX23956581,Moldova,Europe,Moldova,tuberculosis,Homo sapiens,TB034030072,Illumina HiSeq X,sputum,missing,WGS-TB034030072,PAIRED,RANDOM,GENOMIC,Mycobacterium tuberculosis,ILLUMINA,2024-03-15T00:00:00Z,2024-03-15T05:38:00Z,1,TB034030072,SRP495384,not applicable
SRR28351237,WGS,302,1667715574,PRJNA1087582,SAMN40466004,Pathogen.cl,678852547,"FIND, THE FOUNDATION FOR INNOVATIVE NEW DIAGNOSTICS","Phthisiopneumology Institute\, Chisinau\, Moldova",2019-08,public,"fastq,run.zq,sra","gs,ncbi,s3","gs.us-east1,ncbi.public,s3.us-east-1",SRX23956580,Moldova,Europe,Moldova,tuberculosis,Homo sapiens,TB034030019,Illumina HiSeq X,sputum,missing,WGS-TB034030019,PAIRED,RANDOM,GENOMIC,Mycobacterium tuberculosis,ILLUMINA,2024-03-15T00:00:00Z,2024-03-15T05:40:00Z,1,TB034030019,SRP495384,not applicable
SRR28351238,WGS,302,2792358440,PRJNA1087582,SAMN40465761,Pathogen.cl,1199368384,"FIND, THE FOUNDATION FOR INNOVATIVE NEW DIAGNOSTICS","Hinduja\, Mumbai\, India",2019-11,public,"fastq,run.zq,sra","gs,ncbi,s3","gs.us-east1,ncbi.public,s3.us-east-1",SRX23956579,India,Asia,India,tuberculosis,Homo sapiens,TB034010058,Illumina HiSeq X,sputum,missing,WGS-TB034010058,PAIRED,RANDOM,GENOMIC,Mycobacterium tuberculosis,ILLUMINA,2024-03-15T00:00:00Z,2024-03-15T05:42:00Z,1,TB034010058,SRP495384,not applicable
SRR28351239,WGS,302,1762830172,PRJNA1087582,SAMN40466003,Pathogen.cl,720773560,"FIND, THE FOUNDATION FOR INNOVATIVE NEW DIAGNOSTICS","Phthisiopneumology Institute\, Chisinau\, Moldova",2019-08,public,"fastq,run.zq,sra","gs,ncbi,s3","gs.us-east1,ncbi.public,s3.us-east-1",SRX23956578,Moldova,Europe,Moldova,tuberculosis,Homo sapiens,TB034030018,Illumina HiSeq X,sputum,missing,WGS-TB034030018,PAIRED,RANDOM,GENOMIC,Mycobacterium tuberculosis,ILLUMINA,2024-03-15T00:00:00Z,2024-03-15T05:39:00Z,1,TB034030018,SRP495384,not applicable
SRR28351240,WGS,302,1622183336,PRJNA1087582,SAMN40466002,Pathogen.cl,663939963,"FIND, THE FOUNDATION FOR INNOVATIVE NEW DIAGNOSTICS","Phthisiopneumology Institute\, Chisinau\, Moldova",2019-08,public,"fastq,run.zq,sra","gs,ncbi,s3","gs.us-east1,ncbi.public,s3.us-east-1",SRX23956577,Moldova,Europe,Moldova,tuberculosis,Homo sapiens,TB034030017,Illumina HiSeq X,sputum,missing,WGS-TB034030017,PAIRED,RANDOM,GENOMIC,Mycobacterium tuberculosis,ILLUMINA,2024-03-15T00:00:00Z,2024-03-15T05:40:00Z,1,TB034030017,SRP495384,not applicable
SRR28351241,WGS,302,1631763078,PRJNA1087582,SAMN40466001,Pathogen.cl,664223667,"FIND, THE FOUNDATION FOR INNOVATIVE NEW DIAGNOSTICS","Phthisiopneumology Institute\, Chisinau\, Moldova",2019-08,public,"fastq,run.zq,sra","gs,ncbi,s3","gs.us-east1,ncbi.public,s3.us-east-1",SRX23956576,Moldova,Europe,Moldova,tuberculosis,Homo sapiens,TB034030016,Illumina HiSeq X,sputum,missing,WGS-TB034030016,PAIRED,RANDOM,GENOMIC,Mycobacterium tuberculosis,ILLUMINA,2024-03-15T00:00:00Z,2024-03-15T05:39:00Z,1,TB034030016,SRP495384,not applicable
SRR28351242,WGS,302,1836665246,PRJNA1087582,SAMN40466000,Pathogen.cl,748608817,"FIND, THE FOUNDATION FOR INNOVATIVE NEW DIAGNOSTICS","Phthisiopneumology Institute\, Chisinau\, Moldova",2019-08,public,"fastq,run.zq,sra","gs,ncbi,s3","gs.us-east1,ncbi.public,s3.us-east-1",SRX23956575,Moldova,Europe,Moldova,tuberculosis,Homo sapiens,TB034030015,Illumina HiSeq X,sputum,missing,WGS-TB034030015,PAIRED,RANDOM,GENOMIC,Mycobacterium tuberculosis,ILLUMINA,2024-03-15T00:00:00Z,2024-03-15T05:39:00Z,1,TB034030015,SRP495384,not applicable
SRR28351243,WGS,302,1670613566,PRJNA1087582,SAMN40465999,Pathogen.cl,682274702,"FIND, THE FOUNDATION FOR INNOVATIVE NEW DIAGNOSTICS","Phthisiopneumology Institute\, Chisinau\, Moldova",2019-08,public,"fastq,run.zq,sra","gs,ncbi,s3","gs.us-east1,ncbi.public,s3.us-east-1",SRX23956574,Moldova,Europe,Moldova,tuberculosis,Homo sapiens,TB034030014,Illumina HiSeq X,sputum,missing,WGS-TB034030014,PAIRED,RANDOM,GENOMIC,Mycobacterium tuberculosis,ILLUMINA,2024-03-15T00:00:00Z,2024-03-15T05:39:00Z,1,TB034030014,SRP495384,not applicable
SRR28351244,WGS,302,1696876996,PRJNA1087582,SAMN40465998,Pathogen.cl,697240052,"FIND, THE FOUNDATION FOR INNOVATIVE NEW DIAGNOSTICS","Phthisiopneumology Institute\, Chisinau\, Moldova",2019-08,public,"fastq,run.zq,sra","gs,ncbi,s3","gs.us-east1,ncbi.public,s3.us-east-1",SRX23956573,Moldova,Europe,Moldova,tuberculosis,Homo sapiens,TB034030013,Illumina HiSeq X,sputum,missing,WGS-TB034030013,PAIRED,RANDOM,GENOMIC,Mycobacterium tuberculosis,ILLUMINA,2024-03-15T00:00:00Z,2024-03-15T05:39:00Z,1,TB034030013,SRP495384,not applicable
SRR28351245,WGS,302,1745767172,PRJNA1087582,SAMN40465997,Pathogen.cl,717054211,"FIND, THE FOUNDATION FOR INNOVATIVE NEW DIAGNOSTICS","Phthisiopneumology Institute\, Chisinau\, Moldova",2019-08,public,"fastq,run.zq,sra","gs,ncbi,s3","gs.us-east1,ncbi.public,s3.us-east-1",SRX23956572,Moldova,Europe,Moldova,tuberculosis,Homo sapiens,TB034030012,Illumina HiSeq X,sputum,missing,WGS-TB034030012,PAIRED,RANDOM,GENOMIC,Mycobacterium tuberculosis,ILLUMINA,2024-03-15T00:00:00Z,2024-03-15T05:39:00Z,1,TB034030012,SRP495384,not applicable
SRR28351246,WGS,302,2378998960,PRJNA1087582,SAMN40465996,Pathogen.cl,978243884,"FIND, THE FOUNDATION FOR INNOVATIVE NEW DIAGNOSTICS","Phthisiopneumology Institute\, Chisinau\, Moldova",2019-08,public,"fastq,run.zq,sra","gs,ncbi,s3","gs.us-east1,ncbi.public,s3.us-east-1",SRX23956571,Moldova,Europe,Moldova,tuberculosis,Homo sapiens,TB034030011,Illumina HiSeq X,sputum,missing,WGS-TB034030011,PAIRED,RANDOM,GENOMIC,Mycobacterium tuberculosis,ILLUMINA,2024-03-15T00:00:00Z,2024-03-15T05:41:00Z,1,TB034030011,SRP495384,not applicable
SRR28351247,WGS,302,1900153498,PRJNA1087582,SAMN40465995,Pathogen.cl,784874983,"FIND, THE FOUNDATION FOR INNOVATIVE NEW DIAGNOSTICS","Phthisiopneumology Institute\, Chisinau\, Moldova",2019-08,public,"fastq,run.zq,sra","gs,ncbi,s3","gs.us-east1,ncbi.public,s3.us-east-1",SRX23956570,Moldova,Europe,Moldova,tuberculosis,Homo sapiens,TB034030010,Illumina HiSeq X,sputum,missing,WGS-TB034030010,PAIRED,RANDOM,GENOMIC,Mycobacterium tuberculosis,ILLUMINA,2024-03-15T00:00:00Z,2024-03-15T05:39:00Z,1,TB034030010,SRP495384,not applicable
SRR28351248,WGS,302,2410911904,PRJNA1087582,SAMN40465994,Pathogen.cl,1008645331,"FIND, THE FOUNDATION FOR INNOVATIVE NEW DIAGNOSTICS","Phthisiopneumology Institute\, Chisinau\, Moldova",2019-08,public,"fastq,run.zq,sra","gs,ncbi,s3","gs.us-east1,ncbi.public,s3.us-east-1",SRX23956569,Moldova,Europe,Moldova,tuberculosis,Homo sapiens,TB034030009,Illumina HiSeq X,sputum,missing,WGS-TB034030009,PAIRED,RANDOM,GENOMIC,Mycobacterium tuberculosis,ILLUMINA,2024-03-15T00:00:00Z,2024-03-15T05:39:00Z,1,TB034030009,SRP495384,not applicable
SRR28351249,WGS,302,1687637608,PRJNA1087582,SAMN40465760,Pathogen.cl,731098684,"FIND, THE FOUNDATION FOR INNOVATIVE NEW DIAGNOSTICS","Hinduja\, Mumbai\, India",2019-11,public,"fastq,run.zq,sra","gs,ncbi,s3","gs.us-east1,ncbi.public,s3.us-east-1",SRX23956568,India,Asia,India,tuberculosis,Homo sapiens,TB034010057,Illumina HiSeq X,sputum,missing,WGS-TB034010057,PAIRED,RANDOM,GENOMIC,Mycobacterium tuberculosis,ILLUMINA,2024-03-15T00:00:00Z,2024-03-15T05:39:00Z,1,TB034010057,SRP495384,not applicable
SRR28351250,WGS,302,1605415088,PRJNA1087582,SAMN40465993,Pathogen.cl,652213090,"FIND, THE FOUNDATION FOR INNOVATIVE NEW DIAGNOSTICS","Phthisiopneumology Institute\, Chisinau\, Moldova",2019-07,public,"fastq,run.zq,sra","gs,ncbi,s3","gs.us-east1,ncbi.public,s3.us-east-1",SRX23956567,Moldova,Europe,Moldova,tuberculosis,Homo sapiens,TB034030008,Illumina HiSeq X,sputum,missing,WGS-TB034030008,PAIRED,RANDOM,GENOMIC,Mycobacterium tuberculosis,ILLUMINA,2024-03-15T00:00:00Z,2024-03-15T05:39:00Z,1,TB034030008,SRP495384,not applicable
SRR28351251,WGS,302,1529745968,PRJNA1087582,SAMN40465992,Pathogen.cl,620761805,"FIND, THE FOUNDATION FOR INNOVATIVE NEW DIAGNOSTICS","Phthisiopneumology Institute\, Chisinau\, Moldova",2019-07,public,"fastq,run.zq,sra","gs,ncbi,s3","gs.us-east1,ncbi.public,s3.us-east-1",SRX23956566,Moldova,Europe,Moldova,tuberculosis,Homo sapiens,TB034030007,Illumina HiSeq X,sputum,missing,WGS-TB034030007,PAIRED,RANDOM,GENOMIC,Mycobacterium tuberculosis,ILLUMINA,2024-03-15T00:00:00Z,2024-03-15T05:39:00Z,1,TB034030007,SRP495384,not applicable
SRR28351252,WGS,302,1825050024,PRJNA1087582,SAMN40465991,Pathogen.cl,738015567,"FIND, THE FOUNDATION FOR INNOVATIVE NEW DIAGNOSTICS","Phthisiopneumology Institute\, Chisinau\, Moldova",2019-07,public,"fastq,run.zq,sra","gs,ncbi,s3","gs.us-east1,ncbi.public,s3.us-east-1",SRX23956565,Moldova,Europe,Moldova,tuberculosis,Homo sapiens,TB034030006,Illumina HiSeq X,sputum,missing,WGS-TB034030006,PAIRED,RANDOM,GENOMIC,Mycobacterium tuberculosis,ILLUMINA,2024-03-15T00:00:00Z,2024-03-15T05:41:00Z,1,TB034030006,SRP495384,not applicable
SRR28351253,WGS,302,2269916258,PRJNA1087582,SAMN40465946,Pathogen.cl,952942164,"FIND, THE FOUNDATION FOR INNOVATIVE NEW DIAGNOSTICS","National Institute of TB and Respiratory Diseases\, New Delhi\, India",2020-01,public,"fastq,run.zq,sra","gs,ncbi,s3","gs.us-east1,ncbi.public,s3.us-east-1",SRX23956564,India,Asia,India,tuberculosis,Homo sapiens,TB034020096,Illumina HiSeq X,sputum,missing,WGS-TB034020096,PAIRED,RANDOM,GENOMIC,Mycobacterium tuberculosis,ILLUMINA,2024-03-15T00:00:00Z,2024-03-15T05:39:00Z,1,TB034020096,SRP495384,not applicable
SRR28351254,WGS,302,2269999610,PRJNA1087582,SAMN40465945,Pathogen.cl,988582716,"FIND, THE FOUNDATION FOR INNOVATIVE NEW DIAGNOSTICS","National Institute of TB and Respiratory Diseases\, New Delhi\, India",2020-01,public,"fastq,run.zq,sra","gs,ncbi,s3","gs.us-east1,ncbi.public,s3.us-east-1",SRX23956563,India,Asia,India,tuberculosis,Homo sapiens,TB034020094,Illumina HiSeq X,sputum,missing,WGS-TB034020094,PAIRED,RANDOM,GENOMIC,Mycobacterium tuberculosis,ILLUMINA,2024-03-15T00:00:00Z,2024-03-15T05:40:00Z,1,TB034020094,SRP495384,not applicable
SRR28351255,WGS,302,1366124784,PRJNA1087582,SAMN40465944,Pathogen.cl,578429196,"FIND, THE FOUNDATION FOR INNOVATIVE NEW DIAGNOSTICS","National Institute of TB and Respiratory Diseases\, New Delhi\, India",2020-01,public,"fastq,run.zq,sra","gs,ncbi,s3","gs.us-east1,ncbi.public,s3.us-east-1",SRX23956562,India,Asia,India,tuberculosis,Homo sapiens,TB034020093,Illumina HiSeq X,sputum,missing,WGS-TB034020093,PAIRED,RANDOM,GENOMIC,Mycobacterium tuberculosis,ILLUMINA,2024-03-15T00:00:00Z,2024-03-15T05:39:00Z,1,TB034020093,SRP495384,not applicable
SRR28351256,WGS,302,993993136,PRJNA1087582,SAMN40465755,Pathogen.cl,445304612,"FIND, THE FOUNDATION FOR INNOVATIVE NEW DIAGNOSTICS","Hinduja\, Mumbai\, India",2019-11,public,"fastq,run.zq,sra","gs,ncbi,s3","gs.us-east1,ncbi.public,s3.us-east-1",SRX23956561,India,Asia,India,tuberculosis,Homo sapiens,TB034010049,Illumina HiSeq X,sputum,missing,WGS-TB034010049,PAIRED,RANDOM,GENOMIC,Mycobacterium tuberculosis,ILLUMINA,2024-03-15T00:00:00Z,2024-03-15T05:39:00Z,1,TB034010049,SRP495384,not applicable
SRR28351257,WGS,302,1918163268,PRJNA1087582,SAMN40465943,Pathogen.cl,812074133,"FIND, THE FOUNDATION FOR INNOVATIVE NEW DIAGNOSTICS","National Institute of TB and Respiratory Diseases\, New Delhi\, India",2020-01,public,"fastq,run.zq,sra","gs,ncbi,s3","gs.us-east1,ncbi.public,s3.us-east-1",SRX23956560,India,Asia,India,tuberculosis,Homo sapiens,TB034020092,Illumina HiSeq X,sputum,missing,WGS-TB034020092,PAIRED,RANDOM,GENOMIC,Mycobacterium tuberculosis,ILLUMINA,2024-03-15T00:00:00Z,2024-03-15T05:40:00Z,1,TB034020092,SRP495384,not applicable
SRR28351258,WGS,302,2006311028,PRJNA1087582,SAMN40465942,Pathogen.cl,842683730,"FIND, THE FOUNDATION FOR INNOVATIVE NEW DIAGNOSTICS","National Institute of TB and Respiratory Diseases\, New Delhi\, India",2020-01,public,"fastq,run.zq,sra","gs,ncbi,s3","gs.us-east1,ncbi.public,s3.us-east-1",SRX23956559,India,Asia,India,tuberculosis,Homo sapiens,TB034020091,Illumina HiSeq X,sputum,missing,WGS-TB034020091,PAIRED,RANDOM,GENOMIC,Mycobacterium tuberculosis,ILLUMINA,2024-03-15T00:00:00Z,2024-03-15T05:41:00Z,1,TB034020091,SRP495384,not applicable
SRR28351259,WGS,302,1371349384,PRJNA1087582,SAMN40465941,Pathogen.cl,595647437,"FIND, THE FOUNDATION FOR INNOVATIVE NEW DIAGNOSTICS","National Institute of TB and Respiratory Diseases\, New Delhi\, India",2020-01,public,"fastq,run.zq,sra","gs,ncbi,s3","gs.us-east1,ncbi.public,s3.us-east-1",SRX23956558,India,Asia,India,tuberculosis,Homo sapiens,TB034020090,Illumina HiSeq X,sputum,missing,WGS-TB034020090,PAIRED,RANDOM,GENOMIC,Mycobacterium tuberculosis,ILLUMINA,2024-03-15T00:00:00Z,2024-03-15T05:40:00Z,1,TB034020090,SRP495384,not applicable
SRR28351260,WGS,302,2212560418,PRJNA1087582,SAMN40465940,Pathogen.cl,937162922,"FIND, THE FOUNDATION FOR INNOVATIVE NEW DIAGNOSTICS","National Institute of TB and Respiratory Diseases\, New Delhi\, India",2020-01,public,"fastq,run.zq,sra","gs,ncbi,s3","gs.us-east1,ncbi.public,s3.us-east-1",SRX23956557,India,Asia,India,tuberculosis,Homo sapiens,TB034020089,Illumina HiSeq X,sputum,missing,WGS-TB034020089,PAIRED,RANDOM,GENOMIC,Mycobacterium tuberculosis,ILLUMINA,2024-03-15T00:00:00Z,2024-03-15T05:39:00Z,1,TB034020089,SRP495384,not applicable
SRR28351261,WGS,302,1241666960,PRJNA1087582,SAMN40465939,Pathogen.cl,537520913,"FIND, THE FOUNDATION FOR INNOVATIVE NEW DIAGNOSTICS","National Institute of TB and Respiratory Diseases\, New Delhi\, India",2020-01,public,"fastq,run.zq,sra","gs,ncbi,s3","gs.us-east1,ncbi.public,s3.us-east-1",SRX23956556,India,Asia,India,tuberculosis,Homo sapiens,TB034020088,Illumina HiSeq X,sputum,missing,WGS-TB034020088,PAIRED,RANDOM,GENOMIC,Mycobacterium tuberculosis,ILLUMINA,2024-03-15T00:00:00Z,2024-03-15T05:39:00Z,1,TB034020088,SRP495384,not applicable
SRR28351262,WGS,302,2295688636,PRJNA1087582,SAMN40465938,Pathogen.cl,965687082,"FIND, THE FOUNDATION FOR INNOVATIVE NEW DIAGNOSTICS","National Institute of TB and Respiratory Diseases\, New Delhi\, India",2020-01,public,"fastq,run.zq,sra","gs,ncbi,s3","gs.us-east1,ncbi.public,s3.us-east-1",SRX23956555,India,Asia,India,tuberculosis,Homo sapiens,TB034020087,Illumina HiSeq X,sputum,missing,WGS-TB034020087,PAIRED,RANDOM,GENOMIC,Mycobacterium tuberculosis,ILLUMINA,2024-03-15T00:00:00Z,2024-03-15T05:39:00Z,1,TB034020087,SRP495384,not applicable
SRR28351263,WGS,302,1983200478,PRJNA1087582,SAMN40465937,Pathogen.cl,812466134,"FIND, THE FOUNDATION FOR INNOVATIVE NEW DIAGNOSTICS","National Institute of TB and Respiratory Diseases\, New Delhi\, India",2020-01,public,"fastq,run.zq,sra","gs,ncbi,s3","gs.us-east1,ncbi.public,s3.us-east-1",SRX23956554,India,Asia,India,tuberculosis,Homo sapiens,TB034020086,Illumina HiSeq X,sputum,missing,WGS-TB034020086,PAIRED,RANDOM,GENOMIC,Mycobacterium tuberculosis,ILLUMINA,2024-03-15T00:00:00Z,2024-03-15T05:39:00Z,1,TB034020086,SRP495384,not applicable
SRR28351264,WGS,302,1968281376,PRJNA1087582,SAMN40465936,Pathogen.cl,809594481,"FIND, THE FOUNDATION FOR INNOVATIVE NEW DIAGNOSTICS","National Institute of TB and Respiratory Diseases\, New Delhi\, India",2020-01,public,"fastq,run.zq,sra","gs,ncbi,s3","gs.us-east1,ncbi.public,s3.us-east-1",SRX23956553,India,Asia,India,tuberculosis,Homo sapiens,TB034020085,Illumina HiSeq X,sputum,missing,WGS-TB034020085,PAIRED,RANDOM,GENOMIC,Mycobacterium tuberculosis,ILLUMINA,2024-03-15T00:00:00Z,2024-03-15T05:40:00Z,1,TB034020085,SRP495384,not applicable
SRR28351265,WGS,302,1791588122,PRJNA1087582,SAMN40465935,Pathogen.cl,738594296,"FIND, THE FOUNDATION FOR INNOVATIVE NEW DIAGNOSTICS","National Institute of TB and Respiratory Diseases\, New Delhi\, India",2020-01,public,"fastq,run.zq,sra","gs,ncbi,s3","gs.us-east1,ncbi.public,s3.us-east-1",SRX23956552,India,Asia,India,tuberculosis,Homo sapiens,TB034020084,Illumina HiSeq X,sputum,missing,WGS-TB034020084,PAIRED,RANDOM,GENOMIC,Mycobacterium tuberculosis,ILLUMINA,2024-03-15T00:00:00Z,2024-03-15T05:40:00Z,1,TB034020084,SRP495384,not applicable
SRR28351266,WGS,302,1410745888,PRJNA1087582,SAMN40465934,Pathogen.cl,613553877,"FIND, THE FOUNDATION FOR INNOVATIVE NEW DIAGNOSTICS","National Institute of TB and Respiratory Diseases\, New Delhi\, India",2020-01,public,"fastq,run.zq,sra","gs,ncbi,s3","gs.us-east1,ncbi.public,s3.us-east-1",SRX23956551,India,Asia,India,tuberculosis,Homo sapiens,TB034020083,Illumina HiSeq X,sputum,missing,WGS-TB034020083,PAIRED,RANDOM,GENOMIC,Mycobacterium tuberculosis,ILLUMINA,2024-03-15T00:00:00Z,2024-03-15T05:39:00Z,1,TB034020083,SRP495384,not applicable
SRR28351267,WGS,302,1256071454,PRJNA1087582,SAMN40465754,Pathogen.cl,547046299,"FIND, THE FOUNDATION FOR INNOVATIVE NEW DIAGNOSTICS","Hinduja\, Mumbai\, India",2019-11,public,"fastq,run.zq,sra","gs,ncbi,s3","gs.us-east1,ncbi.public,s3.us-east-1",SRX23956550,India,Asia,India,tuberculosis,Homo sapiens,TB034010048,Illumina HiSeq X,sputum,missing,WGS-TB034010048,PAIRED,RANDOM,GENOMIC,Mycobacterium tuberculosis,ILLUMINA,2024-03-15T00:00:00Z,2024-03-15T05:39:00Z,1,TB034010048,SRP495384,not applicable
SRR28351268,WGS,302,1279976566,PRJNA1087582,SAMN40465736,Pathogen.cl,557359243,"FIND, THE FOUNDATION FOR INNOVATIVE NEW DIAGNOSTICS","Hinduja\, Mumbai\, India",2019-10,public,"fastq,run.zq,sra","gs,ncbi,s3","gs.us-east1,ncbi.public,s3.us-east-1",SRX23956549,India,Asia,India,tuberculosis,Homo sapiens,TB034010007,Illumina HiSeq X,sputum,missing,WGS-TB034010007,PAIRED,RANDOM,GENOMIC,Mycobacterium tuberculosis,ILLUMINA,2024-03-15T00:00:00Z,2024-03-15T05:40:00Z,1,TB034010007,SRP495384,not applicable
SRR28351269,WGS,302,2172842284,PRJNA1087582,SAMN40465806,Pathogen.cl,981676115,"FIND, THE FOUNDATION FOR INNOVATIVE NEW DIAGNOSTICS","Hinduja\, Mumbai\, India",2019-12,public,"fastq,run.zq,sra","gs,ncbi,s3","gs.us-east1,ncbi.public,s3.us-east-1",SRX23956548,India,Asia,India,tuberculosis,Homo sapiens,TB034010113,Illumina HiSeq X,sputum,missing,WGS-TB034010113,PAIRED,RANDOM,GENOMIC,Mycobacterium tuberculosis,ILLUMINA,2024-03-15T00:00:00Z,2024-03-15T05:41:00Z,1,TB034010113,SRP495384,not applicable
SRR28351270,WGS,302,2091296244,PRJNA1087582,SAMN40465805,Pathogen.cl,943568570,"FIND, THE FOUNDATION FOR INNOVATIVE NEW DIAGNOSTICS","Hinduja\, Mumbai\, India",2019-12,public,"fastq,run.zq,sra","gs,ncbi,s3","gs.us-east1,ncbi.public,s3.us-east-1",SRX23956547,India,Asia,India,tuberculosis,Homo sapiens,TB034010111,Illumina HiSeq X,sputum,missing,WGS-TB034010111,PAIRED,RANDOM,GENOMIC,Mycobacterium tuberculosis,ILLUMINA,2024-03-15T00:00:00Z,2024-03-15T05:39:00Z,1,TB034010111,SRP495384,not applicable
SRR28351271,WGS,302,1942217870,PRJNA1087582,SAMN40465804,Pathogen.cl,868813435,"FIND, THE FOUNDATION FOR INNOVATIVE NEW DIAGNOSTICS","Hinduja\, Mumbai\, India",2020-01,public,"fastq,run.zq,sra","gs,ncbi,s3","gs.us-east1,ncbi.public,s3.us-east-1",SRX23956546,India,Asia,India,tuberculosis,Homo sapiens,TB034010110,Illumina HiSeq X,sputum,missing,WGS-TB034010110,PAIRED,RANDOM,GENOMIC,Mycobacterium tuberculosis,ILLUMINA,2024-03-15T00:00:00Z,2024-03-15T05:39:00Z,1,TB034010110,SRP495384,not applicable
SRR28351272,WGS,302,2171194874,PRJNA1087582,SAMN40465741,Pathogen.cl,938687225,"FIND, THE FOUNDATION FOR INNOVATIVE NEW DIAGNOSTICS","Hinduja\, Mumbai\, India",2019-10,public,"fastq,run.zq,sra","gs,ncbi,s3","gs.us-east1,ncbi.public,s3.us-east-1",SRX23956545,India,Asia,India,tuberculosis,Homo sapiens,TB034010021,Illumina HiSeq X,sputum,missing,WGS-TB034010021,PAIRED,RANDOM,GENOMIC,Mycobacterium tuberculosis,ILLUMINA,2024-03-15T00:00:00Z,2024-03-15T05:41:00Z,1,TB034010021,SRP495384,not applicable
SRR28351273,WGS,302,2140138704,PRJNA1087582,SAMN40465803,Pathogen.cl,949058254,"FIND, THE FOUNDATION FOR INNOVATIVE NEW DIAGNOSTICS","Hinduja\, Mumbai\, India",2020-01,public,"fastq,run.zq,sra","gs,ncbi,s3","gs.us-east1,ncbi.public,s3.us-east-1",SRX23956544,India,Asia,India,tuberculosis,Homo sapiens,TB034010109,Illumina HiSeq X,sputum,missing,WGS-TB034010109,PAIRED,RANDOM,GENOMIC,Mycobacterium tuberculosis,ILLUMINA,2024-03-15T00:00:00Z,2024-03-15T05:40:00Z,1,TB034010109,SRP495384,not applicable
SRR28351274,WGS,302,2439041996,PRJNA1087582,SAMN40465802,Pathogen.cl,1071520208,"FIND, THE FOUNDATION FOR INNOVATIVE NEW DIAGNOSTICS","Hinduja\, Mumbai\, India",2019-12,public,"fastq,run.zq,sra","gs,ncbi,s3","gs.us-east1,ncbi.public,s3.us-east-1",SRX23956543,India,Asia,India,tuberculosis,Homo sapiens,TB034010108,Illumina HiSeq X,sputum,missing,WGS-TB034010108,PAIRED,RANDOM,GENOMIC,Mycobacterium tuberculosis,ILLUMINA,2024-03-15T00:00:00Z,2024-03-15T05:39:00Z,1,TB034010108,SRP495384,not applicable
SRR28351275,WGS,302,1457110740,PRJNA1087582,SAMN40465801,Pathogen.cl,648676761,"FIND, THE FOUNDATION FOR INNOVATIVE NEW DIAGNOSTICS","Hinduja\, Mumbai\, India",2019-12,public,"fastq,run.zq,sra","gs,ncbi,s3","gs.us-east1,ncbi.public,s3.us-east-1",SRX23956542,India,Asia,India,tuberculosis,Homo sapiens,TB034010107,Illumina HiSeq X,sputum,missing,WGS-TB034010107,PAIRED,RANDOM,GENOMIC,Mycobacterium tuberculosis,ILLUMINA,2024-03-15T00:00:00Z,2024-03-15T05:39:00Z,1,TB034010107,SRP495384,not applicable
SRR28351276,WGS,302,2301979900,PRJNA1087582,SAMN40465800,Pathogen.cl,1015848404,"FIND, THE FOUNDATION FOR INNOVATIVE NEW DIAGNOSTICS","Hinduja\, Mumbai\, India",2019-12,public,"fastq,run.zq,sra","gs,ncbi,s3","gs.us-east1,ncbi.public,s3.us-east-1",SRX23956541,India,Asia,India,tuberculosis,Homo sapiens,TB034010106,Illumina HiSeq X,sputum,missing,WGS-TB034010106,PAIRED,RANDOM,GENOMIC,Mycobacterium tuberculosis,ILLUMINA,2024-03-15T00:00:00Z,2024-03-15T05:41:00Z,1,TB034010106,SRP495384,not applicable
SRR28351277,WGS,302,1892930564,PRJNA1087582,SAMN40465799,Pathogen.cl,842882155,"FIND, THE FOUNDATION FOR INNOVATIVE NEW DIAGNOSTICS","Hinduja\, Mumbai\, India",2019-12,public,"fastq,run.zq,sra","gs,ncbi,s3","gs.us-east1,ncbi.public,s3.us-east-1",SRX23956540,India,Asia,India,tuberculosis,Homo sapiens,TB034010105,Illumina HiSeq X,sputum,missing,WGS-TB034010105,PAIRED,RANDOM,GENOMIC,Mycobacterium tuberculosis,ILLUMINA,2024-03-15T00:00:00Z,2024-03-15T05:41:00Z,1,TB034010105,SRP495384,not applicable
SRR28351278,WGS,302,2330185190,PRJNA1087582,SAMN40465798,Pathogen.cl,979790253,"FIND, THE FOUNDATION FOR INNOVATIVE NEW DIAGNOSTICS","Hinduja\, Mumbai\, India",2019-12,public,"fastq,run.zq,sra","gs,ncbi,s3","gs.us-east1,ncbi.public,s3.us-east-1",SRX23956539,India,Asia,India,tuberculosis,Homo sapiens,TB034010104,Illumina HiSeq X,sputum,missing,WGS-TB034010104,PAIRED,RANDOM,GENOMIC,Mycobacterium tuberculosis,ILLUMINA,2024-03-15T00:00:00Z,2024-03-15T05:39:00Z,1,TB034010104,SRP495384,not applicable
SRR28351279,WGS,302,1521619450,PRJNA1087582,SAMN40465797,Pathogen.cl,648778159,"FIND, THE FOUNDATION FOR INNOVATIVE NEW DIAGNOSTICS","Hinduja\, Mumbai\, India",2019-12,public,"fastq,run.zq,sra","gs,ncbi,s3","gs.us-east1,ncbi.public,s3.us-east-1",SRX23956538,India,Asia,India,tuberculosis,Homo sapiens,TB034010103,Illumina HiSeq X,sputum,missing,WGS-TB034010103,PAIRED,RANDOM,GENOMIC,Mycobacterium tuberculosis,ILLUMINA,2024-03-15T00:00:00Z,2024-03-15T05:40:00Z,1,TB034010103,SRP495384,not applicable
SRR28351280,WGS,302,1604130078,PRJNA1087582,SAMN40465796,Pathogen.cl,674721153,"FIND, THE FOUNDATION FOR INNOVATIVE NEW DIAGNOSTICS","Hinduja\, Mumbai\, India",2019-12,public,"fastq,run.zq,sra","gs,ncbi,s3","gs.us-east1,ncbi.public,s3.us-east-1",SRX23956537,India,Asia,India,tuberculosis,Homo sapiens,TB034010102,Illumina HiSeq X,sputum,missing,WGS-TB034010102,PAIRED,RANDOM,GENOMIC,Mycobacterium tuberculosis,ILLUMINA,2024-03-15T00:00:00Z,2024-03-15T05:40:00Z,1,TB034010102,SRP495384,not applicable
SRR28351281,WGS,302,1645718498,PRJNA1087582,SAMN40465795,Pathogen.cl,694466829,"FIND, THE FOUNDATION FOR INNOVATIVE NEW DIAGNOSTICS","Hinduja\, Mumbai\, India",2019-12,public,"fastq,run.zq,sra","gs,ncbi,s3","gs.us-east1,ncbi.public,s3.us-east-1",SRX23956536,India,Asia,India,tuberculosis,Homo sapiens,TB034010101,Illumina HiSeq X,sputum,missing,WGS-TB034010101,PAIRED,RANDOM,GENOMIC,Mycobacterium tuberculosis,ILLUMINA,2024-03-15T00:00:00Z,2024-03-15T05:39:00Z,1,TB034010101,SRP495384,not applicable
SRR28351282,WGS,302,1595501334,PRJNA1087582,SAMN40465794,Pathogen.cl,678862615,"FIND, THE FOUNDATION FOR INNOVATIVE NEW DIAGNOSTICS","Hinduja\, Mumbai\, India",2019-12,public,"fastq,run.zq,sra","gs,ncbi,s3","gs.us-east1,ncbi.public,s3.us-east-1",SRX23956535,India,Asia,India,tuberculosis,Homo sapiens,TB034010100,Illumina HiSeq X,sputum,missing,WGS-TB034010100,PAIRED,RANDOM,GENOMIC,Mycobacterium tuberculosis,ILLUMINA,2024-03-15T00:00:00Z,2024-03-15T05:39:00Z,1,TB034010100,SRP495384,not applicable
SRR28351283,WGS,302,1800286024,PRJNA1087582,SAMN40465740,Pathogen.cl,780165678,"FIND, THE FOUNDATION FOR INNOVATIVE NEW DIAGNOSTICS","Hinduja\, Mumbai\, India",2019-10,public,"fastq,run.zq,sra","gs,ncbi,s3","gs.us-east1,ncbi.public,s3.us-east-1",SRX23956534,India,Asia,India,tuberculosis,Homo sapiens,TB034010017,Illumina HiSeq X,sputum,missing,WGS-TB034010017,PAIRED,RANDOM,GENOMIC,Mycobacterium tuberculosis,ILLUMINA,2024-03-15T00:00:00Z,2024-03-15T05:40:00Z,1,TB034010017,SRP495384,not applicable
SRR28351284,WGS,302,1637362158,PRJNA1087582,SAMN40465793,Pathogen.cl,699094857,"FIND, THE FOUNDATION FOR INNOVATIVE NEW DIAGNOSTICS","Hinduja\, Mumbai\, India",2019-12,public,"fastq,run.zq,sra","gs,ncbi,s3","gs.us-east1,ncbi.public,s3.us-east-1",SRX23956533,India,Asia,India,tuberculosis,Homo sapiens,TB034010099,Illumina HiSeq X,sputum,missing,WGS-TB034010099,PAIRED,RANDOM,GENOMIC,Mycobacterium tuberculosis,ILLUMINA,2024-03-15T00:00:00Z,2024-03-15T05:40:00Z,1,TB034010099,SRP495384,not applicable
SRR28351285,WGS,302,918865502,PRJNA1087582,SAMN40466221,Pathogen.cl,394413639,"FIND, THE FOUNDATION FOR INNOVATIVE NEW DIAGNOSTICS","University of the Witwatersrand\, Johannesburg \, South Africa",2019-10,public,"fastq,run.zq,sra","gs,ncbi,s3","gs.us-east1,ncbi.public,s3.us-east-1",SRX23956532,South Africa,Africa,South Africa,tuberculosis,Homo sapiens,TB034040046,Illumina HiSeq X,sputum,missing,WGS-TB034040046,PAIRED,RANDOM,GENOMIC,Mycobacterium tuberculosis,ILLUMINA,2024-03-15T00:00:00Z,2024-03-15T05:39:00Z,1,TB034040046,SRP495384,not applicable
SRR28351286,WGS,302,882986996,PRJNA1087582,SAMN40466220,Pathogen.cl,377362502,"FIND, THE FOUNDATION FOR INNOVATIVE NEW DIAGNOSTICS","University of the Witwatersrand\, Johannesburg \, South Africa",2019-10,public,"fastq,run.zq,sra","gs,ncbi,s3","gs.us-east1,ncbi.public,s3.us-east-1",SRX23956531,South Africa,Africa,South Africa,tuberculosis,Homo sapiens,TB034040044,Illumina HiSeq X,sputum,missing,WGS-TB034040044,PAIRED,RANDOM,GENOMIC,Mycobacterium tuberculosis,ILLUMINA,2024-03-15T00:00:00Z,2024-03-15T05:38:00Z,1,TB034040044,SRP495384,not applicable
SRR28351287,WGS,302,1226592932,PRJNA1087582,SAMN40466219,Pathogen.cl,539440651,"FIND, THE FOUNDATION FOR INNOVATIVE NEW DIAGNOSTICS","University of the Witwatersrand\, Johannesburg \, South Africa",2019-10,public,"fastq,run.zq,sra","gs,ncbi,s3","gs.us-east1,ncbi.public,s3.us-east-1",SRX23956530,South Africa,Africa,South Africa,tuberculosis,Homo sapiens,TB034040039,Illumina HiSeq X,sputum,missing,WGS-TB034040039,PAIRED,RANDOM,GENOMIC,Mycobacterium tuberculosis,ILLUMINA,2024-03-15T00:00:00Z,2024-03-15T05:39:00Z,1,TB034040039,SRP495384,not applicable
SRR28351288,WGS,302,838911606,PRJNA1087582,SAMN40466218,Pathogen.cl,365458747,"FIND, THE FOUNDATION FOR INNOVATIVE NEW DIAGNOSTICS","University of the Witwatersrand\, Johannesburg \, South Africa",2019-10,public,"fastq,run.zq,sra","gs,ncbi,s3","gs.us-east1,ncbi.public,s3.us-east-1",SRX23956529,South Africa,Africa,South Africa,tuberculosis,Homo sapiens,TB034040037,Illumina HiSeq X,sputum,missing,WGS-TB034040037,PAIRED,RANDOM,GENOMIC,Mycobacterium tuberculosis,ILLUMINA,2024-03-15T00:00:00Z,2024-03-15T05:38:00Z,1,TB034040037,SRP495384,not applicable
SRR28351289,WGS,302,881374316,PRJNA1087582,SAMN40466217,Pathogen.cl,372170762,"FIND, THE FOUNDATION FOR INNOVATIVE NEW DIAGNOSTICS","University of the Witwatersrand\, Johannesburg \, South Africa",2019-10,public,"fastq,run.zq,sra","gs,ncbi,s3","gs.us-east1,ncbi.public,s3.us-east-1",SRX23956528,South Africa,Africa,South Africa,tuberculosis,Homo sapiens,TB034040035,Illumina HiSeq X,sputum,missing,WGS-TB034040035,PAIRED,RANDOM,GENOMIC,Mycobacterium tuberculosis,ILLUMINA,2024-03-15T00:00:00Z,2024-03-15T05:40:00Z,1,TB034040035,SRP495384,not applicable
SRR28351290,WGS,302,987102402,PRJNA1087582,SAMN40466216,Pathogen.cl,426095645,"FIND, THE FOUNDATION FOR INNOVATIVE NEW DIAGNOSTICS","University of the Witwatersrand\, Johannesburg \, South Africa",2019-10,public,"fastq,run.zq,sra","gs,ncbi,s3","gs.us-east1,ncbi.public,s3.us-east-1",SRX23956527,South Africa,Africa,South Africa,tuberculosis,Homo sapiens,TB034040018,Illumina HiSeq X,sputum,missing,WGS-TB034040018,PAIRED,RANDOM,GENOMIC,Mycobacterium tuberculosis,ILLUMINA,2024-03-15T00:00:00Z,2024-03-15T05:39:00Z,1,TB034040018,SRP495384,not applicable
SRR28351291,WGS,302,926699382,PRJNA1087582,SAMN40466215,Pathogen.cl,402679413,"FIND, THE FOUNDATION FOR INNOVATIVE NEW DIAGNOSTICS","University of the Witwatersrand\, Johannesburg \, South Africa",2019-09,public,"fastq,run.zq,sra","gs,ncbi,s3","gs.us-east1,ncbi.public,s3.us-east-1",SRX23956526,South Africa,Africa,South Africa,tuberculosis,Homo sapiens,TB034040011,Illumina HiSeq X,sputum,missing,WGS-TB034040011,PAIRED,RANDOM,GENOMIC,Mycobacterium tuberculosis,ILLUMINA,2024-03-15T00:00:00Z,2024-03-15T05:39:00Z,1,TB034040011,SRP495384,not applicable
SRR28351292,WGS,302,1843358774,PRJNA1087582,SAMN40466214,Pathogen.cl,759612628,"FIND, THE FOUNDATION FOR INNOVATIVE NEW DIAGNOSTICS","University of the Witwatersrand\, Johannesburg \, South Africa",2019-09,public,"fastq,run.zq,sra","gs,ncbi,s3","gs.us-east1,ncbi.public,s3.us-east-1",SRX23956525,South Africa,Africa,South Africa,tuberculosis,Homo sapiens,TB034040009,Illumina HiSeq X,sputum,missing,WGS-TB034040009,PAIRED,RANDOM,GENOMIC,Mycobacterium tuberculosis,ILLUMINA,2024-03-15T00:00:00Z,2024-03-15T05:40:00Z,1,TB034040009,SRP495384,not applicable
SRR28351293,WGS,302,1139359326,PRJNA1087582,SAMN40465782,Pathogen.cl,508500722,"FIND, THE FOUNDATION FOR INNOVATIVE NEW DIAGNOSTICS","Hinduja\, Mumbai\, India",2019-11,public,"fastq,run.zq,sra","gs,ncbi,s3","gs.us-east1,ncbi.public,s3.us-east-1",SRX23956524,India,Asia,India,tuberculosis,Homo sapiens,TB034010085,Illumina HiSeq X,sputum,missing,WGS-TB034010085,PAIRED,RANDOM,GENOMIC,Mycobacterium tuberculosis,ILLUMINA,2024-03-15T00:00:00Z,2024-03-15T05:40:00Z,1,TB034010085,SRP495384,not applicable
SRR28351294,WGS,302,654882470,PRJNA1087582,SAMN40466213,Pathogen.cl,283028145,"FIND, THE FOUNDATION FOR INNOVATIVE NEW DIAGNOSTICS","University of the Witwatersrand\, Johannesburg \, South Africa",2019-09,public,"fastq,run.zq,sra","gs,ncbi,s3","gs.us-east1,ncbi.public,s3.us-east-1",SRX23956523,South Africa,Africa,South Africa,tuberculosis,Homo sapiens,TB034040007,Illumina HiSeq X,sputum,missing,WGS-TB034040007,PAIRED,RANDOM,GENOMIC,Mycobacterium tuberculosis,ILLUMINA,2024-03-15T00:00:00Z,2024-03-15T05:39:00Z,1,TB034040007,SRP495384,not applicable
SRR28351295,WGS,302,2059796738,PRJNA1087582,SAMN40466212,Pathogen.cl,848776777,"FIND, THE FOUNDATION FOR INNOVATIVE NEW DIAGNOSTICS","University of the Witwatersrand\, Johannesburg \, South Africa",2019-09,public,"fastq,run.zq,sra","gs,ncbi,s3","gs.us-east1,ncbi.public,s3.us-east-1",SRX23956522,South Africa,Africa,South Africa,tuberculosis,Homo sapiens,TB034040001,Illumina HiSeq X,sputum,missing,WGS-TB034040001,PAIRED,RANDOM,GENOMIC,Mycobacterium tuberculosis,ILLUMINA,2024-03-15T00:00:00Z,2024-03-15T05:40:00Z,1,TB034040001,SRP495384,not applicable
SRR28351296,WGS,302,1023120130,PRJNA1087582,SAMN40466211,Pathogen.cl,442353721,"FIND, THE FOUNDATION FOR INNOVATIVE NEW DIAGNOSTICS","Phthisiopneumology Institute\, Chisinau\, Moldova",2020-02,public,"fastq,run.zq,sra","gs,ncbi,s3","gs.us-east1,ncbi.public,s3.us-east-1",SRX23956521,Moldova,Europe,Moldova,tuberculosis,Homo sapiens,TB034030254,Illumina HiSeq X,sputum,missing,WGS-TB034030254,PAIRED,RANDOM,GENOMIC,Mycobacterium tuberculosis,ILLUMINA,2024-03-15T00:00:00Z,2024-03-15T05:39:00Z,1,TB034030254,SRP495384,not applicable
SRR28351297,WGS,302,1307600506,PRJNA1087582,SAMN40466210,Pathogen.cl,559547149,"FIND, THE FOUNDATION FOR INNOVATIVE NEW DIAGNOSTICS","Phthisiopneumology Institute\, Chisinau\, Moldova",2020-02,public,"fastq,run.zq,sra","gs,ncbi,s3","gs.us-east1,ncbi.public,s3.us-east-1",SRX23956520,Moldova,Europe,Moldova,tuberculosis,Homo sapiens,TB034030253,Illumina HiSeq X,sputum,missing,WGS-TB034030253,PAIRED,RANDOM,GENOMIC,Mycobacterium tuberculosis,ILLUMINA,2024-03-15T00:00:00Z,2024-03-15T05:39:00Z,1,TB034030253,SRP495384,not applicable
SRR28351298,WGS,302,1043248128,PRJNA1087582,SAMN40466209,Pathogen.cl,452291348,"FIND, THE FOUNDATION FOR INNOVATIVE NEW DIAGNOSTICS","Phthisiopneumology Institute\, Chisinau\, Moldova",2020-02,public,"fastq,run.zq,sra","gs,ncbi,s3","gs.us-east1,ncbi.public,s3.us-east-1",SRX23956519,Moldova,Europe,Moldova,tuberculosis,Homo sapiens,TB034030252,Illumina HiSeq X,sputum,missing,WGS-TB034030252,PAIRED,RANDOM,GENOMIC,Mycobacterium tuberculosis,ILLUMINA,2024-03-15T00:00:00Z,2024-03-15T05:39:00Z,1,TB034030252,SRP495384,not applicable
SRR28351299,WGS,302,1160438624,PRJNA1087582,SAMN40466208,Pathogen.cl,504658062,"FIND, THE FOUNDATION FOR INNOVATIVE NEW DIAGNOSTICS","Phthisiopneumology Institute\, Chisinau\, Moldova",2020-02,public,"fastq,run.zq,sra","gs,ncbi,s3","gs.us-east1,ncbi.public,s3.us-east-1",SRX23956518,Moldova,Europe,Moldova,tuberculosis,Homo sapiens,TB034030251,Illumina HiSeq X,sputum,missing,WGS-TB034030251,PAIRED,RANDOM,GENOMIC,Mycobacterium tuberculosis,ILLUMINA,2024-03-15T00:00:00Z,2024-03-15T05:39:00Z,1,TB034030251,SRP495384,not applicable
SRR28351300,WGS,302,1295816466,PRJNA1087582,SAMN40466207,Pathogen.cl,553052196,"FIND, THE FOUNDATION FOR INNOVATIVE NEW DIAGNOSTICS","Phthisiopneumology Institute\, Chisinau\, Moldova",2020-02,public,"fastq,run.zq,sra","gs,ncbi,s3","gs.us-east1,ncbi.public,s3.us-east-1",SRX23956517,Moldova,Europe,Moldova,tuberculosis,Homo sapiens,TB034030250,Illumina HiSeq X,sputum,missing,WGS-TB034030250,PAIRED,RANDOM,GENOMIC,Mycobacterium tuberculosis,ILLUMINA,2024-03-15T00:00:00Z,2024-03-15T05:39:00Z,1,TB034030250,SRP495384,not applicable
SRR28351301,WGS,302,451834582,PRJNA1087582,SAMN40466163,Pathogen.cl,192392133,"FIND, THE FOUNDATION FOR INNOVATIVE NEW DIAGNOSTICS","Phthisiopneumology Institute\, Chisinau\, Moldova",2020-01,public,"fastq,run.zq,sra","gs,ncbi,s3","gs.us-east1,ncbi.public,s3.us-east-1",SRX23956516,Moldova,Europe,Moldova,tuberculosis,Homo sapiens,TB034030203,Illumina HiSeq X,sputum,missing,WGS-TB034030203,PAIRED,RANDOM,GENOMIC,Mycobacterium tuberculosis,ILLUMINA,2024-03-15T00:00:00Z,2024-03-15T05:39:00Z,1,TB034030203,SRP495384,not applicable
SRR28351302,WGS,302,1030959748,PRJNA1087582,SAMN40466162,Pathogen.cl,437245624,"FIND, THE FOUNDATION FOR INNOVATIVE NEW DIAGNOSTICS","Phthisiopneumology Institute\, Chisinau\, Moldova",2019-12,public,"fastq,run.zq,sra","gs,ncbi,s3","gs.us-east1,ncbi.public,s3.us-east-1",SRX23956515,Moldova,Europe,Moldova,tuberculosis,Homo sapiens,TB034030202,Illumina HiSeq X,sputum,missing,WGS-TB034030202,PAIRED,RANDOM,GENOMIC,Mycobacterium tuberculosis,ILLUMINA,2024-03-15T00:00:00Z,2024-03-15T05:38:00Z,1,TB034030202,SRP495384,not applicable
SRR28351303,WGS,302,1318020412,PRJNA1087582,SAMN40466161,Pathogen.cl,556649724,"FIND, THE FOUNDATION FOR INNOVATIVE NEW DIAGNOSTICS","Phthisiopneumology Institute\, Chisinau\, Moldova",2019-12,public,"fastq,run.zq,sra","gs,ncbi,s3","gs.us-east1,ncbi.public,s3.us-east-1",SRX23956514,Moldova,Europe,Moldova,tuberculosis,Homo sapiens,TB034030201,Illumina HiSeq X,sputum,missing,WGS-TB034030201,PAIRED,RANDOM,GENOMIC,Mycobacterium tuberculosis,ILLUMINA,2024-03-15T00:00:00Z,2024-03-15T05:40:00Z,1,TB034030201,SRP495384,not applicable
SRR28351304,WGS,302,510874676,PRJNA1087582,SAMN40466160,Pathogen.cl,215192978,"FIND, THE FOUNDATION FOR INNOVATIVE NEW DIAGNOSTICS","Phthisiopneumology Institute\, Chisinau\, Moldova",2019-12,public,"fastq,run.zq,sra","gs,ncbi,s3","gs.us-east1,ncbi.public,s3.us-east-1",SRX23956513,Moldova,Europe,Moldova,tuberculosis,Homo sapiens,TB034030200,Illumina HiSeq X,sputum,missing,WGS-TB034030200,PAIRED,RANDOM,GENOMIC,Mycobacterium tuberculosis,ILLUMINA,2024-03-15T00:00:00Z,2024-03-15T05:39:00Z,1,TB034030200,SRP495384,not applicable
SRR28351305,WGS,302,501825548,PRJNA1087582,SAMN40466159,Pathogen.cl,213181985,"FIND, THE FOUNDATION FOR INNOVATIVE NEW DIAGNOSTICS","Phthisiopneumology Institute\, Chisinau\, Moldova",2019-12,public,"fastq,run.zq,sra","gs,ncbi,s3","gs.us-east1,ncbi.public,s3.us-east-1",SRX23956512,Moldova,Europe,Moldova,tuberculosis,Homo sapiens,TB034030199,Illumina HiSeq X,sputum,missing,WGS-TB034030199,PAIRED,RANDOM,GENOMIC,Mycobacterium tuberculosis,ILLUMINA,2024-03-15T00:00:00Z,2024-03-15T05:39:00Z,1,TB034030199,SRP495384,not applicable
SRR28351306,WGS,302,593562276,PRJNA1087582,SAMN40466158,Pathogen.cl,251387787,"FIND, THE FOUNDATION FOR INNOVATIVE NEW DIAGNOSTICS","Phthisiopneumology Institute\, Chisinau\, Moldova",2019-12,public,"fastq,run.zq,sra","gs,ncbi,s3","gs.us-east1,ncbi.public,s3.us-east-1",SRX23956511,Moldova,Europe,Moldova,tuberculosis,Homo sapiens,TB034030198,Illumina HiSeq X,sputum,missing,WGS-TB034030198,PAIRED,RANDOM,GENOMIC,Mycobacterium tuberculosis,ILLUMINA,2024-03-15T00:00:00Z,2024-03-15T05:39:00Z,1,TB034030198,SRP495384,not applicable
SRR28351307,WGS,302,1368126742,PRJNA1087582,SAMN40466157,Pathogen.cl,570916257,"FIND, THE FOUNDATION FOR INNOVATIVE NEW DIAGNOSTICS","Phthisiopneumology Institute\, Chisinau\, Moldova",2019-12,public,"fastq,run.zq,sra","gs,ncbi,s3","gs.us-east1,ncbi.public,s3.us-east-1",SRX23956510,Moldova,Europe,Moldova,tuberculosis,Homo sapiens,TB034030197,Illumina HiSeq X,sputum,missing,WGS-TB034030197,PAIRED,RANDOM,GENOMIC,Mycobacterium tuberculosis,ILLUMINA,2024-03-15T00:00:00Z,2024-03-15T05:40:00Z,1,TB034030197,SRP495384,not applicable
SRR28351308,WGS,302,1315047826,PRJNA1087582,SAMN40466156,Pathogen.cl,553482449,"FIND, THE FOUNDATION FOR INNOVATIVE NEW DIAGNOSTICS","Phthisiopneumology Institute\, Chisinau\, Moldova",2019-12,public,"fastq,run.zq,sra","gs,ncbi,s3","gs.us-east1,ncbi.public,s3.us-east-1",SRX23956509,Moldova,Europe,Moldova,tuberculosis,Homo sapiens,TB034030196,Illumina HiSeq X,sputum,missing,WGS-TB034030196,PAIRED,RANDOM,GENOMIC,Mycobacterium tuberculosis,ILLUMINA,2024-03-15T00:00:00Z,2024-03-15T05:40:00Z,1,TB034030196,SRP495384,not applicable
SRR28351309,WGS,302,483650886,PRJNA1087582,SAMN40466155,Pathogen.cl,205186984,"FIND, THE FOUNDATION FOR INNOVATIVE NEW DIAGNOSTICS","Phthisiopneumology Institute\, Chisinau\, Moldova",2019-12,public,"fastq,run.zq,sra","gs,ncbi,s3","gs.us-east1,ncbi.public,s3.us-east-1",SRX23956508,Moldova,Europe,Moldova,tuberculosis,Homo sapiens,TB034030195,Illumina HiSeq X,sputum,missing,WGS-TB034030195,PAIRED,RANDOM,GENOMIC,Mycobacterium tuberculosis,ILLUMINA,2024-03-15T00:00:00Z,2024-03-15T05:39:00Z,1,TB034030195,SRP495384,not applicable
SRR28351310,WGS,302,1153038114,PRJNA1087582,SAMN40466154,Pathogen.cl,490064900,"FIND, THE FOUNDATION FOR INNOVATIVE NEW DIAGNOSTICS","Phthisiopneumology Institute\, Chisinau\, Moldova",2019-12,public,"fastq,run.zq,sra","gs,ncbi,s3","gs.us-east1,ncbi.public,s3.us-east-1",SRX23956507,Moldova,Europe,Moldova,tuberculosis,Homo sapiens,TB034030194,Illumina HiSeq X,sputum,missing,WGS-TB034030194,PAIRED,RANDOM,GENOMIC,Mycobacterium tuberculosis,ILLUMINA,2024-03-15T00:00:00Z,2024-03-15T05:39:00Z,1,TB034030194,SRP495384,not applicable
SRR28351311,WGS,302,1677158208,PRJNA1087582,SAMN40465776,Pathogen.cl,800519137,"FIND, THE FOUNDATION FOR INNOVATIVE NEW DIAGNOSTICS","Hinduja\, Mumbai\, India",2019-11,public,"fastq,run.zq,sra","gs,ncbi,s3","gs.us-east1,ncbi.public,s3.us-east-1",SRX23956506,India,Asia,India,tuberculosis,Homo sapiens,TB034010076,Illumina HiSeq X,sputum,missing,WGS-TB034010076,PAIRED,RANDOM,GENOMIC,Mycobacterium tuberculosis,ILLUMINA,2024-03-15T00:00:00Z,2024-03-15T05:40:00Z,1,TB034010076,SRP495384,not applicable
SRR28351312,WGS,302,1025222654,PRJNA1087582,SAMN40466153,Pathogen.cl,449550693,"FIND, THE FOUNDATION FOR INNOVATIVE NEW DIAGNOSTICS","Phthisiopneumology Institute\, Chisinau\, Moldova",2019-12,public,"fastq,run.zq,sra","gs,ncbi,s3","gs.us-east1,ncbi.public,s3.us-east-1",SRX23956505,Moldova,Europe,Moldova,tuberculosis,Homo sapiens,TB034030193,Illumina HiSeq X,sputum,missing,WGS-TB034030193,PAIRED,RANDOM,GENOMIC,Mycobacterium tuberculosis,ILLUMINA,2024-03-15T00:00:00Z,2024-03-15T05:38:00Z,1,TB034030193,SRP495384,not applicable
SRR28351313,WGS,302,1308129912,PRJNA1087582,SAMN40466152,Pathogen.cl,558051414,"FIND, THE FOUNDATION FOR INNOVATIVE NEW DIAGNOSTICS","Phthisiopneumology Institute\, Chisinau\, Moldova",2019-12,public,"fastq,run.zq,sra","gs,ncbi,s3","gs.us-east1,ncbi.public,s3.us-east-1",SRX23956504,Moldova,Europe,Moldova,tuberculosis,Homo sapiens,TB034030191,Illumina HiSeq X,sputum,missing,WGS-TB034030191,PAIRED,RANDOM,GENOMIC,Mycobacterium tuberculosis,ILLUMINA,2024-03-15T00:00:00Z,2024-03-15T05:39:00Z,1,TB034030191,SRP495384,not applicable
SRR28351314,WGS,302,503587718,PRJNA1087582,SAMN40466151,Pathogen.cl,218142254,"FIND, THE FOUNDATION FOR INNOVATIVE NEW DIAGNOSTICS","Phthisiopneumology Institute\, Chisinau\, Moldova",2019-12,public,"fastq,run.zq,sra","gs,ncbi,s3","gs.us-east1,ncbi.public,s3.us-east-1",SRX23956503,Moldova,Europe,Moldova,tuberculosis,Homo sapiens,TB034030189,Illumina HiSeq X,sputum,missing,WGS-TB034030189,PAIRED,RANDOM,GENOMIC,Mycobacterium tuberculosis,ILLUMINA,2024-03-15T00:00:00Z,2024-03-15T05:39:00Z,1,TB034030189,SRP495384,not applicable
SRR28351315,WGS,302,651309508,PRJNA1087582,SAMN40466150,Pathogen.cl,271808904,"FIND, THE FOUNDATION FOR INNOVATIVE NEW DIAGNOSTICS","Phthisiopneumology Institute\, Chisinau\, Moldova",2019-12,public,"fastq,run.zq,sra","gs,ncbi,s3","gs.us-east1,ncbi.public,s3.us-east-1",SRX23956502,Moldova,Europe,Moldova,tuberculosis,Homo sapiens,TB034030188,Illumina HiSeq X,sputum,missing,WGS-TB034030188,PAIRED,RANDOM,GENOMIC,Mycobacterium tuberculosis,ILLUMINA,2024-03-15T00:00:00Z,2024-03-15T05:38:00Z,1,TB034030188,SRP495384,not applicable
SRR28351316,WGS,302,487503802,PRJNA1087582,SAMN40466149,Pathogen.cl,206183676,"FIND, THE FOUNDATION FOR INNOVATIVE NEW DIAGNOSTICS","Phthisiopneumology Institute\, Chisinau\, Moldova",2019-12,public,"fastq,run.zq,sra","gs,ncbi,s3","gs.us-east1,ncbi.public,s3.us-east-1",SRX23956501,Moldova,Europe,Moldova,tuberculosis,Homo sapiens,TB034030187,Illumina HiSeq X,sputum,missing,WGS-TB034030187,PAIRED,RANDOM,GENOMIC,Mycobacterium tuberculosis,ILLUMINA,2024-03-15T00:00:00Z,2024-03-15T05:38:00Z,1,TB034030187,SRP495384,not applicable
SRR28351317,WGS,302,1426763062,PRJNA1087582,SAMN40466105,Pathogen.cl,603007190,"FIND, THE FOUNDATION FOR INNOVATIVE NEW DIAGNOSTICS","Phthisiopneumology Institute\, Chisinau\, Moldova",2019-11,public,"fastq,run.zq,sra","gs,ncbi,s3","gs.us-east1,ncbi.public,s3.us-east-1",SRX23956500,Moldova,Europe,Moldova,tuberculosis,Homo sapiens,TB034030139,Illumina HiSeq X,sputum,missing,WGS-TB034030139,PAIRED,RANDOM,GENOMIC,Mycobacterium tuberculosis,ILLUMINA,2024-03-15T00:00:00Z,2024-03-15T05:39:00Z,1,TB034030139,SRP495384,not applicable
SRR28351318,WGS,302,1299527744,PRJNA1087582,SAMN40466104,Pathogen.cl,541747688,"FIND, THE FOUNDATION FOR INNOVATIVE NEW DIAGNOSTICS","Phthisiopneumology Institute\, Chisinau\, Moldova",2019-11,public,"fastq,run.zq,sra","gs,ncbi,s3","gs.us-east1,ncbi.public,s3.us-east-1",SRX23956499,Moldova,Europe,Moldova,tuberculosis,Homo sapiens,TB034030138,Illumina HiSeq X,sputum,missing,WGS-TB034030138,PAIRED,RANDOM,GENOMIC,Mycobacterium tuberculosis,ILLUMINA,2024-03-15T00:00:00Z,2024-03-15T05:40:00Z,1,TB034030138,SRP495384,not applicable
SRR28351319,WGS,302,2019204314,PRJNA1087582,SAMN40465771,Pathogen.cl,898905167,"FIND, THE FOUNDATION FOR INNOVATIVE NEW DIAGNOSTICS","Hinduja\, Mumbai\, India",2019-11,public,"fastq,run.zq,sra","gs,ncbi,s3","gs.us-east1,ncbi.public,s3.us-east-1",SRX23956498,India,Asia,India,tuberculosis,Homo sapiens,TB034010071,Illumina HiSeq X,sputum,missing,WGS-TB034010071,PAIRED,RANDOM,GENOMIC,Mycobacterium tuberculosis,ILLUMINA,2024-03-15T00:00:00Z,2024-03-15T05:39:00Z,1,TB034010071,SRP495384,not applicable
SRR28351320,WGS,302,1432191814,PRJNA1087582,SAMN40466103,Pathogen.cl,577468574,"FIND, THE FOUNDATION FOR INNOVATIVE NEW DIAGNOSTICS","Phthisiopneumology Institute\, Chisinau\, Moldova",2019-11,public,"fastq,run.zq,sra","gs,ncbi,s3","gs.us-east1,ncbi.public,s3.us-east-1",SRX23956497,Moldova,Europe,Moldova,tuberculosis,Homo sapiens,TB034030136,Illumina HiSeq X,sputum,missing,WGS-TB034030136,PAIRED,RANDOM,GENOMIC,Mycobacterium tuberculosis,ILLUMINA,2024-03-15T00:00:00Z,2024-03-15T05:39:00Z,1,TB034030136,SRP495384,not applicable
SRR28351321,WGS,302,1168200024,PRJNA1087582,SAMN40466102,Pathogen.cl,475742660,"FIND, THE FOUNDATION FOR INNOVATIVE NEW DIAGNOSTICS","Phthisiopneumology Institute\, Chisinau\, Moldova",2019-11,public,"fastq,run.zq,sra","gs,ncbi,s3","gs.us-east1,ncbi.public,s3.us-east-1",SRX23956496,Moldova,Europe,Moldova,tuberculosis,Homo sapiens,TB034030135,Illumina HiSeq X,sputum,missing,WGS-TB034030135,PAIRED,RANDOM,GENOMIC,Mycobacterium tuberculosis,ILLUMINA,2024-03-15T00:00:00Z,2024-03-15T05:39:00Z,1,TB034030135,SRP495384,not applicable
SRR28351322,WGS,302,1369829720,PRJNA1087582,SAMN40465957,Pathogen.cl,591692346,"FIND, THE FOUNDATION FOR INNOVATIVE NEW DIAGNOSTICS","National Institute of TB and Respiratory Diseases\, New Delhi\, India",2020-02,public,"fastq,run.zq,sra","gs,ncbi,s3","gs.us-east1,ncbi.public,s3.us-east-1",SRX23956832,India,Asia,India,tuberculosis,Homo sapiens,TB034020114,Illumina HiSeq X,sputum,missing,WGS-TB034020114,PAIRED,RANDOM,GENOMIC,Mycobacterium tuberculosis,ILLUMINA,2024-03-15T00:00:00Z,2024-03-15T05:40:00Z,1,TB034020114,SRP495384,not applicable
SRR28351323,WGS,302,1319774730,PRJNA1087582,SAMN40465956,Pathogen.cl,565543517,"FIND, THE FOUNDATION FOR INNOVATIVE NEW DIAGNOSTICS","National Institute of TB and Respiratory Diseases\, New Delhi\, India",2020-02,public,"fastq,run.zq,sra","gs,ncbi,s3","gs.us-east1,ncbi.public,s3.us-east-1",SRX23956831,India,Asia,India,tuberculosis,Homo sapiens,TB034020113,Illumina HiSeq X,sputum,missing,WGS-TB034020113,PAIRED,RANDOM,GENOMIC,Mycobacterium tuberculosis,ILLUMINA,2024-03-15T00:00:00Z,2024-03-15T05:39:00Z,1,TB034020113,SRP495384,not applicable
SRR28351324,WGS,302,1181936796,PRJNA1087582,SAMN40465955,Pathogen.cl,481040661,"FIND, THE FOUNDATION FOR INNOVATIVE NEW DIAGNOSTICS","National Institute of TB and Respiratory Diseases\, New Delhi\, India",2020-02,public,"fastq,run.zq,sra","gs,ncbi,s3","gs.us-east1,ncbi.public,s3.us-east-1",SRX23956830,India,Asia,India,tuberculosis,Homo sapiens,TB034020112,Illumina HiSeq X,sputum,missing,WGS-TB034020112,PAIRED,RANDOM,GENOMIC,Mycobacterium tuberculosis,ILLUMINA,2024-03-15T00:00:00Z,2024-03-15T05:39:00Z,1,TB034020112,SRP495384,not applicable
SRR28351325,WGS,302,1125575140,PRJNA1087582,SAMN40465954,Pathogen.cl,452743732,"FIND, THE FOUNDATION FOR INNOVATIVE NEW DIAGNOSTICS","National Institute of TB and Respiratory Diseases\, New Delhi\, India",2020-02,public,"fastq,run.zq,sra","gs,ncbi,s3","gs.us-east1,ncbi.public,s3.us-east-1",SRX23956829,India,Asia,India,tuberculosis,Homo sapiens,TB034020111,Illumina HiSeq X,sputum,missing,WGS-TB034020111,PAIRED,RANDOM,GENOMIC,Mycobacterium tuberculosis,ILLUMINA,2024-03-15T00:00:00Z,2024-03-15T05:40:00Z,1,TB034020111,SRP495384,not applicable
SRR28351326,WGS,302,1058065456,PRJNA1087582,SAMN40465756,Pathogen.cl,470110099,"FIND, THE FOUNDATION FOR INNOVATIVE NEW DIAGNOSTICS","Hinduja\, Mumbai\, India",2019-11,public,"fastq,run.zq,sra","gs,ncbi,s3","gs.us-east1,ncbi.public,s3.us-east-1",SRX23956828,India,Asia,India,tuberculosis,Homo sapiens,TB034010051,Illumina HiSeq X,sputum,missing,WGS-TB034010051,PAIRED,RANDOM,GENOMIC,Mycobacterium tuberculosis,ILLUMINA,2024-03-15T00:00:00Z,2024-03-15T05:40:00Z,1,TB034010051,SRP495384,not applicable
SRR28351327,WGS,302,1148732500,PRJNA1087582,SAMN40465953,Pathogen.cl,470044087,"FIND, THE FOUNDATION FOR INNOVATIVE NEW DIAGNOSTICS","National Institute of TB and Respiratory Diseases\, New Delhi\, India",2020-02,public,"fastq,run.zq,sra","gs,ncbi,s3","gs.us-east1,ncbi.public,s3.us-east-1",SRX23956827,India,Asia,India,tuberculosis,Homo sapiens,TB034020110,Illumina HiSeq X,sputum,missing,WGS-TB034020110,PAIRED,RANDOM,GENOMIC,Mycobacterium tuberculosis,ILLUMINA,2024-03-15T00:00:00Z,2024-03-15T05:39:00Z,1,TB034020110,SRP495384,not applicable
SRR28351328,WGS,302,1391242426,PRJNA1087582,SAMN40465952,Pathogen.cl,601852366,"FIND, THE FOUNDATION FOR INNOVATIVE NEW DIAGNOSTICS","National Institute of TB and Respiratory Diseases\, New Delhi\, India",2020-02,public,"fastq,run.zq,sra","gs,ncbi,s3","gs.us-east1,ncbi.public,s3.us-east-1",SRX23956826,India,Asia,India,tuberculosis,Homo sapiens,TB034020109,Illumina HiSeq X,sputum,missing,WGS-TB034020109,PAIRED,RANDOM,GENOMIC,Mycobacterium tuberculosis,ILLUMINA,2024-03-15T00:00:00Z,2024-03-15T05:39:00Z,1,TB034020109,SRP495384,not applicable
SRR28351329,WGS,302,1236212236,PRJNA1087582,SAMN40465951,Pathogen.cl,526451844,"FIND, THE FOUNDATION FOR INNOVATIVE NEW DIAGNOSTICS","National Institute of TB and Respiratory Diseases\, New Delhi\, India",2020-02,public,"fastq,run.zq,sra","gs,ncbi,s3","gs.us-east1,ncbi.public,s3.us-east-1",SRX23956825,India,Asia,India,tuberculosis,Homo sapiens,TB034020108,Illumina HiSeq X,sputum,missing,WGS-TB034020108,PAIRED,RANDOM,GENOMIC,Mycobacterium tuberculosis,ILLUMINA,2024-03-15T00:00:00Z,2024-03-15T05:39:00Z,1,TB034020108,SRP495384,not applicable
SRR28351330,WGS,302,1502912060,PRJNA1087582,SAMN40465950,Pathogen.cl,642961243,"FIND, THE FOUNDATION FOR INNOVATIVE NEW DIAGNOSTICS","National Institute of TB and Respiratory Diseases\, New Delhi\, India",2020-02,public,"fastq,run.zq,sra","gs,ncbi,s3","gs.us-east1,ncbi.public,s3.us-east-1",SRX23956824,India,Asia,India,tuberculosis,Homo sapiens,TB034020107,Illumina HiSeq X,sputum,missing,WGS-TB034020107,PAIRED,RANDOM,GENOMIC,Mycobacterium tuberculosis,ILLUMINA,2024-03-15T00:00:00Z,2024-03-15T05:39:00Z,1,TB034020107,SRP495384,not applicable
SRR28351331,WGS,302,1423750008,PRJNA1087582,SAMN40465949,Pathogen.cl,612340254,"FIND, THE FOUNDATION FOR INNOVATIVE NEW DIAGNOSTICS","National Institute of TB and Respiratory Diseases\, New Delhi\, India",2020-02,public,"fastq,run.zq,sra","gs,ncbi,s3","gs.us-east1,ncbi.public,s3.us-east-1",SRX23956823,India,Asia,India,tuberculosis,Homo sapiens,TB034020106,Illumina HiSeq X,sputum,missing,WGS-TB034020106,PAIRED,RANDOM,GENOMIC,Mycobacterium tuberculosis,ILLUMINA,2024-03-15T00:00:00Z,2024-03-15T05:39:00Z,1,TB034020106,SRP495384,not applicable
SRR28351332,WGS,302,1032561858,PRJNA1087582,SAMN40465948,Pathogen.cl,447400657,"FIND, THE FOUNDATION FOR INNOVATIVE NEW DIAGNOSTICS","National Institute of TB and Respiratory Diseases\, New Delhi\, India",2020-02,public,"fastq,run.zq,sra","gs,ncbi,s3","gs.us-east1,ncbi.public,s3.us-east-1",SRX23956822,India,Asia,India,tuberculosis,Homo sapiens,TB034020104,Illumina HiSeq X,sputum,missing,WGS-TB034020104,PAIRED,RANDOM,GENOMIC,Mycobacterium tuberculosis,ILLUMINA,2024-03-15T00:00:00Z,2024-03-15T05:39:00Z,1,TB034020104,SRP495384,not applicable
SRR28351333,WGS,302,1314063004,PRJNA1087582,SAMN40465947,Pathogen.cl,567819438,"FIND, THE FOUNDATION FOR INNOVATIVE NEW DIAGNOSTICS","National Institute of TB and Respiratory Diseases\, New Delhi\, India",2020-01,public,"fastq,run.zq,sra","gs,ncbi,s3","gs.us-east1,ncbi.public,s3.us-east-1",SRX23956821,India,Asia,India,tuberculosis,Homo sapiens,TB034020098,Illumina HiSeq X,sputum,missing,WGS-TB034020098,PAIRED,RANDOM,GENOMIC,Mycobacterium tuberculosis,ILLUMINA,2024-03-15T00:00:00Z,2024-03-15T05:40:00Z,1,TB034020098,SRP495384,not applicable
SRR28351334,WGS,302,2014993528,PRJNA1087582,SAMN40465751,Pathogen.cl,878717719,"FIND, THE FOUNDATION FOR INNOVATIVE NEW DIAGNOSTICS","Hinduja\, Mumbai\, India",2019-11,public,"fastq,run.zq,sra","gs,ncbi,s3","gs.us-east1,ncbi.public,s3.us-east-1",SRX23956820,India,Asia,India,tuberculosis,Homo sapiens,TB034010045,Illumina HiSeq X,sputum,missing,WGS-TB034010045,PAIRED,RANDOM,GENOMIC,Mycobacterium tuberculosis,ILLUMINA,2024-03-15T00:00:00Z,2024-03-15T05:40:00Z,1,TB034010045,SRP495384,not applicable
SRR28351335,WGS,302,1611325832,PRJNA1087582,SAMN40465903,Pathogen.cl,738697063,"FIND, THE FOUNDATION FOR INNOVATIVE NEW DIAGNOSTICS","National Institute of TB and Respiratory Diseases\, New Delhi\, India",2019-11,public,"fastq,run.zq,sra","gs,ncbi,s3","gs.us-east1,ncbi.public,s3.us-east-1",SRX23956819,India,Asia,India,tuberculosis,Homo sapiens,TB034020042,Illumina HiSeq X,sputum,missing,WGS-TB034020042,PAIRED,RANDOM,GENOMIC,Mycobacterium tuberculosis,ILLUMINA,2024-03-15T00:00:00Z,2024-03-15T05:40:00Z,1,TB034020042,SRP495384,not applicable
SRR28351336,WGS,302,1181914146,PRJNA1087582,SAMN40465902,Pathogen.cl,500250784,"FIND, THE FOUNDATION FOR INNOVATIVE NEW DIAGNOSTICS","National Institute of TB and Respiratory Diseases\, New Delhi\, India",2019-11,public,"fastq,run.zq,sra","gs,ncbi,s3","gs.us-east1,ncbi.public,s3.us-east-1",SRX23956818,India,Asia,India,tuberculosis,Homo sapiens,TB034020041,Illumina HiSeq X,sputum,missing,WGS-TB034020041,PAIRED,RANDOM,GENOMIC,Mycobacterium tuberculosis,ILLUMINA,2024-03-15T00:00:00Z,2024-03-15T05:39:00Z,1,TB034020041,SRP495384,not applicable
SRR28351337,WGS,302,1790349620,PRJNA1087582,SAMN40465901,Pathogen.cl,728958779,"FIND, THE FOUNDATION FOR INNOVATIVE NEW DIAGNOSTICS","National Institute of TB and Respiratory Diseases\, New Delhi\, India",2019-11,public,"fastq,run.zq,sra","gs,ncbi,s3","gs.us-east1,ncbi.public,s3.us-east-1",SRX23956817,India,Asia,India,tuberculosis,Homo sapiens,TB034020040,Illumina HiSeq X,sputum,missing,WGS-TB034020040,PAIRED,RANDOM,GENOMIC,Mycobacterium tuberculosis,ILLUMINA,2024-03-15T00:00:00Z,2024-03-15T05:39:00Z,1,TB034020040,SRP495384,not applicable
SRR28351338,WGS,302,1399473738,PRJNA1087582,SAMN40465900,Pathogen.cl,589540245,"FIND, THE FOUNDATION FOR INNOVATIVE NEW DIAGNOSTICS","National Institute of TB and Respiratory Diseases\, New Delhi\, India",2019-11,public,"fastq,run.zq,sra","gs,ncbi,s3","gs.us-east1,ncbi.public,s3.us-east-1",SRX23956816,India,Asia,India,tuberculosis,Homo sapiens,TB034020038,Illumina HiSeq X,sputum,missing,WGS-TB034020038,PAIRED,RANDOM,GENOMIC,Mycobacterium tuberculosis,ILLUMINA,2024-03-15T00:00:00Z,2024-03-15T05:40:00Z,1,TB034020038,SRP495384,not applicable
SRR28351339,WGS,302,751036854,PRJNA1087582,SAMN40465899,Pathogen.cl,345783066,"FIND, THE FOUNDATION FOR INNOVATIVE NEW DIAGNOSTICS","National Institute of TB and Respiratory Diseases\, New Delhi\, India",2019-10,public,"fastq,run.zq,sra","gs,ncbi,s3","gs.us-east1,ncbi.public,s3.us-east-1",SRX23956815,India,Asia,India,tuberculosis,Homo sapiens,TB034020037,Illumina HiSeq X,sputum,missing,WGS-TB034020037,PAIRED,RANDOM,GENOMIC,Mycobacterium tuberculosis,ILLUMINA,2024-03-15T00:00:00Z,2024-03-15T05:39:00Z,1,TB034020037,SRP495384,not applicable
SRR28351340,WGS,302,3720113916,PRJNA1087582,SAMN40465898,Pathogen.cl,1520276787,"FIND, THE FOUNDATION FOR INNOVATIVE NEW DIAGNOSTICS","National Institute of TB and Respiratory Diseases\, New Delhi\, India",2019-10,public,"fastq,run.zq,sra","gs,ncbi,s3","gs.us-east1,ncbi.public,s3.us-east-1",SRX23956814,India,Asia,India,tuberculosis,Homo sapiens,TB034020036,Illumina HiSeq X,sputum,missing,WGS-TB034020036,PAIRED,RANDOM,GENOMIC,Mycobacterium tuberculosis,ILLUMINA,2024-03-15T00:00:00Z,2024-03-15T05:43:00Z,1,TB034020036,SRP495384,not applicable
SRR28351341,WGS,302,2046294620,PRJNA1087582,SAMN40465897,Pathogen.cl,876363076,"FIND, THE FOUNDATION FOR INNOVATIVE NEW DIAGNOSTICS","National Institute of TB and Respiratory Diseases\, New Delhi\, India",2019-10,public,"fastq,run.zq,sra","gs,ncbi,s3","gs.us-east1,ncbi.public,s3.us-east-1",SRX23956813,India,Asia,India,tuberculosis,Homo sapiens,TB034020033,Illumina HiSeq X,sputum,missing,WGS-TB034020033,PAIRED,RANDOM,GENOMIC,Mycobacterium tuberculosis,ILLUMINA,2024-03-15T00:00:00Z,2024-03-15T05:39:00Z,1,TB034020033,SRP495384,not applicable
SRR28351342,WGS,302,742235064,PRJNA1087582,SAMN40465896,Pathogen.cl,320635790,"FIND, THE FOUNDATION FOR INNOVATIVE NEW DIAGNOSTICS","National Institute of TB and Respiratory Diseases\, New Delhi\, India",2019-10,public,"fastq,run.zq,sra","gs,ncbi,s3","gs.us-east1,ncbi.public,s3.us-east-1",SRX23956812,India,Asia,India,tuberculosis,Homo sapiens,TB034020032,Illumina HiSeq X,sputum,missing,WGS-TB034020032,PAIRED,RANDOM,GENOMIC,Mycobacterium tuberculosis,ILLUMINA,2024-03-15T00:00:00Z,2024-03-15T05:38:00Z,1,TB034020032,SRP495384,not applicable
SRR28351343,WGS,302,1153799758,PRJNA1087582,SAMN40465895,Pathogen.cl,536407206,"FIND, THE FOUNDATION FOR INNOVATIVE NEW DIAGNOSTICS","National Institute of TB and Respiratory Diseases\, New Delhi\, India",2019-10,public,"fastq,run.zq,sra","gs,ncbi,s3","gs.us-east1,ncbi.public,s3.us-east-1",SRX23956811,India,Asia,India,tuberculosis,Homo sapiens,TB034020031,Illumina HiSeq X,sputum,missing,WGS-TB034020031,PAIRED,RANDOM,GENOMIC,Mycobacterium tuberculosis,ILLUMINA,2024-03-15T00:00:00Z,2024-03-15T05:39:00Z,1,TB034020031,SRP495384,not applicable
SRR28351344,WGS,302,4338191344,PRJNA1087582,SAMN40465894,Pathogen.cl,1868930412,"FIND, THE FOUNDATION FOR INNOVATIVE NEW DIAGNOSTICS","National Institute of TB and Respiratory Diseases\, New Delhi\, India",2019-10,public,"fastq,run.zq,sra","gs,ncbi,s3","gs.us-east1,ncbi.public,s3.us-east-1",SRX23956810,India,Asia,India,tuberculosis,Homo sapiens,TB034020030,Illumina HiSeq X,sputum,missing,WGS-TB034020030,PAIRED,RANDOM,GENOMIC,Mycobacterium tuberculosis,ILLUMINA,2024-03-15T00:00:00Z,2024-03-15T05:40:00Z,1,TB034020030,SRP495384,not applicable
SRR28351345,WGS,302,1105066320,PRJNA1087582,SAMN40465750,Pathogen.cl,489651561,"FIND, THE FOUNDATION FOR INNOVATIVE NEW DIAGNOSTICS","Hinduja\, Mumbai\, India",2019-10,public,"fastq,run.zq,sra","gs,ncbi,s3","gs.us-east1,ncbi.public,s3.us-east-1",SRX23956809,India,Asia,India,tuberculosis,Homo sapiens,TB034010042,Illumina HiSeq X,sputum,missing,WGS-TB034010042,PAIRED,RANDOM,GENOMIC,Mycobacterium tuberculosis,ILLUMINA,2024-03-15T00:00:00Z,2024-03-15T05:39:00Z,1,TB034010042,SRP495384,not applicable
SRR28351346,WGS,302,1470626750,PRJNA1087582,SAMN40465893,Pathogen.cl,671506840,"FIND, THE FOUNDATION FOR INNOVATIVE NEW DIAGNOSTICS","National Institute of TB and Respiratory Diseases\, New Delhi\, India",2019-10,public,"fastq,run.zq,sra","gs,ncbi,s3","gs.us-east1,ncbi.public,s3.us-east-1",SRX23956808,India,Asia,India,tuberculosis,Homo sapiens,TB034020028,Illumina HiSeq X,sputum,missing,WGS-TB034020028,PAIRED,RANDOM,GENOMIC,Mycobacterium tuberculosis,ILLUMINA,2024-03-15T00:00:00Z,2024-03-15T05:39:00Z,1,TB034020028,SRP495384,not applicable
SRR28351347,WGS,302,1050014438,PRJNA1087582,SAMN40465892,Pathogen.cl,482674776,"FIND, THE FOUNDATION FOR INNOVATIVE NEW DIAGNOSTICS","National Institute of TB and Respiratory Diseases\, New Delhi\, India",2019-10,public,"fastq,run.zq,sra","gs,ncbi,s3","gs.us-east1,ncbi.public,s3.us-east-1",SRX23956807,India,Asia,India,tuberculosis,Homo sapiens,TB034020027,Illumina HiSeq X,sputum,missing,WGS-TB034020027,PAIRED,RANDOM,GENOMIC,Mycobacterium tuberculosis,ILLUMINA,2024-03-15T00:00:00Z,2024-03-15T05:39:00Z,1,TB034020027,SRP495384,not applicable
SRR28351348,WGS,302,1252467386,PRJNA1087582,SAMN40465891,Pathogen.cl,572878428,"FIND, THE FOUNDATION FOR INNOVATIVE NEW DIAGNOSTICS","National Institute of TB and Respiratory Diseases\, New Delhi\, India",2019-10,public,"fastq,run.zq,sra","gs,ncbi,s3","gs.us-east1,ncbi.public,s3.us-east-1",SRX23956806,India,Asia,India,tuberculosis,Homo sapiens,TB034020026,Illumina HiSeq X,sputum,missing,WGS-TB034020026,PAIRED,RANDOM,GENOMIC,Mycobacterium tuberculosis,ILLUMINA,2024-03-15T00:00:00Z,2024-03-15T05:39:00Z,1,TB034020026,SRP495384,not applicable
SRR28351349,WGS,302,1700825042,PRJNA1087582,SAMN40465890,Pathogen.cl,701809561,"FIND, THE FOUNDATION FOR INNOVATIVE NEW DIAGNOSTICS","National Institute of TB and Respiratory Diseases\, New Delhi\, India",2019-10,public,"fastq,run.zq,sra","gs,ncbi,s3","gs.us-east1,ncbi.public,s3.us-east-1",SRX23956805,India,Asia,India,tuberculosis,Homo sapiens,TB034020023,Illumina HiSeq X,sputum,missing,WGS-TB034020023,PAIRED,RANDOM,GENOMIC,Mycobacterium tuberculosis,ILLUMINA,2024-03-15T00:00:00Z,2024-03-15T05:40:00Z,1,TB034020023,SRP495384,not applicable
SRR28351350,WGS,302,2227648942,PRJNA1087582,SAMN40465860,Pathogen.cl,929278389,"FIND, THE FOUNDATION FOR INNOVATIVE NEW DIAGNOSTICS","Hinduja\, Mumbai\, India",2020-02,public,"fastq,run.zq,sra","gs,ncbi,s3","gs.us-east1,ncbi.public,s3.us-east-1",SRX23956804,India,Asia,India,tuberculosis,Homo sapiens,TB034010186,Illumina HiSeq X,sputum,missing,WGS-TB034010186,PAIRED,RANDOM,GENOMIC,Mycobacterium tuberculosis,ILLUMINA,2024-03-15T00:00:00Z,2024-03-15T05:39:00Z,1,TB034010186,SRP495384,not applicable
SRR28351351,WGS,302,1153261594,PRJNA1087582,SAMN40465859,Pathogen.cl,504015134,"FIND, THE FOUNDATION FOR INNOVATIVE NEW DIAGNOSTICS","Hinduja\, Mumbai\, India",2020-02,public,"fastq,run.zq,sra","gs,ncbi,s3","gs.us-east1,ncbi.public,s3.us-east-1",SRX23956803,India,Asia,India,tuberculosis,Homo sapiens,TB034010185,Illumina HiSeq X,sputum,missing,WGS-TB034010185,PAIRED,RANDOM,GENOMIC,Mycobacterium tuberculosis,ILLUMINA,2024-03-15T00:00:00Z,2024-03-15T05:39:00Z,1,TB034010185,SRP495384,not applicable
SRR28351352,WGS,302,1389874064,PRJNA1087582,SAMN40465858,Pathogen.cl,599411990,"FIND, THE FOUNDATION FOR INNOVATIVE NEW DIAGNOSTICS","Hinduja\, Mumbai\, India",2020-02,public,"fastq,run.zq,sra","gs,ncbi,s3","gs.us-east1,ncbi.public,s3.us-east-1",SRX23956802,India,Asia,India,tuberculosis,Homo sapiens,TB034010183,Illumina HiSeq X,sputum,missing,WGS-TB034010183,PAIRED,RANDOM,GENOMIC,Mycobacterium tuberculosis,ILLUMINA,2024-03-15T00:00:00Z,2024-03-15T05:39:00Z,1,TB034010183,SRP495384,not applicable
SRR28351353,WGS,302,1132742204,PRJNA1087582,SAMN40465857,Pathogen.cl,497569384,"FIND, THE FOUNDATION FOR INNOVATIVE NEW DIAGNOSTICS","Hinduja\, Mumbai\, India",2020-02,public,"fastq,run.zq,sra","gs,ncbi,s3","gs.us-east1,ncbi.public,s3.us-east-1",SRX23956801,India,Asia,India,tuberculosis,Homo sapiens,TB034010182,Illumina HiSeq X,sputum,missing,WGS-TB034010182,PAIRED,RANDOM,GENOMIC,Mycobacterium tuberculosis,ILLUMINA,2024-03-15T00:00:00Z,2024-03-15T05:39:00Z,1,TB034010182,SRP495384,not applicable
SRR28351354,WGS,302,2196638978,PRJNA1087582,SAMN40465856,Pathogen.cl,908913415,"FIND, THE FOUNDATION FOR INNOVATIVE NEW DIAGNOSTICS","Hinduja\, Mumbai\, India",2020-02,public,"fastq,run.zq,sra","gs,ncbi,s3","gs.us-east1,ncbi.public,s3.us-east-1",SRX23956800,India,Asia,India,tuberculosis,Homo sapiens,TB034010181,Illumina HiSeq X,sputum,missing,WGS-TB034010181,PAIRED,RANDOM,GENOMIC,Mycobacterium tuberculosis,ILLUMINA,2024-03-15T00:00:00Z,2024-03-15T05:40:00Z,1,TB034010181,SRP495384,not applicable
SRR28351355,WGS,302,1652922708,PRJNA1087582,SAMN40465855,Pathogen.cl,712111876,"FIND, THE FOUNDATION FOR INNOVATIVE NEW DIAGNOSTICS","Hinduja\, Mumbai\, India",2020-02,public,"fastq,run.zq,sra","gs,ncbi,s3","gs.us-east1,ncbi.public,s3.us-east-1",SRX23956799,India,Asia,India,tuberculosis,Homo sapiens,TB034010180,Illumina HiSeq X,sputum,missing,WGS-TB034010180,PAIRED,RANDOM,GENOMIC,Mycobacterium tuberculosis,ILLUMINA,2024-03-15T00:00:00Z,2024-03-15T05:39:00Z,1,TB034010180,SRP495384,not applicable
SRR28351356,WGS,302,1832309198,PRJNA1087582,SAMN40465854,Pathogen.cl,765883656,"FIND, THE FOUNDATION FOR INNOVATIVE NEW DIAGNOSTICS","Hinduja\, Mumbai\, India",2020-02,public,"fastq,run.zq,sra","gs,ncbi,s3","gs.us-east1,ncbi.public,s3.us-east-1",SRX23956798,India,Asia,India,tuberculosis,Homo sapiens,TB034010178,Illumina HiSeq X,sputum,missing,WGS-TB034010178,PAIRED,RANDOM,GENOMIC,Mycobacterium tuberculosis,ILLUMINA,2024-03-15T00:00:00Z,2024-03-15T05:40:00Z,1,TB034010178,SRP495384,not applicable
SRR28351357,WGS,302,2342900296,PRJNA1087582,SAMN40465746,Pathogen.cl,1008414858,"FIND, THE FOUNDATION FOR INNOVATIVE NEW DIAGNOSTICS","Hinduja\, Mumbai\, India",2019-10,public,"fastq,run.zq,sra","gs,ncbi,s3","gs.us-east1,ncbi.public,s3.us-east-1",SRX23956797,India,Asia,India,tuberculosis,Homo sapiens,TB034010037,Illumina HiSeq X,sputum,missing,WGS-TB034010037,PAIRED,RANDOM,GENOMIC,Mycobacterium tuberculosis,ILLUMINA,2024-03-15T00:00:00Z,2024-03-15T05:40:00Z,1,TB034010037,SRP495384,not applicable
SRR28351358,WGS,302,1946113670,PRJNA1087582,SAMN40465853,Pathogen.cl,834333322,"FIND, THE FOUNDATION FOR INNOVATIVE NEW DIAGNOSTICS","Hinduja\, Mumbai\, India",2020-02,public,"fastq,run.zq,sra","gs,ncbi,s3","gs.us-east1,ncbi.public,s3.us-east-1",SRX23956796,India,Asia,India,tuberculosis,Homo sapiens,TB034010177,Illumina HiSeq X,sputum,missing,WGS-TB034010177,PAIRED,RANDOM,GENOMIC,Mycobacterium tuberculosis,ILLUMINA,2024-03-15T00:00:00Z,2024-03-15T05:39:00Z,1,TB034010177,SRP495384,not applicable
SRR28351359,WGS,302,2116188896,PRJNA1087582,SAMN40465852,Pathogen.cl,903880864,"FIND, THE FOUNDATION FOR INNOVATIVE NEW DIAGNOSTICS","Hinduja\, Mumbai\, India",2020-02,public,"fastq,run.zq,sra","gs,ncbi,s3","gs.us-east1,ncbi.public,s3.us-east-1",SRX23956795,India,Asia,India,tuberculosis,Homo sapiens,TB034010176,Illumina HiSeq X,sputum,missing,WGS-TB034010176,PAIRED,RANDOM,GENOMIC,Mycobacterium tuberculosis,ILLUMINA,2024-03-15T00:00:00Z,2024-03-15T05:39:00Z,1,TB034010176,SRP495384,not applicable
SRR28351360,WGS,302,1617140238,PRJNA1087582,SAMN40465851,Pathogen.cl,694032279,"FIND, THE FOUNDATION FOR INNOVATIVE NEW DIAGNOSTICS","Hinduja\, Mumbai\, India",2020-02,public,"fastq,run.zq,sra","gs,ncbi,s3","gs.us-east1,ncbi.public,s3.us-east-1",SRX23956794,India,Asia,India,tuberculosis,Homo sapiens,TB034010175,Illumina HiSeq X,sputum,missing,WGS-TB034010175,PAIRED,RANDOM,GENOMIC,Mycobacterium tuberculosis,ILLUMINA,2024-03-15T00:00:00Z,2024-03-15T05:40:00Z,1,TB034010175,SRP495384,not applicable
SRR28351361,WGS,302,1554093812,PRJNA1087582,SAMN40465850,Pathogen.cl,667726194,"FIND, THE FOUNDATION FOR INNOVATIVE NEW DIAGNOSTICS","Hinduja\, Mumbai\, India",2020-02,public,"fastq,run.zq,sra","gs,ncbi,s3","gs.us-east1,ncbi.public,s3.us-east-1",SRX23956793,India,Asia,India,tuberculosis,Homo sapiens,TB034010174,Illumina HiSeq X,sputum,missing,WGS-TB034010174,PAIRED,RANDOM,GENOMIC,Mycobacterium tuberculosis,ILLUMINA,2024-03-15T00:00:00Z,2024-03-15T05:40:00Z,1,TB034010174,SRP495384,not applicable
SRR28351362,WGS,302,1468187496,PRJNA1087582,SAMN40465849,Pathogen.cl,628335306,"FIND, THE FOUNDATION FOR INNOVATIVE NEW DIAGNOSTICS","Hinduja\, Mumbai\, India",2020-02,public,"fastq,run.zq,sra","gs,ncbi,s3","gs.us-east1,ncbi.public,s3.us-east-1",SRX23956792,India,Asia,India,tuberculosis,Homo sapiens,TB034010173,Illumina HiSeq X,sputum,missing,WGS-TB034010173,PAIRED,RANDOM,GENOMIC,Mycobacterium tuberculosis,ILLUMINA,2024-03-15T00:00:00Z,2024-03-15T05:39:00Z,1,TB034010173,SRP495384,not applicable
SRR28351363,WGS,302,1705294944,PRJNA1087582,SAMN40465848,Pathogen.cl,729096685,"FIND, THE FOUNDATION FOR INNOVATIVE NEW DIAGNOSTICS","Hinduja\, Mumbai\, India",2020-02,public,"fastq,run.zq,sra","gs,ncbi,s3","gs.us-east1,ncbi.public,s3.us-east-1",SRX23956791,India,Asia,India,tuberculosis,Homo sapiens,TB034010171,Illumina HiSeq X,sputum,missing,WGS-TB034010171,PAIRED,RANDOM,GENOMIC,Mycobacterium tuberculosis,ILLUMINA,2024-03-15T00:00:00Z,2024-03-15T05:39:00Z,1,TB034010171,SRP495384,not applicable
SRR28351364,WGS,302,1507702082,PRJNA1087582,SAMN40465847,Pathogen.cl,646267044,"FIND, THE FOUNDATION FOR INNOVATIVE NEW DIAGNOSTICS","Hinduja\, Mumbai\, India",2020-02,public,"fastq,run.zq,sra","gs,ncbi,s3","gs.us-east1,ncbi.public,s3.us-east-1",SRX23956790,India,Asia,India,tuberculosis,Homo sapiens,TB034010169,Illumina HiSeq X,sputum,missing,WGS-TB034010169,PAIRED,RANDOM,GENOMIC,Mycobacterium tuberculosis,ILLUMINA,2024-03-15T00:00:00Z,2024-03-15T05:40:00Z,1,TB034010169,SRP495384,not applicable
SRR28351365,WGS,302,1713911910,PRJNA1087582,SAMN40465846,Pathogen.cl,721990440,"FIND, THE FOUNDATION FOR INNOVATIVE NEW DIAGNOSTICS","Hinduja\, Mumbai\, India",2020-02,public,"fastq,run.zq,sra","gs,ncbi,s3","gs.us-east1,ncbi.public,s3.us-east-1",SRX23956789,India,Asia,India,tuberculosis,Homo sapiens,TB034010167,Illumina HiSeq X,sputum,missing,WGS-TB034010167,PAIRED,RANDOM,GENOMIC,Mycobacterium tuberculosis,ILLUMINA,2024-03-15T00:00:00Z,2024-03-15T05:40:00Z,1,TB034010167,SRP495384,not applicable
SRR28351366,WGS,302,1152486058,PRJNA1087582,SAMN40466206,Pathogen.cl,496462654,"FIND, THE FOUNDATION FOR INNOVATIVE NEW DIAGNOSTICS","Phthisiopneumology Institute\, Chisinau\, Moldova",2020-02,public,"fastq,run.zq,sra","gs,ncbi,s3","gs.us-east1,ncbi.public,s3.us-east-1",SRX23956788,Moldova,Europe,Moldova,tuberculosis,Homo sapiens,TB034030249,Illumina HiSeq X,sputum,missing,WGS-TB034030249,PAIRED,RANDOM,GENOMIC,Mycobacterium tuberculosis,ILLUMINA,2024-03-15T00:00:00Z,2024-03-15T05:39:00Z,1,TB034030249,SRP495384,not applicable
SRR28351367,WGS,302,1104348768,PRJNA1087582,SAMN40466205,Pathogen.cl,477909520,"FIND, THE FOUNDATION FOR INNOVATIVE NEW DIAGNOSTICS","Phthisiopneumology Institute\, Chisinau\, Moldova",2020-02,public,"fastq,run.zq,sra","gs,ncbi,s3","gs.us-east1,ncbi.public,s3.us-east-1",SRX23956787,Moldova,Europe,Moldova,tuberculosis,Homo sapiens,TB034030248,Illumina HiSeq X,sputum,missing,WGS-TB034030248,PAIRED,RANDOM,GENOMIC,Mycobacterium tuberculosis,ILLUMINA,2024-03-15T00:00:00Z,2024-03-15T05:39:00Z,1,TB034030248,SRP495384,not applicable
SRR28351368,WGS,302,1047713198,PRJNA1087582,SAMN40466204,Pathogen.cl,450993738,"FIND, THE FOUNDATION FOR INNOVATIVE NEW DIAGNOSTICS","Phthisiopneumology Institute\, Chisinau\, Moldova",2020-02,public,"fastq,run.zq,sra","gs,ncbi,s3","gs.us-east1,ncbi.public,s3.us-east-1",SRX23956786,Moldova,Europe,Moldova,tuberculosis,Homo sapiens,TB034030247,Illumina HiSeq X,sputum,missing,WGS-TB034030247,PAIRED,RANDOM,GENOMIC,Mycobacterium tuberculosis,ILLUMINA,2024-03-15T00:00:00Z,2024-03-15T05:39:00Z,1,TB034030247,SRP495384,not applicable
SRR28351369,WGS,302,1805167552,PRJNA1087582,SAMN40465781,Pathogen.cl,792425816,"FIND, THE FOUNDATION FOR INNOVATIVE NEW DIAGNOSTICS","Hinduja\, Mumbai\, India",2019-11,public,"fastq,run.zq,sra","gs,ncbi,s3","gs.us-east1,ncbi.public,s3.us-east-1",SRX23956785,India,Asia,India,tuberculosis,Homo sapiens,TB034010084,Illumina HiSeq X,sputum,missing,WGS-TB034010084,PAIRED,RANDOM,GENOMIC,Mycobacterium tuberculosis,ILLUMINA,2024-03-15T00:00:00Z,2024-03-15T05:41:00Z,1,TB034010084,SRP495384,not applicable
SRR28351370,WGS,302,704003676,PRJNA1087582,SAMN40466203,Pathogen.cl,305358373,"FIND, THE FOUNDATION FOR INNOVATIVE NEW DIAGNOSTICS","Phthisiopneumology Institute\, Chisinau\, Moldova",2020-02,public,"fastq,run.zq,sra","gs,ncbi,s3","gs.us-east1,ncbi.public,s3.us-east-1",SRX23956784,Moldova,Europe,Moldova,tuberculosis,Homo sapiens,TB034030246,Illumina HiSeq X,sputum,missing,WGS-TB034030246,PAIRED,RANDOM,GENOMIC,Mycobacterium tuberculosis,ILLUMINA,2024-03-15T00:00:00Z,2024-03-15T05:39:00Z,1,TB034030246,SRP495384,not applicable
SRR28351371,WGS,302,1198035510,PRJNA1087582,SAMN40466202,Pathogen.cl,509649015,"FIND, THE FOUNDATION FOR INNOVATIVE NEW DIAGNOSTICS","Phthisiopneumology Institute\, Chisinau\, Moldova",2020-02,public,"fastq,run.zq,sra","gs,ncbi,s3","gs.us-east1,ncbi.public,s3.us-east-1",SRX23956783,Moldova,Europe,Moldova,tuberculosis,Homo sapiens,TB034030245,Illumina HiSeq X,sputum,missing,WGS-TB034030245,PAIRED,RANDOM,GENOMIC,Mycobacterium tuberculosis,ILLUMINA,2024-03-15T00:00:00Z,2024-03-15T05:40:00Z,1,TB034030245,SRP495384,not applicable
SRR28351372,WGS,302,1273651478,PRJNA1087582,SAMN40466201,Pathogen.cl,543883957,"FIND, THE FOUNDATION FOR INNOVATIVE NEW DIAGNOSTICS","Phthisiopneumology Institute\, Chisinau\, Moldova",2020-02,public,"fastq,run.zq,sra","gs,ncbi,s3","gs.us-east1,ncbi.public,s3.us-east-1",SRX23956782,Moldova,Europe,Moldova,tuberculosis,Homo sapiens,TB034030244,Illumina HiSeq X,sputum,missing,WGS-TB034030244,PAIRED,RANDOM,GENOMIC,Mycobacterium tuberculosis,ILLUMINA,2024-03-15T00:00:00Z,2024-03-15T05:39:00Z,1,TB034030244,SRP495384,not applicable
SRR28351373,WGS,302,1499076962,PRJNA1087582,SAMN40466200,Pathogen.cl,624511652,"FIND, THE FOUNDATION FOR INNOVATIVE NEW DIAGNOSTICS","Phthisiopneumology Institute\, Chisinau\, Moldova",2020-02,public,"fastq,run.zq,sra","gs,ncbi,s3","gs.us-east1,ncbi.public,s3.us-east-1",SRX23956781,Moldova,Europe,Moldova,tuberculosis,Homo sapiens,TB034030243,Illumina HiSeq X,sputum,missing,WGS-TB034030243,PAIRED,RANDOM,GENOMIC,Mycobacterium tuberculosis,ILLUMINA,2024-03-15T00:00:00Z,2024-03-15T05:40:00Z,1,TB034030243,SRP495384,not applicable
SRR28351374,WGS,302,1433195662,PRJNA1087582,SAMN40466199,Pathogen.cl,602894303,"FIND, THE FOUNDATION FOR INNOVATIVE NEW DIAGNOSTICS","Phthisiopneumology Institute\, Chisinau\, Moldova",2020-02,public,"fastq,run.zq,sra","gs,ncbi,s3","gs.us-east1,ncbi.public,s3.us-east-1",SRX23956780,Moldova,Europe,Moldova,tuberculosis,Homo sapiens,TB034030242,Illumina HiSeq X,sputum,missing,WGS-TB034030242,PAIRED,RANDOM,GENOMIC,Mycobacterium tuberculosis,ILLUMINA,2024-03-15T00:00:00Z,2024-03-15T05:39:00Z,1,TB034030242,SRP495384,not applicable
SRR28351375,WGS,302,1552011824,PRJNA1087582,SAMN40466198,Pathogen.cl,667652566,"FIND, THE FOUNDATION FOR INNOVATIVE NEW DIAGNOSTICS","Phthisiopneumology Institute\, Chisinau\, Moldova",2020-02,public,"fastq,run.zq,sra","gs,ncbi,s3","gs.us-east1,ncbi.public,s3.us-east-1",SRX23956779,Moldova,Europe,Moldova,tuberculosis,Homo sapiens,TB034030241,Illumina HiSeq X,sputum,missing,WGS-TB034030241,PAIRED,RANDOM,GENOMIC,Mycobacterium tuberculosis,ILLUMINA,2024-03-15T00:00:00Z,2024-03-15T05:39:00Z,1,TB034030241,SRP495384,not applicable
SRR28351376,WGS,302,1775182274,PRJNA1087582,SAMN40466197,Pathogen.cl,757391235,"FIND, THE FOUNDATION FOR INNOVATIVE NEW DIAGNOSTICS","Phthisiopneumology Institute\, Chisinau\, Moldova",2020-02,public,"fastq,run.zq,sra","gs,ncbi,s3","gs.us-east1,ncbi.public,s3.us-east-1",SRX23956778,Moldova,Europe,Moldova,tuberculosis,Homo sapiens,TB034030240,Illumina HiSeq X,sputum,missing,WGS-TB034030240,PAIRED,RANDOM,GENOMIC,Mycobacterium tuberculosis,ILLUMINA,2024-03-15T00:00:00Z,2024-03-15T05:40:00Z,1,TB034030240,SRP495384,not applicable
SRR28351377,WGS,302,1937174168,PRJNA1087582,SAMN40466196,Pathogen.cl,827626263,"FIND, THE FOUNDATION FOR INNOVATIVE NEW DIAGNOSTICS","Phthisiopneumology Institute\, Chisinau\, Moldova",2020-02,public,"fastq,run.zq,sra","gs,ncbi,s3","gs.us-east1,ncbi.public,s3.us-east-1",SRX23956777,Moldova,Europe,Moldova,tuberculosis,Homo sapiens,TB034030238,Illumina HiSeq X,sputum,missing,WGS-TB034030238,PAIRED,RANDOM,GENOMIC,Mycobacterium tuberculosis,ILLUMINA,2024-03-15T00:00:00Z,2024-03-15T05:40:00Z,1,TB034030238,SRP495384,not applicable
SRR28351378,WGS,302,1854798534,PRJNA1087582,SAMN40466195,Pathogen.cl,792464844,"FIND, THE FOUNDATION FOR INNOVATIVE NEW DIAGNOSTICS","Phthisiopneumology Institute\, Chisinau\, Moldova",2020-02,public,"fastq,run.zq,sra","gs,ncbi,s3","gs.us-east1,ncbi.public,s3.us-east-1",SRX23956776,Moldova,Europe,Moldova,tuberculosis,Homo sapiens,TB034030236,Illumina HiSeq X,sputum,missing,WGS-TB034030236,PAIRED,RANDOM,GENOMIC,Mycobacterium tuberculosis,ILLUMINA,2024-03-15T00:00:00Z,2024-03-15T05:40:00Z,1,TB034030236,SRP495384,not applicable
SRR28351379,WGS,302,1172714622,PRJNA1087582,SAMN40466194,Pathogen.cl,495656336,"FIND, THE FOUNDATION FOR INNOVATIVE NEW DIAGNOSTICS","Phthisiopneumology Institute\, Chisinau\, Moldova",2020-02,public,"fastq,run.zq,sra","gs,ncbi,s3","gs.us-east1,ncbi.public,s3.us-east-1",SRX23956775,Moldova,Europe,Moldova,tuberculosis,Homo sapiens,TB034030235,Illumina HiSeq X,sputum,missing,WGS-TB034030235,PAIRED,RANDOM,GENOMIC,Mycobacterium tuberculosis,ILLUMINA,2024-03-15T00:00:00Z,2024-03-15T05:39:00Z,1,TB034030235,SRP495384,not applicable
SRR28351380,WGS,302,1039163880,PRJNA1087582,SAMN40465780,Pathogen.cl,470571373,"FIND, THE FOUNDATION FOR INNOVATIVE NEW DIAGNOSTICS","Hinduja\, Mumbai\, India",2019-11,public,"fastq,run.zq,sra","gs,ncbi,s3","gs.us-east1,ncbi.public,s3.us-east-1",SRX23956774,India,Asia,India,tuberculosis,Homo sapiens,TB034010083,Illumina HiSeq X,sputum,missing,WGS-TB034010083,PAIRED,RANDOM,GENOMIC,Mycobacterium tuberculosis,ILLUMINA,2024-03-15T00:00:00Z,2024-03-15T05:39:00Z,1,TB034010083,SRP495384,not applicable
SRR28351381,WGS,302,2271586922,PRJNA1087582,SAMN40466193,Pathogen.cl,971244153,"FIND, THE FOUNDATION FOR INNOVATIVE NEW DIAGNOSTICS","Phthisiopneumology Institute\, Chisinau\, Moldova",2020-02,public,"fastq,run.zq,sra","gs,ncbi,s3","gs.us-east1,ncbi.public,s3.us-east-1",SRX23956773,Moldova,Europe,Moldova,tuberculosis,Homo sapiens,TB034030234,Illumina HiSeq X,sputum,missing,WGS-TB034030234,PAIRED,RANDOM,GENOMIC,Mycobacterium tuberculosis,ILLUMINA,2024-03-15T00:00:00Z,2024-03-15T05:40:00Z,1,TB034030234,SRP495384,not applicable
SRR28351382,WGS,302,649414458,PRJNA1087582,SAMN40466148,Pathogen.cl,271974338,"FIND, THE FOUNDATION FOR INNOVATIVE NEW DIAGNOSTICS","Phthisiopneumology Institute\, Chisinau\, Moldova",2019-12,public,"fastq,run.zq,sra","gs,ncbi,s3","gs.us-east1,ncbi.public,s3.us-east-1",SRX23956772,Moldova,Europe,Moldova,tuberculosis,Homo sapiens,TB034030186,Illumina HiSeq X,sputum,missing,WGS-TB034030186,PAIRED,RANDOM,GENOMIC,Mycobacterium tuberculosis,ILLUMINA,2024-03-15T00:00:00Z,2024-03-15T05:39:00Z,1,TB034030186,SRP495384,not applicable
SRR28351383,WGS,302,563749742,PRJNA1087582,SAMN40466147,Pathogen.cl,237949799,"FIND, THE FOUNDATION FOR INNOVATIVE NEW DIAGNOSTICS","Phthisiopneumology Institute\, Chisinau\, Moldova",2019-12,public,"fastq,run.zq,sra","gs,ncbi,s3","gs.us-east1,ncbi.public,s3.us-east-1",SRX23956771,Moldova,Europe,Moldova,tuberculosis,Homo sapiens,TB034030185,Illumina HiSeq X,sputum,missing,WGS-TB034030185,PAIRED,RANDOM,GENOMIC,Mycobacterium tuberculosis,ILLUMINA,2024-03-15T00:00:00Z,2024-03-15T05:39:00Z,1,TB034030185,SRP495384,not applicable
SRR28351384,WGS,302,643676760,PRJNA1087582,SAMN40466146,Pathogen.cl,269270268,"FIND, THE FOUNDATION FOR INNOVATIVE NEW DIAGNOSTICS","Phthisiopneumology Institute\, Chisinau\, Moldova",2019-12,public,"fastq,run.zq,sra","gs,ncbi,s3","gs.us-east1,ncbi.public,s3.us-east-1",SRX23956770,Moldova,Europe,Moldova,tuberculosis,Homo sapiens,TB034030184,Illumina HiSeq X,sputum,missing,WGS-TB034030184,PAIRED,RANDOM,GENOMIC,Mycobacterium tuberculosis,ILLUMINA,2024-03-15T00:00:00Z,2024-03-15T05:39:00Z,1,TB034030184,SRP495384,not applicable
SRR28351385,WGS,302,771105660,PRJNA1087582,SAMN40466145,Pathogen.cl,338051669,"FIND, THE FOUNDATION FOR INNOVATIVE NEW DIAGNOSTICS","Phthisiopneumology Institute\, Chisinau\, Moldova",2019-12,public,"fastq,run.zq,sra","gs,ncbi,s3","gs.us-east1,ncbi.public,s3.us-east-1",SRX23956769,Moldova,Europe,Moldova,tuberculosis,Homo sapiens,TB034030183,Illumina HiSeq X,sputum,missing,WGS-TB034030183,PAIRED,RANDOM,GENOMIC,Mycobacterium tuberculosis,ILLUMINA,2024-03-15T00:00:00Z,2024-03-15T05:39:00Z,1,TB034030183,SRP495384,not applicable
SRR28351386,WGS,302,580608590,PRJNA1087582,SAMN40466144,Pathogen.cl,253680756,"FIND, THE FOUNDATION FOR INNOVATIVE NEW DIAGNOSTICS","Phthisiopneumology Institute\, Chisinau\, Moldova",2019-12,public,"fastq,run.zq,sra","gs,ncbi,s3","gs.us-east1,ncbi.public,s3.us-east-1",SRX23956768,Moldova,Europe,Moldova,tuberculosis,Homo sapiens,TB034030182,Illumina HiSeq X,sputum,missing,WGS-TB034030182,PAIRED,RANDOM,GENOMIC,Mycobacterium tuberculosis,ILLUMINA,2024-03-15T00:00:00Z,2024-03-15T05:38:00Z,1,TB034030182,SRP495384,not applicable
SRR28351387,WGS,302,1497574814,PRJNA1087582,SAMN40465775,Pathogen.cl,655552931,"FIND, THE FOUNDATION FOR INNOVATIVE NEW DIAGNOSTICS","Hinduja\, Mumbai\, India",2019-11,public,"fastq,run.zq,sra","gs,ncbi,s3","gs.us-east1,ncbi.public,s3.us-east-1",SRX23956767,India,Asia,India,tuberculosis,Homo sapiens,TB034010075,Illumina HiSeq X,sputum,missing,WGS-TB034010075,PAIRED,RANDOM,GENOMIC,Mycobacterium tuberculosis,ILLUMINA,2024-03-15T00:00:00Z,2024-03-15T05:39:00Z,1,TB034010075,SRP495384,not applicable
SRR28351388,WGS,302,634264024,PRJNA1087582,SAMN40466143,Pathogen.cl,279141095,"FIND, THE FOUNDATION FOR INNOVATIVE NEW DIAGNOSTICS","Phthisiopneumology Institute\, Chisinau\, Moldova",2019-12,public,"fastq,run.zq,sra","gs,ncbi,s3","gs.us-east1,ncbi.public,s3.us-east-1",SRX23956766,Moldova,Europe,Moldova,tuberculosis,Homo sapiens,TB034030180,Illumina HiSeq X,sputum,missing,WGS-TB034030180,PAIRED,RANDOM,GENOMIC,Mycobacterium tuberculosis,ILLUMINA,2024-03-15T00:00:00Z,2024-03-15T05:39:00Z,1,TB034030180,SRP495384,not applicable
SRR28351389,WGS,302,1436773456,PRJNA1087582,SAMN40466142,Pathogen.cl,585417286,"FIND, THE FOUNDATION FOR INNOVATIVE NEW DIAGNOSTICS","Phthisiopneumology Institute\, Chisinau\, Moldova",2019-12,public,"fastq,run.zq,sra","gs,ncbi,s3","gs.us-east1,ncbi.public,s3.us-east-1",SRX23956765,Moldova,Europe,Moldova,tuberculosis,Homo sapiens,TB034030179,Illumina HiSeq X,sputum,missing,WGS-TB034030179,PAIRED,RANDOM,GENOMIC,Mycobacterium tuberculosis,ILLUMINA,2024-03-15T00:00:00Z,2024-03-15T05:40:00Z,1,TB034030179,SRP495384,not applicable
SRR28351390,WGS,302,1357158404,PRJNA1087582,SAMN40466141,Pathogen.cl,565454465,"FIND, THE FOUNDATION FOR INNOVATIVE NEW DIAGNOSTICS","Phthisiopneumology Institute\, Chisinau\, Moldova",2019-12,public,"fastq,run.zq,sra","gs,ncbi,s3","gs.us-east1,ncbi.public,s3.us-east-1",SRX23956764,Moldova,Europe,Moldova,tuberculosis,Homo sapiens,TB034030178,Illumina HiSeq X,sputum,missing,WGS-TB034030178,PAIRED,RANDOM,GENOMIC,Mycobacterium tuberculosis,ILLUMINA,2024-03-15T00:00:00Z,2024-03-15T05:39:00Z,1,TB034030178,SRP495384,not applicable
SRR28351391,WGS,302,1322525950,PRJNA1087582,SAMN40466140,Pathogen.cl,555068362,"FIND, THE FOUNDATION FOR INNOVATIVE NEW DIAGNOSTICS","Phthisiopneumology Institute\, Chisinau\, Moldova",2019-12,public,"fastq,run.zq,sra","gs,ncbi,s3","gs.us-east1,ncbi.public,s3.us-east-1",SRX23956763,Moldova,Europe,Moldova,tuberculosis,Homo sapiens,TB034030177,Illumina HiSeq X,sputum,missing,WGS-TB034030177,PAIRED,RANDOM,GENOMIC,Mycobacterium tuberculosis,ILLUMINA,2024-03-15T00:00:00Z,2024-03-15T05:39:00Z,1,TB034030177,SRP495384,not applicable
SRR28351392,WGS,302,1185501000,PRJNA1087582,SAMN40466139,Pathogen.cl,500697502,"FIND, THE FOUNDATION FOR INNOVATIVE NEW DIAGNOSTICS","Phthisiopneumology Institute\, Chisinau\, Moldova",2019-12,public,"fastq,run.zq,sra","gs,ncbi,s3","gs.us-east1,ncbi.public,s3.us-east-1",SRX23956762,Moldova,Europe,Moldova,tuberculosis,Homo sapiens,TB034030176,Illumina HiSeq X,sputum,missing,WGS-TB034030176,PAIRED,RANDOM,GENOMIC,Mycobacterium tuberculosis,ILLUMINA,2024-03-15T00:00:00Z,2024-03-15T05:39:00Z,1,TB034030176,SRP495384,not applicable
SRR28351393,WGS,302,1153027846,PRJNA1087582,SAMN40466138,Pathogen.cl,484632813,"FIND, THE FOUNDATION FOR INNOVATIVE NEW DIAGNOSTICS","Phthisiopneumology Institute\, Chisinau\, Moldova",2019-12,public,"fastq,run.zq,sra","gs,ncbi,s3","gs.us-east1,ncbi.public,s3.us-east-1",SRX23956761,Moldova,Europe,Moldova,tuberculosis,Homo sapiens,TB034030175,Illumina HiSeq X,sputum,missing,WGS-TB034030175,PAIRED,RANDOM,GENOMIC,Mycobacterium tuberculosis,ILLUMINA,2024-03-15T00:00:00Z,2024-03-15T05:39:00Z,1,TB034030175,SRP495384,not applicable
SRR28351394,WGS,302,1170670988,PRJNA1087582,SAMN40466137,Pathogen.cl,490712651,"FIND, THE FOUNDATION FOR INNOVATIVE NEW DIAGNOSTICS","Phthisiopneumology Institute\, Chisinau\, Moldova",2019-12,public,"fastq,run.zq,sra","gs,ncbi,s3","gs.us-east1,ncbi.public,s3.us-east-1",SRX23956760,Moldova,Europe,Moldova,tuberculosis,Homo sapiens,TB034030174,Illumina HiSeq X,sputum,missing,WGS-TB034030174,PAIRED,RANDOM,GENOMIC,Mycobacterium tuberculosis,ILLUMINA,2024-03-15T00:00:00Z,2024-03-15T05:39:00Z,1,TB034030174,SRP495384,not applicable
SRR28351395,WGS,302,1414231270,PRJNA1087582,SAMN40466136,Pathogen.cl,590148161,"FIND, THE FOUNDATION FOR INNOVATIVE NEW DIAGNOSTICS","Phthisiopneumology Institute\, Chisinau\, Moldova",2019-12,public,"fastq,run.zq,sra","gs,ncbi,s3","gs.us-east1,ncbi.public,s3.us-east-1",SRX23956759,Moldova,Europe,Moldova,tuberculosis,Homo sapiens,TB034030173,Illumina HiSeq X,sputum,missing,WGS-TB034030173,PAIRED,RANDOM,GENOMIC,Mycobacterium tuberculosis,ILLUMINA,2024-03-15T00:00:00Z,2024-03-15T05:39:00Z,1,TB034030173,SRP495384,not applicable
SRR28351396,WGS,302,1146191170,PRJNA1087582,SAMN40466135,Pathogen.cl,475609515,"FIND, THE FOUNDATION FOR INNOVATIVE NEW DIAGNOSTICS","Phthisiopneumology Institute\, Chisinau\, Moldova",2019-12,public,"fastq,run.zq,sra","gs,ncbi,s3","gs.us-east1,ncbi.public,s3.us-east-1",SRX23956758,Moldova,Europe,Moldova,tuberculosis,Homo sapiens,TB034030171,Illumina HiSeq X,sputum,missing,WGS-TB034030171,PAIRED,RANDOM,GENOMIC,Mycobacterium tuberculosis,ILLUMINA,2024-03-15T00:00:00Z,2024-03-15T05:39:00Z,1,TB034030171,SRP495384,not applicable
SRR28351397,WGS,302,1190510576,PRJNA1087582,SAMN40466134,Pathogen.cl,498092404,"FIND, THE FOUNDATION FOR INNOVATIVE NEW DIAGNOSTICS","Phthisiopneumology Institute\, Chisinau\, Moldova",2019-12,public,"fastq,run.zq,sra","gs,ncbi,s3","gs.us-east1,ncbi.public,s3.us-east-1",SRX23956757,Moldova,Europe,Moldova,tuberculosis,Homo sapiens,TB034030170,Illumina HiSeq X,sputum,missing,WGS-TB034030170,PAIRED,RANDOM,GENOMIC,Mycobacterium tuberculosis,ILLUMINA,2024-03-15T00:00:00Z,2024-03-15T05:40:00Z,1,TB034030170,SRP495384,not applicable
SRR28351398,WGS,302,1443312360,PRJNA1087582,SAMN40466091,Pathogen.cl,598870163,"FIND, THE FOUNDATION FOR INNOVATIVE NEW DIAGNOSTICS","Phthisiopneumology Institute\, Chisinau\, Moldova",2019-10,public,"fastq,run.zq,sra","gs,ncbi,s3","gs.us-east1,ncbi.public,s3.us-east-1",SRX23956756,Moldova,Europe,Moldova,tuberculosis,Homo sapiens,TB034030124,Illumina HiSeq X,sputum,missing,WGS-TB034030124,PAIRED,RANDOM,GENOMIC,Mycobacterium tuberculosis,ILLUMINA,2024-03-15T00:00:00Z,2024-03-15T05:40:00Z,1,TB034030124,SRP495384,not applicable
SRR28351399,WGS,302,1342453118,PRJNA1087582,SAMN40466090,Pathogen.cl,549031050,"FIND, THE FOUNDATION FOR INNOVATIVE NEW DIAGNOSTICS","Phthisiopneumology Institute\, Chisinau\, Moldova",2019-10,public,"fastq,run.zq,sra","gs,ncbi,s3","gs.us-east1,ncbi.public,s3.us-east-1",SRX23956755,Moldova,Europe,Moldova,tuberculosis,Homo sapiens,TB034030123,Illumina HiSeq X,sputum,missing,WGS-TB034030123,PAIRED,RANDOM,GENOMIC,Mycobacterium tuberculosis,ILLUMINA,2024-03-15T00:00:00Z,2024-03-15T05:39:00Z,1,TB034030123,SRP495384,not applicable
SRR28351400,WGS,302,890670480,PRJNA1087582,SAMN40466089,Pathogen.cl,361743617,"FIND, THE FOUNDATION FOR INNOVATIVE NEW DIAGNOSTICS","Phthisiopneumology Institute\, Chisinau\, Moldova",2019-10,public,"fastq,run.zq,sra","gs,ncbi,s3","gs.us-east1,ncbi.public,s3.us-east-1",SRX23956754,Moldova,Europe,Moldova,tuberculosis,Homo sapiens,TB034030122,Illumina HiSeq X,sputum,missing,WGS-TB034030122,PAIRED,RANDOM,GENOMIC,Mycobacterium tuberculosis,ILLUMINA,2024-03-15T00:00:00Z,2024-03-15T05:39:00Z,1,TB034030122,SRP495384,not applicable
SRR28351401,WGS,302,1435534652,PRJNA1087582,SAMN40466088,Pathogen.cl,585979921,"FIND, THE FOUNDATION FOR INNOVATIVE NEW DIAGNOSTICS","Phthisiopneumology Institute\, Chisinau\, Moldova",2019-10,public,"fastq,run.zq,sra","gs,ncbi,s3","gs.us-east1,ncbi.public,s3.us-east-1",SRX23956753,Moldova,Europe,Moldova,tuberculosis,Homo sapiens,TB034030121,Illumina HiSeq X,sputum,missing,WGS-TB034030121,PAIRED,RANDOM,GENOMIC,Mycobacterium tuberculosis,ILLUMINA,2024-03-15T00:00:00Z,2024-03-15T05:40:00Z,1,TB034030121,SRP495384,not applicable
SRR28351402,WGS,302,1295117638,PRJNA1087582,SAMN40466087,Pathogen.cl,526677896,"FIND, THE FOUNDATION FOR INNOVATIVE NEW DIAGNOSTICS","Phthisiopneumology Institute\, Chisinau\, Moldova",2019-10,public,"fastq,run.zq,sra","gs,ncbi,s3","gs.us-east1,ncbi.public,s3.us-east-1",SRX23956752,Moldova,Europe,Moldova,tuberculosis,Homo sapiens,TB034030120,Illumina HiSeq X,sputum,missing,WGS-TB034030120,PAIRED,RANDOM,GENOMIC,Mycobacterium tuberculosis,ILLUMINA,2024-03-15T00:00:00Z,2024-03-15T05:39:00Z,1,TB034030120,SRP495384,not applicable
SRR28351403,WGS,302,1317557446,PRJNA1087582,SAMN40466086,Pathogen.cl,534061530,"FIND, THE FOUNDATION FOR INNOVATIVE NEW DIAGNOSTICS","Phthisiopneumology Institute\, Chisinau\, Moldova",2019-10,public,"fastq,run.zq,sra","gs,ncbi,s3","gs.us-east1,ncbi.public,s3.us-east-1",SRX23956751,Moldova,Europe,Moldova,tuberculosis,Homo sapiens,TB034030119,Illumina HiSeq X,sputum,missing,WGS-TB034030119,PAIRED,RANDOM,GENOMIC,Mycobacterium tuberculosis,ILLUMINA,2024-03-15T00:00:00Z,2024-03-15T05:39:00Z,1,TB034030119,SRP495384,not applicable
SRR28351404,WGS,302,1867632024,PRJNA1087582,SAMN40466085,Pathogen.cl,821004764,"FIND, THE FOUNDATION FOR INNOVATIVE NEW DIAGNOSTICS","Phthisiopneumology Institute\, Chisinau\, Moldova",2019-10,public,"fastq,run.zq,sra","gs,ncbi,s3","gs.us-east1,ncbi.public,s3.us-east-1",SRX23956750,Moldova,Europe,Moldova,tuberculosis,Homo sapiens,TB034030118,Illumina HiSeq X,sputum,missing,WGS-TB034030118,PAIRED,RANDOM,GENOMIC,Mycobacterium tuberculosis,ILLUMINA,2024-03-15T00:00:00Z,2024-03-15T05:40:00Z,1,TB034030118,SRP495384,not applicable
SRR28351405,WGS,302,1230272802,PRJNA1087582,SAMN40466084,Pathogen.cl,499901732,"FIND, THE FOUNDATION FOR INNOVATIVE NEW DIAGNOSTICS","Phthisiopneumology Institute\, Chisinau\, Moldova",2019-10,public,"fastq,run.zq,sra","gs,ncbi,s3","gs.us-east1,ncbi.public,s3.us-east-1",SRX23956749,Moldova,Europe,Moldova,tuberculosis,Homo sapiens,TB034030117,Illumina HiSeq X,sputum,missing,WGS-TB034030117,PAIRED,RANDOM,GENOMIC,Mycobacterium tuberculosis,ILLUMINA,2024-03-15T00:00:00Z,2024-03-15T05:39:00Z,1,TB034030117,SRP495384,not applicable
SRR28351406,WGS,302,1047331772,PRJNA1087582,SAMN40465769,Pathogen.cl,455733784,"FIND, THE FOUNDATION FOR INNOVATIVE NEW DIAGNOSTICS","Hinduja\, Mumbai\, India",2019-11,public,"fastq,run.zq,sra","gs,ncbi,s3","gs.us-east1,ncbi.public,s3.us-east-1",SRX23956748,India,Asia,India,tuberculosis,Homo sapiens,TB034010069,Illumina HiSeq X,sputum,missing,WGS-TB034010069,PAIRED,RANDOM,GENOMIC,Mycobacterium tuberculosis,ILLUMINA,2024-03-15T00:00:00Z,2024-03-15T05:39:00Z,1,TB034010069,SRP495384,not applicable
SRR28351407,WGS,302,1822044520,PRJNA1087582,SAMN40466083,Pathogen.cl,739058421,"FIND, THE FOUNDATION FOR INNOVATIVE NEW DIAGNOSTICS","Phthisiopneumology Institute\, Chisinau\, Moldova",2019-10,public,"fastq,run.zq,sra","gs,ncbi,s3","gs.us-east1,ncbi.public,s3.us-east-1",SRX23956747,Moldova,Europe,Moldova,tuberculosis,Homo sapiens,TB034030116,Illumina HiSeq X,sputum,missing,WGS-TB034030116,PAIRED,RANDOM,GENOMIC,Mycobacterium tuberculosis,ILLUMINA,2024-03-15T00:00:00Z,2024-03-15T05:39:00Z,1,TB034030116,SRP495384,not applicable
SRR28351408,WGS,302,665513776,PRJNA1087582,SAMN40466082,Pathogen.cl,291099427,"FIND, THE FOUNDATION FOR INNOVATIVE NEW DIAGNOSTICS","Phthisiopneumology Institute\, Chisinau\, Moldova",2019-10,public,"fastq,run.zq,sra","gs,ncbi,s3","gs.us-east1,ncbi.public,s3.us-east-1",SRX23956746,Moldova,Europe,Moldova,tuberculosis,Homo sapiens,TB034030114,Illumina HiSeq X,sputum,missing,WGS-TB034030114,PAIRED,RANDOM,GENOMIC,Mycobacterium tuberculosis,ILLUMINA,2024-03-15T00:00:00Z,2024-03-15T05:39:00Z,1,TB034030114,SRP495384,not applicable
SRR28351409,WGS,302,1771826752,PRJNA1087582,SAMN40466081,Pathogen.cl,726221533,"FIND, THE FOUNDATION FOR INNOVATIVE NEW DIAGNOSTICS","Phthisiopneumology Institute\, Chisinau\, Moldova",2019-10,public,"fastq,run.zq,sra","gs,ncbi,s3","gs.us-east1,ncbi.public,s3.us-east-1",SRX23956745,Moldova,Europe,Moldova,tuberculosis,Homo sapiens,TB034030112,Illumina HiSeq X,sputum,missing,WGS-TB034030112,PAIRED,RANDOM,GENOMIC,Mycobacterium tuberculosis,ILLUMINA,2024-03-15T00:00:00Z,2024-03-15T05:40:00Z,1,TB034030112,SRP495384,not applicable
SRR28351410,WGS,302,1613603818,PRJNA1087582,SAMN40466080,Pathogen.cl,658288238,"FIND, THE FOUNDATION FOR INNOVATIVE NEW DIAGNOSTICS","Phthisiopneumology Institute\, Chisinau\, Moldova",2019-10,public,"fastq,run.zq,sra","gs,ncbi,s3","gs.us-east1,ncbi.public,s3.us-east-1",SRX23956744,Moldova,Europe,Moldova,tuberculosis,Homo sapiens,TB034030111,Illumina HiSeq X,sputum,missing,WGS-TB034030111,PAIRED,RANDOM,GENOMIC,Mycobacterium tuberculosis,ILLUMINA,2024-03-15T00:00:00Z,2024-03-15T05:40:00Z,1,TB034030111,SRP495384,not applicable
SRR28351411,WGS,302,1875074814,PRJNA1087582,SAMN40466079,Pathogen.cl,760608805,"FIND, THE FOUNDATION FOR INNOVATIVE NEW DIAGNOSTICS","Phthisiopneumology Institute\, Chisinau\, Moldova",2019-10,public,"fastq,run.zq,sra","gs,ncbi,s3","gs.us-east1,ncbi.public,s3.us-east-1",SRX23956743,Moldova,Europe,Moldova,tuberculosis,Homo sapiens,TB034030110,Illumina HiSeq X,sputum,missing,WGS-TB034030110,PAIRED,RANDOM,GENOMIC,Mycobacterium tuberculosis,ILLUMINA,2024-03-15T00:00:00Z,2024-03-15T05:39:00Z,1,TB034030110,SRP495384,not applicable
SRR28351412,WGS,302,2115513020,PRJNA1087582,SAMN40466078,Pathogen.cl,855635688,"FIND, THE FOUNDATION FOR INNOVATIVE NEW DIAGNOSTICS","Phthisiopneumology Institute\, Chisinau\, Moldova",2019-10,public,"fastq,run.zq,sra","gs,ncbi,s3","gs.us-east1,ncbi.public,s3.us-east-1",SRX23956742,Moldova,Europe,Moldova,tuberculosis,Homo sapiens,TB034030109,Illumina HiSeq X,sputum,missing,WGS-TB034030109,PAIRED,RANDOM,GENOMIC,Mycobacterium tuberculosis,ILLUMINA,2024-03-15T00:00:00Z,2024-03-15T05:39:00Z,1,TB034030109,SRP495384,not applicable
SRR28351413,WGS,302,1580690348,PRJNA1087582,SAMN40466077,Pathogen.cl,641930769,"FIND, THE FOUNDATION FOR INNOVATIVE NEW DIAGNOSTICS","Phthisiopneumology Institute\, Chisinau\, Moldova",2019-10,public,"fastq,run.zq,sra","gs,ncbi,s3","gs.us-east1,ncbi.public,s3.us-east-1",SRX23956741,Moldova,Europe,Moldova,tuberculosis,Homo sapiens,TB034030108,Illumina HiSeq X,sputum,missing,WGS-TB034030108,PAIRED,RANDOM,GENOMIC,Mycobacterium tuberculosis,ILLUMINA,2024-03-15T00:00:00Z,2024-03-15T05:39:00Z,1,TB034030108,SRP495384,not applicable
SRR28351414,WGS,302,2365731798,PRJNA1087582,SAMN40465737,Pathogen.cl,1021582052,"FIND, THE FOUNDATION FOR INNOVATIVE NEW DIAGNOSTICS","Hinduja\, Mumbai\, India",2019-10,public,"fastq,run.zq,sra","gs,ncbi,s3","gs.us-east1,ncbi.public,s3.us-east-1",SRX23956740,India,Asia,India,tuberculosis,Homo sapiens,TB034010012,Illumina HiSeq X,sputum,missing,WGS-TB034010012,PAIRED,RANDOM,GENOMIC,Mycobacterium tuberculosis,ILLUMINA,2024-03-15T00:00:00Z,2024-03-15T05:40:00Z,1,TB034010012,SRP495384,not applicable
SRR28351415,WGS,302,2340670932,PRJNA1087582,SAMN40466033,Pathogen.cl,953366882,"FIND, THE FOUNDATION FOR INNOVATIVE NEW DIAGNOSTICS","Phthisiopneumology Institute\, Chisinau\, Moldova",2019-08,public,"fastq,run.zq,sra","gs,ncbi,s3","gs.us-east1,ncbi.public,s3.us-east-1",SRX23956739,Moldova,Europe,Moldova,tuberculosis,Homo sapiens,TB034030055,Illumina HiSeq X,sputum,missing,WGS-TB034030055,PAIRED,RANDOM,GENOMIC,Mycobacterium tuberculosis,ILLUMINA,2024-03-15T00:00:00Z,2024-03-15T05:41:00Z,1,TB034030055,SRP495384,not applicable
SRR28351416,WGS,302,2311563266,PRJNA1087582,SAMN40466032,Pathogen.cl,943809410,"FIND, THE FOUNDATION FOR INNOVATIVE NEW DIAGNOSTICS","Phthisiopneumology Institute\, Chisinau\, Moldova",2019-08,public,"fastq,run.zq,sra","gs,ncbi,s3","gs.us-east1,ncbi.public,s3.us-east-1",SRX23956738,Moldova,Europe,Moldova,tuberculosis,Homo sapiens,TB034030053,Illumina HiSeq X,sputum,missing,WGS-TB034030053,PAIRED,RANDOM,GENOMIC,Mycobacterium tuberculosis,ILLUMINA,2024-03-15T00:00:00Z,2024-03-15T05:41:00Z,1,TB034030053,SRP495384,not applicable
SRR28351417,WGS,302,1220236134,PRJNA1087582,SAMN40466031,Pathogen.cl,440311168,"FIND, THE FOUNDATION FOR INNOVATIVE NEW DIAGNOSTICS","Phthisiopneumology Institute\, Chisinau\, Moldova",2019-08,public,"fastq,run.zq,sra","gs,ncbi,s3","gs.us-east1,ncbi.public,s3.us-east-1",SRX23956737,Moldova,Europe,Moldova,tuberculosis,Homo sapiens,TB034030052,Illumina HiSeq X,sputum,missing,WGS-TB034030052,PAIRED,RANDOM,GENOMIC,Mycobacterium tuberculosis,ILLUMINA,2024-03-15T00:00:00Z,2024-03-15T05:39:00Z,1,TB034030052,SRP495384,not applicable
SRR28351418,WGS,302,980080600,PRJNA1087582,SAMN40466030,Pathogen.cl,359364754,"FIND, THE FOUNDATION FOR INNOVATIVE NEW DIAGNOSTICS","Phthisiopneumology Institute\, Chisinau\, Moldova",2019-08,public,"fastq,run.zq,sra","gs,ncbi,s3","gs.us-east1,ncbi.public,s3.us-east-1",SRX23956736,Moldova,Europe,Moldova,tuberculosis,Homo sapiens,TB034030051,Illumina HiSeq X,sputum,missing,WGS-TB034030051,PAIRED,RANDOM,GENOMIC,Mycobacterium tuberculosis,ILLUMINA,2024-03-15T00:00:00Z,2024-03-15T05:39:00Z,1,TB034030051,SRP495384,not applicable
SRR28351419,WGS,302,2391148118,PRJNA1087582,SAMN40466029,Pathogen.cl,986343796,"FIND, THE FOUNDATION FOR INNOVATIVE NEW DIAGNOSTICS","Phthisiopneumology Institute\, Chisinau\, Moldova",2019-08,public,"fastq,run.zq,sra","gs,ncbi,s3","gs.us-east1,ncbi.public,s3.us-east-1",SRX23956735,Moldova,Europe,Moldova,tuberculosis,Homo sapiens,TB034030050,Illumina HiSeq X,sputum,missing,WGS-TB034030050,PAIRED,RANDOM,GENOMIC,Mycobacterium tuberculosis,ILLUMINA,2024-03-15T00:00:00Z,2024-03-15T05:39:00Z,1,TB034030050,SRP495384,not applicable
SRR28351420,WGS,302,2126459312,PRJNA1087582,SAMN40466028,Pathogen.cl,924532571,"FIND, THE FOUNDATION FOR INNOVATIVE NEW DIAGNOSTICS","Phthisiopneumology Institute\, Chisinau\, Moldova",2019-08,public,"fastq,run.zq,sra","gs,ncbi,s3","gs.us-east1,ncbi.public,s3.us-east-1",SRX23956734,Moldova,Europe,Moldova,tuberculosis,Homo sapiens,TB034030049,Illumina HiSeq X,sputum,missing,WGS-TB034030049,PAIRED,RANDOM,GENOMIC,Mycobacterium tuberculosis,ILLUMINA,2024-03-15T00:00:00Z,2024-03-15T05:40:00Z,1,TB034030049,SRP495384,not applicable
SRR28351421,WGS,302,1289941660,PRJNA1087582,SAMN40466027,Pathogen.cl,543327129,"FIND, THE FOUNDATION FOR INNOVATIVE NEW DIAGNOSTICS","Phthisiopneumology Institute\, Chisinau\, Moldova",2019-08,public,"fastq,run.zq,sra","gs,ncbi,s3","gs.us-east1,ncbi.public,s3.us-east-1",SRX23956733,Moldova,Europe,Moldova,tuberculosis,Homo sapiens,TB034030048,Illumina HiSeq X,sputum,missing,WGS-TB034030048,PAIRED,RANDOM,GENOMIC,Mycobacterium tuberculosis,ILLUMINA,2024-03-15T00:00:00Z,2024-03-15T05:40:00Z,1,TB034030048,SRP495384,not applicable
SRR28351422,WGS,302,2379774798,PRJNA1087582,SAMN40466026,Pathogen.cl,991010863,"FIND, THE FOUNDATION FOR INNOVATIVE NEW DIAGNOSTICS","Phthisiopneumology Institute\, Chisinau\, Moldova",2019-08,public,"fastq,run.zq,sra","gs,ncbi,s3","gs.us-east1,ncbi.public,s3.us-east-1",SRX23956732,Moldova,Europe,Moldova,tuberculosis,Homo sapiens,TB034030046,Illumina HiSeq X,sputum,missing,WGS-TB034030046,PAIRED,RANDOM,GENOMIC,Mycobacterium tuberculosis,ILLUMINA,2024-03-15T00:00:00Z,2024-03-15T05:40:00Z,1,TB034030046,SRP495384,not applicable
SRR28351423,WGS,302,2751794102,PRJNA1087582,SAMN40466025,Pathogen.cl,1129519808,"FIND, THE FOUNDATION FOR INNOVATIVE NEW DIAGNOSTICS","Phthisiopneumology Institute\, Chisinau\, Moldova",2019-08,public,"fastq,run.zq,sra","gs,ncbi,s3","gs.us-east1,ncbi.public,s3.us-east-1",SRX23956731,Moldova,Europe,Moldova,tuberculosis,Homo sapiens,TB034030045,Illumina HiSeq X,sputum,missing,WGS-TB034030045,PAIRED,RANDOM,GENOMIC,Mycobacterium tuberculosis,ILLUMINA,2024-03-15T00:00:00Z,2024-03-15T05:39:00Z,1,TB034030045,SRP495384,not applicable
SRR28351424,WGS,302,2115243636,PRJNA1087582,SAMN40466024,Pathogen.cl,851087906,"FIND, THE FOUNDATION FOR INNOVATIVE NEW DIAGNOSTICS","Phthisiopneumology Institute\, Chisinau\, Moldova",2019-08,public,"fastq,run.zq,sra","gs,ncbi,s3","gs.us-east1,ncbi.public,s3.us-east-1",SRX23956730,Moldova,Europe,Moldova,tuberculosis,Homo sapiens,TB034030043,Illumina HiSeq X,sputum,missing,WGS-TB034030043,PAIRED,RANDOM,GENOMIC,Mycobacterium tuberculosis,ILLUMINA,2024-03-15T00:00:00Z,2024-03-15T05:41:00Z,1,TB034030043,SRP495384,not applicable
SRR28351425,WGS,302,2598947976,PRJNA1087582,SAMN40465763,Pathogen.cl,1135998658,"FIND, THE FOUNDATION FOR INNOVATIVE NEW DIAGNOSTICS","Hinduja\, Mumbai\, India",2019-11,public,"fastq,run.zq,sra","gs,ncbi,s3","gs.us-east1,ncbi.public,s3.us-east-1",SRX23956729,India,Asia,India,tuberculosis,Homo sapiens,TB034010062,Illumina HiSeq X,sputum,missing,WGS-TB034010062,PAIRED,RANDOM,GENOMIC,Mycobacterium tuberculosis,ILLUMINA,2024-03-15T00:00:00Z,2024-03-15T05:42:00Z,1,TB034010062,SRP495384,not applicable
SRR28351426,WGS,302,2596679654,PRJNA1087582,SAMN40466023,Pathogen.cl,1057736513,"FIND, THE FOUNDATION FOR INNOVATIVE NEW DIAGNOSTICS","Phthisiopneumology Institute\, Chisinau\, Moldova",2019-08,public,"fastq,run.zq,sra","gs,ncbi,s3","gs.us-east1,ncbi.public,s3.us-east-1",SRX23956728,Moldova,Europe,Moldova,tuberculosis,Homo sapiens,TB034030042,Illumina HiSeq X,sputum,missing,WGS-TB034030042,PAIRED,RANDOM,GENOMIC,Mycobacterium tuberculosis,ILLUMINA,2024-03-15T00:00:00Z,2024-03-15T05:41:00Z,1,TB034030042,SRP495384,not applicable
SRR28351427,WGS,302,2437866914,PRJNA1087582,SAMN40466022,Pathogen.cl,982665142,"FIND, THE FOUNDATION FOR INNOVATIVE NEW DIAGNOSTICS","Phthisiopneumology Institute\, Chisinau\, Moldova",2019-08,public,"fastq,run.zq,sra","gs,ncbi,s3","gs.us-east1,ncbi.public,s3.us-east-1",SRX23956727,Moldova,Europe,Moldova,tuberculosis,Homo sapiens,TB034030041,Illumina HiSeq X,sputum,missing,WGS-TB034030041,PAIRED,RANDOM,GENOMIC,Mycobacterium tuberculosis,ILLUMINA,2024-03-15T00:00:00Z,2024-03-15T05:40:00Z,1,TB034030041,SRP495384,not applicable
SRR28351428,WGS,302,1902137638,PRJNA1087582,SAMN40466021,Pathogen.cl,777202167,"FIND, THE FOUNDATION FOR INNOVATIVE NEW DIAGNOSTICS","Phthisiopneumology Institute\, Chisinau\, Moldova",2019-08,public,"fastq,run.zq,sra","gs,ncbi,s3","gs.us-east1,ncbi.public,s3.us-east-1",SRX23956726,Moldova,Europe,Moldova,tuberculosis,Homo sapiens,TB034030038,Illumina HiSeq X,sputum,missing,WGS-TB034030038,PAIRED,RANDOM,GENOMIC,Mycobacterium tuberculosis,ILLUMINA,2024-03-15T00:00:00Z,2024-03-15T05:39:00Z,1,TB034030038,SRP495384,not applicable
SRR28351429,WGS,302,1362549104,PRJNA1087582,SAMN40466020,Pathogen.cl,568922485,"FIND, THE FOUNDATION FOR INNOVATIVE NEW DIAGNOSTICS","Phthisiopneumology Institute\, Chisinau\, Moldova",2019-08,public,"fastq,run.zq,sra","gs,ncbi,s3","gs.us-east1,ncbi.public,s3.us-east-1",SRX23956725,Moldova,Europe,Moldova,tuberculosis,Homo sapiens,TB034030037,Illumina HiSeq X,sputum,missing,WGS-TB034030037,PAIRED,RANDOM,GENOMIC,Mycobacterium tuberculosis,ILLUMINA,2024-03-15T00:00:00Z,2024-03-15T05:40:00Z,1,TB034030037,SRP495384,not applicable
SRR28351430,WGS,302,1365445888,PRJNA1087582,SAMN40465975,Pathogen.cl,597159100,"FIND, THE FOUNDATION FOR INNOVATIVE NEW DIAGNOSTICS","National Institute of TB and Respiratory Diseases\, New Delhi\, India",2020-03,public,"fastq,run.zq,sra","gs,ncbi,s3","gs.us-east1,ncbi.public,s3.us-east-1",SRX23956724,India,Asia,India,tuberculosis,Homo sapiens,TB034020137,Illumina HiSeq X,sputum,missing,WGS-TB034020137,PAIRED,RANDOM,GENOMIC,Mycobacterium tuberculosis,ILLUMINA,2024-03-15T00:00:00Z,2024-03-15T05:39:00Z,1,TB034020137,SRP495384,not applicable
SRR28351431,WGS,302,879552652,PRJNA1087582,SAMN40465974,Pathogen.cl,375264292,"FIND, THE FOUNDATION FOR INNOVATIVE NEW DIAGNOSTICS","National Institute of TB and Respiratory Diseases\, New Delhi\, India",2020-03,public,"fastq,run.zq,sra","gs,ncbi,s3","gs.us-east1,ncbi.public,s3.us-east-1",SRX23956723,India,Asia,India,tuberculosis,Homo sapiens,TB034020136,Illumina HiSeq X,sputum,missing,WGS-TB034020136,PAIRED,RANDOM,GENOMIC,Mycobacterium tuberculosis,ILLUMINA,2024-03-15T00:00:00Z,2024-03-15T05:39:00Z,1,TB034020136,SRP495384,not applicable
SRR28351432,WGS,302,1514174848,PRJNA1087582,SAMN40465758,Pathogen.cl,631624882,"FIND, THE FOUNDATION FOR INNOVATIVE NEW DIAGNOSTICS","Hinduja\, Mumbai\, India",2019-11,public,"fastq,run.zq,sra","gs,ncbi,s3","gs.us-east1,ncbi.public,s3.us-east-1",SRX23956722,India,Asia,India,tuberculosis,Homo sapiens,TB034010055,Illumina HiSeq X,sputum,missing,WGS-TB034010055,PAIRED,RANDOM,GENOMIC,Mycobacterium tuberculosis,ILLUMINA,2024-03-15T00:00:00Z,2024-03-15T05:40:00Z,1,TB034010055,SRP495384,not applicable
SRR28351433,WGS,302,1863894774,PRJNA1087582,SAMN40465973,Pathogen.cl,788121669,"FIND, THE FOUNDATION FOR INNOVATIVE NEW DIAGNOSTICS","National Institute of TB and Respiratory Diseases\, New Delhi\, India",2020-03,public,"fastq,run.zq,sra","gs,ncbi,s3","gs.us-east1,ncbi.public,s3.us-east-1",SRX23956721,India,Asia,India,tuberculosis,Homo sapiens,TB034020135,Illumina HiSeq X,sputum,missing,WGS-TB034020135,PAIRED,RANDOM,GENOMIC,Mycobacterium tuberculosis,ILLUMINA,2024-03-15T00:00:00Z,2024-03-15T05:40:00Z,1,TB034020135,SRP495384,not applicable
SRR28351434,WGS,302,2472458598,PRJNA1087582,SAMN40465972,Pathogen.cl,1037610420,"FIND, THE FOUNDATION FOR INNOVATIVE NEW DIAGNOSTICS","National Institute of TB and Respiratory Diseases\, New Delhi\, India",2020-03,public,"fastq,run.zq,sra","gs,ncbi,s3","gs.us-east1,ncbi.public,s3.us-east-1",SRX23956720,India,Asia,India,tuberculosis,Homo sapiens,TB034020133,Illumina HiSeq X,sputum,missing,WGS-TB034020133,PAIRED,RANDOM,GENOMIC,Mycobacterium tuberculosis,ILLUMINA,2024-03-15T00:00:00Z,2024-03-15T05:40:00Z,1,TB034020133,SRP495384,not applicable
SRR28351435,WGS,302,2268182476,PRJNA1087582,SAMN40465971,Pathogen.cl,966129606,"FIND, THE FOUNDATION FOR INNOVATIVE NEW DIAGNOSTICS","National Institute of TB and Respiratory Diseases\, New Delhi\, India",2020-03,public,"fastq,run.zq,sra","gs,ncbi,s3","gs.us-east1,ncbi.public,s3.us-east-1",SRX23956719,India,Asia,India,tuberculosis,Homo sapiens,TB034020132,Illumina HiSeq X,sputum,missing,WGS-TB034020132,PAIRED,RANDOM,GENOMIC,Mycobacterium tuberculosis,ILLUMINA,2024-03-15T00:00:00Z,2024-03-15T05:40:00Z,1,TB034020132,SRP495384,not applicable
SRR28351436,WGS,302,1760627686,PRJNA1087582,SAMN40465970,Pathogen.cl,769255041,"FIND, THE FOUNDATION FOR INNOVATIVE NEW DIAGNOSTICS","National Institute of TB and Respiratory Diseases\, New Delhi\, India",2020-03,public,"fastq,run.zq,sra","gs,ncbi,s3","gs.us-east1,ncbi.public,s3.us-east-1",SRX23956718,India,Asia,India,tuberculosis,Homo sapiens,TB034020131,Illumina HiSeq X,sputum,missing,WGS-TB034020131,PAIRED,RANDOM,GENOMIC,Mycobacterium tuberculosis,ILLUMINA,2024-03-15T00:00:00Z,2024-03-15T05:40:00Z,1,TB034020131,SRP495384,not applicable
SRR28351437,WGS,302,1718009748,PRJNA1087582,SAMN40465969,Pathogen.cl,747094922,"FIND, THE FOUNDATION FOR INNOVATIVE NEW DIAGNOSTICS","National Institute of TB and Respiratory Diseases\, New Delhi\, India",2020-02,public,"fastq,run.zq,sra","gs,ncbi,s3","gs.us-east1,ncbi.public,s3.us-east-1",SRX23956717,India,Asia,India,tuberculosis,Homo sapiens,TB034020130,Illumina HiSeq X,sputum,missing,WGS-TB034020130,PAIRED,RANDOM,GENOMIC,Mycobacterium tuberculosis,ILLUMINA,2024-03-15T00:00:00Z,2024-03-15T05:41:00Z,1,TB034020130,SRP495384,not applicable
SRR28351438,WGS,302,1520401182,PRJNA1087582,SAMN40465968,Pathogen.cl,649862237,"FIND, THE FOUNDATION FOR INNOVATIVE NEW DIAGNOSTICS","National Institute of TB and Respiratory Diseases\, New Delhi\, India",2020-02,public,"fastq,run.zq,sra","gs,ncbi,s3","gs.us-east1,ncbi.public,s3.us-east-1",SRX23956716,India,Asia,India,tuberculosis,Homo sapiens,TB034020129,Illumina HiSeq X,sputum,missing,WGS-TB034020129,PAIRED,RANDOM,GENOMIC,Mycobacterium tuberculosis,ILLUMINA,2024-03-15T00:00:00Z,2024-03-15T05:40:00Z,1,TB034020129,SRP495384,not applicable
SRR28351439,WGS,302,1342511404,PRJNA1087582,SAMN40465967,Pathogen.cl,586969655,"FIND, THE FOUNDATION FOR INNOVATIVE NEW DIAGNOSTICS","National Institute of TB and Respiratory Diseases\, New Delhi\, India",2020-02,public,"fastq,run.zq,sra","gs,ncbi,s3","gs.us-east1,ncbi.public,s3.us-east-1",SRX23956715,India,Asia,India,tuberculosis,Homo sapiens,TB034020128,Illumina HiSeq X,sputum,missing,WGS-TB034020128,PAIRED,RANDOM,GENOMIC,Mycobacterium tuberculosis,ILLUMINA,2024-03-15T00:00:00Z,2024-03-15T05:39:00Z,1,TB034020128,SRP495384,not applicable
SRR28351440,WGS,302,1523516312,PRJNA1087582,SAMN40465966,Pathogen.cl,655792293,"FIND, THE FOUNDATION FOR INNOVATIVE NEW DIAGNOSTICS","National Institute of TB and Respiratory Diseases\, New Delhi\, India",2020-02,public,"fastq,run.zq,sra","gs,ncbi,s3","gs.us-east1,ncbi.public,s3.us-east-1",SRX23956714,India,Asia,India,tuberculosis,Homo sapiens,TB034020127,Illumina HiSeq X,sputum,missing,WGS-TB034020127,PAIRED,RANDOM,GENOMIC,Mycobacterium tuberculosis,ILLUMINA,2024-03-15T00:00:00Z,2024-03-15T05:40:00Z,1,TB034020127,SRP495384,not applicable
SRR28351441,WGS,302,1396405720,PRJNA1087582,SAMN40465965,Pathogen.cl,603227070,"FIND, THE FOUNDATION FOR INNOVATIVE NEW DIAGNOSTICS","National Institute of TB and Respiratory Diseases\, New Delhi\, India",2020-02,public,"fastq,run.zq,sra","gs,ncbi,s3","gs.us-east1,ncbi.public,s3.us-east-1",SRX23956713,India,Asia,India,tuberculosis,Homo sapiens,TB034020123,Illumina HiSeq X,sputum,missing,WGS-TB034020123,PAIRED,RANDOM,GENOMIC,Mycobacterium tuberculosis,ILLUMINA,2024-03-15T00:00:00Z,2024-03-15T05:39:00Z,1,TB034020123,SRP495384,not applicable
SRR28351442,WGS,302,1494433108,PRJNA1087582,SAMN40465964,Pathogen.cl,631943075,"FIND, THE FOUNDATION FOR INNOVATIVE NEW DIAGNOSTICS","National Institute of TB and Respiratory Diseases\, New Delhi\, India",2020-02,public,"fastq,run.zq,sra","gs,ncbi,s3","gs.us-east1,ncbi.public,s3.us-east-1",SRX23956712,India,Asia,India,tuberculosis,Homo sapiens,TB034020122,Illumina HiSeq X,sputum,missing,WGS-TB034020122,PAIRED,RANDOM,GENOMIC,Mycobacterium tuberculosis,ILLUMINA,2024-03-15T00:00:00Z,2024-03-15T05:40:00Z,1,TB034020122,SRP495384,not applicable
SRR28351443,WGS,302,1581339648,PRJNA1087582,SAMN40465757,Pathogen.cl,672186430,"FIND, THE FOUNDATION FOR INNOVATIVE NEW DIAGNOSTICS","Hinduja\, Mumbai\, India",2019-11,public,"fastq,run.zq,sra","gs,ncbi,s3","gs.us-east1,ncbi.public,s3.us-east-1",SRX23956711,India,Asia,India,tuberculosis,Homo sapiens,TB034010052,Illumina HiSeq X,sputum,missing,WGS-TB034010052,PAIRED,RANDOM,GENOMIC,Mycobacterium tuberculosis,ILLUMINA,2024-03-15T00:00:00Z,2024-03-15T05:40:00Z,1,TB034010052,SRP495384,not applicable
SRR28351444,WGS,302,1481306074,PRJNA1087582,SAMN40465963,Pathogen.cl,629897529,"FIND, THE FOUNDATION FOR INNOVATIVE NEW DIAGNOSTICS","National Institute of TB and Respiratory Diseases\, New Delhi\, India",2020-02,public,"fastq,run.zq,sra","gs,ncbi,s3","gs.us-east1,ncbi.public,s3.us-east-1",SRX23956710,India,Asia,India,tuberculosis,Homo sapiens,TB034020121,Illumina HiSeq X,sputum,missing,WGS-TB034020121,PAIRED,RANDOM,GENOMIC,Mycobacterium tuberculosis,ILLUMINA,2024-03-15T00:00:00Z,2024-03-15T05:40:00Z,1,TB034020121,SRP495384,not applicable
SRR28351445,WGS,302,1119127440,PRJNA1087582,SAMN40465962,Pathogen.cl,478484943,"FIND, THE FOUNDATION FOR INNOVATIVE NEW DIAGNOSTICS","National Institute of TB and Respiratory Diseases\, New Delhi\, India",2020-02,public,"fastq,run.zq,sra","gs,ncbi,s3","gs.us-east1,ncbi.public,s3.us-east-1",SRX23956709,India,Asia,India,tuberculosis,Homo sapiens,TB034020120,Illumina HiSeq X,sputum,missing,WGS-TB034020120,PAIRED,RANDOM,GENOMIC,Mycobacterium tuberculosis,ILLUMINA,2024-03-15T00:00:00Z,2024-03-15T05:40:00Z,1,TB034020120,SRP495384,not applicable
SRR28351446,WGS,302,808181898,PRJNA1087582,SAMN40465918,Pathogen.cl,330674893,"FIND, THE FOUNDATION FOR INNOVATIVE NEW DIAGNOSTICS","National Institute of TB and Respiratory Diseases\, New Delhi\, India",2019-11,public,"fastq,run.zq,sra","gs,ncbi,s3","gs.us-east1,ncbi.public,s3.us-east-1",SRX23956708,India,Asia,India,tuberculosis,Homo sapiens,TB034020060,Illumina HiSeq X,sputum,missing,WGS-TB034020060,PAIRED,RANDOM,GENOMIC,Mycobacterium tuberculosis,ILLUMINA,2024-03-15T00:00:00Z,2024-03-15T05:39:00Z,1,TB034020060,SRP495384,not applicable
SRR28351447,WGS,302,1152092250,PRJNA1087582,SAMN40465917,Pathogen.cl,538444526,"FIND, THE FOUNDATION FOR INNOVATIVE NEW DIAGNOSTICS","National Institute of TB and Respiratory Diseases\, New Delhi\, India",2019-11,public,"fastq,run.zq,sra","gs,ncbi,s3","gs.us-east1,ncbi.public,s3.us-east-1",SRX23956707,India,Asia,India,tuberculosis,Homo sapiens,TB034020059,Illumina HiSeq X,sputum,missing,WGS-TB034020059,PAIRED,RANDOM,GENOMIC,Mycobacterium tuberculosis,ILLUMINA,2024-03-15T00:00:00Z,2024-03-15T05:40:00Z,1,TB034020059,SRP495384,not applicable
SRR28351448,WGS,302,487413806,PRJNA1087582,SAMN40465916,Pathogen.cl,212060825,"FIND, THE FOUNDATION FOR INNOVATIVE NEW DIAGNOSTICS","National Institute of TB and Respiratory Diseases\, New Delhi\, India",2019-11,public,"fastq,run.zq,sra","gs,ncbi,s3","gs.us-east1,ncbi.public,s3.us-east-1",SRX23956706,India,Asia,India,tuberculosis,Homo sapiens,TB034020058,Illumina HiSeq X,sputum,missing,WGS-TB034020058,PAIRED,RANDOM,GENOMIC,Mycobacterium tuberculosis,ILLUMINA,2024-03-15T00:00:00Z,2024-03-15T05:39:00Z,1,TB034020058,SRP495384,not applicable
SRR28351449,WGS,302,1525989692,PRJNA1087582,SAMN40465915,Pathogen.cl,647533938,"FIND, THE FOUNDATION FOR INNOVATIVE NEW DIAGNOSTICS","National Institute of TB and Respiratory Diseases\, New Delhi\, India",2019-11,public,"fastq,run.zq,sra","gs,ncbi,s3","gs.us-east1,ncbi.public,s3.us-east-1",SRX23956705,India,Asia,India,tuberculosis,Homo sapiens,TB034020057,Illumina HiSeq X,sputum,missing,WGS-TB034020057,PAIRED,RANDOM,GENOMIC,Mycobacterium tuberculosis,ILLUMINA,2024-03-15T00:00:00Z,2024-03-15T05:40:00Z,1,TB034020057,SRP495384,not applicable
SRR28351450,WGS,302,1677180858,PRJNA1087582,SAMN40465914,Pathogen.cl,710864067,"FIND, THE FOUNDATION FOR INNOVATIVE NEW DIAGNOSTICS","National Institute of TB and Respiratory Diseases\, New Delhi\, India",2019-11,public,"fastq,run.zq,sra","gs,ncbi,s3","gs.us-east1,ncbi.public,s3.us-east-1",SRX23956704,India,Asia,India,tuberculosis,Homo sapiens,TB034020056,Illumina HiSeq X,sputum,missing,WGS-TB034020056,PAIRED,RANDOM,GENOMIC,Mycobacterium tuberculosis,ILLUMINA,2024-03-15T00:00:00Z,2024-03-15T05:39:00Z,1,TB034020056,SRP495384,not applicable
SRR28351451,WGS,302,998634876,PRJNA1087582,SAMN40465752,Pathogen.cl,442974563,"FIND, THE FOUNDATION FOR INNOVATIVE NEW DIAGNOSTICS","Hinduja\, Mumbai\, India",2019-11,public,"fastq,run.zq,sra","gs,ncbi,s3","gs.us-east1,ncbi.public,s3.us-east-1",SRX23956703,India,Asia,India,tuberculosis,Homo sapiens,TB034010046,Illumina HiSeq X,sputum,missing,WGS-TB034010046,PAIRED,RANDOM,GENOMIC,Mycobacterium tuberculosis,ILLUMINA,2024-03-15T00:00:00Z,2024-03-15T05:40:00Z,1,TB034010046,SRP495384,not applicable
SRR28351452,WGS,302,1403347190,PRJNA1087582,SAMN40465913,Pathogen.cl,581051831,"FIND, THE FOUNDATION FOR INNOVATIVE NEW DIAGNOSTICS","National Institute of TB and Respiratory Diseases\, New Delhi\, India",2019-11,public,"fastq,run.zq,sra","gs,ncbi,s3","gs.us-east1,ncbi.public,s3.us-east-1",SRX23956702,India,Asia,India,tuberculosis,Homo sapiens,TB034020055,Illumina HiSeq X,sputum,missing,WGS-TB034020055,PAIRED,RANDOM,GENOMIC,Mycobacterium tuberculosis,ILLUMINA,2024-03-15T00:00:00Z,2024-03-15T05:40:00Z,1,TB034020055,SRP495384,not applicable
SRR28351453,WGS,302,1728846716,PRJNA1087582,SAMN40465912,Pathogen.cl,797225962,"FIND, THE FOUNDATION FOR INNOVATIVE NEW DIAGNOSTICS","National Institute of TB and Respiratory Diseases\, New Delhi\, India",2019-11,public,"fastq,run.zq,sra","gs,ncbi,s3","gs.us-east1,ncbi.public,s3.us-east-1",SRX23956701,India,Asia,India,tuberculosis,Homo sapiens,TB034020054,Illumina HiSeq X,sputum,missing,WGS-TB034020054,PAIRED,RANDOM,GENOMIC,Mycobacterium tuberculosis,ILLUMINA,2024-03-15T00:00:00Z,2024-03-15T05:40:00Z,1,TB034020054,SRP495384,not applicable
SRR28351454,WGS,302,1445002956,PRJNA1087582,SAMN40465911,Pathogen.cl,624925057,"FIND, THE FOUNDATION FOR INNOVATIVE NEW DIAGNOSTICS","National Institute of TB and Respiratory Diseases\, New Delhi\, India",2019-11,public,"fastq,run.zq,sra","gs,ncbi,s3","gs.us-east1,ncbi.public,s3.us-east-1",SRX23956700,India,Asia,India,tuberculosis,Homo sapiens,TB034020053,Illumina HiSeq X,sputum,missing,WGS-TB034020053,PAIRED,RANDOM,GENOMIC,Mycobacterium tuberculosis,ILLUMINA,2024-03-15T00:00:00Z,2024-03-15T05:41:00Z,1,TB034020053,SRP495384,not applicable
SRR28351455,WGS,302,901200616,PRJNA1087582,SAMN40465910,Pathogen.cl,426065356,"FIND, THE FOUNDATION FOR INNOVATIVE NEW DIAGNOSTICS","National Institute of TB and Respiratory Diseases\, New Delhi\, India",2019-11,public,"fastq,run.zq,sra","gs,ncbi,s3","gs.us-east1,ncbi.public,s3.us-east-1",SRX23956699,India,Asia,India,tuberculosis,Homo sapiens,TB034020052,Illumina HiSeq X,sputum,missing,WGS-TB034020052,PAIRED,RANDOM,GENOMIC,Mycobacterium tuberculosis,ILLUMINA,2024-03-15T00:00:00Z,2024-03-15T05:40:00Z,1,TB034020052,SRP495384,not applicable
SRR28351456,WGS,302,1469704744,PRJNA1087582,SAMN40465909,Pathogen.cl,608801386,"FIND, THE FOUNDATION FOR INNOVATIVE NEW DIAGNOSTICS","National Institute of TB and Respiratory Diseases\, New Delhi\, India",2019-11,public,"fastq,run.zq,sra","gs,ncbi,s3","gs.us-east1,ncbi.public,s3.us-east-1",SRX23956698,India,Asia,India,tuberculosis,Homo sapiens,TB034020048,Illumina HiSeq X,sputum,missing,WGS-TB034020048,PAIRED,RANDOM,GENOMIC,Mycobacterium tuberculosis,ILLUMINA,2024-03-15T00:00:00Z,2024-03-15T05:40:00Z,1,TB034020048,SRP495384,not applicable
SRR28351457,WGS,302,1498521584,PRJNA1087582,SAMN40465908,Pathogen.cl,651586500,"FIND, THE FOUNDATION FOR INNOVATIVE NEW DIAGNOSTICS","National Institute of TB and Respiratory Diseases\, New Delhi\, India",2019-11,public,"fastq,run.zq,sra","gs,ncbi,s3","gs.us-east1,ncbi.public,s3.us-east-1",SRX23956697,India,Asia,India,tuberculosis,Homo sapiens,TB034020047,Illumina HiSeq X,sputum,missing,WGS-TB034020047,PAIRED,RANDOM,GENOMIC,Mycobacterium tuberculosis,ILLUMINA,2024-03-15T00:00:00Z,2024-03-15T05:40:00Z,1,TB034020047,SRP495384,not applicable
SRR28351458,WGS,302,1496922192,PRJNA1087582,SAMN40465907,Pathogen.cl,635688442,"FIND, THE FOUNDATION FOR INNOVATIVE NEW DIAGNOSTICS","National Institute of TB and Respiratory Diseases\, New Delhi\, India",2019-11,public,"fastq,run.zq,sra","gs,ncbi,s3","gs.us-east1,ncbi.public,s3.us-east-1",SRX23956696,India,Asia,India,tuberculosis,Homo sapiens,TB034020046,Illumina HiSeq X,sputum,missing,WGS-TB034020046,PAIRED,RANDOM,GENOMIC,Mycobacterium tuberculosis,ILLUMINA,2024-03-15T00:00:00Z,2024-03-15T05:41:00Z,1,TB034020046,SRP495384,not applicable
SRR28351459,WGS,302,1830088290,PRJNA1087582,SAMN40465906,Pathogen.cl,820117789,"FIND, THE FOUNDATION FOR INNOVATIVE NEW DIAGNOSTICS","National Institute of TB and Respiratory Diseases\, New Delhi\, India",2019-11,public,"fastq,run.zq,sra","gs,ncbi,s3","gs.us-east1,ncbi.public,s3.us-east-1",SRX23956695,India,Asia,India,tuberculosis,Homo sapiens,TB034020045,Illumina HiSeq X,sputum,missing,WGS-TB034020045,PAIRED,RANDOM,GENOMIC,Mycobacterium tuberculosis,ILLUMINA,2024-03-15T00:00:00Z,2024-03-15T05:40:00Z,1,TB034020045,SRP495384,not applicable
SRR28351460,WGS,302,1858795806,PRJNA1087582,SAMN40465905,Pathogen.cl,830500073,"FIND, THE FOUNDATION FOR INNOVATIVE NEW DIAGNOSTICS","National Institute of TB and Respiratory Diseases\, New Delhi\, India",2019-11,public,"fastq,run.zq,sra","gs,ncbi,s3","gs.us-east1,ncbi.public,s3.us-east-1",SRX23956694,India,Asia,India,tuberculosis,Homo sapiens,TB034020044,Illumina HiSeq X,sputum,missing,WGS-TB034020044,PAIRED,RANDOM,GENOMIC,Mycobacterium tuberculosis,ILLUMINA,2024-03-15T00:00:00Z,2024-03-15T05:41:00Z,1,TB034020044,SRP495384,not applicable
SRR28351461,WGS,302,1150054656,PRJNA1087582,SAMN40465904,Pathogen.cl,537443805,"FIND, THE FOUNDATION FOR INNOVATIVE NEW DIAGNOSTICS","National Institute of TB and Respiratory Diseases\, New Delhi\, India",2019-11,public,"fastq,run.zq,sra","gs,ncbi,s3","gs.us-east1,ncbi.public,s3.us-east-1",SRX23956693,India,Asia,India,tuberculosis,Homo sapiens,TB034020043,Illumina HiSeq X,sputum,missing,WGS-TB034020043,PAIRED,RANDOM,GENOMIC,Mycobacterium tuberculosis,ILLUMINA,2024-03-15T00:00:00Z,2024-03-15T05:40:00Z,1,TB034020043,SRP495384,not applicable
SRR28351462,WGS,302,1445201672,PRJNA1087582,SAMN40465874,Pathogen.cl,612529895,"FIND, THE FOUNDATION FOR INNOVATIVE NEW DIAGNOSTICS","Hinduja\, Mumbai\, India",2020-03,public,"fastq,run.zq,sra","gs,ncbi,s3","gs.us-east1,ncbi.public,s3.us-east-1",SRX23956692,India,Asia,India,tuberculosis,Homo sapiens,TB034010201,Illumina HiSeq X,sputum,missing,WGS-TB034010201,PAIRED,RANDOM,GENOMIC,Mycobacterium tuberculosis,ILLUMINA,2024-03-15T00:00:00Z,2024-03-15T05:39:00Z,1,TB034010201,SRP495384,not applicable
SRR28351463,WGS,302,2509780362,PRJNA1087582,SAMN40465748,Pathogen.cl,1087864161,"FIND, THE FOUNDATION FOR INNOVATIVE NEW DIAGNOSTICS","Hinduja\, Mumbai\, India",2019-10,public,"fastq,run.zq,sra","gs,ncbi,s3","gs.us-east1,ncbi.public,s3.us-east-1",SRX23956691,India,Asia,India,tuberculosis,Homo sapiens,TB034010040,Illumina HiSeq X,sputum,missing,WGS-TB034010040,PAIRED,RANDOM,GENOMIC,Mycobacterium tuberculosis,ILLUMINA,2024-03-15T00:00:00Z,2024-03-15T05:40:00Z,1,TB034010040,SRP495384,not applicable
SRR28351464,WGS,302,1531074768,PRJNA1087582,SAMN40465873,Pathogen.cl,653252920,"FIND, THE FOUNDATION FOR INNOVATIVE NEW DIAGNOSTICS","Hinduja\, Mumbai\, India",2020-03,public,"fastq,run.zq,sra","gs,ncbi,s3","gs.us-east1,ncbi.public,s3.us-east-1",SRX23956690,India,Asia,India,tuberculosis,Homo sapiens,TB034010199,Illumina HiSeq X,sputum,missing,WGS-TB034010199,PAIRED,RANDOM,GENOMIC,Mycobacterium tuberculosis,ILLUMINA,2024-03-15T00:00:00Z,2024-03-15T05:41:00Z,1,TB034010199,SRP495384,not applicable
SRR28351465,WGS,302,1388689318,PRJNA1087582,SAMN40465872,Pathogen.cl,593993107,"FIND, THE FOUNDATION FOR INNOVATIVE NEW DIAGNOSTICS","Hinduja\, Mumbai\, India",2020-03,public,"fastq,run.zq,sra","gs,ncbi,s3","gs.us-east1,ncbi.public,s3.us-east-1",SRX23956689,India,Asia,India,tuberculosis,Homo sapiens,TB034010198,Illumina HiSeq X,sputum,missing,WGS-TB034010198,PAIRED,RANDOM,GENOMIC,Mycobacterium tuberculosis,ILLUMINA,2024-03-15T00:00:00Z,2024-03-15T05:41:00Z,1,TB034010198,SRP495384,not applicable
SRR28351466,WGS,302,1355868864,PRJNA1087582,SAMN40465871,Pathogen.cl,583242042,"FIND, THE FOUNDATION FOR INNOVATIVE NEW DIAGNOSTICS","Hinduja\, Mumbai\, India",2020-03,public,"fastq,run.zq,sra","gs,ncbi,s3","gs.us-east1,ncbi.public,s3.us-east-1",SRX23956688,India,Asia,India,tuberculosis,Homo sapiens,TB034010197,Illumina HiSeq X,sputum,missing,WGS-TB034010197,PAIRED,RANDOM,GENOMIC,Mycobacterium tuberculosis,ILLUMINA,2024-03-15T00:00:00Z,2024-03-15T05:41:00Z,1,TB034010197,SRP495384,not applicable
SRR28351467,WGS,302,2045924368,PRJNA1087582,SAMN40465870,Pathogen.cl,848865386,"FIND, THE FOUNDATION FOR INNOVATIVE NEW DIAGNOSTICS","Hinduja\, Mumbai\, India",2020-03,public,"fastq,run.zq,sra","gs,ncbi,s3","gs.us-east1,ncbi.public,s3.us-east-1",SRX23956687,India,Asia,India,tuberculosis,Homo sapiens,TB034010196,Illumina HiSeq X,sputum,missing,WGS-TB034010196,PAIRED,RANDOM,GENOMIC,Mycobacterium tuberculosis,ILLUMINA,2024-03-15T00:00:00Z,2024-03-15T05:41:00Z,1,TB034010196,SRP495384,not applicable
SRR28351469,WGS,302,1934636462,PRJNA1087582,SAMN40465868,Pathogen.cl,803854550,"FIND, THE FOUNDATION FOR INNOVATIVE NEW DIAGNOSTICS","Hinduja\, Mumbai\, India",2020-03,public,"fastq,run.zq,sra","gs,ncbi,s3","gs.us-east1,ncbi.public,s3.us-east-1",SRX23956685,India,Asia,India,tuberculosis,Homo sapiens,TB034010194,Illumina HiSeq X,sputum,missing,WGS-TB034010194,PAIRED,RANDOM,GENOMIC,Mycobacterium tuberculosis,ILLUMINA,2024-03-15T00:00:00Z,2024-03-15T05:42:00Z,1,TB034010194,SRP495384,not applicable
SRR28351470,WGS,302,1186480990,PRJNA1087582,SAMN40465867,Pathogen.cl,510682945,"FIND, THE FOUNDATION FOR INNOVATIVE NEW DIAGNOSTICS","Hinduja\, Mumbai\, India",2020-03,public,"fastq,run.zq,sra","gs,ncbi,s3","gs.us-east1,ncbi.public,s3.us-east-1",SRX23956684,India,Asia,India,tuberculosis,Homo sapiens,TB034010193,Illumina HiSeq X,sputum,missing,WGS-TB034010193,PAIRED,RANDOM,GENOMIC,Mycobacterium tuberculosis,ILLUMINA,2024-03-15T00:00:00Z,2024-03-15T05:40:00Z,1,TB034010193,SRP495384,not applicable
SRR28351471,WGS,302,1465540466,PRJNA1087582,SAMN40465866,Pathogen.cl,629091814,"FIND, THE FOUNDATION FOR INNOVATIVE NEW DIAGNOSTICS","Hinduja\, Mumbai\, India",2020-02,public,"fastq,run.zq,sra","gs,ncbi,s3","gs.us-east1,ncbi.public,s3.us-east-1",SRX23956683,India,Asia,India,tuberculosis,Homo sapiens,TB034010192,Illumina HiSeq X,sputum,missing,WGS-TB034010192,PAIRED,RANDOM,GENOMIC,Mycobacterium tuberculosis,ILLUMINA,2024-03-15T00:00:00Z,2024-03-15T05:40:00Z,1,TB034010192,SRP495384,not applicable
SRR28351472,WGS,302,1207116046,PRJNA1087582,SAMN40465865,Pathogen.cl,520182601,"FIND, THE FOUNDATION FOR INNOVATIVE NEW DIAGNOSTICS","Hinduja\, Mumbai\, India",2020-02,public,"fastq,run.zq,sra","gs,ncbi,s3","gs.us-east1,ncbi.public,s3.us-east-1",SRX23956682,India,Asia,India,tuberculosis,Homo sapiens,TB034010191,Illumina HiSeq X,sputum,missing,WGS-TB034010191,PAIRED,RANDOM,GENOMIC,Mycobacterium tuberculosis,ILLUMINA,2024-03-15T00:00:00Z,2024-03-15T05:41:00Z,1,TB034010191,SRP495384,not applicable
SRR28351473,WGS,302,1429758902,PRJNA1087582,SAMN40465864,Pathogen.cl,612367917,"FIND, THE FOUNDATION FOR INNOVATIVE NEW DIAGNOSTICS","Hinduja\, Mumbai\, India",2020-02,public,"fastq,run.zq,sra","gs,ncbi,s3","gs.us-east1,ncbi.public,s3.us-east-1",SRX23956681,India,Asia,India,tuberculosis,Homo sapiens,TB034010190,Illumina HiSeq X,sputum,missing,WGS-TB034010190,PAIRED,RANDOM,GENOMIC,Mycobacterium tuberculosis,ILLUMINA,2024-03-15T00:00:00Z,2024-03-15T05:40:00Z,1,TB034010190,SRP495384,not applicable
SRR28351474,WGS,302,2117968884,PRJNA1087582,SAMN40465747,Pathogen.cl,914964234,"FIND, THE FOUNDATION FOR INNOVATIVE NEW DIAGNOSTICS","Hinduja\, Mumbai\, India",2019-10,public,"fastq,run.zq,sra","gs,ncbi,s3","gs.us-east1,ncbi.public,s3.us-east-1",SRX23956680,India,Asia,India,tuberculosis,Homo sapiens,TB034010039,Illumina HiSeq X,sputum,missing,WGS-TB034010039,PAIRED,RANDOM,GENOMIC,Mycobacterium tuberculosis,ILLUMINA,2024-03-15T00:00:00Z,2024-03-15T05:40:00Z,1,TB034010039,SRP495384,not applicable
SRR28351475,WGS,302,1394005122,PRJNA1087582,SAMN40465863,Pathogen.cl,591273011,"FIND, THE FOUNDATION FOR INNOVATIVE NEW DIAGNOSTICS","Hinduja\, Mumbai\, India",2020-02,public,"fastq,run.zq,sra","gs,ncbi,s3","gs.us-east1,ncbi.public,s3.us-east-1",SRX23956679,India,Asia,India,tuberculosis,Homo sapiens,TB034010189,Illumina HiSeq X,sputum,missing,WGS-TB034010189,PAIRED,RANDOM,GENOMIC,Mycobacterium tuberculosis,ILLUMINA,2024-03-15T00:00:00Z,2024-03-15T05:41:00Z,1,TB034010189,SRP495384,not applicable
SRR28351476,WGS,302,1433340622,PRJNA1087582,SAMN40465862,Pathogen.cl,616059004,"FIND, THE FOUNDATION FOR INNOVATIVE NEW DIAGNOSTICS","Hinduja\, Mumbai\, India",2020-02,public,"fastq,run.zq,sra","gs,ncbi,s3","gs.us-east1,ncbi.public,s3.us-east-1",SRX23956678,India,Asia,India,tuberculosis,Homo sapiens,TB034010188,Illumina HiSeq X,sputum,missing,WGS-TB034010188,PAIRED,RANDOM,GENOMIC,Mycobacterium tuberculosis,ILLUMINA,2024-03-15T00:00:00Z,2024-03-15T05:41:00Z,1,TB034010188,SRP495384,not applicable
SRR28351477,WGS,302,1891705652,PRJNA1087582,SAMN40465861,Pathogen.cl,790440999,"FIND, THE FOUNDATION FOR INNOVATIVE NEW DIAGNOSTICS","Hinduja\, Mumbai\, India",2020-02,public,"fastq,run.zq,sra","gs,ncbi,s3","gs.us-east1,ncbi.public,s3.us-east-1",SRX23956677,India,Asia,India,tuberculosis,Homo sapiens,TB034010187,Illumina HiSeq X,sputum,missing,WGS-TB034010187,PAIRED,RANDOM,GENOMIC,Mycobacterium tuberculosis,ILLUMINA,2024-03-15T00:00:00Z,2024-03-15T05:42:00Z,1,TB034010187,SRP495384,not applicable
SRR28351478,WGS,302,2072195952,PRJNA1087582,SAMN40465845,Pathogen.cl,872987084,"FIND, THE FOUNDATION FOR INNOVATIVE NEW DIAGNOSTICS","Hinduja\, Mumbai\, India",2020-02,public,"fastq,run.zq,sra","gs,ncbi,s3","gs.us-east1,ncbi.public,s3.us-east-1",SRX23956676,India,Asia,India,tuberculosis,Homo sapiens,TB034010166,Illumina HiSeq X,sputum,missing,WGS-TB034010166,PAIRED,RANDOM,GENOMIC,Mycobacterium tuberculosis,ILLUMINA,2024-03-15T00:00:00Z,2024-03-15T05:41:00Z,1,TB034010166,SRP495384,not applicable
SRR28351479,WGS,302,1689234282,PRJNA1087582,SAMN40465844,Pathogen.cl,712344225,"FIND, THE FOUNDATION FOR INNOVATIVE NEW DIAGNOSTICS","Hinduja\, Mumbai\, India",2020-01,public,"fastq,run.zq,sra","gs,ncbi,s3","gs.us-east1,ncbi.public,s3.us-east-1",SRX23956675,India,Asia,India,tuberculosis,Homo sapiens,TB034010165,Illumina HiSeq X,sputum,missing,WGS-TB034010165,PAIRED,RANDOM,GENOMIC,Mycobacterium tuberculosis,ILLUMINA,2024-03-15T00:00:00Z,2024-03-15T05:41:00Z,1,TB034010165,SRP495384,not applicable
SRR28351480,WGS,302,1888009172,PRJNA1087582,SAMN40465745,Pathogen.cl,820458443,"FIND, THE FOUNDATION FOR INNOVATIVE NEW DIAGNOSTICS","Hinduja\, Mumbai\, India",2019-10,public,"fastq,run.zq,sra","gs,ncbi,s3","gs.us-east1,ncbi.public,s3.us-east-1",SRX23956674,India,Asia,India,tuberculosis,Homo sapiens,TB034010034,Illumina HiSeq X,sputum,missing,WGS-TB034010034,PAIRED,RANDOM,GENOMIC,Mycobacterium tuberculosis,ILLUMINA,2024-03-15T00:00:00Z,2024-03-15T05:40:00Z,1,TB034010034,SRP495384,not applicable
SRR28351481,WGS,302,1765527334,PRJNA1087582,SAMN40465843,Pathogen.cl,744767988,"FIND, THE FOUNDATION FOR INNOVATIVE NEW DIAGNOSTICS","Hinduja\, Mumbai\, India",2020-01,public,"fastq,run.zq,sra","gs,ncbi,s3","gs.us-east1,ncbi.public,s3.us-east-1",SRX23956673,India,Asia,India,tuberculosis,Homo sapiens,TB034010164,Illumina HiSeq X,sputum,missing,WGS-TB034010164,PAIRED,RANDOM,GENOMIC,Mycobacterium tuberculosis,ILLUMINA,2024-03-15T00:00:00Z,2024-03-15T05:39:00Z,1,TB034010164,SRP495384,not applicable
SRR28351482,WGS,302,1471283902,PRJNA1087582,SAMN40465842,Pathogen.cl,621062095,"FIND, THE FOUNDATION FOR INNOVATIVE NEW DIAGNOSTICS","Hinduja\, Mumbai\, India",2020-01,public,"fastq,run.zq,sra","gs,ncbi,s3","gs.us-east1,ncbi.public,s3.us-east-1",SRX23956672,India,Asia,India,tuberculosis,Homo sapiens,TB034010163,Illumina HiSeq X,sputum,missing,WGS-TB034010163,PAIRED,RANDOM,GENOMIC,Mycobacterium tuberculosis,ILLUMINA,2024-03-15T00:00:00Z,2024-03-15T05:40:00Z,1,TB034010163,SRP495384,not applicable
SRR28351483,WGS,302,1482178854,PRJNA1087582,SAMN40465841,Pathogen.cl,629758227,"FIND, THE FOUNDATION FOR INNOVATIVE NEW DIAGNOSTICS","Hinduja\, Mumbai\, India",2020-01,public,"fastq,run.zq,sra","gs,ncbi,s3","gs.us-east1,ncbi.public,s3.us-east-1",SRX23956671,India,Asia,India,tuberculosis,Homo sapiens,TB034010162,Illumina HiSeq X,sputum,missing,WGS-TB034010162,PAIRED,RANDOM,GENOMIC,Mycobacterium tuberculosis,ILLUMINA,2024-03-15T00:00:00Z,2024-03-15T05:41:00Z,1,TB034010162,SRP495384,not applicable
SRR28351484,WGS,302,1562378880,PRJNA1087582,SAMN40465840,Pathogen.cl,662194029,"FIND, THE FOUNDATION FOR INNOVATIVE NEW DIAGNOSTICS","Hinduja\, Mumbai\, India",2020-01,public,"fastq,run.zq,sra","gs,ncbi,s3","gs.us-east1,ncbi.public,s3.us-east-1",SRX23956670,India,Asia,India,tuberculosis,Homo sapiens,TB034010161,Illumina HiSeq X,sputum,missing,WGS-TB034010161,PAIRED,RANDOM,GENOMIC,Mycobacterium tuberculosis,ILLUMINA,2024-03-15T00:00:00Z,2024-03-15T05:40:00Z,1,TB034010161,SRP495384,not applicable
SRR28351485,WGS,302,1777131080,PRJNA1087582,SAMN40465839,Pathogen.cl,763839449,"FIND, THE FOUNDATION FOR INNOVATIVE NEW DIAGNOSTICS","Hinduja\, Mumbai\, India",2020-01,public,"fastq,run.zq,sra","gs,ncbi,s3","gs.us-east1,ncbi.public,s3.us-east-1",SRX23956669,India,Asia,India,tuberculosis,Homo sapiens,TB034010160,Illumina HiSeq X,sputum,missing,WGS-TB034010160,PAIRED,RANDOM,GENOMIC,Mycobacterium tuberculosis,ILLUMINA,2024-03-15T00:00:00Z,2024-03-15T05:40:00Z,1,TB034010160,SRP495384,not applicable
SRR28351486,WGS,302,1626548444,PRJNA1087582,SAMN40465838,Pathogen.cl,694488577,"FIND, THE FOUNDATION FOR INNOVATIVE NEW DIAGNOSTICS","Hinduja\, Mumbai\, India",2020-01,public,"fastq,run.zq,sra","gs,ncbi,s3","gs.us-east1,ncbi.public,s3.us-east-1",SRX23956668,India,Asia,India,tuberculosis,Homo sapiens,TB034010159,Illumina HiSeq X,sputum,missing,WGS-TB034010159,PAIRED,RANDOM,GENOMIC,Mycobacterium tuberculosis,ILLUMINA,2024-03-15T00:00:00Z,2024-03-15T05:41:00Z,1,TB034010159,SRP495384,not applicable
SRR28351487,WGS,302,1465521742,PRJNA1087582,SAMN40465837,Pathogen.cl,627084056,"FIND, THE FOUNDATION FOR INNOVATIVE NEW DIAGNOSTICS","Hinduja\, Mumbai\, India",2020-01,public,"fastq,run.zq,sra","gs,ncbi,s3","gs.us-east1,ncbi.public,s3.us-east-1",SRX23956667,India,Asia,India,tuberculosis,Homo sapiens,TB034010158,Illumina HiSeq X,sputum,missing,WGS-TB034010158,PAIRED,RANDOM,GENOMIC,Mycobacterium tuberculosis,ILLUMINA,2024-03-15T00:00:00Z,2024-03-15T05:40:00Z,1,TB034010158,SRP495384,not applicable
SRR28351488,WGS,302,732764646,PRJNA1087582,SAMN40465836,Pathogen.cl,313212112,"FIND, THE FOUNDATION FOR INNOVATIVE NEW DIAGNOSTICS","Hinduja\, Mumbai\, India",2020-01,public,"fastq,run.zq,sra","gs,ncbi,s3","gs.us-east1,ncbi.public,s3.us-east-1",SRX23956666,India,Asia,India,tuberculosis,Homo sapiens,TB034010155,Illumina HiSeq X,sputum,missing,WGS-TB034010155,PAIRED,RANDOM,GENOMIC,Mycobacterium tuberculosis,ILLUMINA,2024-03-15T00:00:00Z,2024-03-15T05:39:00Z,1,TB034010155,SRP495384,not applicable
SRR28351489,WGS,302,1603190254,PRJNA1087582,SAMN40465835,Pathogen.cl,682680194,"FIND, THE FOUNDATION FOR INNOVATIVE NEW DIAGNOSTICS","Hinduja\, Mumbai\, India",2020-01,public,"fastq,run.zq,sra","gs,ncbi,s3","gs.us-east1,ncbi.public,s3.us-east-1",SRX23956665,India,Asia,India,tuberculosis,Homo sapiens,TB034010154,Illumina HiSeq X,sputum,missing,WGS-TB034010154,PAIRED,RANDOM,GENOMIC,Mycobacterium tuberculosis,ILLUMINA,2024-03-15T00:00:00Z,2024-03-15T05:41:00Z,1,TB034010154,SRP495384,not applicable
SRR28351490,WGS,302,1848770010,PRJNA1087582,SAMN40465834,Pathogen.cl,776935678,"FIND, THE FOUNDATION FOR INNOVATIVE NEW DIAGNOSTICS","Hinduja\, Mumbai\, India",2020-01,public,"fastq,run.zq,sra","gs,ncbi,s3","gs.us-east1,ncbi.public,s3.us-east-1",SRX23956664,India,Asia,India,tuberculosis,Homo sapiens,TB034010153,Illumina HiSeq X,sputum,missing,WGS-TB034010153,PAIRED,RANDOM,GENOMIC,Mycobacterium tuberculosis,ILLUMINA,2024-03-15T00:00:00Z,2024-03-15T05:42:00Z,1,TB034010153,SRP495384,not applicable
SRR28351491,WGS,302,2246284456,PRJNA1087582,SAMN40465744,Pathogen.cl,965826550,"FIND, THE FOUNDATION FOR INNOVATIVE NEW DIAGNOSTICS","Hinduja\, Mumbai\, India",2019-10,public,"fastq,run.zq,sra","gs,ncbi,s3","gs.us-east1,ncbi.public,s3.us-east-1",SRX23956663,India,Asia,India,tuberculosis,Homo sapiens,TB034010033,Illumina HiSeq X,sputum,missing,WGS-TB034010033,PAIRED,RANDOM,GENOMIC,Mycobacterium tuberculosis,ILLUMINA,2024-03-15T00:00:00Z,2024-03-15T05:40:00Z,1,TB034010033,SRP495384,not applicable
SRR28351492,WGS,302,2108733724,PRJNA1087582,SAMN40465735,Pathogen.cl,921126984,"FIND, THE FOUNDATION FOR INNOVATIVE NEW DIAGNOSTICS","Hinduja\, Mumbai\, India",2019-10,public,"fastq,run.zq,sra","gs,ncbi,s3","gs.us-east1,ncbi.public,s3.us-east-1",SRX23956662,India,Asia,India,tuberculosis,Homo sapiens,TB034010005,Illumina HiSeq X,sputum,missing,WGS-TB034010005,PAIRED,RANDOM,GENOMIC,Mycobacterium tuberculosis,ILLUMINA,2024-03-15T00:00:00Z,2024-03-15T05:40:00Z,1,TB034010005,SRP495384,not applicable
SRR28351493,WGS,302,2191173684,PRJNA1087582,SAMN40465734,Pathogen.cl,941204903,"FIND, THE FOUNDATION FOR INNOVATIVE NEW DIAGNOSTICS","Hinduja\, Mumbai\, India",2019-10,public,"fastq,run.zq,sra","gs,ncbi,s3","gs.us-east1,ncbi.public,s3.us-east-1",SRX23956661,India,Asia,India,tuberculosis,Homo sapiens,TB034010001,Illumina HiSeq X,sputum,missing,WGS-TB034010001,PAIRED,RANDOM,GENOMIC,Mycobacterium tuberculosis,ILLUMINA,2024-03-15T00:00:00Z,2024-03-15T05:41:00Z,1,TB034010001,SRP495384,not applicable
SRR28351494,WGS,302,1175981356,PRJNA1087582,SAMN40466101,Pathogen.cl,465163656,"FIND, THE FOUNDATION FOR INNOVATIVE NEW DIAGNOSTICS","Phthisiopneumology Institute\, Chisinau\, Moldova",2019-11,public,"fastq,run.zq,sra","gs,ncbi,s3","gs.us-east1,ncbi.public,s3.us-east-1",SRX23957004,Moldova,Europe,Moldova,tuberculosis,Homo sapiens,TB034030134,Illumina HiSeq X,sputum,missing,WGS-TB034030134,PAIRED,RANDOM,GENOMIC,Mycobacterium tuberculosis,ILLUMINA,2024-03-15T00:00:00Z,2024-03-15T05:40:00Z,1,TB034030134,SRP495384,not applicable
SRR28351495,WGS,302,1292997296,PRJNA1087582,SAMN40466100,Pathogen.cl,530273668,"FIND, THE FOUNDATION FOR INNOVATIVE NEW DIAGNOSTICS","Phthisiopneumology Institute\, Chisinau\, Moldova",2019-11,public,"fastq,run.zq,sra","gs,ncbi,s3","gs.us-east1,ncbi.public,s3.us-east-1",SRX23957003,Moldova,Europe,Moldova,tuberculosis,Homo sapiens,TB034030133,Illumina HiSeq X,sputum,missing,WGS-TB034030133,PAIRED,RANDOM,GENOMIC,Mycobacterium tuberculosis,ILLUMINA,2024-03-15T00:00:00Z,2024-03-15T05:40:00Z,1,TB034030133,SRP495384,not applicable
SRR28351496,WGS,302,1330529856,PRJNA1087582,SAMN40466099,Pathogen.cl,541734349,"FIND, THE FOUNDATION FOR INNOVATIVE NEW DIAGNOSTICS","Phthisiopneumology Institute\, Chisinau\, Moldova",2019-11,public,"fastq,run.zq,sra","gs,ncbi,s3","gs.us-east1,ncbi.public,s3.us-east-1",SRX23957002,Moldova,Europe,Moldova,tuberculosis,Homo sapiens,TB034030132,Illumina HiSeq X,sputum,missing,WGS-TB034030132,PAIRED,RANDOM,GENOMIC,Mycobacterium tuberculosis,ILLUMINA,2024-03-15T00:00:00Z,2024-03-15T05:40:00Z,1,TB034030132,SRP495384,not applicable
SRR28351497,WGS,302,1534493710,PRJNA1087582,SAMN40466098,Pathogen.cl,625176108,"FIND, THE FOUNDATION FOR INNOVATIVE NEW DIAGNOSTICS","Phthisiopneumology Institute\, Chisinau\, Moldova",2019-10,public,"fastq,run.zq,sra","gs,ncbi,s3","gs.us-east1,ncbi.public,s3.us-east-1",SRX23957001,Moldova,Europe,Moldova,tuberculosis,Homo sapiens,TB034030131,Illumina HiSeq X,sputum,missing,WGS-TB034030131,PAIRED,RANDOM,GENOMIC,Mycobacterium tuberculosis,ILLUMINA,2024-03-15T00:00:00Z,2024-03-15T05:41:00Z,1,TB034030131,SRP495384,not applicable
SRR28351498,WGS,302,759191156,PRJNA1087582,SAMN40466097,Pathogen.cl,311130231,"FIND, THE FOUNDATION FOR INNOVATIVE NEW DIAGNOSTICS","Phthisiopneumology Institute\, Chisinau\, Moldova",2019-10,public,"fastq,run.zq,sra","gs,ncbi,s3","gs.us-east1,ncbi.public,s3.us-east-1",SRX23957000,Moldova,Europe,Moldova,tuberculosis,Homo sapiens,TB034030130,Illumina HiSeq X,sputum,missing,WGS-TB034030130,PAIRED,RANDOM,GENOMIC,Mycobacterium tuberculosis,ILLUMINA,2024-03-15T00:00:00Z,2024-03-15T05:39:00Z,1,TB034030130,SRP495384,not applicable
SRR28351499,WGS,302,787269908,PRJNA1087582,SAMN40466096,Pathogen.cl,343441499,"FIND, THE FOUNDATION FOR INNOVATIVE NEW DIAGNOSTICS","Phthisiopneumology Institute\, Chisinau\, Moldova",2019-10,public,"fastq,run.zq,sra","gs,ncbi,s3","gs.us-east1,ncbi.public,s3.us-east-1",SRX23956999,Moldova,Europe,Moldova,tuberculosis,Homo sapiens,TB034030129,Illumina HiSeq X,sputum,missing,WGS-TB034030129,PAIRED,RANDOM,GENOMIC,Mycobacterium tuberculosis,ILLUMINA,2024-03-15T00:00:00Z,2024-03-15T05:40:00Z,1,TB034030129,SRP495384,not applicable
SRR28351500,WGS,302,1481971682,PRJNA1087582,SAMN40466095,Pathogen.cl,605672618,"FIND, THE FOUNDATION FOR INNOVATIVE NEW DIAGNOSTICS","Phthisiopneumology Institute\, Chisinau\, Moldova",2019-10,public,"fastq,run.zq,sra","gs,ncbi,s3","gs.us-east1,ncbi.public,s3.us-east-1",SRX23956998,Moldova,Europe,Moldova,tuberculosis,Homo sapiens,TB034030128,Illumina HiSeq X,sputum,missing,WGS-TB034030128,PAIRED,RANDOM,GENOMIC,Mycobacterium tuberculosis,ILLUMINA,2024-03-15T00:00:00Z,2024-03-15T05:41:00Z,1,TB034030128,SRP495384,not applicable
SRR28351501,WGS,302,1437258166,PRJNA1087582,SAMN40466094,Pathogen.cl,595964083,"FIND, THE FOUNDATION FOR INNOVATIVE NEW DIAGNOSTICS","Phthisiopneumology Institute\, Chisinau\, Moldova",2019-10,public,"fastq,run.zq,sra","gs,ncbi,s3","gs.us-east1,ncbi.public,s3.us-east-1",SRX23956997,Moldova,Europe,Moldova,tuberculosis,Homo sapiens,TB034030127,Illumina HiSeq X,sputum,missing,WGS-TB034030127,PAIRED,RANDOM,GENOMIC,Mycobacterium tuberculosis,ILLUMINA,2024-03-15T00:00:00Z,2024-03-15T05:41:00Z,1,TB034030127,SRP495384,not applicable
SRR28351502,WGS,302,2164386284,PRJNA1087582,SAMN40465770,Pathogen.cl,958999779,"FIND, THE FOUNDATION FOR INNOVATIVE NEW DIAGNOSTICS","Hinduja\, Mumbai\, India",2019-11,public,"fastq,run.zq,sra","gs,ncbi,s3","gs.us-east1,ncbi.public,s3.us-east-1",SRX23956996,India,Asia,India,tuberculosis,Homo sapiens,TB034010070,Illumina HiSeq X,sputum,missing,WGS-TB034010070,PAIRED,RANDOM,GENOMIC,Mycobacterium tuberculosis,ILLUMINA,2024-03-15T00:00:00Z,2024-03-15T05:41:00Z,1,TB034010070,SRP495384,not applicable
SRR28351503,WGS,302,1388991620,PRJNA1087582,SAMN40466093,Pathogen.cl,576364761,"FIND, THE FOUNDATION FOR INNOVATIVE NEW DIAGNOSTICS","Phthisiopneumology Institute\, Chisinau\, Moldova",2019-10,public,"fastq,run.zq,sra","gs,ncbi,s3","gs.us-east1,ncbi.public,s3.us-east-1",SRX23956995,Moldova,Europe,Moldova,tuberculosis,Homo sapiens,TB034030126,Illumina HiSeq X,sputum,missing,WGS-TB034030126,PAIRED,RANDOM,GENOMIC,Mycobacterium tuberculosis,ILLUMINA,2024-03-15T00:00:00Z,2024-03-15T05:40:00Z,1,TB034030126,SRP495384,not applicable
SRR28351504,WGS,302,1261596242,PRJNA1087582,SAMN40466092,Pathogen.cl,526177614,"FIND, THE FOUNDATION FOR INNOVATIVE NEW DIAGNOSTICS","Phthisiopneumology Institute\, Chisinau\, Moldova",2019-10,public,"fastq,run.zq,sra","gs,ncbi,s3","gs.us-east1,ncbi.public,s3.us-east-1",SRX23956994,Moldova,Europe,Moldova,tuberculosis,Homo sapiens,TB034030125,Illumina HiSeq X,sputum,missing,WGS-TB034030125,PAIRED,RANDOM,GENOMIC,Mycobacterium tuberculosis,ILLUMINA,2024-03-15T00:00:00Z,2024-03-15T05:40:00Z,1,TB034030125,SRP495384,not applicable
SRR28351505,WGS,302,1247338822,PRJNA1087582,SAMN40466047,Pathogen.cl,528495984,"FIND, THE FOUNDATION FOR INNOVATIVE NEW DIAGNOSTICS","Phthisiopneumology Institute\, Chisinau\, Moldova",2019-09,public,"fastq,run.zq,sra","gs,ncbi,s3","gs.us-east1,ncbi.public,s3.us-east-1",SRX23956993,Moldova,Europe,Moldova,tuberculosis,Homo sapiens,TB034030071,Illumina HiSeq X,sputum,missing,WGS-TB034030071,PAIRED,RANDOM,GENOMIC,Mycobacterium tuberculosis,ILLUMINA,2024-03-15T00:00:00Z,2024-03-15T05:39:00Z,1,TB034030071,SRP495384,not applicable
SRR28351506,WGS,302,1327915140,PRJNA1087582,SAMN40466046,Pathogen.cl,560701821,"FIND, THE FOUNDATION FOR INNOVATIVE NEW DIAGNOSTICS","Phthisiopneumology Institute\, Chisinau\, Moldova",2019-09,public,"fastq,run.zq,sra","gs,ncbi,s3","gs.us-east1,ncbi.public,s3.us-east-1",SRX23956992,Moldova,Europe,Moldova,tuberculosis,Homo sapiens,TB034030070,Illumina HiSeq X,sputum,missing,WGS-TB034030070,PAIRED,RANDOM,GENOMIC,Mycobacterium tuberculosis,ILLUMINA,2024-03-15T00:00:00Z,2024-03-15T05:39:00Z,1,TB034030070,SRP495384,not applicable
SRR28351507,WGS,302,968115360,PRJNA1087582,SAMN40466045,Pathogen.cl,414470117,"FIND, THE FOUNDATION FOR INNOVATIVE NEW DIAGNOSTICS","Phthisiopneumology Institute\, Chisinau\, Moldova",2019-09,public,"fastq,run.zq,sra","gs,ncbi,s3","gs.us-east1,ncbi.public,s3.us-east-1",SRX23956991,Moldova,Europe,Moldova,tuberculosis,Homo sapiens,TB034030069,Illumina HiSeq X,sputum,missing,WGS-TB034030069,PAIRED,RANDOM,GENOMIC,Mycobacterium tuberculosis,ILLUMINA,2024-03-15T00:00:00Z,2024-03-15T05:39:00Z,1,TB034030069,SRP495384,not applicable
SRR28351508,WGS,302,1156093448,PRJNA1087582,SAMN40466044,Pathogen.cl,493797692,"FIND, THE FOUNDATION FOR INNOVATIVE NEW DIAGNOSTICS","Phthisiopneumology Institute\, Chisinau\, Moldova",2019-09,public,"fastq,run.zq,sra","gs,ncbi,s3","gs.us-east1,ncbi.public,s3.us-east-1",SRX23956990,Moldova,Europe,Moldova,tuberculosis,Homo sapiens,TB034030067,Illumina HiSeq X,sputum,missing,WGS-TB034030067,PAIRED,RANDOM,GENOMIC,Mycobacterium tuberculosis,ILLUMINA,2024-03-15T00:00:00Z,2024-03-15T05:40:00Z,1,TB034030067,SRP495384,not applicable
SRR28351509,WGS,302,1347925660,PRJNA1087582,SAMN40465765,Pathogen.cl,589800105,"FIND, THE FOUNDATION FOR INNOVATIVE NEW DIAGNOSTICS","Hinduja\, Mumbai\, India",2019-11,public,"fastq,run.zq,sra","gs,ncbi,s3","gs.us-east1,ncbi.public,s3.us-east-1",SRX23956989,India,Asia,India,tuberculosis,Homo sapiens,TB034010064,Illumina HiSeq X,sputum,missing,WGS-TB034010064,PAIRED,RANDOM,GENOMIC,Mycobacterium tuberculosis,ILLUMINA,2024-03-15T00:00:00Z,2024-03-15T05:39:00Z,1,TB034010064,SRP495384,not applicable
SRR28351510,WGS,302,1173290234,PRJNA1087582,SAMN40466043,Pathogen.cl,494922889,"FIND, THE FOUNDATION FOR INNOVATIVE NEW DIAGNOSTICS","Phthisiopneumology Institute\, Chisinau\, Moldova",2019-09,public,"fastq,run.zq,sra","gs,ncbi,s3","gs.us-east1,ncbi.public,s3.us-east-1",SRX23956988,Moldova,Europe,Moldova,tuberculosis,Homo sapiens,TB034030066,Illumina HiSeq X,sputum,missing,WGS-TB034030066,PAIRED,RANDOM,GENOMIC,Mycobacterium tuberculosis,ILLUMINA,2024-03-15T00:00:00Z,2024-03-15T05:40:00Z,1,TB034030066,SRP495384,not applicable
SRR28351511,WGS,302,2443106312,PRJNA1087582,SAMN40466042,Pathogen.cl,999990212,"FIND, THE FOUNDATION FOR INNOVATIVE NEW DIAGNOSTICS","Phthisiopneumology Institute\, Chisinau\, Moldova",2019-09,public,"fastq,run.zq,sra","gs,ncbi,s3","gs.us-east1,ncbi.public,s3.us-east-1",SRX23956987,Moldova,Europe,Moldova,tuberculosis,Homo sapiens,TB034030065,Illumina HiSeq X,sputum,missing,WGS-TB034030065,PAIRED,RANDOM,GENOMIC,Mycobacterium tuberculosis,ILLUMINA,2024-03-15T00:00:00Z,2024-03-15T05:41:00Z,1,TB034030065,SRP495384,not applicable
SRR28351512,WGS,302,2509374172,PRJNA1087582,SAMN40466041,Pathogen.cl,1027618076,"FIND, THE FOUNDATION FOR INNOVATIVE NEW DIAGNOSTICS","Phthisiopneumology Institute\, Chisinau\, Moldova",2019-09,public,"fastq,run.zq,sra","gs,ncbi,s3","gs.us-east1,ncbi.public,s3.us-east-1",SRX23956986,Moldova,Europe,Moldova,tuberculosis,Homo sapiens,TB034030064,Illumina HiSeq X,sputum,missing,WGS-TB034030064,PAIRED,RANDOM,GENOMIC,Mycobacterium tuberculosis,ILLUMINA,2024-03-15T00:00:00Z,2024-03-15T05:40:00Z,1,TB034030064,SRP495384,not applicable
SRR28351513,WGS,302,1065805112,PRJNA1087582,SAMN40466040,Pathogen.cl,451469718,"FIND, THE FOUNDATION FOR INNOVATIVE NEW DIAGNOSTICS","Phthisiopneumology Institute\, Chisinau\, Moldova",2019-09,public,"fastq,run.zq,sra","gs,ncbi,s3","gs.us-east1,ncbi.public,s3.us-east-1",SRX23956985,Moldova,Europe,Moldova,tuberculosis,Homo sapiens,TB034030063,Illumina HiSeq X,sputum,missing,WGS-TB034030063,PAIRED,RANDOM,GENOMIC,Mycobacterium tuberculosis,ILLUMINA,2024-03-15T00:00:00Z,2024-03-15T05:40:00Z,1,TB034030063,SRP495384,not applicable
SRR28351514,WGS,302,2645228872,PRJNA1087582,SAMN40466039,Pathogen.cl,1095755072,"FIND, THE FOUNDATION FOR INNOVATIVE NEW DIAGNOSTICS","Phthisiopneumology Institute\, Chisinau\, Moldova",2019-09,public,"fastq,run.zq,sra","gs,ncbi,s3","gs.us-east1,ncbi.public,s3.us-east-1",SRX23956984,Moldova,Europe,Moldova,tuberculosis,Homo sapiens,TB034030062,Illumina HiSeq X,sputum,missing,WGS-TB034030062,PAIRED,RANDOM,GENOMIC,Mycobacterium tuberculosis,ILLUMINA,2024-03-15T00:00:00Z,2024-03-15T05:40:00Z,1,TB034030062,SRP495384,not applicable
SRR28351515,WGS,302,2111150630,PRJNA1087582,SAMN40466038,Pathogen.cl,859418659,"FIND, THE FOUNDATION FOR INNOVATIVE NEW DIAGNOSTICS","Phthisiopneumology Institute\, Chisinau\, Moldova",2019-09,public,"fastq,run.zq,sra","gs,ncbi,s3","gs.us-east1,ncbi.public,s3.us-east-1",SRX23956983,Moldova,Europe,Moldova,tuberculosis,Homo sapiens,TB034030061,Illumina HiSeq X,sputum,missing,WGS-TB034030061,PAIRED,RANDOM,GENOMIC,Mycobacterium tuberculosis,ILLUMINA,2024-03-15T00:00:00Z,2024-03-15T05:40:00Z,1,TB034030061,SRP495384,not applicable
SRR28351516,WGS,302,1403516612,PRJNA1087582,SAMN40466037,Pathogen.cl,584128024,"FIND, THE FOUNDATION FOR INNOVATIVE NEW DIAGNOSTICS","Phthisiopneumology Institute\, Chisinau\, Moldova",2019-09,public,"fastq,run.zq,sra","gs,ncbi,s3","gs.us-east1,ncbi.public,s3.us-east-1",SRX23956982,Moldova,Europe,Moldova,tuberculosis,Homo sapiens,TB034030060,Illumina HiSeq X,sputum,missing,WGS-TB034030060,PAIRED,RANDOM,GENOMIC,Mycobacterium tuberculosis,ILLUMINA,2024-03-15T00:00:00Z,2024-03-15T05:40:00Z,1,TB034030060,SRP495384,not applicable
SRR28351517,WGS,302,1109590582,PRJNA1087582,SAMN40466036,Pathogen.cl,469047917,"FIND, THE FOUNDATION FOR INNOVATIVE NEW DIAGNOSTICS","Phthisiopneumology Institute\, Chisinau\, Moldova",2019-09,public,"fastq,run.zq,sra","gs,ncbi,s3","gs.us-east1,ncbi.public,s3.us-east-1",SRX23956981,Moldova,Europe,Moldova,tuberculosis,Homo sapiens,TB034030059,Illumina HiSeq X,sputum,missing,WGS-TB034030059,PAIRED,RANDOM,GENOMIC,Mycobacterium tuberculosis,ILLUMINA,2024-03-15T00:00:00Z,2024-03-15T05:40:00Z,1,TB034030059,SRP495384,not applicable
SRR28351518,WGS,302,1492698118,PRJNA1087582,SAMN40466035,Pathogen.cl,598955744,"FIND, THE FOUNDATION FOR INNOVATIVE NEW DIAGNOSTICS","Phthisiopneumology Institute\, Chisinau\, Moldova",2019-08,public,"fastq,run.zq,sra","gs,ncbi,s3","gs.us-east1,ncbi.public,s3.us-east-1",SRX23956980,Moldova,Europe,Moldova,tuberculosis,Homo sapiens,TB034030057,Illumina HiSeq X,sputum,missing,WGS-TB034030057,PAIRED,RANDOM,GENOMIC,Mycobacterium tuberculosis,ILLUMINA,2024-03-15T00:00:00Z,2024-03-15T05:41:00Z,1,TB034030057,SRP495384,not applicable
SRR28351519,WGS,302,2340805322,PRJNA1087582,SAMN40466034,Pathogen.cl,969511828,"FIND, THE FOUNDATION FOR INNOVATIVE NEW DIAGNOSTICS","Phthisiopneumology Institute\, Chisinau\, Moldova",2019-08,public,"fastq,run.zq,sra","gs,ncbi,s3","gs.us-east1,ncbi.public,s3.us-east-1",SRX23956979,Moldova,Europe,Moldova,tuberculosis,Homo sapiens,TB034030056,Illumina HiSeq X,sputum,missing,WGS-TB034030056,PAIRED,RANDOM,GENOMIC,Mycobacterium tuberculosis,ILLUMINA,2024-03-15T00:00:00Z,2024-03-15T05:41:00Z,1,TB034030056,SRP495384,not applicable
SRR28351520,WGS,302,1201421836,PRJNA1087582,SAMN40465764,Pathogen.cl,535349923,"FIND, THE FOUNDATION FOR INNOVATIVE NEW DIAGNOSTICS","Hinduja\, Mumbai\, India",2019-11,public,"fastq,run.zq,sra","gs,ncbi,s3","gs.us-east1,ncbi.public,s3.us-east-1",SRX23956978,India,Asia,India,tuberculosis,Homo sapiens,TB034010063,Illumina HiSeq X,sputum,missing,WGS-TB034010063,PAIRED,RANDOM,GENOMIC,Mycobacterium tuberculosis,ILLUMINA,2024-03-15T00:00:00Z,2024-03-15T05:40:00Z,1,TB034010063,SRP495384,not applicable
SRR28351521,WGS,302,2235441448,PRJNA1087582,SAMN40465990,Pathogen.cl,913956794,"FIND, THE FOUNDATION FOR INNOVATIVE NEW DIAGNOSTICS","Phthisiopneumology Institute\, Chisinau\, Moldova",2019-07,public,"fastq,run.zq,sra","gs,ncbi,s3","gs.us-east1,ncbi.public,s3.us-east-1",SRX23956977,Moldova,Europe,Moldova,tuberculosis,Homo sapiens,TB034030005,Illumina HiSeq X,sputum,missing,WGS-TB034030005,PAIRED,RANDOM,GENOMIC,Mycobacterium tuberculosis,ILLUMINA,2024-03-15T00:00:00Z,2024-03-15T05:41:00Z,1,TB034030005,SRP495384,not applicable
SRR28351522,WGS,302,1859816264,PRJNA1087582,SAMN40465989,Pathogen.cl,740421862,"FIND, THE FOUNDATION FOR INNOVATIVE NEW DIAGNOSTICS","Phthisiopneumology Institute\, Chisinau\, Moldova",2019-07,public,"fastq,run.zq,sra","gs,ncbi,s3","gs.us-east1,ncbi.public,s3.us-east-1",SRX23956976,Moldova,Europe,Moldova,tuberculosis,Homo sapiens,TB034030004,Illumina HiSeq X,sputum,missing,WGS-TB034030004,PAIRED,RANDOM,GENOMIC,Mycobacterium tuberculosis,ILLUMINA,2024-03-15T00:00:00Z,2024-03-15T05:41:00Z,1,TB034030004,SRP495384,not applicable
SRR28351523,WGS,302,1695145328,PRJNA1087582,SAMN40465988,Pathogen.cl,684759149,"FIND, THE FOUNDATION FOR INNOVATIVE NEW DIAGNOSTICS","Phthisiopneumology Institute\, Chisinau\, Moldova",2019-07,public,"fastq,run.zq,sra","gs,ncbi,s3","gs.us-east1,ncbi.public,s3.us-east-1",SRX23956975,Moldova,Europe,Moldova,tuberculosis,Homo sapiens,TB034030003,Illumina HiSeq X,sputum,missing,WGS-TB034030003,PAIRED,RANDOM,GENOMIC,Mycobacterium tuberculosis,ILLUMINA,2024-03-15T00:00:00Z,2024-03-15T05:41:00Z,1,TB034030003,SRP495384,not applicable
SRR28351524,WGS,302,2031461286,PRJNA1087582,SAMN40465987,Pathogen.cl,819171449,"FIND, THE FOUNDATION FOR INNOVATIVE NEW DIAGNOSTICS","Phthisiopneumology Institute\, Chisinau\, Moldova",2019-07,public,"fastq,run.zq,sra","gs,ncbi,s3","gs.us-east1,ncbi.public,s3.us-east-1",SRX23956974,Moldova,Europe,Moldova,tuberculosis,Homo sapiens,TB034030002,Illumina HiSeq X,sputum,missing,WGS-TB034030002,PAIRED,RANDOM,GENOMIC,Mycobacterium tuberculosis,ILLUMINA,2024-03-15T00:00:00Z,2024-03-15T05:41:00Z,1,TB034030002,SRP495384,not applicable
SRR28351525,WGS,302,1814530760,PRJNA1087582,SAMN40465986,Pathogen.cl,731746496,"FIND, THE FOUNDATION FOR INNOVATIVE NEW DIAGNOSTICS","Phthisiopneumology Institute\, Chisinau\, Moldova",2019-07,public,"fastq,run.zq,sra","gs,ncbi,s3","gs.us-east1,ncbi.public,s3.us-east-1",SRX23956973,Moldova,Europe,Moldova,tuberculosis,Homo sapiens,TB034030001,Illumina HiSeq X,sputum,missing,WGS-TB034030001,PAIRED,RANDOM,GENOMIC,Mycobacterium tuberculosis,ILLUMINA,2024-03-15T00:00:00Z,2024-03-15T05:41:00Z,1,TB034030001,SRP495384,not applicable
SRR28351526,WGS,302,1632050582,PRJNA1087582,SAMN40465985,Pathogen.cl,713313908,"FIND, THE FOUNDATION FOR INNOVATIVE NEW DIAGNOSTICS","National Institute of TB and Respiratory Diseases\, New Delhi\, India",2020-03,public,"fastq,run.zq,sra","gs,ncbi,s3","gs.us-east1,ncbi.public,s3.us-east-1",SRX23956972,India,Asia,India,tuberculosis,Homo sapiens,TB034020152,Illumina HiSeq X,sputum,missing,WGS-TB034020152,PAIRED,RANDOM,GENOMIC,Mycobacterium tuberculosis,ILLUMINA,2024-03-15T00:00:00Z,2024-03-15T05:41:00Z,1,TB034020152,SRP495384,not applicable
SRR28351527,WGS,302,1743530862,PRJNA1087582,SAMN40465984,Pathogen.cl,753622349,"FIND, THE FOUNDATION FOR INNOVATIVE NEW DIAGNOSTICS","National Institute of TB and Respiratory Diseases\, New Delhi\, India",2020-03,public,"fastq,run.zq,sra","gs,ncbi,s3","gs.us-east1,ncbi.public,s3.us-east-1",SRX23956971,India,Asia,India,tuberculosis,Homo sapiens,TB034020151,Illumina HiSeq X,sputum,missing,WGS-TB034020151,PAIRED,RANDOM,GENOMIC,Mycobacterium tuberculosis,ILLUMINA,2024-03-15T00:00:00Z,2024-03-15T05:41:00Z,1,TB034020151,SRP495384,not applicable
SRR28351528,WGS,302,1707426762,PRJNA1087582,SAMN40465759,Pathogen.cl,749477581,"FIND, THE FOUNDATION FOR INNOVATIVE NEW DIAGNOSTICS","Hinduja\, Mumbai\, India",2019-11,public,"fastq,run.zq,sra","gs,ncbi,s3","gs.us-east1,ncbi.public,s3.us-east-1",SRX23956970,India,Asia,India,tuberculosis,Homo sapiens,TB034010056,Illumina HiSeq X,sputum,missing,WGS-TB034010056,PAIRED,RANDOM,GENOMIC,Mycobacterium tuberculosis,ILLUMINA,2024-03-15T00:00:00Z,2024-03-15T05:41:00Z,1,TB034010056,SRP495384,not applicable
SRR28351529,WGS,302,1908565406,PRJNA1087582,SAMN40465983,Pathogen.cl,827209218,"FIND, THE FOUNDATION FOR INNOVATIVE NEW DIAGNOSTICS","National Institute of TB and Respiratory Diseases\, New Delhi\, India",2020-03,public,"fastq,run.zq,sra","gs,ncbi,s3","gs.us-east1,ncbi.public,s3.us-east-1",SRX23956969,India,Asia,India,tuberculosis,Homo sapiens,TB034020150,Illumina HiSeq X,sputum,missing,WGS-TB034020150,PAIRED,RANDOM,GENOMIC,Mycobacterium tuberculosis,ILLUMINA,2024-03-15T00:00:00Z,2024-03-15T05:40:00Z,1,TB034020150,SRP495384,not applicable
SRR28351530,WGS,302,2060420066,PRJNA1087582,SAMN40465982,Pathogen.cl,888402751,"FIND, THE FOUNDATION FOR INNOVATIVE NEW DIAGNOSTICS","National Institute of TB and Respiratory Diseases\, New Delhi\, India",2020-03,public,"fastq,run.zq,sra","gs,ncbi,s3","gs.us-east1,ncbi.public,s3.us-east-1",SRX23956968,India,Asia,India,tuberculosis,Homo sapiens,TB034020149,Illumina HiSeq X,sputum,missing,WGS-TB034020149,PAIRED,RANDOM,GENOMIC,Mycobacterium tuberculosis,ILLUMINA,2024-03-15T00:00:00Z,2024-03-15T05:40:00Z,1,TB034020149,SRP495384,not applicable
SRR28351531,WGS,302,1794830394,PRJNA1087582,SAMN40465981,Pathogen.cl,779162019,"FIND, THE FOUNDATION FOR INNOVATIVE NEW DIAGNOSTICS","National Institute of TB and Respiratory Diseases\, New Delhi\, India",2020-03,public,"fastq,run.zq,sra","gs,ncbi,s3","gs.us-east1,ncbi.public,s3.us-east-1",SRX23956967,India,Asia,India,tuberculosis,Homo sapiens,TB034020147,Illumina HiSeq X,sputum,missing,WGS-TB034020147,PAIRED,RANDOM,GENOMIC,Mycobacterium tuberculosis,ILLUMINA,2024-03-15T00:00:00Z,2024-03-15T05:40:00Z,1,TB034020147,SRP495384,not applicable
SRR28351532,WGS,302,1391156960,PRJNA1087582,SAMN40465980,Pathogen.cl,599662209,"FIND, THE FOUNDATION FOR INNOVATIVE NEW DIAGNOSTICS","National Institute of TB and Respiratory Diseases\, New Delhi\, India",2020-03,public,"fastq,run.zq,sra","gs,ncbi,s3","gs.us-east1,ncbi.public,s3.us-east-1",SRX23956966,India,Asia,India,tuberculosis,Homo sapiens,TB034020144,Illumina HiSeq X,sputum,missing,WGS-TB034020144,PAIRED,RANDOM,GENOMIC,Mycobacterium tuberculosis,ILLUMINA,2024-03-15T00:00:00Z,2024-03-15T05:40:00Z,1,TB034020144,SRP495384,not applicable
SRR28351533,WGS,302,1486835090,PRJNA1087582,SAMN40465979,Pathogen.cl,648721127,"FIND, THE FOUNDATION FOR INNOVATIVE NEW DIAGNOSTICS","National Institute of TB and Respiratory Diseases\, New Delhi\, India",2020-03,public,"fastq,run.zq,sra","gs,ncbi,s3","gs.us-east1,ncbi.public,s3.us-east-1",SRX23956965,India,Asia,India,tuberculosis,Homo sapiens,TB034020143,Illumina HiSeq X,sputum,missing,WGS-TB034020143,PAIRED,RANDOM,GENOMIC,Mycobacterium tuberculosis,ILLUMINA,2024-03-15T00:00:00Z,2024-03-15T05:40:00Z,1,TB034020143,SRP495384,not applicable
SRR28351534,WGS,302,1416817900,PRJNA1087582,SAMN40465978,Pathogen.cl,613941409,"FIND, THE FOUNDATION FOR INNOVATIVE NEW DIAGNOSTICS","National Institute of TB and Respiratory Diseases\, New Delhi\, India",2020-03,public,"fastq,run.zq,sra","gs,ncbi,s3","gs.us-east1,ncbi.public,s3.us-east-1",SRX23956964,India,Asia,India,tuberculosis,Homo sapiens,TB034020141,Illumina HiSeq X,sputum,missing,WGS-TB034020141,PAIRED,RANDOM,GENOMIC,Mycobacterium tuberculosis,ILLUMINA,2024-03-15T00:00:00Z,2024-03-15T05:40:00Z,1,TB034020141,SRP495384,not applicable
SRR28351535,WGS,302,1427977102,PRJNA1087582,SAMN40465977,Pathogen.cl,615260304,"FIND, THE FOUNDATION FOR INNOVATIVE NEW DIAGNOSTICS","National Institute of TB and Respiratory Diseases\, New Delhi\, India",2020-03,public,"fastq,run.zq,sra","gs,ncbi,s3","gs.us-east1,ncbi.public,s3.us-east-1",SRX23956963,India,Asia,India,tuberculosis,Homo sapiens,TB034020140,Illumina HiSeq X,sputum,missing,WGS-TB034020140,PAIRED,RANDOM,GENOMIC,Mycobacterium tuberculosis,ILLUMINA,2024-03-15T00:00:00Z,2024-03-15T05:40:00Z,1,TB034020140,SRP495384,not applicable
SRR28351536,WGS,302,1156976496,PRJNA1087582,SAMN40465976,Pathogen.cl,506797970,"FIND, THE FOUNDATION FOR INNOVATIVE NEW DIAGNOSTICS","National Institute of TB and Respiratory Diseases\, New Delhi\, India",2020-03,public,"fastq,run.zq,sra","gs,ncbi,s3","gs.us-east1,ncbi.public,s3.us-east-1",SRX23956962,India,Asia,India,tuberculosis,Homo sapiens,TB034020139,Illumina HiSeq X,sputum,missing,WGS-TB034020139,PAIRED,RANDOM,GENOMIC,Mycobacterium tuberculosis,ILLUMINA,2024-03-15T00:00:00Z,2024-03-15T05:41:00Z,1,TB034020139,SRP495384,not applicable
SRR28351537,WGS,302,1615664364,PRJNA1087582,SAMN40465933,Pathogen.cl,688264317,"FIND, THE FOUNDATION FOR INNOVATIVE NEW DIAGNOSTICS","National Institute of TB and Respiratory Diseases\, New Delhi\, India",2020-01,public,"fastq,run.zq,sra","gs,ncbi,s3","gs.us-east1,ncbi.public,s3.us-east-1",SRX23956961,India,Asia,India,tuberculosis,Homo sapiens,TB034020082,Illumina HiSeq X,sputum,missing,WGS-TB034020082,PAIRED,RANDOM,GENOMIC,Mycobacterium tuberculosis,ILLUMINA,2024-03-15T00:00:00Z,2024-03-15T05:41:00Z,1,TB034020082,SRP495384,not applicable
SRR28351538,WGS,302,1391391614,PRJNA1087582,SAMN40465932,Pathogen.cl,597185240,"FIND, THE FOUNDATION FOR INNOVATIVE NEW DIAGNOSTICS","National Institute of TB and Respiratory Diseases\, New Delhi\, India",2020-01,public,"fastq,run.zq,sra","gs,ncbi,s3","gs.us-east1,ncbi.public,s3.us-east-1",SRX23956960,India,Asia,India,tuberculosis,Homo sapiens,TB034020081,Illumina HiSeq X,sputum,missing,WGS-TB034020081,PAIRED,RANDOM,GENOMIC,Mycobacterium tuberculosis,ILLUMINA,2024-03-15T00:00:00Z,2024-03-15T05:41:00Z,1,TB034020081,SRP495384,not applicable
SRR28351539,WGS,302,1546831316,PRJNA1087582,SAMN40465931,Pathogen.cl,663298081,"FIND, THE FOUNDATION FOR INNOVATIVE NEW DIAGNOSTICS","National Institute of TB and Respiratory Diseases\, New Delhi\, India",2019-12,public,"fastq,run.zq,sra","gs,ncbi,s3","gs.us-east1,ncbi.public,s3.us-east-1",SRX23956959,India,Asia,India,tuberculosis,Homo sapiens,TB034020078,Illumina HiSeq X,sputum,missing,WGS-TB034020078,PAIRED,RANDOM,GENOMIC,Mycobacterium tuberculosis,ILLUMINA,2024-03-15T00:00:00Z,2024-03-15T05:41:00Z,1,TB034020078,SRP495384,not applicable
SRR28351540,WGS,302,1345313360,PRJNA1087582,SAMN40465930,Pathogen.cl,568309542,"FIND, THE FOUNDATION FOR INNOVATIVE NEW DIAGNOSTICS","National Institute of TB and Respiratory Diseases\, New Delhi\, India",2019-12,public,"fastq,run.zq,sra","gs,ncbi,s3","gs.us-east1,ncbi.public,s3.us-east-1",SRX23956958,India,Asia,India,tuberculosis,Homo sapiens,TB034020076,Illumina HiSeq X,sputum,missing,WGS-TB034020076,PAIRED,RANDOM,GENOMIC,Mycobacterium tuberculosis,ILLUMINA,2024-03-15T00:00:00Z,2024-03-15T05:40:00Z,1,TB034020076,SRP495384,not applicable
SRR28351541,WGS,302,1400043914,PRJNA1087582,SAMN40465929,Pathogen.cl,593947285,"FIND, THE FOUNDATION FOR INNOVATIVE NEW DIAGNOSTICS","National Institute of TB and Respiratory Diseases\, New Delhi\, India",2019-12,public,"fastq,run.zq,sra","gs,ncbi,s3","gs.us-east1,ncbi.public,s3.us-east-1",SRX23956957,India,Asia,India,tuberculosis,Homo sapiens,TB034020075,Illumina HiSeq X,sputum,missing,WGS-TB034020075,PAIRED,RANDOM,GENOMIC,Mycobacterium tuberculosis,ILLUMINA,2024-03-15T00:00:00Z,2024-03-15T05:41:00Z,1,TB034020075,SRP495384,not applicable
SRR28351542,WGS,302,1449317932,PRJNA1087582,SAMN40465928,Pathogen.cl,626681075,"FIND, THE FOUNDATION FOR INNOVATIVE NEW DIAGNOSTICS","National Institute of TB and Respiratory Diseases\, New Delhi\, India",2019-12,public,"fastq,run.zq,sra","gs,ncbi,s3","gs.us-east1,ncbi.public,s3.us-east-1",SRX23956956,India,Asia,India,tuberculosis,Homo sapiens,TB034020074,Illumina HiSeq X,sputum,missing,WGS-TB034020074,PAIRED,RANDOM,GENOMIC,Mycobacterium tuberculosis,ILLUMINA,2024-03-15T00:00:00Z,2024-03-15T05:41:00Z,1,TB034020074,SRP495384,not applicable
SRR28351543,WGS,302,1341043382,PRJNA1087582,SAMN40465927,Pathogen.cl,624092889,"FIND, THE FOUNDATION FOR INNOVATIVE NEW DIAGNOSTICS","National Institute of TB and Respiratory Diseases\, New Delhi\, India",2019-11,public,"fastq,run.zq,sra","gs,ncbi,s3","gs.us-east1,ncbi.public,s3.us-east-1",SRX23956955,India,Asia,India,tuberculosis,Homo sapiens,TB034020070,Illumina HiSeq X,sputum,missing,WGS-TB034020070,PAIRED,RANDOM,GENOMIC,Mycobacterium tuberculosis,ILLUMINA,2024-03-15T00:00:00Z,2024-03-15T05:41:00Z,1,TB034020070,SRP495384,not applicable
SRR28351544,WGS,302,1333954838,PRJNA1087582,SAMN40465926,Pathogen.cl,576860195,"FIND, THE FOUNDATION FOR INNOVATIVE NEW DIAGNOSTICS","National Institute of TB and Respiratory Diseases\, New Delhi\, India",2019-11,public,"fastq,run.zq,sra","gs,ncbi,s3","gs.us-east1,ncbi.public,s3.us-east-1",SRX23956954,India,Asia,India,tuberculosis,Homo sapiens,TB034020069,Illumina HiSeq X,sputum,missing,WGS-TB034020069,PAIRED,RANDOM,GENOMIC,Mycobacterium tuberculosis,ILLUMINA,2024-03-15T00:00:00Z,2024-03-15T05:41:00Z,1,TB034020069,SRP495384,not applicable
SRR28351545,WGS,302,1639382236,PRJNA1087582,SAMN40465925,Pathogen.cl,694186585,"FIND, THE FOUNDATION FOR INNOVATIVE NEW DIAGNOSTICS","National Institute of TB and Respiratory Diseases\, New Delhi\, India",2019-11,public,"fastq,run.zq,sra","gs,ncbi,s3","gs.us-east1,ncbi.public,s3.us-east-1",SRX23956953,India,Asia,India,tuberculosis,Homo sapiens,TB034020068,Illumina HiSeq X,sputum,missing,WGS-TB034020068,PAIRED,RANDOM,GENOMIC,Mycobacterium tuberculosis,ILLUMINA,2024-03-15T00:00:00Z,2024-03-15T05:41:00Z,1,TB034020068,SRP495384,not applicable
SRR28351546,WGS,302,1398632668,PRJNA1087582,SAMN40465924,Pathogen.cl,602838524,"FIND, THE FOUNDATION FOR INNOVATIVE NEW DIAGNOSTICS","National Institute of TB and Respiratory Diseases\, New Delhi\, India",2019-11,public,"fastq,run.zq,sra","gs,ncbi,s3","gs.us-east1,ncbi.public,s3.us-east-1",SRX23956952,India,Asia,India,tuberculosis,Homo sapiens,TB034020067,Illumina HiSeq X,sputum,missing,WGS-TB034020067,PAIRED,RANDOM,GENOMIC,Mycobacterium tuberculosis,ILLUMINA,2024-03-15T00:00:00Z,2024-03-15T05:40:00Z,1,TB034020067,SRP495384,not applicable
SRR28351547,WGS,302,1216799676,PRJNA1087582,SAMN40465753,Pathogen.cl,535806500,"FIND, THE FOUNDATION FOR INNOVATIVE NEW DIAGNOSTICS","Hinduja\, Mumbai\, India",2019-11,public,"fastq,run.zq,sra","gs,ncbi,s3","gs.us-east1,ncbi.public,s3.us-east-1",SRX23956951,India,Asia,India,tuberculosis,Homo sapiens,TB034010047,Illumina HiSeq X,sputum,missing,WGS-TB034010047,PAIRED,RANDOM,GENOMIC,Mycobacterium tuberculosis,ILLUMINA,2024-03-15T00:00:00Z,2024-03-15T05:41:00Z,1,TB034010047,SRP495384,not applicable
SRR28351548,WGS,302,1457578538,PRJNA1087582,SAMN40465923,Pathogen.cl,627126963,"FIND, THE FOUNDATION FOR INNOVATIVE NEW DIAGNOSTICS","National Institute of TB and Respiratory Diseases\, New Delhi\, India",2019-11,public,"fastq,run.zq,sra","gs,ncbi,s3","gs.us-east1,ncbi.public,s3.us-east-1",SRX23956950,India,Asia,India,tuberculosis,Homo sapiens,TB034020066,Illumina HiSeq X,sputum,missing,WGS-TB034020066,PAIRED,RANDOM,GENOMIC,Mycobacterium tuberculosis,ILLUMINA,2024-03-15T00:00:00Z,2024-03-15T05:41:00Z,1,TB034020066,SRP495384,not applicable
SRR28351549,WGS,302,1335503494,PRJNA1087582,SAMN40465922,Pathogen.cl,584360506,"FIND, THE FOUNDATION FOR INNOVATIVE NEW DIAGNOSTICS","National Institute of TB and Respiratory Diseases\, New Delhi\, India",2019-11,public,"fastq,run.zq,sra","gs,ncbi,s3","gs.us-east1,ncbi.public,s3.us-east-1",SRX23956949,India,Asia,India,tuberculosis,Homo sapiens,TB034020065,Illumina HiSeq X,sputum,missing,WGS-TB034020065,PAIRED,RANDOM,GENOMIC,Mycobacterium tuberculosis,ILLUMINA,2024-03-15T00:00:00Z,2024-03-15T05:41:00Z,1,TB034020065,SRP495384,not applicable
SRR28351550,WGS,302,1537938926,PRJNA1087582,SAMN40465921,Pathogen.cl,661837547,"FIND, THE FOUNDATION FOR INNOVATIVE NEW DIAGNOSTICS","National Institute of TB and Respiratory Diseases\, New Delhi\, India",2019-11,public,"fastq,run.zq,sra","gs,ncbi,s3","gs.us-east1,ncbi.public,s3.us-east-1",SRX23956948,India,Asia,India,tuberculosis,Homo sapiens,TB034020064,Illumina HiSeq X,sputum,missing,WGS-TB034020064,PAIRED,RANDOM,GENOMIC,Mycobacterium tuberculosis,ILLUMINA,2024-03-15T00:00:00Z,2024-03-15T05:41:00Z,1,TB034020064,SRP495384,not applicable
SRR28351551,WGS,302,1300841444,PRJNA1087582,SAMN40465920,Pathogen.cl,551665879,"FIND, THE FOUNDATION FOR INNOVATIVE NEW DIAGNOSTICS","National Institute of TB and Respiratory Diseases\, New Delhi\, India",2019-11,public,"fastq,run.zq,sra","gs,ncbi,s3","gs.us-east1,ncbi.public,s3.us-east-1",SRX23956947,India,Asia,India,tuberculosis,Homo sapiens,TB034020063,Illumina HiSeq X,sputum,missing,WGS-TB034020063,PAIRED,RANDOM,GENOMIC,Mycobacterium tuberculosis,ILLUMINA,2024-03-15T00:00:00Z,2024-03-15T05:40:00Z,1,TB034020063,SRP495384,not applicable
SRR28351552,WGS,302,1353203714,PRJNA1087582,SAMN40465919,Pathogen.cl,549466812,"FIND, THE FOUNDATION FOR INNOVATIVE NEW DIAGNOSTICS","National Institute of TB and Respiratory Diseases\, New Delhi\, India",2019-11,public,"fastq,run.zq,sra","gs,ncbi,s3","gs.us-east1,ncbi.public,s3.us-east-1",SRX23956946,India,Asia,India,tuberculosis,Homo sapiens,TB034020061,Illumina HiSeq X,sputum,missing,WGS-TB034020061,PAIRED,RANDOM,GENOMIC,Mycobacterium tuberculosis,ILLUMINA,2024-03-15T00:00:00Z,2024-03-15T05:40:00Z,1,TB034020061,SRP495384,not applicable
SRR28351553,WGS,302,1831581076,PRJNA1087582,SAMN40465889,Pathogen.cl,801968584,"FIND, THE FOUNDATION FOR INNOVATIVE NEW DIAGNOSTICS","National Institute of TB and Respiratory Diseases\, New Delhi\, India",2019-10,public,"fastq,run.zq,sra","gs,ncbi,s3","gs.us-east1,ncbi.public,s3.us-east-1",SRX23956945,India,Asia,India,tuberculosis,Homo sapiens,TB034020021,Illumina HiSeq X,sputum,missing,WGS-TB034020021,PAIRED,RANDOM,GENOMIC,Mycobacterium tuberculosis,ILLUMINA,2024-03-15T00:00:00Z,2024-03-15T05:40:00Z,1,TB034020021,SRP495384,not applicable
SRR28351554,WGS,302,997251414,PRJNA1087582,SAMN40465888,Pathogen.cl,412158921,"FIND, THE FOUNDATION FOR INNOVATIVE NEW DIAGNOSTICS","National Institute of TB and Respiratory Diseases\, New Delhi\, India",2019-10,public,"fastq,run.zq,sra","gs,ncbi,s3","gs.us-east1,ncbi.public,s3.us-east-1",SRX23956944,India,Asia,India,tuberculosis,Homo sapiens,TB034020019,Illumina HiSeq X,sputum,missing,WGS-TB034020019,PAIRED,RANDOM,GENOMIC,Mycobacterium tuberculosis,ILLUMINA,2024-03-15T00:00:00Z,2024-03-15T05:39:00Z,1,TB034020019,SRP495384,not applicable
SRR28351555,WGS,302,1712845246,PRJNA1087582,SAMN40465887,Pathogen.cl,696788015,"FIND, THE FOUNDATION FOR INNOVATIVE NEW DIAGNOSTICS","National Institute of TB and Respiratory Diseases\, New Delhi\, India",2019-10,public,"fastq,run.zq,sra","gs,ncbi,s3","gs.us-east1,ncbi.public,s3.us-east-1",SRX23956943,India,Asia,India,tuberculosis,Homo sapiens,TB034020017,Illumina HiSeq X,sputum,missing,WGS-TB034020017,PAIRED,RANDOM,GENOMIC,Mycobacterium tuberculosis,ILLUMINA,2024-03-15T00:00:00Z,2024-03-15T05:40:00Z,1,TB034020017,SRP495384,not applicable
SRR28351556,WGS,302,1330750316,PRJNA1087582,SAMN40465886,Pathogen.cl,614907744,"FIND, THE FOUNDATION FOR INNOVATIVE NEW DIAGNOSTICS","National Institute of TB and Respiratory Diseases\, New Delhi\, India",2019-10,public,"fastq,run.zq,sra","gs,ncbi,s3","gs.us-east1,ncbi.public,s3.us-east-1",SRX23956942,India,Asia,India,tuberculosis,Homo sapiens,TB034020016,Illumina HiSeq X,sputum,missing,WGS-TB034020016,PAIRED,RANDOM,GENOMIC,Mycobacterium tuberculosis,ILLUMINA,2024-03-15T00:00:00Z,2024-03-15T05:40:00Z,1,TB034020016,SRP495384,not applicable
SRR28351557,WGS,302,2044040190,PRJNA1087582,SAMN40465885,Pathogen.cl,889238171,"FIND, THE FOUNDATION FOR INNOVATIVE NEW DIAGNOSTICS","National Institute of TB and Respiratory Diseases\, New Delhi\, India",2019-10,public,"fastq,run.zq,sra","gs,ncbi,s3","gs.us-east1,ncbi.public,s3.us-east-1",SRX23956941,India,Asia,India,tuberculosis,Homo sapiens,TB034020015,Illumina HiSeq X,sputum,missing,WGS-TB034020015,PAIRED,RANDOM,GENOMIC,Mycobacterium tuberculosis,ILLUMINA,2024-03-15T00:00:00Z,2024-03-15T05:40:00Z,1,TB034020015,SRP495384,not applicable
SRR28351558,WGS,302,1526703016,PRJNA1087582,SAMN40465884,Pathogen.cl,704203787,"FIND, THE FOUNDATION FOR INNOVATIVE NEW DIAGNOSTICS","National Institute of TB and Respiratory Diseases\, New Delhi\, India",2019-10,public,"fastq,run.zq,sra","gs,ncbi,s3","gs.us-east1,ncbi.public,s3.us-east-1",SRX23956940,India,Asia,India,tuberculosis,Homo sapiens,TB034020014,Illumina HiSeq X,sputum,missing,WGS-TB034020014,PAIRED,RANDOM,GENOMIC,Mycobacterium tuberculosis,ILLUMINA,2024-03-15T00:00:00Z,2024-03-15T05:41:00Z,1,TB034020014,SRP495384,not applicable
SRR28351559,WGS,302,3371341968,PRJNA1087582,SAMN40465749,Pathogen.cl,1441538365,"FIND, THE FOUNDATION FOR INNOVATIVE NEW DIAGNOSTICS","Hinduja\, Mumbai\, India",2019-10,public,"fastq,run.zq,sra","gs,ncbi,s3","gs.us-east1,ncbi.public,s3.us-east-1",SRX23956939,India,Asia,India,tuberculosis,Homo sapiens,TB034010041,Illumina HiSeq X,sputum,missing,WGS-TB034010041,PAIRED,RANDOM,GENOMIC,Mycobacterium tuberculosis,ILLUMINA,2024-03-15T00:00:00Z,2024-03-15T05:41:00Z,1,TB034010041,SRP495384,not applicable
SRR28351560,WGS,302,3038578134,PRJNA1087582,SAMN40465883,Pathogen.cl,1386633200,"FIND, THE FOUNDATION FOR INNOVATIVE NEW DIAGNOSTICS","National Institute of TB and Respiratory Diseases\, New Delhi\, India",2019-10,public,"fastq,run.zq,sra","gs,ncbi,s3","gs.us-east1,ncbi.public,s3.us-east-1",SRX23956938,India,Asia,India,tuberculosis,Homo sapiens,TB034020013,Illumina HiSeq X,sputum,missing,WGS-TB034020013,PAIRED,RANDOM,GENOMIC,Mycobacterium tuberculosis,ILLUMINA,2024-03-15T00:00:00Z,2024-03-15T05:42:00Z,1,TB034020013,SRP495384,not applicable
SRR28351561,WGS,302,1609678724,PRJNA1087582,SAMN40465882,Pathogen.cl,665374680,"FIND, THE FOUNDATION FOR INNOVATIVE NEW DIAGNOSTICS","National Institute of TB and Respiratory Diseases\, New Delhi\, India",2019-10,public,"fastq,run.zq,sra","gs,ncbi,s3","gs.us-east1,ncbi.public,s3.us-east-1",SRX23956937,India,Asia,India,tuberculosis,Homo sapiens,TB034020010,Illumina HiSeq X,sputum,missing,WGS-TB034020010,PAIRED,RANDOM,GENOMIC,Mycobacterium tuberculosis,ILLUMINA,2024-03-15T00:00:00Z,2024-03-15T05:40:00Z,1,TB034020010,SRP495384,not applicable
SRR28351562,WGS,302,1672102728,PRJNA1087582,SAMN40465881,Pathogen.cl,689398481,"FIND, THE FOUNDATION FOR INNOVATIVE NEW DIAGNOSTICS","National Institute of TB and Respiratory Diseases\, New Delhi\, India",2019-10,public,"fastq,run.zq,sra","gs,ncbi,s3","gs.us-east1,ncbi.public,s3.us-east-1",SRX23956936,India,Asia,India,tuberculosis,Homo sapiens,TB034020008,Illumina HiSeq X,sputum,missing,WGS-TB034020008,PAIRED,RANDOM,GENOMIC,Mycobacterium tuberculosis,ILLUMINA,2024-03-15T00:00:00Z,2024-03-15T05:41:00Z,1,TB034020008,SRP495384,not applicable
SRR28351563,WGS,302,1941226404,PRJNA1087582,SAMN40465880,Pathogen.cl,861330059,"FIND, THE FOUNDATION FOR INNOVATIVE NEW DIAGNOSTICS","National Institute of TB and Respiratory Diseases\, New Delhi\, India",2019-10,public,"fastq,run.zq,sra","gs,ncbi,s3","gs.us-east1,ncbi.public,s3.us-east-1",SRX23956935,India,Asia,India,tuberculosis,Homo sapiens,TB034020007,Illumina HiSeq X,sputum,missing,WGS-TB034020007,PAIRED,RANDOM,GENOMIC,Mycobacterium tuberculosis,ILLUMINA,2024-03-15T00:00:00Z,2024-03-15T05:41:00Z,1,TB034020007,SRP495384,not applicable
SRR28351564,WGS,302,367988812,PRJNA1087582,SAMN40465879,Pathogen.cl,165783196,"FIND, THE FOUNDATION FOR INNOVATIVE NEW DIAGNOSTICS","National Institute of TB and Respiratory Diseases\, New Delhi\, India",2019-09,public,"fastq,run.zq,sra","gs,ncbi,s3","gs.us-east1,ncbi.public,s3.us-east-1",SRX23956934,India,Asia,India,tuberculosis,Homo sapiens,TB034020006,Illumina HiSeq X,sputum,missing,WGS-TB034020006,PAIRED,RANDOM,GENOMIC,Mycobacterium tuberculosis,ILLUMINA,2024-03-15T00:00:00Z,2024-03-15T05:40:00Z,1,TB034020006,SRP495384,not applicable
SRR28351565,WGS,302,1982628792,PRJNA1087582,SAMN40465878,Pathogen.cl,837044344,"FIND, THE FOUNDATION FOR INNOVATIVE NEW DIAGNOSTICS","National Institute of TB and Respiratory Diseases\, New Delhi\, India",2019-09,public,"fastq,run.zq,sra","gs,ncbi,s3","gs.us-east1,ncbi.public,s3.us-east-1",SRX23956933,India,Asia,India,tuberculosis,Homo sapiens,TB034020003,Illumina HiSeq X,sputum,missing,WGS-TB034020003,PAIRED,RANDOM,GENOMIC,Mycobacterium tuberculosis,ILLUMINA,2024-03-15T00:00:00Z,2024-03-15T05:41:00Z,1,TB034020003,SRP495384,not applicable
SRR28351566,WGS,302,1338047240,PRJNA1087582,SAMN40465877,Pathogen.cl,618209409,"FIND, THE FOUNDATION FOR INNOVATIVE NEW DIAGNOSTICS","National Institute of TB and Respiratory Diseases\, New Delhi\, India",2019-09,public,"fastq,run.zq,sra","gs,ncbi,s3","gs.us-east1,ncbi.public,s3.us-east-1",SRX23956932,India,Asia,India,tuberculosis,Homo sapiens,TB034020002,Illumina HiSeq X,sputum,missing,WGS-TB034020002,PAIRED,RANDOM,GENOMIC,Mycobacterium tuberculosis,ILLUMINA,2024-03-15T00:00:00Z,2024-03-15T05:41:00Z,1,TB034020002,SRP495384,not applicable
SRR28351567,WGS,302,1909014480,PRJNA1087582,SAMN40465876,Pathogen.cl,808025620,"FIND, THE FOUNDATION FOR INNOVATIVE NEW DIAGNOSTICS","Hinduja\, Mumbai\, India",2020-03,public,"fastq,run.zq,sra","gs,ncbi,s3","gs.us-east1,ncbi.public,s3.us-east-1",SRX23956931,India,Asia,India,tuberculosis,Homo sapiens,TB034010203,Illumina HiSeq X,sputum,missing,WGS-TB034010203,PAIRED,RANDOM,GENOMIC,Mycobacterium tuberculosis,ILLUMINA,2024-03-15T00:00:00Z,2024-03-15T05:40:00Z,1,TB034010203,SRP495384,not applicable
SRR28351568,WGS,302,1572192370,PRJNA1087582,SAMN40465875,Pathogen.cl,668530926,"FIND, THE FOUNDATION FOR INNOVATIVE NEW DIAGNOSTICS","Hinduja\, Mumbai\, India",2020-03,public,"fastq,run.zq,sra","gs,ncbi,s3","gs.us-east1,ncbi.public,s3.us-east-1",SRX23956930,India,Asia,India,tuberculosis,Homo sapiens,TB034010202,Illumina HiSeq X,sputum,missing,WGS-TB034010202,PAIRED,RANDOM,GENOMIC,Mycobacterium tuberculosis,ILLUMINA,2024-03-15T00:00:00Z,2024-03-15T05:41:00Z,1,TB034010202,SRP495384,not applicable
SRR28351569,WGS,302,1534018362,PRJNA1087582,SAMN40465833,Pathogen.cl,654136681,"FIND, THE FOUNDATION FOR INNOVATIVE NEW DIAGNOSTICS","Hinduja\, Mumbai\, India",2020-01,public,"fastq,run.zq,sra","gs,ncbi,s3","gs.us-east1,ncbi.public,s3.us-east-1",SRX23956929,India,Asia,India,tuberculosis,Homo sapiens,TB034010152,Illumina HiSeq X,sputum,missing,WGS-TB034010152,PAIRED,RANDOM,GENOMIC,Mycobacterium tuberculosis,ILLUMINA,2024-03-15T00:00:00Z,2024-03-15T05:41:00Z,1,TB034010152,SRP495384,not applicable
SRR28351570,WGS,302,1537017524,PRJNA1087582,SAMN40465832,Pathogen.cl,654161373,"FIND, THE FOUNDATION FOR INNOVATIVE NEW DIAGNOSTICS","Hinduja\, Mumbai\, India",2020-01,public,"fastq,run.zq,sra","gs,ncbi,s3","gs.us-east1,ncbi.public,s3.us-east-1",SRX23956928,India,Asia,India,tuberculosis,Homo sapiens,TB034010151,Illumina HiSeq X,sputum,missing,WGS-TB034010151,PAIRED,RANDOM,GENOMIC,Mycobacterium tuberculosis,ILLUMINA,2024-03-15T00:00:00Z,2024-03-15T05:41:00Z,1,TB034010151,SRP495384,not applicable
SRR28351571,WGS,302,2174788976,PRJNA1087582,SAMN40465831,Pathogen.cl,924039540,"FIND, THE FOUNDATION FOR INNOVATIVE NEW DIAGNOSTICS","Hinduja\, Mumbai\, India",2020-01,public,"fastq,run.zq,sra","gs,ncbi,s3","gs.us-east1,ncbi.public,s3.us-east-1",SRX23956927,India,Asia,India,tuberculosis,Homo sapiens,TB034010150,Illumina HiSeq X,sputum,missing,WGS-TB034010150,PAIRED,RANDOM,GENOMIC,Mycobacterium tuberculosis,ILLUMINA,2024-03-15T00:00:00Z,2024-03-15T05:41:00Z,1,TB034010150,SRP495384,not applicable
SRR28351572,WGS,302,1530087530,PRJNA1087582,SAMN40465830,Pathogen.cl,651640865,"FIND, THE FOUNDATION FOR INNOVATIVE NEW DIAGNOSTICS","Hinduja\, Mumbai\, India",2020-01,public,"fastq,run.zq,sra","gs,ncbi,s3","gs.us-east1,ncbi.public,s3.us-east-1",SRX23956926,India,Asia,India,tuberculosis,Homo sapiens,TB034010148,Illumina HiSeq X,sputum,missing,WGS-TB034010148,PAIRED,RANDOM,GENOMIC,Mycobacterium tuberculosis,ILLUMINA,2024-03-15T00:00:00Z,2024-03-15T05:40:00Z,1,TB034010148,SRP495384,not applicable
SRR28351573,WGS,302,913954982,PRJNA1087582,SAMN40465829,Pathogen.cl,417198972,"FIND, THE FOUNDATION FOR INNOVATIVE NEW DIAGNOSTICS","Hinduja\, Mumbai\, India",2020-01,public,"fastq,run.zq,sra","gs,ncbi,s3","gs.us-east1,ncbi.public,s3.us-east-1",SRX23956925,India,Asia,India,tuberculosis,Homo sapiens,TB034010147,Illumina HiSeq X,sputum,missing,WGS-TB034010147,PAIRED,RANDOM,GENOMIC,Mycobacterium tuberculosis,ILLUMINA,2024-03-15T00:00:00Z,2024-03-15T05:40:00Z,1,TB034010147,SRP495384,not applicable
SRR28351574,WGS,302,2004363732,PRJNA1087582,SAMN40465828,Pathogen.cl,826178419,"FIND, THE FOUNDATION FOR INNOVATIVE NEW DIAGNOSTICS","Hinduja\, Mumbai\, India",2020-01,public,"fastq,run.zq,sra","gs,ncbi,s3","gs.us-east1,ncbi.public,s3.us-east-1",SRX23956924,India,Asia,India,tuberculosis,Homo sapiens,TB034010146,Illumina HiSeq X,sputum,missing,WGS-TB034010146,PAIRED,RANDOM,GENOMIC,Mycobacterium tuberculosis,ILLUMINA,2024-03-15T00:00:00Z,2024-03-15T05:41:00Z,1,TB034010146,SRP495384,not applicable
SRR28351575,WGS,302,1562782352,PRJNA1087582,SAMN40465827,Pathogen.cl,663152681,"FIND, THE FOUNDATION FOR INNOVATIVE NEW DIAGNOSTICS","Hinduja\, Mumbai\, India",2020-01,public,"fastq,run.zq,sra","gs,ncbi,s3","gs.us-east1,ncbi.public,s3.us-east-1",SRX23956923,India,Asia,India,tuberculosis,Homo sapiens,TB034010143,Illumina HiSeq X,sputum,missing,WGS-TB034010143,PAIRED,RANDOM,GENOMIC,Mycobacterium tuberculosis,ILLUMINA,2024-03-15T00:00:00Z,2024-03-15T05:40:00Z,1,TB034010143,SRP495384,not applicable
SRR28351576,WGS,302,1615929520,PRJNA1087582,SAMN40465826,Pathogen.cl,690213440,"FIND, THE FOUNDATION FOR INNOVATIVE NEW DIAGNOSTICS","Hinduja\, Mumbai\, India",2020-01,public,"fastq,run.zq,sra","gs,ncbi,s3","gs.us-east1,ncbi.public,s3.us-east-1",SRX23956922,India,Asia,India,tuberculosis,Homo sapiens,TB034010142,Illumina HiSeq X,sputum,missing,WGS-TB034010142,PAIRED,RANDOM,GENOMIC,Mycobacterium tuberculosis,ILLUMINA,2024-03-15T00:00:00Z,2024-03-15T05:41:00Z,1,TB034010142,SRP495384,not applicable
SRR28351577,WGS,302,1853316016,PRJNA1087582,SAMN40465825,Pathogen.cl,780822723,"FIND, THE FOUNDATION FOR INNOVATIVE NEW DIAGNOSTICS","Hinduja\, Mumbai\, India",2020-01,public,"fastq,run.zq,sra","gs,ncbi,s3","gs.us-east1,ncbi.public,s3.us-east-1",SRX23956921,India,Asia,India,tuberculosis,Homo sapiens,TB034010139,Illumina HiSeq X,sputum,missing,WGS-TB034010139,PAIRED,RANDOM,GENOMIC,Mycobacterium tuberculosis,ILLUMINA,2024-03-15T00:00:00Z,2024-03-15T05:40:00Z,1,TB034010139,SRP495384,not applicable
SRR28351578,WGS,302,1714455812,PRJNA1087582,SAMN40465824,Pathogen.cl,723654353,"FIND, THE FOUNDATION FOR INNOVATIVE NEW DIAGNOSTICS","Hinduja\, Mumbai\, India",2020-01,public,"fastq,run.zq,sra","gs,ncbi,s3","gs.us-east1,ncbi.public,s3.us-east-1",SRX23956920,India,Asia,India,tuberculosis,Homo sapiens,TB034010138,Illumina HiSeq X,sputum,missing,WGS-TB034010138,PAIRED,RANDOM,GENOMIC,Mycobacterium tuberculosis,ILLUMINA,2024-03-15T00:00:00Z,2024-03-15T05:40:00Z,1,TB034010138,SRP495384,not applicable
SRR28351579,WGS,302,1921337892,PRJNA1087582,SAMN40465743,Pathogen.cl,840410489,"FIND, THE FOUNDATION FOR INNOVATIVE NEW DIAGNOSTICS","Hinduja\, Mumbai\, India",2019-10,public,"fastq,run.zq,sra","gs,ncbi,s3","gs.us-east1,ncbi.public,s3.us-east-1",SRX23956919,India,Asia,India,tuberculosis,Homo sapiens,TB034010030,Illumina HiSeq X,sputum,missing,WGS-TB034010030,PAIRED,RANDOM,GENOMIC,Mycobacterium tuberculosis,ILLUMINA,2024-03-15T00:00:00Z,2024-03-15T05:40:00Z,1,TB034010030,SRP495384,not applicable
SRR28351580,WGS,302,1054483736,PRJNA1087582,SAMN40465823,Pathogen.cl,462231470,"FIND, THE FOUNDATION FOR INNOVATIVE NEW DIAGNOSTICS","Hinduja\, Mumbai\, India",2020-01,public,"fastq,run.zq,sra","gs,ncbi,s3","gs.us-east1,ncbi.public,s3.us-east-1",SRX23956918,India,Asia,India,tuberculosis,Homo sapiens,TB034010137,Illumina HiSeq X,sputum,missing,WGS-TB034010137,PAIRED,RANDOM,GENOMIC,Mycobacterium tuberculosis,ILLUMINA,2024-03-15T00:00:00Z,2024-03-15T05:40:00Z,1,TB034010137,SRP495384,not applicable
SRR28351581,WGS,302,1266758026,PRJNA1087582,SAMN40465822,Pathogen.cl,537340226,"FIND, THE FOUNDATION FOR INNOVATIVE NEW DIAGNOSTICS","Hinduja\, Mumbai\, India",2020-01,public,"fastq,run.zq,sra","gs,ncbi,s3","gs.us-east1,ncbi.public,s3.us-east-1",SRX23956917,India,Asia,India,tuberculosis,Homo sapiens,TB034010135,Illumina HiSeq X,sputum,missing,WGS-TB034010135,PAIRED,RANDOM,GENOMIC,Mycobacterium tuberculosis,ILLUMINA,2024-03-15T00:00:00Z,2024-03-15T05:40:00Z,1,TB034010135,SRP495384,not applicable
SRR28351582,WGS,302,1852102882,PRJNA1087582,SAMN40465792,Pathogen.cl,780386604,"FIND, THE FOUNDATION FOR INNOVATIVE NEW DIAGNOSTICS","Hinduja\, Mumbai\, India",2019-12,public,"fastq,run.zq,sra","gs,ncbi,s3","gs.us-east1,ncbi.public,s3.us-east-1",SRX23956916,India,Asia,India,tuberculosis,Homo sapiens,TB034010098,Illumina HiSeq X,sputum,missing,WGS-TB034010098,PAIRED,RANDOM,GENOMIC,Mycobacterium tuberculosis,ILLUMINA,2024-03-15T00:00:00Z,2024-03-15T05:41:00Z,1,TB034010098,SRP495384,not applicable
SRR28351583,WGS,302,1831258842,PRJNA1087582,SAMN40465791,Pathogen.cl,771907675,"FIND, THE FOUNDATION FOR INNOVATIVE NEW DIAGNOSTICS","Hinduja\, Mumbai\, India",2019-12,public,"fastq,run.zq,sra","gs,ncbi,s3","gs.us-east1,ncbi.public,s3.us-east-1",SRX23956915,India,Asia,India,tuberculosis,Homo sapiens,TB034010097,Illumina HiSeq X,sputum,missing,WGS-TB034010097,PAIRED,RANDOM,GENOMIC,Mycobacterium tuberculosis,ILLUMINA,2024-03-15T00:00:00Z,2024-03-15T05:41:00Z,1,TB034010097,SRP495384,not applicable
SRR28351584,WGS,302,847542464,PRJNA1087582,SAMN40465790,Pathogen.cl,367824038,"FIND, THE FOUNDATION FOR INNOVATIVE NEW DIAGNOSTICS","Hinduja\, Mumbai\, India",2019-12,public,"fastq,run.zq,sra","gs,ncbi,s3","gs.us-east1,ncbi.public,s3.us-east-1",SRX23956914,India,Asia,India,tuberculosis,Homo sapiens,TB034010096,Illumina HiSeq X,sputum,missing,WGS-TB034010096,PAIRED,RANDOM,GENOMIC,Mycobacterium tuberculosis,ILLUMINA,2024-03-15T00:00:00Z,2024-03-15T05:40:00Z,1,TB034010096,SRP495384,not applicable
SRR28351585,WGS,302,1914631076,PRJNA1087582,SAMN40465789,Pathogen.cl,816572623,"FIND, THE FOUNDATION FOR INNOVATIVE NEW DIAGNOSTICS","Hinduja\, Mumbai\, India",2019-12,public,"fastq,run.zq,sra","gs,ncbi,s3","gs.us-east1,ncbi.public,s3.us-east-1",SRX23956913,India,Asia,India,tuberculosis,Homo sapiens,TB034010095,Illumina HiSeq X,sputum,missing,WGS-TB034010095,PAIRED,RANDOM,GENOMIC,Mycobacterium tuberculosis,ILLUMINA,2024-03-15T00:00:00Z,2024-03-15T05:41:00Z,1,TB034010095,SRP495384,not applicable
SRR28351586,WGS,302,1680754424,PRJNA1087582,SAMN40465788,Pathogen.cl,709892983,"FIND, THE FOUNDATION FOR INNOVATIVE NEW DIAGNOSTICS","Hinduja\, Mumbai\, India",2019-11,public,"fastq,run.zq,sra","gs,ncbi,s3","gs.us-east1,ncbi.public,s3.us-east-1",SRX23956912,India,Asia,India,tuberculosis,Homo sapiens,TB034010093,Illumina HiSeq X,sputum,missing,WGS-TB034010093,PAIRED,RANDOM,GENOMIC,Mycobacterium tuberculosis,ILLUMINA,2024-03-15T00:00:00Z,2024-03-15T05:40:00Z,1,TB034010093,SRP495384,not applicable
SRR28351587,WGS,302,1646344544,PRJNA1087582,SAMN40465787,Pathogen.cl,702970039,"FIND, THE FOUNDATION FOR INNOVATIVE NEW DIAGNOSTICS","Hinduja\, Mumbai\, India",2019-11,public,"fastq,run.zq,sra","gs,ncbi,s3","gs.us-east1,ncbi.public,s3.us-east-1",SRX23956911,India,Asia,India,tuberculosis,Homo sapiens,TB034010091,Illumina HiSeq X,sputum,missing,WGS-TB034010091,PAIRED,RANDOM,GENOMIC,Mycobacterium tuberculosis,ILLUMINA,2024-03-15T00:00:00Z,2024-03-15T05:40:00Z,1,TB034010091,SRP495384,not applicable
SRR28351588,WGS,302,1569339678,PRJNA1087582,SAMN40465786,Pathogen.cl,664093044,"FIND, THE FOUNDATION FOR INNOVATIVE NEW DIAGNOSTICS","Hinduja\, Mumbai\, India",2019-11,public,"fastq,run.zq,sra","gs,ncbi,s3","gs.us-east1,ncbi.public,s3.us-east-1",SRX23956910,India,Asia,India,tuberculosis,Homo sapiens,TB034010090,Illumina HiSeq X,sputum,missing,WGS-TB034010090,PAIRED,RANDOM,GENOMIC,Mycobacterium tuberculosis,ILLUMINA,2024-03-15T00:00:00Z,2024-03-15T05:40:00Z,1,TB034010090,SRP495384,not applicable
SRR28351589,WGS,302,1579842634,PRJNA1087582,SAMN40465785,Pathogen.cl,672723680,"FIND, THE FOUNDATION FOR INNOVATIVE NEW DIAGNOSTICS","Hinduja\, Mumbai\, India",2019-11,public,"fastq,run.zq,sra","gs,ncbi,s3","gs.us-east1,ncbi.public,s3.us-east-1",SRX23956909,India,Asia,India,tuberculosis,Homo sapiens,TB034010089,Illumina HiSeq X,sputum,missing,WGS-TB034010089,PAIRED,RANDOM,GENOMIC,Mycobacterium tuberculosis,ILLUMINA,2024-03-15T00:00:00Z,2024-03-15T05:40:00Z,1,TB034010089,SRP495384,not applicable
SRR28351590,WGS,302,1101162064,PRJNA1087582,SAMN40466242,Pathogen.cl,467663097,"FIND, THE FOUNDATION FOR INNOVATIVE NEW DIAGNOSTICS","University of the Witwatersrand\, Johannesburg \, South Africa",2020-03,public,"fastq,run.zq,sra","gs,ncbi,s3","gs.us-east1,ncbi.public,s3.us-east-1",SRX23956908,South Africa,Africa,South Africa,tuberculosis,Homo sapiens,TB034040105,Illumina HiSeq X,sputum,missing,WGS-TB034040105,PAIRED,RANDOM,GENOMIC,Mycobacterium tuberculosis,ILLUMINA,2024-03-15T00:00:00Z,2024-03-15T05:40:00Z,1,TB034040105,SRP495384,not applicable
SRR28351591,WGS,302,832348240,PRJNA1087582,SAMN40466241,Pathogen.cl,366090506,"FIND, THE FOUNDATION FOR INNOVATIVE NEW DIAGNOSTICS","University of the Witwatersrand\, Johannesburg \, South Africa",2020-02,public,"fastq,run.zq,sra","gs,ncbi,s3","gs.us-east1,ncbi.public,s3.us-east-1",SRX23956907,South Africa,Africa,South Africa,tuberculosis,Homo sapiens,TB034040100,Illumina HiSeq X,sputum,missing,WGS-TB034040100,PAIRED,RANDOM,GENOMIC,Mycobacterium tuberculosis,ILLUMINA,2024-03-15T00:00:00Z,2024-03-15T05:40:00Z,1,TB034040100,SRP495384,not applicable
SRR28351592,WGS,302,803085346,PRJNA1087582,SAMN40466240,Pathogen.cl,341399309,"FIND, THE FOUNDATION FOR INNOVATIVE NEW DIAGNOSTICS","University of the Witwatersrand\, Johannesburg \, South Africa",2020-02,public,"fastq,run.zq,sra","gs,ncbi,s3","gs.us-east1,ncbi.public,s3.us-east-1",SRX23956906,South Africa,Africa,South Africa,tuberculosis,Homo sapiens,TB034040099,Illumina HiSeq X,sputum,missing,WGS-TB034040099,PAIRED,RANDOM,GENOMIC,Mycobacterium tuberculosis,ILLUMINA,2024-03-15T00:00:00Z,2024-03-15T05:39:00Z,1,TB034040099,SRP495384,not applicable
SRR28351593,WGS,302,891257870,PRJNA1087582,SAMN40466239,Pathogen.cl,388461694,"FIND, THE FOUNDATION FOR INNOVATIVE NEW DIAGNOSTICS","University of the Witwatersrand\, Johannesburg \, South Africa",2020-02,public,"fastq,run.zq,sra","gs,ncbi,s3","gs.us-east1,ncbi.public,s3.us-east-1",SRX23956905,South Africa,Africa,South Africa,tuberculosis,Homo sapiens,TB034040094,Illumina HiSeq X,sputum,missing,WGS-TB034040094,PAIRED,RANDOM,GENOMIC,Mycobacterium tuberculosis,ILLUMINA,2024-03-15T00:00:00Z,2024-03-15T05:40:00Z,1,TB034040094,SRP495384,not applicable
SRR28351594,WGS,302,1620655820,PRJNA1087582,SAMN40466238,Pathogen.cl,697586049,"FIND, THE FOUNDATION FOR INNOVATIVE NEW DIAGNOSTICS","University of the Witwatersrand\, Johannesburg \, South Africa",2020-02,public,"fastq,run.zq,sra","gs,ncbi,s3","gs.us-east1,ncbi.public,s3.us-east-1",SRX23956904,South Africa,Africa,South Africa,tuberculosis,Homo sapiens,TB034040092,Illumina HiSeq X,sputum,missing,WGS-TB034040092,PAIRED,RANDOM,GENOMIC,Mycobacterium tuberculosis,ILLUMINA,2024-03-15T00:00:00Z,2024-03-15T05:41:00Z,1,TB034040092,SRP495384,not applicable
SRR28351595,WGS,302,740431822,PRJNA1087582,SAMN40466237,Pathogen.cl,331546573,"FIND, THE FOUNDATION FOR INNOVATIVE NEW DIAGNOSTICS","University of the Witwatersrand\, Johannesburg \, South Africa",2020-01,public,"fastq,run.zq,sra","gs,ncbi,s3","gs.us-east1,ncbi.public,s3.us-east-1",SRX23956903,South Africa,Africa,South Africa,tuberculosis,Homo sapiens,TB034040089,Illumina HiSeq X,sputum,missing,WGS-TB034040089,PAIRED,RANDOM,GENOMIC,Mycobacterium tuberculosis,ILLUMINA,2024-03-15T00:00:00Z,2024-03-15T05:40:00Z,1,TB034040089,SRP495384,not applicable
SRR28351596,WGS,302,1004583068,PRJNA1087582,SAMN40466236,Pathogen.cl,430359533,"FIND, THE FOUNDATION FOR INNOVATIVE NEW DIAGNOSTICS","University of the Witwatersrand\, Johannesburg \, South Africa",2020-01,public,"fastq,run.zq,sra","gs,ncbi,s3","gs.us-east1,ncbi.public,s3.us-east-1",SRX23956902,South Africa,Africa,South Africa,tuberculosis,Homo sapiens,TB034040088,Illumina HiSeq X,sputum,missing,WGS-TB034040088,PAIRED,RANDOM,GENOMIC,Mycobacterium tuberculosis,ILLUMINA,2024-03-15T00:00:00Z,2024-03-15T05:40:00Z,1,TB034040088,SRP495384,not applicable
SRR28351597,WGS,302,792616214,PRJNA1087582,SAMN40466235,Pathogen.cl,343621660,"FIND, THE FOUNDATION FOR INNOVATIVE NEW DIAGNOSTICS","University of the Witwatersrand\, Johannesburg \, South Africa",2020-01,public,"fastq,run.zq,sra","gs,ncbi,s3","gs.us-east1,ncbi.public,s3.us-east-1",SRX23956901,South Africa,Africa,South Africa,tuberculosis,Homo sapiens,TB034040087,Illumina HiSeq X,sputum,missing,WGS-TB034040087,PAIRED,RANDOM,GENOMIC,Mycobacterium tuberculosis,ILLUMINA,2024-03-15T00:00:00Z,2024-03-15T05:39:00Z,1,TB034040087,SRP495384,not applicable
SRR28351598,WGS,302,1375232500,PRJNA1087582,SAMN40466192,Pathogen.cl,595178685,"FIND, THE FOUNDATION FOR INNOVATIVE NEW DIAGNOSTICS","Phthisiopneumology Institute\, Chisinau\, Moldova",2020-02,public,"fastq,run.zq,sra","gs,ncbi,s3","gs.us-east1,ncbi.public,s3.us-east-1",SRX23956900,Moldova,Europe,Moldova,tuberculosis,Homo sapiens,TB034030233,Illumina HiSeq X,sputum,missing,WGS-TB034030233,PAIRED,RANDOM,GENOMIC,Mycobacterium tuberculosis,ILLUMINA,2024-03-15T00:00:00Z,2024-03-15T05:41:00Z,1,TB034030233,SRP495384,not applicable
SRR28351599,WGS,302,1164006150,PRJNA1087582,SAMN40466191,Pathogen.cl,502226313,"FIND, THE FOUNDATION FOR INNOVATIVE NEW DIAGNOSTICS","Phthisiopneumology Institute\, Chisinau\, Moldova",2020-02,public,"fastq,run.zq,sra","gs,ncbi,s3","gs.us-east1,ncbi.public,s3.us-east-1",SRX23956899,Moldova,Europe,Moldova,tuberculosis,Homo sapiens,TB034030232,Illumina HiSeq X,sputum,missing,WGS-TB034030232,PAIRED,RANDOM,GENOMIC,Mycobacterium tuberculosis,ILLUMINA,2024-03-15T00:00:00Z,2024-03-15T05:40:00Z,1,TB034030232,SRP495384,not applicable
SRR28351600,WGS,302,1408831208,PRJNA1087582,SAMN40466190,Pathogen.cl,597831309,"FIND, THE FOUNDATION FOR INNOVATIVE NEW DIAGNOSTICS","Phthisiopneumology Institute\, Chisinau\, Moldova",2020-02,public,"fastq,run.zq,sra","gs,ncbi,s3","gs.us-east1,ncbi.public,s3.us-east-1",SRX23956898,Moldova,Europe,Moldova,tuberculosis,Homo sapiens,TB034030231,Illumina HiSeq X,sputum,missing,WGS-TB034030231,PAIRED,RANDOM,GENOMIC,Mycobacterium tuberculosis,ILLUMINA,2024-03-15T00:00:00Z,2024-03-15T05:40:00Z,1,TB034030231,SRP495384,not applicable
SRR28351601,WGS,302,1380471294,PRJNA1087582,SAMN40466189,Pathogen.cl,586319666,"FIND, THE FOUNDATION FOR INNOVATIVE NEW DIAGNOSTICS","Phthisiopneumology Institute\, Chisinau\, Moldova",2020-02,public,"fastq,run.zq,sra","gs,ncbi,s3","gs.us-east1,ncbi.public,s3.us-east-1",SRX23956897,Moldova,Europe,Moldova,tuberculosis,Homo sapiens,TB034030230,Illumina HiSeq X,sputum,missing,WGS-TB034030230,PAIRED,RANDOM,GENOMIC,Mycobacterium tuberculosis,ILLUMINA,2024-03-15T00:00:00Z,2024-03-15T05:40:00Z,1,TB034030230,SRP495384,not applicable
SRR28351602,WGS,302,1327775918,PRJNA1087582,SAMN40466188,Pathogen.cl,564567954,"FIND, THE FOUNDATION FOR INNOVATIVE NEW DIAGNOSTICS","Phthisiopneumology Institute\, Chisinau\, Moldova",2020-02,public,"fastq,run.zq,sra","gs,ncbi,s3","gs.us-east1,ncbi.public,s3.us-east-1",SRX23956896,Moldova,Europe,Moldova,tuberculosis,Homo sapiens,TB034030229,Illumina HiSeq X,sputum,missing,WGS-TB034030229,PAIRED,RANDOM,GENOMIC,Mycobacterium tuberculosis,ILLUMINA,2024-03-15T00:00:00Z,2024-03-15T05:40:00Z,1,TB034030229,SRP495384,not applicable
SRR28351603,WGS,302,1454200366,PRJNA1087582,SAMN40466187,Pathogen.cl,601142061,"FIND, THE FOUNDATION FOR INNOVATIVE NEW DIAGNOSTICS","Phthisiopneumology Institute\, Chisinau\, Moldova",2020-02,public,"fastq,run.zq,sra","gs,ncbi,s3","gs.us-east1,ncbi.public,s3.us-east-1",SRX23956895,Moldova,Europe,Moldova,tuberculosis,Homo sapiens,TB034030228,Illumina HiSeq X,sputum,missing,WGS-TB034030228,PAIRED,RANDOM,GENOMIC,Mycobacterium tuberculosis,ILLUMINA,2024-03-15T00:00:00Z,2024-03-15T05:40:00Z,1,TB034030228,SRP495384,not applicable
SRR28351604,WGS,302,1138842906,PRJNA1087582,SAMN40466186,Pathogen.cl,467798412,"FIND, THE FOUNDATION FOR INNOVATIVE NEW DIAGNOSTICS","Phthisiopneumology Institute\, Chisinau\, Moldova",2020-02,public,"fastq,run.zq,sra","gs,ncbi,s3","gs.us-east1,ncbi.public,s3.us-east-1",SRX23956894,Moldova,Europe,Moldova,tuberculosis,Homo sapiens,TB034030227,Illumina HiSeq X,sputum,missing,WGS-TB034030227,PAIRED,RANDOM,GENOMIC,Mycobacterium tuberculosis,ILLUMINA,2024-03-15T00:00:00Z,2024-03-15T05:40:00Z,1,TB034030227,SRP495384,not applicable
SRR28351605,WGS,302,1185393186,PRJNA1087582,SAMN40466185,Pathogen.cl,495839461,"FIND, THE FOUNDATION FOR INNOVATIVE NEW DIAGNOSTICS","Phthisiopneumology Institute\, Chisinau\, Moldova",2020-02,public,"fastq,run.zq,sra","gs,ncbi,s3","gs.us-east1,ncbi.public,s3.us-east-1",SRX23956893,Moldova,Europe,Moldova,tuberculosis,Homo sapiens,TB034030226,Illumina HiSeq X,sputum,missing,WGS-TB034030226,PAIRED,RANDOM,GENOMIC,Mycobacterium tuberculosis,ILLUMINA,2024-03-15T00:00:00Z,2024-03-15T05:41:00Z,1,TB034030226,SRP495384,not applicable
SRR28351606,WGS,302,1166007504,PRJNA1087582,SAMN40466184,Pathogen.cl,485302561,"FIND, THE FOUNDATION FOR INNOVATIVE NEW DIAGNOSTICS","Phthisiopneumology Institute\, Chisinau\, Moldova",2020-01,public,"fastq,run.zq,sra","gs,ncbi,s3","gs.us-east1,ncbi.public,s3.us-east-1",SRX23956892,Moldova,Europe,Moldova,tuberculosis,Homo sapiens,TB034030225,Illumina HiSeq X,sputum,missing,WGS-TB034030225,PAIRED,RANDOM,GENOMIC,Mycobacterium tuberculosis,ILLUMINA,2024-03-15T00:00:00Z,2024-03-15T05:41:00Z,1,TB034030225,SRP495384,not applicable
SRR28351607,WGS,302,1851705148,PRJNA1087582,SAMN40465779,Pathogen.cl,815537597,"FIND, THE FOUNDATION FOR INNOVATIVE NEW DIAGNOSTICS","Hinduja\, Mumbai\, India",2019-11,public,"fastq,run.zq,sra","gs,ncbi,s3","gs.us-east1,ncbi.public,s3.us-east-1",SRX23956891,India,Asia,India,tuberculosis,Homo sapiens,TB034010082,Illumina HiSeq X,sputum,missing,WGS-TB034010082,PAIRED,RANDOM,GENOMIC,Mycobacterium tuberculosis,ILLUMINA,2024-03-15T00:00:00Z,2024-03-15T05:41:00Z,1,TB034010082,SRP495384,not applicable
SRR28351608,WGS,302,1046251820,PRJNA1087582,SAMN40466183,Pathogen.cl,431820471,"FIND, THE FOUNDATION FOR INNOVATIVE NEW DIAGNOSTICS","Phthisiopneumology Institute\, Chisinau\, Moldova",2020-01,public,"fastq,run.zq,sra","gs,ncbi,s3","gs.us-east1,ncbi.public,s3.us-east-1",SRX23956890,Moldova,Europe,Moldova,tuberculosis,Homo sapiens,TB034030224,Illumina HiSeq X,sputum,missing,WGS-TB034030224,PAIRED,RANDOM,GENOMIC,Mycobacterium tuberculosis,ILLUMINA,2024-03-15T00:00:00Z,2024-03-15T05:40:00Z,1,TB034030224,SRP495384,not applicable
SRR28351609,WGS,302,1276710134,PRJNA1087582,SAMN40466182,Pathogen.cl,533894077,"FIND, THE FOUNDATION FOR INNOVATIVE NEW DIAGNOSTICS","Phthisiopneumology Institute\, Chisinau\, Moldova",2020-01,public,"fastq,run.zq,sra","gs,ncbi,s3","gs.us-east1,ncbi.public,s3.us-east-1",SRX23956889,Moldova,Europe,Moldova,tuberculosis,Homo sapiens,TB034030223,Illumina HiSeq X,sputum,missing,WGS-TB034030223,PAIRED,RANDOM,GENOMIC,Mycobacterium tuberculosis,ILLUMINA,2024-03-15T00:00:00Z,2024-03-15T05:41:00Z,1,TB034030223,SRP495384,not applicable
SRR28351610,WGS,302,886345236,PRJNA1087582,SAMN40466181,Pathogen.cl,370542912,"FIND, THE FOUNDATION FOR INNOVATIVE NEW DIAGNOSTICS","Phthisiopneumology Institute\, Chisinau\, Moldova",2020-01,public,"fastq,run.zq,sra","gs,ncbi,s3","gs.us-east1,ncbi.public,s3.us-east-1",SRX23956888,Moldova,Europe,Moldova,tuberculosis,Homo sapiens,TB034030222,Illumina HiSeq X,sputum,missing,WGS-TB034030222,PAIRED,RANDOM,GENOMIC,Mycobacterium tuberculosis,ILLUMINA,2024-03-15T00:00:00Z,2024-03-15T05:40:00Z,1,TB034030222,SRP495384,not applicable
SRR28351611,WGS,302,1440281186,PRJNA1087582,SAMN40466180,Pathogen.cl,605212249,"FIND, THE FOUNDATION FOR INNOVATIVE NEW DIAGNOSTICS","Phthisiopneumology Institute\, Chisinau\, Moldova",2020-01,public,"fastq,run.zq,sra","gs,ncbi,s3","gs.us-east1,ncbi.public,s3.us-east-1",SRX23956887,Moldova,Europe,Moldova,tuberculosis,Homo sapiens,TB034030221,Illumina HiSeq X,sputum,missing,WGS-TB034030221,PAIRED,RANDOM,GENOMIC,Mycobacterium tuberculosis,ILLUMINA,2024-03-15T00:00:00Z,2024-03-15T05:40:00Z,1,TB034030221,SRP495384,not applicable
SRR28351612,WGS,302,1505483288,PRJNA1087582,SAMN40466179,Pathogen.cl,643378248,"FIND, THE FOUNDATION FOR INNOVATIVE NEW DIAGNOSTICS","Phthisiopneumology Institute\, Chisinau\, Moldova",2020-01,public,"fastq,run.zq,sra","gs,ncbi,s3","gs.us-east1,ncbi.public,s3.us-east-1",SRX23956886,Moldova,Europe,Moldova,tuberculosis,Homo sapiens,TB034030220,Illumina HiSeq X,sputum,missing,WGS-TB034030220,PAIRED,RANDOM,GENOMIC,Mycobacterium tuberculosis,ILLUMINA,2024-03-15T00:00:00Z,2024-03-15T05:40:00Z,1,TB034030220,SRP495384,not applicable
SRR28351613,WGS,302,1472161212,PRJNA1087582,SAMN40466178,Pathogen.cl,626470292,"FIND, THE FOUNDATION FOR INNOVATIVE NEW DIAGNOSTICS","Phthisiopneumology Institute\, Chisinau\, Moldova",2020-01,public,"fastq,run.zq,sra","gs,ncbi,s3","gs.us-east1,ncbi.public,s3.us-east-1",SRX23956885,Moldova,Europe,Moldova,tuberculosis,Homo sapiens,TB034030218,Illumina HiSeq X,sputum,missing,WGS-TB034030218,PAIRED,RANDOM,GENOMIC,Mycobacterium tuberculosis,ILLUMINA,2024-03-15T00:00:00Z,2024-03-15T05:40:00Z,1,TB034030218,SRP495384,not applicable
SRR28351614,WGS,302,1322857848,PRJNA1087582,SAMN40465774,Pathogen.cl,585236459,"FIND, THE FOUNDATION FOR INNOVATIVE NEW DIAGNOSTICS","Hinduja\, Mumbai\, India",2019-11,public,"fastq,run.zq,sra","gs,ncbi,s3","gs.us-east1,ncbi.public,s3.us-east-1",SRX23956884,India,Asia,India,tuberculosis,Homo sapiens,TB034010074,Illumina HiSeq X,sputum,missing,WGS-TB034010074,PAIRED,RANDOM,GENOMIC,Mycobacterium tuberculosis,ILLUMINA,2024-03-15T00:00:00Z,2024-03-15T05:40:00Z,1,TB034010074,SRP495384,not applicable
SRR28351615,WGS,302,2059476920,PRJNA1087582,SAMN40465738,Pathogen.cl,895302548,"FIND, THE FOUNDATION FOR INNOVATIVE NEW DIAGNOSTICS","Hinduja\, Mumbai\, India",2019-10,public,"fastq,run.zq,sra","gs,ncbi,s3","gs.us-east1,ncbi.public,s3.us-east-1",SRX23956883,India,Asia,India,tuberculosis,Homo sapiens,TB034010014,Illumina HiSeq X,sputum,missing,WGS-TB034010014,PAIRED,RANDOM,GENOMIC,Mycobacterium tuberculosis,ILLUMINA,2024-03-15T00:00:00Z,2024-03-15T05:40:00Z,1,TB034010014,SRP495384,not applicable
SRR28351616,WGS,302,1138151024,PRJNA1087582,SAMN40466133,Pathogen.cl,478289245,"FIND, THE FOUNDATION FOR INNOVATIVE NEW DIAGNOSTICS","Phthisiopneumology Institute\, Chisinau\, Moldova",2019-12,public,"fastq,run.zq,sra","gs,ncbi,s3","gs.us-east1,ncbi.public,s3.us-east-1",SRX23956882,Moldova,Europe,Moldova,tuberculosis,Homo sapiens,TB034030169,Illumina HiSeq X,sputum,missing,WGS-TB034030169,PAIRED,RANDOM,GENOMIC,Mycobacterium tuberculosis,ILLUMINA,2024-03-15T00:00:00Z,2024-03-15T05:40:00Z,1,TB034030169,SRP495384,not applicable
SRR28351617,WGS,302,1316028722,PRJNA1087582,SAMN40466132,Pathogen.cl,548695442,"FIND, THE FOUNDATION FOR INNOVATIVE NEW DIAGNOSTICS","Phthisiopneumology Institute\, Chisinau\, Moldova",2019-11,public,"fastq,run.zq,sra","gs,ncbi,s3","gs.us-east1,ncbi.public,s3.us-east-1",SRX23956881,Moldova,Europe,Moldova,tuberculosis,Homo sapiens,TB034030168,Illumina HiSeq X,sputum,missing,WGS-TB034030168,PAIRED,RANDOM,GENOMIC,Mycobacterium tuberculosis,ILLUMINA,2024-03-15T00:00:00Z,2024-03-15T05:40:00Z,1,TB034030168,SRP495384,not applicable
SRR28351618,WGS,302,1172070456,PRJNA1087582,SAMN40466131,Pathogen.cl,487022770,"FIND, THE FOUNDATION FOR INNOVATIVE NEW DIAGNOSTICS","Phthisiopneumology Institute\, Chisinau\, Moldova",2019-11,public,"fastq,run.zq,sra","gs,ncbi,s3","gs.us-east1,ncbi.public,s3.us-east-1",SRX23956880,Moldova,Europe,Moldova,tuberculosis,Homo sapiens,TB034030167,Illumina HiSeq X,sputum,missing,WGS-TB034030167,PAIRED,RANDOM,GENOMIC,Mycobacterium tuberculosis,ILLUMINA,2024-03-15T00:00:00Z,2024-03-15T05:40:00Z,1,TB034030167,SRP495384,not applicable
SRR28351619,WGS,302,1485546758,PRJNA1087582,SAMN40466130,Pathogen.cl,616129299,"FIND, THE FOUNDATION FOR INNOVATIVE NEW DIAGNOSTICS","Phthisiopneumology Institute\, Chisinau\, Moldova",2019-11,public,"fastq,run.zq,sra","gs,ncbi,s3","gs.us-east1,ncbi.public,s3.us-east-1",SRX23956879,Moldova,Europe,Moldova,tuberculosis,Homo sapiens,TB034030166,Illumina HiSeq X,sputum,missing,WGS-TB034030166,PAIRED,RANDOM,GENOMIC,Mycobacterium tuberculosis,ILLUMINA,2024-03-15T00:00:00Z,2024-03-15T05:40:00Z,1,TB034030166,SRP495384,not applicable
SRR28351620,WGS,302,1303335058,PRJNA1087582,SAMN40466129,Pathogen.cl,542872758,"FIND, THE FOUNDATION FOR INNOVATIVE NEW DIAGNOSTICS","Phthisiopneumology Institute\, Chisinau\, Moldova",2019-11,public,"fastq,run.zq,sra","gs,ncbi,s3","gs.us-east1,ncbi.public,s3.us-east-1",SRX23956878,Moldova,Europe,Moldova,tuberculosis,Homo sapiens,TB034030165,Illumina HiSeq X,sputum,missing,WGS-TB034030165,PAIRED,RANDOM,GENOMIC,Mycobacterium tuberculosis,ILLUMINA,2024-03-15T00:00:00Z,2024-03-15T05:41:00Z,1,TB034030165,SRP495384,not applicable
SRR28351621,WGS,302,1462913368,PRJNA1087582,SAMN40466128,Pathogen.cl,608024508,"FIND, THE FOUNDATION FOR INNOVATIVE NEW DIAGNOSTICS","Phthisiopneumology Institute\, Chisinau\, Moldova",2019-11,public,"fastq,run.zq,sra","gs,ncbi,s3","gs.us-east1,ncbi.public,s3.us-east-1",SRX23956877,Moldova,Europe,Moldova,tuberculosis,Homo sapiens,TB034030164,Illumina HiSeq X,sputum,missing,WGS-TB034030164,PAIRED,RANDOM,GENOMIC,Mycobacterium tuberculosis,ILLUMINA,2024-03-15T00:00:00Z,2024-03-15T05:40:00Z,1,TB034030164,SRP495384,not applicable
SRR28351622,WGS,302,1402230998,PRJNA1087582,SAMN40466127,Pathogen.cl,582015705,"FIND, THE FOUNDATION FOR INNOVATIVE NEW DIAGNOSTICS","Phthisiopneumology Institute\, Chisinau\, Moldova",2019-11,public,"fastq,run.zq,sra","gs,ncbi,s3","gs.us-east1,ncbi.public,s3.us-east-1",SRX23956876,Moldova,Europe,Moldova,tuberculosis,Homo sapiens,TB034030163,Illumina HiSeq X,sputum,missing,WGS-TB034030163,PAIRED,RANDOM,GENOMIC,Mycobacterium tuberculosis,ILLUMINA,2024-03-15T00:00:00Z,2024-03-15T05:40:00Z,1,TB034030163,SRP495384,not applicable
SRR28351623,WGS,302,1302938834,PRJNA1087582,SAMN40466126,Pathogen.cl,567101649,"FIND, THE FOUNDATION FOR INNOVATIVE NEW DIAGNOSTICS","Phthisiopneumology Institute\, Chisinau\, Moldova",2019-11,public,"fastq,run.zq,sra","gs,ncbi,s3","gs.us-east1,ncbi.public,s3.us-east-1",SRX23956875,Moldova,Europe,Moldova,tuberculosis,Homo sapiens,TB034030162,Illumina HiSeq X,sputum,missing,WGS-TB034030162,PAIRED,RANDOM,GENOMIC,Mycobacterium tuberculosis,ILLUMINA,2024-03-15T00:00:00Z,2024-03-15T05:40:00Z,1,TB034030162,SRP495384,not applicable
SRR28351624,WGS,302,1285469040,PRJNA1087582,SAMN40466125,Pathogen.cl,555310925,"FIND, THE FOUNDATION FOR INNOVATIVE NEW DIAGNOSTICS","Phthisiopneumology Institute\, Chisinau\, Moldova",2019-11,public,"fastq,run.zq,sra","gs,ncbi,s3","gs.us-east1,ncbi.public,s3.us-east-1",SRX23956874,Moldova,Europe,Moldova,tuberculosis,Homo sapiens,TB034030161,Illumina HiSeq X,sputum,missing,WGS-TB034030161,PAIRED,RANDOM,GENOMIC,Mycobacterium tuberculosis,ILLUMINA,2024-03-15T00:00:00Z,2024-03-15T05:41:00Z,1,TB034030161,SRP495384,not applicable
SRR28351625,WGS,302,1430690874,PRJNA1087582,SAMN40466124,Pathogen.cl,620473779,"FIND, THE FOUNDATION FOR INNOVATIVE NEW DIAGNOSTICS","Phthisiopneumology Institute\, Chisinau\, Moldova",2019-11,public,"fastq,run.zq,sra","gs,ncbi,s3","gs.us-east1,ncbi.public,s3.us-east-1",SRX23956873,Moldova,Europe,Moldova,tuberculosis,Homo sapiens,TB034030160,Illumina HiSeq X,sputum,missing,WGS-TB034030160,PAIRED,RANDOM,GENOMIC,Mycobacterium tuberculosis,ILLUMINA,2024-03-15T00:00:00Z,2024-03-15T05:40:00Z,1,TB034030160,SRP495384,not applicable
SRR28351626,WGS,302,2193601764,PRJNA1087582,SAMN40465773,Pathogen.cl,961178433,"FIND, THE FOUNDATION FOR INNOVATIVE NEW DIAGNOSTICS","Hinduja\, Mumbai\, India",2019-11,public,"fastq,run.zq,sra","gs,ncbi,s3","gs.us-east1,ncbi.public,s3.us-east-1",SRX23956872,India,Asia,India,tuberculosis,Homo sapiens,TB034010073,Illumina HiSeq X,sputum,missing,WGS-TB034010073,PAIRED,RANDOM,GENOMIC,Mycobacterium tuberculosis,ILLUMINA,2024-03-15T00:00:00Z,2024-03-15T05:41:00Z,1,TB034010073,SRP495384,not applicable
SRR28351627,WGS,302,1283452888,PRJNA1087582,SAMN40466123,Pathogen.cl,557479844,"FIND, THE FOUNDATION FOR INNOVATIVE NEW DIAGNOSTICS","Phthisiopneumology Institute\, Chisinau\, Moldova",2019-11,public,"fastq,run.zq,sra","gs,ncbi,s3","gs.us-east1,ncbi.public,s3.us-east-1",SRX23956871,Moldova,Europe,Moldova,tuberculosis,Homo sapiens,TB034030159,Illumina HiSeq X,sputum,missing,WGS-TB034030159,PAIRED,RANDOM,GENOMIC,Mycobacterium tuberculosis,ILLUMINA,2024-03-15T00:00:00Z,2024-03-15T05:41:00Z,1,TB034030159,SRP495384,not applicable
SRR28351628,WGS,302,1211503200,PRJNA1087582,SAMN40466122,Pathogen.cl,528791089,"FIND, THE FOUNDATION FOR INNOVATIVE NEW DIAGNOSTICS","Phthisiopneumology Institute\, Chisinau\, Moldova",2019-11,public,"fastq,run.zq,sra","gs,ncbi,s3","gs.us-east1,ncbi.public,s3.us-east-1",SRX23956870,Moldova,Europe,Moldova,tuberculosis,Homo sapiens,TB034030158,Illumina HiSeq X,sputum,missing,WGS-TB034030158,PAIRED,RANDOM,GENOMIC,Mycobacterium tuberculosis,ILLUMINA,2024-03-15T00:00:00Z,2024-03-15T05:41:00Z,1,TB034030158,SRP495384,not applicable
SRR28351629,WGS,302,1414276570,PRJNA1087582,SAMN40466121,Pathogen.cl,611461842,"FIND, THE FOUNDATION FOR INNOVATIVE NEW DIAGNOSTICS","Phthisiopneumology Institute\, Chisinau\, Moldova",2019-11,public,"fastq,run.zq,sra","gs,ncbi,s3","gs.us-east1,ncbi.public,s3.us-east-1",SRX23956869,Moldova,Europe,Moldova,tuberculosis,Homo sapiens,TB034030157,Illumina HiSeq X,sputum,missing,WGS-TB034030157,PAIRED,RANDOM,GENOMIC,Mycobacterium tuberculosis,ILLUMINA,2024-03-15T00:00:00Z,2024-03-15T05:40:00Z,1,TB034030157,SRP495384,not applicable
SRR28351630,WGS,302,1875183232,PRJNA1087582,SAMN40466076,Pathogen.cl,769189757,"FIND, THE FOUNDATION FOR INNOVATIVE NEW DIAGNOSTICS","Phthisiopneumology Institute\, Chisinau\, Moldova",2019-10,public,"fastq,run.zq,sra","gs,ncbi,s3","gs.us-east1,ncbi.public,s3.us-east-1",SRX23956868,Moldova,Europe,Moldova,tuberculosis,Homo sapiens,TB034030107,Illumina HiSeq X,sputum,missing,WGS-TB034030107,PAIRED,RANDOM,GENOMIC,Mycobacterium tuberculosis,ILLUMINA,2024-03-15T00:00:00Z,2024-03-15T05:40:00Z,1,TB034030107,SRP495384,not applicable
SRR28351631,WGS,302,1865774422,PRJNA1087582,SAMN40466075,Pathogen.cl,763035194,"FIND, THE FOUNDATION FOR INNOVATIVE NEW DIAGNOSTICS","Phthisiopneumology Institute\, Chisinau\, Moldova",2019-10,public,"fastq,run.zq,sra","gs,ncbi,s3","gs.us-east1,ncbi.public,s3.us-east-1",SRX23956867,Moldova,Europe,Moldova,tuberculosis,Homo sapiens,TB034030106,Illumina HiSeq X,sputum,missing,WGS-TB034030106,PAIRED,RANDOM,GENOMIC,Mycobacterium tuberculosis,ILLUMINA,2024-03-15T00:00:00Z,2024-03-15T05:41:00Z,1,TB034030106,SRP495384,not applicable
SRR28351632,WGS,302,1747415488,PRJNA1087582,SAMN40466074,Pathogen.cl,793341581,"FIND, THE FOUNDATION FOR INNOVATIVE NEW DIAGNOSTICS","Phthisiopneumology Institute\, Chisinau\, Moldova",2019-10,public,"fastq,run.zq,sra","gs,ncbi,s3","gs.us-east1,ncbi.public,s3.us-east-1",SRX23956866,Moldova,Europe,Moldova,tuberculosis,Homo sapiens,TB034030105,Illumina HiSeq X,sputum,missing,WGS-TB034030105,PAIRED,RANDOM,GENOMIC,Mycobacterium tuberculosis,ILLUMINA,2024-03-15T00:00:00Z,2024-03-15T05:42:00Z,1,TB034030105,SRP495384,not applicable
SRR28351633,WGS,302,1093907722,PRJNA1087582,SAMN40465768,Pathogen.cl,486985933,"FIND, THE FOUNDATION FOR INNOVATIVE NEW DIAGNOSTICS","Hinduja\, Mumbai\, India",2019-11,public,"fastq,run.zq,sra","gs,ncbi,s3","gs.us-east1,ncbi.public,s3.us-east-1",SRX23956865,India,Asia,India,tuberculosis,Homo sapiens,TB034010068,Illumina HiSeq X,sputum,missing,WGS-TB034010068,PAIRED,RANDOM,GENOMIC,Mycobacterium tuberculosis,ILLUMINA,2024-03-15T00:00:00Z,2024-03-15T05:40:00Z,1,TB034010068,SRP495384,not applicable
SRR28351634,WGS,302,1573480400,PRJNA1087582,SAMN40466073,Pathogen.cl,635871847,"FIND, THE FOUNDATION FOR INNOVATIVE NEW DIAGNOSTICS","Phthisiopneumology Institute\, Chisinau\, Moldova",2019-10,public,"fastq,run.zq,sra","gs,ncbi,s3","gs.us-east1,ncbi.public,s3.us-east-1",SRX23956864,Moldova,Europe,Moldova,tuberculosis,Homo sapiens,TB034030104,Illumina HiSeq X,sputum,missing,WGS-TB034030104,PAIRED,RANDOM,GENOMIC,Mycobacterium tuberculosis,ILLUMINA,2024-03-15T00:00:00Z,2024-03-15T05:41:00Z,1,TB034030104,SRP495384,not applicable
SRR28351635,WGS,302,1522105972,PRJNA1087582,SAMN40466072,Pathogen.cl,696015651,"FIND, THE FOUNDATION FOR INNOVATIVE NEW DIAGNOSTICS","Phthisiopneumology Institute\, Chisinau\, Moldova",2019-10,public,"fastq,run.zq,sra","gs,ncbi,s3","gs.us-east1,ncbi.public,s3.us-east-1",SRX23956863,Moldova,Europe,Moldova,tuberculosis,Homo sapiens,TB034030103,Illumina HiSeq X,sputum,missing,WGS-TB034030103,PAIRED,RANDOM,GENOMIC,Mycobacterium tuberculosis,ILLUMINA,2024-03-15T00:00:00Z,2024-03-15T05:42:00Z,1,TB034030103,SRP495384,not applicable
SRR28351636,WGS,302,1429353618,PRJNA1087582,SAMN40466071,Pathogen.cl,580038482,"FIND, THE FOUNDATION FOR INNOVATIVE NEW DIAGNOSTICS","Phthisiopneumology Institute\, Chisinau\, Moldova",2019-10,public,"fastq,run.zq,sra","gs,ncbi,s3","gs.us-east1,ncbi.public,s3.us-east-1",SRX23956862,Moldova,Europe,Moldova,tuberculosis,Homo sapiens,TB034030102,Illumina HiSeq X,sputum,missing,WGS-TB034030102,PAIRED,RANDOM,GENOMIC,Mycobacterium tuberculosis,ILLUMINA,2024-03-15T00:00:00Z,2024-03-15T05:40:00Z,1,TB034030102,SRP495384,not applicable
SRR28351637,WGS,302,1306527500,PRJNA1087582,SAMN40466070,Pathogen.cl,601124635,"FIND, THE FOUNDATION FOR INNOVATIVE NEW DIAGNOSTICS","Phthisiopneumology Institute\, Chisinau\, Moldova",2019-10,public,"fastq,run.zq,sra","gs,ncbi,s3","gs.us-east1,ncbi.public,s3.us-east-1",SRX23956861,Moldova,Europe,Moldova,tuberculosis,Homo sapiens,TB034030101,Illumina HiSeq X,sputum,missing,WGS-TB034030101,PAIRED,RANDOM,GENOMIC,Mycobacterium tuberculosis,ILLUMINA,2024-03-15T00:00:00Z,2024-03-15T05:40:00Z,1,TB034030101,SRP495384,not applicable
SRR28351638,WGS,302,1490380570,PRJNA1087582,SAMN40466069,Pathogen.cl,627452908,"FIND, THE FOUNDATION FOR INNOVATIVE NEW DIAGNOSTICS","Phthisiopneumology Institute\, Chisinau\, Moldova",2019-10,public,"fastq,run.zq,sra","gs,ncbi,s3","gs.us-east1,ncbi.public,s3.us-east-1",SRX23956860,Moldova,Europe,Moldova,tuberculosis,Homo sapiens,TB034030100,Illumina HiSeq X,sputum,missing,WGS-TB034030100,PAIRED,RANDOM,GENOMIC,Mycobacterium tuberculosis,ILLUMINA,2024-03-15T00:00:00Z,2024-03-15T05:40:00Z,1,TB034030100,SRP495384,not applicable
SRR28351639,WGS,302,1692857678,PRJNA1087582,SAMN40466068,Pathogen.cl,683805815,"FIND, THE FOUNDATION FOR INNOVATIVE NEW DIAGNOSTICS","Phthisiopneumology Institute\, Chisinau\, Moldova",2019-10,public,"fastq,run.zq,sra","gs,ncbi,s3","gs.us-east1,ncbi.public,s3.us-east-1",SRX23956859,Moldova,Europe,Moldova,tuberculosis,Homo sapiens,TB034030099,Illumina HiSeq X,sputum,missing,WGS-TB034030099,PAIRED,RANDOM,GENOMIC,Mycobacterium tuberculosis,ILLUMINA,2024-03-15T00:00:00Z,2024-03-15T05:41:00Z,1,TB034030099,SRP495384,not applicable
SRR28351640,WGS,302,1269039636,PRJNA1087582,SAMN40466067,Pathogen.cl,542545499,"FIND, THE FOUNDATION FOR INNOVATIVE NEW DIAGNOSTICS","Phthisiopneumology Institute\, Chisinau\, Moldova",2019-10,public,"fastq,run.zq,sra","gs,ncbi,s3","gs.us-east1,ncbi.public,s3.us-east-1",SRX23956858,Moldova,Europe,Moldova,tuberculosis,Homo sapiens,TB034030096,Illumina HiSeq X,sputum,missing,WGS-TB034030096,PAIRED,RANDOM,GENOMIC,Mycobacterium tuberculosis,ILLUMINA,2024-03-15T00:00:00Z,2024-03-15T05:41:00Z,1,TB034030096,SRP495384,not applicable
SRR28351641,WGS,302,1340697894,PRJNA1087582,SAMN40466066,Pathogen.cl,568547936,"FIND, THE FOUNDATION FOR INNOVATIVE NEW DIAGNOSTICS","Phthisiopneumology Institute\, Chisinau\, Moldova",2019-10,public,"fastq,run.zq,sra","gs,ncbi,s3","gs.us-east1,ncbi.public,s3.us-east-1",SRX23956857,Moldova,Europe,Moldova,tuberculosis,Homo sapiens,TB034030094,Illumina HiSeq X,sputum,missing,WGS-TB034030094,PAIRED,RANDOM,GENOMIC,Mycobacterium tuberculosis,ILLUMINA,2024-03-15T00:00:00Z,2024-03-15T05:41:00Z,1,TB034030094,SRP495384,not applicable
SRR28351642,WGS,302,1935047182,PRJNA1087582,SAMN40466065,Pathogen.cl,867316903,"FIND, THE FOUNDATION FOR INNOVATIVE NEW DIAGNOSTICS","Phthisiopneumology Institute\, Chisinau\, Moldova",2019-10,public,"fastq,run.zq,sra","gs,ncbi,s3","gs.us-east1,ncbi.public,s3.us-east-1",SRX23956856,Moldova,Europe,Moldova,tuberculosis,Homo sapiens,TB034030093,Illumina HiSeq X,sputum,missing,WGS-TB034030093,PAIRED,RANDOM,GENOMIC,Mycobacterium tuberculosis,ILLUMINA,2024-03-15T00:00:00Z,2024-03-15T05:42:00Z,1,TB034030093,SRP495384,not applicable
SRR28351643,WGS,302,1207182788,PRJNA1087582,SAMN40466064,Pathogen.cl,485424755,"FIND, THE FOUNDATION FOR INNOVATIVE NEW DIAGNOSTICS","Phthisiopneumology Institute\, Chisinau\, Moldova",2019-09,public,"fastq,run.zq,sra","gs,ncbi,s3","gs.us-east1,ncbi.public,s3.us-east-1",SRX23956855,Moldova,Europe,Moldova,tuberculosis,Homo sapiens,TB034030092,Illumina HiSeq X,sputum,missing,WGS-TB034030092,PAIRED,RANDOM,GENOMIC,Mycobacterium tuberculosis,ILLUMINA,2024-03-15T00:00:00Z,2024-03-15T05:40:00Z,1,TB034030092,SRP495384,not applicable
SRR28351644,WGS,302,1286685194,PRJNA1087582,SAMN40465767,Pathogen.cl,581302501,"FIND, THE FOUNDATION FOR INNOVATIVE NEW DIAGNOSTICS","Hinduja\, Mumbai\, India",2019-11,public,"fastq,run.zq,sra","gs,ncbi,s3","gs.us-east1,ncbi.public,s3.us-east-1",SRX23956854,India,Asia,India,tuberculosis,Homo sapiens,TB034010066,Illumina HiSeq X,sputum,missing,WGS-TB034010066,PAIRED,RANDOM,GENOMIC,Mycobacterium tuberculosis,ILLUMINA,2024-03-15T00:00:00Z,2024-03-15T05:41:00Z,1,TB034010066,SRP495384,not applicable
SRR28351645,WGS,302,1044942046,PRJNA1087582,SAMN40466063,Pathogen.cl,442987599,"FIND, THE FOUNDATION FOR INNOVATIVE NEW DIAGNOSTICS","Phthisiopneumology Institute\, Chisinau\, Moldova",2019-09,public,"fastq,run.zq,sra","gs,ncbi,s3","gs.us-east1,ncbi.public,s3.us-east-1",SRX23956853,Moldova,Europe,Moldova,tuberculosis,Homo sapiens,TB034030090,Illumina HiSeq X,sputum,missing,WGS-TB034030090,PAIRED,RANDOM,GENOMIC,Mycobacterium tuberculosis,ILLUMINA,2024-03-15T00:00:00Z,2024-03-15T05:40:00Z,1,TB034030090,SRP495384,not applicable
SRR28351646,WGS,302,2760710048,PRJNA1087582,SAMN40466019,Pathogen.cl,1137168355,"FIND, THE FOUNDATION FOR INNOVATIVE NEW DIAGNOSTICS","Phthisiopneumology Institute\, Chisinau\, Moldova",2019-08,public,"fastq,run.zq,sra","gs,ncbi,s3","gs.us-east1,ncbi.public,s3.us-east-1",SRX23956852,Moldova,Europe,Moldova,tuberculosis,Homo sapiens,TB034030036,Illumina HiSeq X,sputum,missing,WGS-TB034030036,PAIRED,RANDOM,GENOMIC,Mycobacterium tuberculosis,ILLUMINA,2024-03-15T00:00:00Z,2024-03-15T05:40:00Z,1,TB034030036,SRP495384,not applicable
SRR28351647,WGS,302,1951071604,PRJNA1087582,SAMN40466018,Pathogen.cl,792121883,"FIND, THE FOUNDATION FOR INNOVATIVE NEW DIAGNOSTICS","Phthisiopneumology Institute\, Chisinau\, Moldova",2019-08,public,"fastq,run.zq,sra","gs,ncbi,s3","gs.us-east1,ncbi.public,s3.us-east-1",SRX23956851,Moldova,Europe,Moldova,tuberculosis,Homo sapiens,TB034030035,Illumina HiSeq X,sputum,missing,WGS-TB034030035,PAIRED,RANDOM,GENOMIC,Mycobacterium tuberculosis,ILLUMINA,2024-03-15T00:00:00Z,2024-03-15T05:40:00Z,1,TB034030035,SRP495384,not applicable
SRR28351648,WGS,302,2858561068,PRJNA1087582,SAMN40466017,Pathogen.cl,1163737865,"FIND, THE FOUNDATION FOR INNOVATIVE NEW DIAGNOSTICS","Phthisiopneumology Institute\, Chisinau\, Moldova",2019-08,public,"fastq,run.zq,sra","gs,ncbi,s3","gs.us-east1,ncbi.public,s3.us-east-1",SRX23956850,Moldova,Europe,Moldova,tuberculosis,Homo sapiens,TB034030034,Illumina HiSeq X,sputum,missing,WGS-TB034030034,PAIRED,RANDOM,GENOMIC,Mycobacterium tuberculosis,ILLUMINA,2024-03-15T00:00:00Z,2024-03-15T05:40:00Z,1,TB034030034,SRP495384,not applicable
SRR28351649,WGS,302,2878259924,PRJNA1087582,SAMN40466016,Pathogen.cl,1182944794,"FIND, THE FOUNDATION FOR INNOVATIVE NEW DIAGNOSTICS","Phthisiopneumology Institute\, Chisinau\, Moldova",2019-08,public,"fastq,run.zq,sra","gs,ncbi,s3","gs.us-east1,ncbi.public,s3.us-east-1",SRX23956849,Moldova,Europe,Moldova,tuberculosis,Homo sapiens,TB034030033,Illumina HiSeq X,sputum,missing,WGS-TB034030033,PAIRED,RANDOM,GENOMIC,Mycobacterium tuberculosis,ILLUMINA,2024-03-15T00:00:00Z,2024-03-15T05:42:00Z,1,TB034030033,SRP495384,not applicable
SRR28351650,WGS,302,1638756190,PRJNA1087582,SAMN40466015,Pathogen.cl,662896467,"FIND, THE FOUNDATION FOR INNOVATIVE NEW DIAGNOSTICS","Phthisiopneumology Institute\, Chisinau\, Moldova",2019-08,public,"fastq,run.zq,sra","gs,ncbi,s3","gs.us-east1,ncbi.public,s3.us-east-1",SRX23956848,Moldova,Europe,Moldova,tuberculosis,Homo sapiens,TB034030031,Illumina HiSeq X,sputum,missing,WGS-TB034030031,PAIRED,RANDOM,GENOMIC,Mycobacterium tuberculosis,ILLUMINA,2024-03-15T00:00:00Z,2024-03-15T05:41:00Z,1,TB034030031,SRP495384,not applicable
SRR28351651,WGS,302,2533734700,PRJNA1087582,SAMN40466014,Pathogen.cl,1042875004,"FIND, THE FOUNDATION FOR INNOVATIVE NEW DIAGNOSTICS","Phthisiopneumology Institute\, Chisinau\, Moldova",2019-08,public,"fastq,run.zq,sra","gs,ncbi,s3","gs.us-east1,ncbi.public,s3.us-east-1",SRX23956847,Moldova,Europe,Moldova,tuberculosis,Homo sapiens,TB034030030,Illumina HiSeq X,sputum,missing,WGS-TB034030030,PAIRED,RANDOM,GENOMIC,Mycobacterium tuberculosis,ILLUMINA,2024-03-15T00:00:00Z,2024-03-15T05:43:00Z,1,TB034030030,SRP495384,not applicable
SRR28351652,WGS,302,2452842188,PRJNA1087582,SAMN40465762,Pathogen.cl,1064021820,"FIND, THE FOUNDATION FOR INNOVATIVE NEW DIAGNOSTICS","Hinduja\, Mumbai\, India",2019-11,public,"fastq,run.zq,sra","gs,ncbi,s3","gs.us-east1,ncbi.public,s3.us-east-1",SRX23956846,India,Asia,India,tuberculosis,Homo sapiens,TB034010059,Illumina HiSeq X,sputum,missing,WGS-TB034010059,PAIRED,RANDOM,GENOMIC,Mycobacterium tuberculosis,ILLUMINA,2024-03-15T00:00:00Z,2024-03-15T05:41:00Z,1,TB034010059,SRP495384,not applicable
SRR28351653,WGS,302,1062980506,PRJNA1087582,SAMN40466013,Pathogen.cl,493386660,"FIND, THE FOUNDATION FOR INNOVATIVE NEW DIAGNOSTICS","Phthisiopneumology Institute\, Chisinau\, Moldova",2019-08,public,"fastq,run.zq,sra","gs,ncbi,s3","gs.us-east1,ncbi.public,s3.us-east-1",SRX23956845,Moldova,Europe,Moldova,tuberculosis,Homo sapiens,TB034030029,Illumina HiSeq X,sputum,missing,WGS-TB034030029,PAIRED,RANDOM,GENOMIC,Mycobacterium tuberculosis,ILLUMINA,2024-03-15T00:00:00Z,2024-03-15T05:41:00Z,1,TB034030029,SRP495384,not applicable
SRR28351654,WGS,302,1805793296,PRJNA1087582,SAMN40466012,Pathogen.cl,727815294,"FIND, THE FOUNDATION FOR INNOVATIVE NEW DIAGNOSTICS","Phthisiopneumology Institute\, Chisinau\, Moldova",2019-08,public,"fastq,run.zq,sra","gs,ncbi,s3","gs.us-east1,ncbi.public,s3.us-east-1",SRX23956844,Moldova,Europe,Moldova,tuberculosis,Homo sapiens,TB034030028,Illumina HiSeq X,sputum,missing,WGS-TB034030028,PAIRED,RANDOM,GENOMIC,Mycobacterium tuberculosis,ILLUMINA,2024-03-15T00:00:00Z,2024-03-15T05:40:00Z,1,TB034030028,SRP495384,not applicable
SRR28351655,WGS,302,2075014216,PRJNA1087582,SAMN40466011,Pathogen.cl,835046464,"FIND, THE FOUNDATION FOR INNOVATIVE NEW DIAGNOSTICS","Phthisiopneumology Institute\, Chisinau\, Moldova",2019-08,public,"fastq,run.zq,sra","gs,ncbi,s3","gs.us-east1,ncbi.public,s3.us-east-1",SRX23956843,Moldova,Europe,Moldova,tuberculosis,Homo sapiens,TB034030027,Illumina HiSeq X,sputum,missing,WGS-TB034030027,PAIRED,RANDOM,GENOMIC,Mycobacterium tuberculosis,ILLUMINA,2024-03-15T00:00:00Z,2024-03-15T05:41:00Z,1,TB034030027,SRP495384,not applicable
SRR28351656,WGS,302,2049961202,PRJNA1087582,SAMN40466010,Pathogen.cl,833489494,"FIND, THE FOUNDATION FOR INNOVATIVE NEW DIAGNOSTICS","Phthisiopneumology Institute\, Chisinau\, Moldova",2019-08,public,"fastq,run.zq,sra","gs,ncbi,s3","gs.us-east1,ncbi.public,s3.us-east-1",SRX23956842,Moldova,Europe,Moldova,tuberculosis,Homo sapiens,TB034030025,Illumina HiSeq X,sputum,missing,WGS-TB034030025,PAIRED,RANDOM,GENOMIC,Mycobacterium tuberculosis,ILLUMINA,2024-03-15T00:00:00Z,2024-03-15T05:41:00Z,1,TB034030025,SRP495384,not applicable
SRR28351657,WGS,302,2121762608,PRJNA1087582,SAMN40466009,Pathogen.cl,865715472,"FIND, THE FOUNDATION FOR INNOVATIVE NEW DIAGNOSTICS","Phthisiopneumology Institute\, Chisinau\, Moldova",2019-08,public,"fastq,run.zq,sra","gs,ncbi,s3","gs.us-east1,ncbi.public,s3.us-east-1",SRX23956841,Moldova,Europe,Moldova,tuberculosis,Homo sapiens,TB034030024,Illumina HiSeq X,sputum,missing,WGS-TB034030024,PAIRED,RANDOM,GENOMIC,Mycobacterium tuberculosis,ILLUMINA,2024-03-15T00:00:00Z,2024-03-15T05:40:00Z,1,TB034030024,SRP495384,not applicable
SRR28351658,WGS,302,1812440014,PRJNA1087582,SAMN40466008,Pathogen.cl,735567834,"FIND, THE FOUNDATION FOR INNOVATIVE NEW DIAGNOSTICS","Phthisiopneumology Institute\, Chisinau\, Moldova",2019-08,public,"fastq,run.zq,sra","gs,ncbi,s3","gs.us-east1,ncbi.public,s3.us-east-1",SRX23956840,Moldova,Europe,Moldova,tuberculosis,Homo sapiens,TB034030023,Illumina HiSeq X,sputum,missing,WGS-TB034030023,PAIRED,RANDOM,GENOMIC,Mycobacterium tuberculosis,ILLUMINA,2024-03-15T00:00:00Z,2024-03-15T05:41:00Z,1,TB034030023,SRP495384,not applicable
SRR28351659,WGS,302,1761162226,PRJNA1087582,SAMN40466007,Pathogen.cl,723849937,"FIND, THE FOUNDATION FOR INNOVATIVE NEW DIAGNOSTICS","Phthisiopneumology Institute\, Chisinau\, Moldova",2019-08,public,"fastq,run.zq,sra","gs,ncbi,s3","gs.us-east1,ncbi.public,s3.us-east-1",SRX23956839,Moldova,Europe,Moldova,tuberculosis,Homo sapiens,TB034030022,Illumina HiSeq X,sputum,missing,WGS-TB034030022,PAIRED,RANDOM,GENOMIC,Mycobacterium tuberculosis,ILLUMINA,2024-03-15T00:00:00Z,2024-03-15T05:40:00Z,1,TB034030022,SRP495384,not applicable
SRR28351660,WGS,302,2007320010,PRJNA1087582,SAMN40466006,Pathogen.cl,815858875,"FIND, THE FOUNDATION FOR INNOVATIVE NEW DIAGNOSTICS","Phthisiopneumology Institute\, Chisinau\, Moldova",2019-08,public,"fastq,run.zq,sra","gs,ncbi,s3","gs.us-east1,ncbi.public,s3.us-east-1",SRX23956838,Moldova,Europe,Moldova,tuberculosis,Homo sapiens,TB034030021,Illumina HiSeq X,sputum,missing,WGS-TB034030021,PAIRED,RANDOM,GENOMIC,Mycobacterium tuberculosis,ILLUMINA,2024-03-15T00:00:00Z,2024-03-15T05:41:00Z,1,TB034030021,SRP495384,not applicable
SRR28351661,WGS,302,2665541996,PRJNA1087582,SAMN40466005,Pathogen.cl,1091891986,"FIND, THE FOUNDATION FOR INNOVATIVE NEW DIAGNOSTICS","Phthisiopneumology Institute\, Chisinau\, Moldova",2019-08,public,"fastq,run.zq,sra","gs,ncbi,s3","gs.us-east1,ncbi.public,s3.us-east-1",SRX23956837,Moldova,Europe,Moldova,tuberculosis,Homo sapiens,TB034030020,Illumina HiSeq X,sputum,missing,WGS-TB034030020,PAIRED,RANDOM,GENOMIC,Mycobacterium tuberculosis,ILLUMINA,2024-03-15T00:00:00Z,2024-03-15T05:40:00Z,1,TB034030020,SRP495384,not applicable
SRR28351662,WGS,302,1133072290,PRJNA1087582,SAMN40465961,Pathogen.cl,487419612,"FIND, THE FOUNDATION FOR INNOVATIVE NEW DIAGNOSTICS","National Institute of TB and Respiratory Diseases\, New Delhi\, India",2020-02,public,"fastq,run.zq,sra","gs,ncbi,s3","gs.us-east1,ncbi.public,s3.us-east-1",SRX23956836,India,Asia,India,tuberculosis,Homo sapiens,TB034020119,Illumina HiSeq X,sputum,missing,WGS-TB034020119,PAIRED,RANDOM,GENOMIC,Mycobacterium tuberculosis,ILLUMINA,2024-03-15T00:00:00Z,2024-03-15T05:40:00Z,1,TB034020119,SRP495384,not applicable
SRR28351663,WGS,302,1643233038,PRJNA1087582,SAMN40465960,Pathogen.cl,704838825,"FIND, THE FOUNDATION FOR INNOVATIVE NEW DIAGNOSTICS","National Institute of TB and Respiratory Diseases\, New Delhi\, India",2020-02,public,"fastq,run.zq,sra","gs,ncbi,s3","gs.us-east1,ncbi.public,s3.us-east-1",SRX23956835,India,Asia,India,tuberculosis,Homo sapiens,TB034020118,Illumina HiSeq X,sputum,missing,WGS-TB034020118,PAIRED,RANDOM,GENOMIC,Mycobacterium tuberculosis,ILLUMINA,2024-03-15T00:00:00Z,2024-03-15T05:41:00Z,1,TB034020118,SRP495384,not applicable
SRR28351664,WGS,302,1437189008,PRJNA1087582,SAMN40465959,Pathogen.cl,616987289,"FIND, THE FOUNDATION FOR INNOVATIVE NEW DIAGNOSTICS","National Institute of TB and Respiratory Diseases\, New Delhi\, India",2020-02,public,"fastq,run.zq,sra","gs,ncbi,s3","gs.us-east1,ncbi.public,s3.us-east-1",SRX23956834,India,Asia,India,tuberculosis,Homo sapiens,TB034020116,Illumina HiSeq X,sputum,missing,WGS-TB034020116,PAIRED,RANDOM,GENOMIC,Mycobacterium tuberculosis,ILLUMINA,2024-03-15T00:00:00Z,2024-03-15T05:40:00Z,1,TB034020116,SRP495384,not applicable
SRR28351665,WGS,302,1403494566,PRJNA1087582,SAMN40465958,Pathogen.cl,602079054,"FIND, THE FOUNDATION FOR INNOVATIVE NEW DIAGNOSTICS","National Institute of TB and Respiratory Diseases\, New Delhi\, India",2020-02,public,"fastq,run.zq,sra","gs,ncbi,s3","gs.us-east1,ncbi.public,s3.us-east-1",SRX23956833,India,Asia,India,tuberculosis,Homo sapiens,TB034020115,Illumina HiSeq X,sputum,missing,WGS-TB034020115,PAIRED,RANDOM,GENOMIC,Mycobacterium tuberculosis,ILLUMINA,2024-03-15T00:00:00Z,2024-03-15T05:40:00Z,1,TB034020115,SRP495384,not applicable
