Run,Assay Type,AvgSpotLen,Bases,BioProject,BioSample,BioSampleModel,Bytes,Center Name,collected_by.1,collected_by,Collection_Date,Consent,DATASTORE filetype,DATASTORE provider,DATASTORE region,Experiment,geo_loc_name_country,geo_loc_name_country_continent,geo_loc_name,Host_disease,HOST,host_subject_id,Instrument,isolation_source,lat_lon,Library Name,LibraryLayout,LibrarySelection,LibrarySource,Organism,Platform,ReleaseDate,create_date,version,Sample Name,SRA Study,strain
SRR29273602,WGS,293,432220675,PRJNA1119915,SAMN41664548,Pathogen.cl,211021749,"FIND, THE FOUNDATION FOR INNOVATIVE NEW DIAGNOSTICS",missing,missing,2018-02,public,"fastq,run.zq,sra","gs,ncbi,s3","gs.us-east1,ncbi.public,s3.us-east-1",SRX24791330,Romania,Europe,Romania,tuberculosis,Homo sapiens,EUST17473,Illumina HiSeq 2000,missing,missing,EUST17473,PAIRED,RANDOM,GENOMIC,Mycobacterium tuberculosis,ILLUMINA,2024-06-04T00:00:00Z,2024-06-04T09:40:00Z,1,EUST17473,SRP511583,not applicable
SRR29273603,WGS,289,450262902,PRJNA1119915,SAMN41664547,Pathogen.cl,219600985,"FIND, THE FOUNDATION FOR INNOVATIVE NEW DIAGNOSTICS",missing,missing,2018-03,public,"fastq,run.zq,sra","gs,ncbi,s3","gs.us-east1,ncbi.public,s3.us-east-1",SRX24791329,Romania,Europe,Romania,tuberculosis,Homo sapiens,EUST17462,Illumina HiSeq 2000,missing,missing,EUST17462,PAIRED,RANDOM,GENOMIC,Mycobacterium tuberculosis,ILLUMINA,2024-06-04T00:00:00Z,2024-06-04T09:40:00Z,1,EUST17462,SRP511583,not applicable
SRR29273604,WGS,282,393766599,PRJNA1119915,SAMN41664546,Pathogen.cl,191167247,"FIND, THE FOUNDATION FOR INNOVATIVE NEW DIAGNOSTICS",missing,missing,2018-03,public,"fastq,run.zq,sra","gs,ncbi,s3","gs.us-east1,ncbi.public,s3.us-east-1",SRX24791328,Romania,Europe,Romania,tuberculosis,Homo sapiens,EUST17450,Illumina HiSeq 2000,missing,missing,EUST17450,PAIRED,RANDOM,GENOMIC,Mycobacterium tuberculosis,ILLUMINA,2024-06-04T00:00:00Z,2024-06-04T09:40:00Z,1,EUST17450,SRP511583,not applicable
SRR29273605,WGS,289,407122452,PRJNA1119915,SAMN41664545,Pathogen.cl,199096762,"FIND, THE FOUNDATION FOR INNOVATIVE NEW DIAGNOSTICS",missing,missing,2018-04,public,"fastq,run.zq,sra","gs,ncbi,s3","gs.us-east1,ncbi.public,s3.us-east-1",SRX24791327,Romania,Europe,Romania,tuberculosis,Homo sapiens,EUST17447,Illumina HiSeq 2000,missing,missing,EUST17447,PAIRED,RANDOM,GENOMIC,Mycobacterium tuberculosis,ILLUMINA,2024-06-04T00:00:00Z,2024-06-04T09:40:00Z,1,EUST17447,SRP511583,not applicable
SRR29273606,WGS,295,373514508,PRJNA1119915,SAMN41664544,Pathogen.cl,182425899,"FIND, THE FOUNDATION FOR INNOVATIVE NEW DIAGNOSTICS",missing,missing,2018-03,public,"fastq,run.zq,sra","gs,ncbi,s3","gs.us-east1,ncbi.public,s3.us-east-1",SRX24791326,Romania,Europe,Romania,tuberculosis,Homo sapiens,EUST17433,Illumina HiSeq 2000,missing,missing,EUST17433,PAIRED,RANDOM,GENOMIC,Mycobacterium tuberculosis,ILLUMINA,2024-06-04T00:00:00Z,2024-06-04T09:40:00Z,1,EUST17433,SRP511583,not applicable
SRR29273607,WGS,291,511182926,PRJNA1119915,SAMN41664543,Pathogen.cl,248014270,"FIND, THE FOUNDATION FOR INNOVATIVE NEW DIAGNOSTICS",missing,missing,2018-04,public,"fastq,run.zq,sra","gs,ncbi,s3","gs.us-east1,ncbi.public,s3.us-east-1",SRX24791325,Romania,Europe,Romania,tuberculosis,Homo sapiens,EUST17428,Illumina HiSeq 2000,missing,missing,EUST17428,PAIRED,RANDOM,GENOMIC,Mycobacterium tuberculosis,ILLUMINA,2024-06-04T00:00:00Z,2024-06-04T09:40:00Z,1,EUST17428,SRP511583,not applicable
SRR29273608,WGS,293,415884339,PRJNA1119915,SAMN41664542,Pathogen.cl,202676709,"FIND, THE FOUNDATION FOR INNOVATIVE NEW DIAGNOSTICS",missing,missing,2018-05,public,"fastq,run.zq,sra","gs,ncbi,s3","gs.us-east1,ncbi.public,s3.us-east-1",SRX24791324,Romania,Europe,Romania,tuberculosis,Homo sapiens,EUST17412,Illumina HiSeq 2000,missing,missing,EUST17412,PAIRED,RANDOM,GENOMIC,Mycobacterium tuberculosis,ILLUMINA,2024-06-04T00:00:00Z,2024-06-04T09:40:00Z,1,EUST17412,SRP511583,not applicable
SRR29273609,WGS,291,439203450,PRJNA1119915,SAMN41664541,Pathogen.cl,213093932,"FIND, THE FOUNDATION FOR INNOVATIVE NEW DIAGNOSTICS",missing,missing,2018-01,public,"fastq,run.zq,sra","gs,ncbi,s3","gs.us-east1,ncbi.public,s3.us-east-1",SRX24791323,Romania,Europe,Romania,tuberculosis,Homo sapiens,EUST17405,Illumina HiSeq 2000,missing,missing,EUST17405,PAIRED,RANDOM,GENOMIC,Mycobacterium tuberculosis,ILLUMINA,2024-06-04T00:00:00Z,2024-06-04T09:40:00Z,1,EUST17405,SRP511583,not applicable
SRR29273610,WGS,298,739029366,PRJNA1119915,SAMN41664482,Pathogen.cl,322800788,"FIND, THE FOUNDATION FOR INNOVATIVE NEW DIAGNOSTICS",missing,missing,2017-11,public,"fastq,run.zq,sra","gs,ncbi,s3","gs.us-east1,ncbi.public,s3.us-east-1",SRX24791322,Romania,Europe,Romania,tuberculosis,Homo sapiens,EUST16802,Illumina HiSeq 2000,missing,missing,EUST16802,PAIRED,RANDOM,GENOMIC,Mycobacterium tuberculosis,ILLUMINA,2024-06-04T00:00:00Z,2024-06-04T09:40:00Z,1,EUST16802,SRP511583,not applicable
SRR29273611,WGS,289,1022963627,PRJNA1119915,SAMN41664481,Pathogen.cl,442499753,"FIND, THE FOUNDATION FOR INNOVATIVE NEW DIAGNOSTICS",missing,missing,2017-03,public,"fastq,run.zq,sra","gs,ncbi,s3","gs.us-east1,ncbi.public,s3.us-east-1",SRX24791321,Romania,Europe,Romania,tuberculosis,Homo sapiens,EUST16797,Illumina HiSeq 2000,missing,missing,EUST16797,PAIRED,RANDOM,GENOMIC,Mycobacterium tuberculosis,ILLUMINA,2024-06-04T00:00:00Z,2024-06-04T09:40:00Z,1,EUST16797,SRP511583,not applicable
SRR29273612,WGS,261,829151746,PRJNA1119915,SAMN41664184,Pathogen.cl,357880497,"FIND, THE FOUNDATION FOR INNOVATIVE NEW DIAGNOSTICS",missing,missing,2017-03,public,"fastq,run.zq,sra","gs,ncbi,s3","gs.us-east1,ncbi.public,s3.us-east-1",SRX24791320,Romania,Europe,Romania,tuberculosis,Homo sapiens,EUST11035,Illumina HiSeq 2000,missing,missing,EUST11035,PAIRED,RANDOM,GENOMIC,Mycobacterium tuberculosis,ILLUMINA,2024-06-04T00:00:00Z,2024-06-04T09:41:00Z,1,EUST11035,SRP511583,not applicable
SRR29273613,WGS,297,779857813,PRJNA1119915,SAMN41664480,Pathogen.cl,337363779,"FIND, THE FOUNDATION FOR INNOVATIVE NEW DIAGNOSTICS",missing,missing,2017-09,public,"fastq,run.zq,sra","gs,ncbi,s3","gs.us-east1,ncbi.public,s3.us-east-1",SRX24791319,Romania,Europe,Romania,tuberculosis,Homo sapiens,EUST16780,Illumina HiSeq 2000,missing,missing,EUST16780,PAIRED,RANDOM,GENOMIC,Mycobacterium tuberculosis,ILLUMINA,2024-06-04T00:00:00Z,2024-06-04T09:41:00Z,1,EUST16780,SRP511583,not applicable
SRR29273614,WGS,291,914486095,PRJNA1119915,SAMN41664479,Pathogen.cl,395806907,"FIND, THE FOUNDATION FOR INNOVATIVE NEW DIAGNOSTICS",missing,missing,2017-09,public,"fastq,run.zq,sra","gs,ncbi,s3","gs.us-east1,ncbi.public,s3.us-east-1",SRX24791318,Romania,Europe,Romania,tuberculosis,Homo sapiens,EUST16772,Illumina HiSeq 2000,missing,missing,EUST16772,PAIRED,RANDOM,GENOMIC,Mycobacterium tuberculosis,ILLUMINA,2024-06-04T00:00:00Z,2024-06-04T09:41:00Z,1,EUST16772,SRP511583,not applicable
SRR29273615,WGS,298,717382541,PRJNA1119915,SAMN41664478,Pathogen.cl,311315531,"FIND, THE FOUNDATION FOR INNOVATIVE NEW DIAGNOSTICS",missing,missing,2017-09,public,"fastq,run.zq,sra","gs,ncbi,s3","gs.us-east1,ncbi.public,s3.us-east-1",SRX24791317,Romania,Europe,Romania,tuberculosis,Homo sapiens,EUST16763,Illumina HiSeq 2000,missing,missing,EUST16763,PAIRED,RANDOM,GENOMIC,Mycobacterium tuberculosis,ILLUMINA,2024-06-04T00:00:00Z,2024-06-04T09:41:00Z,1,EUST16763,SRP511583,not applicable
SRR29273616,WGS,297,372573211,PRJNA1119915,SAMN41664477,Pathogen.cl,162497246,"FIND, THE FOUNDATION FOR INNOVATIVE NEW DIAGNOSTICS",missing,missing,2017-08,public,"fastq,run.zq,sra","gs,ncbi,s3","gs.us-east1,ncbi.public,s3.us-east-1",SRX24791316,Romania,Europe,Romania,tuberculosis,Homo sapiens,EUST16753,Illumina HiSeq 2000,missing,missing,EUST16753,PAIRED,RANDOM,GENOMIC,Mycobacterium tuberculosis,ILLUMINA,2024-06-04T00:00:00Z,2024-06-04T09:41:00Z,1,EUST16753,SRP511583,not applicable
SRR29273617,WGS,293,790699682,PRJNA1119915,SAMN41664476,Pathogen.cl,342491897,"FIND, THE FOUNDATION FOR INNOVATIVE NEW DIAGNOSTICS",missing,missing,2017-06,public,"fastq,run.zq,sra","gs,ncbi,s3","gs.us-east1,ncbi.public,s3.us-east-1",SRX24791315,Romania,Europe,Romania,tuberculosis,Homo sapiens,EUST16742,Illumina HiSeq 2000,missing,missing,EUST16742,PAIRED,RANDOM,GENOMIC,Mycobacterium tuberculosis,ILLUMINA,2024-06-04T00:00:00Z,2024-06-04T09:41:00Z,1,EUST16742,SRP511583,not applicable
SRR29273618,WGS,299,540679804,PRJNA1119915,SAMN41664475,Pathogen.cl,235990717,"FIND, THE FOUNDATION FOR INNOVATIVE NEW DIAGNOSTICS",missing,missing,2017-07,public,"fastq,run.zq,sra","gs,ncbi,s3","gs.us-east1,ncbi.public,s3.us-east-1",SRX24791314,Romania,Europe,Romania,tuberculosis,Homo sapiens,EUST16730,Illumina HiSeq 2000,missing,missing,EUST16730,PAIRED,RANDOM,GENOMIC,Mycobacterium tuberculosis,ILLUMINA,2024-06-04T00:00:00Z,2024-06-04T09:41:00Z,1,EUST16730,SRP511583,not applicable
SRR29273619,WGS,294,641164441,PRJNA1119915,SAMN41664474,Pathogen.cl,279068762,"FIND, THE FOUNDATION FOR INNOVATIVE NEW DIAGNOSTICS",missing,missing,2017-06,public,"fastq,run.zq,sra","gs,ncbi,s3","gs.us-east1,ncbi.public,s3.us-east-1",SRX24791313,Romania,Europe,Romania,tuberculosis,Homo sapiens,EUST16727,Illumina HiSeq 2000,missing,missing,EUST16727,PAIRED,RANDOM,GENOMIC,Mycobacterium tuberculosis,ILLUMINA,2024-06-04T00:00:00Z,2024-06-04T09:41:00Z,1,EUST16727,SRP511583,not applicable
SRR29273620,WGS,299,616436555,PRJNA1119915,SAMN41664473,Pathogen.cl,269057502,"FIND, THE FOUNDATION FOR INNOVATIVE NEW DIAGNOSTICS",missing,missing,2018-11,public,"fastq,run.zq,sra","gs,ncbi,s3","gs.us-east1,ncbi.public,s3.us-east-1",SRX24791312,Romania,Europe,Romania,tuberculosis,Homo sapiens,EUST16713,Illumina HiSeq 2000,missing,missing,EUST16713,PAIRED,RANDOM,GENOMIC,Mycobacterium tuberculosis,ILLUMINA,2024-06-04T00:00:00Z,2024-06-04T09:41:00Z,1,EUST16713,SRP511583,not applicable
SRR29273621,WGS,297,586969128,PRJNA1119915,SAMN41664472,Pathogen.cl,257589197,"FIND, THE FOUNDATION FOR INNOVATIVE NEW DIAGNOSTICS",missing,missing,2018-01,public,"fastq,run.zq,sra","gs,ncbi,s3","gs.us-east1,ncbi.public,s3.us-east-1",SRX24791311,Romania,Europe,Romania,tuberculosis,Homo sapiens,EUST16708,Illumina HiSeq 2000,missing,missing,EUST16708,PAIRED,RANDOM,GENOMIC,Mycobacterium tuberculosis,ILLUMINA,2024-06-04T00:00:00Z,2024-06-04T09:41:00Z,1,EUST16708,SRP511583,not applicable
SRR29273622,WGS,297,737571313,PRJNA1119915,SAMN41664471,Pathogen.cl,320118427,"FIND, THE FOUNDATION FOR INNOVATIVE NEW DIAGNOSTICS",missing,missing,2018-02,public,"fastq,run.zq,sra","gs,ncbi,s3","gs.us-east1,ncbi.public,s3.us-east-1",SRX24791310,Romania,Europe,Romania,tuberculosis,Homo sapiens,EUST16692,Illumina HiSeq 2000,missing,missing,EUST16692,PAIRED,RANDOM,GENOMIC,Mycobacterium tuberculosis,ILLUMINA,2024-06-04T00:00:00Z,2024-06-04T09:41:00Z,1,EUST16692,SRP511583,not applicable
SRR29273623,WGS,297,777669823,PRJNA1119915,SAMN41664183,Pathogen.cl,338368698,"FIND, THE FOUNDATION FOR INNOVATIVE NEW DIAGNOSTICS",missing,missing,2017-06,public,"fastq,run.zq,sra","gs,ncbi,s3","gs.us-east1,ncbi.public,s3.us-east-1",SRX24791309,Romania,Europe,Romania,tuberculosis,Homo sapiens,EUST11020,Illumina HiSeq 2000,missing,missing,EUST11020,PAIRED,RANDOM,GENOMIC,Mycobacterium tuberculosis,ILLUMINA,2024-06-04T00:00:00Z,2024-06-04T09:42:00Z,1,EUST11020,SRP511583,not applicable
SRR29273624,WGS,298,607759872,PRJNA1119915,SAMN41664470,Pathogen.cl,263970274,"FIND, THE FOUNDATION FOR INNOVATIVE NEW DIAGNOSTICS",missing,missing,2018-01,public,"fastq,run.zq,sra","gs,ncbi,s3","gs.us-east1,ncbi.public,s3.us-east-1",SRX24791308,Romania,Europe,Romania,tuberculosis,Homo sapiens,EUST16684,Illumina HiSeq 2000,missing,missing,EUST16684,PAIRED,RANDOM,GENOMIC,Mycobacterium tuberculosis,ILLUMINA,2024-06-04T00:00:00Z,2024-06-04T09:41:00Z,1,EUST16684,SRP511583,not applicable
SRR29273625,WGS,289,849678165,PRJNA1119915,SAMN41664469,Pathogen.cl,368261931,"FIND, THE FOUNDATION FOR INNOVATIVE NEW DIAGNOSTICS",missing,missing,2018-04,public,"fastq,run.zq,sra","gs,ncbi,s3","gs.us-east1,ncbi.public,s3.us-east-1",SRX24791307,Romania,Europe,Romania,tuberculosis,Homo sapiens,EUST16675,Illumina HiSeq 2000,missing,missing,EUST16675,PAIRED,RANDOM,GENOMIC,Mycobacterium tuberculosis,ILLUMINA,2024-06-04T00:00:00Z,2024-06-04T09:42:00Z,1,EUST16675,SRP511583,not applicable
SRR29273626,WGS,297,759528577,PRJNA1119915,SAMN41664468,Pathogen.cl,329708966,"FIND, THE FOUNDATION FOR INNOVATIVE NEW DIAGNOSTICS",missing,missing,2018-04,public,"fastq,run.zq,sra","gs,ncbi,s3","gs.us-east1,ncbi.public,s3.us-east-1",SRX24791306,Romania,Europe,Romania,tuberculosis,Homo sapiens,EUST16665,Illumina HiSeq 2000,missing,missing,EUST16665,PAIRED,RANDOM,GENOMIC,Mycobacterium tuberculosis,ILLUMINA,2024-06-04T00:00:00Z,2024-06-04T09:41:00Z,1,EUST16665,SRP511583,not applicable
SRR29273627,WGS,298,732111063,PRJNA1119915,SAMN41664467,Pathogen.cl,317013466,"FIND, THE FOUNDATION FOR INNOVATIVE NEW DIAGNOSTICS",missing,missing,2018-01,public,"fastq,run.zq,sra","gs,ncbi,s3","gs.us-east1,ncbi.public,s3.us-east-1",SRX24791305,Romania,Europe,Romania,tuberculosis,Homo sapiens,EUST16654,Illumina HiSeq 2000,missing,missing,EUST16654,PAIRED,RANDOM,GENOMIC,Mycobacterium tuberculosis,ILLUMINA,2024-06-04T00:00:00Z,2024-06-04T09:41:00Z,1,EUST16654,SRP511583,not applicable
SRR29273628,WGS,296,921081830,PRJNA1119915,SAMN41664466,Pathogen.cl,399902375,"FIND, THE FOUNDATION FOR INNOVATIVE NEW DIAGNOSTICS",missing,missing,2018-04,public,"fastq,run.zq,sra","gs,ncbi,s3","gs.us-east1,ncbi.public,s3.us-east-1",SRX24791304,Romania,Europe,Romania,tuberculosis,Homo sapiens,EUST16642,Illumina HiSeq 2000,missing,missing,EUST16642,PAIRED,RANDOM,GENOMIC,Mycobacterium tuberculosis,ILLUMINA,2024-06-04T00:00:00Z,2024-06-04T09:41:00Z,1,EUST16642,SRP511583,not applicable
SRR29273629,WGS,298,674927642,PRJNA1119915,SAMN41664465,Pathogen.cl,292682417,"FIND, THE FOUNDATION FOR INNOVATIVE NEW DIAGNOSTICS",missing,missing,2018-03,public,"fastq,run.zq,sra","gs,ncbi,s3","gs.us-east1,ncbi.public,s3.us-east-1",SRX24791303,Romania,Europe,Romania,tuberculosis,Homo sapiens,EUST16639,Illumina HiSeq 2000,missing,missing,EUST16639,PAIRED,RANDOM,GENOMIC,Mycobacterium tuberculosis,ILLUMINA,2024-06-04T00:00:00Z,2024-06-04T09:41:00Z,1,EUST16639,SRP511583,not applicable
SRR29273630,WGS,299,672344594,PRJNA1119915,SAMN41664464,Pathogen.cl,290767599,"FIND, THE FOUNDATION FOR INNOVATIVE NEW DIAGNOSTICS",missing,missing,2018-02,public,"fastq,run.zq,sra","gs,ncbi,s3","gs.us-east1,ncbi.public,s3.us-east-1",SRX24791302,Romania,Europe,Romania,tuberculosis,Homo sapiens,EUST16625,Illumina HiSeq 2000,missing,missing,EUST16625,PAIRED,RANDOM,GENOMIC,Mycobacterium tuberculosis,ILLUMINA,2024-06-04T00:00:00Z,2024-06-04T09:41:00Z,1,EUST16625,SRP511583,not applicable
SRR29273631,WGS,298,804113374,PRJNA1119915,SAMN41664463,Pathogen.cl,348597287,"FIND, THE FOUNDATION FOR INNOVATIVE NEW DIAGNOSTICS",missing,missing,2018-01,public,"fastq,run.zq,sra","gs,ncbi,s3","gs.us-east1,ncbi.public,s3.us-east-1",SRX24791301,Romania,Europe,Romania,tuberculosis,Homo sapiens,EUST16610,Illumina HiSeq 2000,missing,missing,EUST16610,PAIRED,RANDOM,GENOMIC,Mycobacterium tuberculosis,ILLUMINA,2024-06-04T00:00:00Z,2024-06-04T09:41:00Z,1,EUST16610,SRP511583,not applicable
SRR29273632,WGS,299,590711401,PRJNA1119915,SAMN41664462,Pathogen.cl,256884676,"FIND, THE FOUNDATION FOR INNOVATIVE NEW DIAGNOSTICS",missing,missing,2018-01,public,"fastq,run.zq,sra","gs,ncbi,s3","gs.us-east1,ncbi.public,s3.us-east-1",SRX24791300,Romania,Europe,Romania,tuberculosis,Homo sapiens,EUST16604,Illumina HiSeq 2000,missing,missing,EUST16604,PAIRED,RANDOM,GENOMIC,Mycobacterium tuberculosis,ILLUMINA,2024-06-04T00:00:00Z,2024-06-04T09:41:00Z,1,EUST16604,SRP511583,not applicable
SRR29273633,WGS,296,731132658,PRJNA1119915,SAMN41664461,Pathogen.cl,318216186,"FIND, THE FOUNDATION FOR INNOVATIVE NEW DIAGNOSTICS",missing,missing,2018-02,public,"fastq,run.zq,sra","gs,ncbi,s3","gs.us-east1,ncbi.public,s3.us-east-1",SRX24791299,Romania,Europe,Romania,tuberculosis,Homo sapiens,EUST16597,Illumina HiSeq 2000,missing,missing,EUST16597,PAIRED,RANDOM,GENOMIC,Mycobacterium tuberculosis,ILLUMINA,2024-06-04T00:00:00Z,2024-06-04T09:41:00Z,1,EUST16597,SRP511583,not applicable
SRR29273634,WGS,298,838954033,PRJNA1119915,SAMN41664182,Pathogen.cl,362756228,"FIND, THE FOUNDATION FOR INNOVATIVE NEW DIAGNOSTICS",missing,missing,2017-06,public,"fastq,run.zq,sra","gs,ncbi,s3","gs.us-east1,ncbi.public,s3.us-east-1",SRX24791298,Romania,Europe,Romania,tuberculosis,Homo sapiens,EUST11014,Illumina HiSeq 2000,missing,missing,EUST11014,PAIRED,RANDOM,GENOMIC,Mycobacterium tuberculosis,ILLUMINA,2024-06-04T00:00:00Z,2024-06-04T09:42:00Z,1,EUST11014,SRP511583,not applicable
SRR29273635,WGS,293,777061194,PRJNA1119915,SAMN41664460,Pathogen.cl,337599897,"FIND, THE FOUNDATION FOR INNOVATIVE NEW DIAGNOSTICS",missing,missing,2018-03,public,"fastq,run.zq,sra","gs,ncbi,s3","gs.us-east1,ncbi.public,s3.us-east-1",SRX24791297,Romania,Europe,Romania,tuberculosis,Homo sapiens,EUST16588,Illumina HiSeq 2000,missing,missing,EUST16588,PAIRED,RANDOM,GENOMIC,Mycobacterium tuberculosis,ILLUMINA,2024-06-04T00:00:00Z,2024-06-04T09:42:00Z,1,EUST16588,SRP511583,not applicable
SRR29273636,WGS,298,759747758,PRJNA1119915,SAMN41664459,Pathogen.cl,329135687,"FIND, THE FOUNDATION FOR INNOVATIVE NEW DIAGNOSTICS",missing,missing,2018-01,public,"fastq,run.zq,sra","gs,ncbi,s3","gs.us-east1,ncbi.public,s3.us-east-1",SRX24791296,Romania,Europe,Romania,tuberculosis,Homo sapiens,EUST16578,Illumina HiSeq 2000,missing,missing,EUST16578,PAIRED,RANDOM,GENOMIC,Mycobacterium tuberculosis,ILLUMINA,2024-06-04T00:00:00Z,2024-06-04T09:41:00Z,1,EUST16578,SRP511583,not applicable
SRR29273637,WGS,298,755498058,PRJNA1119915,SAMN41664458,Pathogen.cl,327834431,"FIND, THE FOUNDATION FOR INNOVATIVE NEW DIAGNOSTICS",missing,missing,2018-02,public,"fastq,run.zq,sra","gs,ncbi,s3","gs.us-east1,ncbi.public,s3.us-east-1",SRX24791295,Romania,Europe,Romania,tuberculosis,Homo sapiens,EUST16567,Illumina HiSeq 2000,missing,missing,EUST16567,PAIRED,RANDOM,GENOMIC,Mycobacterium tuberculosis,ILLUMINA,2024-06-04T00:00:00Z,2024-06-04T09:41:00Z,1,EUST16567,SRP511583,not applicable
SRR29273638,WGS,298,583918602,PRJNA1119915,SAMN41664457,Pathogen.cl,255083143,"FIND, THE FOUNDATION FOR INNOVATIVE NEW DIAGNOSTICS",missing,missing,2018-03,public,"fastq,run.zq,sra","gs,ncbi,s3","gs.us-east1,ncbi.public,s3.us-east-1",SRX24791294,Romania,Europe,Romania,tuberculosis,Homo sapiens,EUST16555,Illumina HiSeq 2000,missing,missing,EUST16555,PAIRED,RANDOM,GENOMIC,Mycobacterium tuberculosis,ILLUMINA,2024-06-04T00:00:00Z,2024-06-04T09:41:00Z,1,EUST16555,SRP511583,not applicable
SRR29273639,WGS,298,597772823,PRJNA1119915,SAMN41664456,Pathogen.cl,260392136,"FIND, THE FOUNDATION FOR INNOVATIVE NEW DIAGNOSTICS",missing,missing,2017-10,public,"fastq,run.zq,sra","gs,ncbi,s3","gs.us-east1,ncbi.public,s3.us-east-1",SRX24791293,Romania,Europe,Romania,tuberculosis,Homo sapiens,EUST16542,Illumina HiSeq 2000,missing,missing,EUST16542,PAIRED,RANDOM,GENOMIC,Mycobacterium tuberculosis,ILLUMINA,2024-06-04T00:00:00Z,2024-06-04T09:41:00Z,1,EUST16542,SRP511583,not applicable
SRR29273640,WGS,297,740127446,PRJNA1119915,SAMN41664455,Pathogen.cl,321899867,"FIND, THE FOUNDATION FOR INNOVATIVE NEW DIAGNOSTICS",missing,missing,2017-12,public,"fastq,run.zq,sra","gs,ncbi,s3","gs.us-east1,ncbi.public,s3.us-east-1",SRX24791292,Romania,Europe,Romania,tuberculosis,Homo sapiens,EUST16538,Illumina HiSeq 2000,missing,missing,EUST16538,PAIRED,RANDOM,GENOMIC,Mycobacterium tuberculosis,ILLUMINA,2024-06-04T00:00:00Z,2024-06-04T09:41:00Z,1,EUST16538,SRP511583,not applicable
SRR29273641,WGS,292,724374433,PRJNA1119915,SAMN41664454,Pathogen.cl,316689382,"FIND, THE FOUNDATION FOR INNOVATIVE NEW DIAGNOSTICS",missing,missing,2017-12,public,"fastq,run.zq,sra","gs,ncbi,s3","gs.us-east1,ncbi.public,s3.us-east-1",SRX24791291,Romania,Europe,Romania,tuberculosis,Homo sapiens,EUST16523,Illumina HiSeq 2000,missing,missing,EUST16523,PAIRED,RANDOM,GENOMIC,Mycobacterium tuberculosis,ILLUMINA,2024-06-04T00:00:00Z,2024-06-04T09:41:00Z,1,EUST16523,SRP511583,not applicable
SRR29273642,WGS,289,700387698,PRJNA1119915,SAMN41664396,Pathogen.cl,301138518,"FIND, THE FOUNDATION FOR INNOVATIVE NEW DIAGNOSTICS",missing,missing,2018-12,public,"fastq,run.zq,sra","gs,ncbi,s3","gs.us-east1,ncbi.public,s3.us-east-1",SRX24791290,Romania,Europe,Romania,tuberculosis,Homo sapiens,EUST15053,Illumina HiSeq 2000,missing,missing,EUST15053,PAIRED,RANDOM,GENOMIC,Mycobacterium tuberculosis,ILLUMINA,2024-06-04T00:00:00Z,2024-06-04T09:41:00Z,1,EUST15053,SRP511583,not applicable
SRR29273643,WGS,291,737468823,PRJNA1119915,SAMN41664395,Pathogen.cl,316510652,"FIND, THE FOUNDATION FOR INNOVATIVE NEW DIAGNOSTICS",missing,missing,2018-12,public,"fastq,run.zq,sra","gs,ncbi,s3","gs.us-east1,ncbi.public,s3.us-east-1",SRX24791289,Romania,Europe,Romania,tuberculosis,Homo sapiens,EUST15044,Illumina HiSeq 2000,missing,missing,EUST15044,PAIRED,RANDOM,GENOMIC,Mycobacterium tuberculosis,ILLUMINA,2024-06-04T00:00:00Z,2024-06-04T09:41:00Z,1,EUST15044,SRP511583,not applicable
SRR29273644,WGS,298,613859590,PRJNA1119915,SAMN41664394,Pathogen.cl,262821897,"FIND, THE FOUNDATION FOR INNOVATIVE NEW DIAGNOSTICS",missing,missing,2019-03,public,"fastq,run.zq,sra","gs,ncbi,s3","gs.us-east1,ncbi.public,s3.us-east-1",SRX24791288,Romania,Europe,Romania,tuberculosis,Homo sapiens,EUST15034,Illumina HiSeq 2000,missing,missing,EUST15034,PAIRED,RANDOM,GENOMIC,Mycobacterium tuberculosis,ILLUMINA,2024-06-04T00:00:00Z,2024-06-04T09:41:00Z,1,EUST15034,SRP511583,not applicable
SRR29273645,WGS,298,489305518,PRJNA1119915,SAMN41664393,Pathogen.cl,211443455,"FIND, THE FOUNDATION FOR INNOVATIVE NEW DIAGNOSTICS",missing,missing,2018-11,public,"fastq,run.zq,sra","gs,ncbi,s3","gs.us-east1,ncbi.public,s3.us-east-1",SRX24791287,Romania,Europe,Romania,tuberculosis,Homo sapiens,EUST15023,Illumina HiSeq 2000,missing,missing,EUST15023,PAIRED,RANDOM,GENOMIC,Mycobacterium tuberculosis,ILLUMINA,2024-06-04T00:00:00Z,2024-06-04T09:41:00Z,1,EUST15023,SRP511583,not applicable
SRR29273646,WGS,298,699284645,PRJNA1119915,SAMN41664392,Pathogen.cl,299034595,"FIND, THE FOUNDATION FOR INNOVATIVE NEW DIAGNOSTICS",missing,missing,2019-03,public,"fastq,run.zq,sra","gs,ncbi,s3","gs.us-east1,ncbi.public,s3.us-east-1",SRX24791286,Romania,Europe,Romania,tuberculosis,Homo sapiens,EUST15011,Illumina HiSeq 2000,missing,missing,EUST15011,PAIRED,RANDOM,GENOMIC,Mycobacterium tuberculosis,ILLUMINA,2024-06-04T00:00:00Z,2024-06-04T09:42:00Z,1,EUST15011,SRP511583,not applicable
SRR29273647,WGS,298,609176430,PRJNA1119915,SAMN41664391,Pathogen.cl,260166267,"FIND, THE FOUNDATION FOR INNOVATIVE NEW DIAGNOSTICS",missing,missing,2019-04,public,"fastq,run.zq,sra","gs,ncbi,s3","gs.us-east1,ncbi.public,s3.us-east-1",SRX24791285,Romania,Europe,Romania,tuberculosis,Homo sapiens,EUST15008,Illumina HiSeq 2000,missing,missing,EUST15008,PAIRED,RANDOM,GENOMIC,Mycobacterium tuberculosis,ILLUMINA,2024-06-04T00:00:00Z,2024-06-04T09:41:00Z,1,EUST15008,SRP511583,not applicable
SRR29273648,WGS,298,784064243,PRJNA1119915,SAMN41664175,Pathogen.cl,341270349,"FIND, THE FOUNDATION FOR INNOVATIVE NEW DIAGNOSTICS",missing,missing,2017-07,public,"fastq,run.zq,sra","gs,ncbi,s3","gs.us-east1,ncbi.public,s3.us-east-1",SRX24791284,Romania,Europe,Romania,tuberculosis,Homo sapiens,EUST10944,Illumina HiSeq 2000,missing,missing,EUST10944,PAIRED,RANDOM,GENOMIC,Mycobacterium tuberculosis,ILLUMINA,2024-06-04T00:00:00Z,2024-06-04T09:42:00Z,1,EUST10944,SRP511583,not applicable
SRR29273649,WGS,298,585303293,PRJNA1119915,SAMN41664390,Pathogen.cl,251123799,"FIND, THE FOUNDATION FOR INNOVATIVE NEW DIAGNOSTICS",missing,missing,2019-04,public,"fastq,run.zq,sra","gs,ncbi,s3","gs.us-east1,ncbi.public,s3.us-east-1",SRX24791283,Romania,Europe,Romania,tuberculosis,Homo sapiens,EUST14994,Illumina HiSeq 2000,missing,missing,EUST14994,PAIRED,RANDOM,GENOMIC,Mycobacterium tuberculosis,ILLUMINA,2024-06-04T00:00:00Z,2024-06-04T09:41:00Z,1,EUST14994,SRP511583,not applicable
SRR29273650,WGS,298,594610432,PRJNA1119915,SAMN41664389,Pathogen.cl,253967563,"FIND, THE FOUNDATION FOR INNOVATIVE NEW DIAGNOSTICS",missing,missing,2019-03,public,"fastq,run.zq,sra","gs,ncbi,s3","gs.us-east1,ncbi.public,s3.us-east-1",SRX24791282,Romania,Europe,Romania,tuberculosis,Homo sapiens,EUST14987,Illumina HiSeq 2000,missing,missing,EUST14987,PAIRED,RANDOM,GENOMIC,Mycobacterium tuberculosis,ILLUMINA,2024-06-04T00:00:00Z,2024-06-04T09:41:00Z,1,EUST14987,SRP511583,not applicable
SRR29273651,WGS,297,596646608,PRJNA1119915,SAMN41664388,Pathogen.cl,256025284,"FIND, THE FOUNDATION FOR INNOVATIVE NEW DIAGNOSTICS",missing,missing,2019-05,public,"fastq,run.zq,sra","gs,ncbi,s3","gs.us-east1,ncbi.public,s3.us-east-1",SRX24791281,Romania,Europe,Romania,tuberculosis,Homo sapiens,EUST14979,Illumina HiSeq 2000,missing,missing,EUST14979,PAIRED,RANDOM,GENOMIC,Mycobacterium tuberculosis,ILLUMINA,2024-06-04T00:00:00Z,2024-06-04T09:41:00Z,1,EUST14979,SRP511583,not applicable
SRR29273652,WGS,298,543231687,PRJNA1119915,SAMN41664387,Pathogen.cl,231726699,"FIND, THE FOUNDATION FOR INNOVATIVE NEW DIAGNOSTICS",missing,missing,2019-05,public,"fastq,run.zq,sra","gs,ncbi,s3","gs.us-east1,ncbi.public,s3.us-east-1",SRX24791280,Romania,Europe,Romania,tuberculosis,Homo sapiens,EUST14960,Illumina HiSeq 2000,missing,missing,EUST14960,PAIRED,RANDOM,GENOMIC,Mycobacterium tuberculosis,ILLUMINA,2024-06-04T00:00:00Z,2024-06-04T09:41:00Z,1,EUST14960,SRP511583,not applicable
SRR29273653,WGS,298,848502263,PRJNA1119915,SAMN41664386,Pathogen.cl,366194615,"FIND, THE FOUNDATION FOR INNOVATIVE NEW DIAGNOSTICS",missing,missing,2019-05,public,"fastq,run.zq,sra","gs,ncbi,s3","gs.us-east1,ncbi.public,s3.us-east-1",SRX24791279,Romania,Europe,Romania,tuberculosis,Homo sapiens,EUST14950,Illumina HiSeq 2000,missing,missing,EUST14950,PAIRED,RANDOM,GENOMIC,Mycobacterium tuberculosis,ILLUMINA,2024-06-04T00:00:00Z,2024-06-04T09:41:00Z,1,EUST14950,SRP511583,not applicable
SRR29273654,WGS,298,613630189,PRJNA1119915,SAMN41664385,Pathogen.cl,262354059,"FIND, THE FOUNDATION FOR INNOVATIVE NEW DIAGNOSTICS",missing,missing,2019-05,public,"fastq,run.zq,sra","gs,ncbi,s3","gs.us-east1,ncbi.public,s3.us-east-1",SRX24791278,Romania,Europe,Romania,tuberculosis,Homo sapiens,EUST14949,Illumina HiSeq 2000,missing,missing,EUST14949,PAIRED,RANDOM,GENOMIC,Mycobacterium tuberculosis,ILLUMINA,2024-06-04T00:00:00Z,2024-06-04T09:41:00Z,1,EUST14949,SRP511583,not applicable
SRR29273655,WGS,297,696790876,PRJNA1119915,SAMN41664384,Pathogen.cl,298761917,"FIND, THE FOUNDATION FOR INNOVATIVE NEW DIAGNOSTICS",missing,missing,2019-04,public,"fastq,run.zq,sra","gs,ncbi,s3","gs.us-east1,ncbi.public,s3.us-east-1",SRX24791277,Romania,Europe,Romania,tuberculosis,Homo sapiens,EUST14937,Illumina HiSeq 2000,missing,missing,EUST14937,PAIRED,RANDOM,GENOMIC,Mycobacterium tuberculosis,ILLUMINA,2024-06-04T00:00:00Z,2024-06-04T09:41:00Z,1,EUST14937,SRP511583,not applicable
SRR29273656,WGS,278,696203269,PRJNA1119915,SAMN41664383,Pathogen.cl,297895815,"FIND, THE FOUNDATION FOR INNOVATIVE NEW DIAGNOSTICS",missing,missing,2019-04,public,"fastq,run.zq,sra","gs,ncbi,s3","gs.us-east1,ncbi.public,s3.us-east-1",SRX24791276,Romania,Europe,Romania,tuberculosis,Homo sapiens,EUST14924,Illumina HiSeq 2000,missing,missing,EUST14924,PAIRED,RANDOM,GENOMIC,Mycobacterium tuberculosis,ILLUMINA,2024-06-04T00:00:00Z,2024-06-04T09:41:00Z,1,EUST14924,SRP511583,not applicable
SRR29273657,WGS,297,679531620,PRJNA1119915,SAMN41664382,Pathogen.cl,290065247,"FIND, THE FOUNDATION FOR INNOVATIVE NEW DIAGNOSTICS",missing,missing,2019-03,public,"fastq,run.zq,sra","gs,ncbi,s3","gs.us-east1,ncbi.public,s3.us-east-1",SRX24791275,Romania,Europe,Romania,tuberculosis,Homo sapiens,EUST14910,Illumina HiSeq 2000,missing,missing,EUST14910,PAIRED,RANDOM,GENOMIC,Mycobacterium tuberculosis,ILLUMINA,2024-06-04T00:00:00Z,2024-06-04T09:41:00Z,1,EUST14910,SRP511583,not applicable
SRR29273658,WGS,297,653957895,PRJNA1119915,SAMN41664381,Pathogen.cl,280116482,"FIND, THE FOUNDATION FOR INNOVATIVE NEW DIAGNOSTICS",missing,missing,2019-02,public,"fastq,run.zq,sra","gs,ncbi,s3","gs.us-east1,ncbi.public,s3.us-east-1",SRX24791274,Romania,Europe,Romania,tuberculosis,Homo sapiens,EUST14905,Illumina HiSeq 2000,missing,missing,EUST14905,PAIRED,RANDOM,GENOMIC,Mycobacterium tuberculosis,ILLUMINA,2024-06-04T00:00:00Z,2024-06-04T09:41:00Z,1,EUST14905,SRP511583,not applicable
SRR29273659,WGS,296,852765152,PRJNA1119915,SAMN41664174,Pathogen.cl,373536417,"FIND, THE FOUNDATION FOR INNOVATIVE NEW DIAGNOSTICS",missing,missing,2017-02,public,"fastq,run.zq,sra","gs,ncbi,s3","gs.us-east1,ncbi.public,s3.us-east-1",SRX24791273,Romania,Europe,Romania,tuberculosis,Homo sapiens,EUST10938,Illumina HiSeq 2000,missing,missing,EUST10938,PAIRED,RANDOM,GENOMIC,Mycobacterium tuberculosis,ILLUMINA,2024-06-04T00:00:00Z,2024-06-04T09:42:00Z,1,EUST10938,SRP511583,not applicable
SRR29273660,WGS,298,907697682,PRJNA1119915,SAMN41664380,Pathogen.cl,387155924,"FIND, THE FOUNDATION FOR INNOVATIVE NEW DIAGNOSTICS",missing,missing,2019-02,public,"fastq,run.zq,sra","gs,ncbi,s3","gs.us-east1,ncbi.public,s3.us-east-1",SRX24791272,Romania,Europe,Romania,tuberculosis,Homo sapiens,EUST14899,Illumina HiSeq 2000,missing,missing,EUST14899,PAIRED,RANDOM,GENOMIC,Mycobacterium tuberculosis,ILLUMINA,2024-06-04T00:00:00Z,2024-06-04T09:42:00Z,1,EUST14899,SRP511583,not applicable
SRR29273661,WGS,298,747670071,PRJNA1119915,SAMN41664379,Pathogen.cl,318251944,"FIND, THE FOUNDATION FOR INNOVATIVE NEW DIAGNOSTICS",missing,missing,2019-03,public,"fastq,run.zq,sra","gs,ncbi,s3","gs.us-east1,ncbi.public,s3.us-east-1",SRX24791271,Romania,Europe,Romania,tuberculosis,Homo sapiens,EUST14881,Illumina HiSeq 2000,missing,missing,EUST14881,PAIRED,RANDOM,GENOMIC,Mycobacterium tuberculosis,ILLUMINA,2024-06-04T00:00:00Z,2024-06-04T09:41:00Z,1,EUST14881,SRP511583,not applicable
SRR29273662,WGS,298,646338568,PRJNA1119915,SAMN41664378,Pathogen.cl,275774743,"FIND, THE FOUNDATION FOR INNOVATIVE NEW DIAGNOSTICS",missing,missing,2019-01,public,"fastq,run.zq,sra","gs,ncbi,s3","gs.us-east1,ncbi.public,s3.us-east-1",SRX24791270,Romania,Europe,Romania,tuberculosis,Homo sapiens,EUST14872,Illumina HiSeq 2000,missing,missing,EUST14872,PAIRED,RANDOM,GENOMIC,Mycobacterium tuberculosis,ILLUMINA,2024-06-04T00:00:00Z,2024-06-04T09:41:00Z,1,EUST14872,SRP511583,not applicable
SRR29273663,WGS,299,580976300,PRJNA1119915,SAMN41664377,Pathogen.cl,248203587,"FIND, THE FOUNDATION FOR INNOVATIVE NEW DIAGNOSTICS",missing,missing,2019-02,public,"fastq,run.zq,sra","gs,ncbi,s3","gs.us-east1,ncbi.public,s3.us-east-1",SRX24791269,Romania,Europe,Romania,tuberculosis,Homo sapiens,EUST14862,Illumina HiSeq 2000,missing,missing,EUST14862,PAIRED,RANDOM,GENOMIC,Mycobacterium tuberculosis,ILLUMINA,2024-06-04T00:00:00Z,2024-06-04T09:41:00Z,1,EUST14862,SRP511583,not applicable
SRR29273664,WGS,295,796961320,PRJNA1119915,SAMN41664376,Pathogen.cl,338222787,"FIND, THE FOUNDATION FOR INNOVATIVE NEW DIAGNOSTICS",missing,missing,2019-05,public,"fastq,run.zq,sra","gs,ncbi,s3","gs.us-east1,ncbi.public,s3.us-east-1",SRX24791268,Romania,Europe,Romania,tuberculosis,Homo sapiens,EUST14851,Illumina HiSeq 2000,missing,missing,EUST14851,PAIRED,RANDOM,GENOMIC,Mycobacterium tuberculosis,ILLUMINA,2024-06-04T00:00:00Z,2024-06-04T09:42:00Z,1,EUST14851,SRP511583,not applicable
SRR29273665,WGS,297,725657521,PRJNA1119915,SAMN41664375,Pathogen.cl,310723340,"FIND, THE FOUNDATION FOR INNOVATIVE NEW DIAGNOSTICS",missing,missing,2019-04,public,"fastq,run.zq,sra","gs,ncbi,s3","gs.us-east1,ncbi.public,s3.us-east-1",SRX24791267,Romania,Europe,Romania,tuberculosis,Homo sapiens,EUST14849,Illumina HiSeq 2000,missing,missing,EUST14849,PAIRED,RANDOM,GENOMIC,Mycobacterium tuberculosis,ILLUMINA,2024-06-04T00:00:00Z,2024-06-04T09:42:00Z,1,EUST14849,SRP511583,not applicable
SRR29273666,WGS,298,642021129,PRJNA1119915,SAMN41664374,Pathogen.cl,276158819,"FIND, THE FOUNDATION FOR INNOVATIVE NEW DIAGNOSTICS",missing,missing,2019-06,public,"fastq,run.zq,sra","gs,ncbi,s3","gs.us-east1,ncbi.public,s3.us-east-1",SRX24791266,Romania,Europe,Romania,tuberculosis,Homo sapiens,EUST14836,Illumina HiSeq 2000,missing,missing,EUST14836,PAIRED,RANDOM,GENOMIC,Mycobacterium tuberculosis,ILLUMINA,2024-06-04T00:00:00Z,2024-06-04T09:41:00Z,1,EUST14836,SRP511583,not applicable
SRR29273667,WGS,297,630940124,PRJNA1119915,SAMN41664373,Pathogen.cl,271637230,"FIND, THE FOUNDATION FOR INNOVATIVE NEW DIAGNOSTICS",missing,missing,2019-05,public,"fastq,run.zq,sra","gs,ncbi,s3","gs.us-east1,ncbi.public,s3.us-east-1",SRX24791265,Romania,Europe,Romania,tuberculosis,Homo sapiens,EUST14822,Illumina HiSeq 2000,missing,missing,EUST14822,PAIRED,RANDOM,GENOMIC,Mycobacterium tuberculosis,ILLUMINA,2024-06-04T00:00:00Z,2024-06-04T09:42:00Z,1,EUST14822,SRP511583,not applicable
SRR29273668,WGS,297,807441669,PRJNA1119915,SAMN41664372,Pathogen.cl,349347110,"FIND, THE FOUNDATION FOR INNOVATIVE NEW DIAGNOSTICS",missing,missing,2019-04,public,"fastq,run.zq,sra","gs,ncbi,s3","gs.us-east1,ncbi.public,s3.us-east-1",SRX24791264,Romania,Europe,Romania,tuberculosis,Homo sapiens,EUST14817,Illumina HiSeq 2000,missing,missing,EUST14817,PAIRED,RANDOM,GENOMIC,Mycobacterium tuberculosis,ILLUMINA,2024-06-04T00:00:00Z,2024-06-04T09:42:00Z,1,EUST14817,SRP511583,not applicable
SRR29273669,WGS,298,723860462,PRJNA1119915,SAMN41664371,Pathogen.cl,312677924,"FIND, THE FOUNDATION FOR INNOVATIVE NEW DIAGNOSTICS",missing,missing,2019-03,public,"fastq,run.zq,sra","gs,ncbi,s3","gs.us-east1,ncbi.public,s3.us-east-1",SRX24791263,Romania,Europe,Romania,tuberculosis,Homo sapiens,EUST14801,Illumina HiSeq 2000,missing,missing,EUST14801,PAIRED,RANDOM,GENOMIC,Mycobacterium tuberculosis,ILLUMINA,2024-06-04T00:00:00Z,2024-06-04T09:42:00Z,1,EUST14801,SRP511583,not applicable
SRR29273670,WGS,297,492342253,PRJNA1119915,SAMN41664173,Pathogen.cl,196553505,"FIND, THE FOUNDATION FOR INNOVATIVE NEW DIAGNOSTICS",missing,missing,2017-06,public,"fastq,run.zq,sra","gs,ncbi,s3","gs.us-east1,ncbi.public,s3.us-east-1",SRX24791262,Romania,Europe,Romania,tuberculosis,Homo sapiens,EUST10921,Illumina HiSeq 2000,missing,missing,EUST10921,PAIRED,RANDOM,GENOMIC,Mycobacterium tuberculosis,ILLUMINA,2024-06-04T00:00:00Z,2024-06-04T09:41:00Z,1,EUST10921,SRP511583,not applicable
SRR29273671,WGS,298,641286524,PRJNA1119915,SAMN41664370,Pathogen.cl,275701726,"FIND, THE FOUNDATION FOR INNOVATIVE NEW DIAGNOSTICS",missing,missing,2019-01,public,"fastq,run.zq,sra","gs,ncbi,s3","gs.us-east1,ncbi.public,s3.us-east-1",SRX24791261,Romania,Europe,Romania,tuberculosis,Homo sapiens,EUST14794,Illumina HiSeq 2000,missing,missing,EUST14794,PAIRED,RANDOM,GENOMIC,Mycobacterium tuberculosis,ILLUMINA,2024-06-04T00:00:00Z,2024-06-04T09:41:00Z,1,EUST14794,SRP511583,not applicable
SRR29273672,WGS,298,553972559,PRJNA1119915,SAMN41664369,Pathogen.cl,239073621,"FIND, THE FOUNDATION FOR INNOVATIVE NEW DIAGNOSTICS",missing,missing,2019-05,public,"fastq,run.zq,sra","gs,ncbi,s3","gs.us-east1,ncbi.public,s3.us-east-1",SRX24791260,Romania,Europe,Romania,tuberculosis,Homo sapiens,EUST14785,Illumina HiSeq 2000,missing,missing,EUST14785,PAIRED,RANDOM,GENOMIC,Mycobacterium tuberculosis,ILLUMINA,2024-06-04T00:00:00Z,2024-06-04T09:41:00Z,1,EUST14785,SRP511583,not applicable
SRR29273673,WGS,298,820560643,PRJNA1119915,SAMN41664368,Pathogen.cl,351222597,"FIND, THE FOUNDATION FOR INNOVATIVE NEW DIAGNOSTICS",missing,missing,2019-03,public,"fastq,run.zq,sra","gs,ncbi,s3","gs.us-east1,ncbi.public,s3.us-east-1",SRX24791259,Romania,Europe,Romania,tuberculosis,Homo sapiens,EUST14775,Illumina HiSeq 2000,missing,missing,EUST14775,PAIRED,RANDOM,GENOMIC,Mycobacterium tuberculosis,ILLUMINA,2024-06-04T00:00:00Z,2024-06-04T09:42:00Z,1,EUST14775,SRP511583,not applicable
SRR29273674,WGS,298,961044812,PRJNA1119915,SAMN41664164,Pathogen.cl,421426510,"FIND, THE FOUNDATION FOR INNOVATIVE NEW DIAGNOSTICS",missing,missing,2017-06,public,"fastq,run.zq,sra","gs,ncbi,s3","gs.us-east1,ncbi.public,s3.us-east-1",SRX24791258,Romania,Europe,Romania,tuberculosis,Homo sapiens,EUST10837,Illumina HiSeq 2000,missing,missing,EUST10837,PAIRED,RANDOM,GENOMIC,Mycobacterium tuberculosis,ILLUMINA,2024-06-04T00:00:00Z,2024-06-04T09:42:00Z,1,EUST10837,SRP511583,not applicable
SRR29273675,WGS,291,884518790,PRJNA1119915,SAMN41664280,Pathogen.cl,385504106,"FIND, THE FOUNDATION FOR INNOVATIVE NEW DIAGNOSTICS",missing,missing,2017-02,public,"fastq,run.zq,sra","gs,ncbi,s3","gs.us-east1,ncbi.public,s3.us-east-1",SRX24791257,Romania,Europe,Romania,tuberculosis,Homo sapiens,EUST13899,Illumina HiSeq 2000,missing,missing,EUST13899,PAIRED,RANDOM,GENOMIC,Mycobacterium tuberculosis,ILLUMINA,2024-06-04T00:00:00Z,2024-06-04T09:41:00Z,1,EUST13899,SRP511583,not applicable
SRR29273676,WGS,282,394600329,PRJNA1119915,SAMN41664279,Pathogen.cl,158156355,"FIND, THE FOUNDATION FOR INNOVATIVE NEW DIAGNOSTICS",missing,missing,2017-08,public,"fastq,run.zq,sra","gs,ncbi,s3","gs.us-east1,ncbi.public,s3.us-east-1",SRX24791256,Romania,Europe,Romania,tuberculosis,Homo sapiens,EUST12006,Illumina HiSeq 2000,missing,missing,EUST12006,PAIRED,RANDOM,GENOMIC,Mycobacterium tuberculosis,ILLUMINA,2024-06-04T00:00:00Z,2024-06-04T09:41:00Z,1,EUST12006,SRP511583,not applicable
SRR29273677,WGS,295,615055162,PRJNA1119915,SAMN41664278,Pathogen.cl,268700645,"FIND, THE FOUNDATION FOR INNOVATIVE NEW DIAGNOSTICS",missing,missing,2017-04,public,"fastq,run.zq,sra","gs,ncbi,s3","gs.us-east1,ncbi.public,s3.us-east-1",SRX24791255,Romania,Europe,Romania,tuberculosis,Homo sapiens,EUST11999,Illumina HiSeq 2000,missing,missing,EUST11999,PAIRED,RANDOM,GENOMIC,Mycobacterium tuberculosis,ILLUMINA,2024-06-04T00:00:00Z,2024-06-04T09:41:00Z,1,EUST11999,SRP511583,not applicable
SRR29273678,WGS,296,879661311,PRJNA1119915,SAMN41664277,Pathogen.cl,384142985,"FIND, THE FOUNDATION FOR INNOVATIVE NEW DIAGNOSTICS",missing,missing,2017-09,public,"fastq,run.zq,sra","gs,ncbi,s3","gs.us-east1,ncbi.public,s3.us-east-1",SRX24791254,Romania,Europe,Romania,tuberculosis,Homo sapiens,EUST11989,Illumina HiSeq 2000,missing,missing,EUST11989,PAIRED,RANDOM,GENOMIC,Mycobacterium tuberculosis,ILLUMINA,2024-06-04T00:00:00Z,2024-06-04T09:42:00Z,1,EUST11989,SRP511583,not applicable
SRR29273679,WGS,298,812417269,PRJNA1119915,SAMN41664276,Pathogen.cl,352133294,"FIND, THE FOUNDATION FOR INNOVATIVE NEW DIAGNOSTICS",missing,missing,2017-10,public,"fastq,run.zq,sra","gs,ncbi,s3","gs.us-east1,ncbi.public,s3.us-east-1",SRX24791253,Romania,Europe,Romania,tuberculosis,Homo sapiens,EUST11978,Illumina HiSeq 2000,missing,missing,EUST11978,PAIRED,RANDOM,GENOMIC,Mycobacterium tuberculosis,ILLUMINA,2024-06-04T00:00:00Z,2024-06-04T09:41:00Z,1,EUST11978,SRP511583,not applicable
SRR29273680,WGS,298,824584465,PRJNA1119915,SAMN41664275,Pathogen.cl,355076117,"FIND, THE FOUNDATION FOR INNOVATIVE NEW DIAGNOSTICS",missing,missing,2017,public,"fastq,run.zq,sra","gs,ncbi,s3","gs.us-east1,ncbi.public,s3.us-east-1",SRX24791252,Romania,Europe,Romania,tuberculosis,Homo sapiens,EUST11966,Illumina HiSeq 2000,missing,missing,EUST11966,PAIRED,RANDOM,GENOMIC,Mycobacterium tuberculosis,ILLUMINA,2024-06-04T00:00:00Z,2024-06-04T09:41:00Z,1,EUST11966,SRP511583,not applicable
SRR29273681,WGS,295,856215714,PRJNA1119915,SAMN41664274,Pathogen.cl,364841388,"FIND, THE FOUNDATION FOR INNOVATIVE NEW DIAGNOSTICS",missing,missing,2017-09,public,"fastq,run.zq,sra","gs,ncbi,s3","gs.us-east1,ncbi.public,s3.us-east-1",SRX24791251,Romania,Europe,Romania,tuberculosis,Homo sapiens,EUST11953,Illumina HiSeq 2000,missing,missing,EUST11953,PAIRED,RANDOM,GENOMIC,Mycobacterium tuberculosis,ILLUMINA,2024-06-04T00:00:00Z,2024-06-04T09:42:00Z,1,EUST11953,SRP511583,not applicable
SRR29273682,WGS,293,561307471,PRJNA1119915,SAMN41664273,Pathogen.cl,220613091,"FIND, THE FOUNDATION FOR INNOVATIVE NEW DIAGNOSTICS",missing,missing,2017-07,public,"fastq,run.zq,sra","gs,ncbi,s3","gs.us-east1,ncbi.public,s3.us-east-1",SRX24791250,Romania,Europe,Romania,tuberculosis,Homo sapiens,EUST11949,Illumina HiSeq 2000,missing,missing,EUST11949,PAIRED,RANDOM,GENOMIC,Mycobacterium tuberculosis,ILLUMINA,2024-06-04T00:00:00Z,2024-06-04T09:41:00Z,1,EUST11949,SRP511583,not applicable
SRR29273683,WGS,298,478686273,PRJNA1119915,SAMN41664272,Pathogen.cl,189683477,"FIND, THE FOUNDATION FOR INNOVATIVE NEW DIAGNOSTICS",missing,missing,2017-11,public,"fastq,run.zq,sra","gs,ncbi,s3","gs.us-east1,ncbi.public,s3.us-east-1",SRX24791249,Romania,Europe,Romania,tuberculosis,Homo sapiens,EUST11934,Illumina HiSeq 2000,missing,missing,EUST11934,PAIRED,RANDOM,GENOMIC,Mycobacterium tuberculosis,ILLUMINA,2024-06-04T00:00:00Z,2024-06-04T09:41:00Z,1,EUST11934,SRP511583,not applicable
SRR29273684,WGS,296,736489605,PRJNA1119915,SAMN41664271,Pathogen.cl,319707771,"FIND, THE FOUNDATION FOR INNOVATIVE NEW DIAGNOSTICS",missing,missing,2017-10,public,"fastq,run.zq,sra","gs,ncbi,s3","gs.us-east1,ncbi.public,s3.us-east-1",SRX24791248,Romania,Europe,Romania,tuberculosis,Homo sapiens,EUST11928,Illumina HiSeq 2000,missing,missing,EUST11928,PAIRED,RANDOM,GENOMIC,Mycobacterium tuberculosis,ILLUMINA,2024-06-04T00:00:00Z,2024-06-04T09:41:00Z,1,EUST11928,SRP511583,not applicable
SRR29273685,WGS,299,798924836,PRJNA1119915,SAMN41664163,Pathogen.cl,346988466,"FIND, THE FOUNDATION FOR INNOVATIVE NEW DIAGNOSTICS",missing,missing,2017-04,public,"fastq,run.zq,sra","gs,ncbi,s3","gs.us-east1,ncbi.public,s3.us-east-1",SRX24791247,Romania,Europe,Romania,tuberculosis,Homo sapiens,EUST10829,Illumina HiSeq 2000,missing,missing,EUST10829,PAIRED,RANDOM,GENOMIC,Mycobacterium tuberculosis,ILLUMINA,2024-06-04T00:00:00Z,2024-06-04T09:42:00Z,1,EUST10829,SRP511583,not applicable
SRR29273686,WGS,295,850811699,PRJNA1119915,SAMN41664270,Pathogen.cl,363820571,"FIND, THE FOUNDATION FOR INNOVATIVE NEW DIAGNOSTICS",missing,missing,2017-10,public,"fastq,run.zq,sra","gs,ncbi,s3","gs.us-east1,ncbi.public,s3.us-east-1",SRX24791246,Romania,Europe,Romania,tuberculosis,Homo sapiens,EUST11911,Illumina HiSeq 2000,missing,missing,EUST11911,PAIRED,RANDOM,GENOMIC,Mycobacterium tuberculosis,ILLUMINA,2024-06-04T00:00:00Z,2024-06-04T09:41:00Z,1,EUST11911,SRP511583,not applicable
SRR29273687,WGS,296,839616795,PRJNA1119915,SAMN41664269,Pathogen.cl,360778931,"FIND, THE FOUNDATION FOR INNOVATIVE NEW DIAGNOSTICS",missing,missing,2017-10,public,"fastq,run.zq,sra","gs,ncbi,s3","gs.us-east1,ncbi.public,s3.us-east-1",SRX24791245,Romania,Europe,Romania,tuberculosis,Homo sapiens,EUST11903,Illumina HiSeq 2000,missing,missing,EUST11903,PAIRED,RANDOM,GENOMIC,Mycobacterium tuberculosis,ILLUMINA,2024-06-04T00:00:00Z,2024-06-04T09:42:00Z,1,EUST11903,SRP511583,not applicable
SRR29273688,WGS,297,794693496,PRJNA1119915,SAMN41664268,Pathogen.cl,344113669,"FIND, THE FOUNDATION FOR INNOVATIVE NEW DIAGNOSTICS",missing,missing,2017-09,public,"fastq,run.zq,sra","gs,ncbi,s3","gs.us-east1,ncbi.public,s3.us-east-1",SRX24791244,Romania,Europe,Romania,tuberculosis,Homo sapiens,EUST11894,Illumina HiSeq 2000,missing,missing,EUST11894,PAIRED,RANDOM,GENOMIC,Mycobacterium tuberculosis,ILLUMINA,2024-06-04T00:00:00Z,2024-06-04T09:42:00Z,1,EUST11894,SRP511583,not applicable
SRR29273689,WGS,297,686951713,PRJNA1119915,SAMN41664267,Pathogen.cl,296245848,"FIND, THE FOUNDATION FOR INNOVATIVE NEW DIAGNOSTICS",missing,missing,2017-10,public,"fastq,run.zq,sra","gs,ncbi,s3","gs.us-east1,ncbi.public,s3.us-east-1",SRX24791243,Romania,Europe,Romania,tuberculosis,Homo sapiens,EUST11883,Illumina HiSeq 2000,missing,missing,EUST11883,PAIRED,RANDOM,GENOMIC,Mycobacterium tuberculosis,ILLUMINA,2024-06-04T00:00:00Z,2024-06-04T09:42:00Z,1,EUST11883,SRP511583,not applicable
SRR29273690,WGS,298,461654821,PRJNA1119915,SAMN41664266,Pathogen.cl,182999009,"FIND, THE FOUNDATION FOR INNOVATIVE NEW DIAGNOSTICS",missing,missing,2017-09,public,"fastq,run.zq,sra","gs,ncbi,s3","gs.us-east1,ncbi.public,s3.us-east-1",SRX24791242,Romania,Europe,Romania,tuberculosis,Homo sapiens,EUST11871,Illumina HiSeq 2000,missing,missing,EUST11871,PAIRED,RANDOM,GENOMIC,Mycobacterium tuberculosis,ILLUMINA,2024-06-04T00:00:00Z,2024-06-04T09:41:00Z,1,EUST11871,SRP511583,not applicable
SRR29273691,WGS,297,704561568,PRJNA1119915,SAMN41664265,Pathogen.cl,306323576,"FIND, THE FOUNDATION FOR INNOVATIVE NEW DIAGNOSTICS",missing,missing,2017-08,public,"fastq,run.zq,sra","gs,ncbi,s3","gs.us-east1,ncbi.public,s3.us-east-1",SRX24791241,Romania,Europe,Romania,tuberculosis,Homo sapiens,EUST11868,Illumina HiSeq 2000,missing,missing,EUST11868,PAIRED,RANDOM,GENOMIC,Mycobacterium tuberculosis,ILLUMINA,2024-06-04T00:00:00Z,2024-06-04T09:41:00Z,1,EUST11868,SRP511583,not applicable
SRR29273692,WGS,298,733398548,PRJNA1119915,SAMN41664264,Pathogen.cl,319830563,"FIND, THE FOUNDATION FOR INNOVATIVE NEW DIAGNOSTICS",missing,missing,2017-09,public,"fastq,run.zq,sra","gs,ncbi,s3","gs.us-east1,ncbi.public,s3.us-east-1",SRX24791240,Romania,Europe,Romania,tuberculosis,Homo sapiens,EUST11854,Illumina HiSeq 2000,missing,missing,EUST11854,PAIRED,RANDOM,GENOMIC,Mycobacterium tuberculosis,ILLUMINA,2024-06-04T00:00:00Z,2024-06-04T09:41:00Z,1,EUST11854,SRP511583,not applicable
SRR29273693,WGS,295,805832970,PRJNA1119915,SAMN41664263,Pathogen.cl,349515502,"FIND, THE FOUNDATION FOR INNOVATIVE NEW DIAGNOSTICS",missing,missing,2017-09,public,"fastq,run.zq,sra","gs,ncbi,s3","gs.us-east1,ncbi.public,s3.us-east-1",SRX24791239,Romania,Europe,Romania,tuberculosis,Homo sapiens,EUST11849,Illumina HiSeq 2000,missing,missing,EUST11849,PAIRED,RANDOM,GENOMIC,Mycobacterium tuberculosis,ILLUMINA,2024-06-04T00:00:00Z,2024-06-04T09:41:00Z,1,EUST11849,SRP511583,not applicable
SRR29273694,WGS,299,657085429,PRJNA1119915,SAMN41664262,Pathogen.cl,287717916,"FIND, THE FOUNDATION FOR INNOVATIVE NEW DIAGNOSTICS",missing,missing,2017-06,public,"fastq,run.zq,sra","gs,ncbi,s3","gs.us-east1,ncbi.public,s3.us-east-1",SRX24791238,Romania,Europe,Romania,tuberculosis,Homo sapiens,EUST11833,Illumina HiSeq 2000,missing,missing,EUST11833,PAIRED,RANDOM,GENOMIC,Mycobacterium tuberculosis,ILLUMINA,2024-06-04T00:00:00Z,2024-06-04T09:41:00Z,1,EUST11833,SRP511583,not applicable
SRR29273695,WGS,294,745550315,PRJNA1119915,SAMN41664261,Pathogen.cl,314726560,"FIND, THE FOUNDATION FOR INNOVATIVE NEW DIAGNOSTICS",missing,missing,2017-08,public,"fastq,run.zq,sra","gs,ncbi,s3","gs.us-east1,ncbi.public,s3.us-east-1",SRX24791237,Romania,Europe,Romania,tuberculosis,Homo sapiens,EUST11826,Illumina HiSeq 2000,missing,missing,EUST11826,PAIRED,RANDOM,GENOMIC,Mycobacterium tuberculosis,ILLUMINA,2024-06-04T00:00:00Z,2024-06-04T09:41:00Z,1,EUST11826,SRP511583,not applicable
SRR29273696,WGS,292,1117217159,PRJNA1119915,SAMN41664162,Pathogen.cl,479060845,"FIND, THE FOUNDATION FOR INNOVATIVE NEW DIAGNOSTICS",missing,missing,2017-04,public,"fastq,run.zq,sra","gs,ncbi,s3","gs.us-east1,ncbi.public,s3.us-east-1",SRX24791236,Romania,Europe,Romania,tuberculosis,Homo sapiens,EUST10810,Illumina HiSeq 2000,missing,missing,EUST10810,PAIRED,RANDOM,GENOMIC,Mycobacterium tuberculosis,ILLUMINA,2024-06-04T00:00:00Z,2024-06-04T09:41:00Z,1,EUST10810,SRP511583,not applicable
SRR29273697,WGS,296,596601996,PRJNA1119915,SAMN41664260,Pathogen.cl,236371385,"FIND, THE FOUNDATION FOR INNOVATIVE NEW DIAGNOSTICS",missing,missing,2017-08,public,"fastq,run.zq,sra","gs,ncbi,s3","gs.us-east1,ncbi.public,s3.us-east-1",SRX24791235,Romania,Europe,Romania,tuberculosis,Homo sapiens,EUST11818,Illumina HiSeq 2000,missing,missing,EUST11818,PAIRED,RANDOM,GENOMIC,Mycobacterium tuberculosis,ILLUMINA,2024-06-04T00:00:00Z,2024-06-04T09:41:00Z,1,EUST11818,SRP511583,not applicable
SRR29273698,WGS,296,703987173,PRJNA1119915,SAMN41664259,Pathogen.cl,305645879,"FIND, THE FOUNDATION FOR INNOVATIVE NEW DIAGNOSTICS",missing,missing,2017-11,public,"fastq,run.zq,sra","gs,ncbi,s3","gs.us-east1,ncbi.public,s3.us-east-1",SRX24791234,Romania,Europe,Romania,tuberculosis,Homo sapiens,EUST11809,Illumina HiSeq 2000,missing,missing,EUST11809,PAIRED,RANDOM,GENOMIC,Mycobacterium tuberculosis,ILLUMINA,2024-06-04T00:00:00Z,2024-06-04T09:41:00Z,1,EUST11809,SRP511583,not applicable
SRR29273699,WGS,298,644516655,PRJNA1119915,SAMN41664258,Pathogen.cl,279543025,"FIND, THE FOUNDATION FOR INNOVATIVE NEW DIAGNOSTICS",missing,missing,2017-11,public,"fastq,run.zq,sra","gs,ncbi,s3","gs.us-east1,ncbi.public,s3.us-east-1",SRX24791233,Romania,Europe,Romania,tuberculosis,Homo sapiens,EUST11799,Illumina HiSeq 2000,missing,missing,EUST11799,PAIRED,RANDOM,GENOMIC,Mycobacterium tuberculosis,ILLUMINA,2024-06-04T00:00:00Z,2024-06-04T09:41:00Z,1,EUST11799,SRP511583,not applicable
SRR29273700,WGS,295,943252465,PRJNA1119915,SAMN41664257,Pathogen.cl,409776357,"FIND, THE FOUNDATION FOR INNOVATIVE NEW DIAGNOSTICS",missing,missing,2017-07,public,"fastq,run.zq,sra","gs,ncbi,s3","gs.us-east1,ncbi.public,s3.us-east-1",SRX24791232,Romania,Europe,Romania,tuberculosis,Homo sapiens,EUST11787,Illumina HiSeq 2000,missing,missing,EUST11787,PAIRED,RANDOM,GENOMIC,Mycobacterium tuberculosis,ILLUMINA,2024-06-04T00:00:00Z,2024-06-04T09:42:00Z,1,EUST11787,SRP511583,not applicable
SRR29273701,WGS,298,814685273,PRJNA1119915,SAMN41664256,Pathogen.cl,351359254,"FIND, THE FOUNDATION FOR INNOVATIVE NEW DIAGNOSTICS",missing,missing,2017-10,public,"fastq,run.zq,sra","gs,ncbi,s3","gs.us-east1,ncbi.public,s3.us-east-1",SRX24791231,Romania,Europe,Romania,tuberculosis,Homo sapiens,EUST11774,Illumina HiSeq 2000,missing,missing,EUST11774,PAIRED,RANDOM,GENOMIC,Mycobacterium tuberculosis,ILLUMINA,2024-06-04T00:00:00Z,2024-06-04T09:41:00Z,1,EUST11774,SRP511583,not applicable
SRR29273702,WGS,292,957922907,PRJNA1119915,SAMN41664255,Pathogen.cl,408541052,"FIND, THE FOUNDATION FOR INNOVATIVE NEW DIAGNOSTICS",missing,missing,2017-10,public,"fastq,run.zq,sra","gs,ncbi,s3","gs.us-east1,ncbi.public,s3.us-east-1",SRX24791230,Romania,Europe,Romania,tuberculosis,Homo sapiens,EUST11760,Illumina HiSeq 2000,missing,missing,EUST11760,PAIRED,RANDOM,GENOMIC,Mycobacterium tuberculosis,ILLUMINA,2024-06-04T00:00:00Z,2024-06-04T09:42:00Z,1,EUST11760,SRP511583,not applicable
SRR29273703,WGS,297,491810729,PRJNA1119915,SAMN41664254,Pathogen.cl,196566345,"FIND, THE FOUNDATION FOR INNOVATIVE NEW DIAGNOSTICS",missing,missing,2017-08,public,"fastq,run.zq,sra","gs,ncbi,s3","gs.us-east1,ncbi.public,s3.us-east-1",SRX24791229,Romania,Europe,Romania,tuberculosis,Homo sapiens,EUST11755,Illumina HiSeq 2000,missing,missing,EUST11755,PAIRED,RANDOM,GENOMIC,Mycobacterium tuberculosis,ILLUMINA,2024-06-04T00:00:00Z,2024-06-04T09:41:00Z,1,EUST11755,SRP511583,not applicable
SRR29273704,WGS,296,496005276,PRJNA1119915,SAMN41664253,Pathogen.cl,199320322,"FIND, THE FOUNDATION FOR INNOVATIVE NEW DIAGNOSTICS",missing,missing,2017-08,public,"fastq,run.zq,sra","gs,ncbi,s3","gs.us-east1,ncbi.public,s3.us-east-1",SRX24791228,Romania,Europe,Romania,tuberculosis,Homo sapiens,EUST11749,Illumina HiSeq 2000,missing,missing,EUST11749,PAIRED,RANDOM,GENOMIC,Mycobacterium tuberculosis,ILLUMINA,2024-06-04T00:00:00Z,2024-06-04T09:41:00Z,1,EUST11749,SRP511583,not applicable
SRR29273705,WGS,297,880351785,PRJNA1119915,SAMN41664252,Pathogen.cl,379272279,"FIND, THE FOUNDATION FOR INNOVATIVE NEW DIAGNOSTICS",missing,missing,2017-08,public,"fastq,run.zq,sra","gs,ncbi,s3","gs.us-east1,ncbi.public,s3.us-east-1",SRX24791227,Romania,Europe,Romania,tuberculosis,Homo sapiens,EUST11732,Illumina HiSeq 2000,missing,missing,EUST11732,PAIRED,RANDOM,GENOMIC,Mycobacterium tuberculosis,ILLUMINA,2024-06-04T00:00:00Z,2024-06-04T09:41:00Z,1,EUST11732,SRP511583,not applicable
SRR29273706,WGS,296,951584186,PRJNA1119915,SAMN41664250,Pathogen.cl,413031996,"FIND, THE FOUNDATION FOR INNOVATIVE NEW DIAGNOSTICS",missing,missing,2017-09,public,"fastq,run.zq,sra","gs,ncbi,s3","gs.us-east1,ncbi.public,s3.us-east-1",SRX24791226,Romania,Europe,Romania,tuberculosis,Homo sapiens,EUST11715,Illumina HiSeq 2000,missing,missing,EUST11715,PAIRED,RANDOM,GENOMIC,Mycobacterium tuberculosis,ILLUMINA,2024-06-04T00:00:00Z,2024-06-04T09:42:00Z,1,EUST11715,SRP511583,not applicable
SRR29273707,WGS,294,876141121,PRJNA1119915,SAMN41664249,Pathogen.cl,379939535,"FIND, THE FOUNDATION FOR INNOVATIVE NEW DIAGNOSTICS",missing,missing,2017-10,public,"fastq,run.zq,sra","gs,ncbi,s3","gs.us-east1,ncbi.public,s3.us-east-1",SRX24791225,Romania,Europe,Romania,tuberculosis,Homo sapiens,EUST11705,Illumina HiSeq 2000,missing,missing,EUST11705,PAIRED,RANDOM,GENOMIC,Mycobacterium tuberculosis,ILLUMINA,2024-06-04T00:00:00Z,2024-06-04T09:42:00Z,1,EUST11705,SRP511583,not applicable
SRR29273708,WGS,297,821216099,PRJNA1119915,SAMN41664248,Pathogen.cl,353262611,"FIND, THE FOUNDATION FOR INNOVATIVE NEW DIAGNOSTICS",missing,missing,2017-09,public,"fastq,run.zq,sra","gs,ncbi,s3","gs.us-east1,ncbi.public,s3.us-east-1",SRX24791224,Romania,Europe,Romania,tuberculosis,Homo sapiens,EUST11694,Illumina HiSeq 2000,missing,missing,EUST11694,PAIRED,RANDOM,GENOMIC,Mycobacterium tuberculosis,ILLUMINA,2024-06-04T00:00:00Z,2024-06-04T09:41:00Z,1,EUST11694,SRP511583,not applicable
SRR29273709,WGS,296,511007971,PRJNA1119915,SAMN41664247,Pathogen.cl,204717117,"FIND, THE FOUNDATION FOR INNOVATIVE NEW DIAGNOSTICS",missing,missing,2017-05,public,"fastq,run.zq,sra","gs,ncbi,s3","gs.us-east1,ncbi.public,s3.us-east-1",SRX24791223,Romania,Europe,Romania,tuberculosis,Homo sapiens,EUST11681,Illumina HiSeq 2000,missing,missing,EUST11681,PAIRED,RANDOM,GENOMIC,Mycobacterium tuberculosis,ILLUMINA,2024-06-04T00:00:00Z,2024-06-04T09:41:00Z,1,EUST11681,SRP511583,not applicable
SRR29273710,WGS,296,704443758,PRJNA1119915,SAMN41664217,Pathogen.cl,305628424,"FIND, THE FOUNDATION FOR INNOVATIVE NEW DIAGNOSTICS",missing,missing,2017-04,public,"fastq,run.zq,sra","gs,ncbi,s3","gs.us-east1,ncbi.public,s3.us-east-1",SRX24791222,Romania,Europe,Romania,tuberculosis,Homo sapiens,EUST11376,Illumina HiSeq 2000,missing,missing,EUST11376,PAIRED,RANDOM,GENOMIC,Mycobacterium tuberculosis,ILLUMINA,2024-06-04T00:00:00Z,2024-06-04T09:41:00Z,1,EUST11376,SRP511583,not applicable
SRR29273711,WGS,297,713910297,PRJNA1119915,SAMN41664216,Pathogen.cl,280133181,"FIND, THE FOUNDATION FOR INNOVATIVE NEW DIAGNOSTICS",missing,missing,2017-05,public,"fastq,run.zq,sra","gs,ncbi,s3","gs.us-east1,ncbi.public,s3.us-east-1",SRX24791221,Romania,Europe,Romania,tuberculosis,Homo sapiens,EUST11368,Illumina HiSeq 2000,missing,missing,EUST11368,PAIRED,RANDOM,GENOMIC,Mycobacterium tuberculosis,ILLUMINA,2024-06-04T00:00:00Z,2024-06-04T09:41:00Z,1,EUST11368,SRP511583,not applicable
SRR29273712,WGS,294,695913506,PRJNA1119915,SAMN41664215,Pathogen.cl,303865572,"FIND, THE FOUNDATION FOR INNOVATIVE NEW DIAGNOSTICS",missing,missing,2017-07,public,"fastq,run.zq,sra","gs,ncbi,s3","gs.us-east1,ncbi.public,s3.us-east-1",SRX24791220,Romania,Europe,Romania,tuberculosis,Homo sapiens,EUST11359,Illumina HiSeq 2000,missing,missing,EUST11359,PAIRED,RANDOM,GENOMIC,Mycobacterium tuberculosis,ILLUMINA,2024-06-04T00:00:00Z,2024-06-04T09:42:00Z,1,EUST11359,SRP511583,not applicable
SRR29273713,WGS,299,705627871,PRJNA1119915,SAMN41664214,Pathogen.cl,306150109,"FIND, THE FOUNDATION FOR INNOVATIVE NEW DIAGNOSTICS",missing,missing,2017-06,public,"fastq,run.zq,sra","gs,ncbi,s3","gs.us-east1,ncbi.public,s3.us-east-1",SRX24791219,Romania,Europe,Romania,tuberculosis,Homo sapiens,EUST11349,Illumina HiSeq 2000,missing,missing,EUST11349,PAIRED,RANDOM,GENOMIC,Mycobacterium tuberculosis,ILLUMINA,2024-06-04T00:00:00Z,2024-06-04T09:42:00Z,1,EUST11349,SRP511583,not applicable
SRR29273714,WGS,298,799239785,PRJNA1119915,SAMN41664213,Pathogen.cl,348952042,"FIND, THE FOUNDATION FOR INNOVATIVE NEW DIAGNOSTICS",missing,missing,2017-07,public,"fastq,run.zq,sra","gs,ncbi,s3","gs.us-east1,ncbi.public,s3.us-east-1",SRX24791218,Romania,Europe,Romania,tuberculosis,Homo sapiens,EUST11338,Illumina HiSeq 2000,missing,missing,EUST11338,PAIRED,RANDOM,GENOMIC,Mycobacterium tuberculosis,ILLUMINA,2024-06-04T00:00:00Z,2024-06-04T09:41:00Z,1,EUST11338,SRP511583,not applicable
SRR29273715,WGS,246,1186783902,PRJNA1119915,SAMN41664766,Pathogen.cl,519834153,"FIND, THE FOUNDATION FOR INNOVATIVE NEW DIAGNOSTICS",missing,missing,2018-09,public,"fastq,run.zq,sra","gs,ncbi,s3","gs.us-east1,ncbi.public,s3.us-east-1",SRX24791217,Romania,Europe,Romania,tuberculosis,Homo sapiens,EUST22448,Illumina HiSeq 2000,missing,missing,EUST22448,PAIRED,RANDOM,GENOMIC,Mycobacterium tuberculosis,ILLUMINA,2024-06-04T00:00:00Z,2024-06-04T09:42:00Z,1,EUST22448,SRP511583,not applicable
SRR29273716,WGS,296,679491923,PRJNA1119915,SAMN41664765,Pathogen.cl,282955502,"FIND, THE FOUNDATION FOR INNOVATIVE NEW DIAGNOSTICS",missing,missing,2017-03,public,"fastq,run.zq,sra","gs,ncbi,s3","gs.us-east1,ncbi.public,s3.us-east-1",SRX24791216,Romania,Europe,Romania,tuberculosis,Homo sapiens,EUST22312,Illumina HiSeq 2000,missing,missing,EUST22312,PAIRED,RANDOM,GENOMIC,Mycobacterium tuberculosis,ILLUMINA,2024-06-04T00:00:00Z,2024-06-04T09:41:00Z,1,EUST22312,SRP511583,not applicable
SRR29273717,WGS,297,540503103,PRJNA1119915,SAMN41664764,Pathogen.cl,233258531,"FIND, THE FOUNDATION FOR INNOVATIVE NEW DIAGNOSTICS",missing,missing,2017-02,public,"fastq,run.zq,sra","gs,ncbi,s3","gs.us-east1,ncbi.public,s3.us-east-1",SRX24791215,Romania,Europe,Romania,tuberculosis,Homo sapiens,EUST21507,Illumina HiSeq 2000,missing,missing,EUST21507,PAIRED,RANDOM,GENOMIC,Mycobacterium tuberculosis,ILLUMINA,2024-06-04T00:00:00Z,2024-06-04T09:41:00Z,1,EUST21507,SRP511583,not applicable
SRR29273718,WGS,297,494813929,PRJNA1119915,SAMN41664763,Pathogen.cl,214295419,"FIND, THE FOUNDATION FOR INNOVATIVE NEW DIAGNOSTICS",missing,missing,2017-01,public,"fastq,run.zq,sra","gs,ncbi,s3","gs.us-east1,ncbi.public,s3.us-east-1",SRX24791214,Romania,Europe,Romania,tuberculosis,Homo sapiens,EUST21495,Illumina HiSeq 2000,missing,missing,EUST21495,PAIRED,RANDOM,GENOMIC,Mycobacterium tuberculosis,ILLUMINA,2024-06-04T00:00:00Z,2024-06-04T09:42:00Z,1,EUST21495,SRP511583,not applicable
SRR29273719,WGS,298,509363964,PRJNA1119915,SAMN41664762,Pathogen.cl,220788118,"FIND, THE FOUNDATION FOR INNOVATIVE NEW DIAGNOSTICS",missing,missing,2017-02,public,"fastq,run.zq,sra","gs,ncbi,s3","gs.us-east1,ncbi.public,s3.us-east-1",SRX24791213,Romania,Europe,Romania,tuberculosis,Homo sapiens,EUST21481,Illumina HiSeq 2000,missing,missing,EUST21481,PAIRED,RANDOM,GENOMIC,Mycobacterium tuberculosis,ILLUMINA,2024-06-04T00:00:00Z,2024-06-04T09:41:00Z,1,EUST21481,SRP511583,not applicable
SRR29273720,WGS,297,483870152,PRJNA1119915,SAMN41664761,Pathogen.cl,210135319,"FIND, THE FOUNDATION FOR INNOVATIVE NEW DIAGNOSTICS",missing,missing,2017-01,public,"fastq,run.zq,sra","gs,ncbi,s3","gs.us-east1,ncbi.public,s3.us-east-1",SRX24791212,Romania,Europe,Romania,tuberculosis,Homo sapiens,EUST21476,Illumina HiSeq 2000,missing,missing,EUST21476,PAIRED,RANDOM,GENOMIC,Mycobacterium tuberculosis,ILLUMINA,2024-06-04T00:00:00Z,2024-06-04T09:41:00Z,1,EUST21476,SRP511583,not applicable
SRR29273721,WGS,283,920029672,PRJNA1119915,SAMN41664212,Pathogen.cl,405474371,"FIND, THE FOUNDATION FOR INNOVATIVE NEW DIAGNOSTICS",missing,missing,2017-07,public,"fastq,run.zq,sra","gs,ncbi,s3","gs.us-east1,ncbi.public,s3.us-east-1",SRX24791211,Romania,Europe,Romania,tuberculosis,Homo sapiens,EUST11326,Illumina HiSeq 2000,missing,missing,EUST11326,PAIRED,RANDOM,GENOMIC,Mycobacterium tuberculosis,ILLUMINA,2024-06-04T00:00:00Z,2024-06-04T09:42:00Z,1,EUST11326,SRP511583,not applicable
SRR29273722,WGS,297,523502228,PRJNA1119915,SAMN41664760,Pathogen.cl,226972756,"FIND, THE FOUNDATION FOR INNOVATIVE NEW DIAGNOSTICS",missing,missing,2019-06,public,"fastq,run.zq,sra","gs,ncbi,s3","gs.us-east1,ncbi.public,s3.us-east-1",SRX24791210,Romania,Europe,Romania,tuberculosis,Homo sapiens,EUST21460,Illumina HiSeq 2000,missing,missing,EUST21460,PAIRED,RANDOM,GENOMIC,Mycobacterium tuberculosis,ILLUMINA,2024-06-04T00:00:00Z,2024-06-04T09:41:00Z,1,EUST21460,SRP511583,not applicable
SRR29273723,WGS,296,505779114,PRJNA1119915,SAMN41664759,Pathogen.cl,219880134,"FIND, THE FOUNDATION FOR INNOVATIVE NEW DIAGNOSTICS",missing,missing,2019-06,public,"fastq,run.zq,sra","gs,ncbi,s3","gs.us-east1,ncbi.public,s3.us-east-1",SRX24791209,Romania,Europe,Romania,tuberculosis,Homo sapiens,EUST21453,Illumina HiSeq 2000,missing,missing,EUST21453,PAIRED,RANDOM,GENOMIC,Mycobacterium tuberculosis,ILLUMINA,2024-06-04T00:00:00Z,2024-06-04T09:41:00Z,1,EUST21453,SRP511583,not applicable
SRR29273724,WGS,296,293408631,PRJNA1119915,SAMN41664758,Pathogen.cl,128056158,"FIND, THE FOUNDATION FOR INNOVATIVE NEW DIAGNOSTICS",missing,missing,2019-07,public,"fastq,run.zq,sra","gs,ncbi,s3","gs.us-east1,ncbi.public,s3.us-east-1",SRX24791208,Romania,Europe,Romania,tuberculosis,Homo sapiens,EUST21445,Illumina HiSeq 2000,missing,missing,EUST21445,PAIRED,RANDOM,GENOMIC,Mycobacterium tuberculosis,ILLUMINA,2024-06-04T00:00:00Z,2024-06-04T09:41:00Z,1,EUST21445,SRP511583,not applicable
SRR29273725,WGS,296,546854237,PRJNA1119915,SAMN41664757,Pathogen.cl,239189231,"FIND, THE FOUNDATION FOR INNOVATIVE NEW DIAGNOSTICS",missing,missing,2019-08,public,"fastq,run.zq,sra","gs,ncbi,s3","gs.us-east1,ncbi.public,s3.us-east-1",SRX24791207,Romania,Europe,Romania,tuberculosis,Homo sapiens,EUST21436,Illumina HiSeq 2000,missing,missing,EUST21436,PAIRED,RANDOM,GENOMIC,Mycobacterium tuberculosis,ILLUMINA,2024-06-04T00:00:00Z,2024-06-04T09:41:00Z,1,EUST21436,SRP511583,not applicable
SRR29273726,WGS,298,602274729,PRJNA1119915,SAMN41664756,Pathogen.cl,263978357,"FIND, THE FOUNDATION FOR INNOVATIVE NEW DIAGNOSTICS",missing,missing,2019-08,public,"fastq,run.zq,sra","gs,ncbi,s3","gs.us-east1,ncbi.public,s3.us-east-1",SRX24791206,Romania,Europe,Romania,tuberculosis,Homo sapiens,EUST21426,Illumina HiSeq 2000,missing,missing,EUST21426,PAIRED,RANDOM,GENOMIC,Mycobacterium tuberculosis,ILLUMINA,2024-06-04T00:00:00Z,2024-06-04T09:41:00Z,1,EUST21426,SRP511583,not applicable
SRR29273727,WGS,298,668721908,PRJNA1119915,SAMN41664755,Pathogen.cl,284611441,"FIND, THE FOUNDATION FOR INNOVATIVE NEW DIAGNOSTICS",missing,missing,2019-07,public,"fastq,run.zq,sra","gs,ncbi,s3","gs.us-east1,ncbi.public,s3.us-east-1",SRX24791205,Romania,Europe,Romania,tuberculosis,Homo sapiens,EUST21415,Illumina HiSeq 2000,missing,missing,EUST21415,PAIRED,RANDOM,GENOMIC,Mycobacterium tuberculosis,ILLUMINA,2024-06-04T00:00:00Z,2024-06-04T09:41:00Z,1,EUST21415,SRP511583,not applicable
SRR29273728,WGS,298,615573697,PRJNA1119915,SAMN41664754,Pathogen.cl,266176730,"FIND, THE FOUNDATION FOR INNOVATIVE NEW DIAGNOSTICS",missing,missing,2019-05,public,"fastq,run.zq,sra","gs,ncbi,s3","gs.us-east1,ncbi.public,s3.us-east-1",SRX24791204,Romania,Europe,Romania,tuberculosis,Homo sapiens,EUST21403,Illumina HiSeq 2000,missing,missing,EUST21403,PAIRED,RANDOM,GENOMIC,Mycobacterium tuberculosis,ILLUMINA,2024-06-04T00:00:00Z,2024-06-04T09:41:00Z,1,EUST21403,SRP511583,not applicable
SRR29273729,WGS,298,601106950,PRJNA1119915,SAMN41664753,Pathogen.cl,260480882,"FIND, THE FOUNDATION FOR INNOVATIVE NEW DIAGNOSTICS",missing,missing,2019-06,public,"fastq,run.zq,sra","gs,ncbi,s3","gs.us-east1,ncbi.public,s3.us-east-1",SRX24791203,Romania,Europe,Romania,tuberculosis,Homo sapiens,EUST21390,Illumina HiSeq 2000,missing,missing,EUST21390,PAIRED,RANDOM,GENOMIC,Mycobacterium tuberculosis,ILLUMINA,2024-06-04T00:00:00Z,2024-06-04T09:41:00Z,1,EUST21390,SRP511583,not applicable
SRR29273730,WGS,297,455910335,PRJNA1119915,SAMN41664752,Pathogen.cl,202530706,"FIND, THE FOUNDATION FOR INNOVATIVE NEW DIAGNOSTICS",missing,missing,2019-06,public,"fastq,run.zq,sra","gs,ncbi,s3","gs.us-east1,ncbi.public,s3.us-east-1",SRX24791202,Romania,Europe,Romania,tuberculosis,Homo sapiens,EUST21385,Illumina HiSeq 2000,missing,missing,EUST21385,PAIRED,RANDOM,GENOMIC,Mycobacterium tuberculosis,ILLUMINA,2024-06-04T00:00:00Z,2024-06-04T09:41:00Z,1,EUST21385,SRP511583,not applicable
SRR29273731,WGS,298,584727802,PRJNA1119915,SAMN41664751,Pathogen.cl,252689505,"FIND, THE FOUNDATION FOR INNOVATIVE NEW DIAGNOSTICS",missing,missing,2019-05,public,"fastq,run.zq,sra","gs,ncbi,s3","gs.us-east1,ncbi.public,s3.us-east-1",SRX24791201,Romania,Europe,Romania,tuberculosis,Homo sapiens,EUST21379,Illumina HiSeq 2000,missing,missing,EUST21379,PAIRED,RANDOM,GENOMIC,Mycobacterium tuberculosis,ILLUMINA,2024-06-04T00:00:00Z,2024-06-04T09:41:00Z,1,EUST21379,SRP511583,not applicable
SRR29273732,WGS,294,840565235,PRJNA1119915,SAMN41664211,Pathogen.cl,362642493,"FIND, THE FOUNDATION FOR INNOVATIVE NEW DIAGNOSTICS",missing,missing,2017-08,public,"fastq,run.zq,sra","gs,ncbi,s3","gs.us-east1,ncbi.public,s3.us-east-1",SRX24791200,Romania,Europe,Romania,tuberculosis,Homo sapiens,EUST11313,Illumina HiSeq 2000,missing,missing,EUST11313,PAIRED,RANDOM,GENOMIC,Mycobacterium tuberculosis,ILLUMINA,2024-06-05T00:00:00Z,2024-06-04T09:42:00Z,1,EUST11313,SRP511583,not applicable
SRR29273733,WGS,286,382254731,PRJNA1119915,SAMN41664157,Pathogen.cl,167335012,"FIND, THE FOUNDATION FOR INNOVATIVE NEW DIAGNOSTICS",missing,missing,2017-03,public,"fastq,run.zq,sra","gs,ncbi,s3","gs.us-east1,ncbi.public,s3.us-east-1",SRX24791199,Romania,Europe,Romania,tuberculosis,Homo sapiens,EUST10767,Illumina HiSeq 2000,missing,missing,EUST10767,PAIRED,RANDOM,GENOMIC,Mycobacterium tuberculosis,ILLUMINA,2024-06-04T00:00:00Z,2024-06-04T09:41:00Z,1,EUST10767,SRP511583,not applicable
SRR29273734,WGS,298,625300447,PRJNA1119915,SAMN41664750,Pathogen.cl,265265600,"FIND, THE FOUNDATION FOR INNOVATIVE NEW DIAGNOSTICS",missing,missing,2019-05,public,"fastq,run.zq,sra","gs,ncbi,s3","gs.us-east1,ncbi.public,s3.us-east-1",SRX24791198,Romania,Europe,Romania,tuberculosis,Homo sapiens,EUST21362,Illumina HiSeq 2000,missing,missing,EUST21362,PAIRED,RANDOM,GENOMIC,Mycobacterium tuberculosis,ILLUMINA,2024-06-04T00:00:00Z,2024-06-04T09:41:00Z,1,EUST21362,SRP511583,not applicable
SRR29273735,WGS,297,498471038,PRJNA1119915,SAMN41664749,Pathogen.cl,221177794,"FIND, THE FOUNDATION FOR INNOVATIVE NEW DIAGNOSTICS",missing,missing,2019-07,public,"fastq,run.zq,sra","gs,ncbi,s3","gs.us-east1,ncbi.public,s3.us-east-1",SRX24791197,Romania,Europe,Romania,tuberculosis,Homo sapiens,EUST21354,Illumina HiSeq 2000,missing,missing,EUST21354,PAIRED,RANDOM,GENOMIC,Mycobacterium tuberculosis,ILLUMINA,2024-06-04T00:00:00Z,2024-06-04T09:42:00Z,1,EUST21354,SRP511583,not applicable
SRR29273736,WGS,298,655232703,PRJNA1119915,SAMN41664748,Pathogen.cl,282485415,"FIND, THE FOUNDATION FOR INNOVATIVE NEW DIAGNOSTICS",missing,missing,2019-08,public,"fastq,run.zq,sra","gs,ncbi,s3","gs.us-east1,ncbi.public,s3.us-east-1",SRX24791196,Romania,Europe,Romania,tuberculosis,Homo sapiens,EUST21345,Illumina HiSeq 2000,missing,missing,EUST21345,PAIRED,RANDOM,GENOMIC,Mycobacterium tuberculosis,ILLUMINA,2024-06-04T00:00:00Z,2024-06-04T09:41:00Z,1,EUST21345,SRP511583,not applicable
SRR29273737,WGS,295,488997389,PRJNA1119915,SAMN41664747,Pathogen.cl,214901438,"FIND, THE FOUNDATION FOR INNOVATIVE NEW DIAGNOSTICS",missing,missing,2019-07,public,"fastq,run.zq,sra","gs,ncbi,s3","gs.us-east1,ncbi.public,s3.us-east-1",SRX24791195,Romania,Europe,Romania,tuberculosis,Homo sapiens,EUST21335,Illumina HiSeq 2000,missing,missing,EUST21335,PAIRED,RANDOM,GENOMIC,Mycobacterium tuberculosis,ILLUMINA,2024-06-04T00:00:00Z,2024-06-04T09:41:00Z,1,EUST21335,SRP511583,not applicable
SRR29273738,WGS,297,517964203,PRJNA1119915,SAMN41664746,Pathogen.cl,226224204,"FIND, THE FOUNDATION FOR INNOVATIVE NEW DIAGNOSTICS",missing,missing,2019-07,public,"fastq,run.zq,sra","gs,ncbi,s3","gs.us-east1,ncbi.public,s3.us-east-1",SRX24791194,Romania,Europe,Romania,tuberculosis,Homo sapiens,EUST21324,Illumina HiSeq 2000,missing,missing,EUST21324,PAIRED,RANDOM,GENOMIC,Mycobacterium tuberculosis,ILLUMINA,2024-06-04T00:00:00Z,2024-06-04T09:41:00Z,1,EUST21324,SRP511583,not applicable
SRR29273739,WGS,294,504371263,PRJNA1119915,SAMN41664745,Pathogen.cl,218158110,"FIND, THE FOUNDATION FOR INNOVATIVE NEW DIAGNOSTICS",missing,missing,2019-05,public,"fastq,run.zq,sra","gs,ncbi,s3","gs.us-east1,ncbi.public,s3.us-east-1",SRX24791193,Romania,Europe,Romania,tuberculosis,Homo sapiens,EUST21312,Illumina HiSeq 2000,missing,missing,EUST21312,PAIRED,RANDOM,GENOMIC,Mycobacterium tuberculosis,ILLUMINA,2024-06-04T00:00:00Z,2024-06-04T09:41:00Z,1,EUST21312,SRP511583,not applicable
SRR29273740,WGS,292,502660961,PRJNA1119915,SAMN41664744,Pathogen.cl,218586048,"FIND, THE FOUNDATION FOR INNOVATIVE NEW DIAGNOSTICS",missing,missing,2019-05,public,"fastq,run.zq,sra","gs,ncbi,s3","gs.us-east1,ncbi.public,s3.us-east-1",SRX24791192,Romania,Europe,Romania,tuberculosis,Homo sapiens,EUST21309,Illumina HiSeq 2000,missing,missing,EUST21309,PAIRED,RANDOM,GENOMIC,Mycobacterium tuberculosis,ILLUMINA,2024-06-04T00:00:00Z,2024-06-04T09:41:00Z,1,EUST21309,SRP511583,not applicable
SRR29273741,WGS,299,656506994,PRJNA1119915,SAMN41664743,Pathogen.cl,277955829,"FIND, THE FOUNDATION FOR INNOVATIVE NEW DIAGNOSTICS",missing,missing,2019-02,public,"fastq,run.zq,sra","gs,ncbi,s3","gs.us-east1,ncbi.public,s3.us-east-1",SRX24791191,Romania,Europe,Romania,tuberculosis,Homo sapiens,EUST21295,Illumina HiSeq 2000,missing,missing,EUST21295,PAIRED,RANDOM,GENOMIC,Mycobacterium tuberculosis,ILLUMINA,2024-06-04T00:00:00Z,2024-06-04T09:41:00Z,1,EUST21295,SRP511583,not applicable
SRR29273742,WGS,296,706657456,PRJNA1119915,SAMN41664713,Pathogen.cl,300146929,"FIND, THE FOUNDATION FOR INNOVATIVE NEW DIAGNOSTICS",missing,missing,2017-03,public,"fastq,run.zq,sra","gs,ncbi,s3","gs.us-east1,ncbi.public,s3.us-east-1",SRX24791190,Romania,Europe,Romania,tuberculosis,Homo sapiens,EUST20990,Illumina HiSeq 2000,missing,missing,EUST20990,PAIRED,RANDOM,GENOMIC,Mycobacterium tuberculosis,ILLUMINA,2024-06-04T00:00:00Z,2024-06-04T09:42:00Z,1,EUST20990,SRP511583,not applicable
SRR29273743,WGS,297,583243085,PRJNA1119915,SAMN41664712,Pathogen.cl,245848407,"FIND, THE FOUNDATION FOR INNOVATIVE NEW DIAGNOSTICS",missing,missing,2017-02,public,"fastq,run.zq,sra","gs,ncbi,s3","gs.us-east1,ncbi.public,s3.us-east-1",SRX24791189,Romania,Europe,Romania,tuberculosis,Homo sapiens,EUST20980,Illumina HiSeq 2000,missing,missing,EUST20980,PAIRED,RANDOM,GENOMIC,Mycobacterium tuberculosis,ILLUMINA,2024-06-04T00:00:00Z,2024-06-04T09:41:00Z,1,EUST20980,SRP511583,not applicable
SRR29273744,WGS,298,557640425,PRJNA1119915,SAMN41664711,Pathogen.cl,230656782,"FIND, THE FOUNDATION FOR INNOVATIVE NEW DIAGNOSTICS",missing,missing,2017-02,public,"fastq,run.zq,sra","gs,ncbi,s3","gs.us-east1,ncbi.public,s3.us-east-1",SRX24791188,Romania,Europe,Romania,tuberculosis,Homo sapiens,EUST20979,Illumina HiSeq 2000,missing,missing,EUST20979,PAIRED,RANDOM,GENOMIC,Mycobacterium tuberculosis,ILLUMINA,2024-06-04T00:00:00Z,2024-06-04T09:41:00Z,1,EUST20979,SRP511583,not applicable
SRR29273745,WGS,296,977099888,PRJNA1119915,SAMN41664207,Pathogen.cl,420838504,"FIND, THE FOUNDATION FOR INNOVATIVE NEW DIAGNOSTICS",missing,missing,2017-06,public,"fastq,run.zq,sra","gs,ncbi,s3","gs.us-east1,ncbi.public,s3.us-east-1",SRX24791187,Romania,Europe,Romania,tuberculosis,Homo sapiens,EUST11279,Illumina HiSeq 2000,missing,missing,EUST11279,PAIRED,RANDOM,GENOMIC,Mycobacterium tuberculosis,ILLUMINA,2024-06-04T00:00:00Z,2024-06-04T09:42:00Z,1,EUST11279,SRP511583,not applicable
SRR29273746,WGS,296,673510940,PRJNA1119915,SAMN41664710,Pathogen.cl,280535651,"FIND, THE FOUNDATION FOR INNOVATIVE NEW DIAGNOSTICS",missing,missing,2017-04,public,"fastq,run.zq,sra","gs,ncbi,s3","gs.us-east1,ncbi.public,s3.us-east-1",SRX24791186,Romania,Europe,Romania,tuberculosis,Homo sapiens,EUST20967,Illumina HiSeq 2000,missing,missing,EUST20967,PAIRED,RANDOM,GENOMIC,Mycobacterium tuberculosis,ILLUMINA,2024-06-04T00:00:00Z,2024-06-04T09:41:00Z,1,EUST20967,SRP511583,not applicable
SRR29273747,WGS,297,483685501,PRJNA1119915,SAMN41664709,Pathogen.cl,202675774,"FIND, THE FOUNDATION FOR INNOVATIVE NEW DIAGNOSTICS",missing,missing,2017-03,public,"fastq,run.zq,sra","gs,ncbi,s3","gs.us-east1,ncbi.public,s3.us-east-1",SRX24791185,Romania,Europe,Romania,tuberculosis,Homo sapiens,EUST20954,Illumina HiSeq 2000,missing,missing,EUST20954,PAIRED,RANDOM,GENOMIC,Mycobacterium tuberculosis,ILLUMINA,2024-06-04T00:00:00Z,2024-06-04T09:41:00Z,1,EUST20954,SRP511583,not applicable
SRR29273748,WGS,295,677554483,PRJNA1119915,SAMN41664708,Pathogen.cl,284017152,"FIND, THE FOUNDATION FOR INNOVATIVE NEW DIAGNOSTICS",missing,missing,2017-05,public,"fastq,run.zq,sra","gs,ncbi,s3","gs.us-east1,ncbi.public,s3.us-east-1",SRX24791184,Romania,Europe,Romania,tuberculosis,Homo sapiens,EUST20940,Illumina HiSeq 2000,missing,missing,EUST20940,PAIRED,RANDOM,GENOMIC,Mycobacterium tuberculosis,ILLUMINA,2024-06-04T00:00:00Z,2024-06-04T09:41:00Z,1,EUST20940,SRP511583,not applicable
SRR29273749,WGS,296,589368832,PRJNA1119915,SAMN41664707,Pathogen.cl,252184597,"FIND, THE FOUNDATION FOR INNOVATIVE NEW DIAGNOSTICS",missing,missing,2017-04,public,"fastq,run.zq,sra","gs,ncbi,s3","gs.us-east1,ncbi.public,s3.us-east-1",SRX24791183,Romania,Europe,Romania,tuberculosis,Homo sapiens,EUST20935,Illumina HiSeq 2000,missing,missing,EUST20935,PAIRED,RANDOM,GENOMIC,Mycobacterium tuberculosis,ILLUMINA,2024-06-04T00:00:00Z,2024-06-04T09:41:00Z,1,EUST20935,SRP511583,not applicable
SRR29273750,WGS,298,757171941,PRJNA1119915,SAMN41664706,Pathogen.cl,320081373,"FIND, THE FOUNDATION FOR INNOVATIVE NEW DIAGNOSTICS",missing,missing,2017-01,public,"fastq,run.zq,sra","gs,ncbi,s3","gs.us-east1,ncbi.public,s3.us-east-1",SRX24791182,Romania,Europe,Romania,tuberculosis,Homo sapiens,EUST20929,Illumina HiSeq 2000,missing,missing,EUST20929,PAIRED,RANDOM,GENOMIC,Mycobacterium tuberculosis,ILLUMINA,2024-06-04T00:00:00Z,2024-06-04T09:41:00Z,1,EUST20929,SRP511583,not applicable
SRR29273751,WGS,299,329122356,PRJNA1119915,SAMN41664705,Pathogen.cl,136317979,"FIND, THE FOUNDATION FOR INNOVATIVE NEW DIAGNOSTICS",missing,missing,2017-01,public,"fastq,run.zq,sra","gs,ncbi,s3","gs.us-east1,ncbi.public,s3.us-east-1",SRX24791181,Romania,Europe,Romania,tuberculosis,Homo sapiens,EUST20912,Illumina HiSeq 2000,missing,missing,EUST20912,PAIRED,RANDOM,GENOMIC,Mycobacterium tuberculosis,ILLUMINA,2024-06-04T00:00:00Z,2024-06-04T09:41:00Z,1,EUST20912,SRP511583,not applicable
SRR29273752,WGS,296,564190613,PRJNA1119915,SAMN41664704,Pathogen.cl,237429692,"FIND, THE FOUNDATION FOR INNOVATIVE NEW DIAGNOSTICS",missing,missing,2017-02,public,"fastq,run.zq,sra","gs,ncbi,s3","gs.us-east1,ncbi.public,s3.us-east-1",SRX24791180,Romania,Europe,Romania,tuberculosis,Homo sapiens,EUST20904,Illumina HiSeq 2000,missing,missing,EUST20904,PAIRED,RANDOM,GENOMIC,Mycobacterium tuberculosis,ILLUMINA,2024-06-04T00:00:00Z,2024-06-04T09:41:00Z,1,EUST20904,SRP511583,not applicable
SRR29273753,WGS,296,657704248,PRJNA1119915,SAMN41664703,Pathogen.cl,277005194,"FIND, THE FOUNDATION FOR INNOVATIVE NEW DIAGNOSTICS",missing,missing,2016-12,public,"fastq,run.zq,sra","gs,ncbi,s3","gs.us-east1,ncbi.public,s3.us-east-1",SRX24791179,Romania,Europe,Romania,tuberculosis,Homo sapiens,EUST20895,Illumina HiSeq 2000,missing,missing,EUST20895,PAIRED,RANDOM,GENOMIC,Mycobacterium tuberculosis,ILLUMINA,2024-06-04T00:00:00Z,2024-06-04T09:41:00Z,1,EUST20895,SRP511583,not applicable
SRR29273754,WGS,296,567946376,PRJNA1119915,SAMN41664702,Pathogen.cl,241661616,"FIND, THE FOUNDATION FOR INNOVATIVE NEW DIAGNOSTICS",missing,missing,2017-05,public,"fastq,run.zq,sra","gs,ncbi,s3","gs.us-east1,ncbi.public,s3.us-east-1",SRX24791178,Romania,Europe,Romania,tuberculosis,Homo sapiens,EUST20884,Illumina HiSeq 2000,missing,missing,EUST20884,PAIRED,RANDOM,GENOMIC,Mycobacterium tuberculosis,ILLUMINA,2024-06-04T00:00:00Z,2024-06-04T09:42:00Z,1,EUST20884,SRP511583,not applicable
SRR29273755,WGS,297,723761621,PRJNA1119915,SAMN41664701,Pathogen.cl,301244539,"FIND, THE FOUNDATION FOR INNOVATIVE NEW DIAGNOSTICS",missing,missing,2017-04,public,"fastq,run.zq,sra","gs,ncbi,s3","gs.us-east1,ncbi.public,s3.us-east-1",SRX24791177,Romania,Europe,Romania,tuberculosis,Homo sapiens,EUST20872,Illumina HiSeq 2000,missing,missing,EUST20872,PAIRED,RANDOM,GENOMIC,Mycobacterium tuberculosis,ILLUMINA,2024-06-04T00:00:00Z,2024-06-04T09:41:00Z,1,EUST20872,SRP511583,not applicable
SRR29273756,WGS,297,670905909,PRJNA1119915,SAMN41664206,Pathogen.cl,293409359,"FIND, THE FOUNDATION FOR INNOVATIVE NEW DIAGNOSTICS",missing,missing,2017-03,public,"fastq,run.zq,sra","gs,ncbi,s3","gs.us-east1,ncbi.public,s3.us-east-1",SRX24791176,Romania,Europe,Romania,tuberculosis,Homo sapiens,EUST11260,Illumina HiSeq 2000,missing,missing,EUST11260,PAIRED,RANDOM,GENOMIC,Mycobacterium tuberculosis,ILLUMINA,2024-06-04T00:00:00Z,2024-06-04T09:42:00Z,1,EUST11260,SRP511583,not applicable
SRR29273757,WGS,297,479032881,PRJNA1119915,SAMN41664700,Pathogen.cl,199953535,"FIND, THE FOUNDATION FOR INNOVATIVE NEW DIAGNOSTICS",missing,missing,2017-02,public,"fastq,run.zq,sra","gs,ncbi,s3","gs.us-east1,ncbi.public,s3.us-east-1",SRX24791175,Romania,Europe,Romania,tuberculosis,Homo sapiens,EUST20869,Illumina HiSeq 2000,missing,missing,EUST20869,PAIRED,RANDOM,GENOMIC,Mycobacterium tuberculosis,ILLUMINA,2024-06-04T00:00:00Z,2024-06-04T09:42:00Z,1,EUST20869,SRP511583,not applicable
SRR29273758,WGS,296,508845355,PRJNA1119915,SAMN41664699,Pathogen.cl,214554582,"FIND, THE FOUNDATION FOR INNOVATIVE NEW DIAGNOSTICS",missing,missing,2017-01,public,"fastq,run.zq,sra","gs,ncbi,s3","gs.us-east1,ncbi.public,s3.us-east-1",SRX24791174,Romania,Europe,Romania,tuberculosis,Homo sapiens,EUST20855,Illumina HiSeq 2000,missing,missing,EUST20855,PAIRED,RANDOM,GENOMIC,Mycobacterium tuberculosis,ILLUMINA,2024-06-04T00:00:00Z,2024-06-04T09:41:00Z,1,EUST20855,SRP511583,not applicable
SRR29273759,WGS,297,579466591,PRJNA1119915,SAMN41664698,Pathogen.cl,242161652,"FIND, THE FOUNDATION FOR INNOVATIVE NEW DIAGNOSTICS",missing,missing,2017-05,public,"fastq,run.zq,sra","gs,ncbi,s3","gs.us-east1,ncbi.public,s3.us-east-1",SRX24791173,Romania,Europe,Romania,tuberculosis,Homo sapiens,EUST20840,Illumina HiSeq 2000,missing,missing,EUST20840,PAIRED,RANDOM,GENOMIC,Mycobacterium tuberculosis,ILLUMINA,2024-06-04T00:00:00Z,2024-06-04T09:41:00Z,1,EUST20840,SRP511583,not applicable
SRR29273760,WGS,293,588283065,PRJNA1119915,SAMN41664697,Pathogen.cl,245416092,"FIND, THE FOUNDATION FOR INNOVATIVE NEW DIAGNOSTICS",missing,missing,2017-04,public,"fastq,run.zq,sra","gs,ncbi,s3","gs.us-east1,ncbi.public,s3.us-east-1",SRX24791172,Romania,Europe,Romania,tuberculosis,Homo sapiens,EUST20834,Illumina HiSeq 2000,missing,missing,EUST20834,PAIRED,RANDOM,GENOMIC,Mycobacterium tuberculosis,ILLUMINA,2024-06-04T00:00:00Z,2024-06-04T09:41:00Z,1,EUST20834,SRP511583,not applicable
SRR29273761,WGS,297,546518311,PRJNA1119915,SAMN41664696,Pathogen.cl,230860899,"FIND, THE FOUNDATION FOR INNOVATIVE NEW DIAGNOSTICS",missing,missing,2017-02,public,"fastq,run.zq,sra","gs,ncbi,s3","gs.us-east1,ncbi.public,s3.us-east-1",SRX24791171,Romania,Europe,Romania,tuberculosis,Homo sapiens,EUST20827,Illumina HiSeq 2000,missing,missing,EUST20827,PAIRED,RANDOM,GENOMIC,Mycobacterium tuberculosis,ILLUMINA,2024-06-04T00:00:00Z,2024-06-04T09:41:00Z,1,EUST20827,SRP511583,not applicable
SRR29273762,WGS,295,447285768,PRJNA1119915,SAMN41664695,Pathogen.cl,188550716,"FIND, THE FOUNDATION FOR INNOVATIVE NEW DIAGNOSTICS",missing,missing,2017-03,public,"fastq,run.zq,sra","gs,ncbi,s3","gs.us-east1,ncbi.public,s3.us-east-1",SRX24791170,Romania,Europe,Romania,tuberculosis,Homo sapiens,EUST20819,Illumina HiSeq 2000,missing,missing,EUST20819,PAIRED,RANDOM,GENOMIC,Mycobacterium tuberculosis,ILLUMINA,2024-06-04T00:00:00Z,2024-06-04T09:41:00Z,1,EUST20819,SRP511583,not applicable
SRR29273763,WGS,298,475945083,PRJNA1119915,SAMN41664694,Pathogen.cl,200819382,"FIND, THE FOUNDATION FOR INNOVATIVE NEW DIAGNOSTICS",missing,missing,2017-05,public,"fastq,run.zq,sra","gs,ncbi,s3","gs.us-east1,ncbi.public,s3.us-east-1",SRX24791169,Romania,Europe,Romania,tuberculosis,Homo sapiens,EUST20800,Illumina HiSeq 2000,missing,missing,EUST20800,PAIRED,RANDOM,GENOMIC,Mycobacterium tuberculosis,ILLUMINA,2024-06-04T00:00:00Z,2024-06-04T09:41:00Z,1,EUST20800,SRP511583,not applicable
SRR29273764,WGS,297,498662560,PRJNA1119915,SAMN41664693,Pathogen.cl,210216499,"FIND, THE FOUNDATION FOR INNOVATIVE NEW DIAGNOSTICS",missing,missing,2017-05,public,"fastq,run.zq,sra","gs,ncbi,s3","gs.us-east1,ncbi.public,s3.us-east-1",SRX24791168,Romania,Europe,Romania,tuberculosis,Homo sapiens,EUST20790,Illumina HiSeq 2000,missing,missing,EUST20790,PAIRED,RANDOM,GENOMIC,Mycobacterium tuberculosis,ILLUMINA,2024-06-04T00:00:00Z,2024-06-04T09:41:00Z,1,EUST20790,SRP511583,not applicable
SRR29273765,WGS,297,529596720,PRJNA1119915,SAMN41664692,Pathogen.cl,224253929,"FIND, THE FOUNDATION FOR INNOVATIVE NEW DIAGNOSTICS",missing,missing,2017-02,public,"fastq,run.zq,sra","gs,ncbi,s3","gs.us-east1,ncbi.public,s3.us-east-1",SRX24791167,Romania,Europe,Romania,tuberculosis,Homo sapiens,EUST20788,Illumina HiSeq 2000,missing,missing,EUST20788,PAIRED,RANDOM,GENOMIC,Mycobacterium tuberculosis,ILLUMINA,2024-06-04T00:00:00Z,2024-06-04T09:41:00Z,1,EUST20788,SRP511583,not applicable
SRR29273766,WGS,296,569258504,PRJNA1119915,SAMN41664691,Pathogen.cl,242901384,"FIND, THE FOUNDATION FOR INNOVATIVE NEW DIAGNOSTICS",missing,missing,2017-04,public,"fastq,run.zq,sra","gs,ncbi,s3","gs.us-east1,ncbi.public,s3.us-east-1",SRX24791166,Romania,Europe,Romania,tuberculosis,Homo sapiens,EUST20775,Illumina HiSeq 2000,missing,missing,EUST20775,PAIRED,RANDOM,GENOMIC,Mycobacterium tuberculosis,ILLUMINA,2024-06-04T00:00:00Z,2024-06-04T09:42:00Z,1,EUST20775,SRP511583,not applicable
SRR29273767,WGS,294,963691232,PRJNA1119915,SAMN41664205,Pathogen.cl,406742303,"FIND, THE FOUNDATION FOR INNOVATIVE NEW DIAGNOSTICS",missing,missing,2017-07,public,"fastq,run.zq,sra","gs,ncbi,s3","gs.us-east1,ncbi.public,s3.us-east-1",SRX24791165,Romania,Europe,Romania,tuberculosis,Homo sapiens,EUST11250,Illumina HiSeq 2000,missing,missing,EUST11250,PAIRED,RANDOM,GENOMIC,Mycobacterium tuberculosis,ILLUMINA,2024-06-05T00:00:00Z,2024-06-04T09:42:00Z,1,EUST11250,SRP511583,not applicable
SRR29273768,WGS,296,600984085,PRJNA1119915,SAMN41664690,Pathogen.cl,256671722,"FIND, THE FOUNDATION FOR INNOVATIVE NEW DIAGNOSTICS",missing,missing,2017-04,public,"fastq,run.zq,sra","gs,ncbi,s3","gs.us-east1,ncbi.public,s3.us-east-1",SRX24791164,Romania,Europe,Romania,tuberculosis,Homo sapiens,EUST20761,Illumina HiSeq 2000,missing,missing,EUST20761,PAIRED,RANDOM,GENOMIC,Mycobacterium tuberculosis,ILLUMINA,2024-06-04T00:00:00Z,2024-06-04T09:42:00Z,1,EUST20761,SRP511583,not applicable
SRR29273769,WGS,297,510926259,PRJNA1119915,SAMN41664689,Pathogen.cl,220134858,"FIND, THE FOUNDATION FOR INNOVATIVE NEW DIAGNOSTICS",missing,missing,2017-04,public,"fastq,run.zq,sra","gs,ncbi,s3","gs.us-east1,ncbi.public,s3.us-east-1",SRX24791163,Romania,Europe,Romania,tuberculosis,Homo sapiens,EUST20756,Illumina HiSeq 2000,missing,missing,EUST20756,PAIRED,RANDOM,GENOMIC,Mycobacterium tuberculosis,ILLUMINA,2024-06-04T00:00:00Z,2024-06-04T09:41:00Z,1,EUST20756,SRP511583,not applicable
SRR29273770,WGS,298,618379285,PRJNA1119915,SAMN41664688,Pathogen.cl,258183606,"FIND, THE FOUNDATION FOR INNOVATIVE NEW DIAGNOSTICS",missing,missing,2017-04,public,"fastq,run.zq,sra","gs,ncbi,s3","gs.us-east1,ncbi.public,s3.us-east-1",SRX24791162,Romania,Europe,Romania,tuberculosis,Homo sapiens,EUST20740,Illumina HiSeq 2000,missing,missing,EUST20740,PAIRED,RANDOM,GENOMIC,Mycobacterium tuberculosis,ILLUMINA,2024-06-04T00:00:00Z,2024-06-04T09:42:00Z,1,EUST20740,SRP511583,not applicable
SRR29273771,WGS,297,511414626,PRJNA1119915,SAMN41664687,Pathogen.cl,214692281,"FIND, THE FOUNDATION FOR INNOVATIVE NEW DIAGNOSTICS",missing,missing,2017-03,public,"fastq,run.zq,sra","gs,ncbi,s3","gs.us-east1,ncbi.public,s3.us-east-1",SRX24791161,Romania,Europe,Romania,tuberculosis,Homo sapiens,EUST20733,Illumina HiSeq 2000,missing,missing,EUST20733,PAIRED,RANDOM,GENOMIC,Mycobacterium tuberculosis,ILLUMINA,2024-06-04T00:00:00Z,2024-06-04T09:41:00Z,1,EUST20733,SRP511583,not applicable
SRR29273772,WGS,297,645821363,PRJNA1119915,SAMN41664686,Pathogen.cl,271418330,"FIND, THE FOUNDATION FOR INNOVATIVE NEW DIAGNOSTICS",missing,missing,2017-03,public,"fastq,run.zq,sra","gs,ncbi,s3","gs.us-east1,ncbi.public,s3.us-east-1",SRX24791160,Romania,Europe,Romania,tuberculosis,Homo sapiens,EUST20725,Illumina HiSeq 2000,missing,missing,EUST20725,PAIRED,RANDOM,GENOMIC,Mycobacterium tuberculosis,ILLUMINA,2024-06-04T00:00:00Z,2024-06-04T09:41:00Z,1,EUST20725,SRP511583,not applicable
SRR29273773,WGS,296,537993722,PRJNA1119915,SAMN41664685,Pathogen.cl,230142789,"FIND, THE FOUNDATION FOR INNOVATIVE NEW DIAGNOSTICS",missing,missing,2017-03,public,"fastq,run.zq,sra","gs,ncbi,s3","gs.us-east1,ncbi.public,s3.us-east-1",SRX24791159,Romania,Europe,Romania,tuberculosis,Homo sapiens,EUST20716,Illumina HiSeq 2000,missing,missing,EUST20716,PAIRED,RANDOM,GENOMIC,Mycobacterium tuberculosis,ILLUMINA,2024-06-04T00:00:00Z,2024-06-04T09:42:00Z,1,EUST20716,SRP511583,not applicable
SRR29273774,WGS,297,481360392,PRJNA1119915,SAMN41664655,Pathogen.cl,205733002,"FIND, THE FOUNDATION FOR INNOVATIVE NEW DIAGNOSTICS",missing,missing,2018-03,public,"fastq,run.zq,sra","gs,ncbi,s3","gs.us-east1,ncbi.public,s3.us-east-1",SRX24791158,Romania,Europe,Romania,tuberculosis,Homo sapiens,EUST20417,Illumina HiSeq 2000,missing,missing,EUST20417,PAIRED,RANDOM,GENOMIC,Mycobacterium tuberculosis,ILLUMINA,2024-06-04T00:00:00Z,2024-06-04T09:41:00Z,1,EUST20417,SRP511583,not applicable
SRR29273775,WGS,297,467143139,PRJNA1119915,SAMN41664654,Pathogen.cl,202271647,"FIND, THE FOUNDATION FOR INNOVATIVE NEW DIAGNOSTICS",missing,missing,2017-12,public,"fastq,run.zq,sra","gs,ncbi,s3","gs.us-east1,ncbi.public,s3.us-east-1",SRX24791157,Romania,Europe,Romania,tuberculosis,Homo sapiens,EUST20404,Illumina HiSeq 2000,missing,missing,EUST20404,PAIRED,RANDOM,GENOMIC,Mycobacterium tuberculosis,ILLUMINA,2024-06-04T00:00:00Z,2024-06-04T09:41:00Z,1,EUST20404,SRP511583,not applicable
SRR29273776,WGS,294,3683500442,PRJNA1119915,SAMN41664653,Pathogen.cl,1786267997,"FIND, THE FOUNDATION FOR INNOVATIVE NEW DIAGNOSTICS",missing,missing,2018-12,public,"fastq,run.zq,sra","gs,ncbi,s3","gs.us-east1,ncbi.public,s3.us-east-1",SRX24791156,Romania,Europe,Romania,tuberculosis,Homo sapiens,EUST19064,Illumina HiSeq 2000,missing,missing,EUST19064,PAIRED,RANDOM,GENOMIC,Mycobacterium tuberculosis,ILLUMINA,2024-06-04T00:00:00Z,2024-06-04T09:44:00Z,1,EUST19064,SRP511583,not applicable
SRR29273777,WGS,297,865103574,PRJNA1119915,SAMN41664652,Pathogen.cl,371808134,"FIND, THE FOUNDATION FOR INNOVATIVE NEW DIAGNOSTICS",missing,missing,2018-10,public,"fastq,run.zq,sra","gs,ncbi,s3","gs.us-east1,ncbi.public,s3.us-east-1",SRX24791155,Romania,Europe,Romania,tuberculosis,Homo sapiens,EUST19053,Illumina HiSeq 2000,missing,missing,EUST19053,PAIRED,RANDOM,GENOMIC,Mycobacterium tuberculosis,ILLUMINA,2024-06-04T00:00:00Z,2024-06-04T09:42:00Z,1,EUST19053,SRP511583,not applicable
SRR29273778,WGS,298,848630778,PRJNA1119915,SAMN41664651,Pathogen.cl,365931343,"FIND, THE FOUNDATION FOR INNOVATIVE NEW DIAGNOSTICS",missing,missing,2019-01,public,"fastq,run.zq,sra","gs,ncbi,s3","gs.us-east1,ncbi.public,s3.us-east-1",SRX24791154,Romania,Europe,Romania,tuberculosis,Homo sapiens,EUST19048,Illumina HiSeq 2000,missing,missing,EUST19048,PAIRED,RANDOM,GENOMIC,Mycobacterium tuberculosis,ILLUMINA,2024-06-04T00:00:00Z,2024-06-04T09:41:00Z,1,EUST19048,SRP511583,not applicable
SRR29273779,WGS,266,778592298,PRJNA1119915,SAMN41664201,Pathogen.cl,332638948,"FIND, THE FOUNDATION FOR INNOVATIVE NEW DIAGNOSTICS",missing,missing,2017-04,public,"fastq,run.zq,sra","gs,ncbi,s3","gs.us-east1,ncbi.public,s3.us-east-1",SRX24791153,Romania,Europe,Romania,tuberculosis,Homo sapiens,EUST11210,Illumina HiSeq 2000,missing,missing,EUST11210,PAIRED,RANDOM,GENOMIC,Mycobacterium tuberculosis,ILLUMINA,2024-06-04T00:00:00Z,2024-06-04T09:42:00Z,1,EUST11210,SRP511583,not applicable
SRR29273780,WGS,289,471003584,PRJNA1119915,SAMN41664156,Pathogen.cl,202823066,"FIND, THE FOUNDATION FOR INNOVATIVE NEW DIAGNOSTICS",missing,missing,2016-12,public,"fastq,run.zq,sra","gs,ncbi,s3","gs.us-east1,ncbi.public,s3.us-east-1",SRX24791152,Romania,Europe,Romania,tuberculosis,Homo sapiens,EUST10751,Illumina HiSeq 2000,missing,missing,EUST10751,PAIRED,RANDOM,GENOMIC,Mycobacterium tuberculosis,ILLUMINA,2024-06-04T00:00:00Z,2024-06-04T09:41:00Z,1,EUST10751,SRP511583,not applicable
SRR29273781,WGS,297,889659230,PRJNA1119915,SAMN41664650,Pathogen.cl,384128905,"FIND, THE FOUNDATION FOR INNOVATIVE NEW DIAGNOSTICS",missing,missing,2018-11,public,"fastq,run.zq,sra","gs,ncbi,s3","gs.us-east1,ncbi.public,s3.us-east-1",SRX24791151,Romania,Europe,Romania,tuberculosis,Homo sapiens,EUST19032,Illumina HiSeq 2000,missing,missing,EUST19032,PAIRED,RANDOM,GENOMIC,Mycobacterium tuberculosis,ILLUMINA,2024-06-04T00:00:00Z,2024-06-04T09:42:00Z,1,EUST19032,SRP511583,not applicable
SRR29273782,WGS,297,852087731,PRJNA1119915,SAMN41664649,Pathogen.cl,366180191,"FIND, THE FOUNDATION FOR INNOVATIVE NEW DIAGNOSTICS",missing,missing,2018-09,public,"fastq,run.zq,sra","gs,ncbi,s3","gs.us-east1,ncbi.public,s3.us-east-1",SRX24791150,Romania,Europe,Romania,tuberculosis,Homo sapiens,EUST19025,Illumina HiSeq 2000,missing,missing,EUST19025,PAIRED,RANDOM,GENOMIC,Mycobacterium tuberculosis,ILLUMINA,2024-06-04T00:00:00Z,2024-06-04T09:41:00Z,1,EUST19025,SRP511583,not applicable
SRR29273783,WGS,297,838558417,PRJNA1119915,SAMN41664648,Pathogen.cl,363210260,"FIND, THE FOUNDATION FOR INNOVATIVE NEW DIAGNOSTICS",missing,missing,2018-08,public,"fastq,run.zq,sra","gs,ncbi,s3","gs.us-east1,ncbi.public,s3.us-east-1",SRX24791149,Romania,Europe,Romania,tuberculosis,Homo sapiens,EUST19017,Illumina HiSeq 2000,missing,missing,EUST19017,PAIRED,RANDOM,GENOMIC,Mycobacterium tuberculosis,ILLUMINA,2024-06-05T00:00:00Z,2024-06-04T09:42:00Z,1,EUST19017,SRP511583,not applicable
SRR29273784,WGS,297,877548143,PRJNA1119915,SAMN41664647,Pathogen.cl,376939358,"FIND, THE FOUNDATION FOR INNOVATIVE NEW DIAGNOSTICS",missing,missing,2018-08,public,"fastq,run.zq,sra","gs,ncbi,s3","gs.us-east1,ncbi.public,s3.us-east-1",SRX24791148,Romania,Europe,Romania,tuberculosis,Homo sapiens,EUST19008,Illumina HiSeq 2000,missing,missing,EUST19008,PAIRED,RANDOM,GENOMIC,Mycobacterium tuberculosis,ILLUMINA,2024-06-04T00:00:00Z,2024-06-04T09:42:00Z,1,EUST19008,SRP511583,not applicable
SRR29273785,WGS,287,866429744,PRJNA1119915,SAMN41664646,Pathogen.cl,371658021,"FIND, THE FOUNDATION FOR INNOVATIVE NEW DIAGNOSTICS",missing,missing,2018-09,public,"fastq,run.zq,sra","gs,ncbi,s3","gs.us-east1,ncbi.public,s3.us-east-1",SRX24791147,Romania,Europe,Romania,tuberculosis,Homo sapiens,EUST18998,Illumina HiSeq 2000,missing,missing,EUST18998,PAIRED,RANDOM,GENOMIC,Mycobacterium tuberculosis,ILLUMINA,2024-06-04T00:00:00Z,2024-06-04T09:42:00Z,1,EUST18998,SRP511583,not applicable
SRR29273786,WGS,291,880618971,PRJNA1119915,SAMN41664645,Pathogen.cl,379069989,"FIND, THE FOUNDATION FOR INNOVATIVE NEW DIAGNOSTICS",missing,missing,2018-09,public,"fastq,run.zq,sra","gs,ncbi,s3","gs.us-east1,ncbi.public,s3.us-east-1",SRX24791146,Romania,Europe,Romania,tuberculosis,Homo sapiens,EUST18985,Illumina HiSeq 2000,missing,missing,EUST18985,PAIRED,RANDOM,GENOMIC,Mycobacterium tuberculosis,ILLUMINA,2024-06-04T00:00:00Z,2024-06-04T09:42:00Z,1,EUST18985,SRP511583,not applicable
SRR29273787,WGS,289,905345706,PRJNA1119915,SAMN41664644,Pathogen.cl,388888050,"FIND, THE FOUNDATION FOR INNOVATIVE NEW DIAGNOSTICS",missing,missing,2018-08,public,"fastq,run.zq,sra","gs,ncbi,s3","gs.us-east1,ncbi.public,s3.us-east-1",SRX24791145,Romania,Europe,Romania,tuberculosis,Homo sapiens,EUST18971,Illumina HiSeq 2000,missing,missing,EUST18971,PAIRED,RANDOM,GENOMIC,Mycobacterium tuberculosis,ILLUMINA,2024-06-04T00:00:00Z,2024-06-04T09:42:00Z,1,EUST18971,SRP511583,not applicable
SRR29273788,WGS,292,858405456,PRJNA1119915,SAMN41664643,Pathogen.cl,370526172,"FIND, THE FOUNDATION FOR INNOVATIVE NEW DIAGNOSTICS",missing,missing,2018-08,public,"fastq,run.zq,sra","gs,ncbi,s3","gs.us-east1,ncbi.public,s3.us-east-1",SRX24791144,Romania,Europe,Romania,tuberculosis,Homo sapiens,EUST18966,Illumina HiSeq 2000,missing,missing,EUST18966,PAIRED,RANDOM,GENOMIC,Mycobacterium tuberculosis,ILLUMINA,2024-06-04T00:00:00Z,2024-06-04T09:42:00Z,1,EUST18966,SRP511583,not applicable
SRR29273789,WGS,297,893041491,PRJNA1119915,SAMN41664642,Pathogen.cl,383526352,"FIND, THE FOUNDATION FOR INNOVATIVE NEW DIAGNOSTICS",missing,missing,2018-09,public,"fastq,run.zq,sra","gs,ncbi,s3","gs.us-east1,ncbi.public,s3.us-east-1",SRX24791143,Romania,Europe,Romania,tuberculosis,Homo sapiens,EUST18950,Illumina HiSeq 2000,missing,missing,EUST18950,PAIRED,RANDOM,GENOMIC,Mycobacterium tuberculosis,ILLUMINA,2024-06-04T00:00:00Z,2024-06-04T09:41:00Z,1,EUST18950,SRP511583,not applicable
SRR29273790,WGS,293,766602342,PRJNA1119915,SAMN41664641,Pathogen.cl,329708510,"FIND, THE FOUNDATION FOR INNOVATIVE NEW DIAGNOSTICS",missing,missing,2018-07,public,"fastq,run.zq,sra","gs,ncbi,s3","gs.us-east1,ncbi.public,s3.us-east-1",SRX24791142,Romania,Europe,Romania,tuberculosis,Homo sapiens,EUST18943,Illumina HiSeq 2000,missing,missing,EUST18943,PAIRED,RANDOM,GENOMIC,Mycobacterium tuberculosis,ILLUMINA,2024-06-04T00:00:00Z,2024-06-04T09:41:00Z,1,EUST18943,SRP511583,not applicable
SRR29273791,WGS,298,883217672,PRJNA1119915,SAMN41664200,Pathogen.cl,393216804,"FIND, THE FOUNDATION FOR INNOVATIVE NEW DIAGNOSTICS",missing,missing,2017-08,public,"fastq,run.zq,sra","gs,ncbi,s3","gs.us-east1,ncbi.public,s3.us-east-1",SRX24791141,Romania,Europe,Romania,tuberculosis,Homo sapiens,EUST11205,Illumina HiSeq 2000,missing,missing,EUST11205,PAIRED,RANDOM,GENOMIC,Mycobacterium tuberculosis,ILLUMINA,2024-06-04T00:00:00Z,2024-06-04T09:42:00Z,1,EUST11205,SRP511583,not applicable
SRR29273792,WGS,298,816413550,PRJNA1119915,SAMN41664640,Pathogen.cl,351184909,"FIND, THE FOUNDATION FOR INNOVATIVE NEW DIAGNOSTICS",missing,missing,2018-08,public,"fastq,run.zq,sra","gs,ncbi,s3","gs.us-east1,ncbi.public,s3.us-east-1",SRX24791140,Romania,Europe,Romania,tuberculosis,Homo sapiens,EUST18935,Illumina HiSeq 2000,missing,missing,EUST18935,PAIRED,RANDOM,GENOMIC,Mycobacterium tuberculosis,ILLUMINA,2024-06-04T00:00:00Z,2024-06-04T09:42:00Z,1,EUST18935,SRP511583,not applicable
SRR29273793,WGS,298,665333783,PRJNA1119915,SAMN41664639,Pathogen.cl,288558766,"FIND, THE FOUNDATION FOR INNOVATIVE NEW DIAGNOSTICS",missing,missing,2018-11,public,"fastq,run.zq,sra","gs,ncbi,s3","gs.us-east1,ncbi.public,s3.us-east-1",SRX24791139,Romania,Europe,Romania,tuberculosis,Homo sapiens,EUST18926,Illumina HiSeq 2000,missing,missing,EUST18926,PAIRED,RANDOM,GENOMIC,Mycobacterium tuberculosis,ILLUMINA,2024-06-04T00:00:00Z,2024-06-04T09:42:00Z,1,EUST18926,SRP511583,not applicable
SRR29273794,WGS,298,796528181,PRJNA1119915,SAMN41664638,Pathogen.cl,343200243,"FIND, THE FOUNDATION FOR INNOVATIVE NEW DIAGNOSTICS",missing,missing,2018-10,public,"fastq,run.zq,sra","gs,ncbi,s3","gs.us-east1,ncbi.public,s3.us-east-1",SRX24791138,Romania,Europe,Romania,tuberculosis,Homo sapiens,EUST18916,Illumina HiSeq 2000,missing,missing,EUST18916,PAIRED,RANDOM,GENOMIC,Mycobacterium tuberculosis,ILLUMINA,2024-06-04T00:00:00Z,2024-06-04T09:41:00Z,1,EUST18916,SRP511583,not applicable
SRR29273795,WGS,298,835613090,PRJNA1119915,SAMN41664637,Pathogen.cl,358758308,"FIND, THE FOUNDATION FOR INNOVATIVE NEW DIAGNOSTICS",missing,missing,2018-09,public,"fastq,run.zq,sra","gs,ncbi,s3","gs.us-east1,ncbi.public,s3.us-east-1",SRX24791137,Romania,Europe,Romania,tuberculosis,Homo sapiens,EUST18905,Illumina HiSeq 2000,missing,missing,EUST18905,PAIRED,RANDOM,GENOMIC,Mycobacterium tuberculosis,ILLUMINA,2024-06-04T00:00:00Z,2024-06-04T09:42:00Z,1,EUST18905,SRP511583,not applicable
SRR29273796,WGS,298,750618413,PRJNA1119915,SAMN41664636,Pathogen.cl,323778901,"FIND, THE FOUNDATION FOR INNOVATIVE NEW DIAGNOSTICS",missing,missing,2018-09,public,"fastq,run.zq,sra","gs,ncbi,s3","gs.us-east1,ncbi.public,s3.us-east-1",SRX24791136,Romania,Europe,Romania,tuberculosis,Homo sapiens,EUST18893,Illumina HiSeq 2000,missing,missing,EUST18893,PAIRED,RANDOM,GENOMIC,Mycobacterium tuberculosis,ILLUMINA,2024-06-04T00:00:00Z,2024-06-04T09:42:00Z,1,EUST18893,SRP511583,not applicable
SRR29273797,WGS,296,846027609,PRJNA1119915,SAMN41664635,Pathogen.cl,363069806,"FIND, THE FOUNDATION FOR INNOVATIVE NEW DIAGNOSTICS",missing,missing,2018-10,public,"fastq,run.zq,sra","gs,ncbi,s3","gs.us-east1,ncbi.public,s3.us-east-1",SRX24791135,Romania,Europe,Romania,tuberculosis,Homo sapiens,EUST18889,Illumina HiSeq 2000,missing,missing,EUST18889,PAIRED,RANDOM,GENOMIC,Mycobacterium tuberculosis,ILLUMINA,2024-06-04T00:00:00Z,2024-06-04T09:42:00Z,1,EUST18889,SRP511583,not applicable
SRR29273798,WGS,297,806394215,PRJNA1119915,SAMN41664634,Pathogen.cl,346259189,"FIND, THE FOUNDATION FOR INNOVATIVE NEW DIAGNOSTICS",missing,missing,2018-09,public,"fastq,run.zq,sra","gs,ncbi,s3","gs.us-east1,ncbi.public,s3.us-east-1",SRX24791134,Romania,Europe,Romania,tuberculosis,Homo sapiens,EUST18874,Illumina HiSeq 2000,missing,missing,EUST18874,PAIRED,RANDOM,GENOMIC,Mycobacterium tuberculosis,ILLUMINA,2024-06-04T00:00:00Z,2024-06-04T09:42:00Z,1,EUST18874,SRP511583,not applicable
SRR29273799,WGS,297,834624925,PRJNA1119915,SAMN41664633,Pathogen.cl,359045386,"FIND, THE FOUNDATION FOR INNOVATIVE NEW DIAGNOSTICS",missing,missing,2018-08,public,"fastq,run.zq,sra","gs,ncbi,s3","gs.us-east1,ncbi.public,s3.us-east-1",SRX24791133,Romania,Europe,Romania,tuberculosis,Homo sapiens,EUST18868,Illumina HiSeq 2000,missing,missing,EUST18868,PAIRED,RANDOM,GENOMIC,Mycobacterium tuberculosis,ILLUMINA,2024-06-04T00:00:00Z,2024-06-04T09:42:00Z,1,EUST18868,SRP511583,not applicable
SRR29273800,WGS,296,879851214,PRJNA1119915,SAMN41664632,Pathogen.cl,378106793,"FIND, THE FOUNDATION FOR INNOVATIVE NEW DIAGNOSTICS",missing,missing,2018-06,public,"fastq,run.zq,sra","gs,ncbi,s3","gs.us-east1,ncbi.public,s3.us-east-1",SRX24791132,Romania,Europe,Romania,tuberculosis,Homo sapiens,EUST18851,Illumina HiSeq 2000,missing,missing,EUST18851,PAIRED,RANDOM,GENOMIC,Mycobacterium tuberculosis,ILLUMINA,2024-06-05T00:00:00Z,2024-06-04T09:42:00Z,1,EUST18851,SRP511583,not applicable
SRR29273801,WGS,296,845588120,PRJNA1119915,SAMN41664631,Pathogen.cl,364878369,"FIND, THE FOUNDATION FOR INNOVATIVE NEW DIAGNOSTICS",missing,missing,2018-08,public,"fastq,run.zq,sra","gs,ncbi,s3","gs.us-east1,ncbi.public,s3.us-east-1",SRX24791131,Romania,Europe,Romania,tuberculosis,Homo sapiens,EUST18843,Illumina HiSeq 2000,missing,missing,EUST18843,PAIRED,RANDOM,GENOMIC,Mycobacterium tuberculosis,ILLUMINA,2024-06-04T00:00:00Z,2024-06-04T09:42:00Z,1,EUST18843,SRP511583,not applicable
SRR29273802,WGS,297,806592394,PRJNA1119915,SAMN41664199,Pathogen.cl,352441251,"FIND, THE FOUNDATION FOR INNOVATIVE NEW DIAGNOSTICS",missing,missing,2017-07,public,"fastq,run.zq,sra","gs,ncbi,s3","gs.us-east1,ncbi.public,s3.us-east-1",SRX24791130,Romania,Europe,Romania,tuberculosis,Homo sapiens,EUST11199,Illumina HiSeq 2000,missing,missing,EUST11199,PAIRED,RANDOM,GENOMIC,Mycobacterium tuberculosis,ILLUMINA,2024-06-04T00:00:00Z,2024-06-04T09:42:00Z,1,EUST11199,SRP511583,not applicable
SRR29273803,WGS,292,922328976,PRJNA1119915,SAMN41664630,Pathogen.cl,396753210,"FIND, THE FOUNDATION FOR INNOVATIVE NEW DIAGNOSTICS",missing,missing,2018-10,public,"fastq,run.zq,sra","gs,ncbi,s3","gs.us-east1,ncbi.public,s3.us-east-1",SRX24791129,Romania,Europe,Romania,tuberculosis,Homo sapiens,EUST18834,Illumina HiSeq 2000,missing,missing,EUST18834,PAIRED,RANDOM,GENOMIC,Mycobacterium tuberculosis,ILLUMINA,2024-06-05T00:00:00Z,2024-06-04T09:42:00Z,1,EUST18834,SRP511583,not applicable
SRR29273804,WGS,292,747652131,PRJNA1119915,SAMN41664629,Pathogen.cl,321653977,"FIND, THE FOUNDATION FOR INNOVATIVE NEW DIAGNOSTICS",missing,missing,2018-09,public,"fastq,run.zq,sra","gs,ncbi,s3","gs.us-east1,ncbi.public,s3.us-east-1",SRX24791128,Romania,Europe,Romania,tuberculosis,Homo sapiens,EUST18824,Illumina HiSeq 2000,missing,missing,EUST18824,PAIRED,RANDOM,GENOMIC,Mycobacterium tuberculosis,ILLUMINA,2024-06-04T00:00:00Z,2024-06-04T09:42:00Z,1,EUST18824,SRP511583,not applicable
SRR29273805,WGS,298,798402773,PRJNA1119915,SAMN41664628,Pathogen.cl,344177036,"FIND, THE FOUNDATION FOR INNOVATIVE NEW DIAGNOSTICS",missing,missing,2018-07,public,"fastq,run.zq,sra","gs,ncbi,s3","gs.us-east1,ncbi.public,s3.us-east-1",SRX24791127,Romania,Europe,Romania,tuberculosis,Homo sapiens,EUST18813,Illumina HiSeq 2000,missing,missing,EUST18813,PAIRED,RANDOM,GENOMIC,Mycobacterium tuberculosis,ILLUMINA,2024-06-04T00:00:00Z,2024-06-04T09:41:00Z,1,EUST18813,SRP511583,not applicable
SRR29273806,WGS,296,449992384,PRJNA1119915,SAMN41664598,Pathogen.cl,218955221,"FIND, THE FOUNDATION FOR INNOVATIVE NEW DIAGNOSTICS",missing,missing,2018-08,public,"fastq,run.zq,sra","gs,ncbi,s3","gs.us-east1,ncbi.public,s3.us-east-1",SRX24791126,Romania,Europe,Romania,tuberculosis,Homo sapiens,EUST17978,Illumina HiSeq 2000,missing,missing,EUST17978,PAIRED,RANDOM,GENOMIC,Mycobacterium tuberculosis,ILLUMINA,2024-06-04T00:00:00Z,2024-06-04T09:42:00Z,1,EUST17978,SRP511583,not applicable
SRR29273807,WGS,296,398061226,PRJNA1119915,SAMN41664597,Pathogen.cl,194634877,"FIND, THE FOUNDATION FOR INNOVATIVE NEW DIAGNOSTICS",missing,missing,2018-06,public,"fastq,run.zq,sra","gs,ncbi,s3","gs.us-east1,ncbi.public,s3.us-east-1",SRX24791125,Romania,Europe,Romania,tuberculosis,Homo sapiens,EUST17962,Illumina HiSeq 2000,missing,missing,EUST17962,PAIRED,RANDOM,GENOMIC,Mycobacterium tuberculosis,ILLUMINA,2024-06-04T00:00:00Z,2024-06-04T09:42:00Z,1,EUST17962,SRP511583,not applicable
SRR29273808,WGS,289,467671307,PRJNA1119915,SAMN41664596,Pathogen.cl,228631224,"FIND, THE FOUNDATION FOR INNOVATIVE NEW DIAGNOSTICS",missing,missing,2018-06,public,"fastq,run.zq,sra","gs,ncbi,s3","gs.us-east1,ncbi.public,s3.us-east-1",SRX24791124,Romania,Europe,Romania,tuberculosis,Homo sapiens,EUST17955,Illumina HiSeq 2000,missing,missing,EUST17955,PAIRED,RANDOM,GENOMIC,Mycobacterium tuberculosis,ILLUMINA,2024-06-04T00:00:00Z,2024-06-04T09:42:00Z,1,EUST17955,SRP511583,not applicable
SRR29273809,WGS,291,493961517,PRJNA1119915,SAMN41664595,Pathogen.cl,241185634,"FIND, THE FOUNDATION FOR INNOVATIVE NEW DIAGNOSTICS",missing,missing,2018-05,public,"fastq,run.zq,sra","gs,ncbi,s3","gs.us-east1,ncbi.public,s3.us-east-1",SRX24791123,Romania,Europe,Romania,tuberculosis,Homo sapiens,EUST17947,Illumina HiSeq 2000,missing,missing,EUST17947,PAIRED,RANDOM,GENOMIC,Mycobacterium tuberculosis,ILLUMINA,2024-06-04T00:00:00Z,2024-06-04T09:42:00Z,1,EUST17947,SRP511583,not applicable
SRR29273810,WGS,295,432142756,PRJNA1119915,SAMN41664594,Pathogen.cl,210646539,"FIND, THE FOUNDATION FOR INNOVATIVE NEW DIAGNOSTICS",missing,missing,2018-05,public,"fastq,run.zq,sra","gs,ncbi,s3","gs.us-east1,ncbi.public,s3.us-east-1",SRX24791122,Romania,Europe,Romania,tuberculosis,Homo sapiens,EUST17938,Illumina HiSeq 2000,missing,missing,EUST17938,PAIRED,RANDOM,GENOMIC,Mycobacterium tuberculosis,ILLUMINA,2024-06-04T00:00:00Z,2024-06-04T09:41:00Z,1,EUST17938,SRP511583,not applicable
SRR29273811,WGS,294,369399190,PRJNA1119915,SAMN41664593,Pathogen.cl,181163403,"FIND, THE FOUNDATION FOR INNOVATIVE NEW DIAGNOSTICS",missing,missing,2018-07,public,"fastq,run.zq,sra","gs,ncbi,s3","gs.us-east1,ncbi.public,s3.us-east-1",SRX24791121,Romania,Europe,Romania,tuberculosis,Homo sapiens,EUST17928,Illumina HiSeq 2000,missing,missing,EUST17928,PAIRED,RANDOM,GENOMIC,Mycobacterium tuberculosis,ILLUMINA,2024-06-04T00:00:00Z,2024-06-04T09:41:00Z,1,EUST17928,SRP511583,not applicable
SRR29273812,WGS,298,494230521,PRJNA1119915,SAMN41664592,Pathogen.cl,240684477,"FIND, THE FOUNDATION FOR INNOVATIVE NEW DIAGNOSTICS",missing,missing,2018-04,public,"fastq,run.zq,sra","gs,ncbi,s3","gs.us-east1,ncbi.public,s3.us-east-1",SRX24791120,Romania,Europe,Romania,tuberculosis,Homo sapiens,EUST17917,Illumina HiSeq 2000,missing,missing,EUST17917,PAIRED,RANDOM,GENOMIC,Mycobacterium tuberculosis,ILLUMINA,2024-06-04T00:00:00Z,2024-06-04T09:42:00Z,1,EUST17917,SRP511583,not applicable
SRR29273813,WGS,296,383105812,PRJNA1119915,SAMN41664591,Pathogen.cl,186138650,"FIND, THE FOUNDATION FOR INNOVATIVE NEW DIAGNOSTICS",missing,missing,2018-04,public,"fastq,run.zq,sra","gs,ncbi,s3","gs.us-east1,ncbi.public,s3.us-east-1",SRX24791119,Romania,Europe,Romania,tuberculosis,Homo sapiens,EUST17905,Illumina HiSeq 2000,missing,missing,EUST17905,PAIRED,RANDOM,GENOMIC,Mycobacterium tuberculosis,ILLUMINA,2024-06-04T00:00:00Z,2024-06-04T09:41:00Z,1,EUST17905,SRP511583,not applicable
SRR29273814,WGS,297,896188885,PRJNA1119915,SAMN41664195,Pathogen.cl,385148640,"FIND, THE FOUNDATION FOR INNOVATIVE NEW DIAGNOSTICS",missing,missing,2017-08,public,"fastq,run.zq,sra","gs,ncbi,s3","gs.us-east1,ncbi.public,s3.us-east-1",SRX24791118,Romania,Europe,Romania,tuberculosis,Homo sapiens,EUST11151,Illumina HiSeq 2000,missing,missing,EUST11151,PAIRED,RANDOM,GENOMIC,Mycobacterium tuberculosis,ILLUMINA,2024-06-04T00:00:00Z,2024-06-04T09:42:00Z,1,EUST11151,SRP511583,not applicable
SRR29273815,WGS,292,453843223,PRJNA1119915,SAMN41664590,Pathogen.cl,220648560,"FIND, THE FOUNDATION FOR INNOVATIVE NEW DIAGNOSTICS",missing,missing,2018-04,public,"fastq,run.zq,sra","gs,ncbi,s3","gs.us-east1,ncbi.public,s3.us-east-1",SRX24791117,Romania,Europe,Romania,tuberculosis,Homo sapiens,EUST17892,Illumina HiSeq 2000,missing,missing,EUST17892,PAIRED,RANDOM,GENOMIC,Mycobacterium tuberculosis,ILLUMINA,2024-06-04T00:00:00Z,2024-06-04T09:42:00Z,1,EUST17892,SRP511583,not applicable
SRR29273816,WGS,297,464184246,PRJNA1119915,SAMN41664589,Pathogen.cl,225568356,"FIND, THE FOUNDATION FOR INNOVATIVE NEW DIAGNOSTICS",missing,missing,2018-06,public,"fastq,run.zq,sra","gs,ncbi,s3","gs.us-east1,ncbi.public,s3.us-east-1",SRX24791116,Romania,Europe,Romania,tuberculosis,Homo sapiens,EUST17887,Illumina HiSeq 2000,missing,missing,EUST17887,PAIRED,RANDOM,GENOMIC,Mycobacterium tuberculosis,ILLUMINA,2024-06-04T00:00:00Z,2024-06-04T09:41:00Z,1,EUST17887,SRP511583,not applicable
SRR29273817,WGS,296,469403982,PRJNA1119915,SAMN41664588,Pathogen.cl,227842240,"FIND, THE FOUNDATION FOR INNOVATIVE NEW DIAGNOSTICS",missing,missing,2018-06,public,"fastq,run.zq,sra","gs,ncbi,s3","gs.us-east1,ncbi.public,s3.us-east-1",SRX24791115,Romania,Europe,Romania,tuberculosis,Homo sapiens,EUST17871,Illumina HiSeq 2000,missing,missing,EUST17871,PAIRED,RANDOM,GENOMIC,Mycobacterium tuberculosis,ILLUMINA,2024-06-04T00:00:00Z,2024-06-04T09:42:00Z,1,EUST17871,SRP511583,not applicable
SRR29273818,WGS,291,448175691,PRJNA1119915,SAMN41664587,Pathogen.cl,218634840,"FIND, THE FOUNDATION FOR INNOVATIVE NEW DIAGNOSTICS",missing,missing,2018-05,public,"fastq,run.zq,sra","gs,ncbi,s3","gs.us-east1,ncbi.public,s3.us-east-1",SRX24791114,Romania,Europe,Romania,tuberculosis,Homo sapiens,EUST17864,Illumina HiSeq 2000,missing,missing,EUST17864,PAIRED,RANDOM,GENOMIC,Mycobacterium tuberculosis,ILLUMINA,2024-06-04T00:00:00Z,2024-06-04T09:41:00Z,1,EUST17864,SRP511583,not applicable
SRR29273819,WGS,294,445581792,PRJNA1119915,SAMN41664586,Pathogen.cl,217490035,"FIND, THE FOUNDATION FOR INNOVATIVE NEW DIAGNOSTICS",missing,missing,2018-08,public,"fastq,run.zq,sra","gs,ncbi,s3","gs.us-east1,ncbi.public,s3.us-east-1",SRX24791113,Romania,Europe,Romania,tuberculosis,Homo sapiens,EUST17856,Illumina HiSeq 2000,missing,missing,EUST17856,PAIRED,RANDOM,GENOMIC,Mycobacterium tuberculosis,ILLUMINA,2024-06-04T00:00:00Z,2024-06-04T09:41:00Z,1,EUST17856,SRP511583,not applicable
SRR29273820,WGS,291,432961110,PRJNA1119915,SAMN41664585,Pathogen.cl,211735292,"FIND, THE FOUNDATION FOR INNOVATIVE NEW DIAGNOSTICS",missing,missing,2018-07,public,"fastq,run.zq,sra","gs,ncbi,s3","gs.us-east1,ncbi.public,s3.us-east-1",SRX24791112,Romania,Europe,Romania,tuberculosis,Homo sapiens,EUST17847,Illumina HiSeq 2000,missing,missing,EUST17847,PAIRED,RANDOM,GENOMIC,Mycobacterium tuberculosis,ILLUMINA,2024-06-04T00:00:00Z,2024-06-04T09:42:00Z,1,EUST17847,SRP511583,not applicable
SRR29273821,WGS,291,389977933,PRJNA1119915,SAMN41664584,Pathogen.cl,191568509,"FIND, THE FOUNDATION FOR INNOVATIVE NEW DIAGNOSTICS",missing,missing,2018-08,public,"fastq,run.zq,sra","gs,ncbi,s3","gs.us-east1,ncbi.public,s3.us-east-1",SRX24791111,Romania,Europe,Romania,tuberculosis,Homo sapiens,EUST17837,Illumina HiSeq 2000,missing,missing,EUST17837,PAIRED,RANDOM,GENOMIC,Mycobacterium tuberculosis,ILLUMINA,2024-06-04T00:00:00Z,2024-06-04T09:41:00Z,1,EUST17837,SRP511583,not applicable
SRR29273822,WGS,288,256249410,PRJNA1119915,SAMN41664583,Pathogen.cl,125547437,"FIND, THE FOUNDATION FOR INNOVATIVE NEW DIAGNOSTICS",missing,missing,2018-08,public,"fastq,run.zq,sra","gs,ncbi,s3","gs.us-east1,ncbi.public,s3.us-east-1",SRX24791110,Romania,Europe,Romania,tuberculosis,Homo sapiens,EUST17826,Illumina HiSeq 2000,missing,missing,EUST17826,PAIRED,RANDOM,GENOMIC,Mycobacterium tuberculosis,ILLUMINA,2024-06-04T00:00:00Z,2024-06-04T09:41:00Z,1,EUST17826,SRP511583,not applicable
SRR29273823,WGS,289,514117878,PRJNA1119915,SAMN41664582,Pathogen.cl,248929618,"FIND, THE FOUNDATION FOR INNOVATIVE NEW DIAGNOSTICS",missing,missing,2018-07,public,"fastq,run.zq,sra","gs,ncbi,s3","gs.us-east1,ncbi.public,s3.us-east-1",SRX24791109,Romania,Europe,Romania,tuberculosis,Homo sapiens,EUST17814,Illumina HiSeq 2000,missing,missing,EUST17814,PAIRED,RANDOM,GENOMIC,Mycobacterium tuberculosis,ILLUMINA,2024-06-04T00:00:00Z,2024-06-04T09:42:00Z,1,EUST17814,SRP511583,not applicable
SRR29273824,WGS,294,403998341,PRJNA1119915,SAMN41664581,Pathogen.cl,197756441,"FIND, THE FOUNDATION FOR INNOVATIVE NEW DIAGNOSTICS",missing,missing,2018-04,public,"fastq,run.zq,sra","gs,ncbi,s3","gs.us-east1,ncbi.public,s3.us-east-1",SRX24791108,Romania,Europe,Romania,tuberculosis,Homo sapiens,EUST17801,Illumina HiSeq 2000,missing,missing,EUST17801,PAIRED,RANDOM,GENOMIC,Mycobacterium tuberculosis,ILLUMINA,2024-06-04T00:00:00Z,2024-06-04T09:41:00Z,1,EUST17801,SRP511583,not applicable
SRR29273825,WGS,294,846725507,PRJNA1119915,SAMN41664194,Pathogen.cl,364798396,"FIND, THE FOUNDATION FOR INNOVATIVE NEW DIAGNOSTICS",missing,missing,2017-06,public,"fastq,run.zq,sra","gs,ncbi,s3","gs.us-east1,ncbi.public,s3.us-east-1",SRX24791107,Romania,Europe,Romania,tuberculosis,Homo sapiens,EUST11136,Illumina HiSeq 2000,missing,missing,EUST11136,PAIRED,RANDOM,GENOMIC,Mycobacterium tuberculosis,ILLUMINA,2024-06-04T00:00:00Z,2024-06-04T09:42:00Z,1,EUST11136,SRP511583,not applicable
SRR29273826,WGS,294,459006335,PRJNA1119915,SAMN41664580,Pathogen.cl,223735449,"FIND, THE FOUNDATION FOR INNOVATIVE NEW DIAGNOSTICS",missing,missing,2018-05,public,"fastq,run.zq,sra","gs,ncbi,s3","gs.us-east1,ncbi.public,s3.us-east-1",SRX24791106,Romania,Europe,Romania,tuberculosis,Homo sapiens,EUST17797,Illumina HiSeq 2000,missing,missing,EUST17797,PAIRED,RANDOM,GENOMIC,Mycobacterium tuberculosis,ILLUMINA,2024-06-04T00:00:00Z,2024-06-04T09:42:00Z,1,EUST17797,SRP511583,not applicable
SRR29273827,WGS,295,506622842,PRJNA1119915,SAMN41664579,Pathogen.cl,246430766,"FIND, THE FOUNDATION FOR INNOVATIVE NEW DIAGNOSTICS",missing,missing,2018-07,public,"fastq,run.zq,sra","gs,ncbi,s3","gs.us-east1,ncbi.public,s3.us-east-1",SRX24791105,Romania,Europe,Romania,tuberculosis,Homo sapiens,EUST17781,Illumina HiSeq 2000,missing,missing,EUST17781,PAIRED,RANDOM,GENOMIC,Mycobacterium tuberculosis,ILLUMINA,2024-06-04T00:00:00Z,2024-06-04T09:42:00Z,1,EUST17781,SRP511583,not applicable
SRR29273828,WGS,292,446743244,PRJNA1119915,SAMN41664578,Pathogen.cl,217334183,"FIND, THE FOUNDATION FOR INNOVATIVE NEW DIAGNOSTICS",missing,missing,2018-05,public,"fastq,run.zq,sra","gs,ncbi,s3","gs.us-east1,ncbi.public,s3.us-east-1",SRX24791104,Romania,Europe,Romania,tuberculosis,Homo sapiens,EUST17774,Illumina HiSeq 2000,missing,missing,EUST17774,PAIRED,RANDOM,GENOMIC,Mycobacterium tuberculosis,ILLUMINA,2024-06-04T00:00:00Z,2024-06-04T09:41:00Z,1,EUST17774,SRP511583,not applicable
SRR29273829,WGS,293,431528065,PRJNA1119915,SAMN41664577,Pathogen.cl,209342430,"FIND, THE FOUNDATION FOR INNOVATIVE NEW DIAGNOSTICS",missing,missing,2018-07,public,"fastq,run.zq,sra","gs,ncbi,s3","gs.us-east1,ncbi.public,s3.us-east-1",SRX24791103,Romania,Europe,Romania,tuberculosis,Homo sapiens,EUST17766,Illumina HiSeq 2000,missing,missing,EUST17766,PAIRED,RANDOM,GENOMIC,Mycobacterium tuberculosis,ILLUMINA,2024-06-04T00:00:00Z,2024-06-04T09:41:00Z,1,EUST17766,SRP511583,not applicable
SRR29273830,WGS,293,412369649,PRJNA1119915,SAMN41664576,Pathogen.cl,200089749,"FIND, THE FOUNDATION FOR INNOVATIVE NEW DIAGNOSTICS",missing,missing,2018-04,public,"fastq,run.zq,sra","gs,ncbi,s3","gs.us-east1,ncbi.public,s3.us-east-1",SRX24791102,Romania,Europe,Romania,tuberculosis,Homo sapiens,EUST17757,Illumina HiSeq 2000,missing,missing,EUST17757,PAIRED,RANDOM,GENOMIC,Mycobacterium tuberculosis,ILLUMINA,2024-06-04T00:00:00Z,2024-06-04T09:41:00Z,1,EUST17757,SRP511583,not applicable
SRR29273831,WGS,292,369667031,PRJNA1119915,SAMN41664575,Pathogen.cl,180132685,"FIND, THE FOUNDATION FOR INNOVATIVE NEW DIAGNOSTICS",missing,missing,2018-05,public,"fastq,run.zq,sra","gs,ncbi,s3","gs.us-east1,ncbi.public,s3.us-east-1",SRX24791101,Romania,Europe,Romania,tuberculosis,Homo sapiens,EUST17747,Illumina HiSeq 2000,missing,missing,EUST17747,PAIRED,RANDOM,GENOMIC,Mycobacterium tuberculosis,ILLUMINA,2024-06-04T00:00:00Z,2024-06-04T09:41:00Z,1,EUST17747,SRP511583,not applicable
SRR29273832,WGS,293,333092315,PRJNA1119915,SAMN41664574,Pathogen.cl,162758418,"FIND, THE FOUNDATION FOR INNOVATIVE NEW DIAGNOSTICS",missing,missing,2018-06,public,"fastq,run.zq,sra","gs,ncbi,s3","gs.us-east1,ncbi.public,s3.us-east-1",SRX24791100,Romania,Europe,Romania,tuberculosis,Homo sapiens,EUST17736,Illumina HiSeq 2000,missing,missing,EUST17736,PAIRED,RANDOM,GENOMIC,Mycobacterium tuberculosis,ILLUMINA,2024-06-04T00:00:00Z,2024-06-04T09:41:00Z,1,EUST17736,SRP511583,not applicable
SRR29273833,WGS,296,405472435,PRJNA1119915,SAMN41664573,Pathogen.cl,197585991,"FIND, THE FOUNDATION FOR INNOVATIVE NEW DIAGNOSTICS",missing,missing,2018-05,public,"fastq,run.zq,sra","gs,ncbi,s3","gs.us-east1,ncbi.public,s3.us-east-1",SRX24791099,Romania,Europe,Romania,tuberculosis,Homo sapiens,EUST17724,Illumina HiSeq 2000,missing,missing,EUST17724,PAIRED,RANDOM,GENOMIC,Mycobacterium tuberculosis,ILLUMINA,2024-06-04T00:00:00Z,2024-06-04T09:41:00Z,1,EUST17724,SRP511583,not applicable
SRR29273834,WGS,290,406164409,PRJNA1119915,SAMN41664572,Pathogen.cl,198578336,"FIND, THE FOUNDATION FOR INNOVATIVE NEW DIAGNOSTICS",missing,missing,2018-05,public,"fastq,run.zq,sra","gs,ncbi,s3","gs.us-east1,ncbi.public,s3.us-east-1",SRX24791098,Romania,Europe,Romania,tuberculosis,Homo sapiens,EUST17711,Illumina HiSeq 2000,missing,missing,EUST17711,PAIRED,RANDOM,GENOMIC,Mycobacterium tuberculosis,ILLUMINA,2024-06-04T00:00:00Z,2024-06-04T09:41:00Z,1,EUST17711,SRP511583,not applicable
SRR29273835,WGS,291,360308668,PRJNA1119915,SAMN41664571,Pathogen.cl,176088561,"FIND, THE FOUNDATION FOR INNOVATIVE NEW DIAGNOSTICS",missing,missing,2018-05,public,"fastq,run.zq,sra","gs,ncbi,s3","gs.us-east1,ncbi.public,s3.us-east-1",SRX24791097,Romania,Europe,Romania,tuberculosis,Homo sapiens,EUST17707,Illumina HiSeq 2000,missing,missing,EUST17707,PAIRED,RANDOM,GENOMIC,Mycobacterium tuberculosis,ILLUMINA,2024-06-04T00:00:00Z,2024-06-04T09:41:00Z,1,EUST17707,SRP511583,not applicable
SRR29273836,WGS,298,890326926,PRJNA1119915,SAMN41664193,Pathogen.cl,388195167,"FIND, THE FOUNDATION FOR INNOVATIVE NEW DIAGNOSTICS",missing,missing,2017-07,public,"fastq,run.zq,sra","gs,ncbi,s3","gs.us-east1,ncbi.public,s3.us-east-1",SRX24791096,Romania,Europe,Romania,tuberculosis,Homo sapiens,EUST11122,Illumina HiSeq 2000,missing,missing,EUST11122,PAIRED,RANDOM,GENOMIC,Mycobacterium tuberculosis,ILLUMINA,2024-06-04T00:00:00Z,2024-06-04T09:41:00Z,1,EUST11122,SRP511583,not applicable
SRR29273837,WGS,290,391950179,PRJNA1119915,SAMN41664570,Pathogen.cl,190156188,"FIND, THE FOUNDATION FOR INNOVATIVE NEW DIAGNOSTICS",missing,missing,2018-05,public,"fastq,run.zq,sra","gs,ncbi,s3","gs.us-east1,ncbi.public,s3.us-east-1",SRX24791095,Romania,Europe,Romania,tuberculosis,Homo sapiens,EUST17692,Illumina HiSeq 2000,missing,missing,EUST17692,PAIRED,RANDOM,GENOMIC,Mycobacterium tuberculosis,ILLUMINA,2024-06-04T00:00:00Z,2024-06-04T09:41:00Z,1,EUST17692,SRP511583,not applicable
SRR29273838,WGS,289,298975962,PRJNA1119915,SAMN41664511,Pathogen.cl,145595136,"FIND, THE FOUNDATION FOR INNOVATIVE NEW DIAGNOSTICS",missing,missing,2018-07,public,"fastq,run.zq,sra","gs,ncbi,s3","gs.us-east1,ncbi.public,s3.us-east-1",SRX24791094,Romania,Europe,Romania,tuberculosis,Homo sapiens,EUST17092,Illumina HiSeq 2000,missing,missing,EUST17092,PAIRED,RANDOM,GENOMIC,Mycobacterium tuberculosis,ILLUMINA,2024-06-04T00:00:00Z,2024-06-04T09:41:00Z,1,EUST17092,SRP511583,not applicable
SRR29273839,WGS,296,727317883,PRJNA1119915,SAMN41664187,Pathogen.cl,315772103,"FIND, THE FOUNDATION FOR INNOVATIVE NEW DIAGNOSTICS",missing,missing,2017-03,public,"fastq,run.zq,sra","gs,ncbi,s3","gs.us-east1,ncbi.public,s3.us-east-1",SRX24791093,Romania,Europe,Romania,tuberculosis,Homo sapiens,EUST11064,Illumina HiSeq 2000,missing,missing,EUST11064,PAIRED,RANDOM,GENOMIC,Mycobacterium tuberculosis,ILLUMINA,2024-06-04T00:00:00Z,2024-06-04T09:41:00Z,1,EUST11064,SRP511583,not applicable
SRR29273840,WGS,294,420690729,PRJNA1119915,SAMN41664510,Pathogen.cl,204854369,"FIND, THE FOUNDATION FOR INNOVATIVE NEW DIAGNOSTICS",missing,missing,2018-06,public,"fastq,run.zq,sra","gs,ncbi,s3","gs.us-east1,ncbi.public,s3.us-east-1",SRX24791092,Romania,Europe,Romania,tuberculosis,Homo sapiens,EUST17089,Illumina HiSeq 2000,missing,missing,EUST17089,PAIRED,RANDOM,GENOMIC,Mycobacterium tuberculosis,ILLUMINA,2024-06-04T00:00:00Z,2024-06-04T09:41:00Z,1,EUST17089,SRP511583,not applicable
SRR29273841,WGS,290,599924172,PRJNA1119915,SAMN41664509,Pathogen.cl,292847558,"FIND, THE FOUNDATION FOR INNOVATIVE NEW DIAGNOSTICS",missing,missing,2018-06,public,"fastq,run.zq,sra","gs,ncbi,s3","gs.us-east1,ncbi.public,s3.us-east-1",SRX24791091,Romania,Europe,Romania,tuberculosis,Homo sapiens,EUST17075,Illumina HiSeq 2000,missing,missing,EUST17075,PAIRED,RANDOM,GENOMIC,Mycobacterium tuberculosis,ILLUMINA,2024-06-04T00:00:00Z,2024-06-04T09:41:00Z,1,EUST17075,SRP511583,not applicable
SRR29273842,WGS,292,506553106,PRJNA1119915,SAMN41664508,Pathogen.cl,245690977,"FIND, THE FOUNDATION FOR INNOVATIVE NEW DIAGNOSTICS",missing,missing,2018-06,public,"fastq,run.zq,sra","gs,ncbi,s3","gs.us-east1,ncbi.public,s3.us-east-1",SRX24791090,Romania,Europe,Romania,tuberculosis,Homo sapiens,EUST17060,Illumina HiSeq 2000,missing,missing,EUST17060,PAIRED,RANDOM,GENOMIC,Mycobacterium tuberculosis,ILLUMINA,2024-06-04T00:00:00Z,2024-06-04T09:42:00Z,1,EUST17060,SRP511583,not applicable
SRR29273843,WGS,285,347673439,PRJNA1119915,SAMN41664507,Pathogen.cl,171240221,"FIND, THE FOUNDATION FOR INNOVATIVE NEW DIAGNOSTICS",missing,missing,2018-04,public,"fastq,run.zq,sra","gs,ncbi,s3","gs.us-east1,ncbi.public,s3.us-east-1",SRX24791089,Romania,Europe,Romania,tuberculosis,Homo sapiens,EUST17054,Illumina HiSeq 2000,missing,missing,EUST17054,PAIRED,RANDOM,GENOMIC,Mycobacterium tuberculosis,ILLUMINA,2024-06-04T00:00:00Z,2024-06-04T09:41:00Z,1,EUST17054,SRP511583,not applicable
SRR29273844,WGS,292,462452249,PRJNA1119915,SAMN41664506,Pathogen.cl,224999896,"FIND, THE FOUNDATION FOR INNOVATIVE NEW DIAGNOSTICS",missing,missing,2018-09,public,"fastq,run.zq,sra","gs,ncbi,s3","gs.us-east1,ncbi.public,s3.us-east-1",SRX24791088,Romania,Europe,Romania,tuberculosis,Homo sapiens,EUST17047,Illumina HiSeq 2000,missing,missing,EUST17047,PAIRED,RANDOM,GENOMIC,Mycobacterium tuberculosis,ILLUMINA,2024-06-04T00:00:00Z,2024-06-04T09:41:00Z,1,EUST17047,SRP511583,not applicable
SRR29273845,WGS,290,489982006,PRJNA1119915,SAMN41664505,Pathogen.cl,238825806,"FIND, THE FOUNDATION FOR INNOVATIVE NEW DIAGNOSTICS",missing,missing,2018-05,public,"fastq,run.zq,sra","gs,ncbi,s3","gs.us-east1,ncbi.public,s3.us-east-1",SRX24791087,Romania,Europe,Romania,tuberculosis,Homo sapiens,EUST17039,Illumina HiSeq 2000,missing,missing,EUST17039,PAIRED,RANDOM,GENOMIC,Mycobacterium tuberculosis,ILLUMINA,2024-06-04T00:00:00Z,2024-06-04T09:41:00Z,1,EUST17039,SRP511583,not applicable
SRR29273846,WGS,298,714464894,PRJNA1119915,SAMN41664504,Pathogen.cl,309243497,"FIND, THE FOUNDATION FOR INNOVATIVE NEW DIAGNOSTICS",missing,missing,2018-05,public,"fastq,run.zq,sra","gs,ncbi,s3","gs.us-east1,ncbi.public,s3.us-east-1",SRX24791086,Romania,Europe,Romania,tuberculosis,Homo sapiens,EUST17020,Illumina HiSeq 2000,missing,missing,EUST17020,PAIRED,RANDOM,GENOMIC,Mycobacterium tuberculosis,ILLUMINA,2024-06-04T00:00:00Z,2024-06-04T09:41:00Z,1,EUST17020,SRP511583,not applicable
SRR29273847,WGS,298,815344792,PRJNA1119915,SAMN41664503,Pathogen.cl,352000034,"FIND, THE FOUNDATION FOR INNOVATIVE NEW DIAGNOSTICS",missing,missing,2018-04,public,"fastq,run.zq,sra","gs,ncbi,s3","gs.us-east1,ncbi.public,s3.us-east-1",SRX24791085,Romania,Europe,Romania,tuberculosis,Homo sapiens,EUST17010,Illumina HiSeq 2000,missing,missing,EUST17010,PAIRED,RANDOM,GENOMIC,Mycobacterium tuberculosis,ILLUMINA,2024-06-04T00:00:00Z,2024-06-04T09:41:00Z,1,EUST17010,SRP511583,not applicable
SRR29273848,WGS,297,801199954,PRJNA1119915,SAMN41664502,Pathogen.cl,346909213,"FIND, THE FOUNDATION FOR INNOVATIVE NEW DIAGNOSTICS",missing,missing,2018-08,public,"fastq,run.zq,sra","gs,ncbi,s3","gs.us-east1,ncbi.public,s3.us-east-1",SRX24791084,Romania,Europe,Romania,tuberculosis,Homo sapiens,EUST17009,Illumina HiSeq 2000,missing,missing,EUST17009,PAIRED,RANDOM,GENOMIC,Mycobacterium tuberculosis,ILLUMINA,2024-06-04T00:00:00Z,2024-06-04T09:42:00Z,1,EUST17009,SRP511583,not applicable
SRR29273849,WGS,298,727853229,PRJNA1119915,SAMN41664501,Pathogen.cl,316188659,"FIND, THE FOUNDATION FOR INNOVATIVE NEW DIAGNOSTICS",missing,missing,2018-03,public,"fastq,run.zq,sra","gs,ncbi,s3","gs.us-east1,ncbi.public,s3.us-east-1",SRX24791083,Romania,Europe,Romania,tuberculosis,Homo sapiens,EUST16997,Illumina HiSeq 2000,missing,missing,EUST16997,PAIRED,RANDOM,GENOMIC,Mycobacterium tuberculosis,ILLUMINA,2024-06-04T00:00:00Z,2024-06-04T09:42:00Z,1,EUST16997,SRP511583,not applicable
SRR29273850,WGS,297,772888237,PRJNA1119915,SAMN41664186,Pathogen.cl,332767099,"FIND, THE FOUNDATION FOR INNOVATIVE NEW DIAGNOSTICS",missing,missing,2017-03,public,"fastq,run.zq,sra","gs,ncbi,s3","gs.us-east1,ncbi.public,s3.us-east-1",SRX24791082,Romania,Europe,Romania,tuberculosis,Homo sapiens,EUST11052,Illumina HiSeq 2000,missing,missing,EUST11052,PAIRED,RANDOM,GENOMIC,Mycobacterium tuberculosis,ILLUMINA,2024-06-04T00:00:00Z,2024-06-04T09:41:00Z,1,EUST11052,SRP511583,not applicable
SRR29273851,WGS,298,675013083,PRJNA1119915,SAMN41664500,Pathogen.cl,292567636,"FIND, THE FOUNDATION FOR INNOVATIVE NEW DIAGNOSTICS",missing,missing,2018-03,public,"fastq,run.zq,sra","gs,ncbi,s3","gs.us-east1,ncbi.public,s3.us-east-1",SRX24791081,Romania,Europe,Romania,tuberculosis,Homo sapiens,EUST16982,Illumina HiSeq 2000,missing,missing,EUST16982,PAIRED,RANDOM,GENOMIC,Mycobacterium tuberculosis,ILLUMINA,2024-06-04T00:00:00Z,2024-06-04T09:41:00Z,1,EUST16982,SRP511583,not applicable
SRR29273852,WGS,298,677689328,PRJNA1119915,SAMN41664499,Pathogen.cl,295437721,"FIND, THE FOUNDATION FOR INNOVATIVE NEW DIAGNOSTICS",missing,missing,2018-02,public,"fastq,run.zq,sra","gs,ncbi,s3","gs.us-east1,ncbi.public,s3.us-east-1",SRX24791080,Romania,Europe,Romania,tuberculosis,Homo sapiens,EUST16976,Illumina HiSeq 2000,missing,missing,EUST16976,PAIRED,RANDOM,GENOMIC,Mycobacterium tuberculosis,ILLUMINA,2024-06-04T00:00:00Z,2024-06-04T09:41:00Z,1,EUST16976,SRP511583,not applicable
SRR29273853,WGS,298,579497443,PRJNA1119915,SAMN41664498,Pathogen.cl,252715610,"FIND, THE FOUNDATION FOR INNOVATIVE NEW DIAGNOSTICS",missing,missing,2018-04,public,"fastq,run.zq,sra","gs,ncbi,s3","gs.us-east1,ncbi.public,s3.us-east-1",SRX24791079,Romania,Europe,Romania,tuberculosis,Homo sapiens,EUST16969,Illumina HiSeq 2000,missing,missing,EUST16969,PAIRED,RANDOM,GENOMIC,Mycobacterium tuberculosis,ILLUMINA,2024-06-04T00:00:00Z,2024-06-04T09:41:00Z,1,EUST16969,SRP511583,not applicable
SRR29273854,WGS,298,642465136,PRJNA1119915,SAMN41664497,Pathogen.cl,281058966,"FIND, THE FOUNDATION FOR INNOVATIVE NEW DIAGNOSTICS",missing,missing,2018-02,public,"fastq,run.zq,sra","gs,ncbi,s3","gs.us-east1,ncbi.public,s3.us-east-1",SRX24791078,Romania,Europe,Romania,tuberculosis,Homo sapiens,EUST16951,Illumina HiSeq 2000,missing,missing,EUST16951,PAIRED,RANDOM,GENOMIC,Mycobacterium tuberculosis,ILLUMINA,2024-06-04T00:00:00Z,2024-06-04T09:42:00Z,1,EUST16951,SRP511583,not applicable
SRR29273855,WGS,297,770442997,PRJNA1119915,SAMN41664496,Pathogen.cl,336102619,"FIND, THE FOUNDATION FOR INNOVATIVE NEW DIAGNOSTICS",missing,missing,2018-01,public,"fastq,run.zq,sra","gs,ncbi,s3","gs.us-east1,ncbi.public,s3.us-east-1",SRX24791077,Romania,Europe,Romania,tuberculosis,Homo sapiens,EUST16942,Illumina HiSeq 2000,missing,missing,EUST16942,PAIRED,RANDOM,GENOMIC,Mycobacterium tuberculosis,ILLUMINA,2024-06-04T00:00:00Z,2024-06-04T09:41:00Z,1,EUST16942,SRP511583,not applicable
SRR29273856,WGS,297,876935550,PRJNA1119915,SAMN41664495,Pathogen.cl,378961549,"FIND, THE FOUNDATION FOR INNOVATIVE NEW DIAGNOSTICS",missing,missing,2018-01,public,"fastq,run.zq,sra","gs,ncbi,s3","gs.us-east1,ncbi.public,s3.us-east-1",SRX24791076,Romania,Europe,Romania,tuberculosis,Homo sapiens,EUST16932,Illumina HiSeq 2000,missing,missing,EUST16932,PAIRED,RANDOM,GENOMIC,Mycobacterium tuberculosis,ILLUMINA,2024-06-04T00:00:00Z,2024-06-04T09:42:00Z,1,EUST16932,SRP511583,not applicable
SRR29273857,WGS,296,764968638,PRJNA1119915,SAMN41664494,Pathogen.cl,331379063,"FIND, THE FOUNDATION FOR INNOVATIVE NEW DIAGNOSTICS",missing,missing,2017-11,public,"fastq,run.zq,sra","gs,ncbi,s3","gs.us-east1,ncbi.public,s3.us-east-1",SRX24791075,Romania,Europe,Romania,tuberculosis,Homo sapiens,EUST16921,Illumina HiSeq 2000,missing,missing,EUST16921,PAIRED,RANDOM,GENOMIC,Mycobacterium tuberculosis,ILLUMINA,2024-06-04T00:00:00Z,2024-06-04T09:42:00Z,1,EUST16921,SRP511583,not applicable
SRR29273858,WGS,298,434906631,PRJNA1119915,SAMN41664493,Pathogen.cl,187671690,"FIND, THE FOUNDATION FOR INNOVATIVE NEW DIAGNOSTICS",missing,missing,2017-11,public,"fastq,run.zq,sra","gs,ncbi,s3","gs.us-east1,ncbi.public,s3.us-east-1",SRX24791074,Romania,Europe,Romania,tuberculosis,Homo sapiens,EUST16919,Illumina HiSeq 2000,missing,missing,EUST16919,PAIRED,RANDOM,GENOMIC,Mycobacterium tuberculosis,ILLUMINA,2024-06-04T00:00:00Z,2024-06-04T09:42:00Z,1,EUST16919,SRP511583,not applicable
SRR29273859,WGS,298,625320462,PRJNA1119915,SAMN41664492,Pathogen.cl,272282749,"FIND, THE FOUNDATION FOR INNOVATIVE NEW DIAGNOSTICS",missing,missing,2017-02,public,"fastq,run.zq,sra","gs,ncbi,s3","gs.us-east1,ncbi.public,s3.us-east-1",SRX24791073,Romania,Europe,Romania,tuberculosis,Homo sapiens,EUST16906,Illumina HiSeq 2000,missing,missing,EUST16906,PAIRED,RANDOM,GENOMIC,Mycobacterium tuberculosis,ILLUMINA,2024-06-04T00:00:00Z,2024-06-04T09:41:00Z,1,EUST16906,SRP511583,not applicable
SRR29273860,WGS,298,781288136,PRJNA1119915,SAMN41664491,Pathogen.cl,337609679,"FIND, THE FOUNDATION FOR INNOVATIVE NEW DIAGNOSTICS",missing,missing,2017-11,public,"fastq,run.zq,sra","gs,ncbi,s3","gs.us-east1,ncbi.public,s3.us-east-1",SRX24791072,Romania,Europe,Romania,tuberculosis,Homo sapiens,EUST16892,Illumina HiSeq 2000,missing,missing,EUST16892,PAIRED,RANDOM,GENOMIC,Mycobacterium tuberculosis,ILLUMINA,2024-06-04T00:00:00Z,2024-06-04T09:42:00Z,1,EUST16892,SRP511583,not applicable
SRR29273861,WGS,298,828892933,PRJNA1119915,SAMN41664185,Pathogen.cl,327930769,"FIND, THE FOUNDATION FOR INNOVATIVE NEW DIAGNOSTICS",missing,missing,2017-03,public,"fastq,run.zq,sra","gs,ncbi,s3","gs.us-east1,ncbi.public,s3.us-east-1",SRX24791071,Romania,Europe,Romania,tuberculosis,Homo sapiens,EUST11049,Illumina HiSeq 2000,missing,missing,EUST11049,PAIRED,RANDOM,GENOMIC,Mycobacterium tuberculosis,ILLUMINA,2024-06-04T00:00:00Z,2024-06-04T09:42:00Z,1,EUST11049,SRP511583,not applicable
SRR29273862,WGS,297,771783206,PRJNA1119915,SAMN41664490,Pathogen.cl,337100769,"FIND, THE FOUNDATION FOR INNOVATIVE NEW DIAGNOSTICS",missing,missing,2017-07,public,"fastq,run.zq,sra","gs,ncbi,s3","gs.us-east1,ncbi.public,s3.us-east-1",SRX24791070,Romania,Europe,Romania,tuberculosis,Homo sapiens,EUST16886,Illumina HiSeq 2000,missing,missing,EUST16886,PAIRED,RANDOM,GENOMIC,Mycobacterium tuberculosis,ILLUMINA,2024-06-04T00:00:00Z,2024-06-04T09:42:00Z,1,EUST16886,SRP511583,not applicable
SRR29273863,WGS,297,816797014,PRJNA1119915,SAMN41664489,Pathogen.cl,354303019,"FIND, THE FOUNDATION FOR INNOVATIVE NEW DIAGNOSTICS",missing,missing,2017-08,public,"fastq,run.zq,sra","gs,ncbi,s3","gs.us-east1,ncbi.public,s3.us-east-1",SRX24791069,Romania,Europe,Romania,tuberculosis,Homo sapiens,EUST16879,Illumina HiSeq 2000,missing,missing,EUST16879,PAIRED,RANDOM,GENOMIC,Mycobacterium tuberculosis,ILLUMINA,2024-06-04T00:00:00Z,2024-06-04T09:41:00Z,1,EUST16879,SRP511583,not applicable
SRR29273864,WGS,297,884139846,PRJNA1119915,SAMN41664488,Pathogen.cl,382625269,"FIND, THE FOUNDATION FOR INNOVATIVE NEW DIAGNOSTICS",missing,missing,2017-06,public,"fastq,run.zq,sra","gs,ncbi,s3","gs.us-east1,ncbi.public,s3.us-east-1",SRX24791068,Romania,Europe,Romania,tuberculosis,Homo sapiens,EUST16861,Illumina HiSeq 2000,missing,missing,EUST16861,PAIRED,RANDOM,GENOMIC,Mycobacterium tuberculosis,ILLUMINA,2024-06-04T00:00:00Z,2024-06-04T09:42:00Z,1,EUST16861,SRP511583,not applicable
SRR29273865,WGS,298,587527296,PRJNA1119915,SAMN41664487,Pathogen.cl,256186504,"FIND, THE FOUNDATION FOR INNOVATIVE NEW DIAGNOSTICS",missing,missing,2017-10,public,"fastq,run.zq,sra","gs,ncbi,s3","gs.us-east1,ncbi.public,s3.us-east-1",SRX24791067,Romania,Europe,Romania,tuberculosis,Homo sapiens,EUST16852,Illumina HiSeq 2000,missing,missing,EUST16852,PAIRED,RANDOM,GENOMIC,Mycobacterium tuberculosis,ILLUMINA,2024-06-04T00:00:00Z,2024-06-04T09:42:00Z,1,EUST16852,SRP511583,not applicable
SRR29273866,WGS,293,697972768,PRJNA1119915,SAMN41664486,Pathogen.cl,303938348,"FIND, THE FOUNDATION FOR INNOVATIVE NEW DIAGNOSTICS",missing,missing,2017-11,public,"fastq,run.zq,sra","gs,ncbi,s3","gs.us-east1,ncbi.public,s3.us-east-1",SRX24791066,Romania,Europe,Romania,tuberculosis,Homo sapiens,EUST16842,Illumina HiSeq 2000,missing,missing,EUST16842,PAIRED,RANDOM,GENOMIC,Mycobacterium tuberculosis,ILLUMINA,2024-06-04T00:00:00Z,2024-06-04T09:41:00Z,1,EUST16842,SRP511583,not applicable
SRR29273867,WGS,299,660082481,PRJNA1119915,SAMN41664485,Pathogen.cl,288955119,"FIND, THE FOUNDATION FOR INNOVATIVE NEW DIAGNOSTICS",missing,missing,2017-02,public,"fastq,run.zq,sra","gs,ncbi,s3","gs.us-east1,ncbi.public,s3.us-east-1",SRX24791065,Romania,Europe,Romania,tuberculosis,Homo sapiens,EUST16831,Illumina HiSeq 2000,missing,missing,EUST16831,PAIRED,RANDOM,GENOMIC,Mycobacterium tuberculosis,ILLUMINA,2024-06-04T00:00:00Z,2024-06-04T09:42:00Z,1,EUST16831,SRP511583,not applicable
SRR29273868,WGS,296,686206981,PRJNA1119915,SAMN41664484,Pathogen.cl,299469622,"FIND, THE FOUNDATION FOR INNOVATIVE NEW DIAGNOSTICS",missing,missing,2017-02,public,"fastq,run.zq,sra","gs,ncbi,s3","gs.us-east1,ncbi.public,s3.us-east-1",SRX24791064,Romania,Europe,Romania,tuberculosis,Homo sapiens,EUST16829,Illumina HiSeq 2000,missing,missing,EUST16829,PAIRED,RANDOM,GENOMIC,Mycobacterium tuberculosis,ILLUMINA,2024-06-04T00:00:00Z,2024-06-04T09:42:00Z,1,EUST16829,SRP511583,not applicable
SRR29273869,WGS,297,932791160,PRJNA1119915,SAMN41664483,Pathogen.cl,404805765,"FIND, THE FOUNDATION FOR INNOVATIVE NEW DIAGNOSTICS",missing,missing,2017-07,public,"fastq,run.zq,sra","gs,ncbi,s3","gs.us-east1,ncbi.public,s3.us-east-1",SRX24791063,Romania,Europe,Romania,tuberculosis,Homo sapiens,EUST16816,Illumina HiSeq 2000,missing,missing,EUST16816,PAIRED,RANDOM,GENOMIC,Mycobacterium tuberculosis,ILLUMINA,2024-06-04T00:00:00Z,2024-06-04T09:42:00Z,1,EUST16816,SRP511583,not applicable
SRR29273870,WGS,298,580138633,PRJNA1119915,SAMN41664425,Pathogen.cl,249049048,"FIND, THE FOUNDATION FOR INNOVATIVE NEW DIAGNOSTICS",missing,missing,2017-11,public,"fastq,run.zq,sra","gs,ncbi,s3","gs.us-east1,ncbi.public,s3.us-east-1",SRX24791062,Romania,Europe,Romania,tuberculosis,Homo sapiens,EUST16235,Illumina HiSeq 2000,missing,missing,EUST16235,PAIRED,RANDOM,GENOMIC,Mycobacterium tuberculosis,ILLUMINA,2024-06-04T00:00:00Z,2024-06-04T09:42:00Z,1,EUST16235,SRP511583,not applicable
SRR29273871,WGS,298,600933089,PRJNA1119915,SAMN41664424,Pathogen.cl,257765421,"FIND, THE FOUNDATION FOR INNOVATIVE NEW DIAGNOSTICS",missing,missing,2017-09,public,"fastq,run.zq,sra","gs,ncbi,s3","gs.us-east1,ncbi.public,s3.us-east-1",SRX24791061,Romania,Europe,Romania,tuberculosis,Homo sapiens,EUST16227,Illumina HiSeq 2000,missing,missing,EUST16227,PAIRED,RANDOM,GENOMIC,Mycobacterium tuberculosis,ILLUMINA,2024-06-04T00:00:00Z,2024-06-04T09:41:00Z,1,EUST16227,SRP511583,not applicable
SRR29273872,WGS,297,638142982,PRJNA1119915,SAMN41664423,Pathogen.cl,274894765,"FIND, THE FOUNDATION FOR INNOVATIVE NEW DIAGNOSTICS",missing,missing,2017-12,public,"fastq,run.zq,sra","gs,ncbi,s3","gs.us-east1,ncbi.public,s3.us-east-1",SRX24791060,Romania,Europe,Romania,tuberculosis,Homo sapiens,EUST16218,Illumina HiSeq 2000,missing,missing,EUST16218,PAIRED,RANDOM,GENOMIC,Mycobacterium tuberculosis,ILLUMINA,2024-06-04T00:00:00Z,2024-06-04T09:42:00Z,1,EUST16218,SRP511583,not applicable
SRR29273873,WGS,294,667776065,PRJNA1119915,SAMN41664422,Pathogen.cl,286344178,"FIND, THE FOUNDATION FOR INNOVATIVE NEW DIAGNOSTICS",missing,missing,2017-07,public,"fastq,run.zq,sra","gs,ncbi,s3","gs.us-east1,ncbi.public,s3.us-east-1",SRX24791059,Romania,Europe,Romania,tuberculosis,Homo sapiens,EUST16208,Illumina HiSeq 2000,missing,missing,EUST16208,PAIRED,RANDOM,GENOMIC,Mycobacterium tuberculosis,ILLUMINA,2024-06-04T00:00:00Z,2024-06-04T09:41:00Z,1,EUST16208,SRP511583,not applicable
SRR29273874,WGS,298,528704701,PRJNA1119915,SAMN41664421,Pathogen.cl,226405082,"FIND, THE FOUNDATION FOR INNOVATIVE NEW DIAGNOSTICS",missing,missing,2017-12,public,"fastq,run.zq,sra","gs,ncbi,s3","gs.us-east1,ncbi.public,s3.us-east-1",SRX24791058,Romania,Europe,Romania,tuberculosis,Homo sapiens,EUST16197,Illumina HiSeq 2000,missing,missing,EUST16197,PAIRED,RANDOM,GENOMIC,Mycobacterium tuberculosis,ILLUMINA,2024-06-04T00:00:00Z,2024-06-04T09:42:00Z,1,EUST16197,SRP511583,not applicable
SRR29273875,WGS,295,440026578,PRJNA1119915,SAMN41664178,Pathogen.cl,177343214,"FIND, THE FOUNDATION FOR INNOVATIVE NEW DIAGNOSTICS",missing,missing,2017-03,public,"fastq,run.zq,sra","gs,ncbi,s3","gs.us-east1,ncbi.public,s3.us-east-1",SRX24791057,Romania,Europe,Romania,tuberculosis,Homo sapiens,EUST10976,Illumina HiSeq 2000,missing,missing,EUST10976,PAIRED,RANDOM,GENOMIC,Mycobacterium tuberculosis,ILLUMINA,2024-06-04T00:00:00Z,2024-06-04T09:42:00Z,1,EUST10976,SRP511583,not applicable
SRR29273876,WGS,297,437207349,PRJNA1119915,SAMN41664420,Pathogen.cl,189557508,"FIND, THE FOUNDATION FOR INNOVATIVE NEW DIAGNOSTICS",missing,missing,2017-12,public,"fastq,run.zq,sra","gs,ncbi,s3","gs.us-east1,ncbi.public,s3.us-east-1",SRX24791056,Romania,Europe,Romania,tuberculosis,Homo sapiens,EUST16184,Illumina HiSeq 2000,missing,missing,EUST16184,PAIRED,RANDOM,GENOMIC,Mycobacterium tuberculosis,ILLUMINA,2024-06-04T00:00:00Z,2024-06-04T09:41:00Z,1,EUST16184,SRP511583,not applicable
SRR29273877,WGS,295,600331839,PRJNA1119915,SAMN41664419,Pathogen.cl,258205323,"FIND, THE FOUNDATION FOR INNOVATIVE NEW DIAGNOSTICS",missing,missing,2017-11,public,"fastq,run.zq,sra","gs,ncbi,s3","gs.us-east1,ncbi.public,s3.us-east-1",SRX24791055,Romania,Europe,Romania,tuberculosis,Homo sapiens,EUST16170,Illumina HiSeq 2000,missing,missing,EUST16170,PAIRED,RANDOM,GENOMIC,Mycobacterium tuberculosis,ILLUMINA,2024-06-04T00:00:00Z,2024-06-04T09:42:00Z,1,EUST16170,SRP511583,not applicable
SRR29273878,WGS,297,576659015,PRJNA1119915,SAMN41664418,Pathogen.cl,248663790,"FIND, THE FOUNDATION FOR INNOVATIVE NEW DIAGNOSTICS",missing,missing,2017-10,public,"fastq,run.zq,sra","gs,ncbi,s3","gs.us-east1,ncbi.public,s3.us-east-1",SRX24791054,Romania,Europe,Romania,tuberculosis,Homo sapiens,EUST16165,Illumina HiSeq 2000,missing,missing,EUST16165,PAIRED,RANDOM,GENOMIC,Mycobacterium tuberculosis,ILLUMINA,2024-06-04T00:00:00Z,2024-06-04T09:42:00Z,1,EUST16165,SRP511583,not applicable
SRR29273879,WGS,298,511282622,PRJNA1119915,SAMN41664417,Pathogen.cl,220647919,"FIND, THE FOUNDATION FOR INNOVATIVE NEW DIAGNOSTICS",missing,missing,2017-11,public,"fastq,run.zq,sra","gs,ncbi,s3","gs.us-east1,ncbi.public,s3.us-east-1",SRX24791053,Romania,Europe,Romania,tuberculosis,Homo sapiens,EUST16159,Illumina HiSeq 2000,missing,missing,EUST16159,PAIRED,RANDOM,GENOMIC,Mycobacterium tuberculosis,ILLUMINA,2024-06-04T00:00:00Z,2024-06-04T09:41:00Z,1,EUST16159,SRP511583,not applicable
SRR29273880,WGS,298,512706265,PRJNA1119915,SAMN41664416,Pathogen.cl,221411662,"FIND, THE FOUNDATION FOR INNOVATIVE NEW DIAGNOSTICS",missing,missing,2017-10,public,"fastq,run.zq,sra","gs,ncbi,s3","gs.us-east1,ncbi.public,s3.us-east-1",SRX24791052,Romania,Europe,Romania,tuberculosis,Homo sapiens,EUST16142,Illumina HiSeq 2000,missing,missing,EUST16142,PAIRED,RANDOM,GENOMIC,Mycobacterium tuberculosis,ILLUMINA,2024-06-04T00:00:00Z,2024-06-04T09:41:00Z,1,EUST16142,SRP511583,not applicable
SRR29273881,WGS,281,674103386,PRJNA1119915,SAMN41664415,Pathogen.cl,296055019,"FIND, THE FOUNDATION FOR INNOVATIVE NEW DIAGNOSTICS",missing,missing,2017-10,public,"fastq,run.zq,sra","gs,ncbi,s3","gs.us-east1,ncbi.public,s3.us-east-1",SRX24791051,Romania,Europe,Romania,tuberculosis,Homo sapiens,EUST16134,Illumina HiSeq 2000,missing,missing,EUST16134,PAIRED,RANDOM,GENOMIC,Mycobacterium tuberculosis,ILLUMINA,2024-06-04T00:00:00Z,2024-06-04T09:42:00Z,1,EUST16134,SRP511583,not applicable
SRR29273882,WGS,287,327869953,PRJNA1119915,SAMN41664414,Pathogen.cl,144183686,"FIND, THE FOUNDATION FOR INNOVATIVE NEW DIAGNOSTICS",missing,missing,2017-10,public,"fastq,run.zq,sra","gs,ncbi,s3","gs.us-east1,ncbi.public,s3.us-east-1",SRX24791050,Romania,Europe,Romania,tuberculosis,Homo sapiens,EUST16125,Illumina HiSeq 2000,missing,missing,EUST16125,PAIRED,RANDOM,GENOMIC,Mycobacterium tuberculosis,ILLUMINA,2024-06-04T00:00:00Z,2024-06-04T09:41:00Z,1,EUST16125,SRP511583,not applicable
SRR29273883,WGS,298,494938278,PRJNA1119915,SAMN41664413,Pathogen.cl,213435508,"FIND, THE FOUNDATION FOR INNOVATIVE NEW DIAGNOSTICS",missing,missing,2017-08,public,"fastq,run.zq,sra","gs,ncbi,s3","gs.us-east1,ncbi.public,s3.us-east-1",SRX24791049,Romania,Europe,Romania,tuberculosis,Homo sapiens,EUST16115,Illumina HiSeq 2000,missing,missing,EUST16115,PAIRED,RANDOM,GENOMIC,Mycobacterium tuberculosis,ILLUMINA,2024-06-04T00:00:00Z,2024-06-04T09:42:00Z,1,EUST16115,SRP511583,not applicable
SRR29273884,WGS,290,627849960,PRJNA1119915,SAMN41664412,Pathogen.cl,270138805,"FIND, THE FOUNDATION FOR INNOVATIVE NEW DIAGNOSTICS",missing,missing,2017-11,public,"fastq,run.zq,sra","gs,ncbi,s3","gs.us-east1,ncbi.public,s3.us-east-1",SRX24791048,Romania,Europe,Romania,tuberculosis,Homo sapiens,EUST16104,Illumina HiSeq 2000,missing,missing,EUST16104,PAIRED,RANDOM,GENOMIC,Mycobacterium tuberculosis,ILLUMINA,2024-06-04T00:00:00Z,2024-06-04T09:42:00Z,1,EUST16104,SRP511583,not applicable
SRR29273885,WGS,298,583527572,PRJNA1119915,SAMN41664411,Pathogen.cl,251900271,"FIND, THE FOUNDATION FOR INNOVATIVE NEW DIAGNOSTICS",missing,missing,2017-08,public,"fastq,run.zq,sra","gs,ncbi,s3","gs.us-east1,ncbi.public,s3.us-east-1",SRX24791047,Romania,Europe,Romania,tuberculosis,Homo sapiens,EUST16092,Illumina HiSeq 2000,missing,missing,EUST16092,PAIRED,RANDOM,GENOMIC,Mycobacterium tuberculosis,ILLUMINA,2024-06-04T00:00:00Z,2024-06-04T09:42:00Z,1,EUST16092,SRP511583,not applicable
SRR29273886,WGS,298,655900257,PRJNA1119915,SAMN41664177,Pathogen.cl,285559618,"FIND, THE FOUNDATION FOR INNOVATIVE NEW DIAGNOSTICS",missing,missing,2017-06,public,"fastq,run.zq,sra","gs,ncbi,s3","gs.us-east1,ncbi.public,s3.us-east-1",SRX24791046,Romania,Europe,Romania,tuberculosis,Homo sapiens,EUST10963,Illumina HiSeq 2000,missing,missing,EUST10963,PAIRED,RANDOM,GENOMIC,Mycobacterium tuberculosis,ILLUMINA,2024-06-04T00:00:00Z,2024-06-04T09:42:00Z,1,EUST10963,SRP511583,not applicable
SRR29273887,WGS,298,484638624,PRJNA1119915,SAMN41664410,Pathogen.cl,208437474,"FIND, THE FOUNDATION FOR INNOVATIVE NEW DIAGNOSTICS",missing,missing,2017-08,public,"fastq,run.zq,sra","gs,ncbi,s3","gs.us-east1,ncbi.public,s3.us-east-1",SRX24791045,Romania,Europe,Romania,tuberculosis,Homo sapiens,EUST16088,Illumina HiSeq 2000,missing,missing,EUST16088,PAIRED,RANDOM,GENOMIC,Mycobacterium tuberculosis,ILLUMINA,2024-06-04T00:00:00Z,2024-06-04T09:41:00Z,1,EUST16088,SRP511583,not applicable
SRR29273888,WGS,296,372042998,PRJNA1119915,SAMN41664409,Pathogen.cl,163028550,"FIND, THE FOUNDATION FOR INNOVATIVE NEW DIAGNOSTICS",missing,missing,2017-12,public,"fastq,run.zq,sra","gs,ncbi,s3","gs.us-east1,ncbi.public,s3.us-east-1",SRX24791044,Romania,Europe,Romania,tuberculosis,Homo sapiens,EUST16073,Illumina HiSeq 2000,missing,missing,EUST16073,PAIRED,RANDOM,GENOMIC,Mycobacterium tuberculosis,ILLUMINA,2024-06-04T00:00:00Z,2024-06-04T09:41:00Z,1,EUST16073,SRP511583,not applicable
SRR29273889,WGS,297,366080063,PRJNA1119915,SAMN41664408,Pathogen.cl,159381990,"FIND, THE FOUNDATION FOR INNOVATIVE NEW DIAGNOSTICS",missing,missing,2017-11,public,"fastq,run.zq,sra","gs,ncbi,s3","gs.us-east1,ncbi.public,s3.us-east-1",SRX24791043,Romania,Europe,Romania,tuberculosis,Homo sapiens,EUST16067,Illumina HiSeq 2000,missing,missing,EUST16067,PAIRED,RANDOM,GENOMIC,Mycobacterium tuberculosis,ILLUMINA,2024-06-04T00:00:00Z,2024-06-04T09:41:00Z,1,EUST16067,SRP511583,not applicable
SRR29273890,WGS,295,654983628,PRJNA1119915,SAMN41664407,Pathogen.cl,281281511,"FIND, THE FOUNDATION FOR INNOVATIVE NEW DIAGNOSTICS",missing,missing,2018-12,public,"fastq,run.zq,sra","gs,ncbi,s3","gs.us-east1,ncbi.public,s3.us-east-1",SRX24791042,Romania,Europe,Romania,tuberculosis,Homo sapiens,EUST15169,Illumina HiSeq 2000,missing,missing,EUST15169,PAIRED,RANDOM,GENOMIC,Mycobacterium tuberculosis,ILLUMINA,2024-06-04T00:00:00Z,2024-06-04T09:42:00Z,1,EUST15169,SRP511583,not applicable
SRR29273891,WGS,298,526885023,PRJNA1119915,SAMN41664406,Pathogen.cl,225690125,"FIND, THE FOUNDATION FOR INNOVATIVE NEW DIAGNOSTICS",missing,missing,2018-01,public,"fastq,run.zq,sra","gs,ncbi,s3","gs.us-east1,ncbi.public,s3.us-east-1",SRX24791041,Romania,Europe,Romania,tuberculosis,Homo sapiens,EUST15152,Illumina HiSeq 2000,missing,missing,EUST15152,PAIRED,RANDOM,GENOMIC,Mycobacterium tuberculosis,ILLUMINA,2024-06-04T00:00:00Z,2024-06-04T09:42:00Z,1,EUST15152,SRP511583,not applicable
SRR29273892,WGS,291,592722158,PRJNA1119915,SAMN41664405,Pathogen.cl,254564419,"FIND, THE FOUNDATION FOR INNOVATIVE NEW DIAGNOSTICS",missing,missing,2019-04,public,"fastq,run.zq,sra","gs,ncbi,s3","gs.us-east1,ncbi.public,s3.us-east-1",SRX24791040,Romania,Europe,Romania,tuberculosis,Homo sapiens,EUST15144,Illumina HiSeq 2000,missing,missing,EUST15144,PAIRED,RANDOM,GENOMIC,Mycobacterium tuberculosis,ILLUMINA,2024-06-04T00:00:00Z,2024-06-04T09:42:00Z,1,EUST15144,SRP511583,not applicable
SRR29273893,WGS,297,556032469,PRJNA1119915,SAMN41664404,Pathogen.cl,237837211,"FIND, THE FOUNDATION FOR INNOVATIVE NEW DIAGNOSTICS",missing,missing,2019-05,public,"fastq,run.zq,sra","gs,ncbi,s3","gs.us-east1,ncbi.public,s3.us-east-1",SRX24791039,Romania,Europe,Romania,tuberculosis,Homo sapiens,EUST15135,Illumina HiSeq 2000,missing,missing,EUST15135,PAIRED,RANDOM,GENOMIC,Mycobacterium tuberculosis,ILLUMINA,2024-06-04T00:00:00Z,2024-06-04T09:42:00Z,1,EUST15135,SRP511583,not applicable
SRR29273894,WGS,298,579048040,PRJNA1119915,SAMN41664403,Pathogen.cl,247591869,"FIND, THE FOUNDATION FOR INNOVATIVE NEW DIAGNOSTICS",missing,missing,2019-05,public,"fastq,run.zq,sra","gs,ncbi,s3","gs.us-east1,ncbi.public,s3.us-east-1",SRX24791038,Romania,Europe,Romania,tuberculosis,Homo sapiens,EUST15125,Illumina HiSeq 2000,missing,missing,EUST15125,PAIRED,RANDOM,GENOMIC,Mycobacterium tuberculosis,ILLUMINA,2024-06-04T00:00:00Z,2024-06-04T09:41:00Z,1,EUST15125,SRP511583,not applicable
SRR29273895,WGS,297,661748062,PRJNA1119915,SAMN41664402,Pathogen.cl,284183853,"FIND, THE FOUNDATION FOR INNOVATIVE NEW DIAGNOSTICS",missing,missing,2019-06,public,"fastq,run.zq,sra","gs,ncbi,s3","gs.us-east1,ncbi.public,s3.us-east-1",SRX24791037,Romania,Europe,Romania,tuberculosis,Homo sapiens,EUST15114,Illumina HiSeq 2000,missing,missing,EUST15114,PAIRED,RANDOM,GENOMIC,Mycobacterium tuberculosis,ILLUMINA,2024-06-04T00:00:00Z,2024-06-04T09:42:00Z,1,EUST15114,SRP511583,not applicable
SRR29273896,WGS,299,560695906,PRJNA1119915,SAMN41664401,Pathogen.cl,240268172,"FIND, THE FOUNDATION FOR INNOVATIVE NEW DIAGNOSTICS",missing,missing,2019-05,public,"fastq,run.zq,sra","gs,ncbi,s3","gs.us-east1,ncbi.public,s3.us-east-1",SRX24791036,Romania,Europe,Romania,tuberculosis,Homo sapiens,EUST15102,Illumina HiSeq 2000,missing,missing,EUST15102,PAIRED,RANDOM,GENOMIC,Mycobacterium tuberculosis,ILLUMINA,2024-06-04T00:00:00Z,2024-06-04T09:42:00Z,1,EUST15102,SRP511583,not applicable
SRR29273897,WGS,295,794715763,PRJNA1119915,SAMN41664176,Pathogen.cl,345619363,"FIND, THE FOUNDATION FOR INNOVATIVE NEW DIAGNOSTICS",missing,missing,2017-06,public,"fastq,run.zq,sra","gs,ncbi,s3","gs.us-east1,ncbi.public,s3.us-east-1",SRX24791035,Romania,Europe,Romania,tuberculosis,Homo sapiens,EUST10959,Illumina HiSeq 2000,missing,missing,EUST10959,PAIRED,RANDOM,GENOMIC,Mycobacterium tuberculosis,ILLUMINA,2024-06-04T00:00:00Z,2024-06-04T09:42:00Z,1,EUST10959,SRP511583,not applicable
SRR29273898,WGS,298,531127988,PRJNA1119915,SAMN41664400,Pathogen.cl,229529435,"FIND, THE FOUNDATION FOR INNOVATIVE NEW DIAGNOSTICS",missing,missing,2019-05,public,"fastq,run.zq,sra","gs,ncbi,s3","gs.us-east1,ncbi.public,s3.us-east-1",SRX24791034,Romania,Europe,Romania,tuberculosis,Homo sapiens,EUST15099,Illumina HiSeq 2000,missing,missing,EUST15099,PAIRED,RANDOM,GENOMIC,Mycobacterium tuberculosis,ILLUMINA,2024-06-04T00:00:00Z,2024-06-04T09:42:00Z,1,EUST15099,SRP511583,not applicable
SRR29273899,WGS,298,658490536,PRJNA1119915,SAMN41664399,Pathogen.cl,281355846,"FIND, THE FOUNDATION FOR INNOVATIVE NEW DIAGNOSTICS",missing,missing,2019-04,public,"fastq,run.zq,sra","gs,ncbi,s3","gs.us-east1,ncbi.public,s3.us-east-1",SRX24791033,Romania,Europe,Romania,tuberculosis,Homo sapiens,EUST15084,Illumina HiSeq 2000,missing,missing,EUST15084,PAIRED,RANDOM,GENOMIC,Mycobacterium tuberculosis,ILLUMINA,2024-06-04T00:00:00Z,2024-06-04T09:42:00Z,1,EUST15084,SRP511583,not applicable
SRR29273900,WGS,297,759494368,PRJNA1119915,SAMN41664398,Pathogen.cl,325320562,"FIND, THE FOUNDATION FOR INNOVATIVE NEW DIAGNOSTICS",missing,missing,2019-04,public,"fastq,run.zq,sra","gs,ncbi,s3","gs.us-east1,ncbi.public,s3.us-east-1",SRX24791032,Romania,Europe,Romania,tuberculosis,Homo sapiens,EUST15078,Illumina HiSeq 2000,missing,missing,EUST15078,PAIRED,RANDOM,GENOMIC,Mycobacterium tuberculosis,ILLUMINA,2024-06-04T00:00:00Z,2024-06-04T09:42:00Z,1,EUST15078,SRP511583,not applicable
SRR29273901,WGS,290,797491015,PRJNA1119915,SAMN41664397,Pathogen.cl,340996987,"FIND, THE FOUNDATION FOR INNOVATIVE NEW DIAGNOSTICS",missing,missing,2019-01,public,"fastq,run.zq,sra","gs,ncbi,s3","gs.us-east1,ncbi.public,s3.us-east-1",SRX24791031,Romania,Europe,Romania,tuberculosis,Homo sapiens,EUST15061,Illumina HiSeq 2000,missing,missing,EUST15061,PAIRED,RANDOM,GENOMIC,Mycobacterium tuberculosis,ILLUMINA,2024-06-04T00:00:00Z,2024-06-04T09:42:00Z,1,EUST15061,SRP511583,not applicable
SRR29273902,WGS,296,820842436,PRJNA1119915,SAMN41664310,Pathogen.cl,348603297,"FIND, THE FOUNDATION FOR INNOVATIVE NEW DIAGNOSTICS",missing,missing,2019-01,public,"fastq,run.zq,sra","gs,ncbi,s3","gs.us-east1,ncbi.public,s3.us-east-1",SRX24791030,Romania,Europe,Romania,tuberculosis,Homo sapiens,EUST14194,Illumina HiSeq 2000,missing,missing,EUST14194,PAIRED,RANDOM,GENOMIC,Mycobacterium tuberculosis,ILLUMINA,2024-06-04T00:00:00Z,2024-06-04T09:42:00Z,1,EUST14194,SRP511583,not applicable
SRR29273903,WGS,296,848972173,PRJNA1119915,SAMN41664309,Pathogen.cl,360206552,"FIND, THE FOUNDATION FOR INNOVATIVE NEW DIAGNOSTICS",missing,missing,2019-01,public,"fastq,run.zq,sra","gs,ncbi,s3","gs.us-east1,ncbi.public,s3.us-east-1",SRX24791029,Romania,Europe,Romania,tuberculosis,Homo sapiens,EUST14189,Illumina HiSeq 2000,missing,missing,EUST14189,PAIRED,RANDOM,GENOMIC,Mycobacterium tuberculosis,ILLUMINA,2024-06-04T00:00:00Z,2024-06-04T09:41:00Z,1,EUST14189,SRP511583,not applicable
SRR29273904,WGS,296,795234878,PRJNA1119915,SAMN41664308,Pathogen.cl,335789270,"FIND, THE FOUNDATION FOR INNOVATIVE NEW DIAGNOSTICS",missing,missing,2018-10,public,"fastq,run.zq,sra","gs,ncbi,s3","gs.us-east1,ncbi.public,s3.us-east-1",SRX24791028,Romania,Europe,Romania,tuberculosis,Homo sapiens,EUST14173,Illumina HiSeq 2000,missing,missing,EUST14173,PAIRED,RANDOM,GENOMIC,Mycobacterium tuberculosis,ILLUMINA,2024-06-04T00:00:00Z,2024-06-04T09:42:00Z,1,EUST14173,SRP511583,not applicable
SRR29273905,WGS,296,847794937,PRJNA1119915,SAMN41664307,Pathogen.cl,358191467,"FIND, THE FOUNDATION FOR INNOVATIVE NEW DIAGNOSTICS",missing,missing,2018-10,public,"fastq,run.zq,sra","gs,ncbi,s3","gs.us-east1,ncbi.public,s3.us-east-1",SRX24791027,Romania,Europe,Romania,tuberculosis,Homo sapiens,EUST14166,Illumina HiSeq 2000,missing,missing,EUST14166,PAIRED,RANDOM,GENOMIC,Mycobacterium tuberculosis,ILLUMINA,2024-06-04T00:00:00Z,2024-06-04T09:42:00Z,1,EUST14166,SRP511583,not applicable
SRR29273906,WGS,291,787630328,PRJNA1119915,SAMN41664306,Pathogen.cl,336992567,"FIND, THE FOUNDATION FOR INNOVATIVE NEW DIAGNOSTICS",missing,missing,2018-09,public,"fastq,run.zq,sra","gs,ncbi,s3","gs.us-east1,ncbi.public,s3.us-east-1",SRX24791026,Romania,Europe,Romania,tuberculosis,Homo sapiens,EUST14158,Illumina HiSeq 2000,missing,missing,EUST14158,PAIRED,RANDOM,GENOMIC,Mycobacterium tuberculosis,ILLUMINA,2024-06-05T00:00:00Z,2024-06-04T09:42:00Z,1,EUST14158,SRP511583,not applicable
SRR29273907,WGS,295,988129490,PRJNA1119915,SAMN41664305,Pathogen.cl,418527707,"FIND, THE FOUNDATION FOR INNOVATIVE NEW DIAGNOSTICS",missing,missing,2018-10,public,"fastq,run.zq,sra","gs,ncbi,s3","gs.us-east1,ncbi.public,s3.us-east-1",SRX24791025,Romania,Europe,Romania,tuberculosis,Homo sapiens,EUST14149,Illumina HiSeq 2000,missing,missing,EUST14149,PAIRED,RANDOM,GENOMIC,Mycobacterium tuberculosis,ILLUMINA,2024-06-04T00:00:00Z,2024-06-04T09:42:00Z,1,EUST14149,SRP511583,not applicable
SRR29273908,WGS,296,738407550,PRJNA1119915,SAMN41664304,Pathogen.cl,311356925,"FIND, THE FOUNDATION FOR INNOVATIVE NEW DIAGNOSTICS",missing,missing,2018-08,public,"fastq,run.zq,sra","gs,ncbi,s3","gs.us-east1,ncbi.public,s3.us-east-1",SRX24791024,Romania,Europe,Romania,tuberculosis,Homo sapiens,EUST14139,Illumina HiSeq 2000,missing,missing,EUST14139,PAIRED,RANDOM,GENOMIC,Mycobacterium tuberculosis,ILLUMINA,2024-06-04T00:00:00Z,2024-06-04T09:42:00Z,1,EUST14139,SRP511583,not applicable
SRR29273909,WGS,296,671867083,PRJNA1119915,SAMN41664303,Pathogen.cl,284721949,"FIND, THE FOUNDATION FOR INNOVATIVE NEW DIAGNOSTICS",missing,missing,2018-11,public,"fastq,run.zq,sra","gs,ncbi,s3","gs.us-east1,ncbi.public,s3.us-east-1",SRX24791023,Romania,Europe,Romania,tuberculosis,Homo sapiens,EUST14128,Illumina HiSeq 2000,missing,missing,EUST14128,PAIRED,RANDOM,GENOMIC,Mycobacterium tuberculosis,ILLUMINA,2024-06-04T00:00:00Z,2024-06-04T09:42:00Z,1,EUST14128,SRP511583,not applicable
SRR29273910,WGS,295,796008503,PRJNA1119915,SAMN41664302,Pathogen.cl,336800632,"FIND, THE FOUNDATION FOR INNOVATIVE NEW DIAGNOSTICS",missing,missing,2018-11,public,"fastq,run.zq,sra","gs,ncbi,s3","gs.us-east1,ncbi.public,s3.us-east-1",SRX24791022,Romania,Europe,Romania,tuberculosis,Homo sapiens,EUST14116,Illumina HiSeq 2000,missing,missing,EUST14116,PAIRED,RANDOM,GENOMIC,Mycobacterium tuberculosis,ILLUMINA,2024-06-04T00:00:00Z,2024-06-04T09:41:00Z,1,EUST14116,SRP511583,not applicable
SRR29273911,WGS,292,822894906,PRJNA1119915,SAMN41664301,Pathogen.cl,349091225,"FIND, THE FOUNDATION FOR INNOVATIVE NEW DIAGNOSTICS",missing,missing,2018-12,public,"fastq,run.zq,sra","gs,ncbi,s3","gs.us-east1,ncbi.public,s3.us-east-1",SRX24791021,Romania,Europe,Romania,tuberculosis,Homo sapiens,EUST14103,Illumina HiSeq 2000,missing,missing,EUST14103,PAIRED,RANDOM,GENOMIC,Mycobacterium tuberculosis,ILLUMINA,2024-06-04T00:00:00Z,2024-06-04T09:42:00Z,1,EUST14103,SRP511583,not applicable
SRR29273912,WGS,297,512374895,PRJNA1119915,SAMN41664166,Pathogen.cl,225648401,"FIND, THE FOUNDATION FOR INNOVATIVE NEW DIAGNOSTICS",missing,missing,2017-03,public,"fastq,run.zq,sra","gs,ncbi,s3","gs.us-east1,ncbi.public,s3.us-east-1",SRX24791020,Romania,Europe,Romania,tuberculosis,Homo sapiens,EUST10850,Illumina HiSeq 2000,missing,missing,EUST10850,PAIRED,RANDOM,GENOMIC,Mycobacterium tuberculosis,ILLUMINA,2024-06-04T00:00:00Z,2024-06-04T09:42:00Z,1,EUST10850,SRP511583,not applicable
SRR29273913,WGS,296,798614447,PRJNA1119915,SAMN41664300,Pathogen.cl,337475256,"FIND, THE FOUNDATION FOR INNOVATIVE NEW DIAGNOSTICS",missing,missing,2018-10,public,"fastq,run.zq,sra","gs,ncbi,s3","gs.us-east1,ncbi.public,s3.us-east-1",SRX24791019,Romania,Europe,Romania,tuberculosis,Homo sapiens,EUST14099,Illumina HiSeq 2000,missing,missing,EUST14099,PAIRED,RANDOM,GENOMIC,Mycobacterium tuberculosis,ILLUMINA,2024-06-04T00:00:00Z,2024-06-04T09:42:00Z,1,EUST14099,SRP511583,not applicable
SRR29273914,WGS,295,827539184,PRJNA1119915,SAMN41664299,Pathogen.cl,348362778,"FIND, THE FOUNDATION FOR INNOVATIVE NEW DIAGNOSTICS",missing,missing,2018-12,public,"fastq,run.zq,sra","gs,ncbi,s3","gs.us-east1,ncbi.public,s3.us-east-1",SRX24791018,Romania,Europe,Romania,tuberculosis,Homo sapiens,EUST14083,Illumina HiSeq 2000,missing,missing,EUST14083,PAIRED,RANDOM,GENOMIC,Mycobacterium tuberculosis,ILLUMINA,2024-06-04T00:00:00Z,2024-06-04T09:41:00Z,1,EUST14083,SRP511583,not applicable
SRR29273915,WGS,295,909989393,PRJNA1119915,SAMN41664298,Pathogen.cl,382575856,"FIND, THE FOUNDATION FOR INNOVATIVE NEW DIAGNOSTICS",missing,missing,2018-12,public,"fastq,run.zq,sra","gs,ncbi,s3","gs.us-east1,ncbi.public,s3.us-east-1",SRX24791017,Romania,Europe,Romania,tuberculosis,Homo sapiens,EUST14076,Illumina HiSeq 2000,missing,missing,EUST14076,PAIRED,RANDOM,GENOMIC,Mycobacterium tuberculosis,ILLUMINA,2024-06-05T00:00:00Z,2024-06-04T09:42:00Z,1,EUST14076,SRP511583,not applicable
SRR29273916,WGS,296,837578062,PRJNA1119915,SAMN41664297,Pathogen.cl,355954119,"FIND, THE FOUNDATION FOR INNOVATIVE NEW DIAGNOSTICS",missing,missing,2018-12,public,"fastq,run.zq,sra","gs,ncbi,s3","gs.us-east1,ncbi.public,s3.us-east-1",SRX24791016,Romania,Europe,Romania,tuberculosis,Homo sapiens,EUST14068,Illumina HiSeq 2000,missing,missing,EUST14068,PAIRED,RANDOM,GENOMIC,Mycobacterium tuberculosis,ILLUMINA,2024-06-04T00:00:00Z,2024-06-04T09:42:00Z,1,EUST14068,SRP511583,not applicable
SRR29273917,WGS,296,711876768,PRJNA1119915,SAMN41664296,Pathogen.cl,300526626,"FIND, THE FOUNDATION FOR INNOVATIVE NEW DIAGNOSTICS",missing,missing,2018-11,public,"fastq,run.zq,sra","gs,ncbi,s3","gs.us-east1,ncbi.public,s3.us-east-1",SRX24791015,Romania,Europe,Romania,tuberculosis,Homo sapiens,EUST14059,Illumina HiSeq 2000,missing,missing,EUST14059,PAIRED,RANDOM,GENOMIC,Mycobacterium tuberculosis,ILLUMINA,2024-06-05T00:00:00Z,2024-06-04T09:42:00Z,1,EUST14059,SRP511583,not applicable
SRR29273918,WGS,295,916163686,PRJNA1119915,SAMN41664295,Pathogen.cl,385384155,"FIND, THE FOUNDATION FOR INNOVATIVE NEW DIAGNOSTICS",missing,missing,2018-12,public,"fastq,run.zq,sra","gs,ncbi,s3","gs.us-east1,ncbi.public,s3.us-east-1",SRX24791014,Romania,Europe,Romania,tuberculosis,Homo sapiens,EUST14049,Illumina HiSeq 2000,missing,missing,EUST14049,PAIRED,RANDOM,GENOMIC,Mycobacterium tuberculosis,ILLUMINA,2024-06-04T00:00:00Z,2024-06-04T09:42:00Z,1,EUST14049,SRP511583,not applicable
SRR29273919,WGS,296,846309880,PRJNA1119915,SAMN41664294,Pathogen.cl,359570117,"FIND, THE FOUNDATION FOR INNOVATIVE NEW DIAGNOSTICS",missing,missing,2018-12,public,"fastq,run.zq,sra","gs,ncbi,s3","gs.us-east1,ncbi.public,s3.us-east-1",SRX24791013,Romania,Europe,Romania,tuberculosis,Homo sapiens,EUST14038,Illumina HiSeq 2000,missing,missing,EUST14038,PAIRED,RANDOM,GENOMIC,Mycobacterium tuberculosis,ILLUMINA,2024-06-04T00:00:00Z,2024-06-04T09:42:00Z,1,EUST14038,SRP511583,not applicable
SRR29273920,WGS,295,871564576,PRJNA1119915,SAMN41664293,Pathogen.cl,368661531,"FIND, THE FOUNDATION FOR INNOVATIVE NEW DIAGNOSTICS",missing,missing,2018-12,public,"fastq,run.zq,sra","gs,ncbi,s3","gs.us-east1,ncbi.public,s3.us-east-1",SRX24791012,Romania,Europe,Romania,tuberculosis,Homo sapiens,EUST14026,Illumina HiSeq 2000,missing,missing,EUST14026,PAIRED,RANDOM,GENOMIC,Mycobacterium tuberculosis,ILLUMINA,2024-06-04T00:00:00Z,2024-06-04T09:42:00Z,1,EUST14026,SRP511583,not applicable
SRR29273921,WGS,294,904804208,PRJNA1119915,SAMN41664292,Pathogen.cl,379113819,"FIND, THE FOUNDATION FOR INNOVATIVE NEW DIAGNOSTICS",missing,missing,2018-09,public,"fastq,run.zq,sra","gs,ncbi,s3","gs.us-east1,ncbi.public,s3.us-east-1",SRX24791011,Romania,Europe,Romania,tuberculosis,Homo sapiens,EUST14013,Illumina HiSeq 2000,missing,missing,EUST14013,PAIRED,RANDOM,GENOMIC,Mycobacterium tuberculosis,ILLUMINA,2024-06-04T00:00:00Z,2024-06-04T09:42:00Z,1,EUST14013,SRP511583,not applicable
SRR29273922,WGS,296,658847253,PRJNA1119915,SAMN41664291,Pathogen.cl,279392059,"FIND, THE FOUNDATION FOR INNOVATIVE NEW DIAGNOSTICS",missing,missing,2018-09,public,"fastq,run.zq,sra","gs,ncbi,s3","gs.us-east1,ncbi.public,s3.us-east-1",SRX24791010,Romania,Europe,Romania,tuberculosis,Homo sapiens,EUST14009,Illumina HiSeq 2000,missing,missing,EUST14009,PAIRED,RANDOM,GENOMIC,Mycobacterium tuberculosis,ILLUMINA,2024-06-04T00:00:00Z,2024-06-04T09:41:00Z,1,EUST14009,SRP511583,not applicable
SRR29273923,WGS,297,841822315,PRJNA1119915,SAMN41664165,Pathogen.cl,367955173,"FIND, THE FOUNDATION FOR INNOVATIVE NEW DIAGNOSTICS",missing,missing,2017-05,public,"fastq,run.zq,sra","gs,ncbi,s3","gs.us-east1,ncbi.public,s3.us-east-1",SRX24791009,Romania,Europe,Romania,tuberculosis,Homo sapiens,EUST10844,Illumina HiSeq 2000,missing,missing,EUST10844,PAIRED,RANDOM,GENOMIC,Mycobacterium tuberculosis,ILLUMINA,2024-06-04T00:00:00Z,2024-06-04T09:42:00Z,1,EUST10844,SRP511583,not applicable
SRR29273924,WGS,296,744054071,PRJNA1119915,SAMN41664290,Pathogen.cl,316481805,"FIND, THE FOUNDATION FOR INNOVATIVE NEW DIAGNOSTICS",missing,missing,2018-10,public,"fastq,run.zq,sra","gs,ncbi,s3","gs.us-east1,ncbi.public,s3.us-east-1",SRX24791008,Romania,Europe,Romania,tuberculosis,Homo sapiens,EUST13994,Illumina HiSeq 2000,missing,missing,EUST13994,PAIRED,RANDOM,GENOMIC,Mycobacterium tuberculosis,ILLUMINA,2024-06-04T00:00:00Z,2024-06-04T09:42:00Z,1,EUST13994,SRP511583,not applicable
SRR29273925,WGS,294,573484280,PRJNA1119915,SAMN41664289,Pathogen.cl,245783774,"FIND, THE FOUNDATION FOR INNOVATIVE NEW DIAGNOSTICS",missing,missing,2018-12,public,"fastq,run.zq,sra","gs,ncbi,s3","gs.us-east1,ncbi.public,s3.us-east-1",SRX24791007,Romania,Europe,Romania,tuberculosis,Homo sapiens,EUST13986,Illumina HiSeq 2000,missing,missing,EUST13986,PAIRED,RANDOM,GENOMIC,Mycobacterium tuberculosis,ILLUMINA,2024-06-04T00:00:00Z,2024-06-04T09:41:00Z,1,EUST13986,SRP511583,not applicable
SRR29273926,WGS,295,660219932,PRJNA1119915,SAMN41664288,Pathogen.cl,279178319,"FIND, THE FOUNDATION FOR INNOVATIVE NEW DIAGNOSTICS",missing,missing,2018-11,public,"fastq,run.zq,sra","gs,ncbi,s3","gs.us-east1,ncbi.public,s3.us-east-1",SRX24791006,Romania,Europe,Romania,tuberculosis,Homo sapiens,EUST13977,Illumina HiSeq 2000,missing,missing,EUST13977,PAIRED,RANDOM,GENOMIC,Mycobacterium tuberculosis,ILLUMINA,2024-06-05T00:00:00Z,2024-06-04T09:42:00Z,1,EUST13977,SRP511583,not applicable
SRR29273927,WGS,295,662569970,PRJNA1119915,SAMN41664287,Pathogen.cl,280812885,"FIND, THE FOUNDATION FOR INNOVATIVE NEW DIAGNOSTICS",missing,missing,2017-10,public,"fastq,run.zq,sra","gs,ncbi,s3","gs.us-east1,ncbi.public,s3.us-east-1",SRX24791005,Romania,Europe,Romania,tuberculosis,Homo sapiens,EUST13967,Illumina HiSeq 2000,missing,missing,EUST13967,PAIRED,RANDOM,GENOMIC,Mycobacterium tuberculosis,ILLUMINA,2024-06-05T00:00:00Z,2024-06-04T09:42:00Z,1,EUST13967,SRP511583,not applicable
SRR29273928,WGS,292,783166976,PRJNA1119915,SAMN41664286,Pathogen.cl,332102762,"FIND, THE FOUNDATION FOR INNOVATIVE NEW DIAGNOSTICS",missing,missing,2017-12,public,"fastq,run.zq,sra","gs,ncbi,s3","gs.us-east1,ncbi.public,s3.us-east-1",SRX24791004,Romania,Europe,Romania,tuberculosis,Homo sapiens,EUST13956,Illumina HiSeq 2000,missing,missing,EUST13956,PAIRED,RANDOM,GENOMIC,Mycobacterium tuberculosis,ILLUMINA,2024-06-04T00:00:00Z,2024-06-04T09:41:00Z,1,EUST13956,SRP511583,not applicable
SRR29273929,WGS,296,802724645,PRJNA1119915,SAMN41664285,Pathogen.cl,340812286,"FIND, THE FOUNDATION FOR INNOVATIVE NEW DIAGNOSTICS",missing,missing,2018-01,public,"fastq,run.zq,sra","gs,ncbi,s3","gs.us-east1,ncbi.public,s3.us-east-1",SRX24791003,Romania,Europe,Romania,tuberculosis,Homo sapiens,EUST13944,Illumina HiSeq 2000,missing,missing,EUST13944,PAIRED,RANDOM,GENOMIC,Mycobacterium tuberculosis,ILLUMINA,2024-06-04T00:00:00Z,2024-06-04T09:41:00Z,1,EUST13944,SRP511583,not applicable
SRR29273930,WGS,296,775671731,PRJNA1119915,SAMN41664284,Pathogen.cl,327004841,"FIND, THE FOUNDATION FOR INNOVATIVE NEW DIAGNOSTICS",missing,missing,2017-11,public,"fastq,run.zq,sra","gs,ncbi,s3","gs.us-east1,ncbi.public,s3.us-east-1",SRX24791002,Romania,Europe,Romania,tuberculosis,Homo sapiens,EUST13931,Illumina HiSeq 2000,missing,missing,EUST13931,PAIRED,RANDOM,GENOMIC,Mycobacterium tuberculosis,ILLUMINA,2024-06-05T00:00:00Z,2024-06-04T09:42:00Z,1,EUST13931,SRP511583,not applicable
SRR29273931,WGS,296,828813895,PRJNA1119915,SAMN41664283,Pathogen.cl,349822193,"FIND, THE FOUNDATION FOR INNOVATIVE NEW DIAGNOSTICS",missing,missing,2018-04,public,"fastq,run.zq,sra","gs,ncbi,s3","gs.us-east1,ncbi.public,s3.us-east-1",SRX24791001,Romania,Europe,Romania,tuberculosis,Homo sapiens,EUST13927,Illumina HiSeq 2000,missing,missing,EUST13927,PAIRED,RANDOM,GENOMIC,Mycobacterium tuberculosis,ILLUMINA,2024-06-04T00:00:00Z,2024-06-04T09:42:00Z,1,EUST13927,SRP511583,not applicable
SRR29273932,WGS,295,923713123,PRJNA1119915,SAMN41664282,Pathogen.cl,389110657,"FIND, THE FOUNDATION FOR INNOVATIVE NEW DIAGNOSTICS",missing,missing,2018-07,public,"fastq,run.zq,sra","gs,ncbi,s3","gs.us-east1,ncbi.public,s3.us-east-1",SRX24791000,Romania,Europe,Romania,tuberculosis,Homo sapiens,EUST13912,Illumina HiSeq 2000,missing,missing,EUST13912,PAIRED,RANDOM,GENOMIC,Mycobacterium tuberculosis,ILLUMINA,2024-06-04T00:00:00Z,2024-06-04T09:42:00Z,1,EUST13912,SRP511583,not applicable
SRR29273933,WGS,293,757283105,PRJNA1119915,SAMN41664281,Pathogen.cl,327860097,"FIND, THE FOUNDATION FOR INNOVATIVE NEW DIAGNOSTICS",missing,missing,2017-08,public,"fastq,run.zq,sra","gs,ncbi,s3","gs.us-east1,ncbi.public,s3.us-east-1",SRX24790999,Romania,Europe,Romania,tuberculosis,Homo sapiens,EUST13906,Illumina HiSeq 2000,missing,missing,EUST13906,PAIRED,RANDOM,GENOMIC,Mycobacterium tuberculosis,ILLUMINA,2024-06-04T00:00:00Z,2024-06-04T09:42:00Z,1,EUST13906,SRP511583,not applicable
SRR29273934,WGS,294,822579854,PRJNA1119915,SAMN41664251,Pathogen.cl,353642323,"FIND, THE FOUNDATION FOR INNOVATIVE NEW DIAGNOSTICS",missing,missing,2017-09,public,"fastq,run.zq,sra","gs,ncbi,s3","gs.us-east1,ncbi.public,s3.us-east-1",SRX24790998,Romania,Europe,Romania,tuberculosis,Homo sapiens,EUST11724,Illumina HiSeq 2000,missing,missing,EUST11724,PAIRED,RANDOM,GENOMIC,Mycobacterium tuberculosis,ILLUMINA,2024-06-04T00:00:00Z,2024-06-04T09:42:00Z,1,EUST11724,SRP511583,not applicable
SRR29273935,WGS,297,482410830,PRJNA1119915,SAMN41664161,Pathogen.cl,189791762,"FIND, THE FOUNDATION FOR INNOVATIVE NEW DIAGNOSTICS",missing,missing,2017-05,public,"fastq,run.zq,sra","gs,ncbi,s3","gs.us-east1,ncbi.public,s3.us-east-1",SRX24790997,Romania,Europe,Romania,tuberculosis,Homo sapiens,EUST10800,Illumina HiSeq 2000,missing,missing,EUST10800,PAIRED,RANDOM,GENOMIC,Mycobacterium tuberculosis,ILLUMINA,2024-06-04T00:00:00Z,2024-06-04T09:42:00Z,1,EUST10800,SRP511583,not applicable
SRR29273936,WGS,289,459348159,PRJNA1119915,SAMN41664152,Pathogen.cl,196140591,"FIND, THE FOUNDATION FOR INNOVATIVE NEW DIAGNOSTICS",missing,missing,2016-11,public,"fastq,run.zq,sra","gs,ncbi,s3","gs.us-east1,ncbi.public,s3.us-east-1",SRX24790996,Romania,Europe,Romania,tuberculosis,Homo sapiens,EUST10706,Illumina HiSeq 2000,missing,missing,EUST10706,PAIRED,RANDOM,GENOMIC,Mycobacterium tuberculosis,ILLUMINA,2024-06-04T00:00:00Z,2024-06-04T09:42:00Z,1,EUST10706,SRP511583,not applicable
SRR29273937,WGS,288,427336895,PRJNA1119915,SAMN41664151,Pathogen.cl,187448633,"FIND, THE FOUNDATION FOR INNOVATIVE NEW DIAGNOSTICS",missing,missing,2017-05,public,"fastq,run.zq,sra","gs,ncbi,s3","gs.us-east1,ncbi.public,s3.us-east-1",SRX24790995,Romania,Europe,Romania,tuberculosis,Homo sapiens,EUST10694,Illumina HiSeq 2000,missing,missing,EUST10694,PAIRED,RANDOM,GENOMIC,Mycobacterium tuberculosis,ILLUMINA,2024-06-04T00:00:00Z,2024-06-04T09:41:00Z,1,EUST10694,SRP511583,not applicable
SRR29273938,WGS,298,562332439,PRJNA1119915,SAMN41664453,Pathogen.cl,247278638,"FIND, THE FOUNDATION FOR INNOVATIVE NEW DIAGNOSTICS",missing,missing,2017-11,public,"fastq,run.zq,sra","gs,ncbi,s3","gs.us-east1,ncbi.public,s3.us-east-1",SRX24791610,Romania,Europe,Romania,tuberculosis,Homo sapiens,EUST16517,Illumina HiSeq 2000,missing,missing,EUST16517,PAIRED,RANDOM,GENOMIC,Mycobacterium tuberculosis,ILLUMINA,2024-06-04T00:00:00Z,2024-06-04T09:42:00Z,1,EUST16517,SRP511583,not applicable
SRR29273939,WGS,295,669588712,PRJNA1119915,SAMN41664452,Pathogen.cl,290462152,"FIND, THE FOUNDATION FOR INNOVATIVE NEW DIAGNOSTICS",missing,missing,2017-10,public,"fastq,run.zq,sra","gs,ncbi,s3","gs.us-east1,ncbi.public,s3.us-east-1",SRX24791609,Romania,Europe,Romania,tuberculosis,Homo sapiens,EUST16500,Illumina HiSeq 2000,missing,missing,EUST16500,PAIRED,RANDOM,GENOMIC,Mycobacterium tuberculosis,ILLUMINA,2024-06-04T00:00:00Z,2024-06-04T09:43:00Z,1,EUST16500,SRP511583,not applicable
SRR29273940,WGS,299,560458714,PRJNA1119915,SAMN41664451,Pathogen.cl,245099298,"FIND, THE FOUNDATION FOR INNOVATIVE NEW DIAGNOSTICS",missing,missing,2017-10,public,"fastq,run.zq,sra","gs,ncbi,s3","gs.us-east1,ncbi.public,s3.us-east-1",SRX24791608,Romania,Europe,Romania,tuberculosis,Homo sapiens,EUST16492,Illumina HiSeq 2000,missing,missing,EUST16492,PAIRED,RANDOM,GENOMIC,Mycobacterium tuberculosis,ILLUMINA,2024-06-04T00:00:00Z,2024-06-04T09:42:00Z,1,EUST16492,SRP511583,not applicable
SRR29273941,WGS,298,882247092,PRJNA1119915,SAMN41664181,Pathogen.cl,383881317,"FIND, THE FOUNDATION FOR INNOVATIVE NEW DIAGNOSTICS",missing,missing,2017-03,public,"fastq,run.zq,sra","gs,ncbi,s3","gs.us-east1,ncbi.public,s3.us-east-1",SRX24791607,Romania,Europe,Romania,tuberculosis,Homo sapiens,EUST11007,Illumina HiSeq 2000,missing,missing,EUST11007,PAIRED,RANDOM,GENOMIC,Mycobacterium tuberculosis,ILLUMINA,2024-06-05T00:00:00Z,2024-06-04T09:42:00Z,1,EUST11007,SRP511583,not applicable
SRR29273942,WGS,286,393069859,PRJNA1119915,SAMN41664154,Pathogen.cl,173545352,"FIND, THE FOUNDATION FOR INNOVATIVE NEW DIAGNOSTICS",missing,missing,2017-05,public,"fastq,run.zq,sra","gs,ncbi,s3","gs.us-east1,ncbi.public,s3.us-east-1",SRX24791606,Romania,Europe,Romania,tuberculosis,Homo sapiens,EUST10736,Illumina HiSeq 2000,missing,missing,EUST10736,PAIRED,RANDOM,GENOMIC,Mycobacterium tuberculosis,ILLUMINA,2024-06-04T00:00:00Z,2024-06-04T09:41:00Z,1,EUST10736,SRP511583,not applicable
SRR29273943,WGS,294,758621919,PRJNA1119915,SAMN41664450,Pathogen.cl,330628186,"FIND, THE FOUNDATION FOR INNOVATIVE NEW DIAGNOSTICS",missing,missing,2017-12,public,"fastq,run.zq,sra","gs,ncbi,s3","gs.us-east1,ncbi.public,s3.us-east-1",SRX24791605,Romania,Europe,Romania,tuberculosis,Homo sapiens,EUST16482,Illumina HiSeq 2000,missing,missing,EUST16482,PAIRED,RANDOM,GENOMIC,Mycobacterium tuberculosis,ILLUMINA,2024-06-04T00:00:00Z,2024-06-04T09:42:00Z,1,EUST16482,SRP511583,not applicable
SRR29273944,WGS,296,676627416,PRJNA1119915,SAMN41664449,Pathogen.cl,296823714,"FIND, THE FOUNDATION FOR INNOVATIVE NEW DIAGNOSTICS",missing,missing,2018-01,public,"fastq,run.zq,sra","gs,ncbi,s3","gs.us-east1,ncbi.public,s3.us-east-1",SRX24791604,Romania,Europe,Romania,tuberculosis,Homo sapiens,EUST16471,Illumina HiSeq 2000,missing,missing,EUST16471,PAIRED,RANDOM,GENOMIC,Mycobacterium tuberculosis,ILLUMINA,2024-06-04T00:00:00Z,2024-06-04T09:42:00Z,1,EUST16471,SRP511583,not applicable
SRR29273945,WGS,297,623123269,PRJNA1119915,SAMN41664448,Pathogen.cl,274278119,"FIND, THE FOUNDATION FOR INNOVATIVE NEW DIAGNOSTICS",missing,missing,2018-01,public,"fastq,run.zq,sra","gs,ncbi,s3","gs.us-east1,ncbi.public,s3.us-east-1",SRX24791603,Romania,Europe,Romania,tuberculosis,Homo sapiens,EUST16469,Illumina HiSeq 2000,missing,missing,EUST16469,PAIRED,RANDOM,GENOMIC,Mycobacterium tuberculosis,ILLUMINA,2024-06-04T00:00:00Z,2024-06-04T09:42:00Z,1,EUST16469,SRP511583,not applicable
SRR29273946,WGS,297,644040968,PRJNA1119915,SAMN41664447,Pathogen.cl,281540716,"FIND, THE FOUNDATION FOR INNOVATIVE NEW DIAGNOSTICS",missing,missing,2017-10,public,"fastq,run.zq,sra","gs,ncbi,s3","gs.us-east1,ncbi.public,s3.us-east-1",SRX24791602,Romania,Europe,Romania,tuberculosis,Homo sapiens,EUST16456,Illumina HiSeq 2000,missing,missing,EUST16456,PAIRED,RANDOM,GENOMIC,Mycobacterium tuberculosis,ILLUMINA,2024-06-04T00:00:00Z,2024-06-04T09:42:00Z,1,EUST16456,SRP511583,not applicable
SRR29273947,WGS,297,742359839,PRJNA1119915,SAMN41664446,Pathogen.cl,325808092,"FIND, THE FOUNDATION FOR INNOVATIVE NEW DIAGNOSTICS",missing,missing,2018-02,public,"fastq,run.zq,sra","gs,ncbi,s3","gs.us-east1,ncbi.public,s3.us-east-1",SRX24791601,Romania,Europe,Romania,tuberculosis,Homo sapiens,EUST16442,Illumina HiSeq 2000,missing,missing,EUST16442,PAIRED,RANDOM,GENOMIC,Mycobacterium tuberculosis,ILLUMINA,2024-06-04T00:00:00Z,2024-06-04T09:42:00Z,1,EUST16442,SRP511583,not applicable
SRR29273948,WGS,295,893285698,PRJNA1119915,SAMN41664445,Pathogen.cl,386433439,"FIND, THE FOUNDATION FOR INNOVATIVE NEW DIAGNOSTICS",missing,missing,2018-01,public,"fastq,run.zq,sra","gs,ncbi,s3","gs.us-east1,ncbi.public,s3.us-east-1",SRX24791600,Romania,Europe,Romania,tuberculosis,Homo sapiens,EUST16437,Illumina HiSeq 2000,missing,missing,EUST16437,PAIRED,RANDOM,GENOMIC,Mycobacterium tuberculosis,ILLUMINA,2024-06-04T00:00:00Z,2024-06-04T09:42:00Z,1,EUST16437,SRP511583,not applicable
SRR29273949,WGS,295,802912599,PRJNA1119915,SAMN41664444,Pathogen.cl,347806911,"FIND, THE FOUNDATION FOR INNOVATIVE NEW DIAGNOSTICS",missing,missing,2018-01,public,"fastq,run.zq,sra","gs,ncbi,s3","gs.us-east1,ncbi.public,s3.us-east-1",SRX24791599,Romania,Europe,Romania,tuberculosis,Homo sapiens,EUST16421,Illumina HiSeq 2000,missing,missing,EUST16421,PAIRED,RANDOM,GENOMIC,Mycobacterium tuberculosis,ILLUMINA,2024-06-04T00:00:00Z,2024-06-04T09:42:00Z,1,EUST16421,SRP511583,not applicable
SRR29273950,WGS,297,709724598,PRJNA1119915,SAMN41664443,Pathogen.cl,307027332,"FIND, THE FOUNDATION FOR INNOVATIVE NEW DIAGNOSTICS",missing,missing,2017-12,public,"fastq,run.zq,sra","gs,ncbi,s3","gs.us-east1,ncbi.public,s3.us-east-1",SRX24791598,Romania,Europe,Romania,tuberculosis,Homo sapiens,EUST16414,Illumina HiSeq 2000,missing,missing,EUST16414,PAIRED,RANDOM,GENOMIC,Mycobacterium tuberculosis,ILLUMINA,2024-06-04T00:00:00Z,2024-06-04T09:42:00Z,1,EUST16414,SRP511583,not applicable
SRR29273951,WGS,298,859000308,PRJNA1119915,SAMN41664442,Pathogen.cl,371166816,"FIND, THE FOUNDATION FOR INNOVATIVE NEW DIAGNOSTICS",missing,missing,2017-12,public,"fastq,run.zq,sra","gs,ncbi,s3","gs.us-east1,ncbi.public,s3.us-east-1",SRX24791597,Romania,Europe,Romania,tuberculosis,Homo sapiens,EUST16406,Illumina HiSeq 2000,missing,missing,EUST16406,PAIRED,RANDOM,GENOMIC,Mycobacterium tuberculosis,ILLUMINA,2024-06-05T00:00:00Z,2024-06-04T09:42:00Z,1,EUST16406,SRP511583,not applicable
SRR29273952,WGS,298,644568790,PRJNA1119915,SAMN41664441,Pathogen.cl,279678783,"FIND, THE FOUNDATION FOR INNOVATIVE NEW DIAGNOSTICS",missing,missing,2018-01,public,"fastq,run.zq,sra","gs,ncbi,s3","gs.us-east1,ncbi.public,s3.us-east-1",SRX24791596,Romania,Europe,Romania,tuberculosis,Homo sapiens,EUST16397,Illumina HiSeq 2000,missing,missing,EUST16397,PAIRED,RANDOM,GENOMIC,Mycobacterium tuberculosis,ILLUMINA,2024-06-04T00:00:00Z,2024-06-04T09:42:00Z,1,EUST16397,SRP511583,not applicable
SRR29273953,WGS,291,1022236422,PRJNA1119915,SAMN41664180,Pathogen.cl,439548664,"FIND, THE FOUNDATION FOR INNOVATIVE NEW DIAGNOSTICS",missing,missing,2017-07,public,"fastq,run.zq,sra","gs,ncbi,s3","gs.us-east1,ncbi.public,s3.us-east-1",SRX24791595,Romania,Europe,Romania,tuberculosis,Homo sapiens,EUST10999,Illumina HiSeq 2000,missing,missing,EUST10999,PAIRED,RANDOM,GENOMIC,Mycobacterium tuberculosis,ILLUMINA,2024-06-05T00:00:00Z,2024-06-04T09:42:00Z,1,EUST10999,SRP511583,not applicable
SRR29273954,WGS,299,706717344,PRJNA1119915,SAMN41664440,Pathogen.cl,305600710,"FIND, THE FOUNDATION FOR INNOVATIVE NEW DIAGNOSTICS",missing,missing,2018-01,public,"fastq,run.zq,sra","gs,ncbi,s3","gs.us-east1,ncbi.public,s3.us-east-1",SRX24791594,Romania,Europe,Romania,tuberculosis,Homo sapiens,EUST16386,Illumina HiSeq 2000,missing,missing,EUST16386,PAIRED,RANDOM,GENOMIC,Mycobacterium tuberculosis,ILLUMINA,2024-06-05T00:00:00Z,2024-06-04T09:42:00Z,1,EUST16386,SRP511583,not applicable
SRR29273955,WGS,297,824842433,PRJNA1119915,SAMN41664439,Pathogen.cl,356134823,"FIND, THE FOUNDATION FOR INNOVATIVE NEW DIAGNOSTICS",missing,missing,2017-11,public,"fastq,run.zq,sra","gs,ncbi,s3","gs.us-east1,ncbi.public,s3.us-east-1",SRX24791593,Romania,Europe,Romania,tuberculosis,Homo sapiens,EUST16374,Illumina HiSeq 2000,missing,missing,EUST16374,PAIRED,RANDOM,GENOMIC,Mycobacterium tuberculosis,ILLUMINA,2024-06-04T00:00:00Z,2024-06-04T09:42:00Z,1,EUST16374,SRP511583,not applicable
SRR29273956,WGS,297,718983730,PRJNA1119915,SAMN41664438,Pathogen.cl,312516584,"FIND, THE FOUNDATION FOR INNOVATIVE NEW DIAGNOSTICS",missing,missing,2017-12,public,"fastq,run.zq,sra","gs,ncbi,s3","gs.us-east1,ncbi.public,s3.us-east-1",SRX24791592,Romania,Europe,Romania,tuberculosis,Homo sapiens,EUST16361,Illumina HiSeq 2000,missing,missing,EUST16361,PAIRED,RANDOM,GENOMIC,Mycobacterium tuberculosis,ILLUMINA,2024-06-04T00:00:00Z,2024-06-04T09:42:00Z,1,EUST16361,SRP511583,not applicable
SRR29273957,WGS,297,673527007,PRJNA1119915,SAMN41664437,Pathogen.cl,293654400,"FIND, THE FOUNDATION FOR INNOVATIVE NEW DIAGNOSTICS",missing,missing,2017-12,public,"fastq,run.zq,sra","gs,ncbi,s3","gs.us-east1,ncbi.public,s3.us-east-1",SRX24791591,Romania,Europe,Romania,tuberculosis,Homo sapiens,EUST16357,Illumina HiSeq 2000,missing,missing,EUST16357,PAIRED,RANDOM,GENOMIC,Mycobacterium tuberculosis,ILLUMINA,2024-06-04T00:00:00Z,2024-06-04T09:42:00Z,1,EUST16357,SRP511583,not applicable
SRR29273958,WGS,295,884320316,PRJNA1119915,SAMN41664436,Pathogen.cl,380605097,"FIND, THE FOUNDATION FOR INNOVATIVE NEW DIAGNOSTICS",missing,missing,2017-12,public,"fastq,run.zq,sra","gs,ncbi,s3","gs.us-east1,ncbi.public,s3.us-east-1",SRX24791590,Romania,Europe,Romania,tuberculosis,Homo sapiens,EUST16342,Illumina HiSeq 2000,missing,missing,EUST16342,PAIRED,RANDOM,GENOMIC,Mycobacterium tuberculosis,ILLUMINA,2024-06-04T00:00:00Z,2024-06-04T09:42:00Z,1,EUST16342,SRP511583,not applicable
SRR29273959,WGS,296,952867474,PRJNA1119915,SAMN41664435,Pathogen.cl,409729021,"FIND, THE FOUNDATION FOR INNOVATIVE NEW DIAGNOSTICS",missing,missing,2017-11,public,"fastq,run.zq,sra","gs,ncbi,s3","gs.us-east1,ncbi.public,s3.us-east-1",SRX24791589,Romania,Europe,Romania,tuberculosis,Homo sapiens,EUST16336,Illumina HiSeq 2000,missing,missing,EUST16336,PAIRED,RANDOM,GENOMIC,Mycobacterium tuberculosis,ILLUMINA,2024-06-04T00:00:00Z,2024-06-04T09:42:00Z,1,EUST16336,SRP511583,not applicable
SRR29273960,WGS,297,638655852,PRJNA1119915,SAMN41664434,Pathogen.cl,276673380,"FIND, THE FOUNDATION FOR INNOVATIVE NEW DIAGNOSTICS",missing,missing,2017-11,public,"fastq,run.zq,sra","gs,ncbi,s3","gs.us-east1,ncbi.public,s3.us-east-1",SRX24791588,Romania,Europe,Romania,tuberculosis,Homo sapiens,EUST16329,Illumina HiSeq 2000,missing,missing,EUST16329,PAIRED,RANDOM,GENOMIC,Mycobacterium tuberculosis,ILLUMINA,2024-06-04T00:00:00Z,2024-06-04T09:43:00Z,1,EUST16329,SRP511583,not applicable
SRR29273961,WGS,295,937833433,PRJNA1119915,SAMN41664433,Pathogen.cl,406992623,"FIND, THE FOUNDATION FOR INNOVATIVE NEW DIAGNOSTICS",missing,missing,2017-11,public,"fastq,run.zq,sra","gs,ncbi,s3","gs.us-east1,ncbi.public,s3.us-east-1",SRX24791587,Romania,Europe,Romania,tuberculosis,Homo sapiens,EUST16311,Illumina HiSeq 2000,missing,missing,EUST16311,PAIRED,RANDOM,GENOMIC,Mycobacterium tuberculosis,ILLUMINA,2024-06-04T00:00:00Z,2024-06-04T09:42:00Z,1,EUST16311,SRP511583,not applicable
SRR29273962,WGS,297,608918190,PRJNA1119915,SAMN41664432,Pathogen.cl,265130717,"FIND, THE FOUNDATION FOR INNOVATIVE NEW DIAGNOSTICS",missing,missing,2017-11,public,"fastq,run.zq,sra","gs,ncbi,s3","gs.us-east1,ncbi.public,s3.us-east-1",SRX24791586,Romania,Europe,Romania,tuberculosis,Homo sapiens,EUST16302,Illumina HiSeq 2000,missing,missing,EUST16302,PAIRED,RANDOM,GENOMIC,Mycobacterium tuberculosis,ILLUMINA,2024-06-04T00:00:00Z,2024-06-04T09:42:00Z,1,EUST16302,SRP511583,not applicable
SRR29273963,WGS,295,794678263,PRJNA1119915,SAMN41664431,Pathogen.cl,341920096,"FIND, THE FOUNDATION FOR INNOVATIVE NEW DIAGNOSTICS",missing,missing,2017-12,public,"fastq,run.zq,sra","gs,ncbi,s3","gs.us-east1,ncbi.public,s3.us-east-1",SRX24791585,Romania,Europe,Romania,tuberculosis,Homo sapiens,EUST16292,Illumina HiSeq 2000,missing,missing,EUST16292,PAIRED,RANDOM,GENOMIC,Mycobacterium tuberculosis,ILLUMINA,2024-06-04T00:00:00Z,2024-06-04T09:42:00Z,1,EUST16292,SRP511583,not applicable
SRR29273964,WGS,297,586303366,PRJNA1119915,SAMN41664179,Pathogen.cl,229708107,"FIND, THE FOUNDATION FOR INNOVATIVE NEW DIAGNOSTICS",missing,missing,2017-07,public,"fastq,run.zq,sra","gs,ncbi,s3","gs.us-east1,ncbi.public,s3.us-east-1",SRX24791584,Romania,Europe,Romania,tuberculosis,Homo sapiens,EUST10988,Illumina HiSeq 2000,missing,missing,EUST10988,PAIRED,RANDOM,GENOMIC,Mycobacterium tuberculosis,ILLUMINA,2024-06-04T00:00:00Z,2024-06-04T09:42:00Z,1,EUST10988,SRP511583,not applicable
SRR29273965,WGS,293,653295906,PRJNA1119915,SAMN41664430,Pathogen.cl,281309168,"FIND, THE FOUNDATION FOR INNOVATIVE NEW DIAGNOSTICS",missing,missing,2017-11,public,"fastq,run.zq,sra","gs,ncbi,s3","gs.us-east1,ncbi.public,s3.us-east-1",SRX24791583,Romania,Europe,Romania,tuberculosis,Homo sapiens,EUST16280,Illumina HiSeq 2000,missing,missing,EUST16280,PAIRED,RANDOM,GENOMIC,Mycobacterium tuberculosis,ILLUMINA,2024-06-05T00:00:00Z,2024-06-04T09:43:00Z,1,EUST16280,SRP511583,not applicable
SRR29273966,WGS,298,551651745,PRJNA1119915,SAMN41664429,Pathogen.cl,236365030,"FIND, THE FOUNDATION FOR INNOVATIVE NEW DIAGNOSTICS",missing,missing,2017-10,public,"fastq,run.zq,sra","gs,ncbi,s3","gs.us-east1,ncbi.public,s3.us-east-1",SRX24791582,Romania,Europe,Romania,tuberculosis,Homo sapiens,EUST16277,Illumina HiSeq 2000,missing,missing,EUST16277,PAIRED,RANDOM,GENOMIC,Mycobacterium tuberculosis,ILLUMINA,2024-06-04T00:00:00Z,2024-06-04T09:42:00Z,1,EUST16277,SRP511583,not applicable
SRR29273967,WGS,298,512748648,PRJNA1119915,SAMN41664428,Pathogen.cl,220123323,"FIND, THE FOUNDATION FOR INNOVATIVE NEW DIAGNOSTICS",missing,missing,2017-11,public,"fastq,run.zq,sra","gs,ncbi,s3","gs.us-east1,ncbi.public,s3.us-east-1",SRX24791581,Romania,Europe,Romania,tuberculosis,Homo sapiens,EUST16263,Illumina HiSeq 2000,missing,missing,EUST16263,PAIRED,RANDOM,GENOMIC,Mycobacterium tuberculosis,ILLUMINA,2024-06-04T00:00:00Z,2024-06-04T09:42:00Z,1,EUST16263,SRP511583,not applicable
SRR29273968,WGS,299,529721877,PRJNA1119915,SAMN41664427,Pathogen.cl,228530291,"FIND, THE FOUNDATION FOR INNOVATIVE NEW DIAGNOSTICS",missing,missing,2017-12,public,"fastq,run.zq,sra","gs,ncbi,s3","gs.us-east1,ncbi.public,s3.us-east-1",SRX24791580,Romania,Europe,Romania,tuberculosis,Homo sapiens,EUST16258,Illumina HiSeq 2000,missing,missing,EUST16258,PAIRED,RANDOM,GENOMIC,Mycobacterium tuberculosis,ILLUMINA,2024-06-04T00:00:00Z,2024-06-04T09:42:00Z,1,EUST16258,SRP511583,not applicable
SRR29273969,WGS,298,468177402,PRJNA1119915,SAMN41664426,Pathogen.cl,201759375,"FIND, THE FOUNDATION FOR INNOVATIVE NEW DIAGNOSTICS",missing,missing,2017-12,public,"fastq,run.zq,sra","gs,ncbi,s3","gs.us-east1,ncbi.public,s3.us-east-1",SRX24791579,Romania,Europe,Romania,tuberculosis,Homo sapiens,EUST16242,Illumina HiSeq 2000,missing,missing,EUST16242,PAIRED,RANDOM,GENOMIC,Mycobacterium tuberculosis,ILLUMINA,2024-06-04T00:00:00Z,2024-06-04T09:42:00Z,1,EUST16242,SRP511583,not applicable
SRR29273970,WGS,297,561263764,PRJNA1119915,SAMN41664367,Pathogen.cl,241771132,"FIND, THE FOUNDATION FOR INNOVATIVE NEW DIAGNOSTICS",missing,missing,2019-02,public,"fastq,run.zq,sra","gs,ncbi,s3","gs.us-east1,ncbi.public,s3.us-east-1",SRX24791578,Romania,Europe,Romania,tuberculosis,Homo sapiens,EUST14764,Illumina HiSeq 2000,missing,missing,EUST14764,PAIRED,RANDOM,GENOMIC,Mycobacterium tuberculosis,ILLUMINA,2024-06-04T00:00:00Z,2024-06-04T09:42:00Z,1,EUST14764,SRP511583,not applicable
SRR29273971,WGS,295,555372339,PRJNA1119915,SAMN41664366,Pathogen.cl,239584927,"FIND, THE FOUNDATION FOR INNOVATIVE NEW DIAGNOSTICS",missing,missing,2019-02,public,"fastq,run.zq,sra","gs,ncbi,s3","gs.us-east1,ncbi.public,s3.us-east-1",SRX24791577,Romania,Europe,Romania,tuberculosis,Homo sapiens,EUST14752,Illumina HiSeq 2000,missing,missing,EUST14752,PAIRED,RANDOM,GENOMIC,Mycobacterium tuberculosis,ILLUMINA,2024-06-05T00:00:00Z,2024-06-04T09:42:00Z,1,EUST14752,SRP511583,not applicable
SRR29273972,WGS,298,490261563,PRJNA1119915,SAMN41664365,Pathogen.cl,211123324,"FIND, THE FOUNDATION FOR INNOVATIVE NEW DIAGNOSTICS",missing,missing,2019-01,public,"fastq,run.zq,sra","gs,ncbi,s3","gs.us-east1,ncbi.public,s3.us-east-1",SRX24791576,Romania,Europe,Romania,tuberculosis,Homo sapiens,EUST14749,Illumina HiSeq 2000,missing,missing,EUST14749,PAIRED,RANDOM,GENOMIC,Mycobacterium tuberculosis,ILLUMINA,2024-06-04T00:00:00Z,2024-06-04T09:42:00Z,1,EUST14749,SRP511583,not applicable
SRR29273973,WGS,297,577258547,PRJNA1119915,SAMN41664364,Pathogen.cl,249110243,"FIND, THE FOUNDATION FOR INNOVATIVE NEW DIAGNOSTICS",missing,missing,2019-03,public,"fastq,run.zq,sra","gs,ncbi,s3","gs.us-east1,ncbi.public,s3.us-east-1",SRX24791575,Romania,Europe,Romania,tuberculosis,Homo sapiens,EUST14735,Illumina HiSeq 2000,missing,missing,EUST14735,PAIRED,RANDOM,GENOMIC,Mycobacterium tuberculosis,ILLUMINA,2024-06-05T00:00:00Z,2024-06-04T09:42:00Z,1,EUST14735,SRP511583,not applicable
SRR29273974,WGS,297,535185816,PRJNA1119915,SAMN41664363,Pathogen.cl,229307218,"FIND, THE FOUNDATION FOR INNOVATIVE NEW DIAGNOSTICS",missing,missing,2019-04,public,"fastq,run.zq,sra","gs,ncbi,s3","gs.us-east1,ncbi.public,s3.us-east-1",SRX24791574,Romania,Europe,Romania,tuberculosis,Homo sapiens,EUST14720,Illumina HiSeq 2000,missing,missing,EUST14720,PAIRED,RANDOM,GENOMIC,Mycobacterium tuberculosis,ILLUMINA,2024-06-04T00:00:00Z,2024-06-04T09:42:00Z,1,EUST14720,SRP511583,not applicable
SRR29273975,WGS,298,494825295,PRJNA1119915,SAMN41664362,Pathogen.cl,212247317,"FIND, THE FOUNDATION FOR INNOVATIVE NEW DIAGNOSTICS",missing,missing,2019-04,public,"fastq,run.zq,sra","gs,ncbi,s3","gs.us-east1,ncbi.public,s3.us-east-1",SRX24791573,Romania,Europe,Romania,tuberculosis,Homo sapiens,EUST14714,Illumina HiSeq 2000,missing,missing,EUST14714,PAIRED,RANDOM,GENOMIC,Mycobacterium tuberculosis,ILLUMINA,2024-06-04T00:00:00Z,2024-06-04T09:42:00Z,1,EUST14714,SRP511583,not applicable
SRR29273976,WGS,298,563661781,PRJNA1119915,SAMN41664361,Pathogen.cl,241660182,"FIND, THE FOUNDATION FOR INNOVATIVE NEW DIAGNOSTICS",missing,missing,2019-04,public,"fastq,run.zq,sra","gs,ncbi,s3","gs.us-east1,ncbi.public,s3.us-east-1",SRX24791572,Romania,Europe,Romania,tuberculosis,Homo sapiens,EUST14707,Illumina HiSeq 2000,missing,missing,EUST14707,PAIRED,RANDOM,GENOMIC,Mycobacterium tuberculosis,ILLUMINA,2024-06-04T00:00:00Z,2024-06-04T09:42:00Z,1,EUST14707,SRP511583,not applicable
SRR29273977,WGS,297,900857780,PRJNA1119915,SAMN41664172,Pathogen.cl,387222907,"FIND, THE FOUNDATION FOR INNOVATIVE NEW DIAGNOSTICS",missing,missing,2017-06,public,"fastq,run.zq,sra","gs,ncbi,s3","gs.us-east1,ncbi.public,s3.us-east-1",SRX24791571,Romania,Europe,Romania,tuberculosis,Homo sapiens,EUST10913,Illumina HiSeq 2000,missing,missing,EUST10913,PAIRED,RANDOM,GENOMIC,Mycobacterium tuberculosis,ILLUMINA,2024-06-05T00:00:00Z,2024-06-04T09:43:00Z,1,EUST10913,SRP511583,not applicable
SRR29273978,WGS,298,574881913,PRJNA1119915,SAMN41664360,Pathogen.cl,246976270,"FIND, THE FOUNDATION FOR INNOVATIVE NEW DIAGNOSTICS",missing,missing,2019-04,public,"fastq,run.zq,sra","gs,ncbi,s3","gs.us-east1,ncbi.public,s3.us-east-1",SRX24791570,Romania,Europe,Romania,tuberculosis,Homo sapiens,EUST14699,Illumina HiSeq 2000,missing,missing,EUST14699,PAIRED,RANDOM,GENOMIC,Mycobacterium tuberculosis,ILLUMINA,2024-06-05T00:00:00Z,2024-06-04T09:42:00Z,1,EUST14699,SRP511583,not applicable
SRR29273979,WGS,298,561910173,PRJNA1119915,SAMN41664359,Pathogen.cl,241025230,"FIND, THE FOUNDATION FOR INNOVATIVE NEW DIAGNOSTICS",missing,missing,2019-02,public,"fastq,run.zq,sra","gs,ncbi,s3","gs.us-east1,ncbi.public,s3.us-east-1",SRX24791569,Romania,Europe,Romania,tuberculosis,Homo sapiens,EUST14689,Illumina HiSeq 2000,missing,missing,EUST14689,PAIRED,RANDOM,GENOMIC,Mycobacterium tuberculosis,ILLUMINA,2024-06-04T00:00:00Z,2024-06-04T09:42:00Z,1,EUST14689,SRP511583,not applicable
SRR29273980,WGS,298,574146710,PRJNA1119915,SAMN41664358,Pathogen.cl,246929693,"FIND, THE FOUNDATION FOR INNOVATIVE NEW DIAGNOSTICS",missing,missing,2019-02,public,"fastq,run.zq,sra","gs,ncbi,s3","gs.us-east1,ncbi.public,s3.us-east-1",SRX24791568,Romania,Europe,Romania,tuberculosis,Homo sapiens,EUST14678,Illumina HiSeq 2000,missing,missing,EUST14678,PAIRED,RANDOM,GENOMIC,Mycobacterium tuberculosis,ILLUMINA,2024-06-04T00:00:00Z,2024-06-04T09:42:00Z,1,EUST14678,SRP511583,not applicable
SRR29273981,WGS,298,542202730,PRJNA1119915,SAMN41664357,Pathogen.cl,232438129,"FIND, THE FOUNDATION FOR INNOVATIVE NEW DIAGNOSTICS",missing,missing,2019-01,public,"fastq,run.zq,sra","gs,ncbi,s3","gs.us-east1,ncbi.public,s3.us-east-1",SRX24791567,Romania,Europe,Romania,tuberculosis,Homo sapiens,EUST14666,Illumina HiSeq 2000,missing,missing,EUST14666,PAIRED,RANDOM,GENOMIC,Mycobacterium tuberculosis,ILLUMINA,2024-06-04T00:00:00Z,2024-06-04T09:42:00Z,1,EUST14666,SRP511583,not applicable
SRR29273982,WGS,298,493812365,PRJNA1119915,SAMN41664356,Pathogen.cl,211916198,"FIND, THE FOUNDATION FOR INNOVATIVE NEW DIAGNOSTICS",missing,missing,2019-03,public,"fastq,run.zq,sra","gs,ncbi,s3","gs.us-east1,ncbi.public,s3.us-east-1",SRX24791566,Romania,Europe,Romania,tuberculosis,Homo sapiens,EUST14653,Illumina HiSeq 2000,missing,missing,EUST14653,PAIRED,RANDOM,GENOMIC,Mycobacterium tuberculosis,ILLUMINA,2024-06-05T00:00:00Z,2024-06-04T09:42:00Z,1,EUST14653,SRP511583,not applicable
SRR29273983,WGS,298,548557473,PRJNA1119915,SAMN41664355,Pathogen.cl,235347781,"FIND, THE FOUNDATION FOR INNOVATIVE NEW DIAGNOSTICS",missing,missing,2019-03,public,"fastq,run.zq,sra","gs,ncbi,s3","gs.us-east1,ncbi.public,s3.us-east-1",SRX24791565,Romania,Europe,Romania,tuberculosis,Homo sapiens,EUST14649,Illumina HiSeq 2000,missing,missing,EUST14649,PAIRED,RANDOM,GENOMIC,Mycobacterium tuberculosis,ILLUMINA,2024-06-04T00:00:00Z,2024-06-04T09:42:00Z,1,EUST14649,SRP511583,not applicable
SRR29273984,WGS,295,611564499,PRJNA1119915,SAMN41664354,Pathogen.cl,261794000,"FIND, THE FOUNDATION FOR INNOVATIVE NEW DIAGNOSTICS",missing,missing,2018-11,public,"fastq,run.zq,sra","gs,ncbi,s3","gs.us-east1,ncbi.public,s3.us-east-1",SRX24791564,Romania,Europe,Romania,tuberculosis,Homo sapiens,EUST14634,Illumina HiSeq 2000,missing,missing,EUST14634,PAIRED,RANDOM,GENOMIC,Mycobacterium tuberculosis,ILLUMINA,2024-06-04T00:00:00Z,2024-06-04T09:42:00Z,1,EUST14634,SRP511583,not applicable
SRR29273985,WGS,297,645047674,PRJNA1119915,SAMN41664353,Pathogen.cl,275387917,"FIND, THE FOUNDATION FOR INNOVATIVE NEW DIAGNOSTICS",missing,missing,2019-03,public,"fastq,run.zq,sra","gs,ncbi,s3","gs.us-east1,ncbi.public,s3.us-east-1",SRX24791563,Romania,Europe,Romania,tuberculosis,Homo sapiens,EUST14628,Illumina HiSeq 2000,missing,missing,EUST14628,PAIRED,RANDOM,GENOMIC,Mycobacterium tuberculosis,ILLUMINA,2024-06-04T00:00:00Z,2024-06-04T09:42:00Z,1,EUST14628,SRP511583,not applicable
SRR29273986,WGS,297,711145885,PRJNA1119915,SAMN41664352,Pathogen.cl,303750540,"FIND, THE FOUNDATION FOR INNOVATIVE NEW DIAGNOSTICS",missing,missing,2019-03,public,"fastq,run.zq,sra","gs,ncbi,s3","gs.us-east1,ncbi.public,s3.us-east-1",SRX24791562,Romania,Europe,Romania,tuberculosis,Homo sapiens,EUST14611,Illumina HiSeq 2000,missing,missing,EUST14611,PAIRED,RANDOM,GENOMIC,Mycobacterium tuberculosis,ILLUMINA,2024-06-04T00:00:00Z,2024-06-04T09:42:00Z,1,EUST14611,SRP511583,not applicable
SRR29273987,WGS,296,581252533,PRJNA1119915,SAMN41664351,Pathogen.cl,248941734,"FIND, THE FOUNDATION FOR INNOVATIVE NEW DIAGNOSTICS",missing,missing,2019-02,public,"fastq,run.zq,sra","gs,ncbi,s3","gs.us-east1,ncbi.public,s3.us-east-1",SRX24791561,Romania,Europe,Romania,tuberculosis,Homo sapiens,EUST14603,Illumina HiSeq 2000,missing,missing,EUST14603,PAIRED,RANDOM,GENOMIC,Mycobacterium tuberculosis,ILLUMINA,2024-06-04T00:00:00Z,2024-06-04T09:42:00Z,1,EUST14603,SRP511583,not applicable
SRR29273988,WGS,298,769967966,PRJNA1119915,SAMN41664171,Pathogen.cl,337146805,"FIND, THE FOUNDATION FOR INNOVATIVE NEW DIAGNOSTICS",missing,missing,2017-05,public,"fastq,run.zq,sra","gs,ncbi,s3","gs.us-east1,ncbi.public,s3.us-east-1",SRX24791560,Romania,Europe,Romania,tuberculosis,Homo sapiens,EUST10904,Illumina HiSeq 2000,missing,missing,EUST10904,PAIRED,RANDOM,GENOMIC,Mycobacterium tuberculosis,ILLUMINA,2024-06-05T00:00:00Z,2024-06-04T09:42:00Z,1,EUST10904,SRP511583,not applicable
SRR29273989,WGS,284,435850826,PRJNA1119915,SAMN41664153,Pathogen.cl,191194278,"FIND, THE FOUNDATION FOR INNOVATIVE NEW DIAGNOSTICS",missing,missing,2017-03,public,"fastq,run.zq,sra","gs,ncbi,s3","gs.us-east1,ncbi.public,s3.us-east-1",SRX24791559,Romania,Europe,Romania,tuberculosis,Homo sapiens,EUST10727,Illumina HiSeq 2000,missing,missing,EUST10727,PAIRED,RANDOM,GENOMIC,Mycobacterium tuberculosis,ILLUMINA,2024-06-05T00:00:00Z,2024-06-04T09:42:00Z,1,EUST10727,SRP511583,not applicable
SRR29273990,WGS,290,696292757,PRJNA1119915,SAMN41664350,Pathogen.cl,299146795,"FIND, THE FOUNDATION FOR INNOVATIVE NEW DIAGNOSTICS",missing,missing,2019-03,public,"fastq,run.zq,sra","gs,ncbi,s3","gs.us-east1,ncbi.public,s3.us-east-1",SRX24791558,Romania,Europe,Romania,tuberculosis,Homo sapiens,EUST14594,Illumina HiSeq 2000,missing,missing,EUST14594,PAIRED,RANDOM,GENOMIC,Mycobacterium tuberculosis,ILLUMINA,2024-06-04T00:00:00Z,2024-06-04T09:43:00Z,1,EUST14594,SRP511583,not applicable
SRR29273991,WGS,296,681609529,PRJNA1119915,SAMN41664349,Pathogen.cl,291396785,"FIND, THE FOUNDATION FOR INNOVATIVE NEW DIAGNOSTICS",missing,missing,2019-03,public,"fastq,run.zq,sra","gs,ncbi,s3","gs.us-east1,ncbi.public,s3.us-east-1",SRX24791557,Romania,Europe,Romania,tuberculosis,Homo sapiens,EUST14583,Illumina HiSeq 2000,missing,missing,EUST14583,PAIRED,RANDOM,GENOMIC,Mycobacterium tuberculosis,ILLUMINA,2024-06-05T00:00:00Z,2024-06-04T09:43:00Z,1,EUST14583,SRP511583,not applicable
SRR29273992,WGS,297,603402150,PRJNA1119915,SAMN41664348,Pathogen.cl,258966411,"FIND, THE FOUNDATION FOR INNOVATIVE NEW DIAGNOSTICS",missing,missing,2019-01,public,"fastq,run.zq,sra","gs,ncbi,s3","gs.us-east1,ncbi.public,s3.us-east-1",SRX24791556,Romania,Europe,Romania,tuberculosis,Homo sapiens,EUST14571,Illumina HiSeq 2000,missing,missing,EUST14571,PAIRED,RANDOM,GENOMIC,Mycobacterium tuberculosis,ILLUMINA,2024-06-04T00:00:00Z,2024-06-04T09:42:00Z,1,EUST14571,SRP511583,not applicable
SRR29273993,WGS,298,504453300,PRJNA1119915,SAMN41664347,Pathogen.cl,216635522,"FIND, THE FOUNDATION FOR INNOVATIVE NEW DIAGNOSTICS",missing,missing,2019-03,public,"fastq,run.zq,sra","gs,ncbi,s3","gs.us-east1,ncbi.public,s3.us-east-1",SRX24791555,Romania,Europe,Romania,tuberculosis,Homo sapiens,EUST14568,Illumina HiSeq 2000,missing,missing,EUST14568,PAIRED,RANDOM,GENOMIC,Mycobacterium tuberculosis,ILLUMINA,2024-06-04T00:00:00Z,2024-06-04T09:43:00Z,1,EUST14568,SRP511583,not applicable
SRR29273994,WGS,297,729901949,PRJNA1119915,SAMN41664346,Pathogen.cl,312985531,"FIND, THE FOUNDATION FOR INNOVATIVE NEW DIAGNOSTICS",missing,missing,2019-02,public,"fastq,run.zq,sra","gs,ncbi,s3","gs.us-east1,ncbi.public,s3.us-east-1",SRX24791554,Romania,Europe,Romania,tuberculosis,Homo sapiens,EUST14554,Illumina HiSeq 2000,missing,missing,EUST14554,PAIRED,RANDOM,GENOMIC,Mycobacterium tuberculosis,ILLUMINA,2024-06-05T00:00:00Z,2024-06-04T09:42:00Z,1,EUST14554,SRP511583,not applicable
SRR29273995,WGS,298,597036339,PRJNA1119915,SAMN41664345,Pathogen.cl,256361958,"FIND, THE FOUNDATION FOR INNOVATIVE NEW DIAGNOSTICS",missing,missing,2018-11,public,"fastq,run.zq,sra","gs,ncbi,s3","gs.us-east1,ncbi.public,s3.us-east-1",SRX24791553,Romania,Europe,Romania,tuberculosis,Homo sapiens,EUST14549,Illumina HiSeq 2000,missing,missing,EUST14549,PAIRED,RANDOM,GENOMIC,Mycobacterium tuberculosis,ILLUMINA,2024-06-05T00:00:00Z,2024-06-04T09:43:00Z,1,EUST14549,SRP511583,not applicable
SRR29273996,WGS,298,657876294,PRJNA1119915,SAMN41664344,Pathogen.cl,280796798,"FIND, THE FOUNDATION FOR INNOVATIVE NEW DIAGNOSTICS",missing,missing,2019-01,public,"fastq,run.zq,sra","gs,ncbi,s3","gs.us-east1,ncbi.public,s3.us-east-1",SRX24791552,Romania,Europe,Romania,tuberculosis,Homo sapiens,EUST14533,Illumina HiSeq 2000,missing,missing,EUST14533,PAIRED,RANDOM,GENOMIC,Mycobacterium tuberculosis,ILLUMINA,2024-06-05T00:00:00Z,2024-06-04T09:42:00Z,1,EUST14533,SRP511583,not applicable
SRR29273997,WGS,298,604375218,PRJNA1119915,SAMN41664343,Pathogen.cl,258257379,"FIND, THE FOUNDATION FOR INNOVATIVE NEW DIAGNOSTICS",missing,missing,2019-03,public,"fastq,run.zq,sra","gs,ncbi,s3","gs.us-east1,ncbi.public,s3.us-east-1",SRX24791551,Romania,Europe,Romania,tuberculosis,Homo sapiens,EUST14526,Illumina HiSeq 2000,missing,missing,EUST14526,PAIRED,RANDOM,GENOMIC,Mycobacterium tuberculosis,ILLUMINA,2024-06-04T00:00:00Z,2024-06-04T09:43:00Z,1,EUST14526,SRP511583,not applicable
SRR29273998,WGS,297,586571985,PRJNA1119915,SAMN41664342,Pathogen.cl,251854625,"FIND, THE FOUNDATION FOR INNOVATIVE NEW DIAGNOSTICS",missing,missing,2019-03,public,"fastq,run.zq,sra","gs,ncbi,s3","gs.us-east1,ncbi.public,s3.us-east-1",SRX24791550,Romania,Europe,Romania,tuberculosis,Homo sapiens,EUST14518,Illumina HiSeq 2000,missing,missing,EUST14518,PAIRED,RANDOM,GENOMIC,Mycobacterium tuberculosis,ILLUMINA,2024-06-04T00:00:00Z,2024-06-04T09:42:00Z,1,EUST14518,SRP511583,not applicable
SRR29273999,WGS,297,775650061,PRJNA1119915,SAMN41664341,Pathogen.cl,330497104,"FIND, THE FOUNDATION FOR INNOVATIVE NEW DIAGNOSTICS",missing,missing,2019-02,public,"fastq,run.zq,sra","gs,ncbi,s3","gs.us-east1,ncbi.public,s3.us-east-1",SRX24791549,Romania,Europe,Romania,tuberculosis,Homo sapiens,EUST14509,Illumina HiSeq 2000,missing,missing,EUST14509,PAIRED,RANDOM,GENOMIC,Mycobacterium tuberculosis,ILLUMINA,2024-06-04T00:00:00Z,2024-06-04T09:43:00Z,1,EUST14509,SRP511583,not applicable
SRR29274000,WGS,298,708061878,PRJNA1119915,SAMN41664170,Pathogen.cl,303338059,"FIND, THE FOUNDATION FOR INNOVATIVE NEW DIAGNOSTICS",missing,missing,2017-05,public,"fastq,run.zq,sra","gs,ncbi,s3","gs.us-east1,ncbi.public,s3.us-east-1",SRX24791548,Romania,Europe,Romania,tuberculosis,Homo sapiens,EUST10894,Illumina HiSeq 2000,missing,missing,EUST10894,PAIRED,RANDOM,GENOMIC,Mycobacterium tuberculosis,ILLUMINA,2024-06-05T00:00:00Z,2024-06-04T09:42:00Z,1,EUST10894,SRP511583,not applicable
SRR29274001,WGS,295,621010087,PRJNA1119915,SAMN41664340,Pathogen.cl,265384363,"FIND, THE FOUNDATION FOR INNOVATIVE NEW DIAGNOSTICS",missing,missing,2019-01,public,"fastq,run.zq,sra","gs,ncbi,s3","gs.us-east1,ncbi.public,s3.us-east-1",SRX24791547,Romania,Europe,Romania,tuberculosis,Homo sapiens,EUST14499,Illumina HiSeq 2000,missing,missing,EUST14499,PAIRED,RANDOM,GENOMIC,Mycobacterium tuberculosis,ILLUMINA,2024-06-04T00:00:00Z,2024-06-04T09:43:00Z,1,EUST14499,SRP511583,not applicable
SRR29274002,WGS,295,692319838,PRJNA1119915,SAMN41664246,Pathogen.cl,298751344,"FIND, THE FOUNDATION FOR INNOVATIVE NEW DIAGNOSTICS",missing,missing,2017-11,public,"fastq,run.zq,sra","gs,ncbi,s3","gs.us-east1,ncbi.public,s3.us-east-1",SRX24791546,Romania,Europe,Romania,tuberculosis,Homo sapiens,EUST11677,Illumina HiSeq 2000,missing,missing,EUST11677,PAIRED,RANDOM,GENOMIC,Mycobacterium tuberculosis,ILLUMINA,2024-06-04T00:00:00Z,2024-06-04T09:43:00Z,1,EUST11677,SRP511583,not applicable
SRR29274003,WGS,298,681348001,PRJNA1119915,SAMN41664245,Pathogen.cl,293331059,"FIND, THE FOUNDATION FOR INNOVATIVE NEW DIAGNOSTICS",missing,missing,2017-07,public,"fastq,run.zq,sra","gs,ncbi,s3","gs.us-east1,ncbi.public,s3.us-east-1",SRX24791545,Romania,Europe,Romania,tuberculosis,Homo sapiens,EUST11662,Illumina HiSeq 2000,missing,missing,EUST11662,PAIRED,RANDOM,GENOMIC,Mycobacterium tuberculosis,ILLUMINA,2024-06-04T00:00:00Z,2024-06-04T09:42:00Z,1,EUST11662,SRP511583,not applicable
SRR29274004,WGS,297,917903203,PRJNA1119915,SAMN41664244,Pathogen.cl,397508939,"FIND, THE FOUNDATION FOR INNOVATIVE NEW DIAGNOSTICS",missing,missing,2017-10,public,"fastq,run.zq,sra","gs,ncbi,s3","gs.us-east1,ncbi.public,s3.us-east-1",SRX24791544,Romania,Europe,Romania,tuberculosis,Homo sapiens,EUST11656,Illumina HiSeq 2000,missing,missing,EUST11656,PAIRED,RANDOM,GENOMIC,Mycobacterium tuberculosis,ILLUMINA,2024-06-04T00:00:00Z,2024-06-04T09:43:00Z,1,EUST11656,SRP511583,not applicable
SRR29274005,WGS,297,752834339,PRJNA1119915,SAMN41664243,Pathogen.cl,330833250,"FIND, THE FOUNDATION FOR INNOVATIVE NEW DIAGNOSTICS",missing,missing,2017-08,public,"fastq,run.zq,sra","gs,ncbi,s3","gs.us-east1,ncbi.public,s3.us-east-1",SRX24791543,Romania,Europe,Romania,tuberculosis,Homo sapiens,EUST11649,Illumina HiSeq 2000,missing,missing,EUST11649,PAIRED,RANDOM,GENOMIC,Mycobacterium tuberculosis,ILLUMINA,2024-06-04T00:00:00Z,2024-06-04T09:42:00Z,1,EUST11649,SRP511583,not applicable
SRR29274006,WGS,292,999008989,PRJNA1119915,SAMN41664242,Pathogen.cl,424538651,"FIND, THE FOUNDATION FOR INNOVATIVE NEW DIAGNOSTICS",missing,missing,2017-09,public,"fastq,run.zq,sra","gs,ncbi,s3","gs.us-east1,ncbi.public,s3.us-east-1",SRX24791542,Romania,Europe,Romania,tuberculosis,Homo sapiens,EUST11631,Illumina HiSeq 2000,missing,missing,EUST11631,PAIRED,RANDOM,GENOMIC,Mycobacterium tuberculosis,ILLUMINA,2024-06-05T00:00:00Z,2024-06-04T09:43:00Z,1,EUST11631,SRP511583,not applicable
SRR29274007,WGS,294,949977034,PRJNA1119915,SAMN41664241,Pathogen.cl,375378545,"FIND, THE FOUNDATION FOR INNOVATIVE NEW DIAGNOSTICS",missing,missing,2017-10,public,"fastq,run.zq,sra","gs,ncbi,s3","gs.us-east1,ncbi.public,s3.us-east-1",SRX24791541,Romania,Europe,Romania,tuberculosis,Homo sapiens,EUST11622,Illumina HiSeq 2000,missing,missing,EUST11622,PAIRED,RANDOM,GENOMIC,Mycobacterium tuberculosis,ILLUMINA,2024-06-05T00:00:00Z,2024-06-04T09:43:00Z,1,EUST11622,SRP511583,not applicable
SRR29274008,WGS,297,510533464,PRJNA1119915,SAMN41664160,Pathogen.cl,199158699,"FIND, THE FOUNDATION FOR INNOVATIVE NEW DIAGNOSTICS",missing,missing,2017-04,public,"fastq,run.zq,sra","gs,ncbi,s3","gs.us-east1,ncbi.public,s3.us-east-1",SRX24791540,Romania,Europe,Romania,tuberculosis,Homo sapiens,EUST10799,Illumina HiSeq 2000,missing,missing,EUST10799,PAIRED,RANDOM,GENOMIC,Mycobacterium tuberculosis,ILLUMINA,2024-06-04T00:00:00Z,2024-06-04T09:42:00Z,1,EUST10799,SRP511583,not applicable
SRR29274009,WGS,293,629768851,PRJNA1119915,SAMN41664240,Pathogen.cl,250111262,"FIND, THE FOUNDATION FOR INNOVATIVE NEW DIAGNOSTICS",missing,missing,2017-08,public,"fastq,run.zq,sra","gs,ncbi,s3","gs.us-east1,ncbi.public,s3.us-east-1",SRX24791539,Romania,Europe,Romania,tuberculosis,Homo sapiens,EUST11612,Illumina HiSeq 2000,missing,missing,EUST11612,PAIRED,RANDOM,GENOMIC,Mycobacterium tuberculosis,ILLUMINA,2024-06-04T00:00:00Z,2024-06-04T09:42:00Z,1,EUST11612,SRP511583,not applicable
SRR29274010,WGS,297,784114773,PRJNA1119915,SAMN41664239,Pathogen.cl,339154375,"FIND, THE FOUNDATION FOR INNOVATIVE NEW DIAGNOSTICS",missing,missing,2017-08,public,"fastq,run.zq,sra","gs,ncbi,s3","gs.us-east1,ncbi.public,s3.us-east-1",SRX24791538,Romania,Europe,Romania,tuberculosis,Homo sapiens,EUST11601,Illumina HiSeq 2000,missing,missing,EUST11601,PAIRED,RANDOM,GENOMIC,Mycobacterium tuberculosis,ILLUMINA,2024-06-04T00:00:00Z,2024-06-04T09:42:00Z,1,EUST11601,SRP511583,not applicable
SRR29274011,WGS,288,845995422,PRJNA1119915,SAMN41664238,Pathogen.cl,370135108,"FIND, THE FOUNDATION FOR INNOVATIVE NEW DIAGNOSTICS",missing,missing,2017-09,public,"fastq,run.zq,sra","gs,ncbi,s3","gs.us-east1,ncbi.public,s3.us-east-1",SRX24791537,Romania,Europe,Romania,tuberculosis,Homo sapiens,EUST11599,Illumina HiSeq 2000,missing,missing,EUST11599,PAIRED,RANDOM,GENOMIC,Mycobacterium tuberculosis,ILLUMINA,2024-06-04T00:00:00Z,2024-06-04T09:42:00Z,1,EUST11599,SRP511583,not applicable
SRR29274012,WGS,298,899145913,PRJNA1119915,SAMN41664237,Pathogen.cl,392059963,"FIND, THE FOUNDATION FOR INNOVATIVE NEW DIAGNOSTICS",missing,missing,2017-07,public,"fastq,run.zq,sra","gs,ncbi,s3","gs.us-east1,ncbi.public,s3.us-east-1",SRX24791536,Romania,Europe,Romania,tuberculosis,Homo sapiens,EUST11585,Illumina HiSeq 2000,missing,missing,EUST11585,PAIRED,RANDOM,GENOMIC,Mycobacterium tuberculosis,ILLUMINA,2024-06-04T00:00:00Z,2024-06-04T09:43:00Z,1,EUST11585,SRP511583,not applicable
SRR29274013,WGS,296,1141317929,PRJNA1119915,SAMN41664236,Pathogen.cl,488456849,"FIND, THE FOUNDATION FOR INNOVATIVE NEW DIAGNOSTICS",missing,missing,2017-09,public,"fastq,run.zq,sra","gs,ncbi,s3","gs.us-east1,ncbi.public,s3.us-east-1",SRX24791535,Romania,Europe,Romania,tuberculosis,Homo sapiens,EUST11570,Illumina HiSeq 2000,missing,missing,EUST11570,PAIRED,RANDOM,GENOMIC,Mycobacterium tuberculosis,ILLUMINA,2024-06-04T00:00:00Z,2024-06-04T09:43:00Z,1,EUST11570,SRP511583,not applicable
SRR29274014,WGS,298,706075551,PRJNA1119915,SAMN41664235,Pathogen.cl,305181846,"FIND, THE FOUNDATION FOR INNOVATIVE NEW DIAGNOSTICS",missing,missing,2017-09,public,"fastq,run.zq,sra","gs,ncbi,s3","gs.us-east1,ncbi.public,s3.us-east-1",SRX24791534,Romania,Europe,Romania,tuberculosis,Homo sapiens,EUST11564,Illumina HiSeq 2000,missing,missing,EUST11564,PAIRED,RANDOM,GENOMIC,Mycobacterium tuberculosis,ILLUMINA,2024-06-05T00:00:00Z,2024-06-04T09:43:00Z,1,EUST11564,SRP511583,not applicable
SRR29274015,WGS,297,480207474,PRJNA1119915,SAMN41664234,Pathogen.cl,191064504,"FIND, THE FOUNDATION FOR INNOVATIVE NEW DIAGNOSTICS",missing,missing,2017-09,public,"fastq,run.zq,sra","gs,ncbi,s3","gs.us-east1,ncbi.public,s3.us-east-1",SRX24791533,Romania,Europe,Romania,tuberculosis,Homo sapiens,EUST11557,Illumina HiSeq 2000,missing,missing,EUST11557,PAIRED,RANDOM,GENOMIC,Mycobacterium tuberculosis,ILLUMINA,2024-06-04T00:00:00Z,2024-06-04T09:42:00Z,1,EUST11557,SRP511583,not applicable
SRR29274016,WGS,297,534803068,PRJNA1119915,SAMN41664233,Pathogen.cl,239891155,"FIND, THE FOUNDATION FOR INNOVATIVE NEW DIAGNOSTICS",missing,missing,2017-08,public,"fastq,run.zq,sra","gs,ncbi,s3","gs.us-east1,ncbi.public,s3.us-east-1",SRX24791532,Romania,Europe,Romania,tuberculosis,Homo sapiens,EUST11549,Illumina HiSeq 2000,missing,missing,EUST11549,PAIRED,RANDOM,GENOMIC,Mycobacterium tuberculosis,ILLUMINA,2024-06-04T00:00:00Z,2024-06-04T09:42:00Z,1,EUST11549,SRP511583,not applicable
SRR29274017,WGS,297,813231929,PRJNA1119915,SAMN41664232,Pathogen.cl,350767647,"FIND, THE FOUNDATION FOR INNOVATIVE NEW DIAGNOSTICS",missing,missing,2017-08,public,"fastq,run.zq,sra","gs,ncbi,s3","gs.us-east1,ncbi.public,s3.us-east-1",SRX24791531,Romania,Europe,Romania,tuberculosis,Homo sapiens,EUST11530,Illumina HiSeq 2000,missing,missing,EUST11530,PAIRED,RANDOM,GENOMIC,Mycobacterium tuberculosis,ILLUMINA,2024-06-04T00:00:00Z,2024-06-04T09:42:00Z,1,EUST11530,SRP511583,not applicable
SRR29274018,WGS,296,909440961,PRJNA1119915,SAMN41664231,Pathogen.cl,393283943,"FIND, THE FOUNDATION FOR INNOVATIVE NEW DIAGNOSTICS",missing,missing,2017-07,public,"run.zq,sra,fastq","gs,ncbi,s3","gs.us-east1,ncbi.public,s3.us-east-1",SRX24791530,Romania,Europe,Romania,tuberculosis,Homo sapiens,EUST11520,Illumina HiSeq 2000,missing,missing,EUST11520,PAIRED,RANDOM,GENOMIC,Mycobacterium tuberculosis,ILLUMINA,2024-06-04T00:00:00Z,2024-06-04T09:43:00Z,1,EUST11520,SRP511583,not applicable
SRR29274019,WGS,290,467842254,PRJNA1119915,SAMN41664159,Pathogen.cl,202939241,"FIND, THE FOUNDATION FOR INNOVATIVE NEW DIAGNOSTICS",missing,missing,2017-05,public,"fastq,run.zq,sra","gs,ncbi,s3","gs.us-east1,ncbi.public,s3.us-east-1",SRX24791529,Romania,Europe,Romania,tuberculosis,Homo sapiens,EUST10786,Illumina HiSeq 2000,missing,missing,EUST10786,PAIRED,RANDOM,GENOMIC,Mycobacterium tuberculosis,ILLUMINA,2024-06-04T00:00:00Z,2024-06-04T09:42:00Z,1,EUST10786,SRP511583,not applicable
SRR29274020,WGS,294,940444065,PRJNA1119915,SAMN41664230,Pathogen.cl,408016853,"FIND, THE FOUNDATION FOR INNOVATIVE NEW DIAGNOSTICS",missing,missing,2017-08,public,"fastq,run.zq,sra","gs,ncbi,s3","gs.us-east1,ncbi.public,s3.us-east-1",SRX24791528,Romania,Europe,Romania,tuberculosis,Homo sapiens,EUST11519,Illumina HiSeq 2000,missing,missing,EUST11519,PAIRED,RANDOM,GENOMIC,Mycobacterium tuberculosis,ILLUMINA,2024-06-04T00:00:00Z,2024-06-04T09:43:00Z,1,EUST11519,SRP511583,not applicable
SRR29274021,WGS,287,679875554,PRJNA1119915,SAMN41664229,Pathogen.cl,287389740,"FIND, THE FOUNDATION FOR INNOVATIVE NEW DIAGNOSTICS",missing,missing,2017-09,public,"fastq,run.zq,sra","gs,ncbi,s3","gs.us-east1,ncbi.public,s3.us-east-1",SRX24791527,Romania,Europe,Romania,tuberculosis,Homo sapiens,EUST11507,Illumina HiSeq 2000,missing,missing,EUST11507,PAIRED,RANDOM,GENOMIC,Mycobacterium tuberculosis,ILLUMINA,2024-06-04T00:00:00Z,2024-06-04T09:43:00Z,1,EUST11507,SRP511583,not applicable
SRR29274022,WGS,295,511105260,PRJNA1119915,SAMN41664228,Pathogen.cl,203677153,"FIND, THE FOUNDATION FOR INNOVATIVE NEW DIAGNOSTICS",missing,missing,2017-08,public,"fastq,run.zq,sra","gs,ncbi,s3","gs.us-east1,ncbi.public,s3.us-east-1",SRX24791526,Romania,Europe,Romania,tuberculosis,Homo sapiens,EUST11494,Illumina HiSeq 2000,missing,missing,EUST11494,PAIRED,RANDOM,GENOMIC,Mycobacterium tuberculosis,ILLUMINA,2024-06-05T00:00:00Z,2024-06-04T09:42:00Z,1,EUST11494,SRP511583,not applicable
SRR29274023,WGS,293,652212162,PRJNA1119915,SAMN41664227,Pathogen.cl,281082854,"FIND, THE FOUNDATION FOR INNOVATIVE NEW DIAGNOSTICS",missing,missing,2017-07,public,"fastq,run.zq,sra","gs,ncbi,s3","gs.us-east1,ncbi.public,s3.us-east-1",SRX24791525,Romania,Europe,Romania,tuberculosis,Homo sapiens,EUST11489,Illumina HiSeq 2000,missing,missing,EUST11489,PAIRED,RANDOM,GENOMIC,Mycobacterium tuberculosis,ILLUMINA,2024-06-04T00:00:00Z,2024-06-04T09:43:00Z,1,EUST11489,SRP511583,not applicable
SRR29274024,WGS,296,729084109,PRJNA1119915,SAMN41664226,Pathogen.cl,314599216,"FIND, THE FOUNDATION FOR INNOVATIVE NEW DIAGNOSTICS",missing,missing,2017-07,public,"fastq,run.zq,sra","gs,ncbi,s3","gs.us-east1,ncbi.public,s3.us-east-1",SRX24791524,Romania,Europe,Romania,tuberculosis,Homo sapiens,EUST11473,Illumina HiSeq 2000,missing,missing,EUST11473,PAIRED,RANDOM,GENOMIC,Mycobacterium tuberculosis,ILLUMINA,2024-06-05T00:00:00Z,2024-06-04T09:42:00Z,1,EUST11473,SRP511583,not applicable
SRR29274025,WGS,294,979263756,PRJNA1119915,SAMN41664225,Pathogen.cl,420145890,"FIND, THE FOUNDATION FOR INNOVATIVE NEW DIAGNOSTICS",missing,missing,2017-09,public,"fastq,run.zq,sra","gs,ncbi,s3","gs.us-east1,ncbi.public,s3.us-east-1",SRX24791523,Romania,Europe,Romania,tuberculosis,Homo sapiens,EUST11466,Illumina HiSeq 2000,missing,missing,EUST11466,PAIRED,RANDOM,GENOMIC,Mycobacterium tuberculosis,ILLUMINA,2024-06-04T00:00:00Z,2024-06-04T09:43:00Z,1,EUST11466,SRP511583,not applicable
SRR29274026,WGS,296,869694270,PRJNA1119915,SAMN41664224,Pathogen.cl,375952519,"FIND, THE FOUNDATION FOR INNOVATIVE NEW DIAGNOSTICS",missing,missing,2017-08,public,"fastq,run.zq,sra","gs,ncbi,s3","gs.us-east1,ncbi.public,s3.us-east-1",SRX24791522,Romania,Europe,Romania,tuberculosis,Homo sapiens,EUST11458,Illumina HiSeq 2000,missing,missing,EUST11458,PAIRED,RANDOM,GENOMIC,Mycobacterium tuberculosis,ILLUMINA,2024-06-04T00:00:00Z,2024-06-04T09:43:00Z,1,EUST11458,SRP511583,not applicable
SRR29274027,WGS,297,931234432,PRJNA1119915,SAMN41664223,Pathogen.cl,401139839,"FIND, THE FOUNDATION FOR INNOVATIVE NEW DIAGNOSTICS",missing,missing,2017-08,public,"fastq,run.zq,sra","gs,ncbi,s3","gs.us-east1,ncbi.public,s3.us-east-1",SRX24791521,Romania,Europe,Romania,tuberculosis,Homo sapiens,EUST11449,Illumina HiSeq 2000,missing,missing,EUST11449,PAIRED,RANDOM,GENOMIC,Mycobacterium tuberculosis,ILLUMINA,2024-06-04T00:00:00Z,2024-06-04T09:43:00Z,1,EUST11449,SRP511583,not applicable
SRR29274028,WGS,292,676256745,PRJNA1119915,SAMN41664222,Pathogen.cl,267496646,"FIND, THE FOUNDATION FOR INNOVATIVE NEW DIAGNOSTICS",missing,missing,2017-07,public,"fastq,run.zq,sra","gs,ncbi,s3","gs.us-east1,ncbi.public,s3.us-east-1",SRX24791520,Romania,Europe,Romania,tuberculosis,Homo sapiens,EUST11428,Illumina HiSeq 2000,missing,missing,EUST11428,PAIRED,RANDOM,GENOMIC,Mycobacterium tuberculosis,ILLUMINA,2024-06-05T00:00:00Z,2024-06-04T09:43:00Z,1,EUST11428,SRP511583,not applicable
SRR29274029,WGS,296,653339019,PRJNA1119915,SAMN41664221,Pathogen.cl,282090846,"FIND, THE FOUNDATION FOR INNOVATIVE NEW DIAGNOSTICS",missing,missing,2017-06,public,"fastq,run.zq,sra","gs,ncbi,s3","gs.us-east1,ncbi.public,s3.us-east-1",SRX24791519,Romania,Europe,Romania,tuberculosis,Homo sapiens,EUST11416,Illumina HiSeq 2000,missing,missing,EUST11416,PAIRED,RANDOM,GENOMIC,Mycobacterium tuberculosis,ILLUMINA,2024-06-04T00:00:00Z,2024-06-04T09:43:00Z,1,EUST11416,SRP511583,not applicable
SRR29274030,WGS,285,357025577,PRJNA1119915,SAMN41664158,Pathogen.cl,154722625,"FIND, THE FOUNDATION FOR INNOVATIVE NEW DIAGNOSTICS",missing,missing,2017-03,public,"fastq,run.zq,sra","gs,ncbi,s3","gs.us-east1,ncbi.public,s3.us-east-1",SRX24791518,Romania,Europe,Romania,tuberculosis,Homo sapiens,EUST10772,Illumina HiSeq 2000,missing,missing,EUST10772,PAIRED,RANDOM,GENOMIC,Mycobacterium tuberculosis,ILLUMINA,2024-06-05T00:00:00Z,2024-06-04T09:42:00Z,1,EUST10772,SRP511583,not applicable
SRR29274031,WGS,292,920403220,PRJNA1119915,SAMN41664220,Pathogen.cl,393184757,"FIND, THE FOUNDATION FOR INNOVATIVE NEW DIAGNOSTICS",missing,missing,2017-08,public,"fastq,run.zq,sra","gs,ncbi,s3","gs.us-east1,ncbi.public,s3.us-east-1",SRX24791517,Romania,Europe,Romania,tuberculosis,Homo sapiens,EUST11403,Illumina HiSeq 2000,missing,missing,EUST11403,PAIRED,RANDOM,GENOMIC,Mycobacterium tuberculosis,ILLUMINA,2024-06-04T00:00:00Z,2024-06-04T09:43:00Z,1,EUST11403,SRP511583,not applicable
SRR29274032,WGS,293,1283672445,PRJNA1119915,SAMN41664219,Pathogen.cl,552726290,"FIND, THE FOUNDATION FOR INNOVATIVE NEW DIAGNOSTICS",missing,missing,2017-04,public,"fastq,run.zq,sra","gs,ncbi,s3","gs.us-east1,ncbi.public,s3.us-east-1",SRX24791516,Romania,Europe,Romania,tuberculosis,Homo sapiens,EUST11399,Illumina HiSeq 2000,missing,missing,EUST11399,PAIRED,RANDOM,GENOMIC,Mycobacterium tuberculosis,ILLUMINA,2024-06-05T00:00:00Z,2024-06-04T09:43:00Z,1,EUST11399,SRP511583,not applicable
SRR29274033,WGS,293,941611727,PRJNA1119915,SAMN41664218,Pathogen.cl,407887172,"FIND, THE FOUNDATION FOR INNOVATIVE NEW DIAGNOSTICS",missing,missing,2017-07,public,"fastq,run.zq,sra","gs,ncbi,s3","gs.us-east1,ncbi.public,s3.us-east-1",SRX24791515,Romania,Europe,Romania,tuberculosis,Homo sapiens,EUST11383,Illumina HiSeq 2000,missing,missing,EUST11383,PAIRED,RANDOM,GENOMIC,Mycobacterium tuberculosis,ILLUMINA,2024-06-04T00:00:00Z,2024-06-04T09:43:00Z,1,EUST11383,SRP511583,not applicable
SRR29274034,WGS,297,778628023,PRJNA1119915,SAMN41664684,Pathogen.cl,324731317,"FIND, THE FOUNDATION FOR INNOVATIVE NEW DIAGNOSTICS",missing,missing,2017-03,public,"fastq,run.zq,sra","gs,ncbi,s3","gs.us-east1,ncbi.public,s3.us-east-1",SRX24791514,Romania,Europe,Romania,tuberculosis,Homo sapiens,EUST20706,Illumina HiSeq 2000,missing,missing,EUST20706,PAIRED,RANDOM,GENOMIC,Mycobacterium tuberculosis,ILLUMINA,2024-06-04T00:00:00Z,2024-06-04T09:42:00Z,1,EUST20706,SRP511583,not applicable
SRR29274035,WGS,296,575954454,PRJNA1119915,SAMN41664683,Pathogen.cl,245548566,"FIND, THE FOUNDATION FOR INNOVATIVE NEW DIAGNOSTICS",missing,missing,2017-03,public,"fastq,run.zq,sra","gs,ncbi,s3","gs.us-east1,ncbi.public,s3.us-east-1",SRX24791513,Romania,Europe,Romania,tuberculosis,Homo sapiens,EUST20695,Illumina HiSeq 2000,missing,missing,EUST20695,PAIRED,RANDOM,GENOMIC,Mycobacterium tuberculosis,ILLUMINA,2024-06-04T00:00:00Z,2024-06-04T09:43:00Z,1,EUST20695,SRP511583,not applicable
SRR29274036,WGS,297,653527902,PRJNA1119915,SAMN41664682,Pathogen.cl,273919325,"FIND, THE FOUNDATION FOR INNOVATIVE NEW DIAGNOSTICS",missing,missing,2017-03,public,"fastq,run.zq,sra","gs,ncbi,s3","gs.us-east1,ncbi.public,s3.us-east-1",SRX24791512,Romania,Europe,Romania,tuberculosis,Homo sapiens,EUST20682,Illumina HiSeq 2000,missing,missing,EUST20682,PAIRED,RANDOM,GENOMIC,Mycobacterium tuberculosis,ILLUMINA,2024-06-04T00:00:00Z,2024-06-04T09:42:00Z,1,EUST20682,SRP511583,not applicable
SRR29274037,WGS,298,646602620,PRJNA1119915,SAMN41664681,Pathogen.cl,274414210,"FIND, THE FOUNDATION FOR INNOVATIVE NEW DIAGNOSTICS",missing,missing,2017-02,public,"fastq,run.zq,sra","gs,ncbi,s3","gs.us-east1,ncbi.public,s3.us-east-1",SRX24791511,Romania,Europe,Romania,tuberculosis,Homo sapiens,EUST20678,Illumina HiSeq 2000,missing,missing,EUST20678,PAIRED,RANDOM,GENOMIC,Mycobacterium tuberculosis,ILLUMINA,2024-06-05T00:00:00Z,2024-06-04T09:42:00Z,1,EUST20678,SRP511583,not applicable
SRR29274038,WGS,298,589156296,PRJNA1119915,SAMN41664204,Pathogen.cl,255908913,"FIND, THE FOUNDATION FOR INNOVATIVE NEW DIAGNOSTICS",missing,missing,2017-07,public,"fastq,run.zq,sra","gs,ncbi,s3","gs.us-east1,ncbi.public,s3.us-east-1",SRX24791510,Romania,Europe,Romania,tuberculosis,Homo sapiens,EUST11249,Illumina HiSeq 2000,missing,missing,EUST11249,PAIRED,RANDOM,GENOMIC,Mycobacterium tuberculosis,ILLUMINA,2024-06-04T00:00:00Z,2024-06-04T09:42:00Z,1,EUST11249,SRP511583,not applicable
SRR29274039,WGS,298,661348565,PRJNA1119915,SAMN41664680,Pathogen.cl,281644427,"FIND, THE FOUNDATION FOR INNOVATIVE NEW DIAGNOSTICS",missing,missing,2017-01,public,"fastq,run.zq,sra","gs,ncbi,s3","gs.us-east1,ncbi.public,s3.us-east-1",SRX24791509,Romania,Europe,Romania,tuberculosis,Homo sapiens,EUST20663,Illumina HiSeq 2000,missing,missing,EUST20663,PAIRED,RANDOM,GENOMIC,Mycobacterium tuberculosis,ILLUMINA,2024-06-04T00:00:00Z,2024-06-04T09:42:00Z,1,EUST20663,SRP511583,not applicable
SRR29274040,WGS,296,491158237,PRJNA1119915,SAMN41664679,Pathogen.cl,208981396,"FIND, THE FOUNDATION FOR INNOVATIVE NEW DIAGNOSTICS",missing,missing,2017-01,public,"fastq,run.zq,sra","gs,ncbi,s3","gs.us-east1,ncbi.public,s3.us-east-1",SRX24791508,Romania,Europe,Romania,tuberculosis,Homo sapiens,EUST20657,Illumina HiSeq 2000,missing,missing,EUST20657,PAIRED,RANDOM,GENOMIC,Mycobacterium tuberculosis,ILLUMINA,2024-06-04T00:00:00Z,2024-06-04T09:42:00Z,1,EUST20657,SRP511583,not applicable
SRR29274041,WGS,295,664778635,PRJNA1119915,SAMN41664678,Pathogen.cl,284186261,"FIND, THE FOUNDATION FOR INNOVATIVE NEW DIAGNOSTICS",missing,missing,2017-01,public,"fastq,run.zq,sra","gs,ncbi,s3","gs.us-east1,ncbi.public,s3.us-east-1",SRX24791507,Romania,Europe,Romania,tuberculosis,Homo sapiens,EUST20640,Illumina HiSeq 2000,missing,missing,EUST20640,PAIRED,RANDOM,GENOMIC,Mycobacterium tuberculosis,ILLUMINA,2024-06-05T00:00:00Z,2024-06-04T09:42:00Z,1,EUST20640,SRP511583,not applicable
SRR29274042,WGS,298,559266494,PRJNA1119915,SAMN41664677,Pathogen.cl,238091787,"FIND, THE FOUNDATION FOR INNOVATIVE NEW DIAGNOSTICS",missing,missing,2017-06,public,"fastq,run.zq,sra","gs,ncbi,s3","gs.us-east1,ncbi.public,s3.us-east-1",SRX24791506,Romania,Europe,Romania,tuberculosis,Homo sapiens,EUST20632,Illumina HiSeq 2000,missing,missing,EUST20632,PAIRED,RANDOM,GENOMIC,Mycobacterium tuberculosis,ILLUMINA,2024-06-04T00:00:00Z,2024-06-04T09:42:00Z,1,EUST20632,SRP511583,not applicable
SRR29274043,WGS,297,528538193,PRJNA1119915,SAMN41664676,Pathogen.cl,220210154,"FIND, THE FOUNDATION FOR INNOVATIVE NEW DIAGNOSTICS",missing,missing,2017-06,public,"fastq,run.zq,sra","gs,ncbi,s3","gs.us-east1,ncbi.public,s3.us-east-1",SRX24791505,Romania,Europe,Romania,tuberculosis,Homo sapiens,EUST20623,Illumina HiSeq 2000,missing,missing,EUST20623,PAIRED,RANDOM,GENOMIC,Mycobacterium tuberculosis,ILLUMINA,2024-06-04T00:00:00Z,2024-06-04T09:42:00Z,1,EUST20623,SRP511583,not applicable
SRR29274044,WGS,298,621346813,PRJNA1119915,SAMN41664675,Pathogen.cl,258456321,"FIND, THE FOUNDATION FOR INNOVATIVE NEW DIAGNOSTICS",missing,missing,2017-03,public,"fastq,run.zq,sra","gs,ncbi,s3","gs.us-east1,ncbi.public,s3.us-east-1",SRX24791504,Romania,Europe,Romania,tuberculosis,Homo sapiens,EUST20613,Illumina HiSeq 2000,missing,missing,EUST20613,PAIRED,RANDOM,GENOMIC,Mycobacterium tuberculosis,ILLUMINA,2024-06-04T00:00:00Z,2024-06-04T09:42:00Z,1,EUST20613,SRP511583,not applicable
SRR29274045,WGS,298,934498476,PRJNA1119915,SAMN41664674,Pathogen.cl,394262556,"FIND, THE FOUNDATION FOR INNOVATIVE NEW DIAGNOSTICS",missing,missing,2017-03,public,"fastq,run.zq,sra","gs,ncbi,s3","gs.us-east1,ncbi.public,s3.us-east-1",SRX24791503,Romania,Europe,Romania,tuberculosis,Homo sapiens,EUST20602,Illumina HiSeq 2000,missing,missing,EUST20602,PAIRED,RANDOM,GENOMIC,Mycobacterium tuberculosis,ILLUMINA,2024-06-05T00:00:00Z,2024-06-04T09:42:00Z,1,EUST20602,SRP511583,not applicable
SRR29274046,WGS,296,576968047,PRJNA1119915,SAMN41664673,Pathogen.cl,244936463,"FIND, THE FOUNDATION FOR INNOVATIVE NEW DIAGNOSTICS",missing,missing,2019-05,public,"fastq,run.zq,sra","gs,ncbi,s3","gs.us-east1,ncbi.public,s3.us-east-1",SRX24791502,Romania,Europe,Romania,tuberculosis,Homo sapiens,EUST20590,Illumina HiSeq 2000,missing,missing,EUST20590,PAIRED,RANDOM,GENOMIC,Mycobacterium tuberculosis,ILLUMINA,2024-06-04T00:00:00Z,2024-06-04T09:42:00Z,1,EUST20590,SRP511583,not applicable
SRR29274047,WGS,298,590379634,PRJNA1119915,SAMN41664672,Pathogen.cl,249375260,"FIND, THE FOUNDATION FOR INNOVATIVE NEW DIAGNOSTICS",missing,missing,2019-06,public,"fastq,run.zq,sra","gs,ncbi,s3","gs.us-east1,ncbi.public,s3.us-east-1",SRX24791501,Romania,Europe,Romania,tuberculosis,Homo sapiens,EUST20586,Illumina HiSeq 2000,missing,missing,EUST20586,PAIRED,RANDOM,GENOMIC,Mycobacterium tuberculosis,ILLUMINA,2024-06-04T00:00:00Z,2024-06-04T09:42:00Z,1,EUST20586,SRP511583,not applicable
SRR29274048,WGS,297,591224667,PRJNA1119915,SAMN41664671,Pathogen.cl,251208757,"FIND, THE FOUNDATION FOR INNOVATIVE NEW DIAGNOSTICS",missing,missing,2019-06,public,"fastq,run.zq,sra","gs,ncbi,s3","gs.us-east1,ncbi.public,s3.us-east-1",SRX24791500,Romania,Europe,Romania,tuberculosis,Homo sapiens,EUST20571,Illumina HiSeq 2000,missing,missing,EUST20571,PAIRED,RANDOM,GENOMIC,Mycobacterium tuberculosis,ILLUMINA,2024-06-04T00:00:00Z,2024-06-04T09:42:00Z,1,EUST20571,SRP511583,not applicable
SRR29274049,WGS,267,559676802,PRJNA1119915,SAMN41664203,Pathogen.cl,223851357,"FIND, THE FOUNDATION FOR INNOVATIVE NEW DIAGNOSTICS",missing,missing,2017-03,public,"fastq,run.zq,sra","gs,ncbi,s3","gs.us-east1,ncbi.public,s3.us-east-1",SRX24791499,Romania,Europe,Romania,tuberculosis,Homo sapiens,EUST11237,Illumina HiSeq 2000,missing,missing,EUST11237,PAIRED,RANDOM,GENOMIC,Mycobacterium tuberculosis,ILLUMINA,2024-06-04T00:00:00Z,2024-06-04T09:42:00Z,1,EUST11237,SRP511583,not applicable
SRR29274050,WGS,298,683098038,PRJNA1119915,SAMN41664670,Pathogen.cl,286420576,"FIND, THE FOUNDATION FOR INNOVATIVE NEW DIAGNOSTICS",missing,missing,2019-04,public,"fastq,run.zq,sra","gs,ncbi,s3","gs.us-east1,ncbi.public,s3.us-east-1",SRX24791498,Romania,Europe,Romania,tuberculosis,Homo sapiens,EUST20565,Illumina HiSeq 2000,missing,missing,EUST20565,PAIRED,RANDOM,GENOMIC,Mycobacterium tuberculosis,ILLUMINA,2024-06-04T00:00:00Z,2024-06-04T09:42:00Z,1,EUST20565,SRP511583,not applicable
SRR29274051,WGS,297,765449587,PRJNA1119915,SAMN41664669,Pathogen.cl,318640110,"FIND, THE FOUNDATION FOR INNOVATIVE NEW DIAGNOSTICS",missing,missing,2019-05,public,"fastq,run.zq,sra","gs,ncbi,s3","gs.us-east1,ncbi.public,s3.us-east-1",SRX24791497,Romania,Europe,Romania,tuberculosis,Homo sapiens,EUST20558,Illumina HiSeq 2000,missing,missing,EUST20558,PAIRED,RANDOM,GENOMIC,Mycobacterium tuberculosis,ILLUMINA,2024-06-04T00:00:00Z,2024-06-04T09:42:00Z,1,EUST20558,SRP511583,not applicable
SRR29274052,WGS,296,553778397,PRJNA1119915,SAMN41664668,Pathogen.cl,229982331,"FIND, THE FOUNDATION FOR INNOVATIVE NEW DIAGNOSTICS",missing,missing,2019-03,public,"fastq,run.zq,sra","gs,ncbi,s3","gs.us-east1,ncbi.public,s3.us-east-1",SRX24791496,Romania,Europe,Romania,tuberculosis,Homo sapiens,EUST20540,Illumina HiSeq 2000,missing,missing,EUST20540,PAIRED,RANDOM,GENOMIC,Mycobacterium tuberculosis,ILLUMINA,2024-06-05T00:00:00Z,2024-06-04T09:42:00Z,1,EUST20540,SRP511583,not applicable
SRR29274053,WGS,296,537764033,PRJNA1119915,SAMN41664667,Pathogen.cl,229911483,"FIND, THE FOUNDATION FOR INNOVATIVE NEW DIAGNOSTICS",missing,missing,2019-05,public,"fastq,run.zq,sra","gs,ncbi,s3","gs.us-east1,ncbi.public,s3.us-east-1",SRX24791495,Romania,Europe,Romania,tuberculosis,Homo sapiens,EUST20531,Illumina HiSeq 2000,missing,missing,EUST20531,PAIRED,RANDOM,GENOMIC,Mycobacterium tuberculosis,ILLUMINA,2024-06-04T00:00:00Z,2024-06-04T09:42:00Z,1,EUST20531,SRP511583,not applicable
SRR29274054,WGS,297,572835261,PRJNA1119915,SAMN41664666,Pathogen.cl,245398811,"FIND, THE FOUNDATION FOR INNOVATIVE NEW DIAGNOSTICS",missing,missing,2019-03,public,"fastq,run.zq,sra","gs,ncbi,s3","gs.us-east1,ncbi.public,s3.us-east-1",SRX24791494,Romania,Europe,Romania,tuberculosis,Homo sapiens,EUST20521,Illumina HiSeq 2000,missing,missing,EUST20521,PAIRED,RANDOM,GENOMIC,Mycobacterium tuberculosis,ILLUMINA,2024-06-04T00:00:00Z,2024-06-04T09:42:00Z,1,EUST20521,SRP511583,not applicable
SRR29274055,WGS,296,532410288,PRJNA1119915,SAMN41664665,Pathogen.cl,230242409,"FIND, THE FOUNDATION FOR INNOVATIVE NEW DIAGNOSTICS",missing,missing,2019-01,public,"fastq,run.zq,sra","gs,ncbi,s3","gs.us-east1,ncbi.public,s3.us-east-1",SRX24791493,Romania,Europe,Romania,tuberculosis,Homo sapiens,EUST20510,Illumina HiSeq 2000,missing,missing,EUST20510,PAIRED,RANDOM,GENOMIC,Mycobacterium tuberculosis,ILLUMINA,2024-06-04T00:00:00Z,2024-06-04T09:42:00Z,1,EUST20510,SRP511583,not applicable
SRR29274056,WGS,298,456407755,PRJNA1119915,SAMN41664664,Pathogen.cl,193478683,"FIND, THE FOUNDATION FOR INNOVATIVE NEW DIAGNOSTICS",missing,missing,2019-02,public,"fastq,run.zq,sra","gs,ncbi,s3","gs.us-east1,ncbi.public,s3.us-east-1",SRX24791492,Romania,Europe,Romania,tuberculosis,Homo sapiens,EUST20508,Illumina HiSeq 2000,missing,missing,EUST20508,PAIRED,RANDOM,GENOMIC,Mycobacterium tuberculosis,ILLUMINA,2024-06-04T00:00:00Z,2024-06-04T09:42:00Z,1,EUST20508,SRP511583,not applicable
SRR29274057,WGS,298,506925761,PRJNA1119915,SAMN41664663,Pathogen.cl,214054780,"FIND, THE FOUNDATION FOR INNOVATIVE NEW DIAGNOSTICS",missing,missing,2019-01,public,"fastq,run.zq,sra","gs,ncbi,s3","gs.us-east1,ncbi.public,s3.us-east-1",SRX24791491,Romania,Europe,Romania,tuberculosis,Homo sapiens,EUST20495,Illumina HiSeq 2000,missing,missing,EUST20495,PAIRED,RANDOM,GENOMIC,Mycobacterium tuberculosis,ILLUMINA,2024-06-04T00:00:00Z,2024-06-04T09:42:00Z,1,EUST20495,SRP511583,not applicable
SRR29274058,WGS,298,844540922,PRJNA1119915,SAMN41664662,Pathogen.cl,354047573,"FIND, THE FOUNDATION FOR INNOVATIVE NEW DIAGNOSTICS",missing,missing,2019-12,public,"fastq,run.zq,sra","gs,ncbi,s3","gs.us-east1,ncbi.public,s3.us-east-1",SRX24791490,Romania,Europe,Romania,tuberculosis,Homo sapiens,EUST20480,Illumina HiSeq 2000,missing,missing,EUST20480,PAIRED,RANDOM,GENOMIC,Mycobacterium tuberculosis,ILLUMINA,2024-06-04T00:00:00Z,2024-06-04T09:42:00Z,1,EUST20480,SRP511583,not applicable
SRR29274059,WGS,290,623887666,PRJNA1119915,SAMN41664661,Pathogen.cl,262611650,"FIND, THE FOUNDATION FOR INNOVATIVE NEW DIAGNOSTICS",missing,missing,2019-01,public,"fastq,run.zq,sra","gs,ncbi,s3","gs.us-east1,ncbi.public,s3.us-east-1",SRX24791489,Romania,Europe,Romania,tuberculosis,Homo sapiens,EUST20474,Illumina HiSeq 2000,missing,missing,EUST20474,PAIRED,RANDOM,GENOMIC,Mycobacterium tuberculosis,ILLUMINA,2024-06-04T00:00:00Z,2024-06-04T09:42:00Z,1,EUST20474,SRP511583,not applicable
SRR29274060,WGS,292,811005072,PRJNA1119915,SAMN41664202,Pathogen.cl,359563686,"FIND, THE FOUNDATION FOR INNOVATIVE NEW DIAGNOSTICS",missing,missing,2017-07,public,"fastq,run.zq,sra","gs,ncbi,s3","gs.us-east1,ncbi.public,s3.us-east-1",SRX24791488,Romania,Europe,Romania,tuberculosis,Homo sapiens,EUST11224,Illumina HiSeq 2000,missing,missing,EUST11224,PAIRED,RANDOM,GENOMIC,Mycobacterium tuberculosis,ILLUMINA,2024-06-04T00:00:00Z,2024-06-04T09:42:00Z,1,EUST11224,SRP511583,not applicable
SRR29274061,WGS,297,576733910,PRJNA1119915,SAMN41664660,Pathogen.cl,242852173,"FIND, THE FOUNDATION FOR INNOVATIVE NEW DIAGNOSTICS",missing,missing,2019-08,public,"fastq,run.zq,sra","gs,ncbi,s3","gs.us-east1,ncbi.public,s3.us-east-1",SRX24791487,Romania,Europe,Romania,tuberculosis,Homo sapiens,EUST20467,Illumina HiSeq 2000,missing,missing,EUST20467,PAIRED,RANDOM,GENOMIC,Mycobacterium tuberculosis,ILLUMINA,2024-06-04T00:00:00Z,2024-06-04T09:42:00Z,1,EUST20467,SRP511583,not applicable
SRR29274062,WGS,273,954680532,PRJNA1119915,SAMN41664659,Pathogen.cl,396905922,"FIND, THE FOUNDATION FOR INNOVATIVE NEW DIAGNOSTICS",missing,missing,2018-12,public,"fastq,run.zq,sra","gs,ncbi,s3","gs.us-east1,ncbi.public,s3.us-east-1",SRX24791486,Romania,Europe,Romania,tuberculosis,Homo sapiens,EUST20459,Illumina HiSeq 2000,missing,missing,EUST20459,PAIRED,RANDOM,GENOMIC,Mycobacterium tuberculosis,ILLUMINA,2024-06-04T00:00:00Z,2024-06-04T09:42:00Z,1,EUST20459,SRP511583,not applicable
SRR29274063,WGS,298,567351520,PRJNA1119915,SAMN41664658,Pathogen.cl,239900731,"FIND, THE FOUNDATION FOR INNOVATIVE NEW DIAGNOSTICS",missing,missing,2018-10,public,"fastq,run.zq,sra","gs,ncbi,s3","gs.us-east1,ncbi.public,s3.us-east-1",SRX24791485,Romania,Europe,Romania,tuberculosis,Homo sapiens,EUST20440,Illumina HiSeq 2000,missing,missing,EUST20440,PAIRED,RANDOM,GENOMIC,Mycobacterium tuberculosis,ILLUMINA,2024-06-05T00:00:00Z,2024-06-04T09:42:00Z,1,EUST20440,SRP511583,not applicable
SRR29274064,WGS,298,586989423,PRJNA1119915,SAMN41664657,Pathogen.cl,249347333,"FIND, THE FOUNDATION FOR INNOVATIVE NEW DIAGNOSTICS",missing,missing,2018-12,public,"fastq,run.zq,sra","gs,ncbi,s3","gs.us-east1,ncbi.public,s3.us-east-1",SRX24791484,Romania,Europe,Romania,tuberculosis,Homo sapiens,EUST20430,Illumina HiSeq 2000,missing,missing,EUST20430,PAIRED,RANDOM,GENOMIC,Mycobacterium tuberculosis,ILLUMINA,2024-06-04T00:00:00Z,2024-06-04T09:42:00Z,1,EUST20430,SRP511583,not applicable
SRR29274065,WGS,298,475523701,PRJNA1119915,SAMN41664656,Pathogen.cl,203490301,"FIND, THE FOUNDATION FOR INNOVATIVE NEW DIAGNOSTICS",missing,missing,2018-04,public,"fastq,run.zq,sra","gs,ncbi,s3","gs.us-east1,ncbi.public,s3.us-east-1",SRX24791483,Romania,Europe,Romania,tuberculosis,Homo sapiens,EUST20429,Illumina HiSeq 2000,missing,missing,EUST20429,PAIRED,RANDOM,GENOMIC,Mycobacterium tuberculosis,ILLUMINA,2024-06-05T00:00:00Z,2024-06-04T09:42:00Z,1,EUST20429,SRP511583,not applicable
SRR29274066,WGS,297,762999988,PRJNA1119915,SAMN41664627,Pathogen.cl,330707403,"FIND, THE FOUNDATION FOR INNOVATIVE NEW DIAGNOSTICS",missing,missing,2018-08,public,"fastq,run.zq,sra","gs,ncbi,s3","gs.us-east1,ncbi.public,s3.us-east-1",SRX24791482,Romania,Europe,Romania,tuberculosis,Homo sapiens,EUST18801,Illumina HiSeq 2000,missing,missing,EUST18801,PAIRED,RANDOM,GENOMIC,Mycobacterium tuberculosis,ILLUMINA,2024-06-04T00:00:00Z,2024-06-04T09:42:00Z,1,EUST18801,SRP511583,not applicable
SRR29274067,WGS,298,798600559,PRJNA1119915,SAMN41664626,Pathogen.cl,344666125,"FIND, THE FOUNDATION FOR INNOVATIVE NEW DIAGNOSTICS",missing,missing,2018-07,public,"fastq,run.zq,sra","gs,ncbi,s3","gs.us-east1,ncbi.public,s3.us-east-1",SRX24791481,Romania,Europe,Romania,tuberculosis,Homo sapiens,EUST18798,Illumina HiSeq 2000,missing,missing,EUST18798,PAIRED,RANDOM,GENOMIC,Mycobacterium tuberculosis,ILLUMINA,2024-06-04T00:00:00Z,2024-06-04T09:42:00Z,1,EUST18798,SRP511583,not applicable
SRR29274068,WGS,297,766246137,PRJNA1119915,SAMN41664625,Pathogen.cl,329074587,"FIND, THE FOUNDATION FOR INNOVATIVE NEW DIAGNOSTICS",missing,missing,2018-07,public,"fastq,run.zq,sra","gs,ncbi,s3","gs.us-east1,ncbi.public,s3.us-east-1",SRX24791480,Romania,Europe,Romania,tuberculosis,Homo sapiens,EUST18783,Illumina HiSeq 2000,missing,missing,EUST18783,PAIRED,RANDOM,GENOMIC,Mycobacterium tuberculosis,ILLUMINA,2024-06-05T00:00:00Z,2024-06-04T09:42:00Z,1,EUST18783,SRP511583,not applicable
SRR29274069,WGS,296,947645032,PRJNA1119915,SAMN41664624,Pathogen.cl,407076852,"FIND, THE FOUNDATION FOR INNOVATIVE NEW DIAGNOSTICS",missing,missing,2018-08,public,"fastq,run.zq,sra","gs,ncbi,s3","gs.us-east1,ncbi.public,s3.us-east-1",SRX24791479,Romania,Europe,Romania,tuberculosis,Homo sapiens,EUST18777,Illumina HiSeq 2000,missing,missing,EUST18777,PAIRED,RANDOM,GENOMIC,Mycobacterium tuberculosis,ILLUMINA,2024-06-04T00:00:00Z,2024-06-04T09:42:00Z,1,EUST18777,SRP511583,not applicable
SRR29274070,WGS,298,820194500,PRJNA1119915,SAMN41664623,Pathogen.cl,354275844,"FIND, THE FOUNDATION FOR INNOVATIVE NEW DIAGNOSTICS",missing,missing,2018-08,public,"fastq,run.zq,sra","gs,ncbi,s3","gs.us-east1,ncbi.public,s3.us-east-1",SRX24791478,Romania,Europe,Romania,tuberculosis,Homo sapiens,EUST18760,Illumina HiSeq 2000,missing,missing,EUST18760,PAIRED,RANDOM,GENOMIC,Mycobacterium tuberculosis,ILLUMINA,2024-06-04T00:00:00Z,2024-06-04T09:42:00Z,1,EUST18760,SRP511583,not applicable
SRR29274071,WGS,298,796099274,PRJNA1119915,SAMN41664622,Pathogen.cl,343895766,"FIND, THE FOUNDATION FOR INNOVATIVE NEW DIAGNOSTICS",missing,missing,2018-01,public,"fastq,run.zq,sra","gs,ncbi,s3","gs.us-east1,ncbi.public,s3.us-east-1",SRX24791477,Romania,Europe,Romania,tuberculosis,Homo sapiens,EUST18752,Illumina HiSeq 2000,missing,missing,EUST18752,PAIRED,RANDOM,GENOMIC,Mycobacterium tuberculosis,ILLUMINA,2024-06-04T00:00:00Z,2024-06-04T09:42:00Z,1,EUST18752,SRP511583,not applicable
SRR29274072,WGS,297,797693380,PRJNA1119915,SAMN41664621,Pathogen.cl,344285196,"FIND, THE FOUNDATION FOR INNOVATIVE NEW DIAGNOSTICS",missing,missing,2018-06,public,"fastq,run.zq,sra","gs,ncbi,s3","gs.us-east1,ncbi.public,s3.us-east-1",SRX24791476,Romania,Europe,Romania,tuberculosis,Homo sapiens,EUST18743,Illumina HiSeq 2000,missing,missing,EUST18743,PAIRED,RANDOM,GENOMIC,Mycobacterium tuberculosis,ILLUMINA,2024-06-04T00:00:00Z,2024-06-04T09:42:00Z,1,EUST18743,SRP511583,not applicable
SRR29274073,WGS,298,738395913,PRJNA1119915,SAMN41664198,Pathogen.cl,322229063,"FIND, THE FOUNDATION FOR INNOVATIVE NEW DIAGNOSTICS",missing,missing,2017-04,public,"fastq,run.zq,sra","gs,ncbi,s3","gs.us-east1,ncbi.public,s3.us-east-1",SRX24791475,Romania,Europe,Romania,tuberculosis,Homo sapiens,EUST11181,Illumina HiSeq 2000,missing,missing,EUST11181,PAIRED,RANDOM,GENOMIC,Mycobacterium tuberculosis,ILLUMINA,2024-06-04T00:00:00Z,2024-06-04T09:42:00Z,1,EUST11181,SRP511583,not applicable
SRR29274074,WGS,297,886656159,PRJNA1119915,SAMN41664620,Pathogen.cl,382415454,"FIND, THE FOUNDATION FOR INNOVATIVE NEW DIAGNOSTICS",missing,missing,2018-06,public,"fastq,run.zq,sra","gs,ncbi,s3","gs.us-east1,ncbi.public,s3.us-east-1",SRX24791474,Romania,Europe,Romania,tuberculosis,Homo sapiens,EUST18733,Illumina HiSeq 2000,missing,missing,EUST18733,PAIRED,RANDOM,GENOMIC,Mycobacterium tuberculosis,ILLUMINA,2024-06-05T00:00:00Z,2024-06-04T09:42:00Z,1,EUST18733,SRP511583,not applicable
SRR29274075,WGS,295,641098803,PRJNA1119915,SAMN41664619,Pathogen.cl,287609507,"FIND, THE FOUNDATION FOR INNOVATIVE NEW DIAGNOSTICS",missing,missing,2017-10,public,"fastq,run.zq,sra","gs,ncbi,s3","gs.us-east1,ncbi.public,s3.us-east-1",SRX24791473,Romania,Europe,Romania,tuberculosis,Homo sapiens,EUST18722,Illumina HiSeq 2000,missing,missing,EUST18722,PAIRED,RANDOM,GENOMIC,Mycobacterium tuberculosis,ILLUMINA,2024-06-05T00:00:00Z,2024-06-04T09:43:00Z,1,EUST18722,SRP511583,not applicable
SRR29274076,WGS,296,673838881,PRJNA1119915,SAMN41664618,Pathogen.cl,302256681,"FIND, THE FOUNDATION FOR INNOVATIVE NEW DIAGNOSTICS",missing,missing,2017-12,public,"fastq,run.zq,sra","gs,ncbi,s3","gs.us-east1,ncbi.public,s3.us-east-1",SRX24791472,Romania,Europe,Romania,tuberculosis,Homo sapiens,EUST18710,Illumina HiSeq 2000,missing,missing,EUST18710,PAIRED,RANDOM,GENOMIC,Mycobacterium tuberculosis,ILLUMINA,2024-06-04T00:00:00Z,2024-06-04T09:42:00Z,1,EUST18710,SRP511583,not applicable
SRR29274077,WGS,297,665842416,PRJNA1119915,SAMN41664617,Pathogen.cl,299661535,"FIND, THE FOUNDATION FOR INNOVATIVE NEW DIAGNOSTICS",missing,missing,2018-02,public,"fastq,run.zq,sra","gs,ncbi,s3","gs.us-east1,ncbi.public,s3.us-east-1",SRX24791471,Romania,Europe,Romania,tuberculosis,Homo sapiens,EUST18707,Illumina HiSeq 2000,missing,missing,EUST18707,PAIRED,RANDOM,GENOMIC,Mycobacterium tuberculosis,ILLUMINA,2024-06-04T00:00:00Z,2024-06-04T09:43:00Z,1,EUST18707,SRP511583,not applicable
SRR29274078,WGS,297,478222877,PRJNA1119915,SAMN41664616,Pathogen.cl,217256128,"FIND, THE FOUNDATION FOR INNOVATIVE NEW DIAGNOSTICS",missing,missing,2017-12,public,"fastq,run.zq,sra","gs,ncbi,s3","gs.us-east1,ncbi.public,s3.us-east-1",SRX24791470,Romania,Europe,Romania,tuberculosis,Homo sapiens,EUST18693,Illumina HiSeq 2000,missing,missing,EUST18693,PAIRED,RANDOM,GENOMIC,Mycobacterium tuberculosis,ILLUMINA,2024-06-04T00:00:00Z,2024-06-04T09:42:00Z,1,EUST18693,SRP511583,not applicable
SRR29274079,WGS,296,551998039,PRJNA1119915,SAMN41664615,Pathogen.cl,252158757,"FIND, THE FOUNDATION FOR INNOVATIVE NEW DIAGNOSTICS",missing,missing,2017-12,public,"fastq,run.zq,sra","gs,ncbi,s3","gs.us-east1,ncbi.public,s3.us-east-1",SRX24791469,Romania,Europe,Romania,tuberculosis,Homo sapiens,EUST18687,Illumina HiSeq 2000,missing,missing,EUST18687,PAIRED,RANDOM,GENOMIC,Mycobacterium tuberculosis,ILLUMINA,2024-06-04T00:00:00Z,2024-06-04T09:42:00Z,1,EUST18687,SRP511583,not applicable
SRR29274080,WGS,298,425030904,PRJNA1119915,SAMN41664614,Pathogen.cl,207705972,"FIND, THE FOUNDATION FOR INNOVATIVE NEW DIAGNOSTICS",missing,missing,2018-09,public,"fastq,run.zq,sra","gs,ncbi,s3","gs.us-east1,ncbi.public,s3.us-east-1",SRX24791468,Romania,Europe,Romania,tuberculosis,Homo sapiens,EUST18136,Illumina HiSeq 2000,missing,missing,EUST18136,PAIRED,RANDOM,GENOMIC,Mycobacterium tuberculosis,ILLUMINA,2024-06-05T00:00:00Z,2024-06-04T09:42:00Z,1,EUST18136,SRP511583,not applicable
SRR29274081,WGS,296,390566221,PRJNA1119915,SAMN41664613,Pathogen.cl,190333163,"FIND, THE FOUNDATION FOR INNOVATIVE NEW DIAGNOSTICS",missing,missing,2018-09,public,"fastq,run.zq,sra","gs,ncbi,s3","gs.us-east1,ncbi.public,s3.us-east-1",SRX24791467,Romania,Europe,Romania,tuberculosis,Homo sapiens,EUST18129,Illumina HiSeq 2000,missing,missing,EUST18129,PAIRED,RANDOM,GENOMIC,Mycobacterium tuberculosis,ILLUMINA,2024-06-04T00:00:00Z,2024-06-04T09:42:00Z,1,EUST18129,SRP511583,not applicable
SRR29274082,WGS,298,425870029,PRJNA1119915,SAMN41664612,Pathogen.cl,207821456,"FIND, THE FOUNDATION FOR INNOVATIVE NEW DIAGNOSTICS",missing,missing,2018-07,public,"fastq,run.zq,sra","gs,ncbi,s3","gs.us-east1,ncbi.public,s3.us-east-1",SRX24791466,Romania,Europe,Romania,tuberculosis,Homo sapiens,EUST18111,Illumina HiSeq 2000,missing,missing,EUST18111,PAIRED,RANDOM,GENOMIC,Mycobacterium tuberculosis,ILLUMINA,2024-06-04T00:00:00Z,2024-06-04T09:42:00Z,1,EUST18111,SRP511583,not applicable
SRR29274083,WGS,297,476546498,PRJNA1119915,SAMN41664611,Pathogen.cl,236413058,"FIND, THE FOUNDATION FOR INNOVATIVE NEW DIAGNOSTICS",missing,missing,2018-09,public,"fastq,run.zq,sra","gs,ncbi,s3","gs.us-east1,ncbi.public,s3.us-east-1",SRX24791465,Romania,Europe,Romania,tuberculosis,Homo sapiens,EUST18102,Illumina HiSeq 2000,missing,missing,EUST18102,PAIRED,RANDOM,GENOMIC,Mycobacterium tuberculosis,ILLUMINA,2024-06-04T00:00:00Z,2024-06-04T09:43:00Z,1,EUST18102,SRP511583,not applicable
SRR29274084,WGS,288,701520364,PRJNA1119915,SAMN41664197,Pathogen.cl,278046537,"FIND, THE FOUNDATION FOR INNOVATIVE NEW DIAGNOSTICS",missing,missing,2017-07,public,"fastq,run.zq,sra","gs,ncbi,s3","gs.us-east1,ncbi.public,s3.us-east-1",SRX24791464,Romania,Europe,Romania,tuberculosis,Homo sapiens,EUST11172,Illumina HiSeq 2000,missing,missing,EUST11172,PAIRED,RANDOM,GENOMIC,Mycobacterium tuberculosis,ILLUMINA,2024-06-04T00:00:00Z,2024-06-04T09:42:00Z,1,EUST11172,SRP511583,not applicable
SRR29274085,WGS,292,393296549,PRJNA1119915,SAMN41664610,Pathogen.cl,192727359,"FIND, THE FOUNDATION FOR INNOVATIVE NEW DIAGNOSTICS",missing,missing,2018-06,public,"fastq,run.zq,sra","gs,ncbi,s3","gs.us-east1,ncbi.public,s3.us-east-1",SRX24791463,Romania,Europe,Romania,tuberculosis,Homo sapiens,EUST18092,Illumina HiSeq 2000,missing,missing,EUST18092,PAIRED,RANDOM,GENOMIC,Mycobacterium tuberculosis,ILLUMINA,2024-06-05T00:00:00Z,2024-06-04T09:42:00Z,1,EUST18092,SRP511583,not applicable
SRR29274086,WGS,294,369660115,PRJNA1119915,SAMN41664609,Pathogen.cl,181707370,"FIND, THE FOUNDATION FOR INNOVATIVE NEW DIAGNOSTICS",missing,missing,2018-06,public,"fastq,run.zq,sra","gs,ncbi,s3","gs.us-east1,ncbi.public,s3.us-east-1",SRX24791462,Romania,Europe,Romania,tuberculosis,Homo sapiens,EUST18080,Illumina HiSeq 2000,missing,missing,EUST18080,PAIRED,RANDOM,GENOMIC,Mycobacterium tuberculosis,ILLUMINA,2024-06-04T00:00:00Z,2024-06-04T09:42:00Z,1,EUST18080,SRP511583,not applicable
SRR29274087,WGS,295,332564739,PRJNA1119915,SAMN41664608,Pathogen.cl,163914902,"FIND, THE FOUNDATION FOR INNOVATIVE NEW DIAGNOSTICS",missing,missing,2018-04,public,"fastq,run.zq,sra","gs,ncbi,s3","gs.us-east1,ncbi.public,s3.us-east-1",SRX24791461,Romania,Europe,Romania,tuberculosis,Homo sapiens,EUST18077,Illumina HiSeq 2000,missing,missing,EUST18077,PAIRED,RANDOM,GENOMIC,Mycobacterium tuberculosis,ILLUMINA,2024-06-05T00:00:00Z,2024-06-04T09:42:00Z,1,EUST18077,SRP511583,not applicable
SRR29274088,WGS,298,252874244,PRJNA1119915,SAMN41664607,Pathogen.cl,125348176,"FIND, THE FOUNDATION FOR INNOVATIVE NEW DIAGNOSTICS",missing,missing,2018-07,public,"fastq,run.zq,sra","gs,ncbi,s3","gs.us-east1,ncbi.public,s3.us-east-1",SRX24791460,Romania,Europe,Romania,tuberculosis,Homo sapiens,EUST18063,Illumina HiSeq 2000,missing,missing,EUST18063,PAIRED,RANDOM,GENOMIC,Mycobacterium tuberculosis,ILLUMINA,2024-06-04T00:00:00Z,2024-06-04T09:42:00Z,1,EUST18063,SRP511583,not applicable
SRR29274089,WGS,296,376722265,PRJNA1119915,SAMN41664606,Pathogen.cl,184150660,"FIND, THE FOUNDATION FOR INNOVATIVE NEW DIAGNOSTICS",missing,missing,2018-08,public,"fastq,run.zq,sra","gs,ncbi,s3","gs.us-east1,ncbi.public,s3.us-east-1",SRX24791459,Romania,Europe,Romania,tuberculosis,Homo sapiens,EUST18058,Illumina HiSeq 2000,missing,missing,EUST18058,PAIRED,RANDOM,GENOMIC,Mycobacterium tuberculosis,ILLUMINA,2024-06-04T00:00:00Z,2024-06-04T09:42:00Z,1,EUST18058,SRP511583,not applicable
SRR29274090,WGS,294,322551277,PRJNA1119915,SAMN41664605,Pathogen.cl,161261975,"FIND, THE FOUNDATION FOR INNOVATIVE NEW DIAGNOSTICS",missing,missing,2018-07,public,"fastq,run.zq,sra","gs,ncbi,s3","gs.us-east1,ncbi.public,s3.us-east-1",SRX24791458,Romania,Europe,Romania,tuberculosis,Homo sapiens,EUST18042,Illumina HiSeq 2000,missing,missing,EUST18042,PAIRED,RANDOM,GENOMIC,Mycobacterium tuberculosis,ILLUMINA,2024-06-05T00:00:00Z,2024-06-04T09:42:00Z,1,EUST18042,SRP511583,not applicable
SRR29274091,WGS,296,422265200,PRJNA1119915,SAMN41664604,Pathogen.cl,206723075,"FIND, THE FOUNDATION FOR INNOVATIVE NEW DIAGNOSTICS",missing,missing,2018-06,public,"fastq,run.zq,sra","gs,ncbi,s3","gs.us-east1,ncbi.public,s3.us-east-1",SRX24791457,Romania,Europe,Romania,tuberculosis,Homo sapiens,EUST18035,Illumina HiSeq 2000,missing,missing,EUST18035,PAIRED,RANDOM,GENOMIC,Mycobacterium tuberculosis,ILLUMINA,2024-06-04T00:00:00Z,2024-06-04T09:42:00Z,1,EUST18035,SRP511583,not applicable
SRR29274092,WGS,298,371112609,PRJNA1119915,SAMN41664603,Pathogen.cl,180941359,"FIND, THE FOUNDATION FOR INNOVATIVE NEW DIAGNOSTICS",missing,missing,2018-09,public,"fastq,run.zq,sra","gs,ncbi,s3","gs.us-east1,ncbi.public,s3.us-east-1",SRX24791456,Romania,Europe,Romania,tuberculosis,Homo sapiens,EUST18027,Illumina HiSeq 2000,missing,missing,EUST18027,PAIRED,RANDOM,GENOMIC,Mycobacterium tuberculosis,ILLUMINA,2024-06-05T00:00:00Z,2024-06-04T09:42:00Z,1,EUST18027,SRP511583,not applicable
SRR29274093,WGS,298,467581984,PRJNA1119915,SAMN41664602,Pathogen.cl,227233749,"FIND, THE FOUNDATION FOR INNOVATIVE NEW DIAGNOSTICS",missing,missing,2018-06,public,"fastq,run.zq,sra","gs,ncbi,s3","gs.us-east1,ncbi.public,s3.us-east-1",SRX24791455,Romania,Europe,Romania,tuberculosis,Homo sapiens,EUST18018,Illumina HiSeq 2000,missing,missing,EUST18018,PAIRED,RANDOM,GENOMIC,Mycobacterium tuberculosis,ILLUMINA,2024-06-04T00:00:00Z,2024-06-04T09:42:00Z,1,EUST18018,SRP511583,not applicable
SRR29274094,WGS,298,461429319,PRJNA1119915,SAMN41664601,Pathogen.cl,224308130,"FIND, THE FOUNDATION FOR INNOVATIVE NEW DIAGNOSTICS",missing,missing,2018-06,public,"fastq,run.zq,sra","gs,ncbi,s3","gs.us-east1,ncbi.public,s3.us-east-1",SRX24791454,Romania,Europe,Romania,tuberculosis,Homo sapiens,EUST18008,Illumina HiSeq 2000,missing,missing,EUST18008,PAIRED,RANDOM,GENOMIC,Mycobacterium tuberculosis,ILLUMINA,2024-06-04T00:00:00Z,2024-06-04T09:42:00Z,1,EUST18008,SRP511583,not applicable
SRR29274095,WGS,292,665812570,PRJNA1119915,SAMN41664196,Pathogen.cl,290513842,"FIND, THE FOUNDATION FOR INNOVATIVE NEW DIAGNOSTICS",missing,missing,2017-06,public,"fastq,run.zq,sra","gs,ncbi,s3","gs.us-east1,ncbi.public,s3.us-east-1",SRX24791453,Romania,Europe,Romania,tuberculosis,Homo sapiens,EUST11162,Illumina HiSeq 2000,missing,missing,EUST11162,PAIRED,RANDOM,GENOMIC,Mycobacterium tuberculosis,ILLUMINA,2024-06-05T00:00:00Z,2024-06-04T09:42:00Z,1,EUST11162,SRP511583,not applicable
SRR29274096,WGS,295,476329324,PRJNA1119915,SAMN41664600,Pathogen.cl,231847944,"FIND, THE FOUNDATION FOR INNOVATIVE NEW DIAGNOSTICS",missing,missing,2018-07,public,"fastq,run.zq,sra","gs,ncbi,s3","gs.us-east1,ncbi.public,s3.us-east-1",SRX24791452,Romania,Europe,Romania,tuberculosis,Homo sapiens,EUST17997,Illumina HiSeq 2000,missing,missing,EUST17997,PAIRED,RANDOM,GENOMIC,Mycobacterium tuberculosis,ILLUMINA,2024-06-04T00:00:00Z,2024-06-04T09:42:00Z,1,EUST17997,SRP511583,not applicable
SRR29274097,WGS,296,399206415,PRJNA1119915,SAMN41664599,Pathogen.cl,194927762,"FIND, THE FOUNDATION FOR INNOVATIVE NEW DIAGNOSTICS",missing,missing,2018-07,public,"fastq,run.zq,sra","gs,ncbi,s3","gs.us-east1,ncbi.public,s3.us-east-1",SRX24791451,Romania,Europe,Romania,tuberculosis,Homo sapiens,EUST17983,Illumina HiSeq 2000,missing,missing,EUST17983,PAIRED,RANDOM,GENOMIC,Mycobacterium tuberculosis,ILLUMINA,2024-06-05T00:00:00Z,2024-06-04T09:42:00Z,1,EUST17983,SRP511583,not applicable
SRR29274098,WGS,297,844411822,PRJNA1119915,SAMN41664190,Pathogen.cl,368128865,"FIND, THE FOUNDATION FOR INNOVATIVE NEW DIAGNOSTICS",missing,missing,2017-03,public,"fastq,run.zq,sra","gs,ncbi,s3","gs.us-east1,ncbi.public,s3.us-east-1",SRX24791450,Romania,Europe,Romania,tuberculosis,Homo sapiens,EUST11094,Illumina HiSeq 2000,missing,missing,EUST11094,PAIRED,RANDOM,GENOMIC,Mycobacterium tuberculosis,ILLUMINA,2024-06-04T00:00:00Z,2024-06-04T09:42:00Z,1,EUST11094,SRP511583,not applicable
SRR29274099,WGS,288,454061592,PRJNA1119915,SAMN41664540,Pathogen.cl,220329417,"FIND, THE FOUNDATION FOR INNOVATIVE NEW DIAGNOSTICS",missing,missing,2017-08,public,"fastq,run.zq,sra","gs,ncbi,s3","gs.us-east1,ncbi.public,s3.us-east-1",SRX24791449,Romania,Europe,Romania,tuberculosis,Homo sapiens,EUST17397,Illumina HiSeq 2000,missing,missing,EUST17397,PAIRED,RANDOM,GENOMIC,Mycobacterium tuberculosis,ILLUMINA,2024-06-05T00:00:00Z,2024-06-04T09:42:00Z,1,EUST17397,SRP511583,not applicable
SRR29274100,WGS,295,407987067,PRJNA1119915,SAMN41664539,Pathogen.cl,198385210,"FIND, THE FOUNDATION FOR INNOVATIVE NEW DIAGNOSTICS",missing,missing,2018-03,public,"fastq,run.zq,sra","gs,ncbi,s3","gs.us-east1,ncbi.public,s3.us-east-1",SRX24791448,Romania,Europe,Romania,tuberculosis,Homo sapiens,EUST17387,Illumina HiSeq 2000,missing,missing,EUST17387,PAIRED,RANDOM,GENOMIC,Mycobacterium tuberculosis,ILLUMINA,2024-06-04T00:00:00Z,2024-06-04T09:43:00Z,1,EUST17387,SRP511583,not applicable
SRR29274101,WGS,297,407062243,PRJNA1119915,SAMN41664538,Pathogen.cl,198568929,"FIND, THE FOUNDATION FOR INNOVATIVE NEW DIAGNOSTICS",missing,missing,2018-04,public,"fastq,run.zq,sra","gs,ncbi,s3","gs.us-east1,ncbi.public,s3.us-east-1",SRX24791447,Romania,Europe,Romania,tuberculosis,Homo sapiens,EUST17376,Illumina HiSeq 2000,missing,missing,EUST17376,PAIRED,RANDOM,GENOMIC,Mycobacterium tuberculosis,ILLUMINA,2024-06-05T00:00:00Z,2024-06-04T09:42:00Z,1,EUST17376,SRP511583,not applicable
SRR29274102,WGS,291,413937968,PRJNA1119915,SAMN41664537,Pathogen.cl,201646326,"FIND, THE FOUNDATION FOR INNOVATIVE NEW DIAGNOSTICS",missing,missing,2018-05,public,"fastq,run.zq,sra","gs,ncbi,s3","gs.us-east1,ncbi.public,s3.us-east-1",SRX24791446,Romania,Europe,Romania,tuberculosis,Homo sapiens,EUST17364,Illumina HiSeq 2000,missing,missing,EUST17364,PAIRED,RANDOM,GENOMIC,Mycobacterium tuberculosis,ILLUMINA,2024-06-04T00:00:00Z,2024-06-04T09:43:00Z,1,EUST17364,SRP511583,not applicable
SRR29274103,WGS,292,353142452,PRJNA1119915,SAMN41664536,Pathogen.cl,173065569,"FIND, THE FOUNDATION FOR INNOVATIVE NEW DIAGNOSTICS",missing,missing,2018-03,public,"fastq,run.zq,sra","gs,ncbi,s3","gs.us-east1,ncbi.public,s3.us-east-1",SRX24791445,Romania,Europe,Romania,tuberculosis,Homo sapiens,EUST17351,Illumina HiSeq 2000,missing,missing,EUST17351,PAIRED,RANDOM,GENOMIC,Mycobacterium tuberculosis,ILLUMINA,2024-06-04T00:00:00Z,2024-06-04T09:42:00Z,1,EUST17351,SRP511583,not applicable
SRR29274104,WGS,291,388145393,PRJNA1119915,SAMN41664535,Pathogen.cl,189367016,"FIND, THE FOUNDATION FOR INNOVATIVE NEW DIAGNOSTICS",missing,missing,2018-02,public,"fastq,run.zq,sra","gs,ncbi,s3","gs.us-east1,ncbi.public,s3.us-east-1",SRX24791444,Romania,Europe,Romania,tuberculosis,Homo sapiens,EUST17347,Illumina HiSeq 2000,missing,missing,EUST17347,PAIRED,RANDOM,GENOMIC,Mycobacterium tuberculosis,ILLUMINA,2024-06-04T00:00:00Z,2024-06-04T09:42:00Z,1,EUST17347,SRP511583,not applicable
SRR29274105,WGS,282,379463271,PRJNA1119915,SAMN41664534,Pathogen.cl,184884349,"FIND, THE FOUNDATION FOR INNOVATIVE NEW DIAGNOSTICS",missing,missing,2018-04,public,"fastq,run.zq,sra","gs,ncbi,s3","gs.us-east1,ncbi.public,s3.us-east-1",SRX24791443,Romania,Europe,Romania,tuberculosis,Homo sapiens,EUST17332,Illumina HiSeq 2000,missing,missing,EUST17332,PAIRED,RANDOM,GENOMIC,Mycobacterium tuberculosis,ILLUMINA,2024-06-04T00:00:00Z,2024-06-04T09:42:00Z,1,EUST17332,SRP511583,not applicable
SRR29274106,WGS,292,360892766,PRJNA1119915,SAMN41664533,Pathogen.cl,176405172,"FIND, THE FOUNDATION FOR INNOVATIVE NEW DIAGNOSTICS",missing,missing,2018-03,public,"fastq,run.zq,sra","gs,ncbi,s3","gs.us-east1,ncbi.public,s3.us-east-1",SRX24791442,Romania,Europe,Romania,tuberculosis,Homo sapiens,EUST17326,Illumina HiSeq 2000,missing,missing,EUST17326,PAIRED,RANDOM,GENOMIC,Mycobacterium tuberculosis,ILLUMINA,2024-06-04T00:00:00Z,2024-06-04T09:42:00Z,1,EUST17326,SRP511583,not applicable
SRR29274107,WGS,292,377261371,PRJNA1119915,SAMN41664532,Pathogen.cl,184225956,"FIND, THE FOUNDATION FOR INNOVATIVE NEW DIAGNOSTICS",missing,missing,2018-04,public,"fastq,run.zq,sra","gs,ncbi,s3","gs.us-east1,ncbi.public,s3.us-east-1",SRX24791441,Romania,Europe,Romania,tuberculosis,Homo sapiens,EUST17319,Illumina HiSeq 2000,missing,missing,EUST17319,PAIRED,RANDOM,GENOMIC,Mycobacterium tuberculosis,ILLUMINA,2024-06-04T00:00:00Z,2024-06-04T09:43:00Z,1,EUST17319,SRP511583,not applicable
SRR29274108,WGS,295,389187805,PRJNA1119915,SAMN41664531,Pathogen.cl,189118265,"FIND, THE FOUNDATION FOR INNOVATIVE NEW DIAGNOSTICS",missing,missing,2018-01,public,"fastq,run.zq,sra","gs,ncbi,s3","gs.us-east1,ncbi.public,s3.us-east-1",SRX24791440,Romania,Europe,Romania,tuberculosis,Homo sapiens,EUST17301,Illumina HiSeq 2000,missing,missing,EUST17301,PAIRED,RANDOM,GENOMIC,Mycobacterium tuberculosis,ILLUMINA,2024-06-05T00:00:00Z,2024-06-04T09:42:00Z,1,EUST17301,SRP511583,not applicable
SRR29274109,WGS,298,730002370,PRJNA1119915,SAMN41664189,Pathogen.cl,316697236,"FIND, THE FOUNDATION FOR INNOVATIVE NEW DIAGNOSTICS",missing,missing,2017-03,public,"fastq,run.zq,sra","gs,ncbi,s3","gs.us-east1,ncbi.public,s3.us-east-1",SRX24791439,Romania,Europe,Romania,tuberculosis,Homo sapiens,EUST11085,Illumina HiSeq 2000,missing,missing,EUST11085,PAIRED,RANDOM,GENOMIC,Mycobacterium tuberculosis,ILLUMINA,2024-06-04T00:00:00Z,2024-06-04T09:42:00Z,1,EUST11085,SRP511583,not applicable
SRR29274110,WGS,289,427378773,PRJNA1119915,SAMN41664530,Pathogen.cl,208297226,"FIND, THE FOUNDATION FOR INNOVATIVE NEW DIAGNOSTICS",missing,missing,2017-12,public,"fastq,run.zq,sra","gs,ncbi,s3","gs.us-east1,ncbi.public,s3.us-east-1",SRX24791438,Romania,Europe,Romania,tuberculosis,Homo sapiens,EUST17292,Illumina HiSeq 2000,missing,missing,EUST17292,PAIRED,RANDOM,GENOMIC,Mycobacterium tuberculosis,ILLUMINA,2024-06-04T00:00:00Z,2024-06-04T09:42:00Z,1,EUST17292,SRP511583,not applicable
SRR29274111,WGS,288,452889712,PRJNA1119915,SAMN41664529,Pathogen.cl,219728183,"FIND, THE FOUNDATION FOR INNOVATIVE NEW DIAGNOSTICS",missing,missing,2018-04,public,"fastq,run.zq,sra","gs,ncbi,s3","gs.us-east1,ncbi.public,s3.us-east-1",SRX24791437,Romania,Europe,Romania,tuberculosis,Homo sapiens,EUST17281,Illumina HiSeq 2000,missing,missing,EUST17281,PAIRED,RANDOM,GENOMIC,Mycobacterium tuberculosis,ILLUMINA,2024-06-04T00:00:00Z,2024-06-04T09:42:00Z,1,EUST17281,SRP511583,not applicable
SRR29274112,WGS,288,398863394,PRJNA1119915,SAMN41664528,Pathogen.cl,194233227,"FIND, THE FOUNDATION FOR INNOVATIVE NEW DIAGNOSTICS",missing,missing,2018-03,public,"fastq,run.zq,sra","gs,ncbi,s3","gs.us-east1,ncbi.public,s3.us-east-1",SRX24791436,Romania,Europe,Romania,tuberculosis,Homo sapiens,EUST17279,Illumina HiSeq 2000,missing,missing,EUST17279,PAIRED,RANDOM,GENOMIC,Mycobacterium tuberculosis,ILLUMINA,2024-06-04T00:00:00Z,2024-06-04T09:43:00Z,1,EUST17279,SRP511583,not applicable
SRR29274113,WGS,296,414125465,PRJNA1119915,SAMN41664527,Pathogen.cl,201446433,"FIND, THE FOUNDATION FOR INNOVATIVE NEW DIAGNOSTICS",missing,missing,2018-05,public,"fastq,run.zq,sra","gs,ncbi,s3","gs.us-east1,ncbi.public,s3.us-east-1",SRX24791435,Romania,Europe,Romania,tuberculosis,Homo sapiens,EUST17266,Illumina HiSeq 2000,missing,missing,EUST17266,PAIRED,RANDOM,GENOMIC,Mycobacterium tuberculosis,ILLUMINA,2024-06-04T00:00:00Z,2024-06-04T09:42:00Z,1,EUST17266,SRP511583,not applicable
SRR29274114,WGS,293,471148335,PRJNA1119915,SAMN41664526,Pathogen.cl,229243772,"FIND, THE FOUNDATION FOR INNOVATIVE NEW DIAGNOSTICS",missing,missing,2018-05,public,"fastq,run.zq,sra","gs,ncbi,s3","gs.us-east1,ncbi.public,s3.us-east-1",SRX24791434,Romania,Europe,Romania,tuberculosis,Homo sapiens,EUST17252,Illumina HiSeq 2000,missing,missing,EUST17252,PAIRED,RANDOM,GENOMIC,Mycobacterium tuberculosis,ILLUMINA,2024-06-04T00:00:00Z,2024-06-04T09:42:00Z,1,EUST17252,SRP511583,not applicable
SRR29274115,WGS,294,379317142,PRJNA1119915,SAMN41664525,Pathogen.cl,185257768,"FIND, THE FOUNDATION FOR INNOVATIVE NEW DIAGNOSTICS",missing,missing,2018-05,public,"fastq,run.zq,sra","gs,ncbi,s3","gs.us-east1,ncbi.public,s3.us-east-1",SRX24791433,Romania,Europe,Romania,tuberculosis,Homo sapiens,EUST17247,Illumina HiSeq 2000,missing,missing,EUST17247,PAIRED,RANDOM,GENOMIC,Mycobacterium tuberculosis,ILLUMINA,2024-06-04T00:00:00Z,2024-06-04T09:42:00Z,1,EUST17247,SRP511583,not applicable
SRR29274116,WGS,297,369844144,PRJNA1119915,SAMN41664524,Pathogen.cl,180851494,"FIND, THE FOUNDATION FOR INNOVATIVE NEW DIAGNOSTICS",missing,missing,2018-04,public,"fastq,run.zq,sra","gs,ncbi,s3","gs.us-east1,ncbi.public,s3.us-east-1",SRX24791432,Romania,Europe,Romania,tuberculosis,Homo sapiens,EUST17231,Illumina HiSeq 2000,missing,missing,EUST17231,PAIRED,RANDOM,GENOMIC,Mycobacterium tuberculosis,ILLUMINA,2024-06-04T00:00:00Z,2024-06-04T09:42:00Z,1,EUST17231,SRP511583,not applicable
SRR29274117,WGS,294,376146345,PRJNA1119915,SAMN41664523,Pathogen.cl,183742598,"FIND, THE FOUNDATION FOR INNOVATIVE NEW DIAGNOSTICS",missing,missing,2018-04,public,"fastq,run.zq,sra","gs,ncbi,s3","gs.us-east1,ncbi.public,s3.us-east-1",SRX24791431,Romania,Europe,Romania,tuberculosis,Homo sapiens,EUST17224,Illumina HiSeq 2000,missing,missing,EUST17224,PAIRED,RANDOM,GENOMIC,Mycobacterium tuberculosis,ILLUMINA,2024-06-04T00:00:00Z,2024-06-04T09:42:00Z,1,EUST17224,SRP511583,not applicable
SRR29274118,WGS,289,403173073,PRJNA1119915,SAMN41664522,Pathogen.cl,196312698,"FIND, THE FOUNDATION FOR INNOVATIVE NEW DIAGNOSTICS",missing,missing,2018-03,public,"fastq,run.zq,sra","gs,ncbi,s3","gs.us-east1,ncbi.public,s3.us-east-1",SRX24791430,Romania,Europe,Romania,tuberculosis,Homo sapiens,EUST17216,Illumina HiSeq 2000,missing,missing,EUST17216,PAIRED,RANDOM,GENOMIC,Mycobacterium tuberculosis,ILLUMINA,2024-06-05T00:00:00Z,2024-06-04T09:42:00Z,1,EUST17216,SRP511583,not applicable
SRR29274119,WGS,297,369898523,PRJNA1119915,SAMN41664521,Pathogen.cl,180090406,"FIND, THE FOUNDATION FOR INNOVATIVE NEW DIAGNOSTICS",missing,missing,2018-03,public,"fastq,run.zq,sra","gs,ncbi,s3","gs.us-east1,ncbi.public,s3.us-east-1",SRX24791429,Romania,Europe,Romania,tuberculosis,Homo sapiens,EUST17207,Illumina HiSeq 2000,missing,missing,EUST17207,PAIRED,RANDOM,GENOMIC,Mycobacterium tuberculosis,ILLUMINA,2024-06-04T00:00:00Z,2024-06-04T09:42:00Z,1,EUST17207,SRP511583,not applicable
SRR29274120,WGS,299,827095540,PRJNA1119915,SAMN41664188,Pathogen.cl,361719907,"FIND, THE FOUNDATION FOR INNOVATIVE NEW DIAGNOSTICS",missing,missing,2017-03,public,"fastq,run.zq,sra","gs,ncbi,s3","gs.us-east1,ncbi.public,s3.us-east-1",SRX24791428,Romania,Europe,Romania,tuberculosis,Homo sapiens,EUST11075,Illumina HiSeq 2000,missing,missing,EUST11075,PAIRED,RANDOM,GENOMIC,Mycobacterium tuberculosis,ILLUMINA,2024-06-04T00:00:00Z,2024-06-04T09:42:00Z,1,EUST11075,SRP511583,not applicable
SRR29274121,WGS,285,480141434,PRJNA1119915,SAMN41664520,Pathogen.cl,233452897,"FIND, THE FOUNDATION FOR INNOVATIVE NEW DIAGNOSTICS",missing,missing,2017-12,public,"fastq,run.zq,sra","gs,ncbi,s3","gs.us-east1,ncbi.public,s3.us-east-1",SRX24791427,Romania,Europe,Romania,tuberculosis,Homo sapiens,EUST17185,Illumina HiSeq 2000,missing,missing,EUST17185,PAIRED,RANDOM,GENOMIC,Mycobacterium tuberculosis,ILLUMINA,2024-06-04T00:00:00Z,2024-06-04T09:42:00Z,1,EUST17185,SRP511583,not applicable
SRR29274122,WGS,292,370759902,PRJNA1119915,SAMN41664519,Pathogen.cl,180614548,"FIND, THE FOUNDATION FOR INNOVATIVE NEW DIAGNOSTICS",missing,missing,2018-12,public,"fastq,run.zq,sra","gs,ncbi,s3","gs.us-east1,ncbi.public,s3.us-east-1",SRX24791426,Romania,Europe,Romania,tuberculosis,Homo sapiens,EUST17172,Illumina HiSeq 2000,missing,missing,EUST17172,PAIRED,RANDOM,GENOMIC,Mycobacterium tuberculosis,ILLUMINA,2024-06-04T00:00:00Z,2024-06-04T09:42:00Z,1,EUST17172,SRP511583,not applicable
SRR29274123,WGS,290,431040366,PRJNA1119915,SAMN41664518,Pathogen.cl,209121721,"FIND, THE FOUNDATION FOR INNOVATIVE NEW DIAGNOSTICS",missing,missing,2018-07,public,"fastq,run.zq,sra","gs,ncbi,s3","gs.us-east1,ncbi.public,s3.us-east-1",SRX24791425,Romania,Europe,Romania,tuberculosis,Homo sapiens,EUST17168,Illumina HiSeq 2000,missing,missing,EUST17168,PAIRED,RANDOM,GENOMIC,Mycobacterium tuberculosis,ILLUMINA,2024-06-05T00:00:00Z,2024-06-04T09:42:00Z,1,EUST17168,SRP511583,not applicable
SRR29274124,WGS,291,531071755,PRJNA1119915,SAMN41664517,Pathogen.cl,258437118,"FIND, THE FOUNDATION FOR INNOVATIVE NEW DIAGNOSTICS",missing,missing,2018-06,public,"fastq,run.zq,sra","gs,ncbi,s3","gs.us-east1,ncbi.public,s3.us-east-1",SRX24791424,Romania,Europe,Romania,tuberculosis,Homo sapiens,EUST17153,Illumina HiSeq 2000,missing,missing,EUST17153,PAIRED,RANDOM,GENOMIC,Mycobacterium tuberculosis,ILLUMINA,2024-06-04T00:00:00Z,2024-06-04T09:42:00Z,1,EUST17153,SRP511583,not applicable
SRR29274125,WGS,288,397487783,PRJNA1119915,SAMN41664516,Pathogen.cl,193858065,"FIND, THE FOUNDATION FOR INNOVATIVE NEW DIAGNOSTICS",missing,missing,2018-12,public,"fastq,run.zq,sra","gs,ncbi,s3","gs.us-east1,ncbi.public,s3.us-east-1",SRX24791423,Romania,Europe,Romania,tuberculosis,Homo sapiens,EUST17147,Illumina HiSeq 2000,missing,missing,EUST17147,PAIRED,RANDOM,GENOMIC,Mycobacterium tuberculosis,ILLUMINA,2024-06-04T00:00:00Z,2024-06-04T09:42:00Z,1,EUST17147,SRP511583,not applicable
SRR29274126,WGS,292,448002467,PRJNA1119915,SAMN41664515,Pathogen.cl,218849445,"FIND, THE FOUNDATION FOR INNOVATIVE NEW DIAGNOSTICS",missing,missing,2018-02,public,"fastq,run.zq,sra","gs,ncbi,s3","gs.us-east1,ncbi.public,s3.us-east-1",SRX24791422,Romania,Europe,Romania,tuberculosis,Homo sapiens,EUST17130,Illumina HiSeq 2000,missing,missing,EUST17130,PAIRED,RANDOM,GENOMIC,Mycobacterium tuberculosis,ILLUMINA,2024-06-05T00:00:00Z,2024-06-04T09:43:00Z,1,EUST17130,SRP511583,not applicable
SRR29274127,WGS,291,441488445,PRJNA1119915,SAMN41664514,Pathogen.cl,214616969,"FIND, THE FOUNDATION FOR INNOVATIVE NEW DIAGNOSTICS",missing,missing,2018-01,public,"fastq,run.zq,sra","gs,ncbi,s3","gs.us-east1,ncbi.public,s3.us-east-1",SRX24791421,Romania,Europe,Romania,tuberculosis,Homo sapiens,EUST17122,Illumina HiSeq 2000,missing,missing,EUST17122,PAIRED,RANDOM,GENOMIC,Mycobacterium tuberculosis,ILLUMINA,2024-06-04T00:00:00Z,2024-06-04T09:42:00Z,1,EUST17122,SRP511583,not applicable
SRR29274128,WGS,283,522125966,PRJNA1119915,SAMN41664513,Pathogen.cl,253886507,"FIND, THE FOUNDATION FOR INNOVATIVE NEW DIAGNOSTICS",missing,missing,2018-10,public,"fastq,run.zq,sra","gs,ncbi,s3","gs.us-east1,ncbi.public,s3.us-east-1",SRX24791420,Romania,Europe,Romania,tuberculosis,Homo sapiens,EUST17113,Illumina HiSeq 2000,missing,missing,EUST17113,PAIRED,RANDOM,GENOMIC,Mycobacterium tuberculosis,ILLUMINA,2024-06-04T00:00:00Z,2024-06-04T09:42:00Z,1,EUST17113,SRP511583,not applicable
SRR29274129,WGS,296,658476128,PRJNA1119915,SAMN41664512,Pathogen.cl,323180198,"FIND, THE FOUNDATION FOR INNOVATIVE NEW DIAGNOSTICS",missing,missing,2018-09,public,"fastq,run.zq,sra","gs,ncbi,s3","gs.us-east1,ncbi.public,s3.us-east-1",SRX24791419,Romania,Europe,Romania,tuberculosis,Homo sapiens,EUST17103,Illumina HiSeq 2000,missing,missing,EUST17103,PAIRED,RANDOM,GENOMIC,Mycobacterium tuberculosis,ILLUMINA,2024-06-04T00:00:00Z,2024-06-04T09:42:00Z,1,EUST17103,SRP511583,not applicable
SRR29274130,WGS,297,677271514,PRJNA1119915,SAMN41664339,Pathogen.cl,290200612,"FIND, THE FOUNDATION FOR INNOVATIVE NEW DIAGNOSTICS",missing,missing,2018-12,public,"fastq,run.zq,sra","gs,ncbi,s3","gs.us-east1,ncbi.public,s3.us-east-1",SRX24791418,Romania,Europe,Romania,tuberculosis,Homo sapiens,EUST14487,Illumina HiSeq 2000,missing,missing,EUST14487,PAIRED,RANDOM,GENOMIC,Mycobacterium tuberculosis,ILLUMINA,2024-06-04T00:00:00Z,2024-06-04T09:43:00Z,1,EUST14487,SRP511583,not applicable
SRR29274131,WGS,287,643361981,PRJNA1119915,SAMN41664338,Pathogen.cl,277080874,"FIND, THE FOUNDATION FOR INNOVATIVE NEW DIAGNOSTICS",missing,missing,2018-12,public,"fastq,run.zq,sra","gs,ncbi,s3","gs.us-east1,ncbi.public,s3.us-east-1",SRX24791417,Romania,Europe,Romania,tuberculosis,Homo sapiens,EUST14474,Illumina HiSeq 2000,missing,missing,EUST14474,PAIRED,RANDOM,GENOMIC,Mycobacterium tuberculosis,ILLUMINA,2024-06-04T00:00:00Z,2024-06-04T09:42:00Z,1,EUST14474,SRP511583,not applicable
SRR29274132,WGS,296,550693895,PRJNA1119915,SAMN41664337,Pathogen.cl,235680557,"FIND, THE FOUNDATION FOR INNOVATIVE NEW DIAGNOSTICS",missing,missing,2018-12,public,"fastq,run.zq,sra","gs,ncbi,s3","gs.us-east1,ncbi.public,s3.us-east-1",SRX24791416,Romania,Europe,Romania,tuberculosis,Homo sapiens,EUST14460,Illumina HiSeq 2000,missing,missing,EUST14460,PAIRED,RANDOM,GENOMIC,Mycobacterium tuberculosis,ILLUMINA,2024-06-04T00:00:00Z,2024-06-04T09:43:00Z,1,EUST14460,SRP511583,not applicable
SRR29274133,WGS,298,517266743,PRJNA1119915,SAMN41664336,Pathogen.cl,222367942,"FIND, THE FOUNDATION FOR INNOVATIVE NEW DIAGNOSTICS",missing,missing,2018-11,public,"fastq,run.zq,sra","gs,ncbi,s3","gs.us-east1,ncbi.public,s3.us-east-1",SRX24791415,Romania,Europe,Romania,tuberculosis,Homo sapiens,EUST14455,Illumina HiSeq 2000,missing,missing,EUST14455,PAIRED,RANDOM,GENOMIC,Mycobacterium tuberculosis,ILLUMINA,2024-06-04T00:00:00Z,2024-06-04T09:42:00Z,1,EUST14455,SRP511583,not applicable
SRR29274134,WGS,298,651553046,PRJNA1119915,SAMN41664335,Pathogen.cl,279320900,"FIND, THE FOUNDATION FOR INNOVATIVE NEW DIAGNOSTICS",missing,missing,2018-09,public,"fastq,run.zq,sra","gs,ncbi,s3","gs.us-east1,ncbi.public,s3.us-east-1",SRX24791414,Romania,Europe,Romania,tuberculosis,Homo sapiens,EUST14449,Illumina HiSeq 2000,missing,missing,EUST14449,PAIRED,RANDOM,GENOMIC,Mycobacterium tuberculosis,ILLUMINA,2024-06-04T00:00:00Z,2024-06-04T09:43:00Z,1,EUST14449,SRP511583,not applicable
SRR29274135,WGS,288,718603184,PRJNA1119915,SAMN41664334,Pathogen.cl,309337047,"FIND, THE FOUNDATION FOR INNOVATIVE NEW DIAGNOSTICS",missing,missing,2018-08,public,"fastq,run.zq,sra","gs,ncbi,s3","gs.us-east1,ncbi.public,s3.us-east-1",SRX24791413,Romania,Europe,Romania,tuberculosis,Homo sapiens,EUST14432,Illumina HiSeq 2000,missing,missing,EUST14432,PAIRED,RANDOM,GENOMIC,Mycobacterium tuberculosis,ILLUMINA,2024-06-04T00:00:00Z,2024-06-04T09:42:00Z,1,EUST14432,SRP511583,not applicable
SRR29274136,WGS,298,614634844,PRJNA1119915,SAMN41664333,Pathogen.cl,263992688,"FIND, THE FOUNDATION FOR INNOVATIVE NEW DIAGNOSTICS",missing,missing,2019-01,public,"fastq,run.zq,sra","gs,ncbi,s3","gs.us-east1,ncbi.public,s3.us-east-1",SRX24791412,Romania,Europe,Romania,tuberculosis,Homo sapiens,EUST14424,Illumina HiSeq 2000,missing,missing,EUST14424,PAIRED,RANDOM,GENOMIC,Mycobacterium tuberculosis,ILLUMINA,2024-06-04T00:00:00Z,2024-06-04T09:43:00Z,1,EUST14424,SRP511583,not applicable
SRR29274137,WGS,297,638574712,PRJNA1119915,SAMN41664332,Pathogen.cl,273770713,"FIND, THE FOUNDATION FOR INNOVATIVE NEW DIAGNOSTICS",missing,missing,2019-02,public,"fastq,run.zq,sra","gs,ncbi,s3","gs.us-east1,ncbi.public,s3.us-east-1",SRX24791411,Romania,Europe,Romania,tuberculosis,Homo sapiens,EUST14415,Illumina HiSeq 2000,missing,missing,EUST14415,PAIRED,RANDOM,GENOMIC,Mycobacterium tuberculosis,ILLUMINA,2024-06-04T00:00:00Z,2024-06-04T09:42:00Z,1,EUST14415,SRP511583,not applicable
SRR29274138,WGS,292,567494360,PRJNA1119915,SAMN41664331,Pathogen.cl,243275701,"FIND, THE FOUNDATION FOR INNOVATIVE NEW DIAGNOSTICS",missing,missing,2019-02,public,"fastq,run.zq,sra","gs,ncbi,s3","gs.us-east1,ncbi.public,s3.us-east-1",SRX24791410,Romania,Europe,Romania,tuberculosis,Homo sapiens,EUST14405,Illumina HiSeq 2000,missing,missing,EUST14405,PAIRED,RANDOM,GENOMIC,Mycobacterium tuberculosis,ILLUMINA,2024-06-04T00:00:00Z,2024-06-04T09:43:00Z,1,EUST14405,SRP511583,not applicable
SRR29274139,WGS,295,791483543,PRJNA1119915,SAMN41664169,Pathogen.cl,342433433,"FIND, THE FOUNDATION FOR INNOVATIVE NEW DIAGNOSTICS",missing,missing,2017-06,public,"fastq,run.zq,sra","gs,ncbi,s3","gs.us-east1,ncbi.public,s3.us-east-1",SRX24791409,Romania,Europe,Romania,tuberculosis,Homo sapiens,EUST10882,Illumina HiSeq 2000,missing,missing,EUST10882,PAIRED,RANDOM,GENOMIC,Mycobacterium tuberculosis,ILLUMINA,2024-06-05T00:00:00Z,2024-06-04T09:43:00Z,1,EUST10882,SRP511583,not applicable
SRR29274140,WGS,295,721877846,PRJNA1119915,SAMN41664330,Pathogen.cl,308276915,"FIND, THE FOUNDATION FOR INNOVATIVE NEW DIAGNOSTICS",missing,missing,2019-01,public,"fastq,run.zq,sra","gs,ncbi,s3","gs.us-east1,ncbi.public,s3.us-east-1",SRX24791408,Romania,Europe,Romania,tuberculosis,Homo sapiens,EUST14394,Illumina HiSeq 2000,missing,missing,EUST14394,PAIRED,RANDOM,GENOMIC,Mycobacterium tuberculosis,ILLUMINA,2024-06-05T00:00:00Z,2024-06-04T09:42:00Z,1,EUST14394,SRP511583,not applicable
SRR29274141,WGS,296,626287322,PRJNA1119915,SAMN41664329,Pathogen.cl,273141452,"FIND, THE FOUNDATION FOR INNOVATIVE NEW DIAGNOSTICS",missing,missing,2018-11,public,"fastq,run.zq,sra","gs,ncbi,s3","gs.us-east1,ncbi.public,s3.us-east-1",SRX24791407,Romania,Europe,Romania,tuberculosis,Homo sapiens,EUST14381,Illumina HiSeq 2000,missing,missing,EUST14381,PAIRED,RANDOM,GENOMIC,Mycobacterium tuberculosis,ILLUMINA,2024-06-04T00:00:00Z,2024-06-04T09:42:00Z,1,EUST14381,SRP511583,not applicable
SRR29274142,WGS,293,698818239,PRJNA1119915,SAMN41664328,Pathogen.cl,304796726,"FIND, THE FOUNDATION FOR INNOVATIVE NEW DIAGNOSTICS",missing,missing,2018-10,public,"fastq,run.zq,sra","gs,ncbi,s3","gs.us-east1,ncbi.public,s3.us-east-1",SRX24791406,Romania,Europe,Romania,tuberculosis,Homo sapiens,EUST14377,Illumina HiSeq 2000,missing,missing,EUST14377,PAIRED,RANDOM,GENOMIC,Mycobacterium tuberculosis,ILLUMINA,2024-06-04T00:00:00Z,2024-06-04T09:43:00Z,1,EUST14377,SRP511583,not applicable
SRR29274143,WGS,296,695251893,PRJNA1119915,SAMN41664327,Pathogen.cl,315547711,"FIND, THE FOUNDATION FOR INNOVATIVE NEW DIAGNOSTICS",missing,missing,2018-11,public,"fastq,run.zq,sra","gs,ncbi,s3","gs.us-east1,ncbi.public,s3.us-east-1",SRX24791405,Romania,Europe,Romania,tuberculosis,Homo sapiens,EUST14362,Illumina HiSeq 2000,missing,missing,EUST14362,PAIRED,RANDOM,GENOMIC,Mycobacterium tuberculosis,ILLUMINA,2024-06-04T00:00:00Z,2024-06-04T09:42:00Z,1,EUST14362,SRP511583,not applicable
SRR29274144,WGS,296,651510745,PRJNA1119915,SAMN41664326,Pathogen.cl,284679005,"FIND, THE FOUNDATION FOR INNOVATIVE NEW DIAGNOSTICS",missing,missing,2019-01,public,"fastq,run.zq,sra","gs,ncbi,s3","gs.us-east1,ncbi.public,s3.us-east-1",SRX24791404,Romania,Europe,Romania,tuberculosis,Homo sapiens,EUST14356,Illumina HiSeq 2000,missing,missing,EUST14356,PAIRED,RANDOM,GENOMIC,Mycobacterium tuberculosis,ILLUMINA,2024-06-04T00:00:00Z,2024-06-04T09:42:00Z,1,EUST14356,SRP511583,not applicable
SRR29274145,WGS,296,984523355,PRJNA1119915,SAMN41664325,Pathogen.cl,427625172,"FIND, THE FOUNDATION FOR INNOVATIVE NEW DIAGNOSTICS",missing,missing,2019-02,public,"fastq,run.zq,sra","gs,ncbi,s3","gs.us-east1,ncbi.public,s3.us-east-1",SRX24791403,Romania,Europe,Romania,tuberculosis,Homo sapiens,EUST14349,Illumina HiSeq 2000,missing,missing,EUST14349,PAIRED,RANDOM,GENOMIC,Mycobacterium tuberculosis,ILLUMINA,2024-06-04T00:00:00Z,2024-06-04T09:43:00Z,1,EUST14349,SRP511583,not applicable
SRR29274146,WGS,294,928824914,PRJNA1119915,SAMN41664324,Pathogen.cl,403166600,"FIND, THE FOUNDATION FOR INNOVATIVE NEW DIAGNOSTICS",missing,missing,2019-02,public,"fastq,run.zq,sra","gs,ncbi,s3","gs.us-east1,ncbi.public,s3.us-east-1",SRX24791402,Romania,Europe,Romania,tuberculosis,Homo sapiens,EUST14331,Illumina HiSeq 2000,missing,missing,EUST14331,PAIRED,RANDOM,GENOMIC,Mycobacterium tuberculosis,ILLUMINA,2024-06-05T00:00:00Z,2024-06-04T09:43:00Z,1,EUST14331,SRP511583,not applicable
SRR29274147,WGS,295,877413590,PRJNA1119915,SAMN41664323,Pathogen.cl,381773656,"FIND, THE FOUNDATION FOR INNOVATIVE NEW DIAGNOSTICS",missing,missing,2019-01,public,"fastq,run.zq,sra","gs,ncbi,s3","gs.us-east1,ncbi.public,s3.us-east-1",SRX24791401,Romania,Europe,Romania,tuberculosis,Homo sapiens,EUST14322,Illumina HiSeq 2000,missing,missing,EUST14322,PAIRED,RANDOM,GENOMIC,Mycobacterium tuberculosis,ILLUMINA,2024-06-05T00:00:00Z,2024-06-04T09:42:00Z,1,EUST14322,SRP511583,not applicable
SRR29274148,WGS,295,959211433,PRJNA1119915,SAMN41664322,Pathogen.cl,415389774,"FIND, THE FOUNDATION FOR INNOVATIVE NEW DIAGNOSTICS",missing,missing,2018-12,public,"fastq,run.zq,sra","gs,ncbi,s3","gs.us-east1,ncbi.public,s3.us-east-1",SRX24791400,Romania,Europe,Romania,tuberculosis,Homo sapiens,EUST14312,Illumina HiSeq 2000,missing,missing,EUST14312,PAIRED,RANDOM,GENOMIC,Mycobacterium tuberculosis,ILLUMINA,2024-06-04T00:00:00Z,2024-06-04T09:43:00Z,1,EUST14312,SRP511583,not applicable
SRR29274149,WGS,296,926488054,PRJNA1119915,SAMN41664321,Pathogen.cl,403825397,"FIND, THE FOUNDATION FOR INNOVATIVE NEW DIAGNOSTICS",missing,missing,2019-01,public,"fastq,run.zq,sra","gs,ncbi,s3","gs.us-east1,ncbi.public,s3.us-east-1",SRX24791399,Romania,Europe,Romania,tuberculosis,Homo sapiens,EUST14301,Illumina HiSeq 2000,missing,missing,EUST14301,PAIRED,RANDOM,GENOMIC,Mycobacterium tuberculosis,ILLUMINA,2024-06-04T00:00:00Z,2024-06-04T09:43:00Z,1,EUST14301,SRP511583,not applicable
SRR29274150,WGS,294,616279875,PRJNA1119915,SAMN41664168,Pathogen.cl,267301321,"FIND, THE FOUNDATION FOR INNOVATIVE NEW DIAGNOSTICS",missing,missing,2017-06,public,"fastq,run.zq,sra","gs,ncbi,s3","gs.us-east1,ncbi.public,s3.us-east-1",SRX24791398,Romania,Europe,Romania,tuberculosis,Homo sapiens,EUST10879,Illumina HiSeq 2000,missing,missing,EUST10879,PAIRED,RANDOM,GENOMIC,Mycobacterium tuberculosis,ILLUMINA,2024-06-05T00:00:00Z,2024-06-04T09:43:00Z,1,EUST10879,SRP511583,not applicable
SRR29274151,WGS,287,868948904,PRJNA1119915,SAMN41664320,Pathogen.cl,376397572,"FIND, THE FOUNDATION FOR INNOVATIVE NEW DIAGNOSTICS",missing,missing,2019-01,public,"fastq,run.zq,sra","gs,ncbi,s3","gs.us-east1,ncbi.public,s3.us-east-1",SRX24791397,Romania,Europe,Romania,tuberculosis,Homo sapiens,EUST14299,Illumina HiSeq 2000,missing,missing,EUST14299,PAIRED,RANDOM,GENOMIC,Mycobacterium tuberculosis,ILLUMINA,2024-06-04T00:00:00Z,2024-06-04T09:43:00Z,1,EUST14299,SRP511583,not applicable
SRR29274152,WGS,296,921681422,PRJNA1119915,SAMN41664319,Pathogen.cl,400238754,"FIND, THE FOUNDATION FOR INNOVATIVE NEW DIAGNOSTICS",missing,missing,2019-01,public,"fastq,run.zq,sra","gs,ncbi,s3","gs.us-east1,ncbi.public,s3.us-east-1",SRX24791396,Romania,Europe,Romania,tuberculosis,Homo sapiens,EUST14285,Illumina HiSeq 2000,missing,missing,EUST14285,PAIRED,RANDOM,GENOMIC,Mycobacterium tuberculosis,ILLUMINA,2024-06-05T00:00:00Z,2024-06-04T09:43:00Z,1,EUST14285,SRP511583,not applicable
SRR29274153,WGS,296,747136190,PRJNA1119915,SAMN41664318,Pathogen.cl,326282164,"FIND, THE FOUNDATION FOR INNOVATIVE NEW DIAGNOSTICS",missing,missing,2019-01,public,"fastq,run.zq,sra","gs,ncbi,s3","gs.us-east1,ncbi.public,s3.us-east-1",SRX24791395,Romania,Europe,Romania,tuberculosis,Homo sapiens,EUST14270,Illumina HiSeq 2000,missing,missing,EUST14270,PAIRED,RANDOM,GENOMIC,Mycobacterium tuberculosis,ILLUMINA,2024-06-04T00:00:00Z,2024-06-04T09:43:00Z,1,EUST14270,SRP511583,not applicable
SRR29274154,WGS,296,739924349,PRJNA1119915,SAMN41664317,Pathogen.cl,322669879,"FIND, THE FOUNDATION FOR INNOVATIVE NEW DIAGNOSTICS",missing,missing,2019-02,public,"fastq,run.zq,sra","gs,ncbi,s3","gs.us-east1,ncbi.public,s3.us-east-1",SRX24791394,Romania,Europe,Romania,tuberculosis,Homo sapiens,EUST14264,Illumina HiSeq 2000,missing,missing,EUST14264,PAIRED,RANDOM,GENOMIC,Mycobacterium tuberculosis,ILLUMINA,2024-06-05T00:00:00Z,2024-06-04T09:43:00Z,1,EUST14264,SRP511583,not applicable
SRR29274155,WGS,294,823721128,PRJNA1119915,SAMN41664316,Pathogen.cl,349353244,"FIND, THE FOUNDATION FOR INNOVATIVE NEW DIAGNOSTICS",missing,missing,2019-01,public,"fastq,run.zq,sra","gs,ncbi,s3","gs.us-east1,ncbi.public,s3.us-east-1",SRX24791393,Romania,Europe,Romania,tuberculosis,Homo sapiens,EUST14257,Illumina HiSeq 2000,missing,missing,EUST14257,PAIRED,RANDOM,GENOMIC,Mycobacterium tuberculosis,ILLUMINA,2024-06-05T00:00:00Z,2024-06-04T09:43:00Z,1,EUST14257,SRP511583,not applicable
SRR29274156,WGS,296,820598064,PRJNA1119915,SAMN41664315,Pathogen.cl,348504621,"FIND, THE FOUNDATION FOR INNOVATIVE NEW DIAGNOSTICS",missing,missing,2018-12,public,"fastq,run.zq,sra","gs,ncbi,s3","gs.us-east1,ncbi.public,s3.us-east-1",SRX24791392,Romania,Europe,Romania,tuberculosis,Homo sapiens,EUST14249,Illumina HiSeq 2000,missing,missing,EUST14249,PAIRED,RANDOM,GENOMIC,Mycobacterium tuberculosis,ILLUMINA,2024-06-05T00:00:00Z,2024-06-04T09:43:00Z,1,EUST14249,SRP511583,not applicable
SRR29274157,WGS,297,773444659,PRJNA1119915,SAMN41664314,Pathogen.cl,325563095,"FIND, THE FOUNDATION FOR INNOVATIVE NEW DIAGNOSTICS",missing,missing,2018-12,public,"fastq,run.zq,sra","gs,ncbi,s3","gs.us-east1,ncbi.public,s3.us-east-1",SRX24791391,Romania,Europe,Romania,tuberculosis,Homo sapiens,EUST14230,Illumina HiSeq 2000,missing,missing,EUST14230,PAIRED,RANDOM,GENOMIC,Mycobacterium tuberculosis,ILLUMINA,2024-06-04T00:00:00Z,2024-06-04T09:43:00Z,1,EUST14230,SRP511583,not applicable
SRR29274158,WGS,295,835918604,PRJNA1119915,SAMN41664313,Pathogen.cl,354109835,"FIND, THE FOUNDATION FOR INNOVATIVE NEW DIAGNOSTICS",missing,missing,2019-01,public,"fastq,run.zq,sra","gs,ncbi,s3","gs.us-east1,ncbi.public,s3.us-east-1",SRX24791390,Romania,Europe,Romania,tuberculosis,Homo sapiens,EUST14220,Illumina HiSeq 2000,missing,missing,EUST14220,PAIRED,RANDOM,GENOMIC,Mycobacterium tuberculosis,ILLUMINA,2024-06-04T00:00:00Z,2024-06-04T09:43:00Z,1,EUST14220,SRP511583,not applicable
SRR29274159,WGS,294,921312679,PRJNA1119915,SAMN41664312,Pathogen.cl,387464900,"FIND, THE FOUNDATION FOR INNOVATIVE NEW DIAGNOSTICS",missing,missing,2019-01,public,"fastq,run.zq,sra","gs,ncbi,s3","gs.us-east1,ncbi.public,s3.us-east-1",SRX24791389,Romania,Europe,Romania,tuberculosis,Homo sapiens,EUST14219,Illumina HiSeq 2000,missing,missing,EUST14219,PAIRED,RANDOM,GENOMIC,Mycobacterium tuberculosis,ILLUMINA,2024-06-05T00:00:00Z,2024-06-04T09:43:00Z,1,EUST14219,SRP511583,not applicable
SRR29274160,WGS,296,946635240,PRJNA1119915,SAMN41664311,Pathogen.cl,399304348,"FIND, THE FOUNDATION FOR INNOVATIVE NEW DIAGNOSTICS",missing,missing,2019-01,public,"fastq,run.zq,sra","gs,ncbi,s3","gs.us-east1,ncbi.public,s3.us-east-1",SRX24791388,Romania,Europe,Romania,tuberculosis,Homo sapiens,EUST14207,Illumina HiSeq 2000,missing,missing,EUST14207,PAIRED,RANDOM,GENOMIC,Mycobacterium tuberculosis,ILLUMINA,2024-06-04T00:00:00Z,2024-06-04T09:43:00Z,1,EUST14207,SRP511583,not applicable
SRR29274161,WGS,297,853508168,PRJNA1119915,SAMN41664167,Pathogen.cl,333524895,"FIND, THE FOUNDATION FOR INNOVATIVE NEW DIAGNOSTICS",missing,missing,2017-05,public,"fastq,run.zq,sra","gs,ncbi,s3","gs.us-east1,ncbi.public,s3.us-east-1",SRX24791387,Romania,Europe,Romania,tuberculosis,Homo sapiens,EUST10865,Illumina HiSeq 2000,missing,missing,EUST10865,PAIRED,RANDOM,GENOMIC,Mycobacterium tuberculosis,ILLUMINA,2024-06-04T00:00:00Z,2024-06-04T09:43:00Z,1,EUST10865,SRP511583,not applicable
SRR29274162,WGS,297,519896965,PRJNA1119915,SAMN41664742,Pathogen.cl,226514755,"FIND, THE FOUNDATION FOR INNOVATIVE NEW DIAGNOSTICS",missing,missing,2019-05,public,"fastq,run.zq,sra","gs,ncbi,s3","gs.us-east1,ncbi.public,s3.us-east-1",SRX24791386,Romania,Europe,Romania,tuberculosis,Homo sapiens,EUST21289,Illumina HiSeq 2000,missing,missing,EUST21289,PAIRED,RANDOM,GENOMIC,Mycobacterium tuberculosis,ILLUMINA,2024-06-04T00:00:00Z,2024-06-04T09:43:00Z,1,EUST21289,SRP511583,not applicable
SRR29274163,WGS,298,561747005,PRJNA1119915,SAMN41664741,Pathogen.cl,239970146,"FIND, THE FOUNDATION FOR INNOVATIVE NEW DIAGNOSTICS",missing,missing,2019-05,public,"fastq,run.zq,sra","gs,ncbi,s3","gs.us-east1,ncbi.public,s3.us-east-1",SRX24791385,Romania,Europe,Romania,tuberculosis,Homo sapiens,EUST21272,Illumina HiSeq 2000,missing,missing,EUST21272,PAIRED,RANDOM,GENOMIC,Mycobacterium tuberculosis,ILLUMINA,2024-06-04T00:00:00Z,2024-06-04T09:42:00Z,1,EUST21272,SRP511583,not applicable
SRR29274164,WGS,289,1014843902,PRJNA1119915,SAMN41664210,Pathogen.cl,404565292,"FIND, THE FOUNDATION FOR INNOVATIVE NEW DIAGNOSTICS",missing,missing,2017-08,public,"fastq,run.zq,sra","gs,ncbi,s3","gs.us-east1,ncbi.public,s3.us-east-1",SRX24791384,Romania,Europe,Romania,tuberculosis,Homo sapiens,EUST11309,Illumina HiSeq 2000,missing,missing,EUST11309,PAIRED,RANDOM,GENOMIC,Mycobacterium tuberculosis,ILLUMINA,2024-06-04T00:00:00Z,2024-06-04T09:43:00Z,1,EUST11309,SRP511583,not applicable
SRR29274165,WGS,295,380994135,PRJNA1119915,SAMN41664740,Pathogen.cl,168331039,"FIND, THE FOUNDATION FOR INNOVATIVE NEW DIAGNOSTICS",missing,missing,2019-07,public,"fastq,run.zq,sra","gs,ncbi,s3","gs.us-east1,ncbi.public,s3.us-east-1",SRX24791383,Romania,Europe,Romania,tuberculosis,Homo sapiens,EUST21264,Illumina HiSeq 2000,missing,missing,EUST21264,PAIRED,RANDOM,GENOMIC,Mycobacterium tuberculosis,ILLUMINA,2024-06-04T00:00:00Z,2024-06-04T09:43:00Z,1,EUST21264,SRP511583,not applicable
SRR29274166,WGS,299,626507382,PRJNA1119915,SAMN41664739,Pathogen.cl,267134954,"FIND, THE FOUNDATION FOR INNOVATIVE NEW DIAGNOSTICS",missing,missing,2019-01,public,"fastq,run.zq,sra","gs,ncbi,s3","gs.us-east1,ncbi.public,s3.us-east-1",SRX24791382,Romania,Europe,Romania,tuberculosis,Homo sapiens,EUST21255,Illumina HiSeq 2000,missing,missing,EUST21255,PAIRED,RANDOM,GENOMIC,Mycobacterium tuberculosis,ILLUMINA,2024-06-04T00:00:00Z,2024-06-04T09:43:00Z,1,EUST21255,SRP511583,not applicable
SRR29274167,WGS,297,1298097452,PRJNA1119915,SAMN41664738,Pathogen.cl,545139893,"FIND, THE FOUNDATION FOR INNOVATIVE NEW DIAGNOSTICS",missing,missing,2019-05,public,"fastq,run.zq,sra","gs,ncbi,s3","gs.us-east1,ncbi.public,s3.us-east-1",SRX24791381,Romania,Europe,Romania,tuberculosis,Homo sapiens,EUST21245,Illumina HiSeq 2000,missing,missing,EUST21245,PAIRED,RANDOM,GENOMIC,Mycobacterium tuberculosis,ILLUMINA,2024-06-04T00:00:00Z,2024-06-04T09:43:00Z,1,EUST21245,SRP511583,not applicable
SRR29274168,WGS,296,1569614988,PRJNA1119915,SAMN41664737,Pathogen.cl,663848222,"FIND, THE FOUNDATION FOR INNOVATIVE NEW DIAGNOSTICS",missing,missing,2019-04,public,"fastq,run.zq,sra","gs,ncbi,s3","gs.us-east1,ncbi.public,s3.us-east-1",SRX24791380,Romania,Europe,Romania,tuberculosis,Homo sapiens,EUST21234,Illumina HiSeq 2000,missing,missing,EUST21234,PAIRED,RANDOM,GENOMIC,Mycobacterium tuberculosis,ILLUMINA,2024-06-04T00:00:00Z,2024-06-04T09:44:00Z,1,EUST21234,SRP511583,not applicable
SRR29274169,WGS,296,734770305,PRJNA1119915,SAMN41664736,Pathogen.cl,321390484,"FIND, THE FOUNDATION FOR INNOVATIVE NEW DIAGNOSTICS",missing,missing,2019-05,public,"fastq,run.zq,sra","gs,ncbi,s3","gs.us-east1,ncbi.public,s3.us-east-1",SRX24791379,Romania,Europe,Romania,tuberculosis,Homo sapiens,EUST21222,Illumina HiSeq 2000,missing,missing,EUST21222,PAIRED,RANDOM,GENOMIC,Mycobacterium tuberculosis,ILLUMINA,2024-06-05T00:00:00Z,2024-06-04T09:43:00Z,1,EUST21222,SRP511583,not applicable
SRR29274170,WGS,298,671579680,PRJNA1119915,SAMN41664735,Pathogen.cl,282437636,"FIND, THE FOUNDATION FOR INNOVATIVE NEW DIAGNOSTICS",missing,missing,2017-03,public,"fastq,run.zq,sra","gs,ncbi,s3","gs.us-east1,ncbi.public,s3.us-east-1",SRX24791378,Romania,Europe,Romania,tuberculosis,Homo sapiens,EUST21219,Illumina HiSeq 2000,missing,missing,EUST21219,PAIRED,RANDOM,GENOMIC,Mycobacterium tuberculosis,ILLUMINA,2024-06-04T00:00:00Z,2024-06-04T09:43:00Z,1,EUST21219,SRP511583,not applicable
SRR29274171,WGS,296,550461056,PRJNA1119915,SAMN41664734,Pathogen.cl,233250550,"FIND, THE FOUNDATION FOR INNOVATIVE NEW DIAGNOSTICS",missing,missing,2017-03,public,"fastq,run.zq,sra","gs,ncbi,s3","gs.us-east1,ncbi.public,s3.us-east-1",SRX24791377,Romania,Europe,Romania,tuberculosis,Homo sapiens,EUST21205,Illumina HiSeq 2000,missing,missing,EUST21205,PAIRED,RANDOM,GENOMIC,Mycobacterium tuberculosis,ILLUMINA,2024-06-04T00:00:00Z,2024-06-04T09:43:00Z,1,EUST21205,SRP511583,not applicable
SRR29274172,WGS,298,555962083,PRJNA1119915,SAMN41664733,Pathogen.cl,236003977,"FIND, THE FOUNDATION FOR INNOVATIVE NEW DIAGNOSTICS",missing,missing,2017-02,public,"fastq,run.zq,sra","gs,ncbi,s3","gs.us-east1,ncbi.public,s3.us-east-1",SRX24791376,Romania,Europe,Romania,tuberculosis,Homo sapiens,EUST21190,Illumina HiSeq 2000,missing,missing,EUST21190,PAIRED,RANDOM,GENOMIC,Mycobacterium tuberculosis,ILLUMINA,2024-06-04T00:00:00Z,2024-06-04T09:42:00Z,1,EUST21190,SRP511583,not applicable
SRR29274173,WGS,293,592401276,PRJNA1119915,SAMN41664732,Pathogen.cl,254950500,"FIND, THE FOUNDATION FOR INNOVATIVE NEW DIAGNOSTICS",missing,missing,2017-02,public,"fastq,run.zq,sra","gs,ncbi,s3","gs.us-east1,ncbi.public,s3.us-east-1",SRX24791375,Romania,Europe,Romania,tuberculosis,Homo sapiens,EUST21183,Illumina HiSeq 2000,missing,missing,EUST21183,PAIRED,RANDOM,GENOMIC,Mycobacterium tuberculosis,ILLUMINA,2024-06-04T00:00:00Z,2024-06-04T09:43:00Z,1,EUST21183,SRP511583,not applicable
SRR29274174,WGS,297,617391231,PRJNA1119915,SAMN41664731,Pathogen.cl,260334008,"FIND, THE FOUNDATION FOR INNOVATIVE NEW DIAGNOSTICS",missing,missing,2017-01,public,"fastq,run.zq,sra","gs,ncbi,s3","gs.us-east1,ncbi.public,s3.us-east-1",SRX24791374,Romania,Europe,Romania,tuberculosis,Homo sapiens,EUST21175,Illumina HiSeq 2000,missing,missing,EUST21175,PAIRED,RANDOM,GENOMIC,Mycobacterium tuberculosis,ILLUMINA,2024-06-05T00:00:00Z,2024-06-04T09:43:00Z,1,EUST21175,SRP511583,not applicable
SRR29274175,WGS,293,740112312,PRJNA1119915,SAMN41664209,Pathogen.cl,283053629,"FIND, THE FOUNDATION FOR INNOVATIVE NEW DIAGNOSTICS",missing,missing,2017-08,public,"fastq,run.zq,sra","gs,ncbi,s3","gs.us-east1,ncbi.public,s3.us-east-1",SRX24791373,Romania,Europe,Romania,tuberculosis,Homo sapiens,EUST11294,Illumina HiSeq 2000,missing,missing,EUST11294,PAIRED,RANDOM,GENOMIC,Mycobacterium tuberculosis,ILLUMINA,2024-06-04T00:00:00Z,2024-06-04T09:43:00Z,1,EUST11294,SRP511583,not applicable
SRR29274176,WGS,293,492305972,PRJNA1119915,SAMN41664730,Pathogen.cl,207358852,"FIND, THE FOUNDATION FOR INNOVATIVE NEW DIAGNOSTICS",missing,missing,2017-02,public,"fastq,run.zq,sra","gs,ncbi,s3","gs.us-east1,ncbi.public,s3.us-east-1",SRX24791372,Romania,Europe,Romania,tuberculosis,Homo sapiens,EUST21166,Illumina HiSeq 2000,missing,missing,EUST21166,PAIRED,RANDOM,GENOMIC,Mycobacterium tuberculosis,ILLUMINA,2024-06-04T00:00:00Z,2024-06-04T09:43:00Z,1,EUST21166,SRP511583,not applicable
SRR29274177,WGS,297,564414823,PRJNA1119915,SAMN41664729,Pathogen.cl,240245763,"FIND, THE FOUNDATION FOR INNOVATIVE NEW DIAGNOSTICS",missing,missing,2017-01,public,"fastq,run.zq,sra","gs,ncbi,s3","gs.us-east1,ncbi.public,s3.us-east-1",SRX24791371,Romania,Europe,Romania,tuberculosis,Homo sapiens,EUST21156,Illumina HiSeq 2000,missing,missing,EUST21156,PAIRED,RANDOM,GENOMIC,Mycobacterium tuberculosis,ILLUMINA,2024-06-05T00:00:00Z,2024-06-04T09:42:00Z,1,EUST21156,SRP511583,not applicable
SRR29274178,WGS,298,547416584,PRJNA1119915,SAMN41664728,Pathogen.cl,232927387,"FIND, THE FOUNDATION FOR INNOVATIVE NEW DIAGNOSTICS",missing,missing,2017-01,public,"fastq,run.zq,sra","gs,ncbi,s3","gs.us-east1,ncbi.public,s3.us-east-1",SRX24791370,Romania,Europe,Romania,tuberculosis,Homo sapiens,EUST21145,Illumina HiSeq 2000,missing,missing,EUST21145,PAIRED,RANDOM,GENOMIC,Mycobacterium tuberculosis,ILLUMINA,2024-06-04T00:00:00Z,2024-06-04T09:43:00Z,1,EUST21145,SRP511583,not applicable
SRR29274179,WGS,298,591178342,PRJNA1119915,SAMN41664727,Pathogen.cl,249856094,"FIND, THE FOUNDATION FOR INNOVATIVE NEW DIAGNOSTICS",missing,missing,2017-02,public,"fastq,run.zq,sra","gs,ncbi,s3","gs.us-east1,ncbi.public,s3.us-east-1",SRX24791369,Romania,Europe,Romania,tuberculosis,Homo sapiens,EUST21133,Illumina HiSeq 2000,missing,missing,EUST21133,PAIRED,RANDOM,GENOMIC,Mycobacterium tuberculosis,ILLUMINA,2024-06-05T00:00:00Z,2024-06-04T09:43:00Z,1,EUST21133,SRP511583,not applicable
SRR29274180,WGS,298,602183466,PRJNA1119915,SAMN41664726,Pathogen.cl,255164666,"FIND, THE FOUNDATION FOR INNOVATIVE NEW DIAGNOSTICS",missing,missing,2017-02,public,"fastq,run.zq,sra","gs,ncbi,s3","gs.us-east1,ncbi.public,s3.us-east-1",SRX24791368,Romania,Europe,Romania,tuberculosis,Homo sapiens,EUST21120,Illumina HiSeq 2000,missing,missing,EUST21120,PAIRED,RANDOM,GENOMIC,Mycobacterium tuberculosis,ILLUMINA,2024-06-04T00:00:00Z,2024-06-04T09:43:00Z,1,EUST21120,SRP511583,not applicable
SRR29274181,WGS,297,584366746,PRJNA1119915,SAMN41664725,Pathogen.cl,250155779,"FIND, THE FOUNDATION FOR INNOVATIVE NEW DIAGNOSTICS",missing,missing,2017-01,public,"fastq,run.zq,sra","gs,ncbi,s3","gs.us-east1,ncbi.public,s3.us-east-1",SRX24791367,Romania,Europe,Romania,tuberculosis,Homo sapiens,EUST21116,Illumina HiSeq 2000,missing,missing,EUST21116,PAIRED,RANDOM,GENOMIC,Mycobacterium tuberculosis,ILLUMINA,2024-06-04T00:00:00Z,2024-06-04T09:43:00Z,1,EUST21116,SRP511583,not applicable
SRR29274182,WGS,298,575123734,PRJNA1119915,SAMN41664724,Pathogen.cl,246767244,"FIND, THE FOUNDATION FOR INNOVATIVE NEW DIAGNOSTICS",missing,missing,2017-01,public,"fastq,run.zq,sra","gs,ncbi,s3","gs.us-east1,ncbi.public,s3.us-east-1",SRX24791366,Romania,Europe,Romania,tuberculosis,Homo sapiens,EUST21101,Illumina HiSeq 2000,missing,missing,EUST21101,PAIRED,RANDOM,GENOMIC,Mycobacterium tuberculosis,ILLUMINA,2024-06-04T00:00:00Z,2024-06-04T09:42:00Z,1,EUST21101,SRP511583,not applicable
SRR29274183,WGS,298,644114411,PRJNA1119915,SAMN41664723,Pathogen.cl,267713568,"FIND, THE FOUNDATION FOR INNOVATIVE NEW DIAGNOSTICS",missing,missing,2017-02,public,"fastq,run.zq,sra","gs,ncbi,s3","gs.us-east1,ncbi.public,s3.us-east-1",SRX24791365,Romania,Europe,Romania,tuberculosis,Homo sapiens,EUST21095,Illumina HiSeq 2000,missing,missing,EUST21095,PAIRED,RANDOM,GENOMIC,Mycobacterium tuberculosis,ILLUMINA,2024-06-04T00:00:00Z,2024-06-04T09:42:00Z,1,EUST21095,SRP511583,not applicable
SRR29274184,WGS,297,576085927,PRJNA1119915,SAMN41664722,Pathogen.cl,242926418,"FIND, THE FOUNDATION FOR INNOVATIVE NEW DIAGNOSTICS",missing,missing,2017-03,public,"fastq,run.zq,sra","gs,ncbi,s3","gs.us-east1,ncbi.public,s3.us-east-1",SRX24791364,Romania,Europe,Romania,tuberculosis,Homo sapiens,EUST21087,Illumina HiSeq 2000,missing,missing,EUST21087,PAIRED,RANDOM,GENOMIC,Mycobacterium tuberculosis,ILLUMINA,2024-06-04T00:00:00Z,2024-06-04T09:42:00Z,1,EUST21087,SRP511583,not applicable
SRR29274185,WGS,297,596562452,PRJNA1119915,SAMN41664721,Pathogen.cl,250916518,"FIND, THE FOUNDATION FOR INNOVATIVE NEW DIAGNOSTICS",missing,missing,2017-04,public,"fastq,run.zq,sra","gs,ncbi,s3","gs.us-east1,ncbi.public,s3.us-east-1",SRX24791363,Romania,Europe,Romania,tuberculosis,Homo sapiens,EUST21078,Illumina HiSeq 2000,missing,missing,EUST21078,PAIRED,RANDOM,GENOMIC,Mycobacterium tuberculosis,ILLUMINA,2024-06-05T00:00:00Z,2024-06-04T09:42:00Z,1,EUST21078,SRP511583,not applicable
SRR29274186,WGS,297,796200700,PRJNA1119915,SAMN41664208,Pathogen.cl,341940180,"FIND, THE FOUNDATION FOR INNOVATIVE NEW DIAGNOSTICS",missing,missing,2017-07,public,"fastq,run.zq,sra","gs,ncbi,s3","gs.us-east1,ncbi.public,s3.us-east-1",SRX24791362,Romania,Europe,Romania,tuberculosis,Homo sapiens,EUST11287,Illumina HiSeq 2000,missing,missing,EUST11287,PAIRED,RANDOM,GENOMIC,Mycobacterium tuberculosis,ILLUMINA,2024-06-04T00:00:00Z,2024-06-04T09:43:00Z,1,EUST11287,SRP511583,not applicable
SRR29274187,WGS,293,708144945,PRJNA1119915,SAMN41664720,Pathogen.cl,302327427,"FIND, THE FOUNDATION FOR INNOVATIVE NEW DIAGNOSTICS",missing,missing,2017-03,public,"fastq,run.zq,sra","gs,ncbi,s3","gs.us-east1,ncbi.public,s3.us-east-1",SRX24791361,Romania,Europe,Romania,tuberculosis,Homo sapiens,EUST21068,Illumina HiSeq 2000,missing,missing,EUST21068,PAIRED,RANDOM,GENOMIC,Mycobacterium tuberculosis,ILLUMINA,2024-06-05T00:00:00Z,2024-06-04T09:42:00Z,1,EUST21068,SRP511583,not applicable
SRR29274188,WGS,297,758494463,PRJNA1119915,SAMN41664719,Pathogen.cl,318955976,"FIND, THE FOUNDATION FOR INNOVATIVE NEW DIAGNOSTICS",missing,missing,2017-03,public,"fastq,run.zq,sra","gs,ncbi,s3","gs.us-east1,ncbi.public,s3.us-east-1",SRX24791360,Romania,Europe,Romania,tuberculosis,Homo sapiens,EUST21057,Illumina HiSeq 2000,missing,missing,EUST21057,PAIRED,RANDOM,GENOMIC,Mycobacterium tuberculosis,ILLUMINA,2024-06-04T00:00:00Z,2024-06-04T09:43:00Z,1,EUST21057,SRP511583,not applicable
SRR29274189,WGS,296,801511916,PRJNA1119915,SAMN41664718,Pathogen.cl,339447044,"FIND, THE FOUNDATION FOR INNOVATIVE NEW DIAGNOSTICS",missing,missing,2017-03,public,"fastq,run.zq,sra","gs,ncbi,s3","gs.us-east1,ncbi.public,s3.us-east-1",SRX24791359,Romania,Europe,Romania,tuberculosis,Homo sapiens,EUST21045,Illumina HiSeq 2000,missing,missing,EUST21045,PAIRED,RANDOM,GENOMIC,Mycobacterium tuberculosis,ILLUMINA,2024-06-04T00:00:00Z,2024-06-04T09:43:00Z,1,EUST21045,SRP511583,not applicable
SRR29274190,WGS,297,616927294,PRJNA1119915,SAMN41664717,Pathogen.cl,260643320,"FIND, THE FOUNDATION FOR INNOVATIVE NEW DIAGNOSTICS",missing,missing,2017-01,public,"fastq,run.zq,sra","gs,ncbi,s3","gs.us-east1,ncbi.public,s3.us-east-1",SRX24791358,Romania,Europe,Romania,tuberculosis,Homo sapiens,EUST21032,Illumina HiSeq 2000,missing,missing,EUST21032,PAIRED,RANDOM,GENOMIC,Mycobacterium tuberculosis,ILLUMINA,2024-06-04T00:00:00Z,2024-06-04T09:43:00Z,1,EUST21032,SRP511583,not applicable
SRR29274191,WGS,293,888487844,PRJNA1119915,SAMN41664716,Pathogen.cl,370797568,"FIND, THE FOUNDATION FOR INNOVATIVE NEW DIAGNOSTICS",missing,missing,2017-01,public,"fastq,run.zq,sra","gs,ncbi,s3","gs.us-east1,ncbi.public,s3.us-east-1",SRX24791357,Romania,Europe,Romania,tuberculosis,Homo sapiens,EUST21028,Illumina HiSeq 2000,missing,missing,EUST21028,PAIRED,RANDOM,GENOMIC,Mycobacterium tuberculosis,ILLUMINA,2024-06-04T00:00:00Z,2024-06-04T09:43:00Z,1,EUST21028,SRP511583,not applicable
SRR29274192,WGS,297,582735726,PRJNA1119915,SAMN41664715,Pathogen.cl,245774097,"FIND, THE FOUNDATION FOR INNOVATIVE NEW DIAGNOSTICS",missing,missing,2017-04,public,"fastq,run.zq,sra","gs,ncbi,s3","gs.us-east1,ncbi.public,s3.us-east-1",SRX24791356,Romania,Europe,Romania,tuberculosis,Homo sapiens,EUST21013,Illumina HiSeq 2000,missing,missing,EUST21013,PAIRED,RANDOM,GENOMIC,Mycobacterium tuberculosis,ILLUMINA,2024-06-04T00:00:00Z,2024-06-04T09:43:00Z,1,EUST21013,SRP511583,not applicable
SRR29274193,WGS,296,716222977,PRJNA1119915,SAMN41664714,Pathogen.cl,303037850,"FIND, THE FOUNDATION FOR INNOVATIVE NEW DIAGNOSTICS",missing,missing,2017-04,public,"fastq,run.zq,sra","gs,ncbi,s3","gs.us-east1,ncbi.public,s3.us-east-1",SRX24791355,Romania,Europe,Romania,tuberculosis,Homo sapiens,EUST21007,Illumina HiSeq 2000,missing,missing,EUST21007,PAIRED,RANDOM,GENOMIC,Mycobacterium tuberculosis,ILLUMINA,2024-06-05T00:00:00Z,2024-06-04T09:42:00Z,1,EUST21007,SRP511583,not applicable
SRR29274194,WGS,290,438134016,PRJNA1119915,SAMN41664569,Pathogen.cl,213522525,"FIND, THE FOUNDATION FOR INNOVATIVE NEW DIAGNOSTICS",missing,missing,2018-05,public,"fastq,run.zq,sra","gs,ncbi,s3","gs.us-east1,ncbi.public,s3.us-east-1",SRX24791354,Romania,Europe,Romania,tuberculosis,Homo sapiens,EUST17685,Illumina HiSeq 2000,missing,missing,EUST17685,PAIRED,RANDOM,GENOMIC,Mycobacterium tuberculosis,ILLUMINA,2024-06-04T00:00:00Z,2024-06-04T09:42:00Z,1,EUST17685,SRP511583,not applicable
SRR29274195,WGS,292,429740969,PRJNA1119915,SAMN41664568,Pathogen.cl,209023785,"FIND, THE FOUNDATION FOR INNOVATIVE NEW DIAGNOSTICS",missing,missing,2018-06,public,"fastq,run.zq,sra","gs,ncbi,s3","gs.us-east1,ncbi.public,s3.us-east-1",SRX24791353,Romania,Europe,Romania,tuberculosis,Homo sapiens,EUST17677,Illumina HiSeq 2000,missing,missing,EUST17677,PAIRED,RANDOM,GENOMIC,Mycobacterium tuberculosis,ILLUMINA,2024-06-05T00:00:00Z,2024-06-04T09:43:00Z,1,EUST17677,SRP511583,not applicable
SRR29274196,WGS,296,503259395,PRJNA1119915,SAMN41664567,Pathogen.cl,243992676,"FIND, THE FOUNDATION FOR INNOVATIVE NEW DIAGNOSTICS",missing,missing,2018-06,public,"fastq,run.zq,sra","gs,ncbi,s3","gs.us-east1,ncbi.public,s3.us-east-1",SRX24791352,Romania,Europe,Romania,tuberculosis,Homo sapiens,EUST17668,Illumina HiSeq 2000,missing,missing,EUST17668,PAIRED,RANDOM,GENOMIC,Mycobacterium tuberculosis,ILLUMINA,2024-06-05T00:00:00Z,2024-06-04T09:42:00Z,1,EUST17668,SRP511583,not applicable
SRR29274197,WGS,293,357429298,PRJNA1119915,SAMN41664566,Pathogen.cl,178014994,"FIND, THE FOUNDATION FOR INNOVATIVE NEW DIAGNOSTICS",missing,missing,2018-04,public,"fastq,run.zq,sra","gs,ncbi,s3","gs.us-east1,ncbi.public,s3.us-east-1",SRX24791351,Romania,Europe,Romania,tuberculosis,Homo sapiens,EUST17658,Illumina HiSeq 2000,missing,missing,EUST17658,PAIRED,RANDOM,GENOMIC,Mycobacterium tuberculosis,ILLUMINA,2024-06-05T00:00:00Z,2024-06-04T09:42:00Z,1,EUST17658,SRP511583,not applicable
SRR29274198,WGS,291,509737941,PRJNA1119915,SAMN41664565,Pathogen.cl,247552944,"FIND, THE FOUNDATION FOR INNOVATIVE NEW DIAGNOSTICS",missing,missing,2018-04,public,"fastq,run.zq,sra","gs,ncbi,s3","gs.us-east1,ncbi.public,s3.us-east-1",SRX24791350,Romania,Europe,Romania,tuberculosis,Homo sapiens,EUST17647,Illumina HiSeq 2000,missing,missing,EUST17647,PAIRED,RANDOM,GENOMIC,Mycobacterium tuberculosis,ILLUMINA,2024-06-04T00:00:00Z,2024-06-04T09:42:00Z,1,EUST17647,SRP511583,not applicable
SRR29274199,WGS,293,438210414,PRJNA1119915,SAMN41664564,Pathogen.cl,212079556,"FIND, THE FOUNDATION FOR INNOVATIVE NEW DIAGNOSTICS",missing,missing,2018-05,public,"fastq,run.zq,sra","gs,ncbi,s3","gs.us-east1,ncbi.public,s3.us-east-1",SRX24791349,Romania,Europe,Romania,tuberculosis,Homo sapiens,EUST17635,Illumina HiSeq 2000,missing,missing,EUST17635,PAIRED,RANDOM,GENOMIC,Mycobacterium tuberculosis,ILLUMINA,2024-06-05T00:00:00Z,2024-06-04T09:42:00Z,1,EUST17635,SRP511583,not applicable
SRR29274200,WGS,294,382985208,PRJNA1119915,SAMN41664563,Pathogen.cl,186677775,"FIND, THE FOUNDATION FOR INNOVATIVE NEW DIAGNOSTICS",missing,missing,2018-04,public,"fastq,run.zq,sra","gs,ncbi,s3","gs.us-east1,ncbi.public,s3.us-east-1",SRX24791348,Romania,Europe,Romania,tuberculosis,Homo sapiens,EUST17622,Illumina HiSeq 2000,missing,missing,EUST17622,PAIRED,RANDOM,GENOMIC,Mycobacterium tuberculosis,ILLUMINA,2024-06-04T00:00:00Z,2024-06-04T09:42:00Z,1,EUST17622,SRP511583,not applicable
SRR29274201,WGS,290,368018362,PRJNA1119915,SAMN41664562,Pathogen.cl,179716987,"FIND, THE FOUNDATION FOR INNOVATIVE NEW DIAGNOSTICS",missing,missing,2018-05,public,"fastq,run.zq,sra","gs,ncbi,s3","gs.us-east1,ncbi.public,s3.us-east-1",SRX24791347,Romania,Europe,Romania,tuberculosis,Homo sapiens,EUST17618,Illumina HiSeq 2000,missing,missing,EUST17618,PAIRED,RANDOM,GENOMIC,Mycobacterium tuberculosis,ILLUMINA,2024-06-04T00:00:00Z,2024-06-04T09:42:00Z,1,EUST17618,SRP511583,not applicable
SRR29274202,WGS,297,396564875,PRJNA1119915,SAMN41664561,Pathogen.cl,193555351,"FIND, THE FOUNDATION FOR INNOVATIVE NEW DIAGNOSTICS",missing,missing,2018-06,public,"fastq,run.zq,sra","gs,ncbi,s3","gs.us-east1,ncbi.public,s3.us-east-1",SRX24791346,Romania,Europe,Romania,tuberculosis,Homo sapiens,EUST17603,Illumina HiSeq 2000,missing,missing,EUST17603,PAIRED,RANDOM,GENOMIC,Mycobacterium tuberculosis,ILLUMINA,2024-06-04T00:00:00Z,2024-06-04T09:42:00Z,1,EUST17603,SRP511583,not applicable
SRR29274203,WGS,293,599872614,PRJNA1119915,SAMN41664192,Pathogen.cl,232518330,"FIND, THE FOUNDATION FOR INNOVATIVE NEW DIAGNOSTICS",missing,missing,2017-07,public,"fastq,run.zq,sra","gs,ncbi,s3","gs.us-east1,ncbi.public,s3.us-east-1",SRX24791345,Romania,Europe,Romania,tuberculosis,Homo sapiens,EUST11117,Illumina HiSeq 2000,missing,missing,EUST11117,PAIRED,RANDOM,GENOMIC,Mycobacterium tuberculosis,ILLUMINA,2024-06-05T00:00:00Z,2024-06-04T09:42:00Z,1,EUST11117,SRP511583,not applicable
SRR29274204,WGS,291,452121225,PRJNA1119915,SAMN41664560,Pathogen.cl,220532486,"FIND, THE FOUNDATION FOR INNOVATIVE NEW DIAGNOSTICS",missing,missing,2018-06,public,"fastq,run.zq,sra","gs,ncbi,s3","gs.us-east1,ncbi.public,s3.us-east-1",SRX24791344,Romania,Europe,Romania,tuberculosis,Homo sapiens,EUST17597,Illumina HiSeq 2000,missing,missing,EUST17597,PAIRED,RANDOM,GENOMIC,Mycobacterium tuberculosis,ILLUMINA,2024-06-04T00:00:00Z,2024-06-04T09:42:00Z,1,EUST17597,SRP511583,not applicable
SRR29274205,WGS,298,382144557,PRJNA1119915,SAMN41664559,Pathogen.cl,186954784,"FIND, THE FOUNDATION FOR INNOVATIVE NEW DIAGNOSTICS",missing,missing,2018-05,public,"fastq,run.zq,sra","gs,ncbi,s3","gs.us-east1,ncbi.public,s3.us-east-1",SRX24791343,Romania,Europe,Romania,tuberculosis,Homo sapiens,EUST17589,Illumina HiSeq 2000,missing,missing,EUST17589,PAIRED,RANDOM,GENOMIC,Mycobacterium tuberculosis,ILLUMINA,2024-06-04T00:00:00Z,2024-06-04T09:42:00Z,1,EUST17589,SRP511583,not applicable
SRR29274206,WGS,294,398851626,PRJNA1119915,SAMN41664558,Pathogen.cl,193691025,"FIND, THE FOUNDATION FOR INNOVATIVE NEW DIAGNOSTICS",missing,missing,2018-05,public,"fastq,run.zq,sra","gs,ncbi,s3","gs.us-east1,ncbi.public,s3.us-east-1",SRX24791342,Romania,Europe,Romania,tuberculosis,Homo sapiens,EUST17570,Illumina HiSeq 2000,missing,missing,EUST17570,PAIRED,RANDOM,GENOMIC,Mycobacterium tuberculosis,ILLUMINA,2024-06-04T00:00:00Z,2024-06-04T09:42:00Z,1,EUST17570,SRP511583,not applicable
SRR29274207,WGS,297,337275009,PRJNA1119915,SAMN41664557,Pathogen.cl,164768079,"FIND, THE FOUNDATION FOR INNOVATIVE NEW DIAGNOSTICS",missing,missing,2018-05,public,"fastq,run.zq,sra","gs,ncbi,s3","gs.us-east1,ncbi.public,s3.us-east-1",SRX24791341,Romania,Europe,Romania,tuberculosis,Homo sapiens,EUST17560,Illumina HiSeq 2000,missing,missing,EUST17560,PAIRED,RANDOM,GENOMIC,Mycobacterium tuberculosis,ILLUMINA,2024-06-05T00:00:00Z,2024-06-04T09:42:00Z,1,EUST17560,SRP511583,not applicable
SRR29274208,WGS,297,455333600,PRJNA1119915,SAMN41664556,Pathogen.cl,221539208,"FIND, THE FOUNDATION FOR INNOVATIVE NEW DIAGNOSTICS",missing,missing,2018-06,public,"fastq,run.zq,sra","gs,ncbi,s3","gs.us-east1,ncbi.public,s3.us-east-1",SRX24791340,Romania,Europe,Romania,tuberculosis,Homo sapiens,EUST17559,Illumina HiSeq 2000,missing,missing,EUST17559,PAIRED,RANDOM,GENOMIC,Mycobacterium tuberculosis,ILLUMINA,2024-06-04T00:00:00Z,2024-06-04T09:42:00Z,1,EUST17559,SRP511583,not applicable
SRR29274209,WGS,291,535732556,PRJNA1119915,SAMN41664555,Pathogen.cl,259410424,"FIND, THE FOUNDATION FOR INNOVATIVE NEW DIAGNOSTICS",missing,missing,2018-05,public,"fastq,run.zq,sra","gs,ncbi,s3","gs.us-east1,ncbi.public,s3.us-east-1",SRX24791339,Romania,Europe,Romania,tuberculosis,Homo sapiens,EUST17547,Illumina HiSeq 2000,missing,missing,EUST17547,PAIRED,RANDOM,GENOMIC,Mycobacterium tuberculosis,ILLUMINA,2024-06-05T00:00:00Z,2024-06-04T09:42:00Z,1,EUST17547,SRP511583,not applicable
SRR29274210,WGS,287,500931905,PRJNA1119915,SAMN41664554,Pathogen.cl,243766337,"FIND, THE FOUNDATION FOR INNOVATIVE NEW DIAGNOSTICS",missing,missing,2018-04,public,"fastq,run.zq,sra","gs,ncbi,s3","gs.us-east1,ncbi.public,s3.us-east-1",SRX24791338,Romania,Europe,Romania,tuberculosis,Homo sapiens,EUST17534,Illumina HiSeq 2000,missing,missing,EUST17534,PAIRED,RANDOM,GENOMIC,Mycobacterium tuberculosis,ILLUMINA,2024-06-05T00:00:00Z,2024-06-04T09:42:00Z,1,EUST17534,SRP511583,not applicable
SRR29274211,WGS,286,512917511,PRJNA1119915,SAMN41664553,Pathogen.cl,248844284,"FIND, THE FOUNDATION FOR INNOVATIVE NEW DIAGNOSTICS",missing,missing,2018-05,public,"fastq,run.zq,sra","gs,ncbi,s3","gs.us-east1,ncbi.public,s3.us-east-1",SRX24791337,Romania,Europe,Romania,tuberculosis,Homo sapiens,EUST17520,Illumina HiSeq 2000,missing,missing,EUST17520,PAIRED,RANDOM,GENOMIC,Mycobacterium tuberculosis,ILLUMINA,2024-06-04T00:00:00Z,2024-06-04T09:42:00Z,1,EUST17520,SRP511583,not applicable
SRR29274212,WGS,294,506161875,PRJNA1119915,SAMN41664552,Pathogen.cl,244737357,"FIND, THE FOUNDATION FOR INNOVATIVE NEW DIAGNOSTICS",missing,missing,2018-04,public,"fastq,run.zq,sra","gs,ncbi,s3","gs.us-east1,ncbi.public,s3.us-east-1",SRX24791336,Romania,Europe,Romania,tuberculosis,Homo sapiens,EUST17515,Illumina HiSeq 2000,missing,missing,EUST17515,PAIRED,RANDOM,GENOMIC,Mycobacterium tuberculosis,ILLUMINA,2024-06-04T00:00:00Z,2024-06-04T09:42:00Z,1,EUST17515,SRP511583,not applicable
SRR29274213,WGS,291,419393459,PRJNA1119915,SAMN41664551,Pathogen.cl,204271161,"FIND, THE FOUNDATION FOR INNOVATIVE NEW DIAGNOSTICS",missing,missing,2018-03,public,"fastq,run.zq,sra","gs,ncbi,s3","gs.us-east1,ncbi.public,s3.us-east-1",SRX24791335,Romania,Europe,Romania,tuberculosis,Homo sapiens,EUST17509,Illumina HiSeq 2000,missing,missing,EUST17509,PAIRED,RANDOM,GENOMIC,Mycobacterium tuberculosis,ILLUMINA,2024-06-05T00:00:00Z,2024-06-04T09:42:00Z,1,EUST17509,SRP511583,not applicable
SRR29274214,WGS,297,320755877,PRJNA1119915,SAMN41664191,Pathogen.cl,130478728,"FIND, THE FOUNDATION FOR INNOVATIVE NEW DIAGNOSTICS",missing,missing,2017-04,public,"fastq,run.zq,sra","gs,ncbi,s3","gs.us-east1,ncbi.public,s3.us-east-1",SRX24791334,Romania,Europe,Romania,tuberculosis,Homo sapiens,EUST11101,Illumina HiSeq 2000,missing,missing,EUST11101,PAIRED,RANDOM,GENOMIC,Mycobacterium tuberculosis,ILLUMINA,2024-06-05T00:00:00Z,2024-06-04T09:43:00Z,1,EUST11101,SRP511583,not applicable
SRR29274215,WGS,286,506916823,PRJNA1119915,SAMN41664155,Pathogen.cl,221714053,"FIND, THE FOUNDATION FOR INNOVATIVE NEW DIAGNOSTICS",missing,missing,2017-04,public,"fastq,run.zq,sra","gs,ncbi,s3","gs.us-east1,ncbi.public,s3.us-east-1",SRX24791333,Romania,Europe,Romania,tuberculosis,Homo sapiens,EUST10744,Illumina HiSeq 2000,missing,missing,EUST10744,PAIRED,RANDOM,GENOMIC,Mycobacterium tuberculosis,ILLUMINA,2024-06-04T00:00:00Z,2024-06-04T09:43:00Z,1,EUST10744,SRP511583,not applicable
SRR29274216,WGS,291,395168532,PRJNA1119915,SAMN41664550,Pathogen.cl,192492890,"FIND, THE FOUNDATION FOR INNOVATIVE NEW DIAGNOSTICS",missing,missing,2018-03,public,"fastq,run.zq,sra","gs,ncbi,s3","gs.us-east1,ncbi.public,s3.us-east-1",SRX24791332,Romania,Europe,Romania,tuberculosis,Homo sapiens,EUST17492,Illumina HiSeq 2000,missing,missing,EUST17492,PAIRED,RANDOM,GENOMIC,Mycobacterium tuberculosis,ILLUMINA,2024-06-04T00:00:00Z,2024-06-04T09:42:00Z,1,EUST17492,SRP511583,not applicable
SRR29274217,WGS,292,432290631,PRJNA1119915,SAMN41664549,Pathogen.cl,210731846,"FIND, THE FOUNDATION FOR INNOVATIVE NEW DIAGNOSTICS",missing,missing,2018-05,public,"fastq,run.zq,sra","gs,ncbi,s3","gs.us-east1,ncbi.public,s3.us-east-1",SRX24791331,Romania,Europe,Romania,tuberculosis,Homo sapiens,EUST17483,Illumina HiSeq 2000,missing,missing,EUST17483,PAIRED,RANDOM,GENOMIC,Mycobacterium tuberculosis,ILLUMINA,2024-06-04T00:00:00Z,2024-06-04T09:42:00Z,1,EUST17483,SRP511583,not applicable
