variant,log2_pred_MIC,pred_MIC,effect,CC,Locus,confidence,ref_pred,fold_change,log2_fold_change,gene,drug
MT_H37Rv,-5.0672803,0.029826112,,0.25,Rv0678,,0.029826112,1.0,0.0,MT_H37Rv,Bedaquiline
Rv0678_c.108G>T,-5.0378733,0.030440308,synonymous_variant,0.25,Rv0678,4) Not assoc w R - Interim,0.029826112,1.0205925599689292,0.0294070297519508,Rv0678,Bedaquiline
Rv0678_c.111T>C,-5.063895,0.029896175,synonymous_variant,0.25,Rv0678,4) Not assoc w R - Interim,0.029826112,1.002349049048029,0.0033849872166102023,Rv0678,Bedaquiline
Rv0678_c.127C>T,-5.059382,0.029989848,synonymous_variant,0.25,Rv0678,4) Not assoc w R - Interim,0.029826112,1.0054896863526832,0.007898283508855186,Rv0678,Bedaquiline
Rv0678_c.138T>C,-5.056756,0.030044485,synonymous_variant,0.25,Rv0678,4) Not assoc w R - Interim,0.029826112,1.0073215375842484,0.010524265901691789,Rv0678,Bedaquiline
Rv0678_c.168G>A,-5.0565214,0.03004937,synonymous_variant,0.25,Rv0678,4) Not assoc w R - Interim,0.029826112,1.007485320245562,0.01075881784682047,Rv0678,Bedaquiline
Rv0678_c.195G>A,-5.0637765,0.029898636,synonymous_variant,0.25,Rv0678,4) Not assoc w R - Interim,0.029826112,1.0024315606405556,0.003503742420891462,Rv0678,Bedaquiline
Rv0678_c.297T>G,-5.055732,0.030065821,synonymous_variant,0.25,Rv0678,4) Not assoc w R - Interim,0.029826112,1.0080368839223832,0.011548427804480883,Rv0678,Bedaquiline
Rv0678_c.309C>T,-5.0841255,0.02947988,synonymous_variant,0.25,Rv0678,4) Not assoc w R - Interim,0.029826112,0.9883916482309193,-0.016845274737400773,Rv0678,Bedaquiline
Rv0678_c.318A>G,-5.0737205,0.029693265,synonymous_variant,0.25,Rv0678,4) Not assoc w R - Interim,0.029826112,0.9955459498039839,-0.0064401892635755215,Rv0678,Bedaquiline
Rv0678_c.363G>A,-5.060422,0.029968238,synonymous_variant,0.25,Rv0678,4) Not assoc w R - Interim,0.029826112,1.0047651534333406,0.006858335663169338,Rv0678,Bedaquiline
Rv0678_c.36C>T,-5.062991,0.029914917,synonymous_variant,0.25,Rv0678,4) Not assoc w R - Interim,0.029826112,1.0029774246137075,0.004289133602746107,Rv0678,Bedaquiline
Rv0678_c.384C>A,-5.0651755,0.029869657,synonymous_variant,0.25,Rv0678,4) Not assoc w R - Interim,0.029826112,1.0014599623309939,0.002104744364645996,Rv0678,Bedaquiline
Rv0678_c.390G>C,-5.088887,0.029382741,synonymous_variant,0.25,Rv0678,4) Not assoc w R - Interim,0.029826112,0.9851348040267536,-0.02160694108579515,Rv0678,Bedaquiline
Rv0678_c.408G>A,-5.0585046,0.030008093,synonymous_variant,0.25,Rv0678,4) Not assoc w R - Interim,0.029826112,1.0061013986670473,0.008775712680378911,Rv0678,Bedaquiline
Rv0678_c.435T>C,-5.077735,0.029610755,synonymous_variant,0.25,Rv0678,4) Not assoc w R - Interim,0.029826112,0.9927795818643744,-0.010454650496778385,Rv0678,Bedaquiline
Rv0678_c.441G>A,-5.0554733,0.030071208,synonymous_variant,0.25,Rv0678,4) Not assoc w R - Interim,0.029826112,1.0082174974733549,0.011806897447404353,Rv0678,Bedaquiline
Rv0678_c.447C>T,-4.813767,0.035555907,synonymous_variant,0.25,Rv0678,4) Not assoc w R - Interim,0.029826112,1.1921066681436723,0.25351333203897675,Rv0678,Bedaquiline
Rv0678_c.460C>T,-5.028208,0.03064493,synonymous_variant,0.25,Rv0678,4) Not assoc w R - Interim,0.029826112,1.0274530585816886,0.03907248276495992,Rv0678,Bedaquiline
Rv0678_c.87C>T,-5.047163,0.030244928,synonymous_variant,0.25,Rv0678,4) Not assoc w R - Interim,0.029826112,1.014041924069755,0.020117299675778508,Rv0678,Bedaquiline
Rv0678_p.Ala101Glu,-5.0356936,0.03048633,missense_variant,0.25,Rv0678,3) Uncertain significance,0.029826112,1.022135570335148,0.03158655995349661,Rv0678,Bedaquiline
Rv0678_p.Ala102Asp,-5.0463552,0.030261867,missense_variant,0.25,Rv0678,3) Uncertain significance,0.029826112,1.014609849248873,0.02092507050337034,Rv0678,Bedaquiline
Rv0678_p.Ala102Thr,-5.062511,0.029924875,missense_variant,0.25,Rv0678,3) Uncertain significance,0.029826112,1.0033112931380397,0.004769294274086479,Rv0678,Bedaquiline
Rv0678_p.Ala110Val,-5.060932,0.02995764,missense_variant,0.25,Rv0678,3) Uncertain significance,0.029826112,1.0044098272010782,0.006348049198856216,Rv0678,Bedaquiline
Rv0678_p.Ala112Pro,-5.0648146,0.029877132,missense_variant,0.25,Rv0678,3) Uncertain significance,0.029826112,1.001710581654089,0.002465739345879587,Rv0678,Bedaquiline
Rv0678_p.Ala112Ser,-5.055379,0.030073177,missense_variant,0.25,Rv0678,3) Uncertain significance,0.029826112,1.00828351345291,0.011901359018057271,Rv0678,Bedaquiline
Rv0678_p.Ala36Val,-4.9150767,0.033144727,missense_variant,0.25,Rv0678,2) Assoc w R - Interim,0.029826112,1.111265424068682,0.1522034434176725,Rv0678,Bedaquiline
Rv0678_p.Ala59Val,-5.0559387,0.03006151,missense_variant,0.25,Rv0678,3) Uncertain significance,0.029826112,1.0078923461428697,0.011341551556076267,Rv0678,Bedaquiline
Rv0678_p.Ala62Thr,-5.0439863,0.030311598,missense_variant,0.25,Rv0678,3) Uncertain significance,0.029826112,1.0162772137380829,0.023293985116349204,Rv0678,Bedaquiline
Rv0678_p.Ala84Val,-5.049693,0.030191932,missense_variant,0.25,Rv0678,3) Uncertain significance,0.029826112,1.0122650917424303,0.0175871521471518,Rv0678,Bedaquiline
Rv0678_p.Ala86Val,-5.0571985,0.03003527,missense_variant,0.25,Rv0678,3) Uncertain significance,0.029826112,1.007012580117717,0.010081706343782651,Rv0678,Bedaquiline
Rv0678_p.Ala99Pro,-5.046044,0.030268397,missense_variant,0.25,Rv0678,3) Uncertain significance,0.029826112,1.0148287849251019,0.02123634615396206,Rv0678,Bedaquiline
Rv0678_p.Arg105Ser,-5.094861,0.029261326,missense_variant,0.25,Rv0678,3) Uncertain significance,0.029826112,0.981064042138647,-0.027580778768910682,Rv0678,Bedaquiline
Rv0678_p.Arg107Cys,-1.7722796,0.2927458,missense_variant,0.25,Rv0678,3) Uncertain significance,0.029826112,9.815084178588211,3.2950006409477868,Rv0678,Bedaquiline
Rv0678_p.Arg107Leu,-1.7196248,0.30362767,missense_variant,0.25,Rv0678,3) Uncertain significance,0.029826112,10.179927910147995,3.347655439794071,Rv0678,Bedaquiline
Rv0678_p.Arg109Leu,-3.379099,0.09611471,missense_variant,0.25,Rv0678,3) Uncertain significance,0.029826112,3.2225021484530068,1.6881813204368767,Rv0678,Bedaquiline
Rv0678_p.Arg109Pro,-3.514754,0.08748903,missense_variant,0.25,Rv0678,3) Uncertain significance,0.029826112,2.93330320760547,1.552526206280583,Rv0678,Bedaquiline
Rv0678_p.Arg109Trp,-3.6673706,0.07870665,missense_variant,0.25,Rv0678,3) Uncertain significance,0.029826112,2.638850481081812,1.3999096089768714,Rv0678,Bedaquiline
Rv0678_p.Arg132*,-2.7652583,0.14708701,stop_gained,0.25,Rv0678,2) Assoc w R - Interim,0.029826112,4.931484532747681,2.302022008801329,Rv0678,Bedaquiline
Rv0678_p.Arg134*,-3.203396,0.10856296,stop_gained,0.25,Rv0678,2) Assoc w R - Interim,0.029826112,3.639862949619448,1.8638841301968556,Rv0678,Bedaquiline
Rv0678_p.Arg134Gly,-4.5005956,0.044175934,missense_variant,0.25,Rv0678,3) Uncertain significance,0.029826112,1.4811160770803784,0.566684711029102,Rv0678,Bedaquiline
Rv0678_p.Arg135Trp,-5.00469,0.031148572,missense_variant,0.25,Rv0678,3) Uncertain significance,0.029826112,1.0443390006716262,0.06259009811516297,Rv0678,Bedaquiline
Rv0678_p.Arg156*,-4.6399455,0.040108573,stop_gained,0.25,Rv0678,2) Assoc w R - Interim,0.029826112,1.3447469452270548,0.4273347116559923,Rv0678,Bedaquiline
Rv0678_p.Arg156Gln,-5.0225134,0.030766126,missense_variant,0.25,Rv0678,3) Uncertain significance,0.029826112,1.0315164779103627,0.044766867671015544,Rv0678,Bedaquiline
Rv0678_p.Arg30Trp,-4.9998746,0.031252716,missense_variant,0.25,Rv0678,3) Uncertain significance,0.029826112,1.0478307061946257,0.0674056452505645,Rv0678,Bedaquiline
Rv0678_p.Arg34Gln,-5.0375533,0.030447058,missense_variant,0.25,Rv0678,3) Uncertain significance,0.029826112,1.0208188717322593,0.02972690535852233,Rv0678,Bedaquiline
Rv0678_p.Arg34Trp,-5.016035,0.03090459,missense_variant,0.25,Rv0678,3) Uncertain significance,0.029826112,1.036158853021138,0.05124519887143674,Rv0678,Bedaquiline
Rv0678_p.Arg38*,-1.0935861,0.46859515,stop_gained,0.25,Rv0678,2) Assoc w R - Interim,0.029826112,15.710902916209797,3.9736941905612224,Rv0678,Bedaquiline
Rv0678_p.Arg38Leu,-4.991495,0.031434767,missense_variant,0.25,Rv0678,3) Uncertain significance,0.029826112,1.053934451798478,0.07578514306058655,Rv0678,Bedaquiline
Rv0678_p.Arg50Gln,-4.1202984,0.057499833,missense_variant,0.25,Rv0678,3) Uncertain significance,0.029826112,1.9278353477650725,0.9469818393756925,Rv0678,Bedaquiline
Rv0678_p.Arg50Pro,-4.881549,0.033924025,missense_variant,0.25,Rv0678,3) Uncertain significance,0.029826112,1.1373934691856584,0.18573142559716127,Rv0678,Bedaquiline
Rv0678_p.Arg50Trp,-4.750229,0.037156828,missense_variant,0.25,Rv0678,3) Uncertain significance,0.029826112,1.245781816952877,0.317051420558842,Rv0678,Bedaquiline
Rv0678_p.Arg72Trp,-4.954803,0.032244503,missense_variant,0.25,Rv0678,3) Uncertain significance,0.029826112,1.0810830120935642,0.1124773061785844,Rv0678,Bedaquiline
Rv0678_p.Arg89Gln,-4.9878025,0.031515326,missense_variant,0.25,Rv0678,3) Uncertain significance,0.029826112,1.0566354072565678,0.07947765971007954,Rv0678,Bedaquiline
Rv0678_p.Arg89Leu,-4.9354615,0.0326797,missense_variant,0.25,Rv0678,3) Uncertain significance,0.029826112,1.0956741529033351,0.13181881300125264,Rv0678,Bedaquiline
Rv0678_p.Arg89Trp,-4.922267,0.03297995,missense_variant,0.25,Rv0678,3) Uncertain significance,0.029826112,1.105740835412943,0.14501328495952295,Rv0678,Bedaquiline
Rv0678_p.Arg90Cys,-2.8666768,0.13710216,missense_variant,0.25,Rv0678,3) Uncertain significance,0.029826112,4.59671579051269,2.2006034687883007,Rv0678,Bedaquiline
Rv0678_p.Arg94Gln,-4.983864,0.031601485,missense_variant,0.25,Rv0678,3) Uncertain significance,0.029826112,1.05952411765905,0.08341642775831128,Rv0678,Bedaquiline
Rv0678_p.Arg94Trp,-4.9357986,0.032672063,missense_variant,0.25,Rv0678,3) Uncertain significance,0.029826112,1.0954181020979201,0.1314816266248906,Rv0678,Bedaquiline
Rv0678_p.Arg96Gly,-4.007076,0.062194217,missense_variant,0.25,Rv0678,3) Uncertain significance,0.029826112,2.08522709899299,1.0602045140053016,Rv0678,Bedaquiline
Rv0678_p.Arg96Leu,-3.579573,0.08364523,missense_variant,0.25,Rv0678,3) Uncertain significance,0.029826112,2.804429554881307,1.4877073440823376,Rv0678,Bedaquiline
Rv0678_p.Arg96Trp,-3.3257236,0.09973726,missense_variant,0.25,Rv0678,3) Uncertain significance,0.029826112,3.34395780449024,1.7415566429819678,Rv0678,Bedaquiline
Rv0678_p.Asn4Thr,-5.070535,0.029758897,missense_variant,0.25,Rv0678,3) Uncertain significance,0.029826112,0.9977464377522622,-0.003254871986515789,Rv0678,Bedaquiline
Rv0678_p.Asn70Asp,-5.052226,0.03013897,missense_variant,0.25,Rv0678,2) Assoc w R - Interim,0.029826112,1.0104893993558397,0.015054187054630928,Rv0678,Bedaquiline
Rv0678_p.Asn70Ile,-5.0410404,0.030373555,missense_variant,0.25,Rv0678,3) Uncertain significance,0.029826112,1.0183544875041037,0.026239848586624315,Rv0678,Bedaquiline
Rv0678_p.Asn70Lys,-5.042191,0.03034934,missense_variant,0.25,Rv0678,3) Uncertain significance,0.029826112,1.01754261500795,0.025089216283373374,Rv0678,Bedaquiline
Rv0678_p.Asn98Asp,-5.040172,0.030391842,missense_variant,0.25,Rv0678,3) Uncertain significance,0.029826112,1.0189676079805507,0.02710819031766597,Rv0678,Bedaquiline
Rv0678_p.Asp141Tyr,-5.0674257,0.029823104,missense_variant,0.25,Rv0678,3) Uncertain significance,0.029826112,0.9998991487727265,-0.00014550490275245276,Rv0678,Bedaquiline
Rv0678_p.Asp47Glu,-5.0347085,0.030507157,missense_variant,0.25,Rv0678,3) Uncertain significance,0.029826112,1.0228338510899444,0.032571813044023845,Rv0678,Bedaquiline
Rv0678_p.Asp47Gly,-5.036766,0.030463679,missense_variant,0.25,Rv0678,3) Uncertain significance,0.029826112,1.0213761351127495,0.03051425537432595,Rv0678,Bedaquiline
Rv0678_p.Asp47dup,-1.0665041,0.4774746,inframe_insertion,0.25,Rv0678,3) Uncertain significance,0.029826112,16.008610173528485,4.0007761570954194,Rv0678,Bedaquiline
Rv0678_p.Asp5Asn,-5.071836,0.029732076,missense_variant,0.25,Rv0678,3) Uncertain significance,0.029826112,0.9968471921516288,-0.0045557256912734274,Rv0678,Bedaquiline
Rv0678_p.Asp5Gly,-5.0810184,0.029543439,missense_variant,0.25,Rv0678,3) Uncertain significance,0.029826112,0.9905226333221039,-0.013738153989160999,Rv0678,Bedaquiline
Rv0678_p.Asp8Gly,-5.058894,0.02999999,missense_variant,0.25,Rv0678,3) Uncertain significance,0.029826112,1.0058297239680452,0.008386093235699096,Rv0678,Bedaquiline
Rv0678_p.Cys46Arg,-5.0112567,0.031007119,missense_variant,0.25,Rv0678,2) Assoc w R - Interim,0.029826112,1.0395964113592815,0.056023558812031644,Rv0678,Bedaquiline
Rv0678_p.Cys46Gly,-5.0066266,0.03110679,missense_variant,0.25,Rv0678,3) Uncertain significance,0.029826112,1.0429381476204476,0.0606536000750805,Rv0678,Bedaquiline
Rv0678_p.Cys46Trp,-5.0668225,0.029835576,missense_variant,0.25,Rv0678,3) Uncertain significance,0.029826112,1.000317305856023,0.0004577029728523496,Rv0678,Bedaquiline
Rv0678_p.Cys46Tyr,-5.048371,0.030219616,missense_variant,0.25,Rv0678,3) Uncertain significance,0.029826112,1.0131932717211014,0.01890940173783382,Rv0678,Bedaquiline
Rv0678_p.Cys46_Asp47insGly,-1.0687807,0.47672173,inframe_insertion,0.25,Rv0678,3) Uncertain significance,0.029826112,15.983368197638367,3.998499556344239,Rv0678,Bedaquiline
Rv0678_p.Gln115*,-1.3626599,0.38886467,stop_gained,0.25,Rv0678,2) Assoc w R - Interim,0.029826112,13.037725802142768,3.704620334080005,Rv0678,Bedaquiline
Rv0678_p.Gln115Pro,-5.0725465,0.029717438,missense_variant,0.25,Rv0678,3) Uncertain significance,0.029826112,0.9963564141380546,-0.005266182985686601,Rv0678,Bedaquiline
Rv0678_p.Gln22*,-1.047046,0.4839581,stop_gained,0.25,Rv0678,2) Assoc w R - Interim,0.029826112,16.22598681316559,4.020234315926435,Rv0678,Bedaquiline
Rv0678_p.Gln22Arg,-5.053826,0.030105568,missense_variant,0.25,Rv0678,3) Uncertain significance,0.029826112,1.0093695081678766,0.013454410334836195,Rv0678,Bedaquiline
Rv0678_p.Gln22Pro,-5.0429406,0.030333575,missense_variant,0.25,Rv0678,3) Uncertain significance,0.029826112,1.017014051311817,0.024339611956313834,Rv0678,Bedaquiline
Rv0678_p.Gln51Arg,-4.549158,0.042713676,missense_variant,0.25,Rv0678,3) Uncertain significance,0.029826112,1.432089975388009,0.5181221371330611,Rv0678,Bedaquiline
Rv0678_p.Gln51Lys,-4.356642,0.048811276,missense_variant,0.25,Rv0678,3) Uncertain significance,0.029826112,1.636528287696365,0.7106385398507808,Rv0678,Bedaquiline
Rv0678_p.Gln51Pro,-4.79542,0.03601096,missense_variant,0.25,Rv0678,3) Uncertain significance,0.029826112,1.2073635343419888,0.27186013361259426,Rv0678,Bedaquiline
Rv0678_p.Gln76*,-2.5449603,0.17135257,stop_gained,0.25,Rv0678,2) Assoc w R - Interim,0.029826112,5.745052187827901,2.522319998315868,Rv0678,Bedaquiline
Rv0678_p.Gln76Arg,-5.0392494,0.030411284,missense_variant,0.25,Rv0678,3) Uncertain significance,0.029826112,1.0196194529142786,0.028030803340584817,Rv0678,Bedaquiline
Rv0678_p.Gln76Glu,-5.0639467,0.029895108,missense_variant,0.25,Rv0678,3) Uncertain significance,0.029826112,1.0023132750255883,0.003333496245633808,Rv0678,Bedaquiline
Rv0678_p.Gln76Lys,-5.0599194,0.02997868,missense_variant,0.25,Rv0678,3) Uncertain significance,0.029826112,1.0051152493492952,0.007360934371223963,Rv0678,Bedaquiline
Rv0678_p.Glu104Asp,-5.089929,0.02936153,missense_variant,0.25,Rv0678,3) Uncertain significance,0.029826112,0.9844236486471989,-0.02264877904960803,Rv0678,Bedaquiline
Rv0678_p.Glu104Gly,-4.971863,0.03186546,missense_variant,0.25,Rv0678,3) Uncertain significance,0.029826112,1.0683745839886876,0.09541756061614902,Rv0678,Bedaquiline
Rv0678_p.Glu104Lys,-5.0582113,0.030014193,missense_variant,0.25,Rv0678,3) Uncertain significance,0.029826112,1.0063059174457605,0.009068951754269736,Rv0678,Bedaquiline
Rv0678_p.Glu113*,-2.0821242,0.23616642,stop_gained,0.25,Rv0678,2) Assoc w R - Interim,0.029826112,7.918109474007205,2.9851560138842372,Rv0678,Bedaquiline
Rv0678_p.Glu113Lys,-5.0398207,0.030399246,missense_variant,0.25,Rv0678,3) Uncertain significance,0.029826112,1.0192158468391723,0.027459614004491834,Rv0678,Bedaquiline
Rv0678_p.Glu138*,-3.7006288,0.076913,stop_gained,0.25,Rv0678,2) Assoc w R - Interim,0.029826112,2.5787135782230015,1.3666515396161203,Rv0678,Bedaquiline
Rv0678_p.Glu147*,-3.0487576,0.12084607,stop_gained,0.25,Rv0678,2) Assoc w R - Interim,0.029826112,4.051686991586433,2.0185227246996282,Rv0678,Bedaquiline
Rv0678_p.Glu147Asp,-4.9745426,0.031806324,missense_variant,0.25,Rv0678,3) Uncertain significance,0.029826112,1.0663918917759043,0.09273771616671396,Rv0678,Bedaquiline
Rv0678_p.Glu21Lys,-5.0441265,0.030308653,missense_variant,0.25,Rv0678,3) Uncertain significance,0.029826112,1.0161784747539337,0.023153809619591258,Rv0678,Bedaquiline
Rv0678_p.Glu55Asp,-5.071306,0.029742995,missense_variant,0.25,Rv0678,3) Uncertain significance,0.029826112,0.9972132807655253,-0.004025998292429174,Rv0678,Bedaquiline
Rv0678_p.Gly103Arg,-4.976712,0.031758524,missense_variant,0.25,Rv0678,3) Uncertain significance,0.029826112,1.064789269214841,0.09056793717335315,Rv0678,Bedaquiline
Rv0678_p.Gly103Ser,-5.0605745,0.02996507,missense_variant,0.25,Rv0678,3) Uncertain significance,0.029826112,1.0046589377790844,0.006705817537729316,Rv0678,Bedaquiline
Rv0678_p.Gly121Arg,-3.5720954,0.08407989,missense_variant,0.25,Rv0678,1) Assoc w R,0.029826112,2.8190026913330173,1.4951848552658884,Rv0678,Bedaquiline
Rv0678_p.Gly162Glu,-5.079663,0.029571213,missense_variant,0.25,Rv0678,3) Uncertain significance,0.029826112,0.9914538307909526,-0.012382503108766955,Rv0678,Bedaquiline
Rv0678_p.Gly24Arg,-5.053002,0.030122768,missense_variant,0.25,Rv0678,3) Uncertain significance,0.029826112,1.0099461840685102,0.014278419664194833,Rv0678,Bedaquiline
Rv0678_p.Gly24Cys,-5.0642886,0.029888025,missense_variant,0.25,Rv0678,3) Uncertain significance,0.029826112,1.0020757985486006,0.0029916403237492885,Rv0678,Bedaquiline
Rv0678_p.Gly25Asp,-5.045795,0.03027362,missense_variant,0.25,Rv0678,3) Uncertain significance,0.029826112,1.0150038999384166,0.02148527067252459,Rv0678,Bedaquiline
Rv0678_p.Gly25Cys,-5.0526285,0.030130563,missense_variant,0.25,Rv0678,3) Uncertain significance,0.029826112,1.0102075322455706,0.014651703853461186,Rv0678,Bedaquiline
Rv0678_p.Gly41Asp,-5.061006,0.029956106,missense_variant,0.25,Rv0678,3) Uncertain significance,0.029826112,1.004358395757382,0.006274173190729111,Rv0678,Bedaquiline
Rv0678_p.Gly65Arg,-5.0075884,0.031086061,missense_variant,0.25,Rv0678,3) Uncertain significance,0.029826112,1.042243152577178,0.059691893829775966,Rv0678,Bedaquiline
Rv0678_p.Gly65Glu,-5.052025,0.030143173,missense_variant,0.25,Rv0678,3) Uncertain significance,0.029826112,1.0106303161471397,0.015255362625535052,Rv0678,Bedaquiline
Rv0678_p.Gly78Arg,-4.989583,0.031476457,missense_variant,0.25,Rv0678,3) Uncertain significance,0.029826112,1.0553322203041415,0.07769723318488345,Rv0678,Bedaquiline
Rv0678_p.Gly78Trp,-5.046664,0.030255385,missense_variant,0.25,Rv0678,3) Uncertain significance,0.029826112,1.014392522900739,0.02061601650697252,Rv0678,Bedaquiline
Rv0678_p.Gly87Arg,-4.9222894,0.03297944,missense_variant,0.25,Rv0678,3) Uncertain significance,0.029826112,1.1057237363019357,0.14499097503607233,Rv0678,Bedaquiline
Rv0678_p.Gly87Trp,-5.031761,0.030569544,missense_variant,0.25,Rv0678,3) Uncertain significance,0.029826112,1.024925541753481,0.035519105394304785,Rv0678,Bedaquiline
Rv0678_p.Ile108Thr,-4.954458,0.032252207,missense_variant,0.25,Rv0678,3) Uncertain significance,0.029826112,1.0813413092527782,0.11282196011978128,Rv0678,Bedaquiline
Rv0678_p.Ile108Val,-5.054101,0.030099828,missense_variant,0.25,Rv0678,3) Uncertain significance,0.029826112,1.0091770593498743,0.013179316402730864,Rv0678,Bedaquiline
Rv0678_p.Ile16Ser,-5.0656924,0.029858956,missense_variant,0.25,Rv0678,3) Uncertain significance,0.029826112,1.0011011827488612,0.0015877968240178852,Rv0678,Bedaquiline
Rv0678_p.Ile67Leu,-5.0248847,0.030715598,missense_variant,0.25,Rv0678,3) Uncertain significance,0.029826112,1.0298223918692453,0.04239554472509746,Rv0678,Bedaquiline
Rv0678_p.Ile67Met,-4.982197,0.031638023,missense_variant,0.25,Rv0678,3) Uncertain significance,0.029826112,1.0607491516158727,0.08508352476575713,Rv0678,Bedaquiline
Rv0678_p.Ile67Ser,-4.85315,0.034598425,missense_variant,0.25,Rv0678,2) Assoc w R - Interim,0.029826112,1.1600045289174803,0.2141304379683945,Rv0678,Bedaquiline
Rv0678_p.Ile80Met,-5.0720706,0.029727241,missense_variant,0.25,Rv0678,3) Uncertain significance,0.029826112,0.9966850858737473,-0.004790354371521054,Rv0678,Bedaquiline
Rv0678_p.Ile80Ser,-5.074766,0.029671751,missense_variant,0.25,Rv0678,3) Uncertain significance,0.029826112,0.9948246355408309,-0.00748586042008578,Rv0678,Bedaquiline
Rv0678_p.Leu117Arg,-3.4444993,0.091854915,missense_variant,0.25,Rv0678,1) Assoc w R,0.029826112,3.0796811532123263,1.622780992968572,Rv0678,Bedaquiline
Rv0678_p.Leu117Pro,-5.0794525,0.029575523,missense_variant,0.25,Rv0678,3) Uncertain significance,0.029826112,0.9915983350427975,-0.012172245838197062,Rv0678,Bedaquiline
Rv0678_p.Leu122Pro,-5.073037,0.029707331,missense_variant,0.25,Rv0678,3) Uncertain significance,0.029826112,0.9960175499910952,-0.005756931848971615,Rv0678,Bedaquiline
Rv0678_p.Leu136Pro,-5.056392,0.030052062,missense_variant,0.25,Rv0678,3) Uncertain significance,0.029826112,1.007575576729545,0.010888057198477484,Rv0678,Bedaquiline
Rv0678_p.Leu142Arg,-5.0419545,0.030354315,missense_variant,0.25,Rv0678,3) Uncertain significance,0.029826112,1.0177094151594415,0.02532568994692761,Rv0678,Bedaquiline
Rv0678_p.Leu142Pro,-5.0580177,0.03001822,missense_variant,0.25,Rv0678,3) Uncertain significance,0.029826112,1.0064409333673796,0.009262504958215324,Rv0678,Bedaquiline
Rv0678_p.Leu32Ser,-5.0393147,0.030409908,missense_variant,0.25,Rv0678,2) Assoc w R - Interim,0.029826112,1.019573318842228,0.027965525160025765,Rv0678,Bedaquiline
Rv0678_p.Leu35Trp,-5.055107,0.030078843,missense_variant,0.25,Rv0678,3) Uncertain significance,0.029826112,1.0084734812234328,0.01217314740108609,Rv0678,Bedaquiline
Rv0678_p.Leu40Met,-5.0597553,0.029982088,missense_variant,0.25,Rv0678,3) Uncertain significance,0.029826112,1.0052295116440253,0.00752493176047154,Rv0678,Bedaquiline
Rv0678_p.Leu40Phe,-5.0494823,0.030196343,missense_variant,0.25,Rv0678,3) Uncertain significance,0.029826112,1.012412982288808,0.01779791252527753,Rv0678,Bedaquiline
Rv0678_p.Leu40Ser,-5.007976,0.031077709,missense_variant,0.25,Rv0678,3) Uncertain significance,0.029826112,1.0419631294886842,0.05930422786118971,Rv0678,Bedaquiline
Rv0678_p.Leu40Val,-5.12692,0.02861826,missense_variant,0.25,Rv0678,3) Uncertain significance,0.029826112,0.9595035383760377,-0.059639968208082615,Rv0678,Bedaquiline
Rv0678_p.Leu56Pro,-5.0712414,0.029744333,missense_variant,0.25,Rv0678,3) Uncertain significance,0.029826112,0.9972581407861676,-0.003961099564248465,Rv0678,Bedaquiline
Rv0678_p.Leu60Gln,-5.065881,0.02985506,missense_variant,0.25,Rv0678,3) Uncertain significance,0.029826112,1.0009705589518338,0.001399541527730918,Rv0678,Bedaquiline
Rv0678_p.Leu60Pro,-5.0609274,0.02995774,missense_variant,0.25,Rv0678,3) Uncertain significance,0.029826112,1.0044131799679423,0.006352864974174294,Rv0678,Bedaquiline
Rv0678_p.Leu74Met,-4.9771433,0.03174904,missense_variant,0.25,Rv0678,3) Uncertain significance,0.029826112,1.0644712928054452,0.0901370429929527,Rv0678,Bedaquiline
Rv0678_p.Leu83His,-5.0418677,0.030356143,missense_variant,0.25,Rv0678,3) Uncertain significance,0.029826112,1.0177707037377182,0.025412569427742733,Rv0678,Bedaquiline
Rv0678_p.Leu83Pro,-5.050191,0.030181516,missense_variant,0.25,Rv0678,3) Uncertain significance,0.029826112,1.0119158675458604,0.017089346830649062,Rv0678,Bedaquiline
Rv0678_p.Leu95Ser,-5.040923,0.030376025,missense_variant,0.25,Rv0678,3) Uncertain significance,0.029826112,1.0184373008456484,0.02635716484635709,Rv0678,Bedaquiline
Rv0678_p.Met10Ile,-5.0628643,0.029917547,missense_variant,0.25,Rv0678,3) Uncertain significance,0.029826112,1.0030656023822349,0.004415964012404322,Rv0678,Bedaquiline
Rv0678_p.Met139Ile,-5.058849,0.030000933,missense_variant,0.25,Rv0678,3) Uncertain significance,0.029826112,1.0058613405595742,0.008431441252217979,Rv0678,Bedaquiline
Rv0678_p.Met139Thr,-5.056772,0.030044148,missense_variant,0.25,Rv0678,3) Uncertain significance,0.029826112,1.0073102387599162,0.010508083532264836,Rv0678,Bedaquiline
Rv0678_p.Met146Thr,-4.036098,0.060955577,missense_variant,0.25,Rv0678,2) Assoc w R - Interim,0.029826112,2.0436983875068933,1.0311822965908635,Rv0678,Bedaquiline
Rv0678_p.Met17Val,-5.073889,0.0296898,missense_variant,0.25,Rv0678,3) Uncertain significance,0.029826112,0.995429776432141,-0.006608551685500317,Rv0678,Bedaquiline
Rv0678_p.Met1?,-0.90048563,0.5357064,start_lost,0.25,Rv0678,2) Assoc w R - Interim,0.029826112,17.960986668326065,4.166794700111305,Rv0678,Bedaquiline
Rv0678_p.Met23Leu,-5.0640826,0.029892294,missense_variant,0.25,Rv0678,3) Uncertain significance,0.029826112,1.0022189281660312,0.0031976902493117865,Rv0678,Bedaquiline
Rv0678_p.Met23Val,-5.075139,0.029664082,missense_variant,0.25,Rv0678,3) Uncertain significance,0.029826112,0.9945675118500193,-0.00785878948405234,Rv0678,Bedaquiline
Rv0678_p.Met73Ile,-5.0527277,0.030128492,missense_variant,0.25,Rv0678,3) Uncertain significance,0.029826112,1.010138096443814,0.01455253796276281,Rv0678,Bedaquiline
Rv0678_p.Phe100Ile,-5.070923,0.0297509,missense_variant,0.25,Rv0678,3) Uncertain significance,0.029826112,0.9974783169861362,-0.003642614270746334,Rv0678,Bedaquiline
Rv0678_p.Phe19Leu,-5.068586,0.029799132,missense_variant,0.25,Rv0678,3) Uncertain significance,0.029826112,0.9990954235000525,-0.0013056186356148359,Rv0678,Bedaquiline
Rv0678_p.Phe19Ser,-5.04811,0.030225081,missense_variant,0.25,Rv0678,3) Uncertain significance,0.029826112,1.013376500430227,0.01917027916170242,Rv0678,Bedaquiline
Rv0678_p.Phe79Leu,-5.041419,0.030365584,missense_variant,0.25,Rv0678,3) Uncertain significance,0.029826112,1.0180872384573625,0.025861189210601897,Rv0678,Bedaquiline
Rv0678_p.Phe93Leu,-5.0020022,0.03120666,missense_variant,0.25,Rv0678,3) Uncertain significance,0.029826112,1.0462865558876733,0.06527802953933223,Rv0678,Bedaquiline
Rv0678_p.Phe93Ser,-4.750722,0.037144132,missense_variant,0.25,Rv0678,3) Uncertain significance,0.029826112,1.2453561496718046,0.3165583863795424,Rv0678,Bedaquiline
Rv0678_p.Pro14Leu,-5.0531774,0.030119104,missense_variant,0.25,Rv0678,3) Uncertain significance,0.029826112,1.009823338690608,0.014102925959871363,Rv0678,Bedaquiline
Rv0678_p.Pro14Ser,-5.0457883,0.030273762,missense_variant,0.25,Rv0678,3) Uncertain significance,0.029826112,1.0150086608673634,0.02149203769329508,Rv0678,Bedaquiline
Rv0678_p.Pro48Leu,-4.1923356,0.05469923,missense_variant,0.25,Rv0678,3) Uncertain significance,0.029826112,1.833937658384707,0.8749445977836297,Rv0678,Bedaquiline
Rv0678_p.Ser151Pro,-5.05285,0.030125944,missense_variant,0.25,Rv0678,3) Uncertain significance,0.029826112,1.0100526679441157,0.014430522482728577,Rv0678,Bedaquiline
Rv0678_p.Ser158Arg,-5.1152377,0.028850943,missense_variant,0.25,Rv0678,3) Uncertain significance,0.029826112,0.9673048568985458,-0.04795745211177256,Rv0678,Bedaquiline
Rv0678_p.Ser2Arg,-5.0963,0.029232152,missense_variant,0.25,Rv0678,3) Uncertain significance,0.029826112,0.9800859059337,-0.02901988583014252,Rv0678,Bedaquiline
Rv0678_p.Ser2Ile,-5.087427,0.029412493,missense_variant,0.25,Rv0678,3) Uncertain significance,0.029826112,0.9861323192241752,-0.020146854490333727,Rv0678,Bedaquiline
Rv0678_p.Ser31Gly,-5.0497246,0.030191274,missense_variant,0.25,Rv0678,3) Uncertain significance,0.029826112,1.0122430305364642,0.017555709850532442,Rv0678,Bedaquiline
Rv0678_p.Ser52Phe,-4.9926777,0.03140901,missense_variant,0.25,Rv0678,3) Uncertain significance,0.029826112,1.053070879637279,0.07460254392276251,Rv0678,Bedaquiline
Rv0678_p.Ser52Pro,-4.9558587,0.032220915,missense_variant,0.25,Rv0678,3) Uncertain significance,0.029826112,1.0802921614456489,0.11142153726560895,Rv0678,Bedaquiline
Rv0678_p.Ser52Tyr,-4.982479,0.03163183,missense_variant,0.25,Rv0678,3) Uncertain significance,0.029826112,1.060541514763976,0.08480109608944099,Rv0678,Bedaquiline
Rv0678_p.Ser53*,-1.8959296,0.26870042,stop_gained,0.25,Rv0678,2) Assoc w R - Interim,0.029826112,9.008898645589476,3.171350744699583,Rv0678,Bedaquiline
Rv0678_p.Ser53Leu,-4.997485,0.03130452,missense_variant,0.25,Rv0678,3) Uncertain significance,0.029826112,1.0495675735409296,0.06979505359917383,Rv0678,Bedaquiline
Rv0678_p.Ser53Pro,-5.053573,0.030110842,missense_variant,0.25,Rv0678,3) Uncertain significance,0.029826112,1.0095463330922918,0.013707124625346104,Rv0678,Bedaquiline
Rv0678_p.Ser63Arg,-5.0498295,0.030189078,missense_variant,0.25,Rv0678,3) Uncertain significance,0.029826112,1.0121694037761275,0.01745076980940152,Rv0678,Bedaquiline
Rv0678_p.Ser63Gly,-5.063125,0.029912138,missense_variant,0.25,Rv0678,3) Uncertain significance,0.029826112,1.002884251222553,0.004155105627559871,Rv0678,Bedaquiline
Rv0678_p.Ser64Ile,-5.0597634,0.02998192,missense_variant,0.25,Rv0678,3) Uncertain significance,0.029826112,1.0052238789956935,0.007516847818955513,Rv0678,Bedaquiline
Rv0678_p.Ser68Asn,-4.98272,0.031626552,missense_variant,0.25,Rv0678,3) Uncertain significance,0.029826112,1.0603645557288863,0.08456035188439699,Rv0678,Bedaquiline
Rv0678_p.Ser68Gly,-3.3014352,0.101430595,missense_variant,0.25,Rv0678,3) Uncertain significance,0.029826112,3.4007313792692795,1.7658450533549817,Rv0678,Bedaquiline
Rv0678_p.Ser68Ile,-4.8391314,0.034936253,missense_variant,0.25,Rv0678,3) Uncertain significance,0.029826112,1.171331114159298,0.22814895733451654,Rv0678,Bedaquiline
Rv0678_p.Thr33Ile,-5.0353355,0.0304939,missense_variant,0.25,Rv0678,3) Uncertain significance,0.029826112,1.022389374786764,0.031944748222567675,Rv0678,Bedaquiline
Rv0678_p.Thr58Pro,-5.0652924,0.029867237,missense_variant,0.25,Rv0678,3) Uncertain significance,0.029826112,1.0013788253728815,0.0019878543903911906,Rv0678,Bedaquiline
Rv0678_p.Thr69Pro,-4.9752765,0.03179015,missense_variant,0.25,Rv0678,3) Uncertain significance,0.029826112,1.065849615263297,0.09200389717874889,Rv0678,Bedaquiline
Rv0678_p.Thr91Ile,-4.9904814,0.03145686,missense_variant,0.25,Rv0678,3) Uncertain significance,0.029826112,1.0546751785817745,0.07679874262446663,Rv0678,Bedaquiline
Rv0678_p.Trp42*,-1.0576918,0.48040006,stop_gained,0.25,Rv0678,2) Assoc w R - Interim,0.029826112,16.10669402703242,4.009588499530593,Rv0678,Bedaquiline
Rv0678_p.Trp42Arg,-4.9439116,0.03248885,missense_variant,0.25,Rv0678,3) Uncertain significance,0.029826112,1.0892753973431066,0.12336875125518805,Rv0678,Bedaquiline
Rv0678_p.Tyr145*,-1.6294215,0.32321778,stop_gained,0.25,Rv0678,2) Assoc w R - Interim,0.029826112,10.836738626878356,3.4378587302894474,Rv0678,Bedaquiline
Rv0678_p.Tyr145His,-4.929118,0.032823704,missense_variant,0.25,Rv0678,3) Uncertain significance,0.029826112,1.1005022712983845,0.1381621227737994,Rv0678,Bedaquiline
Rv0678_p.Tyr157*,-4.8720055,0.034149174,stop_gained,0.25,Rv0678,2) Assoc w R - Interim,0.029826112,1.1449421902526216,0.19527475645203524,Rv0678,Bedaquiline
Rv0678_p.Tyr157Ser,-5.060322,0.029970318,missense_variant,0.25,Rv0678,3) Uncertain significance,0.029826112,1.004834890984115,0.006958465058553999,Rv0678,Bedaquiline
Rv0678_p.Tyr26Asp,-5.0471816,0.030244537,missense_variant,0.25,Rv0678,3) Uncertain significance,0.029826112,1.014028814751316,0.02009864870040607,Rv0678,Bedaquiline
Rv0678_p.Tyr26Cys,-5.0444617,0.03030161,missense_variant,0.25,Rv0678,3) Uncertain significance,0.029826112,1.0159423393836917,0.022818523127971353,Rv0678,Bedaquiline
Rv0678_p.Tyr26His,-5.046246,0.030264156,missense_variant,0.25,Rv0678,3) Uncertain significance,0.029826112,1.0146865940823935,0.0210341914661063,Rv0678,Bedaquiline
Rv0678_p.Tyr92*,-2.1173282,0.23047335,stop_gained,0.25,Rv0678,2) Assoc w R - Interim,0.029826112,7.727234109494392,2.9499521074770914,Rv0678,Bedaquiline
Rv0678_p.Tyr92Cys,-5.025171,0.030709507,missense_variant,0.25,Rv0678,3) Uncertain significance,0.029826112,1.02961817483955,0.04210942537624648,Rv0678,Bedaquiline
Rv0678_p.Val120Met,-5.0286226,0.030636119,missense_variant,0.25,Rv0678,3) Uncertain significance,0.029826112,1.0271576462932883,0.03865762086881745,Rv0678,Bedaquiline
Rv0678_p.Val20Ala,-5.0446153,0.030298386,missense_variant,0.25,Rv0678,3) Uncertain significance,0.029826112,1.0158342461799916,0.02266501655624779,Rv0678,Bedaquiline
Rv0678_p.Val20Gly,-5.0605445,0.029965691,missense_variant,0.25,Rv0678,3) Uncertain significance,0.029826112,1.0046797584613107,0.006735715827204452,Rv0678,Bedaquiline
Rv0678_p.Val7del,-3.9631572,0.06411665,inframe_deletion,0.25,Rv0678,3) Uncertain significance,0.029826112,2.1496817956024574,1.1041231221954488,Rv0678,Bedaquiline
Rv0678_p.Val85Ala,-5.056411,0.030051675,missense_variant,0.25,Rv0678,3) Uncertain significance,0.029826112,1.0075626015217807,0.010869478553997185,Rv0678,Bedaquiline
atpE_c.-41T>C,-5.067424,0.029823145,upstream_gene_variant,0.25,atpE,3) Uncertain significance,0.029826112,0.9999005234071408,-0.00014352152583712343,atpE,Bedaquiline
atpE_c.-43G>T,-5.067337,0.029824939,upstream_gene_variant,0.25,atpE,3) Uncertain significance,0.029826112,0.9999606720446836,-5.673936183207126e-05,atpE,Bedaquiline
atpE_c.207G>T,-4.983424,0.03161112,synonymous_variant,0.25,atpE,4) Not assoc w R - Interim,0.029826112,1.0598471567464107,0.08385622506856645,atpE,Bedaquiline
atpE_c.240C>T,-5.065775,0.02985725,synonymous_variant,0.25,atpE,4) Not assoc w R - Interim,0.029826112,1.0010439845461587,0.0015053656749114313,atpE,Bedaquiline
atpE_c.54C>A,-5.0650406,0.029872451,synonymous_variant,0.25,atpE,4) Not assoc w R - Interim,0.029826112,1.0015536386371782,0.002239687374932172,atpE,Bedaquiline
atpE_c.9C>T,-5.04706,0.030247087,synonymous_variant,0.25,atpE,4) Not assoc w R - Interim,0.029826112,1.0141143103063517,0.020220281155056165,atpE,Bedaquiline
atpE_p.Ala45Val,-5.046054,0.030268189,missense_variant,0.25,atpE,3) Uncertain significance,0.029826112,1.0148218111700245,0.0212264321304489,atpE,Bedaquiline
atpE_p.Ala62Thr,-5.0620084,0.029935302,missense_variant,0.25,atpE,3) Uncertain significance,0.029826112,1.0036608861389644,0.00527189824545428,atpE,Bedaquiline
atpE_p.Ala63Pro,-5.0384994,0.0304271,missense_variant,0.25,atpE,2) Assoc w R - Interim,0.029826112,1.0201497265215125,0.02878091088061193,atpE,Bedaquiline
atpE_p.Ala63Thr,-5.036985,0.030459058,missense_variant,0.25,atpE,3) Uncertain significance,0.029826112,1.0212212037559574,0.03029539804371311,atpE,Bedaquiline
atpE_p.Ala63Val,-5.0535583,0.03011115,missense_variant,0.25,atpE,3) Uncertain significance,0.029826112,1.0095566596142334,0.013721881695241649,atpE,Bedaquiline
atpE_p.Asp28Ala,-5.0324607,0.030554725,missense_variant,0.25,atpE,2) Assoc w R - Interim,0.029826112,1.0244286952318828,0.03481956988804607,atpE,Bedaquiline
atpE_p.Asp28Gly,-5.0323744,0.030556552,missense_variant,0.25,atpE,2) Assoc w R - Interim,0.029826112,1.024489950282491,0.03490583232502612,atpE,Bedaquiline
atpE_p.Asp28Val,-5.0203924,0.03081139,missense_variant,0.25,atpE,2) Assoc w R - Interim,0.029826112,1.0330340743037512,0.04688784182958465,atpE,Bedaquiline
atpE_p.Glu61Asp,-5.0039706,0.031164112,missense_variant,0.25,atpE,2) Assoc w R - Interim,0.029826112,1.044860020642315,0.06330967814160528,atpE,Bedaquiline
atpE_p.Ile66Met,-5.0483074,0.030220944,missense_variant,0.25,atpE,2) Assoc w R - Interim,0.029826112,1.0132377964650572,0.018972799529469227,atpE,Bedaquiline
atpE_p.Leu59Phe,-5.0584307,0.03000963,missense_variant,0.25,atpE,3) Uncertain significance,0.029826112,1.0061529306937491,0.008849604929784137,atpE,Bedaquiline
atpE_p.Phe76Leu,-5.0626082,0.029922858,missense_variant,0.25,atpE,3) Uncertain significance,0.029826112,1.0032436678303898,0.004672050293313599,atpE,Bedaquiline
atpE_p.Ser37Ala,-5.061226,0.029951543,missense_variant,0.25,atpE,3) Uncertain significance,0.029826112,1.004205409005371,0.006054401004899971,atpE,Bedaquiline
atpE_p.Thr51Ile,-5.032503,0.030553827,missense_variant,0.25,atpE,3) Uncertain significance,0.029826112,1.0243985873854426,0.034777168616720984,atpE,Bedaquiline
atpE_p.Val39Ile,-5.089814,0.029363867,missense_variant,0.25,atpE,3) Uncertain significance,0.029826112,0.984502002808814,-0.02253395382970078,atpE,Bedaquiline
mmpL5_c.1032C>G,-5.047873,0.030230045,synonymous_variant,0.25,mmpLS5,4) Not assoc w R - Interim,0.029826112,1.0135429317773634,0.019407199954790063,mmpL5,Bedaquiline
mmpL5_c.1065G>A,-5.0603557,0.029969614,synonymous_variant,0.25,mmpLS5,4) Not assoc w R - Interim,0.029826112,1.0048112875053912,0.0069245758873470896,mmpL5,Bedaquiline
mmpL5_c.1065G>T,-5.054509,0.030091312,synonymous_variant,0.25,mmpLS5,4) Not assoc w R - Interim,0.029826112,1.0088915377237235,0.012771083860526732,mmpL5,Bedaquiline
mmpL5_c.1068G>A,-5.035363,0.030493315,synonymous_variant,0.25,mmpLS5,4) Not assoc w R - Interim,0.029826112,1.0223697611006088,0.03191707105780638,mmpL5,Bedaquiline
mmpL5_c.1110C>T,-5.067075,0.02983036,synonymous_variant,0.25,mmpLS5,4) Not assoc w R - Interim,0.029826112,1.000142425536389,0.00020546198387516888,mmpL5,Bedaquiline
mmpL5_c.1128G>A,-5.055262,0.030075612,synonymous_variant,0.25,mmpLS5,4) Not assoc w R - Interim,0.029826112,1.008365153326052,0.012018168100497266,mmpL5,Bedaquiline
mmpL5_c.1128G>T,-5.064378,0.029886179,synonymous_variant,0.25,mmpLS5,4) Not assoc w R - Interim,0.029826112,1.0020139064722884,0.002902531147278119,mmpL5,Bedaquiline
mmpL5_c.1131G>C,-5.0592895,0.029991772,synonymous_variant,0.25,mmpLS5,4) Not assoc w R - Interim,0.029826112,1.0055541935871495,0.007990836702971123,mmpL5,Bedaquiline
mmpL5_c.1143G>A,-5.141411,0.028332254,synonymous_variant,0.25,mmpLS5,4) Not assoc w R - Interim,0.029826112,0.9499144239785595,-0.07413054529928162,mmpL5,Bedaquiline
mmpL5_c.1158C>T,-5.053441,0.030113598,synonymous_variant,0.25,mmpLS5,4) Not assoc w R - Interim,0.029826112,1.0096387353470677,0.013839166286022867,mmpL5,Bedaquiline
mmpL5_c.1161C>G,-5.109609,0.028963722,synonymous_variant,0.25,mmpLS5,4) Not assoc w R - Interim,0.029826112,0.9710860738402646,-0.04232891788454106,mmpL5,Bedaquiline
mmpL5_c.1194G>C,-5.0645432,0.02988275,synonymous_variant,0.25,mmpLS5,4) Not assoc w R - Interim,0.029826112,1.0018989400965168,0.0027369935884360794,mmpL5,Bedaquiline
mmpL5_c.1230C>T,-5.066782,0.029836414,synonymous_variant,0.25,mmpLS5,4) Not assoc w R - Interim,0.029826112,1.0003454020423446,0.0004982237748011722,mmpL5,Bedaquiline
mmpL5_c.1326G>C,-5.0435534,0.030320695,synonymous_variant,0.25,mmpLS5,4) Not assoc w R - Interim,0.029826112,1.0165822149397148,0.023726896234701804,mmpL5,Bedaquiline
mmpL5_c.1335C>T,-5.068171,0.029807702,synonymous_variant,0.25,mmpLS5,4) Not assoc w R - Interim,0.029826112,0.9993827556203102,-0.0008907703453796879,mmpL5,Bedaquiline
mmpL5_c.135C>T,-5.027977,0.030649833,synonymous_variant,0.25,mmpLS5,4) Not assoc w R - Interim,0.029826112,1.0276174447410378,0.03930328662011357,mmpL5,Bedaquiline
mmpL5_c.1395C>A,-5.039687,0.030402059,synonymous_variant,0.25,mmpLS5,4) Not assoc w R - Interim,0.029826112,1.0193101601710608,0.02759310788765485,mmpL5,Bedaquiline
mmpL5_c.1425G>C,-5.0697646,0.029774794,synonymous_variant,0.25,mmpLS5,4) Not assoc w R - Interim,0.029826112,0.998279427100656,-0.0024843998983630038,mmpL5,Bedaquiline
mmpL5_c.1431G>C,-5.077263,0.029620444,synonymous_variant,0.25,mmpLS5,4) Not assoc w R - Interim,0.029826112,0.9931044314458418,-0.009982660308774585,mmpL5,Bedaquiline
mmpL5_c.1437C>T,-5.070302,0.029763706,synonymous_variant,0.25,mmpLS5,4) Not assoc w R - Interim,0.029826112,0.9979076723107592,-0.0030217531336077428,mmpL5,Bedaquiline
mmpL5_c.1473G>T,-5.067961,0.029812038,synonymous_variant,0.25,mmpLS5,4) Not assoc w R - Interim,0.029826112,0.9995281315915396,-0.0006809228784729024,mmpL5,Bedaquiline
mmpL5_c.1569G>A,-5.0625362,0.029924352,synonymous_variant,0.25,mmpLS5,4) Not assoc w R - Interim,0.029826112,1.0032937581673402,0.004744079929834312,mmpL5,Bedaquiline
mmpL5_c.1572G>A,-5.0505133,0.030174773,synonymous_variant,0.25,mmpLS5,4) Not assoc w R - Interim,0.029826112,1.011689790476211,0.016766991269617816,mmpL5,Bedaquiline
mmpL5_c.1584C>T,-5.0667048,0.029838013,synonymous_variant,0.25,mmpLS5,4) Not assoc w R - Interim,0.029826112,1.0003990127845024,0.000575538949387991,mmpL5,Bedaquiline
mmpL5_c.1593C>T,-5.0770607,0.029624596,synonymous_variant,0.25,mmpLS5,4) Not assoc w R - Interim,0.029826112,0.9932436383260413,-0.009780446931263823,mmpL5,Bedaquiline
mmpL5_c.1674G>A,-5.068465,0.029801624,synonymous_variant,0.25,mmpLS5,4) Not assoc w R - Interim,0.029826112,0.9991789744503072,-0.0011849760033638402,mmpL5,Bedaquiline
mmpL5_c.1758C>T,-5.132373,0.028510302,synonymous_variant,0.25,mmpLS5,4) Not assoc w R - Interim,0.029826112,0.9558839583248397,-0.0650926052489137,mmpL5,Bedaquiline
mmpL5_c.1785G>A,-4.994466,0.031370103,synonymous_variant,0.25,mmpLS5,4) Not assoc w R - Interim,0.029826112,1.0517664186334446,0.07281433951974144,mmpL5,Bedaquiline
mmpL5_c.1791C>T,-5.0747643,0.02967179,synonymous_variant,0.25,mmpLS5,4) Not assoc w R - Interim,0.029826112,0.9948259431199079,-0.007483964169688639,mmpL5,Bedaquiline
mmpL5_c.183G>A,-5.066958,0.029832777,synonymous_variant,0.25,mmpLS5,4) Not assoc w R - Interim,0.029826112,1.0002234619114956,0.0003223513762561292,mmpL5,Bedaquiline
mmpL5_c.1875G>A,-5.0352297,0.030496137,synonymous_variant,0.25,mmpLS5,4) Not assoc w R - Interim,0.029826112,1.022464376181515,0.03205057891120675,mmpL5,Bedaquiline
mmpL5_c.1896C>T,-5.144359,0.028274413,synonymous_variant,0.25,mmpLS5,4) Not assoc w R - Interim,0.029826112,0.9479751500966671,-0.07707885359314406,mmpL5,Bedaquiline
mmpL5_c.189G>A,-5.06749,0.029821774,synonymous_variant,0.25,mmpLS5,4) Not assoc w R - Interim,0.029826112,0.9998545569734332,-0.00020984519378983428,mmpL5,Bedaquiline
mmpL5_c.18A>G,-5.0829697,0.029503508,synonymous_variant,0.25,mmpLS5,4) Not assoc w R - Interim,0.029826112,0.9891838399855805,-0.015689423864626392,mmpL5,Bedaquiline
mmpL5_c.1926C>T,-5.0662804,0.029846791,synonymous_variant,0.25,mmpLS5,4) Not assoc w R - Interim,0.029826112,1.0006933186598375,0.00099990080739912,mmpL5,Bedaquiline
mmpL5_c.1941C>T,-5.073111,0.02970581,synonymous_variant,0.25,mmpLS5,4) Not assoc w R - Interim,0.029826112,0.9959665544070914,-0.005830798980745542,mmpL5,Bedaquiline
mmpL5_c.195C>T,-5.0657096,0.029858602,synonymous_variant,0.25,mmpLS5,4) Not assoc w R - Interim,0.029826112,1.0010893139541621,0.001570692506239879,mmpL5,Bedaquiline
mmpL5_c.1A>G,-5.0572147,0.030034933,initiator_codon_variant,0.25,mmpLS5,4) Not assoc w R - Interim,0.029826112,1.0070012812933848,0.010065519009480375,mmpL5,Bedaquiline
mmpL5_c.2070T>C,-5.0691385,0.02978772,synonymous_variant,0.25,mmpLS5,4) Not assoc w R - Interim,0.029826112,0.9987128057455159,-0.0018582249725939792,mmpL5,Bedaquiline
mmpL5_c.2079C>G,-5.061799,0.029939646,synonymous_variant,0.25,mmpLS5,4) Not assoc w R - Interim,0.029826112,1.003806530331543,0.005481236791138503,mmpL5,Bedaquiline
mmpL5_c.2115G>A,-5.0733767,0.029700343,synonymous_variant,0.25,mmpLS5,4) Not assoc w R - Interim,0.029826112,0.9957832586426284,-0.00609633422962129,mmpL5,Bedaquiline
mmpL5_c.2145G>C,-5.067351,0.029824652,synonymous_variant,0.25,mmpLS5,4) Not assoc w R - Interim,0.029826112,0.9999510496037834,-7.062222237815452e-05,mmpL5,Bedaquiline
mmpL5_c.2214C>T,-5.0806584,0.029550811,synonymous_variant,0.25,mmpLS5,4) Not assoc w R - Interim,0.029826112,0.9907697992953289,-0.01337820194994891,mmpL5,Bedaquiline
mmpL5_c.2241G>A,-5.0898876,0.029362373,synonymous_variant,0.25,mmpLS5,4) Not assoc w R - Interim,0.029826112,0.9844519124718637,-0.022607358372254402,mmpL5,Bedaquiline
mmpL5_c.2250G>T,-5.0810704,0.029542373,synonymous_variant,0.25,mmpLS5,4) Not assoc w R - Interim,0.029826112,0.990486892827332,-0.01379021091659241,mmpL5,Bedaquiline
mmpL5_c.2265G>T,-5.127071,0.028615272,synonymous_variant,0.25,mmpLS5,4) Not assoc w R - Interim,0.029826112,0.959403357702137,-0.05979060622168939,mmpL5,Bedaquiline
mmpL5_c.2340A>G,-5.0659413,0.029853806,synonymous_variant,0.25,mmpLS5,4) Not assoc w R - Interim,0.029826112,1.0009285152553575,0.0013389428360211907,mmpL5,Bedaquiline
mmpL5_c.2400G>A,-5.065465,0.029863665,synonymous_variant,0.25,mmpLS5,4) Not assoc w R - Interim,0.029826112,1.001259064540494,0.0018153036161804392,mmpL5,Bedaquiline
mmpL5_c.2412C>T,-5.0029697,0.031185739,synonymous_variant,0.25,mmpLS5,4) Not assoc w R - Interim,0.029826112,1.0455851235320246,0.06431051988862511,mmpL5,Bedaquiline
mmpL5_c.243G>A,-5.0721493,0.02972562,synonymous_variant,0.25,mmpLS5,4) Not assoc w R - Interim,0.029826112,0.9966307375228793,-0.004869025393319771,mmpL5,Bedaquiline
mmpL5_c.2475C>T,-5.052931,0.03012425,synonymous_variant,0.25,mmpLS5,4) Not assoc w R - Interim,0.029826112,1.009995872073437,0.014349396589593274,mmpL5,Bedaquiline
mmpL5_c.2493G>A,-5.048392,0.030219177,synonymous_variant,0.25,mmpLS5,4) Not assoc w R - Interim,0.029826112,1.0131785530745678,0.018888443572009448,mmpL5,Bedaquiline
mmpL5_c.24G>A,-5.1027327,0.029102106,synonymous_variant,0.25,mmpLS5,4) Not assoc w R - Interim,0.029826112,0.9757257667375486,-0.035452367755249535,mmpL5,Bedaquiline
mmpL5_c.2502G>A,-5.0692644,0.02978512,synonymous_variant,0.25,mmpLS5,4) Not assoc w R - Interim,0.029826112,0.9986256338070482,-0.0019841550813041657,mmpL5,Bedaquiline
mmpL5_c.2527C>T,-5.045,0.030290306,synonymous_variant,0.25,mmpLS5,4) Not assoc w R - Interim,0.029826112,1.0155633426173682,0.022280226074238612,mmpL5,Bedaquiline
mmpL5_c.2529G>A,-5.0765734,0.029634604,synonymous_variant,0.25,mmpLS5,4) Not assoc w R - Interim,0.029826112,0.9935791832338053,-0.009293147335370282,mmpL5,Bedaquiline
mmpL5_c.258C>T,-5.0658565,0.029855562,synonymous_variant,0.25,mmpLS5,4) Not assoc w R - Interim,0.029826112,1.0009873898414918,0.0014237996207228586,mmpL5,Bedaquiline
mmpL5_c.2634G>T,-5.0659895,0.02985281,synonymous_variant,0.25,mmpLS5,4) Not assoc w R - Interim,0.029826112,1.0008951216973907,0.0012908100039459415,mmpL5,Bedaquiline
mmpL5_c.2658G>T,-5.1350527,0.028457394,synonymous_variant,0.25,mmpLS5,4) Not assoc w R - Interim,0.029826112,0.9541100764323557,-0.06777237418917771,mmpL5,Bedaquiline
mmpL5_c.2664T>C,-5.03879,0.030420966,synonymous_variant,0.25,mmpLS5,4) Not assoc w R - Interim,0.029826112,1.0199440678020657,0.028490039140800696,mmpL5,Bedaquiline
mmpL5_c.2721C>T,-5.067363,0.029824406,synonymous_variant,0.25,mmpLS5,4) Not assoc w R - Interim,0.029826112,0.9999428017972977,-8.252192346177293e-05,mmpL5,Bedaquiline
mmpL5_c.2730C>A,-5.0692425,0.029785573,synonymous_variant,0.25,mmpLS5,4) Not assoc w R - Interim,0.029826112,0.9986408218409426,-0.0019622133908313456,mmpL5,Bedaquiline
mmpL5_c.2739C>G,-5.0670323,0.029831238,synonymous_variant,0.25,mmpLS5,4) Not assoc w R - Interim,0.029826112,1.0001718628294562,0.00024792434788990493,mmpL5,Bedaquiline
mmpL5_c.273G>A,-5.070237,0.029765043,synonymous_variant,0.25,mmpLS5,4) Not assoc w R - Interim,0.029826112,0.9979524988037329,-0.002956948033470427,mmpL5,Bedaquiline
mmpL5_c.2742G>A,-5.0717454,0.029733943,synonymous_variant,0.25,mmpLS5,4) Not assoc w R - Interim,0.029826112,0.9969097883089825,-0.004465135748058068,mmpL5,Bedaquiline
mmpL5_c.2751C>T,-5.0625553,0.029923955,synonymous_variant,0.25,mmpLS5,4) Not assoc w R - Interim,0.029826112,1.0032804476828894,0.004724939875254346,mmpL5,Bedaquiline
mmpL5_c.2757G>A,-5.0667973,0.0298361,synonymous_variant,0.25,mmpLS5,4) Not assoc w R - Interim,0.029826112,1.0003348743543914,0.0004830406959440455,mmpL5,Bedaquiline
mmpL5_c.2760C>A,-5.0481358,0.030224541,synonymous_variant,0.25,mmpLS5,4) Not assoc w R - Interim,0.029826112,1.0133583954891607,0.01914450380376557,mmpL5,Bedaquiline
mmpL5_c.2766G>A,-5.062596,0.029923115,synonymous_variant,0.25,mmpLS5,4) Not assoc w R - Interim,0.029826112,1.0032522844412306,0.004684441189707236,mmpL5,Bedaquiline
mmpL5_c.2781G>T,-5.0554485,0.030071726,synonymous_variant,0.25,mmpLS5,4) Not assoc w R - Interim,0.029826112,1.0082348648057113,0.011831748780104765,mmpL5,Bedaquiline
mmpL5_c.2838A>G,-5.0547595,0.03008609,synonymous_variant,0.25,mmpLS5,4) Not assoc w R - Interim,0.029826112,1.0087164562380775,0.012520699055864008,mmpL5,Bedaquiline
mmpL5_c.2871G>A,-5.060157,0.029973745,synonymous_variant,0.25,mmpLS5,4) Not assoc w R - Interim,0.029826112,1.0049497903045492,0.007123422709506311,mmpL5,Bedaquiline
mmpL5_c.2886C>G,-5.0711336,0.029746555,synonymous_variant,0.25,mmpLS5,4) Not assoc w R - Interim,0.029826112,0.997332639265889,-0.003853329500962585,mmpL5,Bedaquiline
mmpL5_c.2889G>A,-4.9534225,0.03227537,synonymous_variant,0.25,mmpLS5,4) Not assoc w R - Interim,0.029826112,1.082117910641521,0.11385770787976389,mmpL5,Bedaquiline
mmpL5_c.303C>T,-5.042874,0.03033498,synonymous_variant,0.25,mmpLS5,4) Not assoc w R - Interim,0.029826112,1.0170611576862583,0.024406433608248866,mmpL5,Bedaquiline
mmpL5_c.30G>A,-5.0612893,0.029950226,synonymous_variant,0.25,mmpLS5,4) Not assoc w R - Interim,0.029826112,1.00416125306577,0.005990962832676337,mmpL5,Bedaquiline
mmpL5_c.360C>T,-5.0681124,0.029808914,synonymous_variant,0.25,mmpLS5,4) Not assoc w R - Interim,0.029826112,0.9994233911547037,-0.0008321106458825468,mmpL5,Bedaquiline
mmpL5_c.375C>G,-5.046855,0.030251386,synonymous_variant,0.25,mmpLS5,4) Not assoc w R - Interim,0.029826112,1.0142584457538415,0.02042531594961115,mmpL5,Bedaquiline
mmpL5_c.3G>A,-5.0683613,0.029803772,initiator_codon_variant,0.25,mmpLS5,4) Not assoc w R - Interim,0.029826112,0.9992509918825491,-0.0010809951842726585,mmpL5,Bedaquiline
mmpL5_c.414C>A,-5.065531,0.029862303,synonymous_variant,0.25,mmpLS5,4) Not assoc w R - Interim,0.029826112,1.0012133998558042,0.0017495047447067958,mmpL5,Bedaquiline
mmpL5_c.462G>A,-5.066659,0.029838959,synonymous_variant,0.25,mmpLS5,4) Not assoc w R - Interim,0.029826112,1.0004307299590374,0.0006212781839054874,mmpL5,Bedaquiline
mmpL5_c.465C>T,-5.0663214,0.029845942,synonymous_variant,0.25,mmpLS5,4) Not assoc w R - Interim,0.029826112,1.000664853669161,0.0009588623751399065,mmpL5,Bedaquiline
mmpL5_c.480A>C,-5.049647,0.0301929,synonymous_variant,0.25,mmpLS5,4) Not assoc w R - Interim,0.029826112,1.0122975465256754,0.017633406438285898,mmpL5,Bedaquiline
mmpL5_c.495C>A,-5.072641,0.029715493,synonymous_variant,0.25,mmpLS5,4) Not assoc w R - Interim,0.029826112,0.9962912028225469,-0.005360610159588979,mmpL5,Bedaquiline
mmpL5_c.504G>C,-5.060617,0.029964186,synonymous_variant,0.25,mmpLS5,4) Not assoc w R - Interim,0.029826112,1.0046292993200052,0.006663255940894396,mmpL5,Bedaquiline
mmpL5_c.507C>T,-5.0572915,0.030033335,synonymous_variant,0.25,mmpLS5,4) Not assoc w R - Interim,0.029826112,1.0069477040788959,0.009988758791393913,mmpL5,Bedaquiline
mmpL5_c.576G>A,-5.0651174,0.02987086,synonymous_variant,0.25,mmpLS5,4) Not assoc w R - Interim,0.029826112,1.0015002961163695,0.0021628477163267053,mmpL5,Bedaquiline
mmpL5_c.636C>T,-5.063758,0.029899022,synonymous_variant,0.25,mmpLS5,4) Not assoc w R - Interim,0.029826112,1.0024445023206512,0.003522367909059889,mmpL5,Bedaquiline
mmpL5_c.661C>T,-4.9532566,0.03227908,synonymous_variant,0.25,mmpLS5,4) Not assoc w R - Interim,0.029826112,1.082242298292181,0.1140235337401839,mmpL5,Bedaquiline
mmpL5_c.678C>A,-5.0635376,0.029903587,synonymous_variant,0.25,mmpLS5,4) Not assoc w R - Interim,0.029826112,1.0025975561279996,0.003742622609802153,mmpL5,Bedaquiline
mmpL5_c.702G>A,-5.067739,0.02981663,synonymous_variant,0.25,mmpLS5,4) Not assoc w R - Interim,0.029826112,0.9996820906459415,-0.0004587191679736554,mmpL5,Bedaquiline
mmpL5_c.729C>G,-5.0631886,0.029910823,synonymous_variant,0.25,mmpLS5,4) Not assoc w R - Interim,0.029826112,1.0028401623382894,0.0040916803491261,mmpL5,Bedaquiline
mmpL5_c.738C>G,-5.060481,0.02996701,synonymous_variant,0.25,mmpLS5,4) Not assoc w R - Interim,0.029826112,1.0047239814562487,0.0067992175458816894,mmpL5,Bedaquiline
mmpL5_c.750C>T,-5.066412,0.029844068,synonymous_variant,0.25,mmpLS5,4) Not assoc w R - Interim,0.029826112,1.0006020228181267,0.0008682740000494604,mmpL5,Bedaquiline
mmpL5_c.762G>A,-5.1482496,0.028198268,synonymous_variant,0.25,mmpLS5,4) Not assoc w R - Interim,0.029826112,0.9454221857679607,-0.08096937476255528,mmpL5,Bedaquiline
mmpL5_c.768T>C,-5.061829,0.029939022,synonymous_variant,0.25,mmpLS5,4) Not assoc w R - Interim,0.029826112,1.0037856090663109,0.005451167929034062,mmpL5,Bedaquiline
mmpL5_c.777G>A,-5.037586,0.030446365,synonymous_variant,0.25,mmpLS5,4) Not assoc w R - Interim,0.029826112,1.0207956370578908,0.029694068062994485,mmpL5,Bedaquiline
mmpL5_c.798C>T,-5.063097,0.029912721,synonymous_variant,0.25,mmpLS5,4) Not assoc w R - Interim,0.029826112,1.002903797853371,0.004183224079418239,mmpL5,Bedaquiline
mmpL5_c.841C>T,-5.07748,0.02961599,synonymous_variant,0.25,mmpLS5,4) Not assoc w R - Interim,0.029826112,0.9929550992097126,-0.01019961339964532,mmpL5,Bedaquiline
mmpL5_c.855C>T,-5.073654,0.02969463,synonymous_variant,0.25,mmpLS5,4) Not assoc w R - Interim,0.029826112,0.9955917150716795,-0.006373870067343378,mmpL5,Bedaquiline
mmpL5_c.885G>A,-5.0723352,0.029721789,synonymous_variant,0.25,mmpLS5,4) Not assoc w R - Interim,0.029826112,0.9965022930243137,-0.0050549700729037176,mmpL5,Bedaquiline
mmpL5_c.891G>A,-5.139678,0.028366305,synonymous_variant,0.25,mmpLS5,4) Not assoc w R - Interim,0.029826112,0.951056074623471,-0.07239768945215554,mmpL5,Bedaquiline
mmpL5_c.894G>A,-5.038245,0.03043246,synonymous_variant,0.25,mmpLS5,4) Not assoc w R - Interim,0.029826112,1.0203294348254308,0.029035031858126586,mmpL5,Bedaquiline
mmpL5_c.894G>C,-5.0642757,0.029888293,synonymous_variant,0.25,mmpLS5,4) Not assoc w R - Interim,0.029826112,1.0020847839637965,0.003004576626415497,mmpL5,Bedaquiline
mmpL5_c.909C>T,-5.0694284,0.029781735,synonymous_variant,0.25,mmpLS5,4) Not assoc w R - Interim,0.029826112,0.9985121426486966,-0.002148122869050268,mmpL5,Bedaquiline
mmpL5_c.931C>T,-5.0672646,0.029826436,synonymous_variant,0.25,mmpLS5,4) Not assoc w R - Interim,0.029826112,1.00001086296464,1.5671860094253587e-05,mmpL5,Bedaquiline
mmpL5_c.972G>A,-5.0457783,0.03027397,synonymous_variant,0.25,mmpLS5,4) Not assoc w R - Interim,0.029826112,1.015015634622441,0.021501949891773956,mmpL5,Bedaquiline
mmpL5_c.984A>G,-5.0710354,0.02974858,synonymous_variant,0.25,mmpLS5,4) Not assoc w R - Interim,0.029826112,0.9974005327948879,-0.0037551212202712333,mmpL5,Bedaquiline
mmpL5_c.9G>A,-5.0642138,0.029889576,synonymous_variant,0.25,mmpLS5,4) Not assoc w R - Interim,0.029826112,1.0021277999626637,0.0030665051551072493,mmpL5,Bedaquiline
mmpL5_p.Ala136_Ala139del,-6.956969,0.008049034,inframe_deletion,0.25,mmpLS5,3) Uncertain significance,0.029826112,0.2698653448360953,-1.8896883720402795,mmpL5,Bedaquiline
mmpL5_p.Ala147Thr,-5.0800734,0.029562797,missense_variant,0.25,mmpLS5,3) Uncertain significance,0.029826112,0.9911716619316657,-0.012793154155300199,mmpL5,Bedaquiline
mmpL5_p.Ala199Thr,-5.088482,0.029390996,missense_variant,0.25,mmpLS5,3) Uncertain significance,0.029826112,0.985411574931389,-0.02120167682155932,mmpL5,Bedaquiline
mmpL5_p.Ala209Thr,-5.068227,0.029806549,missense_variant,0.25,mmpLS5,3) Uncertain significance,0.029826112,0.9993440982183667,-0.0009465767122951341,mmpL5,Bedaquiline
mmpL5_p.Ala20Thr,-5.0766287,0.029633468,missense_variant,0.25,mmpLS5,3) Uncertain significance,0.029826112,0.9935410958022286,-0.009348452038605804,mmpL5,Bedaquiline
mmpL5_p.Ala230Thr,-5.0810347,0.029543106,missense_variant,0.25,mmpLS5,3) Uncertain significance,0.029826112,0.9905114686084462,-0.013754415473010649,mmpL5,Bedaquiline
mmpL5_p.Ala230Val,-5.0606456,0.029963592,missense_variant,0.25,mmpLS5,3) Uncertain significance,0.029826112,1.0046093838848322,0.0066346561535198766,mmpL5,Bedaquiline
mmpL5_p.Ala273Gly,-5.0517263,0.030149411,missense_variant,0.25,mmpLS5,3) Uncertain significance,0.029826112,1.0108394617441254,0.015553891270357457,mmpL5,Bedaquiline
mmpL5_p.Ala273Thr,-5.068666,0.029797478,missense_variant,0.25,mmpLS5,3) Uncertain significance,0.029826112,0.9990399687361196,-0.0013856976064905663,mmpL5,Bedaquiline
mmpL5_p.Ala288Pro,-5.07382,0.029691214,missense_variant,0.25,mmpLS5,3) Uncertain significance,0.029826112,0.9954771845556002,-0.006539843839312091,mmpL5,Bedaquiline
mmpL5_p.Ala350del,-6.4329515,0.011574138,inframe_deletion,0.25,mmpLS5,3) Uncertain significance,0.029826112,0.38805386367489,-1.3656711758171667,mmpL5,Bedaquiline
mmpL5_p.Ala359Thr,-4.054586,0.060179424,missense_variant,0.25,mmpLS5,3) Uncertain significance,0.029826112,2.017675786907794,1.0126943715710859,mmpL5,Bedaquiline
mmpL5_p.Ala385Thr,-5.0898695,0.029362742,missense_variant,0.25,mmpLS5,3) Uncertain significance,0.029826112,0.9844642841815924,-0.02258922798732136,mmpL5,Bedaquiline
mmpL5_p.Ala397Ser,-5.069309,0.029784195,missense_variant,0.25,mmpLS5,3) Uncertain significance,0.029826112,0.9985946207135546,-0.002028959790337177,mmpL5,Bedaquiline
mmpL5_p.Ala401Val,-5.0896406,0.0293674,missense_variant,0.25,mmpLS5,3) Uncertain significance,0.029826112,0.9846204560621243,-0.02236038217541963,mmpL5,Bedaquiline
mmpL5_p.Ala434Thr,-5.0784774,0.02959552,missense_variant,0.25,mmpLS5,3) Uncertain significance,0.029826112,0.9922687878326214,-0.011197121102573294,mmpL5,Bedaquiline
mmpL5_p.Ala44Gly,-5.0677204,0.029817013,missense_variant,0.25,mmpLS5,3) Uncertain significance,0.029826112,0.9996949317430311,-0.0004401876085092594,mmpL5,Bedaquiline
mmpL5_p.Ala572Val,-5.0596995,0.029983247,missense_variant,0.25,mmpLS5,3) Uncertain significance,0.029826112,1.0052683702119807,0.00758070009904895,mmpL5,Bedaquiline
mmpL5_p.Ala667Ser,-5.0372,0.030454516,missense_variant,0.25,mmpLS5,3) Uncertain significance,0.029826112,1.0210689210849877,0.0300802499098058,mmpL5,Bedaquiline
mmpL5_p.Ala679Asp,-5.0971613,0.029214708,missense_variant,0.25,mmpLS5,3) Uncertain significance,0.029826112,0.9795010492819178,-0.029881056919248906,mmpL5,Bedaquiline
mmpL5_p.Ala69Val,-5.094009,0.029278614,missense_variant,0.25,mmpLS5,3) Uncertain significance,0.029826112,0.981643668474121,-0.02672866608850954,mmpL5,Bedaquiline
mmpL5_p.Ala800Ser,-5.0729136,0.029709876,missense_variant,0.25,mmpLS5,3) Uncertain significance,0.029826112,0.9961028779077877,-0.005633342772113556,mmpL5,Bedaquiline
mmpL5_p.Ala801Val,-5.072241,0.029723734,missense_variant,0.25,mmpLS5,3) Uncertain significance,0.029826112,0.9965675043398216,-0.004960562900961203,mmpL5,Bedaquiline
mmpL5_p.Ala896Thr,-5.2573366,0.026144719,missense_variant,0.25,mmpLS5,3) Uncertain significance,0.029826112,0.8765714753568954,-0.19005636221543534,mmpL5,Bedaquiline
mmpL5_p.Arg244Leu,-5.122906,0.028697995,missense_variant,0.25,mmpLS5,3) Uncertain significance,0.029826112,0.9621768670351671,-0.055625980787155097,mmpL5,Bedaquiline
mmpL5_p.Arg254Gln,-5.0681305,0.02980854,missense_variant,0.25,mmpLS5,3) Uncertain significance,0.029826112,0.9994108518066318,-0.0008502116518496264,mmpL5,Bedaquiline
mmpL5_p.Arg289His,-5.2816367,0.025708036,missense_variant,0.25,mmpLS5,3) Uncertain significance,0.029826112,0.8619305124315232,-0.21435652883437478,mmpL5,Bedaquiline
mmpL5_p.Arg328Gly,-5.0645313,0.029882997,missense_variant,0.25,mmpLS5,3) Uncertain significance,0.029826112,1.0019072214306712,0.00274891833439803,mmpL5,Bedaquiline
mmpL5_p.Arg380His,-5.0097284,0.031039983,missense_variant,0.25,mmpLS5,3) Uncertain significance,0.029826112,1.0406982646615155,0.057551840801979566,mmpL5,Bedaquiline
mmpL5_p.Arg717Gln,-5.070946,0.029750418,missense_variant,0.25,mmpLS5,3) Uncertain significance,0.029826112,0.997462156649851,-0.003665987837352766,mmpL5,Bedaquiline
mmpL5_p.Arg944Gln,-5.042839,0.030335711,missense_variant,0.25,mmpLS5,3) Uncertain significance,0.029826112,1.0170856664120353,0.024441198667211114,mmpL5,Bedaquiline
mmpL5_p.Asn458Asp,-5.115669,0.028842324,missense_variant,0.25,mmpLS5,3) Uncertain significance,0.029826112,0.9670158819225249,-0.04838851068399478,mmpL5,Bedaquiline
mmpL5_p.Asn466Ser,-5.0480013,0.030227358,missense_variant,0.25,mmpLS5,3) Uncertain significance,0.029826112,1.0134528429317238,0.019278960189763442,mmpL5,Bedaquiline
mmpL5_p.Asn685Asp,-5.0666294,0.029839572,missense_variant,0.25,mmpLS5,3) Uncertain significance,0.029826112,1.0004512824199145,0.0006509160468111133,mmpL5,Bedaquiline
mmpL5_p.Asn772Ser,-5.0644155,0.029885398,missense_variant,0.25,mmpLS5,3) Uncertain significance,0.029826112,1.0019877213630795,0.0028648294541474438,mmpL5,Bedaquiline
mmpL5_p.Asp110Gly,-5.0655365,0.029862184,missense_variant,0.25,mmpLS5,3) Uncertain significance,0.029826112,1.0012094100632358,0.0017437556552297934,mmpL5,Bedaquiline
mmpL5_p.Asp128Ala,-5.1264343,0.0286279,missense_variant,0.25,mmpLS5,3) Uncertain significance,0.029826112,0.9598267451017418,-0.05915408128306848,mmpL5,Bedaquiline
mmpL5_p.Asp128Asn,-5.107685,0.029002376,missense_variant,0.25,mmpLS5,3) Uncertain significance,0.029826112,0.9723820523439328,-0.04040482969159784,mmpL5,Bedaquiline
mmpL5_p.Asp128His,-5.0880394,0.029400013,missense_variant,0.25,mmpLS5,3) Uncertain significance,0.029826112,0.9857138939195293,-0.02075913359915258,mmpL5,Bedaquiline
mmpL5_p.Asp143Gly,-5.062047,0.0299345,missense_variant,0.25,mmpLS5,3) Uncertain significance,0.029826112,1.003633996948714,0.005233246324645891,mmpL5,Bedaquiline
mmpL5_p.Asp424Asn,-5.0782294,0.029600607,missense_variant,0.25,mmpLS5,3) Uncertain significance,0.029826112,0.9924393430830006,-0.010949166039869061,mmpL5,Bedaquiline
mmpL5_p.Asp455Gly,-5.0463824,0.030261295,missense_variant,0.25,mmpLS5,3) Uncertain significance,0.029826112,1.01459067142241,0.020897800891666297,mmpL5,Bedaquiline
mmpL5_p.Asp608Asn,-5.7791986,0.018209074,missense_variant,0.25,mmpLS5,3) Uncertain significance,0.029826112,0.61050779934039,-0.7119183688838091,mmpL5,Bedaquiline
mmpL5_p.Asp608Tyr,-5.3301697,0.024857592,missense_variant,0.25,mmpLS5,3) Uncertain significance,0.029826112,0.833417107801379,-0.26288937991183026,mmpL5,Bedaquiline
mmpL5_p.Asp681Glu,-5.0692024,0.0297864,missense_variant,0.25,mmpLS5,3) Uncertain significance,0.029826112,0.9986685492229092,-0.0019221573463926876,mmpL5,Bedaquiline
mmpL5_p.Asp767Ala,-6.0306616,0.015296426,missense_variant,0.25,mmpLS5,3) Uncertain significance,0.029826112,0.5128535023270885,-0.9633813190547036,mmpL5,Bedaquiline
mmpL5_p.Asp767Asn,-6.026408,0.01534159,missense_variant,0.25,mmpLS5,5) Not assoc w R,0.029826112,0.5143677459536128,-0.9591279153079852,mmpL5,Bedaquiline
mmpL5_p.Gln140His,-5.0649405,0.029874524,missense_variant,0.25,mmpLS5,3) Uncertain significance,0.029826112,1.001623141494272,0.002339799784672218,mmpL5,Bedaquiline
mmpL5_p.Gln333Glu,-5.045384,0.030282248,missense_variant,0.25,mmpLS5,3) Uncertain significance,0.029826112,1.0152931766634552,0.021896381050696852,mmpL5,Bedaquiline
mmpL5_p.Gln504*,-7.364206,0.0060695033,stop_gained,0.25,mmpLS5,3) Uncertain significance,0.029826112,0.20349629546083647,-2.2969255636338093,mmpL5,Bedaquiline
mmpL5_p.Gln60*,-7.3450212,0.006150753,stop_gained,0.25,mmpLS5,3) Uncertain significance,0.029826112,0.20622040847965703,-2.2777409796622807,mmpL5,Bedaquiline
mmpL5_p.Gln702*,-7.096101,0.007309048,stop_gained,0.25,mmpLS5,3) Uncertain significance,0.029826112,0.24505533942875293,-2.02882051339796,mmpL5,Bedaquiline
mmpL5_p.Gln707Lys,-5.2191257,0.026846433,missense_variant,0.25,mmpLS5,3) Uncertain significance,0.029826112,0.9000983098299906,-0.15184551193567952,mmpL5,Bedaquiline
mmpL5_p.Glu159Ala,-5.068001,0.02981122,missense_variant,0.25,mmpLS5,3) Uncertain significance,0.029826112,0.999500705958591,-0.0007205089253648024,mmpL5,Bedaquiline
mmpL5_p.Glu174Gln,-5.0875826,0.029409323,missense_variant,0.25,mmpLS5,3) Uncertain significance,0.029826112,0.9860260365145816,-0.020302352691342927,mmpL5,Bedaquiline
mmpL5_p.Glu512Ala,-5.0893884,0.029372536,missense_variant,0.25,mmpLS5,3) Uncertain significance,0.029826112,0.9847926541682671,-0.02210809447293076,mmpL5,Bedaquiline
mmpL5_p.Glu512Gln,-5.0883636,0.029393407,missense_variant,0.25,mmpLS5,3) Uncertain significance,0.029826112,0.9854924101404836,-0.02108333462301616,mmpL5,Bedaquiline
mmpL5_p.Glu524Gly,-5.0416145,0.03036147,missense_variant,0.25,mmpLS5,3) Uncertain significance,0.029826112,1.0179493056285716,0.025665716286547652,mmpL5,Bedaquiline
mmpL5_p.Glu552Gly,-5.14322,0.028296748,missense_variant,0.25,mmpLS5,3) Uncertain significance,0.029826112,0.9487239905757747,-0.0759396655389161,mmpL5,Bedaquiline
mmpL5_p.Glu566Asp,-5.0661044,0.02985043,missense_variant,0.25,mmpLS5,3) Uncertain significance,0.029826112,1.000815325846024,0.0011757872949896258,mmpL5,Bedaquiline
mmpL5_p.Glu723Asp,-5.0672274,0.029827205,missense_variant,0.25,mmpLS5,3) Uncertain significance,0.029826112,1.0000366457418253,5.2867661319596314e-05,mmpL5,Bedaquiline
mmpL5_p.Glu744Gln,-5.031491,0.030575274,missense_variant,0.25,mmpLS5,3) Uncertain significance,0.029826112,1.0251176552947967,0.035789500920168936,mmpL5,Bedaquiline
mmpL5_p.Glu830Asp,-5.0647182,0.029879127,missense_variant,0.25,mmpLS5,3) Uncertain significance,0.029826112,1.0017774693530286,0.0025620698945384244,mmpL5,Bedaquiline
mmpL5_p.Glu83Lys,-5.046157,0.030266028,missense_variant,0.25,mmpLS5,3) Uncertain significance,0.029826112,1.0147493578780902,0.021123427114800107,mmpL5,Bedaquiline
mmpL5_p.Gly102Asp,-5.060623,0.029964058,missense_variant,0.25,mmpLS5,3) Uncertain significance,0.029826112,1.0046250077784191,0.006657093071672546,mmpL5,Bedaquiline
mmpL5_p.Gly114Arg,-5.063388,0.029906692,missense_variant,0.25,mmpLS5,3) Uncertain significance,0.029826112,1.0027016595391314,0.003892415193313812,mmpL5,Bedaquiline
mmpL5_p.Gly131Arg,-5.071299,0.029743142,missense_variant,0.25,mmpLS5,3) Uncertain significance,0.029826112,0.9972182093328156,-0.004018868020345427,mmpL5,Bedaquiline
mmpL5_p.Gly138Asp,-5.0736284,0.029695159,missense_variant,0.25,mmpLS5,3) Uncertain significance,0.029826112,0.9956094512083908,-0.006348169161867915,mmpL5,Bedaquiline
mmpL5_p.Gly181Asp,-5.024581,0.030722067,missense_variant,0.25,mmpLS5,3) Uncertain significance,0.029826112,1.0300392823576872,0.04269935816768202,mmpL5,Bedaquiline
mmpL5_p.Gly246Ser,-5.024641,0.030720787,missense_variant,0.25,mmpLS5,3) Uncertain significance,0.029826112,1.029996366941826,0.042639248666498715,mmpL5,Bedaquiline
mmpL5_p.Gly257Arg,-5.02207,0.030775584,missense_variant,0.25,mmpLS5,3) Uncertain significance,0.029826112,1.031833582600374,0.04521030708159268,mmpL5,Bedaquiline
mmpL5_p.Gly305Ser,-5.057664,0.030025583,missense_variant,0.25,mmpLS5,3) Uncertain significance,0.029826112,1.0066877975915869,0.009616332101353138,mmpL5,Bedaquiline
mmpL5_p.Gly336Ser,-5.225304,0.026731709,missense_variant,0.25,mmpLS5,3) Uncertain significance,0.029826112,0.8962518815727641,-0.1580238523053483,mmpL5,Bedaquiline
mmpL5_p.Gly391Ser,-5.0599756,0.02997751,missense_variant,0.25,mmpLS5,3) Uncertain significance,0.029826112,1.0050760219769845,0.007304628151697366,mmpL5,Bedaquiline
mmpL5_p.Gly396Cys,-5.1137233,0.028881244,missense_variant,0.25,mmpLS5,3) Uncertain significance,0.029826112,0.9683207787860517,-0.046443041911165425,mmpL5,Bedaquiline
mmpL5_p.Gly477Arg,-5.262821,0.026045516,missense_variant,0.25,mmpLS5,3) Uncertain significance,0.029826112,0.8732454300446536,-0.1955409073034858,mmpL5,Bedaquiline
mmpL5_p.Gly559Ala,-5.021832,0.03078066,missense_variant,0.25,mmpLS5,3) Uncertain significance,0.029826112,1.0320037690463981,0.04544823972882015,mmpL5,Bedaquiline
mmpL5_p.Gly609Arg,-5.0392504,0.030411264,missense_variant,0.25,mmpLS5,3) Uncertain significance,0.029826112,1.0196187823609058,0.02802985455097417,mmpL5,Bedaquiline
mmpL5_p.Gly661Arg,-5.1367655,0.028423628,missense_variant,0.25,mmpLS5,3) Uncertain significance,0.029826112,0.9529779811730071,-0.06948521424584128,mmpL5,Bedaquiline
mmpL5_p.Gly704Cys,-5.241747,0.02642877,missense_variant,0.25,mmpLS5,3) Uncertain significance,0.029826112,0.8860950431621796,-0.1744666433477205,mmpL5,Bedaquiline
mmpL5_p.Gly748Asp,-5.2643747,0.026017483,missense_variant,0.25,mmpLS5,3) Uncertain significance,0.029826112,0.8723055489096266,-0.19709452790800322,mmpL5,Bedaquiline
mmpL5_p.Gly759Ser,-5.0828295,0.029506376,missense_variant,0.25,mmpLS5,3) Uncertain significance,0.029826112,0.9892799973392443,-0.015549188056654622,mmpL5,Bedaquiline
mmpL5_p.Gly79Ser,-5.070695,0.029755602,missense_variant,0.25,mmpLS5,3) Uncertain significance,0.029826112,0.9976359640840885,-0.0034146206274171366,mmpL5,Bedaquiline
mmpL5_p.Gly865Arg,-5.0114202,0.031003604,missense_variant,0.25,mmpLS5,3) Uncertain significance,0.029826112,1.0394785616040068,0.05586000409669148,mmpL5,Bedaquiline
mmpL5_p.Gly875Arg,-5.0854006,0.029453838,missense_variant,0.25,mmpLS5,3) Uncertain significance,0.029826112,0.9875185206841576,-0.018120289040765236,mmpL5,Bedaquiline
mmpL5_p.Gly876Asp,-5.302616,0.0253369,missense_variant,0.25,mmpLS5,3) Uncertain significance,0.029826112,0.8494871876025947,-0.23533590677344426,mmpL5,Bedaquiline
mmpL5_p.His122Arg,-5.0575037,0.030028919,missense_variant,0.25,mmpLS5,3) Uncertain significance,0.029826112,1.006799645894175,0.009776614195153922,mmpL5,Bedaquiline
mmpL5_p.His437Arg,-6.049617,0.015096764,missense_variant,0.25,mmpLS5,3) Uncertain significance,0.029826112,0.5061593009507911,-0.9823365864056125,mmpL5,Bedaquiline
mmpL5_p.His454Gln,-5.074464,0.029677968,missense_variant,0.25,mmpLS5,3) Uncertain significance,0.029826112,0.995033077056775,-0.007183610122927272,mmpL5,Bedaquiline
mmpL5_p.His494Tyr,-5.1140285,0.028875137,missense_variant,0.25,mmpLS5,3) Uncertain significance,0.029826112,0.968116025313658,-0.04674813507992017,mmpL5,Bedaquiline
mmpL5_p.His540Arg,-5.050298,0.030179271,missense_variant,0.25,mmpLS5,3) Uncertain significance,0.029826112,1.0118405979297604,0.016982030457577908,mmpL5,Bedaquiline
mmpL5_p.His590Pro,-5.0572014,0.03003521,missense_variant,0.25,mmpLS5,3) Uncertain significance,0.029826112,1.0070105684575985,0.010078824339095719,mmpL5,Bedaquiline
mmpL5_p.His656Tyr,-5.1175127,0.028805483,missense_variant,0.25,mmpLS5,3) Uncertain significance,0.029826112,0.9657806890821037,-0.050232477974445744,mmpL5,Bedaquiline
mmpL5_p.His77Asn,-5.067965,0.029811958,missense_variant,0.25,mmpLS5,3) Uncertain significance,0.029826112,0.9995254493780483,-0.0006847943265815083,mmpL5,Bedaquiline
mmpL5_p.Ile113Thr,-5.0656095,0.029860673,missense_variant,0.25,mmpLS5,3) Uncertain significance,0.029826112,1.0011587497559187,0.0016707547200185973,mmpL5,Bedaquiline
mmpL5_p.Ile215Val,-5.1055627,0.029045073,missense_variant,0.25,mmpLS5,3) Uncertain significance,0.029826112,0.9738135832119186,-0.038282470747970684,mmpL5,Bedaquiline
mmpL5_p.Ile282Leu,-5.100791,0.0291413,missense_variant,0.25,mmpLS5,3) Uncertain significance,0.029826112,0.9770398501822832,-0.033510688796161904,mmpL5,Bedaquiline
mmpL5_p.Ile484Thr,-5.0828257,0.029506454,missense_variant,0.25,mmpLS5,3) Uncertain significance,0.029826112,0.9892826124973984,-0.015545374302486618,mmpL5,Bedaquiline
mmpL5_p.Ile529Met,-5.0654664,0.029863635,missense_variant,0.25,mmpLS5,3) Uncertain significance,0.029826112,1.0012580587104347,0.001813854334152738,mmpL5,Bedaquiline
mmpL5_p.Ile555_Gly559del,-6.913883,0.00829304,inframe_deletion,0.25,mmpLS5,3) Uncertain significance,0.029826112,0.27804629715063095,-1.8466029705409868,mmpL5,Bedaquiline
mmpL5_p.Ile59Thr,-5.0702486,0.029764809,missense_variant,0.25,mmpLS5,3) Uncertain significance,0.029826112,0.9979446533292707,-0.0029682899276035953,mmpL5,Bedaquiline
mmpL5_p.Ile732Val,-5.019165,0.030837614,missense_variant,0.25,mmpLS5,3) Uncertain significance,0.029826112,1.0339133038862056,0.04811521728026279,mmpL5,Bedaquiline
mmpL5_p.Ile787Met,-5.06972,0.02977572,missense_variant,0.25,mmpLS5,3) Uncertain significance,0.029826112,0.998310473721818,-0.002439532590988565,mmpL5,Bedaquiline
mmpL5_p.Ile829Val,-5.048057,0.03022619,missense_variant,0.25,mmpLS5,3) Uncertain significance,0.029826112,1.0134136826147506,0.01922321266579799,mmpL5,Bedaquiline
mmpL5_p.Ile841Val,-5.126827,0.028620115,missense_variant,0.25,mmpLS5,3) Uncertain significance,0.029826112,0.9595657322013679,-0.05954645754144357,mmpL5,Bedaquiline
mmpL5_p.Ile910Val,-5.067624,0.029819004,missense_variant,0.25,mmpLS5,3) Uncertain significance,0.029826112,0.9997616853312963,-0.0003438563653454541,mmpL5,Bedaquiline
mmpL5_p.Ile948Ala,-4.9232855,0.032956675,missense_variant,0.25,mmpLS5,3) Uncertain significance,0.029826112,1.1049604789253122,0.14399476972701433,mmpL5,Bedaquiline
mmpL5_p.Ile948Val,-5.058887,0.030000139,missense_variant,0.25,mmpLS5,4) Not assoc w R - Interim,0.029826112,1.0058347195906727,0.008393258605663294,mmpL5,Bedaquiline
mmpL5_p.Leu116Val,-5.0781207,0.029602839,missense_variant,0.25,mmpLS5,3) Uncertain significance,0.029826112,0.9925141768394083,-0.010840385367447202,mmpL5,Bedaquiline
mmpL5_p.Leu219Phe,-5.0097733,0.031039018,missense_variant,0.25,mmpLS5,3) Uncertain significance,0.029826112,1.0406659104612765,0.05750698825306158,mmpL5,Bedaquiline
mmpL5_p.Leu329Arg,-5.147587,0.028211227,missense_variant,0.25,mmpLS5,3) Uncertain significance,0.029826112,0.9458566708258858,-0.08030651169796729,mmpL5,Bedaquiline
mmpL5_p.Leu335Val,-4.99912,0.031269062,missense_variant,0.25,mmpLS5,3) Uncertain significance,0.029826112,1.0483787494662395,0.06816001578928087,mmpL5,Bedaquiline
mmpL5_p.Leu523Pro,-5.071855,0.029731683,missense_variant,0.25,mmpLS5,3) Uncertain significance,0.029826112,0.9968340157778527,-0.004574795429231838,mmpL5,Bedaquiline
mmpL5_p.Leu600Arg,-5.221353,0.026805019,missense_variant,0.25,mmpLS5,3) Uncertain significance,0.029826112,0.8987097949608719,-0.15407276887143337,mmpL5,Bedaquiline
mmpL5_p.Leu653Met,-5.073658,0.02969455,missense_variant,0.25,mmpLS5,3) Uncertain significance,0.029826112,0.9955890328581882,-0.0063777568225829966,mmpL5,Bedaquiline
mmpL5_p.Leu691Arg,-5.0639377,0.029895296,missense_variant,0.25,mmpLS5,3) Uncertain significance,0.029826112,1.002319578227293,0.003342568827504547,mmpL5,Bedaquiline
mmpL5_p.Leu709Ile,-4.2984324,0.05082097,missense_variant,0.25,mmpLS5,3) Uncertain significance,0.029826112,1.7039086421991576,0.7688479852236503,mmpL5,Bedaquiline
mmpL5_p.Leu751Phe,-5.069824,0.029773565,missense_variant,0.25,mmpLS5,3) Uncertain significance,0.029826112,0.9982382215958956,-0.0025439505639154878,mmpL5,Bedaquiline
mmpL5_p.Leu810Phe,-5.094839,0.029261772,missense_variant,0.25,mmpLS5,3) Uncertain significance,0.029826112,0.9810789954788609,-0.027558789434434836,mmpL5,Bedaquiline
mmpL5_p.Leu818Met,-5.0554404,0.030071894,missense_variant,0.25,mmpLS5,3) Uncertain significance,0.029826112,1.0082404974540429,0.01183980857985941,mmpL5,Bedaquiline
mmpL5_p.Leu836Phe,-5.086516,0.029431077,missense_variant,0.25,mmpLS5,3) Uncertain significance,0.029826112,0.9867553974182086,-0.0192355894011735,mmpL5,Bedaquiline
mmpL5_p.Leu95Arg,-5.0891705,0.029376972,missense_variant,0.25,mmpLS5,3) Uncertain significance,0.029826112,0.9849413829063608,-0.021890227279437086,mmpL5,Bedaquiline
mmpL5_p.Lys467Arg,-5.063258,0.02990938,missense_variant,0.25,mmpLS5,3) Uncertain significance,0.029826112,1.0027917819124397,0.0040220781465254065,mmpL5,Bedaquiline
mmpL5_p.Lys646Gln,-5.1111345,0.028933115,missense_variant,0.25,mmpLS5,3) Uncertain significance,0.029826112,0.9700598924861544,-0.04385427137595674,mmpL5,Bedaquiline
mmpL5_p.Lys649Thr,-5.1014776,0.029127434,missense_variant,0.25,mmpLS5,3) Uncertain significance,0.029826112,0.9765749555289004,-0.03419731465676722,mmpL5,Bedaquiline
mmpL5_p.Lys766_Asp770delinsAsn,-6.438985,0.011525835,inframe_deletion,0.25,mmpLS5,3) Uncertain significance,0.029826112,0.38643437669650005,-1.3717046547417813,mmpL5,Bedaquiline
mmpL5_p.Lys80Gln,-5.0761533,0.029643236,missense_variant,0.25,mmpLS5,3) Uncertain significance,0.029826112,0.9938685940695188,-0.008872978730003372,mmpL5,Bedaquiline
mmpL5_p.Met218Val,-5.075768,0.029651152,missense_variant,0.25,mmpLS5,3) Uncertain significance,0.029826112,0.9941339990944847,-0.008487769458207771,mmpL5,Bedaquiline
mmpL5_p.Met443Thr,-5.1454124,0.028253777,missense_variant,0.25,mmpLS5,3) Uncertain significance,0.029826112,0.9472832731265812,-0.07813218490222366,mmpL5,Bedaquiline
mmpL5_p.Met503Arg,-5.3096647,0.025213413,missense_variant,0.25,mmpLS5,3) Uncertain significance,0.029826112,0.845346956385063,-0.24238450553862317,mmpL5,Bedaquiline
mmpL5_p.Met503Ile,-5.070225,0.0297653,missense_variant,0.25,mmpLS5,3) Uncertain significance,0.029826112,0.9979611154145738,-0.002944491440518838,mmpL5,Bedaquiline
mmpL5_p.Met560Leu,-5.064872,0.029875945,missense_variant,0.25,mmpLS5,3) Uncertain significance,0.029826112,1.0016707843114114,0.002408420824399421,mmpL5,Bedaquiline
mmpL5_p.Met560Thr,-5.037798,0.030441897,missense_variant,0.25,mmpLS5,3) Uncertain significance,0.029826112,1.0206458354344006,0.029482337222187672,mmpL5,Bedaquiline
mmpL5_p.Met638Leu,-5.071577,0.029737413,missense_variant,0.25,mmpLS5,3) Uncertain significance,0.029826112,0.9970261293191685,-0.004296780689950225,mmpL5,Bedaquiline
mmpL5_p.Met638_Met641del,-6.8883595,0.008441064,inframe_deletion,0.25,mmpLS5,3) Uncertain significance,0.029826112,0.283009196773619,-1.8210791587061526,mmpL5,Bedaquiline
mmpL5_p.Met645Ile,-5.072565,0.029717054,missense_variant,0.25,mmpLS5,3) Uncertain significance,0.029826112,0.9963435395132964,-0.005284825187447408,mmpL5,Bedaquiline
mmpL5_p.Met655Thr,-5.0740414,0.029686661,missense_variant,0.25,mmpLS5,3) Uncertain significance,0.029826112,0.9953245330802755,-0.006761090912705734,mmpL5,Bedaquiline
mmpL5_p.Met666Ile,-5.0740566,0.029686347,missense_variant,0.25,mmpLS5,3) Uncertain significance,0.029826112,0.995314005392322,-0.006776350582313407,mmpL5,Bedaquiline
mmpL5_p.Met676Val,-5.065716,0.029858474,missense_variant,0.25,mmpLS5,3) Uncertain significance,0.029826112,1.001085022412576,0.0015645078442435834,mmpL5,Bedaquiline
mmpL5_p.Met72Thr,-5.05678,0.030043988,missense_variant,0.25,mmpLS5,3) Uncertain significance,0.029826112,1.0073048743329336,0.01050040044465692,mmpL5,Bedaquiline
mmpL5_p.Met892Ile,-5.0967526,0.029222986,missense_variant,0.25,mmpLS5,3) Uncertain significance,0.029826112,0.9797785913229321,-0.029472326566940345,mmpL5,Bedaquiline
mmpL5_p.Met892Thr,-5.062414,0.029926883,missense_variant,0.25,mmpLS5,3) Uncertain significance,0.029826112,1.0033786166966718,0.004866097834750258,mmpL5,Bedaquiline
mmpL5_p.Met892Val,-5.1516647,0.028131597,missense_variant,0.25,mmpLS5,3) Uncertain significance,0.029826112,0.9431868625719639,-0.08438447138974092,mmpL5,Bedaquiline
mmpL5_p.Met903Ile,-5.0904894,0.029350128,missense_variant,0.25,mmpLS5,3) Uncertain significance,0.029826112,0.9840413661693486,-0.02320913144377876,mmpL5,Bedaquiline
mmpL5_p.Met912Thr,-5.0722575,0.029723391,missense_variant,0.25,mmpLS5,3) Uncertain significance,0.029826112,0.9965560043494774,-0.00497721112067019,mmpL5,Bedaquiline
mmpL5_p.Phe129Ser,-5.063035,0.029914007,missense_variant,0.25,mmpLS5,3) Uncertain significance,0.029826112,1.0029469144352439,0.00424524671996324,mmpL5,Bedaquiline
mmpL5_p.Phe696Leu,-5.0499535,0.030186484,missense_variant,0.25,mmpLS5,3) Uncertain significance,0.029826112,1.0120824330036715,0.017326800745946083,mmpL5,Bedaquiline
mmpL5_p.Phe816Leu,-5.0840774,0.029480865,missense_variant,0.25,mmpLS5,3) Uncertain significance,0.029826112,0.9884246729845312,-0.016797071322894777,mmpL5,Bedaquiline
mmpL5_p.Phe82Leu,-5.062954,0.029915689,missense_variant,0.25,mmpLS5,3) Uncertain significance,0.029826112,1.003003307973899,0.0043263640654171535,mmpL5,Bedaquiline
mmpL5_p.Phe890Ser,-5.0799913,0.02956448,missense_variant,0.25,mmpLS5,3) Uncertain significance,0.029826112,0.9912280889979895,-0.012711024354041823,mmpL5,Bedaquiline
mmpL5_p.Phe916Ser,-5.129158,0.028573904,missense_variant,0.25,mmpLS5,3) Uncertain significance,0.029826112,0.9580163851057758,-0.06187776407340395,mmpL5,Bedaquiline
mmpL5_p.Pro179Thr,-5.0113945,0.031004157,missense_variant,0.25,mmpLS5,3) Uncertain significance,0.029826112,1.0394971024047654,0.055885736693539495,mmpL5,Bedaquiline
mmpL5_p.Pro180Leu,-5.035219,0.030496359,missense_variant,0.25,mmpLS5,3) Uncertain significance,0.029826112,1.0224718193239535,0.032061081130990564,mmpL5,Bedaquiline
mmpL5_p.Pro390Ser,-5.0706573,0.029756378,missense_variant,0.25,mmpLS5,3) Uncertain significance,0.029826112,0.9976619815549543,-0.0033769968968070997,mmpL5,Bedaquiline
mmpL5_p.Pro445Leu,-5.053127,0.030120159,missense_variant,0.25,mmpLS5,3) Uncertain significance,0.029826112,1.0098587103810246,0.014153459223144827,mmpL5,Bedaquiline
mmpL5_p.Pro927Arg,-6.3375435,0.012365432,missense_variant,0.25,mmpLS5,3) Uncertain significance,0.029826112,0.41458410670489004,-1.2702632838368841,mmpL5,Bedaquiline
mmpL5_p.Pro947Ser,-5.0740986,0.029685484,missense_variant,0.25,mmpLS5,3) Uncertain significance,0.029826112,0.9952850710142845,-0.006818291206323019,mmpL5,Bedaquiline
mmpL5_p.Pro953Ser,-5.061534,0.029945148,missense_variant,0.25,mmpLS5,3) Uncertain significance,0.029826112,1.0039909995644087,0.005746336079525883,mmpL5,Bedaquiline
mmpL5_p.Ser125Cys,-5.0737906,0.029691823,missense_variant,0.25,mmpLS5,3) Uncertain significance,0.029826112,0.9954976029058028,-0.006510252854265983,mmpL5,Bedaquiline
mmpL5_p.Ser439Ala,-5.065194,0.029869271,missense_variant,0.25,mmpLS5,3) Uncertain significance,0.029826112,1.001447020650898,0.002086100565554091,mmpL5,Bedaquiline
mmpL5_p.Ser439Pro,-5.1002636,0.029151954,missense_variant,0.25,mmpLS5,3) Uncertain significance,0.029826112,0.9773970539639898,-0.032983338817147954,mmpL5,Bedaquiline
mmpL5_p.Ser452Asn,-5.0706615,0.029756289,missense_variant,0.25,mmpLS5,3) Uncertain significance,0.029826112,0.9976589975924451,-0.0033813119398094114,mmpL5,Bedaquiline
mmpL5_p.Ser507Asn,-5.0696306,0.02977756,missense_variant,0.25,mmpLS5,3) Uncertain significance,0.029826112,0.9983721646321184,-0.0023503835507985857,mmpL5,Bedaquiline
mmpL5_p.Ser541Arg,-5.0625362,0.029924352,missense_variant,0.25,mmpLS5,3) Uncertain significance,0.029826112,1.0032937581673402,0.004744079929834312,mmpL5,Bedaquiline
mmpL5_p.Ser583Asn,-5.0656934,0.029858937,missense_variant,0.25,mmpLS5,3) Uncertain significance,0.029826112,1.001100545723157,0.0015868788008124512,mmpL5,Bedaquiline
mmpL5_p.Ser599Leu,-5.0449605,0.030291136,missense_variant,0.25,mmpLS5,3) Uncertain significance,0.029826112,1.0155911705823408,0.022319757549373157,mmpL5,Bedaquiline
mmpL5_p.Ser654Thr,-5.070141,0.02976703,missense_variant,0.25,mmpLS5,3) Uncertain significance,0.029826112,0.9980191182813235,-0.002860642465636172,mmpL5,Bedaquiline
mmpL5_p.Ser65Arg,-5.05865,0.030005068,missense_variant,0.25,mmpLS5,3) Uncertain significance,0.029826112,1.0059999774694066,0.0086302728325298,mmpL5,Bedaquiline
mmpL5_p.Ser71Pro,-5.0707397,0.029754676,missense_variant,0.25,mmpLS5,3) Uncertain significance,0.029826112,0.9976049174629266,-0.003459518270408059,mmpL5,Bedaquiline
mmpL5_p.Ser782Ala,-5.0627003,0.029920949,missense_variant,0.25,mmpLS5,3) Uncertain significance,0.029826112,1.0031796635109531,0.004580007190708409,mmpL5,Bedaquiline
mmpL5_p.Ser879Leu,-5.04582,0.030273091,missense_variant,0.25,mmpLS5,3) Uncertain significance,0.029826112,1.014986163801705,0.021460060858017667,mmpL5,Bedaquiline
mmpL5_p.Ser894*,-5.6306486,0.020183936,stop_gained,0.25,mmpLS5,3) Uncertain significance,0.029826112,0.6767203180890624,-0.563368389705809,mmpL5,Bedaquiline
mmpL5_p.Thr10Ala,-5.051705,0.03014986,missense_variant,0.25,mmpLS5,3) Uncertain significance,0.029826112,1.0108545156673454,0.015575376441326417,mmpL5,Bedaquiline
mmpL5_p.Thr120Ala,-5.0735683,0.029696396,missense_variant,0.25,mmpLS5,3) Uncertain significance,0.029826112,0.9956509249345004,-0.006288072612254505,mmpL5,Bedaquiline
mmpL5_p.Thr234Met,-5.0643773,0.029886188,missense_variant,0.25,mmpLS5,3) Uncertain significance,0.029826112,1.0020142082213064,0.002902965604069081,mmpL5,Bedaquiline
mmpL5_p.Thr327Ile,-5.122342,0.02870922,missense_variant,0.25,mmpLS5,3) Uncertain significance,0.029826112,0.9625532151156678,-0.05506179205093572,mmpL5,Bedaquiline
mmpL5_p.Thr519Ala,-5.0709257,0.02975084,missense_variant,0.25,mmpLS5,3) Uncertain significance,0.029826112,0.9974763053260177,-0.0036455238227175242,mmpL5,Bedaquiline
mmpL5_p.Thr606Ala,-5.0632424,0.029909706,missense_variant,0.25,mmpLS5,3) Uncertain significance,0.029826112,1.002802711932417,0.004037802846275673,mmpL5,Bedaquiline
mmpL5_p.Thr6Ala,-5.0653505,0.029866034,missense_variant,0.25,mmpLS5,3) Uncertain significance,0.029826112,1.0013384915875057,0.001929743990429039,mmpL5,Bedaquiline
mmpL5_p.Thr794Ile,-5.0524898,0.030133462,missense_variant,0.25,mmpLS5,4) Not assoc w R - Interim,0.029826112,1.0103047289569622,0.01479050549927761,mmpL5,Bedaquiline
mmpL5_p.Trp39*,-7.173415,0.006927665,stop_gained,0.25,mmpLS5,3) Uncertain significance,0.029826112,0.23226845657925516,-2.1061348538987854,mmpL5,Bedaquiline
mmpL5_p.Trp598Arg,-4.4702754,0.045114174,missense_variant,0.25,mmpLS5,3) Uncertain significance,0.029826112,1.512573076906571,0.597004844961718,mmpL5,Bedaquiline
mmpL5_p.Trp598Cys,-4.984194,0.031594258,missense_variant,0.25,mmpLS5,3) Uncertain significance,0.029826112,1.059281813197778,0.08308645752262764,mmpL5,Bedaquiline
mmpL5_p.Trp598Gly,-4.7647605,0.03678444,missense_variant,0.25,mmpLS5,3) Uncertain significance,0.029826112,1.2332965154828093,0.3025197015962032,mmpL5,Bedaquiline
mmpL5_p.Trp823Arg,-5.3512077,0.024497736,missense_variant,0.25,mmpLS5,3) Uncertain significance,0.029826112,0.8213519750747265,-0.28392750031822434,mmpL5,Bedaquiline
mmpL5_p.Trp833*,-6.1563115,0.014020567,stop_gained,0.25,mmpLS5,3) Uncertain significance,0.029826112,0.4700769245418243,-1.089031232620263,mmpL5,Bedaquiline
mmpL5_p.Trp936Arg,-6.729478,0.009423784,missense_variant,0.25,mmpLS5,3) Uncertain significance,0.029826112,0.3159575073009851,-1.662197549549239,mmpL5,Bedaquiline
mmpL5_p.Trp938Arg,-6.069162,0.014893618,missense_variant,0.25,mmpLS5,3) Uncertain significance,0.029826112,0.49934828917694674,-1.0018816665140298,mmpL5,Bedaquiline
mmpL5_p.Trp952Leu,-5.043831,0.030314863,missense_variant,0.25,mmpLS5,3) Uncertain significance,0.029826112,1.0163866815761975,0.023449375988102785,mmpL5,Bedaquiline
mmpL5_p.Tyr185*,-7.14574,0.0070618405,stop_gained,0.25,mmpLS5,3) Uncertain significance,0.029826112,0.23676704828306153,-2.078459784978642,mmpL5,Bedaquiline
mmpL5_p.Tyr299Cys,-5.0977855,0.029202072,missense_variant,0.25,mmpLS5,3) Uncertain significance,0.029826112,0.9790773936609639,-0.030505189054604344,mmpL5,Bedaquiline
mmpL5_p.Tyr300*,-6.0828996,0.014752471,stop_gained,0.25,mmpLS5,3) Uncertain significance,0.029826112,0.49461595933120617,-1.0156193042567045,mmpL5,Bedaquiline
mmpL5_p.Tyr411Asp,-5.0783286,0.029598571,missense_variant,0.25,mmpLS5,3) Uncertain significance,0.029826112,0.9923710807496465,-0.01104840144156364,mmpL5,Bedaquiline
mmpL5_p.Tyr415Cys,-5.071539,0.029738199,missense_variant,0.25,mmpLS5,3) Uncertain significance,0.029826112,0.9970524820667207,-0.004258648814915248,mmpL5,Bedaquiline
mmpL5_p.Tyr514Cys,-5.0946264,0.029266085,missense_variant,0.25,mmpLS5,3) Uncertain significance,0.029826112,0.9812236003137118,-0.02734616098563911,mmpL5,Bedaquiline
mmpL5_p.Tyr586*,-7.29197,0.0063811415,stop_gained,0.25,mmpLS5,3) Uncertain significance,0.029826112,0.2139447977664672,-2.2246894957472567,mmpL5,Bedaquiline
mmpL5_p.Val123Ile,-5.072736,0.029713538,missense_variant,0.25,mmpLS5,3) Uncertain significance,0.029826112,0.9962256562303529,-0.00545552904884202,mmpL5,Bedaquiline
mmpL5_p.Val149Ile,-5.0712223,0.029744726,missense_variant,0.25,mmpLS5,3) Uncertain significance,0.029826112,0.9972713171599437,-0.003942037936426245,mmpL5,Bedaquiline
mmpL5_p.Val151Gly,-5.0651746,0.029869676,missense_variant,0.25,mmpLS5,3) Uncertain significance,0.029826112,1.001460599356698,0.0021056620583797653,mmpL5,Bedaquiline
mmpL5_p.Val182Ile,-5.063613,0.029902026,missense_variant,0.25,mmpLS5,3) Uncertain significance,0.029826112,1.0025452194372502,0.003667310382525346,mmpL5,Bedaquiline
mmpL5_p.Val186Ile,-5.065248,0.029868156,missense_variant,0.25,mmpLS5,3) Uncertain significance,0.029826112,1.001409637300363,0.002032244714990808,mmpL5,Bedaquiline
mmpL5_p.Val214Leu,-5.1701016,0.027774377,missense_variant,0.25,mmpLS5,3) Uncertain significance,0.029826112,0.9312101087798503,-0.10282137533596653,mmpL5,Bedaquiline
mmpL5_p.Val222Gly,-5.061221,0.029951641,missense_variant,0.25,mmpLS5,3) Uncertain significance,0.029826112,1.0042086947168978,0.006059121425570994,mmpL5,Bedaquiline
mmpL5_p.Val247Ala,-5.0636225,0.029901829,missense_variant,0.25,mmpLS5,3) Uncertain significance,0.029826112,1.0025386144865278,0.003657805613207202,mmpL5,Bedaquiline
mmpL5_p.Val267Gly,-5.069933,0.02977132,missense_variant,0.25,mmpLS5,3) Uncertain significance,0.029826112,0.9981629519797955,-0.0026527374183472714,mmpL5,Bedaquiline
mmpL5_p.Val268Met,-5.0555573,0.03006946,missense_variant,0.25,mmpLS5,3) Uncertain significance,0.029826112,1.0081588911085695,0.011723033033654027,mmpL5,Bedaquiline
mmpL5_p.Val337Met,-5.0044127,0.031154564,missense_variant,0.25,mmpLS5,3) Uncertain significance,0.029826112,1.0445398984621261,0.06286760031703173,mmpL5,Bedaquiline
mmpL5_p.Val344Leu,-4.971287,0.031878185,missense_variant,0.25,mmpLS5,3) Uncertain significance,0.029826112,1.0688012235721507,0.09599356453431795,mmpL5,Bedaquiline
mmpL5_p.Val346Ala,-5.061372,0.029948514,missense_variant,0.25,mmpLS5,3) Uncertain significance,0.029826112,1.004103853697056,0.0059084938555102875,mmpL5,Bedaquiline
mmpL5_p.Val360Met,-5.041437,0.030365204,missense_variant,0.25,mmpLS5,3) Uncertain significance,0.029826112,1.0180744979432788,0.025843134970451303,mmpL5,Bedaquiline
mmpL5_p.Val376Ala,-5.0515966,0.030152122,missense_variant,0.25,mmpLS5,3) Uncertain significance,0.029826112,1.0109303552538125,0.01568361089982305,mmpL5,Bedaquiline
mmpL5_p.Val382Ala,-5.1081195,0.028993644,missense_variant,0.25,mmpLS5,3) Uncertain significance,0.029826112,0.9720892887413553,-0.04083925995740701,mmpL5,Bedaquiline
mmpL5_p.Val41Ile,-5.0772314,0.02962109,missense_variant,0.25,mmpLS5,3) Uncertain significance,0.029826112,0.9931260903197843,-0.009951196538898085,mmpL5,Bedaquiline
mmpL5_p.Val481Met,-5.0813937,0.029535756,missense_variant,0.25,mmpLS5,3) Uncertain significance,0.029826112,0.9902650402439312,-0.014113386795282939,mmpL5,Bedaquiline
mmpL5_p.Val612Gly,-5.1460094,0.028242087,missense_variant,0.25,mmpLS5,3) Uncertain significance,0.029826112,0.9468913346801622,-0.07872922348432893,mmpL5,Bedaquiline
mmpL5_p.Val612Ile,-5.0640926,0.029892085,missense_variant,0.25,mmpLS5,3) Uncertain significance,0.029826112,1.0022119208832851,0.003187603224286531,mmpL5,Bedaquiline
mmpL5_p.Val695Ile,-5.0584917,0.03000836,missense_variant,0.25,mmpLS5,3) Uncertain significance,0.029826112,1.0061103505545745,0.008788549146269984,mmpL5,Bedaquiline
mmpL5_p.Val820Leu,-5.0688677,0.029793313,missense_variant,0.25,mmpLS5,3) Uncertain significance,0.029826112,0.9989003259962277,-0.0015873671851034576,mmpL5,Bedaquiline
mmpL5_p.Val840Ile,-5.0647407,0.029878661,missense_variant,0.25,mmpLS5,3) Uncertain significance,0.029826112,1.0017618454594417,0.0025395691992628226,mmpL5,Bedaquiline
mmpL5_p.Val846Ile,-5.0781884,0.02960145,missense_variant,0.25,mmpLS5,3) Uncertain significance,0.029826112,0.9924676069076654,-0.010908079902623763,mmpL5,Bedaquiline
mmpL5_p.Val942Ile,-5.0704746,0.029760145,missense_variant,0.25,mmpLS5,3) Uncertain significance,0.029826112,0.9977882802827267,-0.003194370898098127,mmpL5,Bedaquiline
mmpL5_p.Val964Leu,-5.091859,0.029322281,missense_variant,0.25,mmpLS5,3) Uncertain significance,0.029826112,0.9831077211806889,-0.02457859053042573,mmpL5,Bedaquiline
mmpS5_c.-14A>C,-5.064287,0.029888054,upstream_gene_variant,0.25,Rv0678,3) Uncertain significance,0.029826112,1.0020767708509912,0.002993040153142102,mmpS5,Bedaquiline
mmpS5_c.-19G>A,-5.0692606,0.0297852,upstream_gene_variant,0.25,Rv0678,3) Uncertain significance,0.029826112,0.9986283160205394,-0.001980280144816798,mmpS5,Bedaquiline
mmpS5_c.-20T>C,-5.064414,0.029885428,upstream_gene_variant,0.25,Rv0678,3) Uncertain significance,0.029826112,1.0019887271931387,0.002866277680786525,mmpS5,Bedaquiline
mmpS5_c.-22C>T,-5.068807,0.029794563,upstream_gene_variant,0.25,mmpLS5,3) Uncertain significance,0.029826112,0.9989422355820297,-0.0015268391407281129,mmpS5,Bedaquiline
mmpS5_c.-31C>G,-5.0608964,0.029958384,upstream_gene_variant,0.25,mmpLS5,3) Uncertain significance,0.029826112,1.0044347717865474,0.006383878182116973,mmpS5,Bedaquiline
mmpS5_c.-34C>T,-5.054551,0.030090436,upstream_gene_variant,0.25,mmpLS5,3) Uncertain significance,0.029826112,1.0088621674859937,0.012729084387334146,mmpS5,Bedaquiline
mmpS5_c.-36A>G,-5.068328,0.02980446,upstream_gene_variant,0.25,mmpLS5,3) Uncertain significance,0.029826112,0.9992740589185746,-0.0010476919254817428,mmpS5,Bedaquiline
mmpS5_c.-39C>T,-5.0669084,0.029833801,upstream_gene_variant,0.25,mmpLS5,3) Uncertain significance,0.029826112,1.0002577942441844,0.0003718705466704682,mmpS5,Bedaquiline
mmpS5_c.-519_-82del,-5.067177,0.02982825,upstream_gene_variant,0.25,mmpLS5,3) Uncertain significance,0.029826112,1.0000716821555555,0.00010341178399468021,mmpS5,Bedaquiline
mmpS5_c.-51G>A,-5.0440617,0.030310014,upstream_gene_variant,0.25,Rv0678,3) Uncertain significance,0.029826112,1.016224105910955,0.023218591906901665,mmpS5,Bedaquiline
mmpS5_c.-55G>C,-5.063574,0.029902836,upstream_gene_variant,0.25,Rv0678,3) Uncertain significance,0.029826112,1.0025723768488497,0.0037063902480783594,mmpS5,Bedaquiline
mmpS5_c.-56C>T,-5.0650454,0.029872352,upstream_gene_variant,0.25,Rv0678,3) Uncertain significance,0.029826112,1.0015503193979827,0.0022349061453732512,mmpS5,Bedaquiline
mmpS5_c.-60G>A,-5.0609145,0.029958008,upstream_gene_variant,0.25,mmpLS5,3) Uncertain significance,0.029826112,1.0044221653831382,0.006365771172757002,mmpS5,Bedaquiline
mmpS5_c.-63T>G,-5.062382,0.029927546,upstream_gene_variant,0.25,mmpLS5,3) Uncertain significance,0.029826112,1.003400845540981,0.004898058938652723,mmpS5,Bedaquiline
mmpS5_c.-65A>G,-5.066224,0.029847955,upstream_gene_variant,0.25,mmpLS5,3) Uncertain significance,0.029826112,1.000732344866136,0.0010561636157810472,mmpS5,Bedaquiline
mmpS5_c.-71C>A,-5.05361,0.030110076,upstream_gene_variant,0.25,Rv0678,3) Uncertain significance,0.029826112,1.0095206508981125,0.01367042294632562,mmpS5,Bedaquiline
mmpS5_c.-71C>T,-5.056594,0.030047862,upstream_gene_variant,0.25,Rv0678,3) Uncertain significance,0.029826112,1.0074347605212508,0.01068641570616577,mmpS5,Bedaquiline
mmpS5_c.-74G>T,-5.068697,0.029796837,upstream_gene_variant,0.25,mmpLS5,4) Not assoc w R - Interim,0.029826112,0.9990184775005204,-0.0014167330339887399,mmpS5,Bedaquiline
mmpS5_c.-75T>G,-5.06146,0.029946683,upstream_gene_variant,0.25,Rv0678,3) Uncertain significance,0.029826112,1.0040424645357733,0.005820287296286757,mmpS5,Bedaquiline
mmpS5_c.-77A>G,-5.066521,0.02984181,upstream_gene_variant,0.25,mmpLS5,3) Uncertain significance,0.029826112,1.0005263173423342,0.0007591156693675571,mmpS5,Bedaquiline
mmpS5_c.-82G>T,-5.06716,0.029828595,upstream_gene_variant,0.25,mmpLS5,3) Uncertain significance,0.029826112,1.0000832492012368,0.00012009821081161479,mmpS5,Bedaquiline
mmpS5_c.-84A>C,-5.0672803,0.029826112,upstream_gene_variant,0.25,mmpLS5,3) Uncertain significance,0.029826112,1.0,0.0,mmpS5,Bedaquiline
mmpS5_c.-9C>T,-5.0674715,0.029822158,upstream_gene_variant,0.25,Rv0678,3) Uncertain significance,0.029826112,0.9998674315981917,-0.00019126845422420577,mmpS5,Bedaquiline
mmpS5_c.-9_-8delCG,-5.0447664,0.030295212,upstream_gene_variant,0.25,mmpLS5,3) Uncertain significance,0.029826112,1.0157278293597234,0.0225138747123858,mmpS5,Bedaquiline
mmpS5_c.102C>T,-5.061578,0.029944237,synonymous_variant,0.25,mmpLS5,4) Not assoc w R - Interim,0.029826112,1.0039604558582762,0.005702445323848325,mmpS5,Bedaquiline
mmpS5_c.126G>A,-5.0715947,0.029737048,synonymous_variant,0.25,mmpLS5,4) Not assoc w R - Interim,0.029826112,0.9970138917201142,-0.004314488582752629,mmpS5,Bedaquiline
mmpS5_c.168G>C,-5.0543365,0.030094912,synonymous_variant,0.25,mmpLS5,4) Not assoc w R - Interim,0.029826112,1.009012237330833,0.012943671599322203,mmpS5,Bedaquiline
mmpS5_c.189C>T,-5.0679483,0.029812304,synonymous_variant,0.25,mmpLS5,4) Not assoc w R - Interim,0.029826112,0.9995370499513984,-0.0006680503882110319,mmpS5,Bedaquiline
mmpS5_c.204C>T,-5.0608687,0.029958958,synonymous_variant,0.25,mmpLS5,4) Not assoc w R - Interim,0.029826112,1.0044540166683475,0.0064115198272851875,mmpS5,Bedaquiline
mmpS5_c.216G>A,-4.951817,0.03231131,synonymous_variant,0.25,mmpLS5,4) Not assoc w R - Interim,0.029826112,1.0833228950524965,0.11546331650127468,mmpS5,Bedaquiline
mmpS5_c.306C>T,-5.0664434,0.029843418,synonymous_variant,0.25,mmpLS5,4) Not assoc w R - Interim,0.029826112,1.0005802298335098,0.000836851943620001,mmpS5,Bedaquiline
mmpS5_c.315G>C,-5.054905,0.030083058,synonymous_variant,0.25,mmpLS5,4) Not assoc w R - Interim,0.029826112,1.0086148003467565,0.012375300574646518,mmpS5,Bedaquiline
mmpS5_c.321C>A,-5.058425,0.030009748,synonymous_variant,0.25,mmpLS5,4) Not assoc w R - Interim,0.029826112,1.0061568869586488,0.008855277698163199,mmpS5,Bedaquiline
mmpS5_c.333C>A,-5.0499654,0.030186234,synonymous_variant,0.25,mmpLS5,4) Not assoc w R - Interim,0.029826112,1.0120740510865112,0.017314852509319623,mmpS5,Bedaquiline
mmpS5_c.34C>T,-5.0675497,0.029820543,synonymous_variant,0.25,mmpLS5,4) Not assoc w R - Interim,0.029826112,0.9998132844133356,-0.0002693988021978226,mmpS5,Bedaquiline
mmpS5_c.387C>T,-5.0802817,0.029558528,synonymous_variant,0.25,mmpLS5,4) Not assoc w R - Interim,0.029826112,0.9910285323142354,-0.01300150080992106,mmpS5,Bedaquiline
mmpS5_c.393G>T,-5.065345,0.029866152,synonymous_variant,0.25,mmpLS5,4) Not assoc w R - Interim,0.029826112,1.0013424478524053,0.0019354440334451992,mmpS5,Bedaquiline
mmpS5_c.399C>T,-5.0652323,0.029868482,synonymous_variant,0.25,mmpLS5,4) Not assoc w R - Interim,0.029826112,1.00142056732034,0.0020479911178376896,mmpS5,Bedaquiline
mmpS5_c.39C>G,-5.0659513,0.0298536,synonymous_variant,0.25,mmpLS5,4) Not assoc w R - Interim,0.029826112,1.0009216085556174,0.0013289877835969243,mmpS5,Bedaquiline
mmpS5_c.400C>T,-5.070573,0.029758118,synonymous_variant,0.25,mmpLS5,4) Not assoc w R - Interim,0.029826112,0.9977203196983905,-0.003292637974508242,mmpS5,Bedaquiline
mmpS5_c.402G>A,-5.0263624,0.030684153,synonymous_variant,0.25,mmpLS5,4) Not assoc w R - Interim,0.029826112,1.0287681143288137,0.04091783353610732,mmpS5,Bedaquiline
mmpS5_c.42C>A,-5.063614,0.029902007,synonymous_variant,0.25,mmpLS5,4) Not assoc w R - Interim,0.029826112,1.002544582411546,0.003666393681613994,mmpS5,Bedaquiline
mmpS5_c.42C>T,-5.07345,0.02969883,synonymous_variant,0.25,mmpLS5,4) Not assoc w R - Interim,0.029826112,0.9957325312799737,-0.006169830121469499,mmpS5,Bedaquiline
mmpS5_c.66C>T,-5.0498123,0.030189438,synonymous_variant,0.25,mmpLS5,4) Not assoc w R - Interim,0.029826112,1.0121814737368384,0.017467973617945762,mmpS5,Bedaquiline
mmpS5_c.6T>C,-5.0787597,0.02958973,synonymous_variant,0.25,mmpLS5,4) Not assoc w R - Interim,0.029826112,0.9920746626311872,-0.011479394280886996,mmpS5,Bedaquiline
mmpS5_c.81G>A,-5.065169,0.029869795,synonymous_variant,0.25,mmpLS5,4) Not assoc w R - Interim,0.029826112,1.0014645891492664,0.0021114097058561056,mmpS5,Bedaquiline
mmpS5_c.90T>C,-5.0608377,0.029959602,synonymous_variant,0.25,mmpLS5,4) Not assoc w R - Interim,0.029826112,1.0044756084869526,0.006442531774380235,mmpS5,Bedaquiline
mmpS5_c.9A>G,-5.070616,0.029757233,synonymous_variant,0.25,mmpLS5,4) Not assoc w R - Interim,0.029826112,0.9976906477116428,-0.0033355440513379757,mmpS5,Bedaquiline
mmpS5_p.Ala133Thr,-5.094549,0.029267652,missense_variant,0.25,mmpLS5,3) Uncertain significance,0.029826112,0.981276138170473,-0.027268916536694686,mmpS5,Bedaquiline
mmpS5_p.Ala142Ser,-5.061511,0.029945623,missense_variant,0.25,mmpLS5,3) Uncertain significance,0.029826112,1.0040069252070134,0.005769220411552089,mmpS5,Bedaquiline
mmpS5_p.Ala8Ser,-5.0619583,0.02993634,missense_variant,0.25,mmpLS5,3) Uncertain significance,0.029826112,1.0036956878590142,0.005321922510784722,mmpS5,Bedaquiline
mmpS5_p.Ala8Val,-5.0622854,0.029929554,missense_variant,0.25,mmpLS5,3) Uncertain significance,0.029826112,1.0034681690996132,0.004994853859996832,mmpS5,Bedaquiline
mmpS5_p.Arg29Cys,-5.192435,0.027347736,missense_variant,0.25,mmpLS5,3) Uncertain significance,0.029826112,0.916905830702976,-0.12515452306713687,mmpS5,Bedaquiline
mmpS5_p.Arg29Leu,-5.2273583,0.026693674,missense_variant,0.25,mmpLS5,3) Uncertain significance,0.029826112,0.8949766566959851,-0.16007804123463754,mmpS5,Bedaquiline
mmpS5_p.Asp82Glu,-5.0645094,0.029883452,missense_variant,0.25,mmpLS5,3) Uncertain significance,0.029826112,1.0019224765199033,0.0027708847136829994,mmpS5,Bedaquiline
mmpS5_p.Cys114Ser,-5.0599403,0.029978244,missense_variant,0.25,mmpLS5,3) Uncertain significance,0.029826112,1.0051006312857673,0.00733995213945215,mmpS5,Bedaquiline
mmpS5_p.Glu59Lys,-5.0641875,0.02989012,missense_variant,0.25,mmpLS5,3) Uncertain significance,0.029826112,1.0021460390144046,0.0030927624349121876,mmpS5,Bedaquiline
mmpS5_p.Gly109Asp,-5.3766613,0.024069311,missense_variant,0.25,mmpLS5,3) Uncertain significance,0.029826112,0.8069878836369957,-0.3093810822864702,mmpS5,Bedaquiline
mmpS5_p.Gly109Ser,-5.0903797,0.02935236,missense_variant,0.25,mmpLS5,3) Uncertain significance,0.029826112,0.9841161999257564,-0.023099422453835557,mmpS5,Bedaquiline
mmpS5_p.Gly130Arg,-5.167755,0.027819589,missense_variant,0.25,mmpLS5,3) Uncertain significance,0.029826112,0.9327259617344694,-0.1004748205832912,mmpS5,Bedaquiline
mmpS5_p.Gly130Asp,-5.1066504,0.029023185,missense_variant,0.25,mmpLS5,3) Uncertain significance,0.029826112,0.9730797296006936,-0.03937007735571519,mmpS5,Bedaquiline
mmpS5_p.Ile116Leu,-5.0634756,0.029904872,missense_variant,0.25,mmpLS5,3) Uncertain significance,0.029826112,1.0026406391822038,0.003804615951841693,mmpS5,Bedaquiline
mmpS5_p.Ile14Thr,-5.0684767,0.029801387,missense_variant,0.25,mmpLS5,3) Uncertain significance,0.029826112,0.9991710283928391,-0.0011964492064440106,mmpS5,Bedaquiline
mmpS5_p.Ile69Val,-5.057637,0.03002614,missense_variant,0.25,mmpLS5,3) Uncertain significance,0.029826112,1.0067064725030201,0.009643095068264045,mmpS5,Bedaquiline
mmpS5_p.Lys42Arg,-5.035698,0.030486241,missense_variant,0.25,mmpLS5,3) Uncertain significance,0.029826112,1.022132586372639,0.031582348228239396,mmpS5,Bedaquiline
mmpS5_p.Lys6Thr,-5.063895,0.029896175,missense_variant,0.25,mmpLS5,3) Uncertain significance,0.029826112,1.002349049048029,0.0033849872166102023,mmpS5,Bedaquiline
mmpS5_p.Pro101Arg,-5.091374,0.029332139,missense_variant,0.25,mmpLS5,3) Uncertain significance,0.029826112,0.9834382369381568,-0.024093645394253606,mmpS5,Bedaquiline
mmpS5_p.Pro53Leu,-5.033618,0.030530225,missense_variant,0.25,mmpLS5,3) Uncertain significance,0.029826112,1.0236072673501664,0.03366229529268013,mmpS5,Bedaquiline
mmpS5_p.Pro78Leu,-5.0543447,0.030094745,missense_variant,0.25,mmpLS5,3) Uncertain significance,0.029826112,1.0090066382101697,0.012935665902534865,mmpS5,Bedaquiline
mmpS5_p.Ser34Phe,-5.0407066,0.030380582,missense_variant,0.25,mmpLS5,3) Uncertain significance,0.029826112,1.0185900864316475,0.026573581188160066,mmpS5,Bedaquiline
mmpS5_p.Ser98Pro,-5.075982,0.029646752,missense_variant,0.25,mmpLS5,3) Uncertain significance,0.029826112,0.9939864773524621,-0.008701870050753608,mmpS5,Bedaquiline
mmpS5_p.Thr113Asn,-5.07745,0.029616607,missense_variant,0.25,mmpLS5,3) Uncertain significance,0.029826112,0.9929757857812644,-0.010169557555892158,mmpS5,Bedaquiline
mmpS5_p.Thr24Ala,-5.0569334,0.030040791,missense_variant,0.25,mmpLS5,3) Uncertain significance,0.029826112,1.0071976863762868,0.010346874173050883,mmpS5,Bedaquiline
mmpS5_p.Thr24Met,-5.0931077,0.02929691,missense_variant,0.25,mmpLS5,3) Uncertain significance,0.029826112,0.9822570906995857,-0.025827417665140694,mmpS5,Bedaquiline
mmpS5_p.Thr4Ile,-5.065864,0.029855404,missense_variant,0.25,mmpLS5,3) Uncertain significance,0.029826112,1.0009820924698465,0.0014161646473928222,mmpS5,Bedaquiline
mmpS5_p.Thr4Pro,-5.0782976,0.029599208,missense_variant,0.25,mmpLS5,3) Uncertain significance,0.029826112,0.9923924378745711,-0.011017353089527351,mmpS5,Bedaquiline
mmpS5_p.Val55Met,-5.0382648,0.030432047,missense_variant,0.25,mmpLS5,3) Uncertain significance,0.029826112,1.020315587898282,0.02901545285942067,mmpS5,Bedaquiline
mmpS5_p.Val56Met,-5.070175,0.029766323,missense_variant,0.25,mmpLS5,3) Uncertain significance,0.029826112,0.9979954142195939,-0.0028949084809892257,mmpS5,Bedaquiline
mmpS5_p.Val67Gly,-5.0659714,0.029853184,missense_variant,0.25,mmpLS5,3) Uncertain significance,0.029826112,1.0009076610454626,0.0013088841673305433,mmpS5,Bedaquiline
mmpS5_p.Val67Ile,-5.067681,0.029817833,missense_variant,0.25,mmpLS5,3) Uncertain significance,0.029826112,0.9997224244313171,-0.0004005124852231118,mmpS5,Bedaquiline
pepQ_c.-17G>T,-5.0676475,0.029818522,upstream_gene_variant,0.25,pepQ,3) Uncertain significance,0.029826112,0.9997455249950111,-0.00036717654833633417,pepQ,Bedaquiline
pepQ_c.-18C>T,-5.0666494,0.029839156,upstream_gene_variant,0.25,pepQ,3) Uncertain significance,0.029826112,1.0004373349097597,0.0006308029794877663,pepQ,Bedaquiline
pepQ_c.-5G>A,-5.066374,0.029844858,upstream_gene_variant,0.25,pepQ,3) Uncertain significance,0.029826112,1.0006285096763534,0.0009064629626843604,pepQ,Bedaquiline
pepQ_c.1029A>C,-5.06896,0.029791402,synonymous_variant,0.25,pepQ,4) Not assoc w R - Interim,0.029826112,0.998836254621454,-0.0016799073684063877,pepQ,Bedaquiline
pepQ_c.105C>A,-5.0674157,0.029823313,synonymous_variant,0.25,pepQ,4) Not assoc w R - Interim,0.029826112,0.9999061560554725,-0.00013539454646579812,pepQ,Bedaquiline
pepQ_c.1107G>C,-5.0678415,0.029814512,synonymous_variant,0.25,pepQ,4) Not assoc w R - Interim,0.029826112,0.9996110790437588,-0.0005612034738381586,pepQ,Bedaquiline
pepQ_c.120C>T,-5.0665903,0.02984038,synonymous_variant,0.25,pepQ,4) Not assoc w R - Interim,0.029826112,1.0004783727761768,0.0006899810109755034,pepQ,Bedaquiline
pepQ_c.132G>A,-5.0690627,0.029789284,synonymous_variant,0.25,pepQ,4) Not assoc w R - Interim,0.029826112,0.9987652430192712,-0.0017824784632707793,pepQ,Bedaquiline
pepQ_c.144T>C,-5.0624714,0.029925697,synonymous_variant,0.25,pepQ,4) Not assoc w R - Interim,0.029826112,1.003338852881663,0.00480892281176134,pepQ,Bedaquiline
pepQ_c.153T>C,-5.0483913,0.030219186,synonymous_variant,0.25,pepQ,4) Not assoc w R - Interim,0.029826112,1.0131788548235854,0.018888873241335813,pepQ,Bedaquiline
pepQ_c.165C>T,-5.055069,0.030079639,synonymous_variant,0.25,pepQ,4) Not assoc w R - Interim,0.029826112,1.0085001692476714,0.012211326065654504,pepQ,Bedaquiline
pepQ_c.189G>A,-5.051739,0.030149143,synonymous_variant,0.25,pepQ,4) Not assoc w R - Interim,0.029826112,1.0108304763289295,0.015541067006911283,pepQ,Bedaquiline
pepQ_c.198G>A,-5.0317135,0.030570554,synonymous_variant,0.25,pepQ,4) Not assoc w R - Interim,0.029826112,1.0249594046988089,0.03556677041412292,pepQ,Bedaquiline
pepQ_c.1G>A,-5.058281,0.030012744,initiator_codon_variant,0.25,pepQ,4) Not assoc w R - Interim,0.029826112,1.0062573358538989,0.008999300853553016,pepQ,Bedaquiline
pepQ_c.21A>C,-5.0465107,0.030258605,synonymous_variant,0.25,pepQ,4) Not assoc w R - Interim,0.029826112,1.0145004819937644,0.020769550525669467,pepQ,Bedaquiline
pepQ_c.240G>A,-5.0633855,0.02990674,synonymous_variant,0.25,pepQ,4) Not assoc w R - Interim,0.029826112,1.0027032688672262,0.003894730705386836,pepQ,Bedaquiline
pepQ_c.261C>G,-5.065874,0.029855197,synonymous_variant,0.25,pepQ,4) Not assoc w R - Interim,0.029826112,1.0009751522424377,0.001406161804732961,pepQ,Bedaquiline
pepQ_c.318C>T,-5.018857,0.030844199,synonymous_variant,0.25,pepQ,4) Not assoc w R - Interim,0.029826112,1.0341340835842097,0.048423254493122854,pepQ,Bedaquiline
pepQ_c.339G>A,-5.03921,0.030412119,synonymous_variant,0.25,pepQ,4) Not assoc w R - Interim,0.029826112,1.0196474485175944,0.02807041475000313,pepQ,Bedaquiline
pepQ_c.372A>G,-5.048704,0.030212635,synonymous_variant,0.25,pepQ,4) Not assoc w R - Interim,0.029826112,1.0129592150663151,0.01857608785464766,pepQ,Bedaquiline
pepQ_c.381T>C,-5.058712,0.030003779,synonymous_variant,0.25,pepQ,4) Not assoc w R - Interim,0.029826112,1.0059567603045279,0.008568294174350058,pepQ,Bedaquiline
pepQ_c.402T>C,-5.052953,0.030123793,synonymous_variant,0.25,pepQ,4) Not assoc w R - Interim,0.029826112,1.0099805499288677,0.014327510015328726,pepQ,Bedaquiline
pepQ_c.411C>T,-5.0633636,0.029907195,synonymous_variant,0.25,pepQ,4) Not assoc w R - Interim,0.029826112,1.002718523956458,0.0039166796456668995,pepQ,Bedaquiline
pepQ_c.460C>T,-5.074652,0.029674094,synonymous_variant,0.25,pepQ,4) Not assoc w R - Interim,0.029826112,0.9949031908684579,-0.007371943953564518,pepQ,Bedaquiline
pepQ_c.483C>T,-5.0779676,0.02960598,synonymous_variant,0.25,pepQ,4) Not assoc w R - Interim,0.029826112,0.9926194872466113,-0.010687316780563722,pepQ,Bedaquiline
pepQ_c.516G>A,-5.0639524,0.02989499,synonymous_variant,0.25,pepQ,4) Not assoc w R - Interim,0.029826112,1.0023093187606886,0.003327801723613635,pepQ,Bedaquiline
pepQ_c.54G>T,-5.1790276,0.027603067,synonymous_variant,0.25,pepQ,4) Not assoc w R - Interim,0.029826112,0.9254664838648765,-0.111747351617546,pepQ,Bedaquiline
pepQ_c.555T>G,-5.07574,0.029651731,synonymous_variant,0.25,pepQ,4) Not assoc w R - Interim,0.029826112,0.9941534116146282,-0.008459598132078359,pepQ,Bedaquiline
pepQ_c.558C>T,-5.066678,0.029838564,synonymous_variant,0.25,pepQ,4) Not assoc w R - Interim,0.029826112,1.000417486529924,0.0006021800540733268,pepQ,Bedaquiline
pepQ_c.585T>C,-5.0620594,0.029934242,synonymous_variant,0.25,pepQ,4) Not assoc w R - Interim,0.029826112,1.0036253468102045,0.005220811945431756,pepQ,Bedaquiline
pepQ_c.693C>T,-5.0619926,0.029935628,synonymous_variant,0.25,pepQ,4) Not assoc w R - Interim,0.029826112,1.0036718161589415,0.005287609328724012,pepQ,Bedaquiline
pepQ_c.72C>T,-5.074486,0.029677518,synonymous_variant,0.25,pepQ,4) Not assoc w R - Interim,0.029826112,0.9950179896058863,-0.007205485531997814,pepQ,Bedaquiline
pepQ_c.756G>T,-5.06802,0.029810825,synonymous_variant,0.25,pepQ,4) Not assoc w R - Interim,0.029826112,0.9994874625294775,-0.0007396248259067134,pepQ,Bedaquiline
pepQ_c.768G>A,-5.0673265,0.029825155,synonymous_variant,0.25,pepQ,4) Not assoc w R - Interim,0.029826112,0.9999679140211101,-4.629102527696934e-05,pepQ,Bedaquiline
pepQ_c.774G>A,-5.0675945,0.029819615,synonymous_variant,0.25,pepQ,4) Not assoc w R - Interim,0.029826112,0.9997821707368363,-0.0003142954303406942,pepQ,Bedaquiline
pepQ_c.795G>A,-5.0714264,0.029740518,synonymous_variant,0.25,pepQ,4) Not assoc w R - Interim,0.029826112,0.9971302327303003,-0.004146151102447208,pepQ,Bedaquiline
pepQ_c.804C>G,-5.06048,0.029967029,synonymous_variant,0.25,pepQ,4) Not assoc w R - Interim,0.029826112,1.004724618481953,0.006800132258330046,pepQ,Bedaquiline
pepQ_c.873T>G,-5.0129128,0.030971548,synonymous_variant,0.25,pepQ,4) Not assoc w R - Interim,0.029826112,1.038403798658035,0.054367566083630935,pepQ,Bedaquiline
pepQ_c.876C>T,-5.0273576,0.030662995,synonymous_variant,0.25,pepQ,4) Not assoc w R - Interim,0.029826112,1.028058735915697,0.03992269215201505,pepQ,Bedaquiline
pepQ_c.879A>G,-5.068215,0.029806796,synonymous_variant,0.25,pepQ,4) Not assoc w R - Interim,0.029826112,0.999352379552521,-0.0009346214806235732,pepQ,Bedaquiline
pepQ_c.99A>G,-5.0631857,0.029910883,synonymous_variant,0.25,pepQ,4) Not assoc w R - Interim,0.029826112,1.002842173998408,0.004094574338891392,pepQ,Bedaquiline
pepQ_p.Ala124Val,-5.0557947,0.03006451,missense_variant,0.25,pepQ,3) Uncertain significance,0.029826112,1.0079929291487941,0.01148551868133272,pepQ,Bedaquiline
pepQ_p.Ala137Ser,-5.0110207,0.031012192,missense_variant,0.25,pepQ,3) Uncertain significance,0.029826112,1.0397664972222997,0.05625957536367477,pepQ,Bedaquiline
pepQ_p.Ala141Glu,-5.0597653,0.02998188,missense_variant,0.25,pepQ,3) Uncertain significance,0.029826112,1.0052225378889479,0.007514923064299024,pepQ,Bedaquiline
pepQ_p.Ala153Gly,-5.0713615,0.029741855,missense_variant,0.25,pepQ,3) Uncertain significance,0.029826112,0.997175059223274,-0.004081295476395006,pepQ,Bedaquiline
pepQ_p.Ala16Gly,-5.092397,0.02931134,missense_variant,0.25,pepQ,3) Uncertain significance,0.029826112,0.9827408949580825,-0.02511700266859344,pepQ,Bedaquiline
pepQ_p.Ala187Glu,-5.0241256,0.030731766,missense_variant,0.25,pepQ,3) Uncertain significance,0.029826112,1.030364467215841,0.04315474715270311,pepQ,Bedaquiline
pepQ_p.Ala227Asp,-5.077074,0.029624322,missense_variant,0.25,pepQ,3) Uncertain significance,0.029826112,0.9932344517448336,-0.009793790582238353,pepQ,Bedaquiline
pepQ_p.Ala242Thr,-5.0784025,0.029597055,missense_variant,0.25,pepQ,3) Uncertain significance,0.029826112,0.9923202528039861,-0.011122296282458286,pepQ,Bedaquiline
pepQ_p.Ala263Val,-5.0665627,0.029840952,missense_variant,0.25,pepQ,3) Uncertain significance,0.029826112,1.00049755060264,0.0007176352718898211,pepQ,Bedaquiline
pepQ_p.Ala275Ser,-5.0636463,0.029901335,missense_variant,0.25,pepQ,3) Uncertain significance,0.029826112,1.002522051818219,0.003633971043176313,pepQ,Bedaquiline
pepQ_p.Ala305Val,-5.03541,0.030492328,missense_variant,0.25,pepQ,3) Uncertain significance,0.029826112,1.0223366692916596,0.031870373509483824,pepQ,Bedaquiline
pepQ_p.Ala370Val,-5.018281,0.030856516,missense_variant,0.25,pepQ,3) Uncertain significance,0.029826112,1.034547043878867,0.04899925025118428,pepQ,Bedaquiline
pepQ_p.Arg170Trp,-5.04756,0.030236602,missense_variant,0.25,pepQ,3) Uncertain significance,0.029826112,1.0137627727006457,0.01972009150375229,pepQ,Bedaquiline
pepQ_p.Arg278Gly,-5.0522423,0.030138632,missense_variant,0.25,pepQ,3) Uncertain significance,0.029826112,1.0104780670038387,0.015038007548225422,pepQ,Bedaquiline
pepQ_p.Arg61Cys,-5.0746665,0.0296738,missense_variant,0.25,pepQ,3) Uncertain significance,0.029826112,0.9948933337338772,-0.007386237715767046,pepQ,Bedaquiline
pepQ_p.Arg7Gln,-4.9367795,0.032649856,missense_variant,0.25,pepQ,3) Uncertain significance,0.029826112,1.0946735531603986,0.13050070228899427,pepQ,Bedaquiline
pepQ_p.Asn118Asp,-5.0373716,0.030450894,missense_variant,0.25,pepQ,3) Uncertain significance,0.029826112,1.0209474838691681,0.02990865788064896,pepQ,Bedaquiline
pepQ_p.Asp108Asn,-5.060648,0.029963544,missense_variant,0.25,pepQ,3) Uncertain significance,0.029826112,1.0046077745567374,0.006632345034831925,pepQ,Bedaquiline
pepQ_p.Asp209Glu,-5.027701,0.030655699,missense_variant,0.25,pepQ,3) Uncertain significance,0.029826112,1.0278141180452887,0.03957937423764465,pepQ,Bedaquiline
pepQ_p.Asp20Gly,-5.0783668,0.029597789,missense_variant,0.25,pepQ,3) Uncertain significance,0.029826112,0.9923448621127688,-0.011086518228543191,pepQ,Bedaquiline
pepQ_p.Asp26Ala,-5.0530977,0.030120766,missense_variant,0.25,pepQ,3) Uncertain significance,0.029826112,1.00987906167589,0.014182533009440335,pepQ,Bedaquiline
pepQ_p.Asp26Gly,-5.0656624,0.029859578,missense_variant,0.25,pepQ,3) Uncertain significance,0.029826112,1.0011220369587563,0.0016178496821631452,pepQ,Bedaquiline
pepQ_p.Gln262Arg,-5.062324,0.029928753,missense_variant,0.25,pepQ,3) Uncertain significance,0.029826112,1.0034413134370312,0.004956242720265553,pepQ,Bedaquiline
pepQ_p.Gln5*,-2.8948033,0.13445513,stop_gained,0.25,pepQ,2) Assoc w R - Interim,0.029826112,4.507967045788603,2.1724769691367682,pepQ,Bedaquiline
pepQ_p.Gln5Arg,-5.0660152,0.029852277,missense_variant,0.25,pepQ,3) Uncertain significance,0.029826112,1.0008772514500046,0.0012650515134902903,pepQ,Bedaquiline
pepQ_p.Gln63Arg,-5.0670757,0.02983034,missense_variant,0.25,pepQ,3) Uncertain significance,0.029826112,1.0001417549830163,0.00020449471728869906,pepQ,Bedaquiline
pepQ_p.Glu177Asp,-5.067766,0.029816067,missense_variant,0.25,pepQ,3) Uncertain significance,0.029826112,0.9996632145684964,-0.0004859605086778116,pepQ,Bedaquiline
pepQ_p.Glu191Val,-4.9517226,0.03231342,missense_variant,0.25,pepQ,3) Uncertain significance,0.029826112,1.08339363843333,0.1155575246020237,pepQ,Bedaquiline
pepQ_p.Glu339del,-4.9977026,0.031299803,inframe_deletion,0.25,pepQ,3) Uncertain significance,0.029826112,1.0494094235279476,0.06957765032110465,pepQ,Bedaquiline
pepQ_p.Glu360Asp,-5.0831823,0.02949916,missense_variant,0.25,pepQ,3) Uncertain significance,0.029826112,0.9890380616823272,-0.015902052827409623,pepQ,Bedaquiline
pepQ_p.Glu89Asp,-5.0651393,0.029870408,missense_variant,0.25,pepQ,3) Uncertain significance,0.029826112,1.0014851416101436,0.0021410169725101383,pepQ,Bedaquiline
pepQ_p.Gly112Asp,-5.062934,0.029916104,missense_variant,0.25,pepQ,3) Uncertain significance,0.029826112,1.003017221956385,0.004346377453348779,pepQ,Bedaquiline
pepQ_p.Gly197Arg,-3.9106605,0.066492684,missense_variant,0.25,pepQ,3) Uncertain significance,0.029826112,2.2293446762353737,1.1566196871463053,pepQ,Bedaquiline
pepQ_p.Gly41Asp,-5.0513763,0.030156726,missense_variant,0.25,pepQ,3) Uncertain significance,0.029826112,1.011084716640238,0.015903882657663845,pepQ,Bedaquiline
pepQ_p.Gly80Arg,-5.061956,0.02993639,missense_variant,0.25,pepQ,3) Uncertain significance,0.029826112,1.0036973642424465,0.00532433211368921,pepQ,Bedaquiline
pepQ_p.Gly85Cys,-5.06071,0.029962255,missense_variant,0.25,pepQ,3) Uncertain significance,0.029826112,1.0045645573918587,0.006570280483703036,pepQ,Bedaquiline
pepQ_p.Ile193Thr,-4.7043505,0.03835742,missense_variant,0.25,pepQ,3) Uncertain significance,0.029826112,1.286034867702502,0.3629297583575809,pepQ,Bedaquiline
pepQ_p.Ile193Val,-5.028417,0.030640485,missense_variant,0.25,pepQ,3) Uncertain significance,0.029826112,1.027304028094577,0.038863206888538185,pepQ,Bedaquiline
pepQ_p.Ile24Thr,-5.062193,0.029931473,missense_variant,0.25,pepQ,3) Uncertain significance,0.029826112,1.0035325086957363,0.005087352499701632,pepQ,Bedaquiline
pepQ_p.Ile28Arg,-5.0519266,0.030145226,missense_variant,0.25,pepQ,3) Uncertain significance,0.029826112,1.010699148450861,0.01535361877329246,pepQ,Bedaquiline
pepQ_p.Ile302Val,-5.0683303,0.029804412,missense_variant,0.25,pepQ,3) Uncertain significance,0.029826112,0.9992724495904797,-0.001050015383706796,pepQ,Bedaquiline
pepQ_p.Leu107Arg,-5.0050373,0.031141078,missense_variant,0.25,pepQ,3) Uncertain significance,0.029826112,1.044087744322827,0.06224295997299703,pepQ,Bedaquiline
pepQ_p.Leu179Pro,-5.0592065,0.029993497,missense_variant,0.25,pepQ,3) Uncertain significance,0.029826112,1.0056120288155561,0.008073812039673275,pepQ,Bedaquiline
pepQ_p.Lys367Asn,-5.0647874,0.029877694,missense_variant,0.25,pepQ,3) Uncertain significance,0.029826112,1.0017294242038655,0.0024928767226330977,pepQ,Bedaquiline
pepQ_p.Lys94Asn,-5.019424,0.03083208,missense_variant,0.25,pepQ,3) Uncertain significance,0.029826112,1.0337277617679437,0.04785629352501579,pepQ,Bedaquiline
pepQ_p.Met180Thr,-5.0673885,0.029823873,missense_variant,0.25,pepQ,3) Uncertain significance,0.029826112,0.9999249315499118,-0.00010830494586254135,pepQ,Bedaquiline
pepQ_p.Met180Val,-5.0650945,0.029871335,missense_variant,0.25,pepQ,3) Uncertain significance,0.029826112,1.0015162217589741,0.0021857889605991928,pepQ,Bedaquiline
pepQ_p.Phe46Leu,-5.065076,0.02987172,missense_variant,0.25,pepQ,3) Uncertain significance,0.029826112,1.0015291299114013,0.00220438317513201,pepQ,Bedaquiline
pepQ_p.Pro165Gln,-5.040558,0.030383715,missense_variant,0.25,pepQ,3) Uncertain significance,0.029826112,1.0186951286175014,0.026722351561233485,pepQ,Bedaquiline
pepQ_p.Pro266Ser,-5.0677133,0.029817162,missense_variant,0.25,pepQ,3) Uncertain significance,0.029826112,0.9996999273656587,-0.0004329782671846815,pepQ,Bedaquiline
pepQ_p.Pro69Leu,-5.0501885,0.030181566,missense_variant,0.25,pepQ,3) Uncertain significance,0.029826112,1.0119175439292927,0.01709173685944361,pepQ,Bedaquiline
pepQ_p.Ser130Leu,-5.0548906,0.030083356,missense_variant,0.25,pepQ,3) Uncertain significance,0.029826112,1.0086247915920117,0.012389591707975064,pepQ,Bedaquiline
pepQ_p.Ser200Leu,-5.0612984,0.029950038,missense_variant,0.25,pepQ,3) Uncertain significance,0.029826112,1.0041549498640654,0.005981906890362384,pepQ,Bedaquiline
pepQ_p.Ser66Leu,-5.0271654,0.03066708,missense_variant,0.25,pepQ,3) Uncertain significance,0.029826112,1.0281956964420975,0.04011487875053949,pepQ,Bedaquiline
pepQ_p.Ser66Pro,-5.062608,0.029922867,missense_variant,0.25,pepQ,3) Uncertain significance,0.029826112,1.0032439695794075,0.0046724842175535665,pepQ,Bedaquiline
pepQ_p.Ser99Arg,-4.996063,0.03133539,missense_variant,0.25,pepQ,3) Uncertain significance,0.029826112,1.0506025726718924,0.07121702242121414,pepQ,Bedaquiline
pepQ_p.Thr341Ala,-5.309058,0.025224017,missense_variant,0.25,pepQ,3) Uncertain significance,0.029826112,0.8457024837833373,-0.2417778791328373,pepQ,Bedaquiline
pepQ_p.Thr354Ala,-5.099029,0.029176911,missense_variant,0.25,pepQ,3) Uncertain significance,0.029826112,0.9782338039902754,-0.031748775369611994,pepQ,Bedaquiline
pepQ_p.Val101Leu,-5.061057,0.029955046,missense_variant,0.25,pepQ,3) Uncertain significance,0.029826112,1.004322856428622,0.00622312236989004,pepQ,Bedaquiline
pepQ_p.Val104Leu,-5.067973,0.02981179,missense_variant,0.25,pepQ,3) Uncertain significance,0.029826112,0.9995198167297167,-0.0006929244014256639,pepQ,Bedaquiline
pepQ_p.Val158Met,-5.051059,0.030163366,missense_variant,0.25,pepQ,3) Uncertain significance,0.029826112,1.0113073403600175,0.016221504690143433,pepQ,Bedaquiline
pepQ_p.Val298Ile,-5.0703735,0.02976223,missense_variant,0.25,pepQ,3) Uncertain significance,0.029826112,0.9978581854718444,-0.003093299018439772,pepQ,Bedaquiline
pepQ_p.Val324Met,-5.0668144,0.029835744,missense_variant,0.25,pepQ,3) Uncertain significance,0.029826112,1.0003229385043548,0.00046582656612527575,pepQ,Bedaquiline
pepQ_p.Val328Phe,-5.0273213,0.030663766,missense_variant,0.25,pepQ,3) Uncertain significance,0.029826112,1.0280845857482195,0.0399589672742763,pepQ,Bedaquiline
pepQ_p.Val343Ala,-5.0352254,0.030496228,missense_variant,0.25,pepQ,3) Uncertain significance,0.029826112,1.0224674271993615,0.03205488388441841,pepQ,Bedaquiline
pepQ_p.Val45Leu,-4.988818,0.03149315,missense_variant,0.25,pepQ,3) Uncertain significance,0.029826112,1.055891897676774,0.07846213898719247,pepQ,Bedaquiline
