Gene,Pos,Max,Min,Max_Sig,Min_Sig,WHO,Coll_2014,Freschi_2020
rpoBC,759611.0,0.0,0.0,0.0,0.0,0,0,0
rpoBC,759612.0,0.00013697603,0.0,1.0,0.0,0,0,0
rpoBC,759613.0,0.0,0.0,0.0,0.0,0,0,0
rpoBC,759614.0,0.0,0.0,0.0,0.0,0,0,0
rpoBC,759615.0,0.0,0.0,0.0,0.0,0,0,0
rpoBC,759616.0,0.0,0.0,0.0,0.0,0,0,0
rpoBC,759617.0,0.0,0.0,0.0,0.0,0,0,0
rpoBC,759618.0,0.0,0.0,0.0,0.0,0,0,0
rpoBC,759619.0,0.0,0.0,0.0,0.0,0,0,0
rpoBC,759620.0,0.0,0.0,0.0,0.0,0,0,0
rpoBC,759621.0,0.0,0.0,0.0,0.0,0,0,0
rpoBC,759622.0,0.0,0.0,0.0,0.0,0,0,0
rpoBC,759623.0,0.0,0.0,0.0,0.0,0,0,0
rpoBC,759624.0,0.0,0.0,0.0,0.0,0,0,0
rpoBC,759625.0,0.0,0.0,0.0,0.0,0,0,0
rpoBC,759626.0,0.0,0.0,0.0,0.0,0,0,0
rpoBC,759627.0,0.0,-0.00261736,0.0,1.0,0,0,0
rpoBC,759628.0,0.0,0.0,0.0,0.0,0,0,0
rpoBC,759629.0,0.0,0.0,0.0,0.0,0,0,0
rpoBC,759630.0,0.0,0.0,0.0,0.0,0,0,0
rpoBC,759631.0,0.0,0.0,0.0,0.0,0,0,0
rpoBC,759632.0,0.0,0.0,0.0,0.0,0,0,0
rpoBC,759633.0,0.0,0.0,0.0,0.0,0,0,0
rpoBC,759634.0,0.0,-0.0077430466,0.0,1.0,0,0,0
rpoBC,759635.0,0.0,0.0,0.0,0.0,0,0,0
rpoBC,759636.0,0.0,0.0,0.0,0.0,0,0,0
rpoBC,759637.0,0.0,0.0,0.0,0.0,0,0,0
rpoBC,759638.0,0.0,-0.014919704,0.0,1.0,0,0,0
rpoBC,rpoBC_0,0.0,-0.00035018648,0.0,0.0,0,0,0
rpoBC,759639.0,0.0,0.0,0.0,0.0,0,0,0
rpoBC,759640.0,0.0,0.0,0.0,0.0,0,0,0
rpoBC,759641.0,0.0,0.0,0.0,0.0,0,0,0
rpoBC,759642.0,0.0,0.0,0.0,0.0,0,0,0
rpoBC,759643.0,0.0,0.0,0.0,0.0,0,0,0
rpoBC,759644.0,0.0,0.0,0.0,0.0,0,0,0
rpoBC,759645.0,0.0,0.0,0.0,0.0,0,0,0
rpoBC,759646.0,0.0,0.0,0.0,0.0,0,0,0
rpoBC,759647.0,0.0,0.0,0.0,0.0,0,0,0
rpoBC,759648.0,0.0,-0.012554998,0.0,1.0,0,0,0
rpoBC,rpoBC_1,0.0,-0.0051916176,0.0,1.0,0,0,0
rpoBC,rpoBC_2,0.0,-0.0061366456,0.0,1.0,0,0,0
rpoBC,rpoBC_3,0.002536362,0.0,1.0,0.0,0,0,0
rpoBC,rpoBC_4,0.000993116,0.0,1.0,0.0,0,0,0
rpoBC,rpoBC_5,0.008124648,0.0,1.0,0.0,0,0,0
rpoBC,rpoBC_6,0.0,-0.0017409467,0.0,0.0,0,0,0
rpoBC,rpoBC_7,0.0,-0.009270016,0.0,1.0,0,0,0
rpoBC,rpoBC_8,0.0,-0.011318126,0.0,1.0,0,0,0
rpoBC,rpoBC_9,0.0,-0.0074998257,0.0,1.0,0,0,0
rpoBC,rpoBC_10,0.0,-0.0016811513,0.0,1.0,0,0,0
rpoBC,rpoBC_11,0.0,-0.00448153,0.0,0.0,0,0,0
rpoBC,rpoBC_12,0.0022707868,0.0,1.0,0.0,0,0,0
rpoBC,rpoBC_13,0.0019577884,0.0,1.0,0.0,0,0,0
rpoBC,rpoBC_14,0.0,-0.0015493039,0.0,1.0,0,0,0
rpoBC,rpoBC_15,0.006984692,0.0,1.0,0.0,0,0,0
rpoBC,rpoBC_16,0.0,-0.0025222187,0.0,0.0,0,0,0
rpoBC,rpoBC_17,0.0050826706,0.0,1.0,0.0,0,0,0
rpoBC,rpoBC_18,0.0061873007,0.0,1.0,0.0,0,0,0
rpoBC,rpoBC_19,0.00091152545,0.0,0.0,0.0,0,0,0
rpoBC,rpoBC_20,0.0,-0.007922826,0.0,1.0,0,0,0
rpoBC,rpoBC_21,0.0,-0.00545127,0.0,1.0,0,0,0
rpoBC,759649.0,0.0,0.0,0.0,0.0,0,0,0
rpoBC,759650.0,0.0,0.0,0.0,0.0,0,0,0
rpoBC,759651.0,0.0,0.0,0.0,0.0,0,0,0
rpoBC,759652.0,0.0,0.0,0.0,0.0,0,0,0
rpoBC,759653.0,0.0,0.0,0.0,0.0,0,0,0
rpoBC,759654.0,0.0,0.0,0.0,0.0,0,0,0
rpoBC,759655.0,0.0075909668,0.0,1.0,0.0,0,0,0
rpoBC,759656.0,0.0,0.0,0.0,0.0,0,0,0
rpoBC,759657.0,0.0,0.0,0.0,0.0,0,0,0
rpoBC,759658.0,0.0,0.0,0.0,0.0,0,0,0
rpoBC,759659.0,0.0,0.0,0.0,0.0,0,0,0
rpoBC,759660.0,0.0,0.0,0.0,0.0,0,0,0
rpoBC,759661.0,0.0,0.0,0.0,0.0,0,0,0
rpoBC,759662.0,0.0,0.0,0.0,0.0,0,0,0
rpoBC,759663.0,0.0,0.0,0.0,0.0,0,0,0
rpoBC,759664.0,0.0,0.0,0.0,0.0,0,0,0
rpoBC,759665.0,0.0,0.0,0.0,0.0,0,0,0
rpoBC,759666.0,0.0,0.0,0.0,0.0,0,0,0
rpoBC,759667.0,0.0,0.0,0.0,0.0,0,0,0
rpoBC,759668.0,0.0,0.0,0.0,0.0,0,0,0
rpoBC,759669.0,0.0,0.0,0.0,0.0,0,0,0
rpoBC,759670.0,0.0,0.0,0.0,0.0,0,0,0
rpoBC,759671.0,0.0,0.0,0.0,0.0,0,0,0
rpoBC,759672.0,0.0,0.0,0.0,0.0,0,0,0
rpoBC,759673.0,0.00063082296,0.0,1.0,0.0,0,0,0
rpoBC,759674.0,0.0,0.0,0.0,0.0,0,0,0
rpoBC,759675.0,0.0,0.0,0.0,0.0,0,0,0
rpoBC,759676.0,0.0,0.0,0.0,0.0,0,0,0
rpoBC,759677.0,0.0,0.0,0.0,0.0,0,0,0
rpoBC,759678.0,0.0,0.0,0.0,0.0,0,0,0
rpoBC,759679.0,0.0,0.0,0.0,0.0,0,0,0
rpoBC,759680.0,0.0,0.0,0.0,0.0,0,0,0
rpoBC,759681.0,0.0,0.0,0.0,0.0,0,0,0
rpoBC,759682.0,0.0,0.0,0.0,0.0,0,0,0
rpoBC,759683.0,0.0,0.0,0.0,0.0,0,0,0
rpoBC,759684.0,0.0,0.0,0.0,0.0,0,0,0
rpoBC,759685.0,0.0,0.0,0.0,0.0,0,0,0
rpoBC,759686.0,0.0,0.0,0.0,0.0,0,0,0
rpoBC,759687.0,0.0,0.0,0.0,0.0,0,0,0
rpoBC,759688.0,0.0,0.0,0.0,0.0,0,0,0
rpoBC,759689.0,0.0,0.0,0.0,0.0,0,0,0
rpoBC,759690.0,0.0,0.0,0.0,0.0,0,0,0
rpoBC,759691.0,0.0,0.0,0.0,0.0,0,0,0
rpoBC,759692.0,0.0018606458,0.0,0.0,0.0,0,0,0
rpoBC,759693.0,0.0,0.0,0.0,0.0,0,0,0
rpoBC,759694.0,0.0003618189,0.0,0.0,0.0,0,0,0
rpoBC,759695.0,0.0,-0.00075146445,0.0,0.0,0,0,0
rpoBC,759696.0,0.0,0.0,0.0,0.0,0,0,0
rpoBC,759697.0,0.0,0.0,0.0,0.0,0,0,0
rpoBC,759698.0,0.0,0.0,0.0,0.0,0,0,0
rpoBC,759699.0,0.0,0.0,0.0,0.0,0,0,0
rpoBC,759700.0,0.0,0.0,0.0,0.0,0,0,0
rpoBC,759701.0,0.0,0.0,0.0,0.0,0,0,0
rpoBC,759702.0,0.0,0.0,0.0,0.0,0,0,0
rpoBC,759703.0,0.0,0.0,0.0,0.0,0,0,0
rpoBC,759704.0,0.0,0.0,0.0,0.0,0,0,0
rpoBC,759705.0,0.0,0.0,0.0,0.0,0,0,0
rpoBC,759706.0,0.0,0.0,0.0,0.0,0,0,0
rpoBC,759707.0,0.0,0.0,0.0,0.0,0,0,0
rpoBC,759708.0,0.0,0.0,0.0,0.0,0,0,0
rpoBC,759709.0,0.0,0.0,0.0,0.0,0,0,0
rpoBC,759710.0,0.0,0.0,0.0,0.0,0,0,0
rpoBC,759711.0,0.0,0.0,0.0,0.0,0,0,0
rpoBC,759712.0,0.0,0.0,0.0,0.0,0,0,0
rpoBC,759713.0,0.0,0.0,0.0,0.0,0,0,0
rpoBC,759714.0,0.0,0.0,0.0,0.0,0,0,0
rpoBC,759715.0,0.0,0.0,0.0,0.0,0,0,0
rpoBC,759716.0,0.0,0.0,0.0,0.0,0,0,0
rpoBC,759717.0,0.0,0.0,0.0,0.0,0,0,0
rpoBC,759718.0,0.0,0.0,0.0,0.0,0,0,0
rpoBC,759719.0,0.0,0.0,0.0,0.0,0,0,0
rpoBC,759720.0,0.0,-2.3561879e-05,0.0,0.0,0,0,0
rpoBC,759721.0,0.0,0.0,0.0,0.0,0,0,0
rpoBC,759722.0,0.0,0.0,0.0,0.0,0,0,0
rpoBC,759723.0,0.0,0.0,0.0,0.0,0,0,0
rpoBC,759724.0,0.0,-0.032011595,0.0,1.0,0,0,0
rpoBC,759725.0,0.0,0.0,0.0,0.0,0,0,0
rpoBC,759726.0,0.0,0.0,0.0,0.0,0,0,0
rpoBC,759727.0,0.0,0.0,0.0,0.0,0,0,0
rpoBC,759728.0,0.0,0.0,0.0,0.0,0,0,0
rpoBC,759729.0,0.0,0.0,0.0,0.0,0,0,0
rpoBC,759730.0,0.0,-0.0038304576,0.0,1.0,0,0,0
rpoBC,759731.0,0.0,0.0,0.0,0.0,0,0,0
rpoBC,759732.0,0.0,0.0,0.0,0.0,0,0,0
rpoBC,759733.0,0.0,0.0,0.0,0.0,0,0,0
rpoBC,759734.0,0.0,0.0,0.0,0.0,0,0,0
rpoBC,759735.0,0.0,0.0,0.0,0.0,0,0,0
rpoBC,759736.0,0.0,0.0,0.0,0.0,0,0,0
rpoBC,759737.0,0.0,0.0,0.0,0.0,0,0,0
rpoBC,759738.0,0.0,0.0,0.0,0.0,0,0,0
rpoBC,759739.0,0.0,0.0,0.0,0.0,0,0,0
rpoBC,759740.0,0.0,0.0,0.0,0.0,0,0,0
rpoBC,759741.0,0.0,-8.47996e-05,0.0,0.0,0,0,0
rpoBC,759742.0,0.0,0.0,0.0,0.0,0,0,0
rpoBC,759743.0,0.0,0.0,0.0,0.0,0,0,0
rpoBC,759744.0,0.0,0.0,0.0,0.0,0,0,0
rpoBC,759745.0,0.0,0.0,0.0,0.0,0,0,0
rpoBC,759746.0,0.029813373,0.0,1.0,0.0,0,0,0
rpoBC,759747.0,0.0,0.0,0.0,0.0,0,0,0
rpoBC,759748.0,0.0,0.0,0.0,0.0,0,0,0
rpoBC,759749.0,0.0,0.0,0.0,0.0,0,0,0
rpoBC,759750.0,0.0,0.0,0.0,0.0,0,0,0
rpoBC,759751.0,0.0,-0.02244404,0.0,1.0,0,0,0
rpoBC,759752.0,0.0,0.0,0.0,0.0,0,0,0
rpoBC,759753.0,0.0,0.0,0.0,0.0,0,0,0
rpoBC,759754.0,0.0,0.0,0.0,0.0,0,0,0
rpoBC,759755.0,0.0,0.0,0.0,0.0,0,0,0
rpoBC,759756.0,0.0,0.0,0.0,0.0,0,0,0
rpoBC,759757.0,0.0,0.0,0.0,0.0,0,0,0
rpoBC,759758.0,0.0,0.0,0.0,0.0,0,0,0
rpoBC,759759.0,0.0,0.0,0.0,0.0,0,0,0
rpoBC,759760.0,0.0,0.0,0.0,0.0,0,0,0
rpoBC,759761.0,0.0,0.0,0.0,0.0,0,0,0
rpoBC,759762.0,0.0,0.0,0.0,0.0,0,0,0
rpoBC,759763.0,0.0,0.0,0.0,0.0,0,0,0
rpoBC,759764.0,0.0,0.0,0.0,0.0,0,0,0
rpoBC,759765.0,0.0,0.0,0.0,0.0,0,0,0
rpoBC,759766.0,0.0,0.0,0.0,0.0,0,0,0
rpoBC,759767.0,0.0,0.0,0.0,0.0,0,0,0
rpoBC,759768.0,0.0,0.0,0.0,0.0,0,0,0
rpoBC,759769.0,0.0,0.0,0.0,0.0,0,0,0
rpoBC,759770.0,0.0,0.0,0.0,0.0,0,0,0
rpoBC,759771.0,0.0,0.0,0.0,0.0,0,0,0
rpoBC,759772.0,0.0,0.0,0.0,0.0,0,0,0
rpoBC,759773.0,0.0,0.0,0.0,0.0,0,0,0
rpoBC,759774.0,0.0,0.0,0.0,0.0,0,0,0
rpoBC,759775.0,0.0,0.0,0.0,0.0,0,0,0
rpoBC,759776.0,0.0,0.0,0.0,0.0,0,0,0
rpoBC,759777.0,0.0,0.0,0.0,0.0,0,0,0
rpoBC,759778.0,0.0,0.0,0.0,0.0,0,0,0
rpoBC,759779.0,0.0,0.0,0.0,0.0,0,0,0
rpoBC,759780.0,0.0,0.0,0.0,0.0,0,0,0
rpoBC,759781.0,0.0,0.0,0.0,0.0,0,0,0
rpoBC,759782.0,0.0,0.0,0.0,0.0,0,0,0
rpoBC,759783.0,0.0,0.0,0.0,0.0,0,0,0
rpoBC,759784.0,0.0,0.0,0.0,0.0,0,0,0
rpoBC,759785.0,0.0,0.0,0.0,0.0,0,0,0
rpoBC,759786.0,0.0016693044,0.0,1.0,0.0,0,0,0
rpoBC,759787.0,0.0,0.0,0.0,0.0,0,0,0
rpoBC,759788.0,0.0,0.0,0.0,0.0,0,0,0
rpoBC,759789.0,0.0,0.0,0.0,0.0,0,0,0
rpoBC,759790.0,0.0,0.0,0.0,0.0,0,0,0
rpoBC,759791.0,0.0,0.0,0.0,0.0,0,0,0
rpoBC,759792.0,0.0,0.0,0.0,0.0,0,0,0
rpoBC,759793.0,0.0,0.0,0.0,0.0,0,0,0
rpoBC,759794.0,0.0,0.0,0.0,0.0,0,0,0
rpoBC,759795.0,0.0,0.0,0.0,0.0,0,0,0
rpoBC,759796.0,0.0,0.0,0.0,0.0,0,0,0
rpoBC,759797.0,0.0,0.0,0.0,0.0,0,0,0
rpoBC,759798.0,0.0,0.0,0.0,0.0,0,0,0
rpoBC,759799.0,0.0,0.0,0.0,0.0,0,0,0
rpoBC,759800.0,0.0,0.0,0.0,0.0,0,0,0
rpoBC,759801.0,0.0,-0.007065039,0.0,0.0,0,0,0
rpoBC,759802.0,0.0,0.0,0.0,0.0,0,0,0
rpoBC,759803.0,0.0,-0.0028575843,0.0,1.0,0,0,0
rpoBC,759804.0,0.0,-0.0016332123,0.0,0.0,0,0,0
rpoBC,759805.0,0.0,0.0,0.0,0.0,0,0,0
rpoBC,759806.0,0.0,0.0,0.0,0.0,0,0,0
rpoBC,759807.0,0.0,0.0,0.0,0.0,0,0,0
rpoBC,759808.0,0.0,0.0,0.0,0.0,0,0,0
rpoBC,759809.0,0.0,0.0,0.0,0.0,0,0,0
rpoBC,759810.0,0.0,0.0,0.0,0.0,0,0,0
rpoBC,759811.0,0.0,0.0,0.0,0.0,0,0,0
rpoBC,759812.0,0.0,0.0,0.0,0.0,0,0,0
rpoBC,759813.0,0.0,0.0,0.0,0.0,0,0,0
rpoBC,759814.0,0.0,0.0,0.0,0.0,0,0,0
rpoBC,759815.0,0.0,0.0,0.0,0.0,0,0,0
rpoBC,759816.0,0.0,0.0,0.0,0.0,0,0,0
rpoBC,759817.0,0.0,0.0,0.0,0.0,0,0,0
rpoBC,759818.0,0.0,-2.2111693e-05,0.0,0.0,0,0,0
rpoBC,759819.0,0.0,0.0,0.0,0.0,0,0,0
rpoBC,759820.0,0.0,0.0,0.0,0.0,0,0,0
rpoBC,759821.0,0.0,0.0,0.0,0.0,0,0,0
rpoBC,759822.0,0.0,0.0,0.0,0.0,0,0,0
rpoBC,759823.0,0.0,0.0,0.0,0.0,0,0,0
rpoBC,759824.0,0.0,0.0,0.0,0.0,0,0,0
rpoBC,759825.0,0.0,0.0,0.0,0.0,0,0,0
rpoBC,759826.0,0.0,0.0,0.0,0.0,0,0,0
rpoBC,759827.0,0.0,0.0,0.0,0.0,0,0,0
rpoBC,759828.0,0.0,0.0,0.0,0.0,0,0,0
rpoBC,759829.0,0.0,0.0,0.0,0.0,0,0,0
rpoBC,759830.0,0.0,0.0,0.0,0.0,0,0,0
rpoBC,759831.0,0.0,0.0,0.0,0.0,0,0,0
rpoBC,759832.0,0.0,-0.0035453057,0.0,1.0,0,0,0
rpoBC,759833.0,0.0,0.0,0.0,0.0,0,0,0
rpoBC,759834.0,0.0,0.0,0.0,0.0,0,0,0
rpoBC,759835.0,0.0,0.0,0.0,0.0,0,0,0
rpoBC,759836.0,0.0,0.0,0.0,0.0,0,0,0
rpoBC,759837.0,0.0,0.0,0.0,0.0,0,0,0
rpoBC,rpoBC_22,0.0,-0.0061870767,0.0,1.0,0,0,0
rpoBC,rpoBC_23,0.0,-0.0024844012,0.0,0.0,0,0,0
rpoBC,rpoBC_24,0.002794915,0.0,1.0,0.0,0,0,0
rpoBC,rpoBC_25,0.0040773833,0.0,1.0,0.0,0,0,0
rpoBC,rpoBC_26,0.0,-0.005245985,0.0,1.0,0,0,0
rpoBC,rpoBC_27,0.004046916,0.0,1.0,0.0,0,0,0
rpoBC,759838.0,0.0,0.0,0.0,0.0,0,0,0
rpoBC,759839.0,0.0,0.0,0.0,0.0,0,0,0
rpoBC,759840.0,0.0,0.0,0.0,0.0,0,0,0
rpoBC,759841.0,0.0,0.0,0.0,0.0,0,0,0
rpoBC,759842.0,0.0035333857,0.0,1.0,0.0,0,0,0
rpoBC,759843.0,0.0,0.0,0.0,0.0,0,0,0
rpoBC,759844.0,0.0,0.0,0.0,0.0,0,0,0
rpoBC,759845.0,0.0,0.0,0.0,0.0,0,0,0
rpoBC,759846.0,0.0,0.0,0.0,0.0,0,0,0
rpoBC,759847.0,0.0,0.0,0.0,0.0,0,0,0
rpoBC,759848.0,0.0,0.0,0.0,0.0,0,0,0
rpoBC,759849.0,0.0,0.0,0.0,0.0,0,0,0
rpoBC,759850.0,0.0,0.0,0.0,0.0,0,0,0
rpoBC,759851.0,0.0,-0.0017891694,0.0,1.0,0,0,0
rpoBC,759852.0,0.00023535406,0.0,0.0,0.0,0,0,0
rpoBC,759853.0,0.0,0.0,0.0,0.0,0,0,0
rpoBC,759854.0,0.0,0.0,0.0,0.0,0,0,0
rpoBC,759855.0,0.0,0.0,0.0,0.0,0,0,0
rpoBC,759856.0,0.0,0.0,0.0,0.0,0,0,0
rpoBC,759857.0,0.0,0.0,0.0,0.0,0,0,0
rpoBC,759858.0,0.0,0.0,0.0,0.0,0,0,0
rpoBC,759859.0,0.0,0.0,0.0,0.0,0,0,0
rpoBC,759860.0,0.0,0.0,0.0,0.0,0,0,0
rpoBC,759861.0,0.0,0.0,0.0,0.0,0,0,0
rpoBC,759862.0,0.0,0.0,0.0,0.0,0,0,0
rpoBC,759863.0,0.0,0.0,0.0,0.0,0,0,0
rpoBC,759864.0,0.0,0.0,0.0,0.0,0,0,0
rpoBC,759865.0,0.0,0.0,0.0,0.0,0,0,0
rpoBC,759866.0,0.0,0.0,0.0,0.0,0,0,0
rpoBC,759867.0,0.0,0.0,0.0,0.0,0,0,0
rpoBC,759868.0,0.0,0.0,0.0,0.0,0,0,0
rpoBC,759869.0,0.0,0.0,0.0,0.0,0,0,0
rpoBC,759870.0,0.0,0.0,0.0,0.0,0,0,0
rpoBC,759871.0,0.0,0.0,0.0,0.0,0,0,0
rpoBC,759872.0,0.0,0.0,0.0,0.0,0,0,0
rpoBC,759873.0,0.0,0.0,0.0,0.0,0,0,0
rpoBC,759874.0,0.0,0.0,0.0,0.0,0,0,0
rpoBC,759875.0,0.0,0.0,0.0,0.0,0,0,0
rpoBC,759876.0,0.0,0.0,0.0,0.0,0,0,0
rpoBC,759877.0,0.0,0.0,0.0,0.0,0,0,0
rpoBC,759878.0,0.000751687,0.0,0.0,0.0,0,0,0
rpoBC,759879.0,0.0,0.0,0.0,0.0,0,0,0
rpoBC,759880.0,0.0,0.0,0.0,0.0,0,0,0
rpoBC,759881.0,0.0,0.0,0.0,0.0,0,0,0
rpoBC,759882.0,0.0,0.0,0.0,0.0,0,0,0
rpoBC,759883.0,0.0,0.0,0.0,0.0,0,0,0
rpoBC,759884.0,0.0,0.0,0.0,0.0,0,0,0
rpoBC,759885.0,0.0,0.0,0.0,0.0,0,0,0
rpoBC,759886.0,0.0,-0.0034937693,0.0,1.0,0,0,0
rpoBC,759887.0,0.0,0.0,0.0,0.0,0,0,0
rpoBC,759888.0,0.0,0.0,0.0,0.0,0,0,0
rpoBC,759889.0,0.0,0.0,0.0,0.0,0,0,0
rpoBC,759890.0,0.0,0.0,0.0,0.0,0,0,0
rpoBC,759891.0,0.0,0.0,0.0,0.0,0,0,0
rpoBC,759892.0,0.0,-0.0033181077,0.0,1.0,0,0,0
rpoBC,759893.0,0.0,0.0,0.0,0.0,0,0,0
rpoBC,759894.0,0.0,0.0,0.0,0.0,0,0,0
rpoBC,759895.0,0.0,0.0,0.0,0.0,0,0,0
rpoBC,759896.0,0.0,0.0,0.0,0.0,0,0,0
rpoBC,759897.0,0.0,0.0,0.0,0.0,0,0,0
rpoBC,759898.0,0.0,0.0,0.0,0.0,0,0,0
rpoBC,759899.0,0.0,0.0,0.0,0.0,0,0,0
rpoBC,759900.0,0.0,0.0,0.0,0.0,0,0,0
rpoBC,759901.0,0.0,0.0,0.0,0.0,0,0,0
rpoBC,759902.0,0.0,0.0,0.0,0.0,0,0,0
rpoBC,759903.0,0.00048517066,0.0,0.0,0.0,0,0,0
rpoBC,759904.0,0.0,0.0,0.0,0.0,0,0,0
rpoBC,759905.0,0.0,0.0,0.0,0.0,0,0,0
rpoBC,759906.0,0.0,0.0,0.0,0.0,0,0,0
rpoBC,759907.0,0.0,0.0,0.0,0.0,0,0,0
rpoBC,759908.0,0.0,0.0,0.0,0.0,0,0,0
rpoBC,759909.0,0.0,0.0,0.0,0.0,0,0,0
rpoBC,759910.0,0.0,0.0,0.0,0.0,0,0,0
rpoBC,759911.0,0.0,0.0,0.0,0.0,0,0,0
rpoBC,759912.0,0.0,0.0,0.0,0.0,0,0,0
rpoBC,759913.0,0.0,0.0,0.0,0.0,0,0,0
rpoBC,759914.0,0.0,0.0,0.0,0.0,0,0,0
rpoBC,759915.0,0.0,0.0,0.0,0.0,0,0,0
rpoBC,759916.0,0.0,-0.001932754,0.0,1.0,0,0,0
rpoBC,759917.0,0.0,0.0,0.0,0.0,0,0,0
rpoBC,759918.0,0.0,0.0,0.0,0.0,0,0,0
rpoBC,759919.0,0.0,0.0,0.0,0.0,0,0,0
rpoBC,759920.0,0.0,-0.0010744572,0.0,1.0,0,0,0
rpoBC,759921.0,0.0,0.0,0.0,0.0,0,0,0
rpoBC,759922.0,0.0,0.0,0.0,0.0,0,0,0
rpoBC,759923.0,0.0,0.0,0.0,0.0,0,0,0
rpoBC,759924.0,0.0,0.0,0.0,0.0,0,0,0
rpoBC,759925.0,0.0,0.0,0.0,0.0,0,0,0
rpoBC,759926.0,0.0,0.0,0.0,0.0,0,0,0
rpoBC,759927.0,0.0,0.0,0.0,0.0,0,0,0
rpoBC,759928.0,0.0,0.0,0.0,0.0,0,0,0
rpoBC,759929.0,0.0,0.0,0.0,0.0,0,0,0
rpoBC,759930.0,0.0,-0.001940526,0.0,0.0,0,0,0
rpoBC,759931.0,0.0,0.0,0.0,0.0,0,0,0
rpoBC,759932.0,0.0,0.0,0.0,0.0,0,0,0
rpoBC,759933.0,0.0,0.0,0.0,0.0,0,0,0
rpoBC,759934.0,0.0,0.0,0.0,0.0,0,0,0
rpoBC,759935.0,0.0,0.0,0.0,0.0,0,0,0
rpoBC,759936.0,0.0,0.0,0.0,0.0,0,0,0
rpoBC,759937.0,0.0,0.0,0.0,0.0,0,0,0
rpoBC,759938.0,0.0016979616,0.0,1.0,0.0,0,0,0
rpoBC,759939.0,0.011608681,0.0,1.0,0.0,0,0,0
rpoBC,759940.0,0.017210077,0.0,1.0,0.0,0,0,0
rpoBC,759941.0,0.0,0.0,0.0,0.0,0,0,0
rpoBC,759942.0,0.01663618,0.0,1.0,0.0,0,0,0
rpoBC,759943.0,0.0,-0.0060905553,0.0,1.0,0,0,0
rpoBC,759944.0,0.0197718,0.0,1.0,0.0,0,0,0
rpoBC,759945.0,0.0,0.0,0.0,0.0,0,0,0
rpoBC,759946.0,0.0,0.0,0.0,0.0,0,0,0
rpoBC,759947.0,0.0,0.0,0.0,0.0,0,0,0
rpoBC,759948.0,0.0,0.0,0.0,0.0,0,0,0
rpoBC,759949.0,0.0,0.0,0.0,0.0,0,0,0
rpoBC,759950.0,0.0,0.0,0.0,0.0,0,0,0
rpoBC,759951.0,0.0,0.0,0.0,0.0,0,0,0
rpoBC,759952.0,0.0,0.0,0.0,0.0,0,0,0
rpoBC,759953.0,0.0,0.0,0.0,0.0,0,0,0
rpoBC,759954.0,0.0,0.0,0.0,0.0,0,0,0
rpoBC,759955.0,0.0,0.0,0.0,0.0,0,0,0
rpoBC,759956.0,0.0,0.0,0.0,0.0,0,0,0
rpoBC,759957.0,0.0,0.0,0.0,0.0,0,0,0
rpoBC,759958.0,0.0,0.0,0.0,0.0,0,0,0
rpoBC,759959.0,0.0,0.0,0.0,0.0,0,0,0
rpoBC,759960.0,0.0,-0.0044140536,0.0,1.0,0,0,0
rpoBC,759961.0,0.0,0.0,0.0,0.0,0,0,0
rpoBC,759962.0,0.0,0.0,0.0,0.0,0,0,0
rpoBC,759963.0,0.0,0.0,0.0,0.0,0,0,0
rpoBC,759964.0,0.0,0.0,0.0,0.0,0,0,0
rpoBC,759965.0,0.0,0.0,0.0,0.0,0,0,0
rpoBC,759966.0,0.0,0.0,0.0,0.0,0,0,0
rpoBC,759967.0,0.0,0.0,0.0,0.0,0,0,0
rpoBC,759968.0,0.0,0.0,0.0,0.0,0,0,0
rpoBC,759969.0,0.0,0.0,0.0,0.0,0,0,0
rpoBC,759970.0,0.0,0.0,0.0,0.0,0,0,0
rpoBC,759971.0,0.0,0.0,0.0,0.0,0,0,0
rpoBC,759972.0,0.0,0.0,0.0,0.0,0,0,0
rpoBC,759973.0,0.0,0.0,0.0,0.0,0,0,0
rpoBC,759974.0,0.0,0.0,0.0,0.0,0,0,0
rpoBC,759975.0,0.0,0.0,0.0,0.0,0,0,0
rpoBC,759976.0,0.0,0.0,0.0,0.0,0,0,0
rpoBC,759977.0,0.0,0.0,0.0,0.0,0,0,0
rpoBC,759978.0,0.0,0.0,0.0,0.0,0,0,0
rpoBC,759979.0,0.0,0.0,0.0,0.0,0,0,0
rpoBC,759980.0,0.0,0.0,0.0,0.0,0,0,0
rpoBC,759981.0,0.0,0.0,0.0,0.0,0,0,0
rpoBC,759982.0,0.0,0.0,0.0,0.0,0,0,0
rpoBC,759983.0,0.0,0.0,0.0,0.0,0,0,0
rpoBC,759984.0,0.0,0.0,0.0,0.0,0,0,0
rpoBC,759985.0,0.0,0.0,0.0,0.0,0,0,0
rpoBC,759986.0,0.0,0.0,0.0,0.0,0,0,0
rpoBC,759987.0,0.0,0.0,0.0,0.0,0,0,0
rpoBC,759988.0,0.0,0.0,0.0,0.0,0,0,0
rpoBC,759989.0,0.0,0.0,0.0,0.0,0,0,0
rpoBC,759990.0,0.0,0.0,0.0,0.0,0,0,0
rpoBC,759991.0,0.0,0.0,0.0,0.0,0,0,0
rpoBC,759992.0,0.0,0.0,0.0,0.0,0,0,0
rpoBC,759993.0,0.0,0.0,0.0,0.0,0,0,0
rpoBC,759994.0,0.0,0.0,0.0,0.0,0,0,0
rpoBC,759995.0,0.0,0.0,0.0,0.0,0,0,0
rpoBC,759996.0,0.0,0.0,0.0,0.0,0,0,0
rpoBC,759997.0,0.0,0.0,0.0,0.0,0,0,0
rpoBC,759998.0,0.0,0.0,0.0,0.0,0,0,0
rpoBC,759999.0,0.0,0.0,0.0,0.0,0,0,0
rpoBC,760000.0,0.0,0.0,0.0,0.0,0,0,0
rpoBC,760001.0,0.0,0.0,0.0,0.0,0,0,0
rpoBC,760002.0,0.0,0.0,0.0,0.0,0,0,0
rpoBC,760003.0,0.0,0.0,0.0,0.0,0,0,0
rpoBC,760004.0,0.0,0.0,0.0,0.0,0,0,0
rpoBC,760005.0,0.0,0.0,0.0,0.0,0,0,0
rpoBC,760006.0,0.0,0.0,0.0,0.0,0,0,0
rpoBC,760007.0,0.0,0.0,0.0,0.0,0,0,0
rpoBC,760008.0,0.0,0.0,0.0,0.0,0,0,0
rpoBC,760009.0,0.0,0.0,0.0,0.0,0,0,0
rpoBC,760010.0,0.0,0.0,0.0,0.0,0,0,0
rpoBC,760011.0,0.0,0.0,0.0,0.0,0,0,0
rpoBC,760012.0,0.0,0.0,0.0,0.0,0,0,0
rpoBC,760013.0,0.0,0.0,0.0,0.0,0,0,0
rpoBC,760014.0,0.0,0.0,0.0,0.0,0,0,0
rpoBC,760015.0,0.0,0.0,0.0,0.0,0,0,0
rpoBC,760016.0,0.0,0.0,0.0,0.0,0,0,0
rpoBC,760017.0,0.0,0.0,0.0,0.0,0,0,0
rpoBC,760018.0,0.0,0.0,0.0,0.0,0,0,0
rpoBC,760019.0,0.0,0.0,0.0,0.0,0,0,0
rpoBC,760020.0,0.0,0.0,0.0,0.0,0,0,0
rpoBC,760021.0,0.0,0.0,0.0,0.0,0,0,0
rpoBC,760022.0,0.0,0.0,0.0,0.0,0,0,0
rpoBC,760023.0,0.0,0.0,0.0,0.0,0,0,0
rpoBC,760024.0,0.0,0.0,0.0,0.0,0,0,0
rpoBC,760025.0,0.0,0.0,0.0,0.0,0,0,0
rpoBC,760026.0,0.0,0.0,0.0,0.0,0,0,0
rpoBC,760027.0,0.0,0.0,0.0,0.0,0,0,0
rpoBC,760028.0,0.0,0.0,0.0,0.0,0,0,0
rpoBC,760029.0,0.0,0.0,0.0,0.0,0,0,0
rpoBC,760030.0,0.0,0.0,0.0,0.0,0,0,0
rpoBC,760031.0,0.0,0.0,0.0,0.0,0,0,0
rpoBC,760032.0,0.0,0.0,0.0,0.0,0,0,0
rpoBC,760033.0,0.0,0.0,0.0,0.0,0,0,0
rpoBC,760034.0,0.0,0.0,0.0,0.0,0,0,0
rpoBC,760035.0,0.0,0.0,0.0,0.0,0,0,0
rpoBC,760036.0,0.0,0.0,0.0,0.0,0,0,0
rpoBC,760037.0,0.00021577666,0.0,0.0,0.0,0,0,0
rpoBC,760038.0,0.0,0.0,0.0,0.0,0,0,0
rpoBC,760039.0,0.0,0.0,0.0,0.0,0,0,0
rpoBC,760040.0,0.0,0.0,0.0,0.0,0,0,0
rpoBC,760041.0,0.0,0.0,0.0,0.0,0,0,0
rpoBC,760042.0,0.0,0.0,0.0,0.0,0,0,0
rpoBC,760043.0,0.0,0.0,0.0,0.0,0,0,0
rpoBC,760044.0,0.0,0.0,0.0,0.0,0,0,0
rpoBC,760045.0,0.0,0.0,0.0,0.0,0,0,0
rpoBC,760046.0,0.0,0.0,0.0,0.0,0,0,0
rpoBC,760047.0,0.0,0.0,0.0,0.0,0,0,0
rpoBC,760048.0,0.0,0.0,0.0,0.0,0,0,0
rpoBC,760049.0,0.0,0.0,0.0,0.0,0,0,0
rpoBC,760050.0,0.0,0.0,0.0,0.0,0,0,0
rpoBC,760051.0,0.0,0.0,0.0,0.0,0,0,0
rpoBC,760052.0,0.0,0.0,0.0,0.0,0,0,0
rpoBC,760053.0,0.0,0.0,0.0,0.0,0,0,0
rpoBC,760054.0,0.0,0.0,0.0,0.0,0,0,0
rpoBC,760055.0,0.0,0.0,0.0,0.0,0,0,0
rpoBC,760056.0,0.0,0.0,0.0,0.0,0,0,0
rpoBC,760057.0,0.0,0.0,0.0,0.0,0,0,0
rpoBC,760058.0,0.0,0.0,0.0,0.0,0,0,0
rpoBC,760059.0,0.0,0.0,0.0,0.0,0,0,0
rpoBC,760060.0,0.0,0.0,0.0,0.0,0,0,0
rpoBC,760061.0,0.0,-0.0017698992,0.0,0.0,0,0,0
rpoBC,760062.0,0.0,0.0,0.0,0.0,0,0,0
rpoBC,760063.0,0.0,0.0,0.0,0.0,0,0,0
rpoBC,760064.0,0.0,0.0,0.0,0.0,0,0,0
rpoBC,760065.0,0.0,0.0,0.0,0.0,0,0,0
rpoBC,760066.0,0.0,0.0,0.0,0.0,0,0,0
rpoBC,760067.0,0.0,0.0,0.0,0.0,0,0,0
rpoBC,760068.0,0.0,0.0,0.0,0.0,0,0,0
rpoBC,760069.0,0.0,0.0,0.0,0.0,0,0,0
rpoBC,760070.0,0.0,0.0,0.0,0.0,0,0,0
rpoBC,760071.0,0.0,0.0,0.0,0.0,0,0,0
rpoBC,760072.0,0.0,0.0,0.0,0.0,0,0,0
rpoBC,760073.0,0.0,0.0,0.0,0.0,0,0,0
rpoBC,760074.0,0.0007155215,0.0,1.0,0.0,0,0,0
rpoBC,760075.0,0.0,0.0,0.0,0.0,0,0,0
rpoBC,760076.0,0.0,0.0,0.0,0.0,0,0,0
rpoBC,760077.0,0.0,0.0,0.0,0.0,0,0,0
rpoBC,760078.0,0.0,0.0,0.0,0.0,0,0,0
rpoBC,760079.0,0.0,0.0,0.0,0.0,0,0,0
rpoBC,760080.0,0.0,0.0,0.0,0.0,0,0,0
rpoBC,760081.0,0.0,-0.0010718673,0.0,1.0,0,0,0
rpoBC,760082.0,0.0,0.0,0.0,0.0,0,0,0
rpoBC,760083.0,0.0,0.0,0.0,0.0,0,0,0
rpoBC,760084.0,0.0,0.0,0.0,0.0,0,0,0
rpoBC,760085.0,0.0,-0.010245597,0.0,1.0,0,0,0
rpoBC,760086.0,0.0,0.0,0.0,0.0,0,0,0
rpoBC,760087.0,0.0,0.0,0.0,0.0,0,0,0
rpoBC,760088.0,0.0,0.0,0.0,0.0,0,0,0
rpoBC,760089.0,0.0,0.0,0.0,0.0,0,0,0
rpoBC,760090.0,0.0,0.0,0.0,0.0,0,0,0
rpoBC,760091.0,0.0,0.0,0.0,0.0,0,0,0
rpoBC,760092.0,0.0,0.0,0.0,0.0,0,0,0
rpoBC,760093.0,0.0,0.0,0.0,0.0,0,0,0
rpoBC,760094.0,0.0,0.0,0.0,0.0,0,0,0
rpoBC,760095.0,0.0,0.0,0.0,0.0,0,0,0
rpoBC,760096.0,0.0,0.0,0.0,0.0,0,0,0
rpoBC,760097.0,0.0,0.0,0.0,0.0,0,0,0
rpoBC,760098.0,0.0,0.0,0.0,0.0,0,0,0
rpoBC,760099.0,0.0,0.0,0.0,0.0,0,0,0
rpoBC,760100.0,0.0,0.0,0.0,0.0,0,0,0
rpoBC,760101.0,0.0,0.0,0.0,0.0,0,0,0
rpoBC,760102.0,0.0,0.0,0.0,0.0,0,0,0
rpoBC,760103.0,0.0,0.0,0.0,0.0,0,0,0
rpoBC,760104.0,0.0,0.0,0.0,0.0,0,0,0
rpoBC,760105.0,0.0,0.0,0.0,0.0,0,0,0
rpoBC,760106.0,0.014988113,0.0,1.0,0.0,0,0,0
rpoBC,760107.0,0.0,0.0,0.0,0.0,0,0,0
rpoBC,760108.0,0.0,0.0,0.0,0.0,0,0,0
rpoBC,760109.0,0.0,0.0,0.0,0.0,0,0,0
rpoBC,760110.0,0.0,0.0,0.0,0.0,0,0,0
rpoBC,760111.0,0.0,0.0,0.0,0.0,0,0,0
rpoBC,760112.0,0.0,0.0,0.0,0.0,0,0,0
rpoBC,760113.0,0.0,0.0,0.0,0.0,0,0,0
rpoBC,760114.0,0.0,0.0,0.0,0.0,0,0,0
rpoBC,760115.0,0.0,-0.07527684,0.0,1.0,0,0,0
rpoBC,760116.0,0.0,0.0,0.0,0.0,0,0,0
rpoBC,760117.0,0.0,0.0,0.0,0.0,0,0,0
rpoBC,760118.0,0.002553563,0.0,1.0,0.0,0,0,0
rpoBC,760119.0,0.0,0.0,0.0,0.0,0,0,0
rpoBC,760120.0,0.0,0.0,0.0,0.0,0,0,0
rpoBC,760121.0,0.0,0.0,0.0,0.0,0,0,0
rpoBC,760122.0,0.0,0.0,0.0,0.0,0,0,0
rpoBC,760123.0,0.0,0.0,0.0,0.0,0,0,0
rpoBC,760124.0,0.0,0.0,0.0,0.0,0,0,0
rpoBC,760125.0,0.0,0.0,0.0,0.0,0,0,0
rpoBC,760126.0,0.0,0.0,0.0,0.0,0,0,0
rpoBC,760127.0,0.0,0.0,0.0,0.0,0,0,0
rpoBC,760128.0,0.0,0.0,0.0,0.0,0,0,0
rpoBC,760129.0,0.0,0.0,0.0,0.0,0,0,0
rpoBC,760130.0,0.0,0.0,0.0,0.0,0,0,0
rpoBC,760131.0,0.0,0.0,0.0,0.0,0,0,0
rpoBC,760132.0,0.0,0.0,0.0,0.0,0,0,0
rpoBC,760133.0,0.0,-0.014469081,0.0,1.0,0,0,0
rpoBC,760134.0,0.0,0.0,0.0,0.0,0,0,0
rpoBC,760135.0,0.0,0.0,0.0,0.0,0,0,0
rpoBC,760136.0,0.0,0.0,0.0,0.0,0,0,0
rpoBC,760137.0,0.0,0.0,0.0,0.0,0,0,0
rpoBC,760138.0,0.0,0.0,0.0,0.0,0,0,0
rpoBC,760139.0,0.0,0.0,0.0,0.0,0,0,0
rpoBC,760140.0,0.0,0.0,0.0,0.0,0,0,0
rpoBC,760141.0,0.0,0.0,0.0,0.0,0,0,0
rpoBC,760142.0,0.0,-0.0074722148,0.0,1.0,0,0,0
rpoBC,760143.0,0.0,-0.029422132,0.0,1.0,0,0,0
rpoBC,760144.0,0.0,0.0,0.0,0.0,0,0,0
rpoBC,760145.0,0.0,0.0,0.0,0.0,0,0,0
rpoBC,760146.0,0.0,0.0,0.0,0.0,0,0,0
rpoBC,760147.0,0.0,0.0,0.0,0.0,0,0,0
rpoBC,760148.0,0.0,0.0,0.0,0.0,0,0,0
rpoBC,760149.0,0.0,0.0,0.0,0.0,0,0,0
rpoBC,760150.0,0.0,0.0,0.0,0.0,0,0,0
rpoBC,760151.0,0.0,0.0,0.0,0.0,0,0,0
rpoBC,760152.0,0.0,0.0,0.0,0.0,0,0,0
rpoBC,760153.0,0.0,0.0,0.0,0.0,0,0,0
rpoBC,760154.0,0.0,0.0,0.0,0.0,0,0,0
rpoBC,760155.0,0.0,0.0,0.0,0.0,0,0,0
rpoBC,760156.0,0.0,0.0,0.0,0.0,0,0,0
rpoBC,760157.0,0.0,0.0,0.0,0.0,0,0,0
rpoBC,760158.0,0.0,0.0,0.0,0.0,0,0,0
rpoBC,760159.0,0.0,0.0,0.0,0.0,0,0,0
rpoBC,760160.0,0.0,0.0,0.0,0.0,0,0,0
rpoBC,760161.0,0.0,0.0,0.0,0.0,0,0,0
rpoBC,760162.0,0.0,0.0,0.0,0.0,0,0,0
rpoBC,760163.0,0.0,0.0,0.0,0.0,0,0,0
rpoBC,760164.0,0.0,0.0,0.0,0.0,0,0,0
rpoBC,760165.0,0.0,0.0,0.0,0.0,0,0,0
rpoBC,760166.0,0.0,0.0,0.0,0.0,0,0,0
rpoBC,760167.0,0.0,0.0,0.0,0.0,0,0,0
rpoBC,760168.0,0.0,0.0,0.0,0.0,0,0,0
rpoBC,760169.0,0.0,-0.008099055,0.0,1.0,0,0,0
rpoBC,760170.0,0.0,0.0,0.0,0.0,0,0,0
rpoBC,760171.0,0.0,0.0,0.0,0.0,0,0,0
rpoBC,760172.0,0.0,0.0,0.0,0.0,0,0,0
rpoBC,760173.0,0.0,0.0,0.0,0.0,0,0,0
rpoBC,760174.0,0.0,0.0,0.0,0.0,0,0,0
rpoBC,760175.0,0.0,0.0,0.0,0.0,0,0,0
rpoBC,760176.0,0.0,0.0,0.0,0.0,0,0,0
rpoBC,760177.0,0.0,0.0,0.0,0.0,0,0,0
rpoBC,760178.0,0.0,0.0,0.0,0.0,0,0,0
rpoBC,760179.0,0.0,0.0,0.0,0.0,0,0,0
rpoBC,760180.0,0.0,0.0,0.0,0.0,0,0,0
rpoBC,760181.0,0.0,0.0,0.0,0.0,0,0,0
rpoBC,760182.0,0.0,0.0,0.0,0.0,0,0,0
rpoBC,760183.0,0.0,0.0,0.0,0.0,0,0,0
rpoBC,760184.0,0.0,0.0,0.0,0.0,0,0,0
rpoBC,760185.0,0.0,0.0,0.0,0.0,0,0,0
rpoBC,760186.0,0.0,0.0,0.0,0.0,0,0,0
rpoBC,760187.0,0.0024831155,0.0,1.0,0.0,0,0,0
rpoBC,760188.0,0.0,0.0,0.0,0.0,0,0,0
rpoBC,760189.0,0.0,0.0,0.0,0.0,0,0,0
rpoBC,760190.0,0.0,0.0,0.0,0.0,0,0,0
rpoBC,760191.0,0.0,0.0,0.0,0.0,0,0,0
rpoBC,760192.0,0.0,0.0,0.0,0.0,0,0,0
rpoBC,760193.0,0.0,0.0,0.0,0.0,0,0,0
rpoBC,760194.0,0.0,0.0,0.0,0.0,0,0,0
rpoBC,760195.0,0.0,0.0,0.0,0.0,0,0,0
rpoBC,760196.0,0.0,0.0,0.0,0.0,0,0,0
rpoBC,760197.0,0.0,0.0,0.0,0.0,0,0,0
rpoBC,760198.0,0.0,0.0,0.0,0.0,0,0,0
rpoBC,760199.0,0.0,0.0,0.0,0.0,0,0,0
rpoBC,760200.0,0.0,0.0,0.0,0.0,0,0,0
rpoBC,760201.0,0.0,0.0,0.0,0.0,0,0,0
rpoBC,760202.0,0.0,0.0,0.0,0.0,0,0,0
rpoBC,760203.0,0.0,0.0,0.0,0.0,0,0,0
rpoBC,760204.0,0.0,0.0,0.0,0.0,0,0,0
rpoBC,760205.0,0.0,0.0,0.0,0.0,0,0,0
rpoBC,760206.0,0.0,0.0,0.0,0.0,0,0,0
rpoBC,760207.0,0.0,0.0,0.0,0.0,0,0,0
rpoBC,760208.0,0.0,0.0,0.0,0.0,0,0,0
rpoBC,760209.0,0.0,0.0,0.0,0.0,0,0,0
rpoBC,760210.0,0.0,0.0,0.0,0.0,0,0,0
rpoBC,760211.0,0.0,0.0,0.0,0.0,0,0,0
rpoBC,760212.0,0.0,0.0,0.0,0.0,0,0,0
rpoBC,760213.0,0.0,0.0,0.0,0.0,0,0,0
rpoBC,760214.0,0.0,0.0,0.0,0.0,0,0,0
rpoBC,760215.0,0.0,0.0,0.0,0.0,0,0,0
rpoBC,760216.0,0.0,0.0,0.0,0.0,0,0,0
rpoBC,760217.0,0.0,0.0,0.0,0.0,0,0,0
rpoBC,760218.0,0.0,0.0,0.0,0.0,0,0,0
rpoBC,760219.0,0.0,0.0,0.0,0.0,0,0,0
rpoBC,760220.0,0.0,0.0,0.0,0.0,0,0,0
rpoBC,760221.0,0.0,0.0,0.0,0.0,0,0,0
rpoBC,760222.0,0.0,0.0,0.0,0.0,0,0,0
rpoBC,760223.0,0.0,0.0,0.0,0.0,0,0,0
rpoBC,760224.0,0.0,0.0,0.0,0.0,0,0,0
rpoBC,760225.0,0.0,0.0,0.0,0.0,0,0,0
rpoBC,760226.0,0.0,0.0,0.0,0.0,0,0,0
rpoBC,760227.0,0.0,0.0,0.0,0.0,0,0,0
rpoBC,760228.0,0.0,0.0,0.0,0.0,0,0,0
rpoBC,760229.0,0.0031106642,0.0,1.0,0.0,0,0,0
rpoBC,760230.0,0.0,0.0,0.0,0.0,0,0,0
rpoBC,760231.0,0.0,0.0,0.0,0.0,0,0,0
rpoBC,760232.0,0.0,0.0,0.0,0.0,0,0,0
rpoBC,760233.0,0.0,0.0,0.0,0.0,0,0,0
rpoBC,760234.0,0.0,0.0,0.0,0.0,0,0,0
rpoBC,760235.0,0.0,0.0,0.0,0.0,0,0,0
rpoBC,760236.0,0.0,0.0,0.0,0.0,0,0,0
rpoBC,760237.0,0.0,0.0,0.0,0.0,0,0,0
rpoBC,760238.0,0.0,0.0,0.0,0.0,0,0,0
rpoBC,760239.0,0.0,0.0,0.0,0.0,0,0,0
rpoBC,760240.0,0.0,0.0,0.0,0.0,0,0,0
rpoBC,760241.0,0.0,0.0,0.0,0.0,0,0,0
rpoBC,760242.0,0.0,0.0,0.0,0.0,0,0,0
rpoBC,760243.0,0.0,0.0,0.0,0.0,0,0,0
rpoBC,760244.0,0.0,0.0,0.0,0.0,0,0,0
rpoBC,760245.0,0.0,0.0,0.0,0.0,0,0,0
rpoBC,760246.0,0.0,0.0,0.0,0.0,0,0,0
rpoBC,760247.0,0.0,0.0,0.0,0.0,0,0,0
rpoBC,760248.0,0.0,0.0,0.0,0.0,0,0,0
rpoBC,760249.0,0.0,0.0,0.0,0.0,0,0,0
rpoBC,760250.0,0.0,0.0,0.0,0.0,0,0,0
rpoBC,760251.0,0.0,0.0,0.0,0.0,0,0,0
rpoBC,760252.0,0.0,0.0,0.0,0.0,0,0,0
rpoBC,760253.0,0.0,0.0,0.0,0.0,0,0,0
rpoBC,760254.0,0.0,0.0,0.0,0.0,0,0,0
rpoBC,760255.0,0.0,0.0,0.0,0.0,0,0,0
rpoBC,760256.0,0.0,0.0,0.0,0.0,0,0,0
rpoBC,760257.0,0.0,0.0,0.0,0.0,0,0,0
rpoBC,760258.0,0.0,0.0,0.0,0.0,0,0,0
rpoBC,760259.0,0.0,-0.0027129794,0.0,1.0,0,0,0
rpoBC,760260.0,0.0,0.0,0.0,0.0,0,0,0
rpoBC,760261.0,0.0,0.0,0.0,0.0,0,0,0
rpoBC,760262.0,0.0,0.0,0.0,0.0,0,0,0
rpoBC,760263.0,0.0,0.0,0.0,0.0,0,0,0
rpoBC,760264.0,0.0,0.0,0.0,0.0,0,0,0
rpoBC,760265.0,0.0,0.0,0.0,0.0,0,0,0
rpoBC,760266.0,0.0,0.0,0.0,0.0,0,0,0
rpoBC,760267.0,0.0,0.0,0.0,0.0,0,0,0
rpoBC,760268.0,0.0,0.0,0.0,0.0,0,0,0
rpoBC,760269.0,0.0,0.0,0.0,0.0,0,0,0
rpoBC,760270.0,0.0,0.0,0.0,0.0,0,0,0
rpoBC,760271.0,0.0,0.0,0.0,0.0,0,0,0
rpoBC,760272.0,0.0,0.0,0.0,0.0,0,0,0
rpoBC,760273.0,0.0,0.0,0.0,0.0,0,0,0
rpoBC,760274.0,0.0,0.0,0.0,0.0,0,0,0
rpoBC,760275.0,0.0,0.0,0.0,0.0,0,0,0
rpoBC,760276.0,0.0,0.0,0.0,0.0,0,0,0
rpoBC,760277.0,0.0,0.0,0.0,0.0,0,0,0
rpoBC,760278.0,0.0,0.0,0.0,0.0,0,0,0
rpoBC,760279.0,0.0,0.0,0.0,0.0,0,0,0
rpoBC,760280.0,0.0,-0.00059368054,0.0,1.0,0,0,0
rpoBC,760281.0,0.0,-0.0035186326,0.0,1.0,0,0,0
rpoBC,760282.0,0.0,0.0,0.0,0.0,0,0,0
rpoBC,760283.0,0.0,0.0,0.0,0.0,0,0,0
rpoBC,760284.0,0.0,0.0,0.0,0.0,0,0,0
rpoBC,760285.0,0.0,0.0,0.0,0.0,0,0,0
rpoBC,760286.0,0.0,0.0,0.0,0.0,0,0,0
rpoBC,760287.0,0.0,0.0,0.0,0.0,0,0,0
rpoBC,760288.0,0.0,0.0,0.0,0.0,0,0,0
rpoBC,760289.0,0.0,0.0,0.0,0.0,0,0,0
rpoBC,760290.0,0.0,0.0,0.0,0.0,0,0,0
rpoBC,760291.0,0.0,0.0,0.0,0.0,0,0,0
rpoBC,760292.0,0.0,0.0,0.0,0.0,0,0,0
rpoBC,760293.0,0.0,-0.000111419824,0.0,0.0,0,0,0
rpoBC,760294.0,0.0,0.0,0.0,0.0,0,0,0
rpoBC,760295.0,0.0,0.0,0.0,0.0,0,0,0
rpoBC,760296.0,0.0,0.0,0.0,0.0,0,0,0
rpoBC,760297.0,0.0,0.0,0.0,0.0,0,0,0
rpoBC,760298.0,0.0,0.0,0.0,0.0,0,0,0
rpoBC,760299.0,0.0,0.0,0.0,0.0,0,0,0
rpoBC,760300.0,0.0,0.0,0.0,0.0,0,0,0
rpoBC,760301.0,0.0,0.0,0.0,0.0,0,0,0
rpoBC,760302.0,0.0,0.0,0.0,0.0,0,0,0
rpoBC,760303.0,0.0,0.0,0.0,0.0,0,0,0
rpoBC,760304.0,0.0,0.0,0.0,0.0,0,0,0
rpoBC,760305.0,0.05765942,0.0,1.0,0.0,0,0,0
rpoBC,760306.0,0.0,0.0,0.0,0.0,0,0,0
rpoBC,760307.0,0.0,0.0,0.0,0.0,0,0,0
rpoBC,760308.0,0.0,0.0,0.0,0.0,0,0,0
rpoBC,760309.0,0.24225011,0.0,1.0,0.0,0,0,0
rpoBC,760310.0,0.0,0.0,0.0,0.0,0,0,0
rpoBC,760311.0,0.0,0.0,0.0,0.0,0,0,0
rpoBC,760312.0,0.0,0.0,0.0,0.0,0,0,0
rpoBC,760313.0,0.0,0.0,0.0,0.0,0,0,0
rpoBC,760314.0,4.8852515,0.0,1.0,0.0,1,0,0
rpoBC,760315.0,0.0,-0.038217925,0.0,1.0,0,0,0
rpoBC,760316.0,0.0,0.0,0.0,0.0,0,0,0
rpoBC,760317.0,0.0,0.0,0.0,0.0,0,0,0
rpoBC,760318.0,0.0,0.0,0.0,0.0,0,0,0
rpoBC,760319.0,0.0,0.0,0.0,0.0,0,0,0
rpoBC,760320.0,0.0,0.0,0.0,0.0,0,0,0
rpoBC,760321.0,0.09266827,0.0,1.0,0.0,0,0,0
rpoBC,760322.0,0.0,0.0,0.0,0.0,0,0,0
rpoBC,760323.0,0.0,0.0,0.0,0.0,0,0,0
rpoBC,760324.0,0.11923227,0.0,1.0,0.0,0,0,0
rpoBC,760325.0,0.0,0.0,0.0,0.0,0,0,0
rpoBC,760326.0,0.0,0.0,0.0,0.0,0,0,0
rpoBC,760327.0,0.0,0.0,0.0,0.0,0,0,0
rpoBC,760328.0,0.0,0.0,0.0,0.0,0,0,0
rpoBC,760329.0,0.0,0.0,0.0,0.0,0,0,0
rpoBC,760330.0,0.0,0.0,0.0,0.0,0,0,0
rpoBC,760331.0,0.0,0.0,0.0,0.0,0,0,0
rpoBC,760332.0,0.0,0.0,0.0,0.0,0,0,0
rpoBC,760333.0,0.0,0.0,0.0,0.0,0,0,0
rpoBC,760334.0,0.0,0.0,0.0,0.0,0,0,0
rpoBC,760335.0,0.0,0.0,0.0,0.0,0,0,0
rpoBC,760336.0,0.0,0.0,0.0,0.0,0,0,0
rpoBC,760337.0,0.0,0.0,0.0,0.0,0,0,0
rpoBC,760338.0,0.0,0.0,0.0,0.0,0,0,0
rpoBC,760339.0,0.0,0.0,0.0,0.0,0,0,0
rpoBC,760340.0,0.0,0.0,0.0,0.0,0,0,0
rpoBC,760341.0,0.0,0.0,0.0,0.0,0,0,0
rpoBC,760342.0,0.0,0.0,0.0,0.0,0,0,0
rpoBC,760343.0,0.0,0.0,0.0,0.0,0,0,0
rpoBC,760344.0,0.0,0.0,0.0,0.0,0,0,0
rpoBC,760345.0,0.0,0.0,0.0,0.0,0,0,0
rpoBC,760346.0,0.0,0.0,0.0,0.0,0,0,0
rpoBC,760347.0,0.0,0.0,0.0,0.0,0,0,0
rpoBC,760348.0,0.0,0.0,0.0,0.0,0,0,0
rpoBC,760349.0,0.0,0.0,0.0,0.0,0,0,0
rpoBC,760350.0,0.0,0.0,0.0,0.0,0,0,0
rpoBC,760351.0,0.0,0.0,0.0,0.0,0,0,0
rpoBC,760352.0,0.0,0.0,0.0,0.0,0,0,0
rpoBC,760353.0,0.0,0.0,0.0,0.0,0,0,0
rpoBC,760354.0,0.0,0.0,0.0,0.0,0,0,0
rpoBC,760355.0,0.0,0.0,0.0,0.0,0,0,0
rpoBC,760356.0,0.0,0.0,0.0,0.0,0,0,0
rpoBC,760357.0,0.0,0.0,0.0,0.0,0,0,0
rpoBC,760358.0,0.0,0.0,0.0,0.0,0,0,0
rpoBC,760359.0,0.0,0.0,0.0,0.0,0,0,0
rpoBC,760360.0,0.0,0.0,0.0,0.0,0,0,0
rpoBC,760361.0,0.0,0.0,0.0,0.0,0,0,0
rpoBC,760362.0,0.0,0.0,0.0,0.0,0,0,0
rpoBC,760363.0,0.0,0.0,0.0,0.0,0,0,0
rpoBC,760364.0,0.0,0.0,0.0,0.0,0,0,0
rpoBC,rpoBC_28,0.0,0.0,0.0,0.0,0,0,0
rpoBC,rpoBC_29,0.0,0.0,0.0,0.0,0,0,0
rpoBC,rpoBC_30,0.0,0.0,0.0,0.0,0,0,0
rpoBC,rpoBC_31,0.0,0.0,0.0,0.0,0,0,0
rpoBC,rpoBC_32,0.0,0.0,0.0,0.0,0,0,0
rpoBC,rpoBC_33,0.0,0.0,0.0,0.0,0,0,0
rpoBC,rpoBC_34,0.0,0.0,0.0,0.0,0,0,0
rpoBC,rpoBC_35,0.0,0.0,0.0,0.0,0,0,0
rpoBC,rpoBC_36,0.0,0.0,0.0,0.0,0,0,0
rpoBC,rpoBC_37,0.0,0.0,0.0,0.0,0,0,0
rpoBC,rpoBC_38,0.0,0.0,0.0,0.0,0,0,0
rpoBC,rpoBC_39,0.0,0.0,0.0,0.0,0,0,0
rpoBC,760365.0,0.0,0.0,0.0,0.0,0,0,0
rpoBC,760366.0,0.0,0.0,0.0,0.0,0,0,0
rpoBC,760367.0,0.0,0.0,0.0,0.0,0,0,0
rpoBC,760368.0,0.0,0.0,0.0,0.0,0,0,0
rpoBC,760369.0,0.0,0.0,0.0,0.0,0,0,0
rpoBC,760370.0,0.0,0.0,0.0,0.0,0,0,0
rpoBC,760371.0,0.0,0.0,0.0,0.0,0,0,0
rpoBC,760372.0,0.0,0.0,0.0,0.0,0,0,0
rpoBC,760373.0,0.0,0.0,0.0,0.0,0,0,0
rpoBC,760374.0,0.0,0.0,0.0,0.0,0,0,0
rpoBC,760375.0,0.0,0.0,0.0,0.0,0,0,0
rpoBC,760376.0,0.0,0.0,0.0,0.0,0,0,0
rpoBC,760377.0,0.0,0.0,0.0,0.0,0,0,0
rpoBC,760378.0,0.0,0.0,0.0,0.0,0,0,0
rpoBC,760379.0,0.0,0.0,0.0,0.0,0,0,0
rpoBC,760380.0,0.0,0.0,0.0,0.0,0,0,0
rpoBC,760381.0,0.0,0.0,0.0,0.0,0,0,0
rpoBC,760382.0,0.0,0.0,0.0,0.0,0,0,0
rpoBC,760383.0,0.0,0.0,0.0,0.0,0,0,0
rpoBC,760384.0,0.0,0.0,0.0,0.0,0,0,0
rpoBC,760385.0,0.0,0.0,0.0,0.0,0,0,0
rpoBC,760386.0,0.0,0.0,0.0,0.0,0,0,0
rpoBC,760387.0,0.0,0.0,0.0,0.0,0,0,0
rpoBC,760388.0,0.0,0.0,0.0,0.0,0,0,0
rpoBC,760389.0,0.0,0.0,0.0,0.0,0,0,0
rpoBC,760390.0,0.0,0.0,0.0,0.0,0,0,0
rpoBC,760391.0,0.0,-0.0036907413,0.0,1.0,0,0,0
rpoBC,760392.0,0.0,0.0,0.0,0.0,0,0,0
rpoBC,760393.0,0.0,0.0,0.0,0.0,0,0,0
rpoBC,760394.0,0.0,0.0,0.0,0.0,0,0,0
rpoBC,760395.0,0.0,0.0,0.0,0.0,0,0,0
rpoBC,760396.0,0.0,0.0,0.0,0.0,0,0,0
rpoBC,760397.0,0.0,0.0,0.0,0.0,0,0,0
rpoBC,760398.0,0.0,-0.014997008,0.0,1.0,0,0,0
rpoBC,760399.0,0.0,0.0,0.0,0.0,0,0,0
rpoBC,760400.0,0.0,0.0,0.0,0.0,0,0,0
rpoBC,760401.0,0.0,0.0,0.0,0.0,0,0,0
rpoBC,760402.0,0.0,0.0,0.0,0.0,0,0,0
rpoBC,760403.0,0.0,0.0,0.0,0.0,0,0,0
rpoBC,760404.0,0.0,0.0,0.0,0.0,0,0,0
rpoBC,760405.0,0.0,0.0,0.0,0.0,0,0,0
rpoBC,760406.0,0.0,0.0,0.0,0.0,0,0,0
rpoBC,760407.0,0.0,0.0,0.0,0.0,0,0,0
rpoBC,760408.0,0.0,0.0,0.0,0.0,0,0,0
rpoBC,760409.0,0.0,0.0,0.0,0.0,0,0,0
rpoBC,760410.0,0.0,0.0,0.0,0.0,0,0,0
rpoBC,760411.0,0.0,0.0,0.0,0.0,0,0,0
rpoBC,760412.0,0.0,-0.008737082,0.0,1.0,0,0,0
rpoBC,760413.0,0.0,0.0,0.0,0.0,0,0,0
rpoBC,760414.0,0.0,0.0,0.0,0.0,0,0,0
rpoBC,760415.0,0.0,0.0,0.0,0.0,0,0,0
rpoBC,760416.0,0.0,0.0,0.0,0.0,0,0,0
rpoBC,760417.0,0.0,0.0,0.0,0.0,0,0,0
rpoBC,760418.0,0.0,0.0,0.0,0.0,0,0,0
rpoBC,760419.0,0.0,0.0,0.0,0.0,0,0,0
rpoBC,760420.0,0.0,0.0,0.0,0.0,0,0,0
rpoBC,760421.0,0.0,0.0,0.0,0.0,0,0,0
rpoBC,760422.0,0.0,0.0,0.0,0.0,0,0,0
rpoBC,760423.0,0.0,0.0,0.0,0.0,0,0,0
rpoBC,760424.0,0.0,0.0,0.0,0.0,0,0,0
rpoBC,760425.0,0.028390191,0.0,1.0,0.0,0,0,0
rpoBC,760426.0,0.0,0.0,0.0,0.0,0,0,0
rpoBC,760427.0,0.0,0.0,0.0,0.0,0,0,0
rpoBC,760428.0,0.0,0.0,0.0,0.0,0,0,0
rpoBC,760429.0,0.0,0.0,0.0,0.0,0,0,0
rpoBC,760430.0,0.0,0.0,0.0,0.0,0,0,0
rpoBC,760431.0,0.0,0.0,0.0,0.0,0,0,0
rpoBC,760432.0,0.0,0.0,0.0,0.0,0,0,0
rpoBC,760433.0,0.0,0.0,0.0,0.0,0,0,0
rpoBC,760434.0,0.0,0.0,0.0,0.0,0,0,0
rpoBC,760435.0,0.0,0.0,0.0,0.0,0,0,0
rpoBC,760436.0,0.0,0.0,0.0,0.0,0,0,0
rpoBC,760437.0,0.0,0.0,0.0,0.0,0,0,0
rpoBC,760438.0,0.0,0.0,0.0,0.0,0,0,0
rpoBC,760439.0,0.0,0.0,0.0,0.0,0,0,0
rpoBC,760440.0,0.0,0.0,0.0,0.0,0,0,0
rpoBC,760441.0,0.0,0.0,0.0,0.0,0,0,0
rpoBC,760442.0,0.0,0.0,0.0,0.0,0,0,0
rpoBC,760443.0,0.0,0.0,0.0,0.0,0,0,0
rpoBC,760444.0,0.0,0.0,0.0,0.0,0,0,0
rpoBC,760445.0,0.0,0.0,0.0,0.0,0,0,0
rpoBC,760446.0,0.0,0.0,0.0,0.0,0,0,0
rpoBC,760447.0,0.0,0.0,0.0,0.0,0,0,0
rpoBC,760448.0,0.0,0.0,0.0,0.0,0,0,0
rpoBC,760449.0,0.0,0.0,0.0,0.0,0,0,0
rpoBC,760450.0,0.0,0.0,0.0,0.0,0,0,0
rpoBC,760451.0,0.0,0.0,0.0,0.0,0,0,0
rpoBC,760452.0,0.0,0.0,0.0,0.0,0,0,0
rpoBC,760453.0,0.0,0.0,0.0,0.0,0,0,0
rpoBC,760454.0,0.0,0.0,0.0,0.0,0,0,0
rpoBC,760455.0,0.0,0.0,0.0,0.0,0,0,0
rpoBC,760456.0,0.0,0.0,0.0,0.0,0,0,0
rpoBC,760457.0,0.0,0.0,0.0,0.0,0,0,0
rpoBC,760458.0,0.0,0.0,0.0,0.0,0,0,0
rpoBC,760459.0,0.0,0.0,0.0,0.0,0,0,0
rpoBC,760460.0,0.0,0.0,0.0,0.0,0,0,0
rpoBC,760461.0,0.0,-0.0145288035,0.0,1.0,0,0,0
rpoBC,760462.0,0.0,-0.0056953076,0.0,1.0,0,0,0
rpoBC,760463.0,0.0,0.0,0.0,0.0,0,0,0
rpoBC,760464.0,0.0,0.0,0.0,0.0,0,0,0
rpoBC,760465.0,0.0,0.0,0.0,0.0,0,0,0
rpoBC,760466.0,0.0,0.0,0.0,0.0,0,0,0
rpoBC,760467.0,0.0,0.0,0.0,0.0,0,0,0
rpoBC,760468.0,0.0,0.0,0.0,0.0,0,0,0
rpoBC,760469.0,0.0,0.0,0.0,0.0,0,0,0
rpoBC,760470.0,0.0,0.0,0.0,0.0,0,0,0
rpoBC,760471.0,0.0,0.0,0.0,0.0,0,0,0
rpoBC,760472.0,0.0,0.0,0.0,0.0,0,0,0
rpoBC,760473.0,0.0,0.0,0.0,0.0,0,0,0
rpoBC,760474.0,0.0,0.0,0.0,0.0,0,0,0
rpoBC,760475.0,0.0,0.0,0.0,0.0,0,0,0
rpoBC,760476.0,0.0017106733,0.0,0.0,0.0,0,0,0
rpoBC,760477.0,0.0,0.0,0.0,0.0,0,0,0
rpoBC,760478.0,0.0,0.0,0.0,0.0,0,0,0
rpoBC,760479.0,0.0,-0.0029043858,0.0,0.0,0,0,0
rpoBC,760480.0,0.0,-0.009064131,0.0,1.0,0,0,0
rpoBC,760481.0,0.0,0.0,0.0,0.0,0,0,0
rpoBC,760482.0,0.0,0.0,0.0,0.0,0,0,0
rpoBC,760483.0,0.0,0.0,0.0,0.0,0,0,0
rpoBC,760484.0,0.0,0.0,0.0,0.0,0,0,0
rpoBC,760485.0,0.0,0.0,0.0,0.0,0,0,0
rpoBC,760486.0,0.0,0.0,0.0,0.0,0,0,0
rpoBC,760487.0,0.0,0.0,0.0,0.0,0,0,0
rpoBC,760488.0,0.0,-0.024013417,0.0,1.0,0,0,0
rpoBC,760489.0,0.0,0.0,0.0,0.0,0,0,0
rpoBC,760490.0,0.072601505,0.0,1.0,0.0,0,0,0
rpoBC,760491.0,0.0,0.0,0.0,0.0,0,0,0
rpoBC,760492.0,0.0,0.0,0.0,0.0,0,0,0
rpoBC,760493.0,0.0063912775,0.0,1.0,0.0,0,0,0
rpoBC,760494.0,0.0,0.0,0.0,0.0,0,0,0
rpoBC,760495.0,0.0,0.0,0.0,0.0,0,0,0
rpoBC,760496.0,0.0,0.0,0.0,0.0,0,0,0
rpoBC,760497.0,0.0,0.0,0.0,0.0,0,0,0
rpoBC,760498.0,0.0,0.0,0.0,0.0,0,0,0
rpoBC,760499.0,0.0,0.0,0.0,0.0,0,0,0
rpoBC,760500.0,0.0,0.0,0.0,0.0,0,0,0
rpoBC,760501.0,0.0,0.0,0.0,0.0,0,0,0
rpoBC,760502.0,0.0037308738,0.0,1.0,0.0,0,0,0
rpoBC,760503.0,0.0,0.0,0.0,0.0,0,0,0
rpoBC,760504.0,0.0,0.0,0.0,0.0,0,0,0
rpoBC,760505.0,0.0,0.0,0.0,0.0,0,0,0
rpoBC,760506.0,0.0,0.0,0.0,0.0,0,0,0
rpoBC,760507.0,0.0,0.0,0.0,0.0,0,0,0
rpoBC,760508.0,0.0,-0.009384161,0.0,1.0,0,0,0
rpoBC,760509.0,0.0,0.0,0.0,0.0,0,0,0
rpoBC,760510.0,0.0,0.0,0.0,0.0,0,0,0
rpoBC,760511.0,0.0,0.0,0.0,0.0,0,0,0
rpoBC,760512.0,0.0,0.0,0.0,0.0,0,0,0
rpoBC,760513.0,0.0,0.0,0.0,0.0,0,0,0
rpoBC,760514.0,0.0,-0.009514628,0.0,1.0,0,0,0
rpoBC,760515.0,0.0,0.0,0.0,0.0,0,0,0
rpoBC,760516.0,0.0,0.0,0.0,0.0,0,0,0
rpoBC,760517.0,0.0,0.0,0.0,0.0,0,0,0
rpoBC,760518.0,0.0,0.0,0.0,0.0,0,0,0
rpoBC,760519.0,0.0,0.0,0.0,0.0,0,0,0
rpoBC,760520.0,0.0,0.0,0.0,0.0,0,0,0
rpoBC,760521.0,0.0,0.0,0.0,0.0,0,0,0
rpoBC,760522.0,0.0,0.0,0.0,0.0,0,0,0
rpoBC,760523.0,0.0,0.0,0.0,0.0,0,0,0
rpoBC,760524.0,0.0,0.0,0.0,0.0,0,0,0
rpoBC,760525.0,0.0,0.0,0.0,0.0,0,0,0
rpoBC,760526.0,0.0,0.0,0.0,0.0,0,0,0
rpoBC,760527.0,0.0,0.0,0.0,0.0,0,0,0
rpoBC,760528.0,0.0,0.0,0.0,0.0,0,0,0
rpoBC,760529.0,0.0,0.0,0.0,0.0,0,0,0
rpoBC,760530.0,0.0,0.0,0.0,0.0,0,0,0
rpoBC,760531.0,0.0,0.0,0.0,0.0,0,0,0
rpoBC,760532.0,0.0,0.0,0.0,0.0,0,0,0
rpoBC,760533.0,0.0,0.0,0.0,0.0,0,0,0
rpoBC,760534.0,0.0,0.0,0.0,0.0,0,0,0
rpoBC,760535.0,0.0,0.0,0.0,0.0,0,0,0
rpoBC,760536.0,0.0,0.0,0.0,0.0,0,0,0
rpoBC,760537.0,0.0,0.0,0.0,0.0,0,0,0
rpoBC,760538.0,0.0,0.0,0.0,0.0,0,0,0
rpoBC,760539.0,0.0,0.0,0.0,0.0,0,0,0
rpoBC,760540.0,0.0,0.0,0.0,0.0,0,0,0
rpoBC,760541.0,0.0,0.0,0.0,0.0,0,0,0
rpoBC,760542.0,0.0,0.0,0.0,0.0,0,0,0
rpoBC,760543.0,0.0,0.0,0.0,0.0,0,0,0
rpoBC,760544.0,0.0,0.0,0.0,0.0,0,0,0
rpoBC,760545.0,0.0,0.0,0.0,0.0,0,0,0
rpoBC,760546.0,0.0,0.0,0.0,0.0,0,0,0
rpoBC,760547.0,0.0,0.0,0.0,0.0,0,0,0
rpoBC,760548.0,0.0,0.0,0.0,0.0,0,0,0
rpoBC,760549.0,0.0,0.0,0.0,0.0,0,0,0
rpoBC,760550.0,0.0,0.0,0.0,0.0,0,0,0
rpoBC,760551.0,0.0,0.0,0.0,0.0,0,0,0
rpoBC,760552.0,0.0,0.0,0.0,0.0,0,0,0
rpoBC,760553.0,0.0,0.0,0.0,0.0,0,0,0
rpoBC,760554.0,0.0,0.0,0.0,0.0,0,0,0
rpoBC,760555.0,0.0029153433,0.0,0.0,0.0,0,0,0
rpoBC,760556.0,0.0,0.0,0.0,0.0,0,0,0
rpoBC,760557.0,0.0,0.0,0.0,0.0,0,0,0
rpoBC,760558.0,0.0,0.0,0.0,0.0,0,0,0
rpoBC,760559.0,0.0,0.0,0.0,0.0,0,0,0
rpoBC,760560.0,0.0,0.0,0.0,0.0,0,0,0
rpoBC,760561.0,0.0,0.0,0.0,0.0,0,0,0
rpoBC,760562.0,0.0,0.0,0.0,0.0,0,0,0
rpoBC,760563.0,0.0,0.0,0.0,0.0,0,0,0
rpoBC,760564.0,0.0,0.0,0.0,0.0,0,0,0
rpoBC,760565.0,0.0,0.0,0.0,0.0,0,0,0
rpoBC,760566.0,0.0026848651,0.0,1.0,0.0,0,0,0
rpoBC,760567.0,0.0,0.0,0.0,0.0,0,0,0
rpoBC,760568.0,0.0,0.0,0.0,0.0,0,0,0
rpoBC,760569.0,0.0,0.0,0.0,0.0,0,0,0
rpoBC,760570.0,0.0,0.0,0.0,0.0,0,0,0
rpoBC,760571.0,0.0,0.0,0.0,0.0,0,0,0
rpoBC,760572.0,0.0,0.0,0.0,0.0,0,0,0
rpoBC,760573.0,0.0,0.0,0.0,0.0,0,0,0
rpoBC,760574.0,0.0009056872,0.0,0.0,0.0,0,0,0
rpoBC,760575.0,0.0,0.0,0.0,0.0,0,0,0
rpoBC,760576.0,0.0,0.0,0.0,0.0,0,0,0
rpoBC,760577.0,0.0,0.0,0.0,0.0,0,0,0
rpoBC,760578.0,0.0,0.0,0.0,0.0,0,0,0
rpoBC,760579.0,0.0,0.0,0.0,0.0,0,0,0
rpoBC,760580.0,0.0,0.0,0.0,0.0,0,0,0
rpoBC,760581.0,0.0,0.0,0.0,0.0,0,0,0
rpoBC,760582.0,0.0,0.0,0.0,0.0,0,0,0
rpoBC,760583.0,0.0,0.0,0.0,0.0,0,0,0
rpoBC,760584.0,0.0,0.0,0.0,0.0,0,0,0
rpoBC,760585.0,0.0,0.0,0.0,0.0,0,0,0
rpoBC,760586.0,0.0,0.0,0.0,0.0,0,0,0
rpoBC,760587.0,0.0,0.0,0.0,0.0,0,0,0
rpoBC,760588.0,0.0,0.0,0.0,0.0,0,0,0
rpoBC,760589.0,0.0,0.0,0.0,0.0,0,0,0
rpoBC,760590.0,0.0,0.0,0.0,0.0,0,0,0
rpoBC,760591.0,0.0,0.0,0.0,0.0,0,0,0
rpoBC,760592.0,0.0,0.0,0.0,0.0,0,0,0
rpoBC,760593.0,0.0,0.0,0.0,0.0,0,0,0
rpoBC,760594.0,0.0,0.0,0.0,0.0,0,0,0
rpoBC,760595.0,0.0,0.0,0.0,0.0,0,0,0
rpoBC,760596.0,0.0,0.0,0.0,0.0,0,0,0
rpoBC,760597.0,0.0,0.0,0.0,0.0,0,0,0
rpoBC,760598.0,0.0,0.0,0.0,0.0,0,0,0
rpoBC,760599.0,0.0,0.0,0.0,0.0,0,0,0
rpoBC,760600.0,0.013055043,-0.012093826,1.0,1.0,0,0,0
rpoBC,760601.0,0.0,0.0,0.0,0.0,0,0,0
rpoBC,760602.0,0.0,0.0,0.0,0.0,0,0,0
rpoBC,760603.0,0.0,0.0,0.0,0.0,0,0,0
rpoBC,760604.0,0.0,-0.008048098,0.0,1.0,0,0,0
rpoBC,760605.0,0.0,0.0,0.0,0.0,0,0,0
rpoBC,760606.0,0.0,0.0,0.0,0.0,0,0,0
rpoBC,760607.0,0.0039900416,0.0,0.0,0.0,0,0,0
rpoBC,760608.0,0.0,0.0,0.0,0.0,0,0,0
rpoBC,760609.0,0.0,0.0,0.0,0.0,0,0,0
rpoBC,760610.0,0.0,0.0,0.0,0.0,0,0,0
rpoBC,760611.0,0.0,0.0,0.0,0.0,0,0,0
rpoBC,760612.0,0.0,0.0,0.0,0.0,0,0,0
rpoBC,760613.0,0.0,0.0,0.0,0.0,0,0,0
rpoBC,760614.0,0.0,0.0,0.0,0.0,0,0,0
rpoBC,760615.0,0.0,0.0,0.0,0.0,0,0,0
rpoBC,760616.0,8.7453715e-05,0.0,0.0,0.0,0,0,0
rpoBC,760617.0,0.0,0.0,0.0,0.0,0,0,0
rpoBC,760618.0,0.0,0.0,0.0,0.0,0,0,0
rpoBC,760619.0,0.0,0.0,0.0,0.0,0,0,0
rpoBC,760620.0,0.0,0.0,0.0,0.0,0,0,0
rpoBC,760621.0,0.0,0.0,0.0,0.0,0,0,0
rpoBC,760622.0,0.0,0.0,0.0,0.0,0,0,0
rpoBC,760623.0,0.0,0.0,0.0,0.0,0,0,0
rpoBC,760624.0,0.0,0.0,0.0,0.0,0,0,0
rpoBC,760625.0,0.0,0.0,0.0,0.0,0,0,0
rpoBC,760626.0,0.0,0.0,0.0,0.0,0,0,0
rpoBC,760627.0,0.0,0.0,0.0,0.0,0,0,0
rpoBC,760628.0,0.0,0.0,0.0,0.0,0,0,0
rpoBC,760629.0,0.0,0.0,0.0,0.0,0,0,0
rpoBC,760630.0,0.0,0.0,0.0,0.0,0,0,0
rpoBC,760631.0,0.0,0.0,0.0,0.0,0,0,0
rpoBC,760632.0,0.0,0.0,0.0,0.0,0,0,0
rpoBC,760633.0,0.0,0.0,0.0,0.0,0,0,0
rpoBC,760634.0,0.0,0.0,0.0,0.0,0,0,0
rpoBC,760635.0,0.0,0.0,0.0,0.0,0,0,0
rpoBC,760636.0,0.0,0.0,0.0,0.0,0,0,0
rpoBC,760637.0,0.0,0.0,0.0,0.0,0,0,0
rpoBC,760638.0,0.0,0.0,0.0,0.0,0,0,0
rpoBC,760639.0,0.0,0.0,0.0,0.0,0,0,0
rpoBC,760640.0,0.0,-0.013297645,0.0,1.0,0,0,0
rpoBC,760641.0,0.0,0.0,0.0,0.0,0,0,0
rpoBC,760642.0,0.0,0.0,0.0,0.0,0,0,0
rpoBC,760643.0,0.0,0.0,0.0,0.0,0,0,0
rpoBC,760644.0,0.0,0.0,0.0,0.0,0,0,0
rpoBC,760645.0,0.0,-0.002545666,0.0,1.0,0,0,0
rpoBC,760646.0,0.0,0.0,0.0,0.0,0,0,0
rpoBC,760647.0,0.0,0.0,0.0,0.0,0,0,0
rpoBC,760648.0,0.0,0.0,0.0,0.0,0,0,0
rpoBC,760649.0,0.0,0.0,0.0,0.0,0,0,0
rpoBC,760650.0,0.0,0.0,0.0,0.0,0,0,0
rpoBC,760651.0,0.0,0.0,0.0,0.0,0,0,0
rpoBC,760652.0,0.0,0.0,0.0,0.0,0,0,0
rpoBC,760653.0,0.0,0.0,0.0,0.0,0,0,0
rpoBC,760654.0,0.0,0.0,0.0,0.0,0,0,0
rpoBC,760655.0,0.0,0.0,0.0,0.0,0,0,0
rpoBC,760656.0,0.0,0.0,0.0,0.0,0,0,0
rpoBC,760657.0,0.0,0.0,0.0,0.0,0,0,0
rpoBC,760658.0,0.0,0.0,0.0,0.0,0,0,0
rpoBC,760659.0,0.0,0.0,0.0,0.0,0,0,0
rpoBC,760660.0,0.0,0.0,0.0,0.0,0,0,0
rpoBC,760661.0,0.0,0.0,0.0,0.0,0,0,0
rpoBC,760662.0,0.0,0.0,0.0,0.0,0,0,0
rpoBC,760663.0,0.0,-0.0013338665,0.0,1.0,0,0,0
rpoBC,760664.0,0.0,0.0,0.0,0.0,0,0,0
rpoBC,760665.0,0.0,0.0,0.0,0.0,0,0,0
rpoBC,760666.0,0.0,0.0,0.0,0.0,0,0,0
rpoBC,760667.0,0.0,0.0,0.0,0.0,0,0,0
rpoBC,760668.0,0.0,0.0,0.0,0.0,0,0,0
rpoBC,760669.0,0.0,0.0,0.0,0.0,0,0,0
rpoBC,760670.0,0.0,0.0,0.0,0.0,0,0,0
rpoBC,760671.0,0.0,0.0,0.0,0.0,0,0,0
rpoBC,760672.0,0.0,0.0,0.0,0.0,0,0,0
rpoBC,760673.0,0.0,0.0,0.0,0.0,0,0,0
rpoBC,760674.0,0.0,0.0,0.0,0.0,0,0,0
rpoBC,760675.0,0.0,0.0,0.0,0.0,0,0,0
rpoBC,760676.0,0.0,0.0,0.0,0.0,0,0,0
rpoBC,760677.0,0.0,0.0,0.0,0.0,0,0,0
rpoBC,760678.0,0.0,0.0,0.0,0.0,0,0,0
rpoBC,760679.0,0.0,0.0,0.0,0.0,0,0,0
rpoBC,760680.0,0.0,0.0,0.0,0.0,0,0,0
rpoBC,760681.0,0.0,-0.0029395665,0.0,1.0,0,0,0
rpoBC,760682.0,0.0,0.0,0.0,0.0,0,0,0
rpoBC,760683.0,0.0,0.0,0.0,0.0,0,0,0
rpoBC,760684.0,0.0,0.0,0.0,0.0,0,0,0
rpoBC,760685.0,0.0,0.0,0.0,0.0,0,0,0
rpoBC,760686.0,0.0,0.0,0.0,0.0,0,0,0
rpoBC,760687.0,0.0,0.0,0.0,0.0,0,0,0
rpoBC,760688.0,0.0,0.0,0.0,0.0,0,0,0
rpoBC,760689.0,0.0,0.0,0.0,0.0,0,0,0
rpoBC,760690.0,0.0,0.0,0.0,0.0,0,0,0
rpoBC,760691.0,0.0,0.0,0.0,0.0,0,0,0
rpoBC,760692.0,0.0,0.0,0.0,0.0,0,0,0
rpoBC,760693.0,0.0,0.0,0.0,0.0,0,0,0
rpoBC,760694.0,0.0,0.0,0.0,0.0,0,0,0
rpoBC,760695.0,0.0,0.0,0.0,0.0,0,0,0
rpoBC,760696.0,0.0,0.0,0.0,0.0,0,0,0
rpoBC,760697.0,0.0,0.0,0.0,0.0,0,0,0
rpoBC,760698.0,0.0,0.0,0.0,0.0,0,0,0
rpoBC,760699.0,0.0,0.0,0.0,0.0,0,0,0
rpoBC,760700.0,0.0,0.0,0.0,0.0,0,0,0
rpoBC,760701.0,0.0,0.0,0.0,0.0,0,0,0
rpoBC,760702.0,0.0,0.0,0.0,0.0,0,0,0
rpoBC,760703.0,0.0,0.0,0.0,0.0,0,0,0
rpoBC,760704.0,0.0,0.0,0.0,0.0,0,0,0
rpoBC,760705.0,0.0,0.0,0.0,0.0,0,0,0
rpoBC,760706.0,0.0,0.0,0.0,0.0,0,0,0
rpoBC,760707.0,0.0,-0.0029936552,0.0,1.0,0,0,0
rpoBC,760708.0,0.0,0.0,0.0,0.0,0,0,0
rpoBC,760709.0,0.0,0.0,0.0,0.0,0,0,0
rpoBC,760710.0,0.0,0.0,0.0,0.0,0,0,0
rpoBC,760711.0,0.0,0.0,0.0,0.0,0,0,0
rpoBC,760712.0,0.0,0.0,0.0,0.0,0,0,0
rpoBC,760713.0,0.0,0.0,0.0,0.0,0,0,0
rpoBC,760714.0,0.0,0.0,0.0,0.0,0,0,0
rpoBC,760715.0,0.0,0.0,0.0,0.0,0,0,0
rpoBC,760716.0,0.0,0.0,0.0,0.0,0,0,0
rpoBC,760717.0,0.0,0.0,0.0,0.0,0,0,0
rpoBC,760718.0,0.0,0.0,0.0,0.0,0,0,0
rpoBC,760719.0,0.0034215911,0.0,1.0,0.0,0,0,0
rpoBC,760720.0,0.0,0.0,0.0,0.0,0,0,0
rpoBC,760721.0,0.0,0.0,0.0,0.0,0,0,0
rpoBC,760722.0,0.0,0.0,0.0,0.0,0,0,0
rpoBC,760723.0,0.0,0.0,0.0,0.0,0,0,0
rpoBC,760724.0,0.0,0.0,0.0,0.0,0,0,0
rpoBC,760725.0,0.0,0.0,0.0,0.0,0,0,0
rpoBC,760726.0,0.0,0.0,0.0,0.0,0,0,0
rpoBC,760727.0,0.0,0.0,0.0,0.0,0,0,0
rpoBC,760728.0,0.0004044385,0.0,1.0,0.0,0,0,0
rpoBC,760729.0,0.0039359787,0.0,1.0,0.0,0,0,0
rpoBC,760730.0,0.0,0.0,0.0,0.0,0,0,0
rpoBC,760731.0,0.0,0.0,0.0,0.0,0,0,0
rpoBC,760732.0,0.0,0.0,0.0,0.0,0,0,0
rpoBC,760733.0,0.0,0.0,0.0,0.0,0,0,0
rpoBC,760734.0,0.0,0.0,0.0,0.0,0,0,0
rpoBC,760735.0,0.0,0.0,0.0,0.0,0,0,0
rpoBC,760736.0,0.0,0.0,0.0,0.0,0,0,0
rpoBC,760737.0,0.0,0.0,0.0,0.0,0,0,0
rpoBC,760738.0,0.0,0.0,0.0,0.0,0,0,0
rpoBC,760739.0,0.0,0.0,0.0,0.0,0,0,0
rpoBC,760740.0,0.0,0.0,0.0,0.0,0,0,0
rpoBC,760741.0,0.0,0.0,0.0,0.0,0,0,0
rpoBC,760742.0,0.0,0.0,0.0,0.0,0,0,0
rpoBC,760743.0,0.0,0.0,0.0,0.0,0,0,0
rpoBC,760744.0,0.0,0.0,0.0,0.0,0,0,0
rpoBC,760745.0,0.0,-0.025711756,0.0,1.0,0,0,0
rpoBC,760746.0,0.0,0.0,0.0,0.0,0,0,0
rpoBC,760747.0,0.0,0.0,0.0,0.0,0,0,0
rpoBC,760748.0,0.0,0.0,0.0,0.0,0,0,0
rpoBC,760749.0,0.0,0.0,0.0,0.0,0,0,0
rpoBC,760750.0,0.0,0.0,0.0,0.0,0,0,0
rpoBC,760751.0,0.0,0.0,0.0,0.0,0,0,0
rpoBC,760752.0,0.0,0.0,0.0,0.0,0,0,0
rpoBC,760753.0,0.0,0.0,0.0,0.0,0,0,0
rpoBC,760754.0,0.0,0.0,0.0,0.0,0,0,0
rpoBC,760755.0,0.0,0.0,0.0,0.0,0,0,0
rpoBC,760756.0,0.0,0.0,0.0,0.0,0,0,0
rpoBC,760757.0,0.0,0.0,0.0,0.0,0,0,0
rpoBC,760758.0,0.0,0.0,0.0,0.0,0,0,0
rpoBC,760759.0,0.0,0.0,0.0,0.0,0,0,0
rpoBC,760760.0,0.0,0.0,0.0,0.0,0,0,0
rpoBC,760761.0,0.0,0.0,0.0,0.0,0,0,0
rpoBC,760762.0,0.0,0.0,0.0,0.0,0,0,0
rpoBC,760763.0,0.0,0.0,0.0,0.0,0,0,0
rpoBC,760764.0,0.0,0.0,0.0,0.0,0,0,0
rpoBC,760765.0,0.0,0.0,0.0,0.0,0,0,0
rpoBC,760766.0,0.006277057,0.0,1.0,0.0,0,0,0
rpoBC,760767.0,0.0,0.0,0.0,0.0,0,0,0
rpoBC,760768.0,0.0,0.0,0.0,0.0,0,0,0
rpoBC,760769.0,0.0,0.0,0.0,0.0,0,0,0
rpoBC,760770.0,0.0,0.0,0.0,0.0,0,0,0
rpoBC,760771.0,0.0,0.0,0.0,0.0,0,0,0
rpoBC,760772.0,0.0,0.0,0.0,0.0,0,0,0
rpoBC,760773.0,0.0,0.0,0.0,0.0,0,0,0
rpoBC,760774.0,0.0,0.0,0.0,0.0,0,0,0
rpoBC,760775.0,0.0,0.0,0.0,0.0,0,0,0
rpoBC,760776.0,0.0,0.0,0.0,0.0,0,0,0
rpoBC,760777.0,0.0,0.0,0.0,0.0,0,0,0
rpoBC,760778.0,0.0,0.0,0.0,0.0,0,0,0
rpoBC,760779.0,0.0,0.0,0.0,0.0,0,0,0
rpoBC,760780.0,0.0,0.0,0.0,0.0,0,0,0
rpoBC,760781.0,0.0,0.0,0.0,0.0,0,0,0
rpoBC,760782.0,0.0,0.0,0.0,0.0,0,0,0
rpoBC,760783.0,0.0,0.0,0.0,0.0,0,0,0
rpoBC,760784.0,0.0,0.0,0.0,0.0,0,0,0
rpoBC,760785.0,0.0,0.0,0.0,0.0,0,0,0
rpoBC,760786.0,0.0,0.0,0.0,0.0,0,0,0
rpoBC,760787.0,0.0,0.0,0.0,0.0,0,0,0
rpoBC,760788.0,0.0,0.0,0.0,0.0,0,0,0
rpoBC,760789.0,0.0,0.0,0.0,0.0,0,0,0
rpoBC,760790.0,0.0,0.0,0.0,0.0,0,0,0
rpoBC,760791.0,0.0,0.0,0.0,0.0,0,0,0
rpoBC,760792.0,0.0,0.0,0.0,0.0,0,0,0
rpoBC,760793.0,0.0,0.0,0.0,0.0,0,0,0
rpoBC,760794.0,0.0,0.0,0.0,0.0,0,0,0
rpoBC,760795.0,0.0,0.0,0.0,0.0,0,0,0
rpoBC,760796.0,0.0,0.0,0.0,0.0,0,0,0
rpoBC,760797.0,0.0,0.0,0.0,0.0,0,0,0
rpoBC,760798.0,0.0,0.0,0.0,0.0,0,0,0
rpoBC,760799.0,0.0,0.0,0.0,0.0,0,0,0
rpoBC,760800.0,0.0,0.0,0.0,0.0,0,0,0
rpoBC,760801.0,0.0,0.0,0.0,0.0,0,0,0
rpoBC,760802.0,0.0,0.0,0.0,0.0,0,0,0
rpoBC,760803.0,0.0,0.0,0.0,0.0,0,0,0
rpoBC,760804.0,0.0,0.0,0.0,0.0,0,0,0
rpoBC,760805.0,0.0,0.0,0.0,0.0,0,0,0
rpoBC,760806.0,0.0,0.0,0.0,0.0,0,0,0
rpoBC,760807.0,0.0,-0.0005280259,0.0,1.0,0,0,0
rpoBC,760808.0,0.0,0.0,0.0,0.0,0,0,0
rpoBC,760809.0,0.0,0.0,0.0,0.0,0,0,0
rpoBC,760810.0,0.0,0.0,0.0,0.0,0,0,0
rpoBC,760811.0,0.0,0.0,0.0,0.0,0,0,0
rpoBC,760812.0,0.0,0.0,0.0,0.0,0,0,0
rpoBC,760813.0,0.0,0.0,0.0,0.0,0,0,0
rpoBC,760814.0,0.0,0.0,0.0,0.0,0,0,0
rpoBC,760815.0,0.0,0.0,0.0,0.0,0,0,0
rpoBC,760816.0,0.0,0.0,0.0,0.0,0,0,0
rpoBC,760817.0,0.0,0.0,0.0,0.0,0,0,0
rpoBC,760818.0,0.0,0.0,0.0,0.0,0,0,0
rpoBC,760819.0,0.0,0.0,0.0,0.0,0,0,0
rpoBC,760820.0,0.0,0.0,0.0,0.0,0,0,0
rpoBC,760821.0,0.0,0.0,0.0,0.0,0,0,0
rpoBC,760822.0,0.0,0.0,0.0,0.0,0,0,0
rpoBC,760823.0,0.0,0.0,0.0,0.0,0,0,0
rpoBC,760824.0,0.0,0.0,0.0,0.0,0,0,0
rpoBC,760825.0,0.0,0.0,0.0,0.0,0,0,0
rpoBC,760826.0,0.0,0.0,0.0,0.0,0,0,0
rpoBC,760827.0,0.0,0.0,0.0,0.0,0,0,0
rpoBC,760828.0,0.0,0.0,0.0,0.0,0,0,0
rpoBC,760829.0,0.0,0.0,0.0,0.0,0,0,0
rpoBC,760830.0,0.0,0.0,0.0,0.0,0,0,0
rpoBC,760831.0,0.0,0.0,0.0,0.0,0,0,0
rpoBC,760832.0,0.0,0.0,0.0,0.0,0,0,0
rpoBC,760833.0,0.0,0.0,0.0,0.0,0,0,0
rpoBC,760834.0,0.0,-0.003948449,0.0,1.0,0,0,0
rpoBC,760835.0,0.0,-0.0021951746,0.0,1.0,0,0,0
rpoBC,760836.0,0.0,0.0,0.0,0.0,0,0,0
rpoBC,760837.0,0.0,0.0,0.0,0.0,0,0,0
rpoBC,760838.0,0.0,0.0,0.0,0.0,0,0,0
rpoBC,760839.0,0.0,0.0,0.0,0.0,0,0,0
rpoBC,760840.0,0.0,0.0,0.0,0.0,0,0,0
rpoBC,760841.0,0.0,0.0,0.0,0.0,0,0,0
rpoBC,760842.0,0.0,0.0,0.0,0.0,0,0,0
rpoBC,760843.0,0.0,0.0,0.0,0.0,0,0,0
rpoBC,760844.0,0.0,-0.0008076971,0.0,1.0,0,0,0
rpoBC,760845.0,0.0,0.0,0.0,0.0,0,0,0
rpoBC,760846.0,0.0,0.0,0.0,0.0,0,0,0
rpoBC,760847.0,0.0,0.0,0.0,0.0,0,0,0
rpoBC,760848.0,0.0,0.0,0.0,0.0,0,0,0
rpoBC,760849.0,0.0,0.0,0.0,0.0,0,0,0
rpoBC,760850.0,0.0,0.0,0.0,0.0,0,0,0
rpoBC,760851.0,0.0,0.0,0.0,0.0,0,0,0
rpoBC,760852.0,0.0,0.0,0.0,0.0,0,0,0
rpoBC,760853.0,0.0,0.0,0.0,0.0,0,0,0
rpoBC,760854.0,0.0,0.0,0.0,0.0,0,0,0
rpoBC,760855.0,0.0,0.0,0.0,0.0,0,0,0
rpoBC,760856.0,0.0,0.0,0.0,0.0,0,0,0
rpoBC,760857.0,0.0,0.0,0.0,0.0,0,0,0
rpoBC,760858.0,0.0,0.0,0.0,0.0,0,0,0
rpoBC,760859.0,0.0,0.0,0.0,0.0,0,0,0
rpoBC,760860.0,0.0,0.0,0.0,0.0,0,0,0
rpoBC,760861.0,0.0,0.0,0.0,0.0,0,0,0
rpoBC,760862.0,0.0,0.0,0.0,0.0,0,0,0
rpoBC,760863.0,0.0,0.0,0.0,0.0,0,0,0
rpoBC,760864.0,0.0,0.0,0.0,0.0,0,0,0
rpoBC,760865.0,0.0,0.0,0.0,0.0,0,0,0
rpoBC,760866.0,0.0,0.0,0.0,0.0,0,0,0
rpoBC,760867.0,0.0,0.0,0.0,0.0,0,0,0
rpoBC,760868.0,0.0,0.0,0.0,0.0,0,0,0
rpoBC,760869.0,0.0,-0.0021670558,0.0,0.0,0,0,0
rpoBC,760870.0,0.0,0.0,0.0,0.0,0,0,0
rpoBC,760871.0,0.0,0.0,0.0,0.0,0,0,0
rpoBC,760872.0,0.0,0.0,0.0,0.0,0,0,0
rpoBC,760873.0,0.0,0.0,0.0,0.0,0,0,0
rpoBC,760874.0,0.0,0.0,0.0,0.0,0,0,0
rpoBC,760875.0,0.0,0.0,0.0,0.0,0,0,0
rpoBC,760876.0,0.0,0.0,0.0,0.0,0,0,0
rpoBC,760877.0,0.0,0.0,0.0,0.0,0,0,0
rpoBC,760878.0,0.0,0.0,0.0,0.0,0,0,0
rpoBC,760879.0,0.0,-1.9506697e-05,0.0,0.0,0,0,0
rpoBC,760880.0,0.0,0.0,0.0,0.0,0,0,0
rpoBC,760881.0,0.0,0.0,0.0,0.0,0,0,0
rpoBC,760882.0,0.0012213931,0.0,1.0,0.0,0,0,0
rpoBC,760883.0,0.0,0.0,0.0,0.0,0,0,0
rpoBC,760884.0,0.0,0.0,0.0,0.0,0,0,0
rpoBC,760885.0,0.0,0.0,0.0,0.0,0,0,0
rpoBC,760886.0,0.0,0.0,0.0,0.0,0,0,0
rpoBC,760887.0,0.0,0.0,0.0,0.0,0,0,0
rpoBC,760888.0,0.0,0.0,0.0,0.0,0,0,0
rpoBC,760889.0,0.0,0.0,0.0,0.0,0,0,0
rpoBC,760890.0,0.0,0.0,0.0,0.0,0,0,0
rpoBC,760891.0,0.0,0.0,0.0,0.0,0,0,0
rpoBC,760892.0,0.0,0.0,0.0,0.0,0,0,0
rpoBC,760893.0,0.0,0.0,0.0,0.0,0,0,0
rpoBC,760894.0,0.0,0.0,0.0,0.0,0,0,0
rpoBC,760895.0,0.0,0.0,0.0,0.0,0,0,0
rpoBC,760896.0,0.0,0.0,0.0,0.0,0,0,0
rpoBC,760897.0,0.0,0.0,0.0,0.0,0,0,0
rpoBC,760898.0,0.0,0.0,0.0,0.0,0,0,0
rpoBC,760899.0,0.0,0.0,0.0,0.0,0,0,0
rpoBC,760900.0,0.0,0.0,0.0,0.0,0,0,0
rpoBC,760901.0,0.0,0.0,0.0,0.0,0,0,0
rpoBC,760902.0,0.0,0.0,0.0,0.0,0,0,0
rpoBC,760903.0,0.0,0.0,0.0,0.0,0,0,0
rpoBC,760904.0,0.0,0.0,0.0,0.0,0,0,0
rpoBC,760905.0,0.0,0.0,0.0,0.0,0,0,0
rpoBC,760906.0,0.0,0.0,0.0,0.0,0,0,0
rpoBC,760907.0,0.0,0.0,0.0,0.0,0,0,0
rpoBC,760908.0,0.0,0.0,0.0,0.0,0,0,0
rpoBC,760909.0,0.0,0.0,0.0,0.0,0,0,0
rpoBC,760910.0,0.0,0.0,0.0,0.0,0,0,0
rpoBC,760911.0,0.0,0.0,0.0,0.0,0,0,0
rpoBC,760912.0,0.0,0.0,0.0,0.0,0,0,0
rpoBC,760913.0,0.0,0.0,0.0,0.0,0,0,0
rpoBC,760914.0,0.0,0.0,0.0,0.0,0,0,0
rpoBC,760915.0,0.0,0.0,0.0,0.0,0,0,0
rpoBC,760916.0,0.0,0.0,0.0,0.0,0,0,0
rpoBC,760917.0,0.0,0.0,0.0,0.0,0,0,0
rpoBC,760918.0,0.0,0.0,0.0,0.0,0,0,0
rpoBC,760919.0,0.0,0.0,0.0,0.0,0,0,0
rpoBC,760920.0,0.0,0.0,0.0,0.0,0,0,0
rpoBC,760921.0,0.0,0.0,0.0,0.0,0,0,0
rpoBC,760922.0,0.0,0.0,0.0,0.0,0,0,0
rpoBC,760923.0,0.0,0.0,0.0,0.0,0,0,0
rpoBC,760924.0,0.0,0.0,0.0,0.0,0,0,0
rpoBC,760925.0,0.0,0.0,0.0,0.0,0,0,0
rpoBC,760926.0,0.0,0.0,0.0,0.0,0,0,0
rpoBC,760927.0,0.0,0.0,0.0,0.0,0,0,0
rpoBC,760928.0,0.0,0.0,0.0,0.0,0,0,0
rpoBC,760929.0,0.0,0.0,0.0,0.0,0,0,0
rpoBC,760930.0,0.0,0.0,0.0,0.0,0,0,0
rpoBC,760931.0,0.0,0.0,0.0,0.0,0,0,0
rpoBC,760932.0,0.0,0.0,0.0,0.0,0,0,0
rpoBC,760933.0,0.0,0.0,0.0,0.0,0,0,0
rpoBC,760934.0,0.0,0.0,0.0,0.0,0,0,0
rpoBC,760935.0,0.0,0.0,0.0,0.0,0,0,0
rpoBC,760936.0,0.0,0.0,0.0,0.0,0,0,0
rpoBC,760937.0,0.0,0.0,0.0,0.0,0,0,0
rpoBC,760938.0,0.0,0.0,0.0,0.0,0,0,0
rpoBC,760939.0,0.0,-0.0055690026,0.0,1.0,0,0,0
rpoBC,760940.0,0.0,0.0,0.0,0.0,0,0,0
rpoBC,760941.0,0.0,0.0,0.0,0.0,0,0,0
rpoBC,760942.0,0.0,0.0,0.0,0.0,0,0,0
rpoBC,760943.0,0.0,0.0,0.0,0.0,0,0,0
rpoBC,760944.0,0.0,0.0,0.0,0.0,0,0,0
rpoBC,760945.0,0.0,0.0,0.0,0.0,0,0,0
rpoBC,760946.0,0.0,0.0,0.0,0.0,0,0,0
rpoBC,760947.0,0.0,0.0,0.0,0.0,0,0,0
rpoBC,760948.0,0.0,0.0,0.0,0.0,0,0,0
rpoBC,760949.0,0.0,0.0,0.0,0.0,0,0,0
rpoBC,760950.0,0.0,0.0,0.0,0.0,0,0,0
rpoBC,760951.0,0.0,0.0,0.0,0.0,0,0,0
rpoBC,760952.0,0.0,0.0,0.0,0.0,0,0,0
rpoBC,760953.0,0.0,0.0,0.0,0.0,0,0,0
rpoBC,760954.0,0.0,0.0,0.0,0.0,0,0,0
rpoBC,760955.0,0.0,0.0,0.0,0.0,0,0,0
rpoBC,760956.0,0.0,0.0,0.0,0.0,0,0,0
rpoBC,760957.0,0.0,0.0,0.0,0.0,0,0,0
rpoBC,760958.0,0.0,0.0,0.0,0.0,0,0,0
rpoBC,760959.0,0.0,0.0,0.0,0.0,0,0,0
rpoBC,760960.0,0.0,0.0,0.0,0.0,0,0,0
rpoBC,760961.0,0.0,0.0,0.0,0.0,0,0,0
rpoBC,760962.0,0.0,0.0,0.0,0.0,0,0,0
rpoBC,760963.0,0.0,0.0,0.0,0.0,0,0,0
rpoBC,760964.0,0.0,0.0,0.0,0.0,0,0,0
rpoBC,760965.0,0.0,0.0,0.0,0.0,0,0,0
rpoBC,760966.0,0.0,0.0,0.0,0.0,0,0,0
rpoBC,760967.0,0.0,0.0,0.0,0.0,0,0,0
rpoBC,760968.0,0.0,0.0,0.0,0.0,0,0,0
rpoBC,760969.0,0.0,0.0,0.0,0.0,0,0,0
rpoBC,760970.0,0.0,0.0,0.0,0.0,0,0,0
rpoBC,760971.0,0.0,0.0,0.0,0.0,0,0,0
rpoBC,760972.0,0.0,0.0,0.0,0.0,0,0,0
rpoBC,760973.0,0.0,0.0,0.0,0.0,0,0,0
rpoBC,760974.0,0.0,0.0,0.0,0.0,0,0,0
rpoBC,760975.0,0.0,-0.002738073,0.0,1.0,0,0,0
rpoBC,760976.0,0.0,0.0,0.0,0.0,0,0,0
rpoBC,760977.0,0.0,0.0,0.0,0.0,0,0,0
rpoBC,760978.0,0.0,0.0,0.0,0.0,0,0,0
rpoBC,760979.0,0.0,0.0,0.0,0.0,0,0,0
rpoBC,760980.0,0.0,0.0,0.0,0.0,0,0,0
rpoBC,760981.0,0.0,0.0,0.0,0.0,0,0,0
rpoBC,760982.0,0.0,0.0,0.0,0.0,0,0,0
rpoBC,760983.0,0.0,0.0,0.0,0.0,0,0,0
rpoBC,760984.0,0.0,0.0,0.0,0.0,0,0,0
rpoBC,760985.0,0.0,0.0,0.0,0.0,0,0,0
rpoBC,760986.0,0.0,-0.0041466854,0.0,1.0,0,0,0
rpoBC,760987.0,0.0,0.0,0.0,0.0,0,0,0
rpoBC,760988.0,0.0,0.0,0.0,0.0,0,0,0
rpoBC,760989.0,0.0,0.0,0.0,0.0,0,0,0
rpoBC,760990.0,0.0,0.0,0.0,0.0,0,0,0
rpoBC,760991.0,0.0,0.0,0.0,0.0,0,0,0
rpoBC,760992.0,0.0,0.0,0.0,0.0,0,0,0
rpoBC,760993.0,0.0,0.0,0.0,0.0,0,0,0
rpoBC,760994.0,0.0,0.0,0.0,0.0,0,0,0
rpoBC,760995.0,0.0,0.0,0.0,0.0,0,0,0
rpoBC,760996.0,0.0,0.0,0.0,0.0,0,0,0
rpoBC,760997.0,0.0,0.0,0.0,0.0,0,0,0
rpoBC,760998.0,0.0,0.0,0.0,0.0,0,0,0
rpoBC,760999.0,0.0,0.0,0.0,0.0,0,0,0
rpoBC,761000.0,0.0,0.0,0.0,0.0,0,0,0
rpoBC,761001.0,0.0,-0.0021654237,0.0,1.0,0,0,0
rpoBC,761002.0,0.0,-0.00051424734,0.0,0.0,0,0,0
rpoBC,761003.0,0.0,0.0,0.0,0.0,0,0,0
rpoBC,761004.0,0.036933377,0.0,1.0,0.0,0,0,0
rpoBC,761005.0,0.005335466,0.0,1.0,0.0,0,0,0
rpoBC,761006.0,0.0,0.0,0.0,0.0,0,0,0
rpoBC,761007.0,0.0,0.0,0.0,0.0,0,0,0
rpoBC,761008.0,0.0,-0.0031736428,0.0,1.0,0,0,0
rpoBC,761009.0,0.0,0.0,0.0,0.0,0,0,0
rpoBC,761010.0,0.0,0.0,0.0,0.0,0,0,0
rpoBC,761011.0,0.0,0.0,0.0,0.0,0,0,0
rpoBC,761012.0,0.010442767,0.0,1.0,0.0,0,0,0
rpoBC,761013.0,0.0,0.0,0.0,0.0,0,0,0
rpoBC,761014.0,0.0,0.0,0.0,0.0,0,0,0
rpoBC,761015.0,0.0,0.0,0.0,0.0,0,0,0
rpoBC,761016.0,0.0,0.0,0.0,0.0,0,0,0
rpoBC,761017.0,0.0,0.0,0.0,0.0,0,0,0
rpoBC,761018.0,0.0,0.0,0.0,0.0,0,0,0
rpoBC,761019.0,0.0,0.0,0.0,0.0,0,0,0
rpoBC,761020.0,0.0,0.0,0.0,0.0,0,0,0
rpoBC,761021.0,0.0,0.0,0.0,0.0,0,0,0
rpoBC,761022.0,0.0,0.0,0.0,0.0,0,0,0
rpoBC,761023.0,0.0,0.0,0.0,0.0,0,0,0
rpoBC,761024.0,0.0,0.0,0.0,0.0,0,0,0
rpoBC,761025.0,0.0,0.0,0.0,0.0,0,0,0
rpoBC,761026.0,0.0,0.0,0.0,0.0,0,0,0
rpoBC,761027.0,0.0,0.0,0.0,0.0,0,0,0
rpoBC,761028.0,0.0,0.0,0.0,0.0,0,0,0
rpoBC,761029.0,0.0,0.0,0.0,0.0,0,0,0
rpoBC,761030.0,0.0,0.0,0.0,0.0,0,0,0
rpoBC,761031.0,0.0,0.0,0.0,0.0,0,0,0
rpoBC,761032.0,0.011304296,0.0,1.0,0.0,0,0,0
rpoBC,761033.0,0.0,0.0,0.0,0.0,0,0,0
rpoBC,761034.0,0.0,0.0,0.0,0.0,0,0,0
rpoBC,761035.0,0.0,0.0,0.0,0.0,0,0,0
rpoBC,761036.0,0.0,0.0,0.0,0.0,0,0,0
rpoBC,761037.0,0.0,0.0,0.0,0.0,0,0,0
rpoBC,761038.0,0.0,0.0,0.0,0.0,0,0,0
rpoBC,761039.0,0.0,0.0,0.0,0.0,0,0,0
rpoBC,761040.0,0.0,0.0,0.0,0.0,0,0,0
rpoBC,761041.0,0.0,0.0,0.0,0.0,0,0,0
rpoBC,761042.0,0.0,0.0,0.0,0.0,0,0,0
rpoBC,761043.0,0.0,0.0,0.0,0.0,0,0,0
rpoBC,761044.0,0.0,0.0,0.0,0.0,0,0,0
rpoBC,761045.0,0.0,0.0,0.0,0.0,0,0,0
rpoBC,761046.0,0.0,0.0,0.0,0.0,0,0,0
rpoBC,761047.0,0.0,0.0,0.0,0.0,0,0,0
rpoBC,761048.0,0.0,-0.0047685383,0.0,1.0,0,0,0
rpoBC,761049.0,0.0,0.0,0.0,0.0,0,0,0
rpoBC,761050.0,0.0,0.0,0.0,0.0,0,0,0
rpoBC,761051.0,0.0,0.0,0.0,0.0,0,0,0
rpoBC,761052.0,0.0,0.0,0.0,0.0,0,0,0
rpoBC,761053.0,0.0,0.0,0.0,0.0,0,0,0
rpoBC,761054.0,0.0,0.0,0.0,0.0,0,0,0
rpoBC,761055.0,0.0,0.0,0.0,0.0,0,0,0
rpoBC,761056.0,0.0,0.0,0.0,0.0,0,0,0
rpoBC,761057.0,0.0,0.0,0.0,0.0,0,0,0
rpoBC,761058.0,0.0,0.0,0.0,0.0,0,0,0
rpoBC,761059.0,0.0,0.0,0.0,0.0,0,0,0
rpoBC,761060.0,0.0,-0.00033119228,0.0,0.0,0,0,0
rpoBC,761061.0,0.0,0.0,0.0,0.0,0,0,0
rpoBC,761062.0,0.0,0.0,0.0,0.0,0,0,0
rpoBC,761063.0,0.0,0.0,0.0,0.0,0,0,0
rpoBC,761064.0,0.0,0.0,0.0,0.0,0,0,0
rpoBC,761065.0,0.0,0.0,0.0,0.0,0,0,0
rpoBC,761066.0,0.0,0.0,0.0,0.0,0,0,0
rpoBC,761067.0,0.0,0.0,0.0,0.0,0,0,0
rpoBC,761068.0,0.0,0.0,0.0,0.0,0,0,0
rpoBC,761069.0,0.0,0.0,0.0,0.0,0,0,0
rpoBC,761070.0,0.0,0.0,0.0,0.0,0,0,0
rpoBC,761071.0,0.0,0.0,0.0,0.0,0,0,0
rpoBC,761072.0,0.0,0.0,0.0,0.0,0,0,0
rpoBC,761073.0,0.0,0.0,0.0,0.0,0,0,0
rpoBC,761074.0,0.0,0.0,0.0,0.0,0,0,0
rpoBC,761075.0,0.0,0.0,0.0,0.0,0,0,0
rpoBC,761076.0,0.046542965,0.0,1.0,0.0,0,0,0
rpoBC,761077.0,0.0,0.0,0.0,0.0,0,0,0
rpoBC,761078.0,0.0,0.0,0.0,0.0,0,0,0
rpoBC,761079.0,0.0,0.0,0.0,0.0,0,0,0
rpoBC,761080.0,0.0,0.0,0.0,0.0,0,0,0
rpoBC,761081.0,0.0,0.0,0.0,0.0,0,0,0
rpoBC,761082.0,0.0,0.0,0.0,0.0,0,0,0
rpoBC,761083.0,0.015484302,0.0,1.0,0.0,0,0,0
rpoBC,761084.0,0.069968306,0.0,1.0,0.0,0,0,0
rpoBC,761085.0,0.017242573,-0.012928273,1.0,1.0,0,0,0
rpoBC,761086.0,0.024027996,-0.03207966,1.0,1.0,0,0,0
rpoBC,761087.0,0.053985327,0.0,1.0,0.0,0,0,0
rpoBC,761088.0,0.16471721,0.0,1.0,0.0,0,0,0
rpoBC,761089.0,0.045549266,0.0,1.0,0.0,0,0,0
rpoBC,761090.0,0.2258663,0.0,1.0,0.0,0,0,0
rpoBC,761091.0,0.0,0.0,0.0,0.0,0,0,0
rpoBC,761092.0,0.5619584,0.0,1.0,0.0,0,0,0
rpoBC,761093.0,0.6845224,-0.15119562,1.0,1.0,0,0,0
rpoBC,761094.0,0.0,0.0,0.0,0.0,0,0,0
rpoBC,761095.0,2.1245017,0.0,1.0,0.0,1,0,0
rpoBC,761096.0,0.2573871,0.0,1.0,0.0,0,0,0
rpoBC,761097.0,0.5599061,0.0,1.0,0.0,0,0,0
rpoBC,rpoBC_40,0.52364093,0.0,1.0,0.0,0,0,0
rpoBC,rpoBC_41,1.6142417,0.0,1.0,0.0,0,0,0
rpoBC,rpoBC_42,1.2099428,0.0,1.0,0.0,0,0,0
rpoBC,761098.0,0.0,-0.22876434,0.0,1.0,0,0,0
rpoBC,761099.0,0.5234947,0.0,1.0,0.0,0,0,0
rpoBC,rpoBC_43,0.0,0.0,0.0,0.0,0,0,0
rpoBC,rpoBC_44,0.0,0.0,0.0,0.0,0,0,0
rpoBC,rpoBC_45,0.0,0.0,0.0,0.0,0,0,0
rpoBC,761100.0,3.2855728,0.0,1.0,0.0,1,0,0
rpoBC,761101.0,2.8975747,0.0,1.0,0.0,1,0,0
rpoBC,761102.0,2.3268094,0.0,1.0,0.0,1,0,0
rpoBC,rpoBC_46,2.5596793,0.0,1.0,0.0,0,0,0
rpoBC,rpoBC_47,1.8758588,0.0,1.0,0.0,0,0,0
rpoBC,rpoBC_48,0.19635846,0.0,1.0,0.0,0,0,0
rpoBC,761103.0,0.8772387,0.0,1.0,0.0,0,0,0
rpoBC,761104.0,1.0017884,0.0,1.0,0.0,0,0,0
rpoBC,761105.0,0.5601334,0.0,1.0,0.0,0,0,0
rpoBC,761106.0,0.90398335,0.0,1.0,0.0,0,0,0
rpoBC,rpoBC_49,1.5080721,0.0,1.0,0.0,0,0,0
rpoBC,rpoBC_50,0.6172157,0.0,1.0,0.0,0,0,0
rpoBC,rpoBC_51,0.3027097,0.0,1.0,0.0,0,0,0
rpoBC,761107.0,0.24979395,0.0,1.0,0.0,0,0,0
rpoBC,761108.0,0.481391,-0.09051834,1.0,1.0,0,0,0
rpoBC,761109.0,3.3106709,-0.31052113,1.0,1.0,1,0,0
rpoBC,761110.0,3.777351,-1.3449434,1.0,1.0,1,0,0
rpoBC,761111.0,0.49365506,-0.80809605,1.0,1.0,0,0,0
rpoBC,761112.0,0.19147521,0.0,1.0,0.0,0,0,0
rpoBC,761113.0,0.06348682,0.0,1.0,0.0,0,0,0
rpoBC,761114.0,0.05996722,0.0,1.0,0.0,0,0,0
rpoBC,761115.0,1.1036903,-0.40554637,1.0,1.0,0,0,0
rpoBC,761116.0,0.5738778,0.0,1.0,0.0,0,0,0
rpoBC,761117.0,0.986405,0.0,1.0,0.0,0,0,0
rpoBC,761118.0,0.0,-0.02226951,0.0,1.0,0,0,0
rpoBC,761119.0,0.4805779,0.0,1.0,0.0,0,0,0
rpoBC,761120.0,0.0,-0.033900052,0.0,1.0,0,0,0
rpoBC,761121.0,0.4116754,-0.17462866,1.0,1.0,0,0,0
rpoBC,761122.0,0.20948452,0.0,1.0,0.0,0,0,0
rpoBC,761123.0,0.0,0.0,0.0,0.0,0,0,0
rpoBC,761124.0,0.0,0.0,0.0,0.0,0,0,0
rpoBC,761125.0,0.0,0.0,0.0,0.0,0,0,0
rpoBC,761126.0,0.0,0.0,0.0,0.0,0,0,0
rpoBC,761127.0,0.29513383,0.0,1.0,0.0,1,0,0
rpoBC,761128.0,2.465279,0.0,1.0,0.0,1,0,0
rpoBC,761129.0,0.0,0.0,0.0,0.0,0,0,0
rpoBC,761130.0,0.0,0.0,0.0,0.0,0,0,0
rpoBC,761131.0,0.3484399,0.0,1.0,0.0,0,0,0
rpoBC,761132.0,0.27046016,0.0,1.0,0.0,0,0,0
rpoBC,761133.0,0.28469533,0.0,1.0,0.0,0,0,0
rpoBC,761134.0,0.0,0.0,0.0,0.0,1,0,0
rpoBC,761135.0,0.0,0.0,0.0,0.0,0,0,0
rpoBC,761136.0,0.0,0.0,0.0,0.0,0,0,0
rpoBC,761137.0,1.1053808,0.0,1.0,0.0,0,0,0
rpoBC,761138.0,0.36923397,0.0,1.0,0.0,0,0,0
rpoBC,761139.0,2.1375475,-0.42150304,1.0,1.0,1,0,0
rpoBC,761140.0,2.0481198,-0.08661481,1.0,1.0,1,0,0
rpoBC,761141.0,1.3173952,0.0,1.0,0.0,0,0,0
rpoBC,761142.0,0.7279065,-0.59967977,1.0,1.0,0,0,0
rpoBC,761143.0,0.9047111,0.0,1.0,0.0,0,0,0
rpoBC,761144.0,0.0,0.0,0.0,0.0,0,0,0
rpoBC,761145.0,0.0,0.0,0.0,0.0,0,0,0
rpoBC,761146.0,0.0,0.0,0.0,0.0,0,0,0
rpoBC,761147.0,0.1434454,0.0,1.0,0.0,0,0,0
rpoBC,761148.0,1.5033816,0.0,1.0,0.0,0,0,0
rpoBC,761149.0,2.3234482,0.0,1.0,0.0,0,0,0
rpoBC,761150.0,0.0,0.0,0.0,0.0,0,0,0
rpoBC,761151.0,0.0,-0.568684,0.0,1.0,0,0,0
rpoBC,761152.0,0.0,0.0,0.0,0.0,0,0,0
rpoBC,761153.0,0.0,0.0,0.0,0.0,0,0,0
rpoBC,761154.0,0.7186825,-0.36925304,1.0,1.0,1,0,0
rpoBC,761155.0,3.2442636,0.0,1.0,0.0,1,0,0
rpoBC,761156.0,0.088766396,-0.60948265,1.0,1.0,1,0,0
rpoBC,761157.0,0.0,0.0,0.0,0.0,0,0,0
rpoBC,761158.0,0.445419,0.0,1.0,0.0,0,0,0
rpoBC,761159.0,0.0,0.0,0.0,0.0,0,0,0
rpoBC,761160.0,1.0100322,0.0,1.0,0.0,0,0,0
rpoBC,761161.0,1.3798041,0.0,1.0,0.0,1,0,0
rpoBC,761162.0,0.0,0.0,0.0,0.0,0,0,0
rpoBC,761163.0,0.0,0.0,0.0,0.0,0,0,0
rpoBC,761164.0,0.2219556,0.0,1.0,0.0,0,0,0
rpoBC,761165.0,0.0,0.0,0.0,0.0,0,0,0
rpoBC,761166.0,0.032920912,0.0,1.0,0.0,0,0,0
rpoBC,761167.0,0.32951844,0.0,1.0,0.0,0,0,0
rpoBC,761168.0,0.0,0.0,0.0,0.0,0,0,0
rpoBC,761169.0,0.0,0.0,0.0,0.0,0,0,0
rpoBC,761170.0,0.0,0.0,0.0,0.0,0,0,0
rpoBC,761171.0,0.0,0.0,0.0,0.0,0,0,0
rpoBC,761172.0,0.0,0.0,0.0,0.0,0,0,0
rpoBC,761173.0,0.0,0.0,0.0,0.0,0,0,0
rpoBC,761174.0,0.0,0.0,0.0,0.0,0,0,0
rpoBC,761175.0,0.0,0.0,0.0,0.0,0,0,0
rpoBC,761176.0,0.0,0.0,0.0,0.0,0,0,0
rpoBC,761177.0,0.0,0.0,0.0,0.0,0,0,0
rpoBC,761178.0,0.0,0.0,0.0,0.0,0,0,0
rpoBC,761179.0,0.0,0.0,0.0,0.0,0,0,0
rpoBC,761180.0,0.0,0.0,0.0,0.0,0,0,0
rpoBC,761181.0,0.0,0.0,0.0,0.0,0,0,0
rpoBC,761182.0,0.0,0.0,0.0,0.0,0,0,0
rpoBC,761183.0,0.0,0.0,0.0,0.0,0,0,0
rpoBC,761184.0,0.0,0.0,0.0,0.0,0,0,0
rpoBC,761185.0,0.0041831173,0.0,1.0,0.0,0,0,0
rpoBC,761186.0,0.0,0.0,0.0,0.0,0,0,0
rpoBC,761187.0,0.0,0.0,0.0,0.0,0,0,0
rpoBC,761188.0,0.0,0.0,0.0,0.0,0,0,0
rpoBC,761189.0,0.0,0.0,0.0,0.0,0,0,0
rpoBC,761190.0,0.0,0.0,0.0,0.0,0,0,0
rpoBC,761191.0,0.0,0.0,0.0,0.0,0,0,0
rpoBC,761192.0,0.0,0.0,0.0,0.0,0,0,0
rpoBC,761193.0,0.0,0.0,0.0,0.0,0,0,0
rpoBC,761194.0,0.0,0.0,0.0,0.0,0,0,0
rpoBC,761195.0,0.0,0.0,0.0,0.0,0,0,0
rpoBC,761196.0,0.02182499,0.0,1.0,0.0,0,0,0
rpoBC,761197.0,0.0,0.0,0.0,0.0,0,0,0
rpoBC,761198.0,0.0,0.0,0.0,0.0,0,0,0
rpoBC,761199.0,0.0,-0.0015147376,0.0,1.0,0,0,0
rpoBC,761200.0,0.0,0.0,0.0,0.0,0,0,0
rpoBC,761201.0,0.0,0.0,0.0,0.0,0,0,0
rpoBC,761202.0,0.0,0.0,0.0,0.0,0,0,0
rpoBC,761203.0,0.0,0.0,0.0,0.0,0,0,0
rpoBC,761204.0,0.0,0.0,0.0,0.0,0,0,0
rpoBC,761205.0,0.0,0.0,0.0,0.0,0,0,0
rpoBC,761206.0,0.0,0.0,0.0,0.0,0,0,0
rpoBC,761207.0,0.0,0.0,0.0,0.0,0,0,0
rpoBC,761208.0,0.0,0.0,0.0,0.0,0,0,0
rpoBC,761209.0,0.0,0.0,0.0,0.0,0,0,0
rpoBC,761210.0,0.0,0.0,0.0,0.0,0,0,0
rpoBC,761211.0,0.0,0.0,0.0,0.0,0,0,0
rpoBC,761212.0,0.0,0.0,0.0,0.0,0,0,0
rpoBC,761213.0,0.0,0.0,0.0,0.0,0,0,0
rpoBC,761214.0,0.0,0.0,0.0,0.0,0,0,0
rpoBC,761215.0,0.0,0.0,0.0,0.0,0,0,0
rpoBC,761216.0,5.9585574e-05,0.0,0.0,0.0,0,0,0
rpoBC,761217.0,0.0,0.0,0.0,0.0,0,0,0
rpoBC,761218.0,0.0,0.0,0.0,0.0,0,0,0
rpoBC,761219.0,0.0,0.0,0.0,0.0,0,0,0
rpoBC,761220.0,0.0,0.0,0.0,0.0,0,0,0
rpoBC,761221.0,0.0,0.0,0.0,0.0,0,0,0
rpoBC,761222.0,0.0,0.0,0.0,0.0,0,0,0
rpoBC,761223.0,0.0,0.0,0.0,0.0,0,0,0
rpoBC,761224.0,0.0,0.0,0.0,0.0,0,0,0
rpoBC,761225.0,0.0,0.0,0.0,0.0,0,0,0
rpoBC,761226.0,0.0,-0.0011606895,0.0,0.0,0,0,0
rpoBC,761227.0,0.0,0.0,0.0,0.0,0,0,0
rpoBC,761228.0,0.0,0.0,0.0,0.0,0,0,0
rpoBC,761229.0,0.0,0.0,0.0,0.0,0,0,0
rpoBC,761230.0,0.0,0.0,0.0,0.0,0,0,0
rpoBC,761231.0,0.0,-0.009563544,0.0,1.0,0,0,0
rpoBC,761232.0,0.0,0.0,0.0,0.0,0,0,0
rpoBC,761233.0,0.0,0.0,0.0,0.0,0,0,0
rpoBC,761234.0,0.0,0.0,0.0,0.0,0,0,0
rpoBC,761235.0,0.0,0.0,0.0,0.0,0,0,0
rpoBC,761236.0,0.0,0.0,0.0,0.0,0,0,0
rpoBC,761237.0,0.0,0.0,0.0,0.0,0,0,0
rpoBC,761238.0,0.0,0.0,0.0,0.0,0,0,0
rpoBC,761239.0,0.0,0.0,0.0,0.0,0,0,0
rpoBC,761240.0,0.0,0.0,0.0,0.0,0,0,0
rpoBC,761241.0,0.0,0.0,0.0,0.0,0,0,0
rpoBC,761242.0,0.0,0.0,0.0,0.0,0,0,0
rpoBC,761243.0,0.0,0.0,0.0,0.0,0,0,0
rpoBC,761244.0,0.0,-0.00873741,0.0,1.0,0,0,0
rpoBC,761245.0,0.0,-0.00018757726,0.0,0.0,0,0,0
rpoBC,761246.0,0.0,0.0,0.0,0.0,0,0,0
rpoBC,761247.0,0.0,0.0,0.0,0.0,0,0,0
rpoBC,761248.0,0.033123545,0.0,1.0,0.0,0,0,0
rpoBC,761249.0,0.0,-0.006023562,0.0,1.0,0,0,0
rpoBC,761250.0,0.0,0.0,0.0,0.0,0,0,0
rpoBC,761251.0,0.011945524,-0.008300183,1.0,1.0,0,0,0
rpoBC,761252.0,0.0,0.0,0.0,0.0,0,0,0
rpoBC,761253.0,0.0,0.0,0.0,0.0,0,0,0
rpoBC,761254.0,0.041122254,0.0,1.0,0.0,0,0,0
rpoBC,761255.0,0.0,0.0,0.0,0.0,0,0,0
rpoBC,761256.0,0.0,0.0,0.0,0.0,0,0,0
rpoBC,761257.0,0.0,0.0,0.0,0.0,0,0,0
rpoBC,761258.0,0.0,0.0,0.0,0.0,0,0,0
rpoBC,761259.0,0.0,0.0,0.0,0.0,0,0,0
rpoBC,761260.0,0.0,0.0,0.0,0.0,0,0,0
rpoBC,761261.0,0.0,0.0,0.0,0.0,0,0,0
rpoBC,761262.0,0.0,0.0,0.0,0.0,0,0,0
rpoBC,761263.0,0.0,0.0,0.0,0.0,0,0,0
rpoBC,761264.0,0.0,0.0,0.0,0.0,0,0,0
rpoBC,761265.0,0.0,-0.06475769,0.0,1.0,0,0,0
rpoBC,761266.0,0.0,0.0,0.0,0.0,0,0,0
rpoBC,761267.0,0.0,0.0,0.0,0.0,0,0,0
rpoBC,761268.0,0.053574696,0.0,1.0,0.0,0,0,0
rpoBC,761269.0,0.0,0.0,0.0,0.0,0,0,0
rpoBC,761270.0,0.0,0.0,0.0,0.0,0,0,0
rpoBC,761271.0,0.0,0.0,0.0,0.0,0,0,0
rpoBC,761272.0,0.0,0.0,0.0,0.0,0,0,0
rpoBC,761273.0,0.0,0.0,0.0,0.0,0,0,0
rpoBC,761274.0,0.0,0.0,0.0,0.0,0,0,0
rpoBC,761275.0,0.0,0.0,0.0,0.0,0,0,0
rpoBC,761276.0,0.0,0.0,0.0,0.0,0,0,0
rpoBC,761277.0,2.8016171,-0.2150656,1.0,1.0,1,0,0
rpoBC,761278.0,0.07346613,-0.2976688,1.0,1.0,0,0,0
rpoBC,761279.0,0.23576605,0.0,1.0,0.0,0,0,0
rpoBC,761280.0,0.0,0.0,0.0,0.0,0,0,0
rpoBC,761281.0,0.0,0.0,0.0,0.0,0,0,0
rpoBC,761282.0,0.0,0.0,0.0,0.0,0,0,0
rpoBC,761283.0,0.022238193,0.0,1.0,0.0,0,0,0
rpoBC,761284.0,0.33258757,0.0,1.0,0.0,0,0,0
rpoBC,761285.0,0.0,0.0,0.0,0.0,0,0,0
rpoBC,761286.0,0.0,0.0,0.0,0.0,0,0,0
rpoBC,761287.0,0.09876147,0.0,1.0,0.0,0,0,0
rpoBC,761288.0,0.04680241,0.0,1.0,0.0,0,0,0
rpoBC,761289.0,0.0,0.0,0.0,0.0,0,0,0
rpoBC,761290.0,0.0,0.0,0.0,0.0,0,0,0
rpoBC,761291.0,0.0,0.0,0.0,0.0,0,0,0
rpoBC,761292.0,0.021370092,0.0,1.0,0.0,0,0,0
rpoBC,761293.0,0.031492624,-0.018051704,1.0,1.0,0,0,0
rpoBC,761294.0,0.0,0.0,0.0,0.0,0,0,0
rpoBC,761295.0,0.0,0.0,0.0,0.0,0,0,0
rpoBC,761296.0,0.0,0.0,0.0,0.0,0,0,0
rpoBC,761297.0,0.0,0.0,0.0,0.0,0,0,0
rpoBC,761298.0,0.0,0.0,0.0,0.0,0,0,0
rpoBC,761299.0,0.06953001,0.0,1.0,0.0,0,0,0
rpoBC,761300.0,0.0,0.0,0.0,0.0,0,0,0
rpoBC,761301.0,0.0,0.0,0.0,0.0,0,0,0
rpoBC,761302.0,0.0,0.0,0.0,0.0,0,0,0
rpoBC,761303.0,0.0,0.0,0.0,0.0,0,0,0
rpoBC,761304.0,0.0,0.0,0.0,0.0,0,0,0
rpoBC,761305.0,0.0,0.0,0.0,0.0,0,0,0
rpoBC,761306.0,0.0,0.0,0.0,0.0,0,0,0
rpoBC,761307.0,0.0,0.0,0.0,0.0,0,0,0
rpoBC,761308.0,0.0,0.0,0.0,0.0,0,0,0
rpoBC,761309.0,0.0,0.0,0.0,0.0,0,0,0
rpoBC,761310.0,0.0,0.0,0.0,0.0,0,0,0
rpoBC,761311.0,0.0,0.0,0.0,0.0,0,0,0
rpoBC,761312.0,0.0,0.0,0.0,0.0,0,0,0
rpoBC,761313.0,0.0,0.0,0.0,0.0,0,0,0
rpoBC,761314.0,0.0,0.0,0.0,0.0,0,0,0
rpoBC,761315.0,0.0,0.0,0.0,0.0,0,0,0
rpoBC,rpoBC_52,0.0,-0.0030787261,0.0,1.0,0,0,0
rpoBC,rpoBC_53,0.0016857882,0.0,0.0,0.0,0,0,0
rpoBC,rpoBC_54,0.0,-0.0059399107,0.0,1.0,0,0,0
rpoBC,761316.0,0.0,0.0,0.0,0.0,0,0,0
rpoBC,761317.0,0.0,0.0,0.0,0.0,0,0,0
rpoBC,761318.0,0.0,0.0,0.0,0.0,0,0,0
rpoBC,761319.0,0.0,0.0,0.0,0.0,0,0,0
rpoBC,761320.0,0.0,0.0,0.0,0.0,0,0,0
rpoBC,761321.0,0.0,0.0,0.0,0.0,0,0,0
rpoBC,761322.0,0.0,0.0,0.0,0.0,0,0,0
rpoBC,761323.0,0.0,0.0,0.0,0.0,0,0,0
rpoBC,761324.0,0.0,0.0,0.0,0.0,0,0,0
rpoBC,761325.0,0.0,0.0,0.0,0.0,0,0,0
rpoBC,761326.0,0.0,0.0,0.0,0.0,0,0,0
rpoBC,761327.0,0.0,0.0,0.0,0.0,0,0,0
rpoBC,761328.0,0.0,-0.008150282,0.0,1.0,0,0,0
rpoBC,761329.0,0.0,0.0,0.0,0.0,0,0,0
rpoBC,761330.0,0.0,0.0,0.0,0.0,0,0,0
rpoBC,761331.0,0.0,0.0,0.0,0.0,0,0,0
rpoBC,761332.0,0.0,0.0,0.0,0.0,0,0,0
rpoBC,761333.0,0.0,0.0,0.0,0.0,0,0,0
rpoBC,761334.0,0.0,0.0,0.0,0.0,0,0,0
rpoBC,761335.0,0.0,0.0,0.0,0.0,0,0,0
rpoBC,761336.0,0.0,0.0,0.0,0.0,0,0,0
rpoBC,761337.0,0.0,0.0,0.0,0.0,0,0,0
rpoBC,761338.0,0.0,0.0,0.0,0.0,0,0,0
rpoBC,761339.0,0.0,-0.001485443,0.0,1.0,0,0,0
rpoBC,761340.0,0.0,0.0,0.0,0.0,0,0,0
rpoBC,761341.0,0.0,0.0,0.0,0.0,0,0,0
rpoBC,761342.0,0.0,0.0,0.0,0.0,0,0,0
rpoBC,761343.0,0.0,0.0,0.0,0.0,0,0,0
rpoBC,761344.0,0.0,0.0,0.0,0.0,0,0,0
rpoBC,761345.0,0.0,0.0,0.0,0.0,0,0,0
rpoBC,761346.0,0.0,0.0,0.0,0.0,0,0,0
rpoBC,761347.0,0.0,0.0,0.0,0.0,0,0,0
rpoBC,761348.0,0.0,0.0,0.0,0.0,0,0,0
rpoBC,761349.0,0.03425841,0.0,1.0,0.0,0,0,0
rpoBC,761350.0,0.0,0.0,0.0,0.0,0,0,0
rpoBC,761351.0,0.0,0.0,0.0,0.0,0,0,0
rpoBC,761352.0,0.0,0.0,0.0,0.0,0,0,0
rpoBC,761353.0,0.0,0.0,0.0,0.0,0,0,0
rpoBC,761354.0,0.0,0.0,0.0,0.0,0,0,0
rpoBC,761355.0,0.0,0.0,0.0,0.0,0,0,0
rpoBC,761356.0,0.0,0.0,0.0,0.0,0,0,0
rpoBC,761357.0,0.0,0.0,0.0,0.0,0,0,0
rpoBC,761358.0,0.0,0.0,0.0,0.0,0,0,0
rpoBC,761359.0,0.0,0.0,0.0,0.0,0,0,0
rpoBC,761360.0,0.0,0.0,0.0,0.0,0,0,0
rpoBC,761361.0,0.0,0.0,0.0,0.0,0,0,0
rpoBC,761362.0,0.0,0.0,0.0,0.0,0,0,0
rpoBC,761363.0,0.0,0.0,0.0,0.0,0,0,0
rpoBC,761364.0,0.0,0.0,0.0,0.0,0,0,0
rpoBC,761365.0,0.0,-0.0014633359,0.0,1.0,0,0,0
rpoBC,761366.0,0.0,0.0,0.0,0.0,0,0,0
rpoBC,761367.0,0.0,0.0,0.0,0.0,0,0,0
rpoBC,761368.0,0.0,0.0,0.0,0.0,0,0,0
rpoBC,761369.0,0.0,0.0,0.0,0.0,0,0,0
rpoBC,761370.0,0.0,0.0,0.0,0.0,0,0,0
rpoBC,761371.0,0.0,0.0,0.0,0.0,0,0,0
rpoBC,761372.0,0.0,0.0,0.0,0.0,0,0,0
rpoBC,761373.0,0.0,-0.0075145783,0.0,1.0,0,0,0
rpoBC,761374.0,0.0,0.0,0.0,0.0,0,0,0
rpoBC,761375.0,0.0,-0.0023305311,0.0,1.0,0,0,0
rpoBC,761376.0,0.0,0.0,0.0,0.0,0,0,0
rpoBC,761377.0,0.0,0.0,0.0,0.0,0,0,0
rpoBC,761378.0,0.0,0.0,0.0,0.0,0,0,0
rpoBC,761379.0,0.0,0.0,0.0,0.0,0,0,0
rpoBC,761380.0,0.0014570884,0.0,1.0,0.0,0,0,0
rpoBC,761381.0,0.0,0.0,0.0,0.0,0,0,0
rpoBC,761382.0,0.0,0.0,0.0,0.0,0,0,0
rpoBC,761383.0,0.0,0.0,0.0,0.0,0,0,0
rpoBC,761384.0,0.0,0.0,0.0,0.0,0,0,0
rpoBC,761385.0,0.0,0.0,0.0,0.0,0,0,0
rpoBC,761386.0,0.0,-0.002270791,0.0,1.0,0,0,0
rpoBC,761387.0,0.0,0.0,0.0,0.0,0,0,0
rpoBC,761388.0,0.0,0.0,0.0,0.0,0,0,0
rpoBC,761389.0,0.0,0.0,0.0,0.0,0,0,0
rpoBC,761390.0,0.0,0.0,0.0,0.0,0,0,0
rpoBC,761391.0,0.0,0.0,0.0,0.0,0,0,0
rpoBC,761392.0,0.0,0.0,0.0,0.0,0,0,0
rpoBC,761393.0,0.0,0.0,0.0,0.0,0,0,0
rpoBC,761394.0,0.0,0.0,0.0,0.0,0,0,0
rpoBC,761395.0,0.0,0.0,0.0,0.0,0,0,0
rpoBC,761396.0,0.0,0.0,0.0,0.0,0,0,0
rpoBC,761397.0,0.0,0.0,0.0,0.0,0,0,0
rpoBC,761398.0,0.0,0.0,0.0,0.0,0,0,0
rpoBC,761399.0,0.0,0.0,0.0,0.0,0,0,0
rpoBC,761400.0,0.0,0.0,0.0,0.0,0,0,0
rpoBC,761401.0,0.0,0.0,0.0,0.0,0,0,0
rpoBC,761402.0,0.0,0.0,0.0,0.0,0,0,0
rpoBC,761403.0,0.0,-0.0005749413,0.0,1.0,0,0,0
rpoBC,761404.0,0.0,0.0,0.0,0.0,0,0,0
rpoBC,761405.0,0.0,0.0,0.0,0.0,0,0,0
rpoBC,761406.0,0.005023147,-0.003663651,0.0,1.0,0,0,0
rpoBC,761407.0,0.0045802863,0.0,1.0,0.0,0,0,0
rpoBC,761408.0,0.0,0.0,0.0,0.0,0,0,0
rpoBC,761409.0,0.0,0.0,0.0,0.0,0,0,0
rpoBC,761410.0,0.0,0.0,0.0,0.0,0,0,0
rpoBC,761411.0,0.0,0.0,0.0,0.0,0,0,0
rpoBC,761412.0,0.0,0.0,0.0,0.0,0,0,0
rpoBC,761413.0,0.0,0.0,0.0,0.0,0,0,0
rpoBC,761414.0,0.0,0.0,0.0,0.0,0,0,0
rpoBC,761415.0,0.0,0.0,0.0,0.0,0,0,0
rpoBC,761416.0,0.0,0.0,0.0,0.0,0,0,0
rpoBC,761417.0,0.0,0.0,0.0,0.0,0,0,0
rpoBC,761418.0,0.0,-0.0013888215,0.0,1.0,0,0,0
rpoBC,761419.0,0.0,0.0,0.0,0.0,0,0,0
rpoBC,761420.0,0.0,0.0,0.0,0.0,0,0,0
rpoBC,761421.0,0.0,0.0,0.0,0.0,0,0,0
rpoBC,761422.0,0.0,0.0,0.0,0.0,0,0,0
rpoBC,761423.0,0.0037500977,-0.005129907,1.0,1.0,0,0,0
rpoBC,761424.0,0.0,0.0,0.0,0.0,0,0,0
rpoBC,761425.0,0.0,0.0,0.0,0.0,0,0,0
rpoBC,761426.0,0.0,0.0,0.0,0.0,0,0,0
rpoBC,761427.0,0.0,0.0,0.0,0.0,0,0,0
rpoBC,761428.0,0.0,0.0,0.0,0.0,0,0,0
rpoBC,761429.0,0.0,0.0,0.0,0.0,0,0,0
rpoBC,761430.0,0.0,0.0,0.0,0.0,0,0,0
rpoBC,761431.0,0.0,-0.00082091946,0.0,0.0,0,0,0
rpoBC,761432.0,0.0006986067,0.0,0.0,0.0,0,0,0
rpoBC,761433.0,0.0,0.0,0.0,0.0,0,0,0
rpoBC,761434.0,0.0012195129,0.0,1.0,0.0,0,0,0
rpoBC,761435.0,0.0,0.0,0.0,0.0,0,0,0
rpoBC,761436.0,0.0,0.0,0.0,0.0,0,0,0
rpoBC,761437.0,0.0,0.0,0.0,0.0,0,0,0
rpoBC,761438.0,0.0,0.0,0.0,0.0,0,0,0
rpoBC,761439.0,0.0,0.0,0.0,0.0,0,0,0
rpoBC,761440.0,0.0,0.0,0.0,0.0,0,0,0
rpoBC,761441.0,0.0,-0.005681241,0.0,1.0,0,0,0
rpoBC,761442.0,0.0,0.0,0.0,0.0,0,0,0
rpoBC,761443.0,0.0,0.0,0.0,0.0,0,0,0
rpoBC,761444.0,0.0,0.0,0.0,0.0,0,0,0
rpoBC,761445.0,0.0,0.0,0.0,0.0,0,0,0
rpoBC,761446.0,0.0,0.0,0.0,0.0,0,0,0
rpoBC,761447.0,0.0,0.0,0.0,0.0,0,0,0
rpoBC,761448.0,0.0,0.0,0.0,0.0,0,0,0
rpoBC,761449.0,0.0,0.0,0.0,0.0,0,0,0
rpoBC,761450.0,0.0,0.0,0.0,0.0,0,0,0
rpoBC,761451.0,0.0,0.0,0.0,0.0,0,0,0
rpoBC,761452.0,0.0,0.0,0.0,0.0,0,0,0
rpoBC,761453.0,0.0,0.0,0.0,0.0,0,0,0
rpoBC,761454.0,0.0,0.0,0.0,0.0,0,0,0
rpoBC,761455.0,0.001074065,0.0,0.0,0.0,0,0,0
rpoBC,761456.0,0.0,0.0,0.0,0.0,0,0,0
rpoBC,761457.0,0.0,0.0,0.0,0.0,0,0,0
rpoBC,761458.0,0.0,0.0,0.0,0.0,0,0,0
rpoBC,761459.0,0.0,0.0,0.0,0.0,0,0,0
rpoBC,761460.0,0.0,-0.012811341,0.0,1.0,0,0,0
rpoBC,761461.0,0.001785381,-0.01247511,1.0,1.0,0,0,0
rpoBC,761462.0,0.0,0.0,0.0,0.0,0,0,0
rpoBC,761463.0,0.0,0.0,0.0,0.0,0,0,0
rpoBC,761464.0,0.0,0.0,0.0,0.0,0,0,0
rpoBC,761465.0,0.010011458,0.0,1.0,0.0,0,0,0
rpoBC,761466.0,0.0,0.0,0.0,0.0,0,0,0
rpoBC,761467.0,0.0050853207,0.0,0.0,0.0,0,0,0
rpoBC,761468.0,0.0,0.0,0.0,0.0,0,0,0
rpoBC,761469.0,0.0,0.0,0.0,0.0,0,0,0
rpoBC,761470.0,0.0,0.0,0.0,0.0,0,0,0
rpoBC,761471.0,0.0,0.0,0.0,0.0,0,0,0
rpoBC,761472.0,0.0,0.0,0.0,0.0,0,0,0
rpoBC,761473.0,0.0,0.0,0.0,0.0,0,0,0
rpoBC,761474.0,0.0,0.0,0.0,0.0,0,0,0
rpoBC,761475.0,0.0,0.0,0.0,0.0,0,0,0
rpoBC,761476.0,0.0,0.0,0.0,0.0,0,0,0
rpoBC,761477.0,0.0,0.0,0.0,0.0,0,0,0
rpoBC,761478.0,0.0,0.0,0.0,0.0,0,0,0
rpoBC,761479.0,0.0,0.0,0.0,0.0,0,0,0
rpoBC,761480.0,0.0,0.0,0.0,0.0,0,0,0
rpoBC,761481.0,0.0,0.0,0.0,0.0,0,0,0
rpoBC,761482.0,0.0,0.0,0.0,0.0,0,0,0
rpoBC,761483.0,0.0,0.0,0.0,0.0,0,0,0
rpoBC,761484.0,0.0,0.0,0.0,0.0,0,0,0
rpoBC,761485.0,0.0,0.0,0.0,0.0,0,0,0
rpoBC,761486.0,0.0,0.0,0.0,0.0,0,0,0
rpoBC,761487.0,0.0,0.0,0.0,0.0,0,0,0
rpoBC,761488.0,0.0,0.0,0.0,0.0,0,0,0
rpoBC,761489.0,0.0,-0.03039594,0.0,1.0,0,0,0
rpoBC,761490.0,0.0052967058,0.0,1.0,0.0,0,0,0
rpoBC,761491.0,0.0,0.0,0.0,0.0,0,0,0
rpoBC,761492.0,0.0,0.0,0.0,0.0,0,0,0
rpoBC,761493.0,0.0,0.0,0.0,0.0,0,0,0
rpoBC,761494.0,0.0,0.0,0.0,0.0,0,0,0
rpoBC,761495.0,0.0,0.0,0.0,0.0,0,0,0
rpoBC,761496.0,0.00354442,0.0,1.0,0.0,0,0,0
rpoBC,761497.0,0.00019803282,0.0,0.0,0.0,0,0,0
rpoBC,761498.0,0.0,-0.00807281,0.0,1.0,0,0,0
rpoBC,761499.0,0.0,0.0,0.0,0.0,0,0,0
rpoBC,761500.0,0.0,0.0,0.0,0.0,0,0,0
rpoBC,761501.0,0.0,0.0,0.0,0.0,0,0,0
rpoBC,761502.0,0.0,0.0,0.0,0.0,0,0,0
rpoBC,761503.0,0.0,0.0,0.0,0.0,0,0,0
rpoBC,761504.0,0.0,0.0,0.0,0.0,0,0,0
rpoBC,761505.0,0.0,0.0,0.0,0.0,0,0,0
rpoBC,761506.0,0.0,0.0,0.0,0.0,0,0,0
rpoBC,761507.0,0.0,0.0,0.0,0.0,0,0,0
rpoBC,761508.0,0.0,0.0,0.0,0.0,0,0,0
rpoBC,761509.0,0.0,0.0,0.0,0.0,0,0,0
rpoBC,761510.0,0.0,0.0,0.0,0.0,0,0,0
rpoBC,761511.0,0.0,0.0,0.0,0.0,0,0,0
rpoBC,761512.0,0.0,0.0,0.0,0.0,0,0,0
rpoBC,761513.0,0.0,0.0,0.0,0.0,0,0,0
rpoBC,761514.0,0.0,0.0,0.0,0.0,0,0,0
rpoBC,761515.0,0.0,0.0,0.0,0.0,0,0,0
rpoBC,761516.0,0.0,0.0,0.0,0.0,0,0,0
rpoBC,761517.0,0.0,0.0,0.0,0.0,0,0,0
rpoBC,761518.0,0.00078813056,0.0,0.0,0.0,0,0,0
rpoBC,761519.0,0.0,0.0,0.0,0.0,0,0,0
rpoBC,761520.0,0.0,0.0,0.0,0.0,0,0,0
rpoBC,761521.0,0.0,0.0,0.0,0.0,0,0,0
rpoBC,761522.0,0.0,0.0,0.0,0.0,0,0,0
rpoBC,761523.0,0.0,0.0,0.0,0.0,0,0,0
rpoBC,761524.0,0.0,0.0,0.0,0.0,0,0,0
rpoBC,761525.0,0.0,0.0,0.0,0.0,0,0,0
rpoBC,761526.0,0.0,0.0,0.0,0.0,0,0,0
rpoBC,761527.0,0.0,0.0,0.0,0.0,0,0,0
rpoBC,761528.0,0.0,0.0,0.0,0.0,0,0,0
rpoBC,761529.0,0.0,0.0,0.0,0.0,0,0,0
rpoBC,761530.0,0.0,0.0,0.0,0.0,0,0,0
rpoBC,761531.0,0.0,-0.011177356,0.0,1.0,0,0,0
rpoBC,761532.0,0.0,0.0,0.0,0.0,0,0,0
rpoBC,761533.0,0.0,0.0,0.0,0.0,0,0,0
rpoBC,761534.0,0.0,0.0,0.0,0.0,0,0,0
rpoBC,761535.0,0.0,-0.0024225037,0.0,1.0,0,0,0
rpoBC,761536.0,0.0,0.0,0.0,0.0,0,0,0
rpoBC,761537.0,0.0,0.0,0.0,0.0,0,0,0
rpoBC,761538.0,0.0,0.0,0.0,0.0,0,0,0
rpoBC,761539.0,0.0,-0.00092505553,0.0,1.0,0,0,0
rpoBC,761540.0,0.0,0.0,0.0,0.0,0,0,0
rpoBC,761541.0,0.0,0.0,0.0,0.0,0,0,0
rpoBC,761542.0,0.0,0.0,0.0,0.0,0,0,0
rpoBC,761543.0,0.0,0.0,0.0,0.0,0,0,0
rpoBC,761544.0,0.0,0.0,0.0,0.0,0,0,0
rpoBC,761545.0,0.0,0.0,0.0,0.0,0,0,0
rpoBC,761546.0,0.0,0.0,0.0,0.0,0,0,0
rpoBC,761547.0,0.0,0.0,0.0,0.0,0,0,0
rpoBC,761548.0,0.0,0.0,0.0,0.0,0,0,0
rpoBC,761549.0,0.0,0.0,0.0,0.0,0,0,0
rpoBC,761550.0,0.0,-0.0014701555,0.0,1.0,0,0,0
rpoBC,761551.0,0.0,0.0,0.0,0.0,0,0,0
rpoBC,761552.0,0.0,0.0,0.0,0.0,0,0,0
rpoBC,761553.0,0.0,0.0,0.0,0.0,0,0,0
rpoBC,761554.0,0.0,0.0,0.0,0.0,0,0,0
rpoBC,761555.0,0.0,0.0,0.0,0.0,0,0,0
rpoBC,761556.0,0.0,0.0,0.0,0.0,0,0,0
rpoBC,761557.0,0.00017481718,-0.00032838446,0.0,0.0,0,0,0
rpoBC,761558.0,0.0,0.0,0.0,0.0,0,0,0
rpoBC,761559.0,0.0,0.0,0.0,0.0,0,0,0
rpoBC,761560.0,0.0,0.0,0.0,0.0,0,0,0
rpoBC,761561.0,0.0,0.0,0.0,0.0,0,0,0
rpoBC,761562.0,0.0,0.0,0.0,0.0,0,0,0
rpoBC,761563.0,0.0,0.0,0.0,0.0,0,0,0
rpoBC,761564.0,0.0,0.0,0.0,0.0,0,0,0
rpoBC,761565.0,0.0,0.0,0.0,0.0,0,0,0
rpoBC,761566.0,0.0,-0.0013995293,0.0,1.0,0,0,0
rpoBC,761567.0,0.0,-0.0034140646,0.0,1.0,0,0,0
rpoBC,761568.0,0.0019119862,0.0,1.0,0.0,0,0,0
rpoBC,761569.0,0.0,0.0,0.0,0.0,0,0,0
rpoBC,761570.0,0.0,0.0,0.0,0.0,0,0,0
rpoBC,761571.0,0.0,0.0,0.0,0.0,0,0,0
rpoBC,761572.0,0.0,0.0,0.0,0.0,0,0,0
rpoBC,761573.0,0.0,0.0,0.0,0.0,0,0,0
rpoBC,761574.0,0.0,0.0,0.0,0.0,0,0,0
rpoBC,761575.0,0.0,0.0,0.0,0.0,0,0,0
rpoBC,761576.0,0.0,0.0,0.0,0.0,0,0,0
rpoBC,761577.0,0.0,0.0,0.0,0.0,0,0,0
rpoBC,761578.0,0.0,0.0,0.0,0.0,0,0,0
rpoBC,761579.0,0.0,0.0,0.0,0.0,0,0,0
rpoBC,761580.0,0.0,0.0,0.0,0.0,0,0,0
rpoBC,761581.0,0.0,0.0,0.0,0.0,0,0,0
rpoBC,761582.0,0.0,-0.0012300613,0.0,1.0,0,0,0
rpoBC,761583.0,0.0,0.0,0.0,0.0,0,0,0
rpoBC,761584.0,0.0,0.0,0.0,0.0,0,0,0
rpoBC,761585.0,0.0,0.0,0.0,0.0,0,0,0
rpoBC,761586.0,0.0,0.0,0.0,0.0,0,0,0
rpoBC,761587.0,0.0,0.0,0.0,0.0,0,0,0
rpoBC,761588.0,0.0,0.0,0.0,0.0,0,0,0
rpoBC,761589.0,0.0,0.0,0.0,0.0,0,0,0
rpoBC,761590.0,0.0,0.0,0.0,0.0,0,0,0
rpoBC,761591.0,0.0,0.0,0.0,0.0,0,0,0
rpoBC,761592.0,0.0,0.0,0.0,0.0,0,0,0
rpoBC,761593.0,0.0,0.0,0.0,0.0,0,0,0
rpoBC,761594.0,0.0,-0.017731743,0.0,1.0,0,0,0
rpoBC,761595.0,0.0,0.0,0.0,0.0,0,0,0
rpoBC,761596.0,0.0,0.0,0.0,0.0,0,0,0
rpoBC,761597.0,0.0,0.0,0.0,0.0,0,0,0
rpoBC,761598.0,0.0,0.0,0.0,0.0,0,0,0
rpoBC,761599.0,0.0,0.0,0.0,0.0,0,0,0
rpoBC,761600.0,0.0,0.0,0.0,0.0,0,0,0
rpoBC,761601.0,0.0,0.0,0.0,0.0,0,0,0
rpoBC,761602.0,0.0,0.0,0.0,0.0,0,0,0
rpoBC,761603.0,0.0,0.0,0.0,0.0,0,0,0
rpoBC,761604.0,0.0,0.0,0.0,0.0,0,0,0
rpoBC,761605.0,0.0,0.0,0.0,0.0,0,0,0
rpoBC,761606.0,0.0,0.0,0.0,0.0,0,0,0
rpoBC,761607.0,0.0,0.0,0.0,0.0,0,0,0
rpoBC,761608.0,0.0,0.0,0.0,0.0,0,0,0
rpoBC,761609.0,0.0,0.0,0.0,0.0,0,0,0
rpoBC,761610.0,0.0,0.0,0.0,0.0,0,0,0
rpoBC,761611.0,0.0,0.0,0.0,0.0,0,0,0
rpoBC,761612.0,0.0,0.0,0.0,0.0,0,0,0
rpoBC,761613.0,0.0,0.0,0.0,0.0,0,0,0
rpoBC,761614.0,0.0,0.0,0.0,0.0,0,0,0
rpoBC,761615.0,0.0,0.0,0.0,0.0,0,0,0
rpoBC,761616.0,0.0,0.0,0.0,0.0,0,0,0
rpoBC,761617.0,0.0,0.0,0.0,0.0,0,0,0
rpoBC,761618.0,0.0,0.0,0.0,0.0,0,0,0
rpoBC,761619.0,0.0,0.0,0.0,0.0,0,0,0
rpoBC,761620.0,0.0,0.0,0.0,0.0,0,0,0
rpoBC,761621.0,0.0,0.0,0.0,0.0,0,0,0
rpoBC,761622.0,0.0,0.0,0.0,0.0,0,0,0
rpoBC,761623.0,0.0,0.0,0.0,0.0,0,0,0
rpoBC,761624.0,0.0,0.0,0.0,0.0,0,0,0
rpoBC,761625.0,0.0,0.0,0.0,0.0,0,0,0
rpoBC,761626.0,0.0,0.0,0.0,0.0,0,0,0
rpoBC,761627.0,0.0,0.0,0.0,0.0,0,0,0
rpoBC,761628.0,0.0,0.0,0.0,0.0,0,0,0
rpoBC,761629.0,0.0,0.0,0.0,0.0,0,0,0
rpoBC,761630.0,0.0,0.0,0.0,0.0,0,0,0
rpoBC,761631.0,0.0,0.0,0.0,0.0,0,0,0
rpoBC,761632.0,0.0,0.0,0.0,0.0,0,0,0
rpoBC,761633.0,0.0,0.0,0.0,0.0,0,0,0
rpoBC,761634.0,0.0,0.0,0.0,0.0,0,0,0
rpoBC,761635.0,0.0,0.0,0.0,0.0,0,0,0
rpoBC,761636.0,0.0,0.0,0.0,0.0,0,0,0
rpoBC,761637.0,0.0,0.0,0.0,0.0,0,0,0
rpoBC,761638.0,0.0,0.0,0.0,0.0,0,0,0
rpoBC,761639.0,0.0,0.0,0.0,0.0,0,0,0
rpoBC,761640.0,0.0,0.0,0.0,0.0,0,0,0
rpoBC,761641.0,0.0,0.0,0.0,0.0,0,0,0
rpoBC,761642.0,0.0,0.0,0.0,0.0,0,0,0
rpoBC,761643.0,0.0,0.0,0.0,0.0,0,0,0
rpoBC,761644.0,0.0,0.0,0.0,0.0,0,0,0
rpoBC,761645.0,0.0,0.0,0.0,0.0,0,0,0
rpoBC,761646.0,0.0,0.0,0.0,0.0,0,0,0
rpoBC,761647.0,0.0,0.0,0.0,0.0,0,0,0
rpoBC,761648.0,0.0,0.0,0.0,0.0,0,0,0
rpoBC,761649.0,0.0,0.0,0.0,0.0,0,0,0
rpoBC,761650.0,0.0,0.0,0.0,0.0,0,0,0
rpoBC,761651.0,0.0,0.0,0.0,0.0,0,0,0
rpoBC,761652.0,0.0,0.0,0.0,0.0,0,0,0
rpoBC,761653.0,0.0,0.0,0.0,0.0,0,0,0
rpoBC,761654.0,0.0,0.0,0.0,0.0,0,0,0
rpoBC,761655.0,0.0,0.0,0.0,0.0,0,0,0
rpoBC,761656.0,0.0,0.0,0.0,0.0,0,0,0
rpoBC,761657.0,0.0,-0.0070131803,0.0,1.0,0,0,0
rpoBC,761658.0,0.0,0.0,0.0,0.0,0,0,0
rpoBC,761659.0,0.0,0.0,0.0,0.0,0,0,0
rpoBC,761660.0,0.0,0.0,0.0,0.0,0,0,0
rpoBC,761661.0,0.0,0.0,0.0,0.0,0,0,0
rpoBC,761662.0,0.0,0.0,0.0,0.0,0,0,0
rpoBC,761663.0,0.0,0.0,0.0,0.0,0,0,0
rpoBC,761664.0,0.0,0.0,0.0,0.0,0,0,0
rpoBC,761665.0,0.0,0.0,0.0,0.0,0,0,0
rpoBC,761666.0,0.0,0.0,0.0,0.0,0,0,0
rpoBC,761667.0,0.0,0.0,0.0,0.0,0,0,0
rpoBC,761668.0,0.0,0.0,0.0,0.0,0,0,0
rpoBC,761669.0,0.0,0.0,0.0,0.0,0,0,0
rpoBC,761670.0,0.0,0.0,0.0,0.0,0,0,0
rpoBC,761671.0,0.0,0.0,0.0,0.0,0,0,0
rpoBC,761672.0,0.0,0.0,0.0,0.0,0,0,0
rpoBC,761673.0,0.0,0.0,0.0,0.0,0,0,0
rpoBC,761674.0,0.0,0.0,0.0,0.0,0,0,0
rpoBC,761675.0,0.0,0.0,0.0,0.0,0,0,0
rpoBC,761676.0,0.0,0.0,0.0,0.0,0,0,0
rpoBC,761677.0,0.0,0.0,0.0,0.0,0,0,0
rpoBC,761678.0,0.0,0.0,0.0,0.0,0,0,0
rpoBC,761679.0,0.0,0.0,0.0,0.0,0,0,0
rpoBC,761680.0,0.0,0.0,0.0,0.0,0,0,0
rpoBC,761681.0,0.0,0.0,0.0,0.0,0,0,0
rpoBC,761682.0,0.0,0.0,0.0,0.0,0,0,0
rpoBC,761683.0,0.0,0.0,0.0,0.0,0,0,0
rpoBC,761684.0,0.0,0.0,0.0,0.0,0,0,0
rpoBC,761685.0,0.0,0.0,0.0,0.0,0,0,0
rpoBC,761686.0,0.0,0.0,0.0,0.0,0,0,0
rpoBC,761687.0,0.0,0.0,0.0,0.0,0,0,0
rpoBC,761688.0,0.0,0.0,0.0,0.0,0,0,0
rpoBC,761689.0,0.0,0.0,0.0,0.0,0,0,0
rpoBC,761690.0,0.0,0.0,0.0,0.0,0,0,0
rpoBC,761691.0,0.0,0.0,0.0,0.0,0,0,0
rpoBC,761692.0,0.0,0.0,0.0,0.0,0,0,0
rpoBC,761693.0,0.0,0.0,0.0,0.0,0,0,0
rpoBC,761694.0,0.0,0.0,0.0,0.0,0,0,0
rpoBC,761695.0,0.0,0.0,0.0,0.0,0,0,0
rpoBC,761696.0,0.0,0.0,0.0,0.0,0,0,0
rpoBC,761697.0,0.0,0.0,0.0,0.0,0,0,0
rpoBC,761698.0,0.0,-0.0017963854,0.0,0.0,0,0,0
rpoBC,761699.0,0.00057345,0.0,0.0,0.0,0,0,0
rpoBC,761700.0,0.0,0.0,0.0,0.0,0,0,0
rpoBC,761701.0,0.0,0.0,0.0,0.0,0,0,0
rpoBC,761702.0,0.0,0.0,0.0,0.0,0,0,0
rpoBC,761703.0,0.0,0.0,0.0,0.0,0,0,0
rpoBC,761704.0,0.003342584,0.0,1.0,0.0,0,0,0
rpoBC,761705.0,0.0,-0.00012270681,0.0,0.0,0,0,0
rpoBC,761706.0,0.0,0.0,0.0,0.0,0,0,0
rpoBC,761707.0,0.0,-0.0009110989,0.0,0.0,0,0,0
rpoBC,761708.0,0.0,0.0,0.0,0.0,0,0,0
rpoBC,761709.0,0.0,0.0,0.0,0.0,0,0,0
rpoBC,761710.0,0.0,0.0,0.0,0.0,0,0,0
rpoBC,761711.0,0.0,0.0,0.0,0.0,0,0,0
rpoBC,761712.0,0.0,0.0,0.0,0.0,0,0,0
rpoBC,761713.0,0.0,0.0,0.0,0.0,0,0,0
rpoBC,761714.0,0.0,0.0,0.0,0.0,0,0,0
rpoBC,761715.0,0.0,0.0,0.0,0.0,0,0,0
rpoBC,761716.0,0.0,0.0,0.0,0.0,0,0,0
rpoBC,761717.0,0.0,0.0,0.0,0.0,0,0,0
rpoBC,761718.0,0.0,0.0,0.0,0.0,0,0,0
rpoBC,761719.0,0.0,-0.001508747,0.0,0.0,0,0,0
rpoBC,761720.0,0.0,0.0,0.0,0.0,0,0,0
rpoBC,761721.0,0.0,-0.0029062517,0.0,1.0,0,0,0
rpoBC,761722.0,0.0,-0.00027053623,0.0,0.0,0,0,0
rpoBC,761723.0,0.0,0.0,0.0,0.0,0,0,0
rpoBC,761724.0,0.0,0.0,0.0,0.0,0,0,0
rpoBC,761725.0,0.0,0.0,0.0,0.0,0,0,0
rpoBC,761726.0,0.0,0.0,0.0,0.0,0,0,0
rpoBC,761727.0,0.0,0.0,0.0,0.0,0,0,0
rpoBC,761728.0,0.0,0.0,0.0,0.0,0,0,0
rpoBC,761729.0,0.0,0.0,0.0,0.0,0,0,0
rpoBC,761730.0,0.0,0.0,0.0,0.0,0,0,0
rpoBC,761731.0,0.0,0.0,0.0,0.0,0,0,0
rpoBC,761732.0,0.0,0.0,0.0,0.0,0,0,0
rpoBC,761733.0,0.0,0.0,0.0,0.0,0,0,0
rpoBC,761734.0,0.0,0.0,0.0,0.0,0,0,0
rpoBC,761735.0,0.0,0.0,0.0,0.0,0,0,0
rpoBC,761736.0,0.0,0.0,0.0,0.0,0,0,0
rpoBC,761737.0,0.0,0.0,0.0,0.0,0,0,0
rpoBC,761738.0,0.0,0.0,0.0,0.0,0,0,0
rpoBC,761739.0,0.0,0.0,0.0,0.0,0,0,0
rpoBC,761740.0,0.0,0.0,0.0,0.0,0,0,0
rpoBC,761741.0,0.0,0.0,0.0,0.0,0,0,0
rpoBC,761742.0,0.0,0.0,0.0,0.0,0,0,0
rpoBC,761743.0,0.0,0.0,0.0,0.0,0,0,0
rpoBC,761744.0,0.0,0.0,0.0,0.0,0,0,0
rpoBC,761745.0,0.0,0.0,0.0,0.0,0,0,0
rpoBC,761746.0,0.0,0.0,0.0,0.0,0,0,0
rpoBC,761747.0,0.0,0.0,0.0,0.0,0,0,0
rpoBC,761748.0,0.0,0.0,0.0,0.0,0,0,0
rpoBC,761749.0,0.0,0.0,0.0,0.0,0,0,0
rpoBC,761750.0,0.0,0.0,0.0,0.0,0,0,0
rpoBC,761751.0,0.0,0.0,0.0,0.0,0,0,0
rpoBC,761752.0,0.0,0.0,0.0,0.0,0,0,0
rpoBC,761753.0,0.0,0.0,0.0,0.0,0,0,0
rpoBC,761754.0,0.0,0.0,0.0,0.0,0,0,0
rpoBC,761755.0,0.0,0.0,0.0,0.0,0,0,0
rpoBC,761756.0,0.0,0.0,0.0,0.0,0,0,0
rpoBC,761757.0,0.0010174424,0.0,1.0,0.0,0,0,0
rpoBC,761758.0,0.0,0.0,0.0,0.0,0,0,0
rpoBC,761759.0,0.0,0.0,0.0,0.0,0,0,0
rpoBC,761760.0,0.0,0.0,0.0,0.0,0,0,0
rpoBC,761761.0,0.0,0.0,0.0,0.0,0,0,0
rpoBC,761762.0,0.0,0.0,0.0,0.0,0,0,0
rpoBC,761763.0,0.0,0.0,0.0,0.0,0,0,0
rpoBC,761764.0,0.0,0.0,0.0,0.0,0,0,0
rpoBC,761765.0,0.0,0.0,0.0,0.0,0,0,0
rpoBC,761766.0,0.0,0.0,0.0,0.0,0,0,0
rpoBC,761767.0,0.0,0.0,0.0,0.0,0,0,0
rpoBC,761768.0,0.0,0.0,0.0,0.0,0,0,0
rpoBC,761769.0,0.0,0.0,0.0,0.0,0,0,0
rpoBC,761770.0,0.0,0.0,0.0,0.0,0,0,0
rpoBC,761771.0,0.0,0.0,0.0,0.0,0,0,0
rpoBC,761772.0,0.0,0.0,0.0,0.0,0,0,0
rpoBC,761773.0,0.0,0.0,0.0,0.0,0,0,0
rpoBC,761774.0,0.0,0.0,0.0,0.0,0,0,0
rpoBC,761775.0,0.0,0.0,0.0,0.0,0,0,0
rpoBC,761776.0,0.0,0.0,0.0,0.0,0,0,0
rpoBC,761777.0,0.0,0.0,0.0,0.0,0,0,0
rpoBC,761778.0,0.0,0.0,0.0,0.0,0,0,0
rpoBC,761779.0,0.0,0.0,0.0,0.0,0,0,0
rpoBC,761780.0,0.0,0.0,0.0,0.0,0,0,0
rpoBC,761781.0,0.0,0.0,0.0,0.0,0,0,0
rpoBC,761782.0,0.0,0.0,0.0,0.0,0,0,0
rpoBC,761783.0,0.0,0.0,0.0,0.0,0,0,0
rpoBC,761784.0,0.0,0.0,0.0,0.0,0,0,0
rpoBC,761785.0,0.0,-0.009080916,0.0,1.0,0,0,0
rpoBC,761786.0,0.0,0.0,0.0,0.0,0,0,0
rpoBC,761787.0,0.0,0.0,0.0,0.0,0,0,0
rpoBC,761788.0,0.0,0.0,0.0,0.0,0,0,0
rpoBC,761789.0,0.0,0.0,0.0,0.0,0,0,0
rpoBC,761790.0,0.0,0.0,0.0,0.0,0,0,0
rpoBC,761791.0,0.0,0.0,0.0,0.0,0,0,0
rpoBC,761792.0,0.0,0.0,0.0,0.0,0,0,0
rpoBC,761793.0,0.0,0.0,0.0,0.0,0,0,0
rpoBC,761794.0,0.0,0.0,0.0,0.0,0,0,0
rpoBC,761795.0,0.0,0.0,0.0,0.0,0,0,0
rpoBC,761796.0,0.0,0.0,0.0,0.0,0,0,0
rpoBC,761797.0,0.0,0.0,0.0,0.0,0,0,0
rpoBC,761798.0,0.0,0.0,0.0,0.0,0,0,0
rpoBC,761799.0,0.0,0.0,0.0,0.0,0,0,0
rpoBC,761800.0,0.0,0.0,0.0,0.0,0,0,0
rpoBC,761801.0,0.0,0.0,0.0,0.0,0,0,0
rpoBC,761802.0,0.0,0.0,0.0,0.0,0,0,0
rpoBC,761803.0,0.0,0.0,0.0,0.0,0,0,0
rpoBC,761804.0,0.0,0.0,0.0,0.0,0,0,0
rpoBC,761805.0,0.0,0.0,0.0,0.0,0,0,0
rpoBC,761806.0,0.0,0.0,0.0,0.0,0,0,0
rpoBC,761807.0,0.0,0.0,0.0,0.0,0,0,0
rpoBC,761808.0,0.0,0.0,0.0,0.0,0,0,0
rpoBC,761809.0,0.0,0.0,0.0,0.0,0,0,0
rpoBC,761810.0,0.00018504116,0.0,0.0,0.0,0,0,0
rpoBC,761811.0,0.0,0.0,0.0,0.0,0,0,0
rpoBC,761812.0,0.0,0.0,0.0,0.0,0,0,0
rpoBC,761813.0,0.0049017277,0.0,0.0,0.0,0,0,0
rpoBC,rpoBC_55,0.012951756,0.0,1.0,0.0,0,0,0
rpoBC,rpoBC_56,0.0009376495,0.0,0.0,0.0,0,0,0
rpoBC,rpoBC_57,0.013636176,0.0,1.0,0.0,0,0,0
rpoBC,761814.0,0.0,0.0,0.0,0.0,0,0,0
rpoBC,761815.0,0.0,0.0,0.0,0.0,0,0,0
rpoBC,761816.0,0.0,0.0,0.0,0.0,0,0,0
rpoBC,761817.0,0.0,0.0,0.0,0.0,0,0,0
rpoBC,761818.0,0.0,0.0,0.0,0.0,0,0,0
rpoBC,761819.0,0.0,0.0,0.0,0.0,0,0,0
rpoBC,761820.0,0.0,0.0,0.0,0.0,0,0,0
rpoBC,761821.0,0.0,-0.00871121,0.0,1.0,0,0,0
rpoBC,761822.0,0.0,0.0,0.0,0.0,0,0,0
rpoBC,761823.0,0.0,0.0,0.0,0.0,0,0,0
rpoBC,761824.0,0.0,0.0,0.0,0.0,0,0,0
rpoBC,761825.0,0.0,0.0,0.0,0.0,0,0,0
rpoBC,761826.0,0.0,0.0,0.0,0.0,0,0,0
rpoBC,761827.0,0.0,-0.012666084,0.0,1.0,0,0,0
rpoBC,761828.0,0.0,0.0,0.0,0.0,0,0,0
rpoBC,761829.0,0.0,0.0,0.0,0.0,0,0,0
rpoBC,761830.0,0.0050914395,0.0,1.0,0.0,0,0,0
rpoBC,761831.0,0.0,0.0,0.0,0.0,0,0,0
rpoBC,761832.0,0.0009125766,0.0,0.0,0.0,0,0,0
rpoBC,761833.0,0.0032162175,0.0,1.0,0.0,0,0,0
rpoBC,761834.0,0.0,0.0,0.0,0.0,0,0,0
rpoBC,761835.0,0.0,0.0,0.0,0.0,0,0,0
rpoBC,761836.0,0.0,0.0,0.0,0.0,0,0,0
rpoBC,761837.0,0.0,0.0,0.0,0.0,0,0,0
rpoBC,761838.0,0.0,0.0,0.0,0.0,0,0,0
rpoBC,761839.0,0.0,0.0,0.0,0.0,0,0,0
rpoBC,761840.0,0.0,0.0,0.0,0.0,0,0,0
rpoBC,761841.0,0.0,0.0,0.0,0.0,0,0,0
rpoBC,761842.0,0.0,0.0,0.0,0.0,0,0,0
rpoBC,761843.0,0.0,0.0,0.0,0.0,0,0,0
rpoBC,761844.0,0.0,0.0,0.0,0.0,0,0,0
rpoBC,761845.0,0.0,0.0,0.0,0.0,0,0,0
rpoBC,761846.0,0.0,0.0,0.0,0.0,0,0,0
rpoBC,761847.0,0.0,-0.0008873916,0.0,0.0,0,0,0
rpoBC,761848.0,0.0,0.0,0.0,0.0,0,0,0
rpoBC,761849.0,0.0,0.0,0.0,0.0,0,0,0
rpoBC,761850.0,0.0,0.0,0.0,0.0,0,0,0
rpoBC,761851.0,0.0,0.0,0.0,0.0,0,0,0
rpoBC,761852.0,0.0,0.0,0.0,0.0,0,0,0
rpoBC,761853.0,0.0,0.0,0.0,0.0,0,0,0
rpoBC,761854.0,0.0,0.0,0.0,0.0,0,0,0
rpoBC,761855.0,0.0,0.0,0.0,0.0,0,0,0
rpoBC,761856.0,0.0,0.0,0.0,0.0,0,0,0
rpoBC,761857.0,0.0,0.0,0.0,0.0,0,0,0
rpoBC,761858.0,0.0,0.0,0.0,0.0,0,0,0
rpoBC,761859.0,0.0,0.0,0.0,0.0,0,0,0
rpoBC,761860.0,0.0,0.0,0.0,0.0,0,0,0
rpoBC,761861.0,0.0,0.0,0.0,0.0,0,0,0
rpoBC,761862.0,0.0,-0.008416079,0.0,1.0,0,0,0
rpoBC,761863.0,0.0,0.0,0.0,0.0,0,0,0
rpoBC,761864.0,0.001062063,-0.0057669263,0.0,1.0,0,0,0
rpoBC,761865.0,0.0,0.0,0.0,0.0,0,0,0
rpoBC,761866.0,0.0,0.0,0.0,0.0,0,0,0
rpoBC,761867.0,0.0,0.0,0.0,0.0,0,0,0
rpoBC,761868.0,0.0,0.0,0.0,0.0,0,0,0
rpoBC,761869.0,0.0,0.0,0.0,0.0,0,0,0
rpoBC,761870.0,0.0,0.0,0.0,0.0,0,0,0
rpoBC,761871.0,0.0,0.0,0.0,0.0,0,0,0
rpoBC,761872.0,0.0,0.0,0.0,0.0,0,0,0
rpoBC,761873.0,0.0,0.0,0.0,0.0,0,0,0
rpoBC,761874.0,0.0,0.0,0.0,0.0,0,0,0
rpoBC,761875.0,0.0,0.0,0.0,0.0,0,0,0
rpoBC,761876.0,0.0,0.0,0.0,0.0,0,0,0
rpoBC,761877.0,0.0,0.0,0.0,0.0,0,0,0
rpoBC,761878.0,0.0,0.0,0.0,0.0,0,0,0
rpoBC,761879.0,0.0,0.0,0.0,0.0,0,0,0
rpoBC,761880.0,0.022374053,0.0,0.0,0.0,0,0,0
rpoBC,761881.0,0.0,0.0,0.0,0.0,0,0,0
rpoBC,761882.0,0.0,0.0,0.0,0.0,0,0,0
rpoBC,761883.0,0.0,0.0,0.0,0.0,0,0,0
rpoBC,761884.0,0.0,0.0,0.0,0.0,0,0,0
rpoBC,761885.0,0.0,0.0,0.0,0.0,0,0,0
rpoBC,761886.0,0.0,0.0,0.0,0.0,0,0,0
rpoBC,761887.0,0.0,0.0,0.0,0.0,0,0,0
rpoBC,761888.0,0.0,0.0,0.0,0.0,0,0,0
rpoBC,761889.0,0.016733991,0.0,0.0,0.0,0,0,0
rpoBC,761890.0,0.0,0.0,0.0,0.0,0,0,0
rpoBC,761891.0,0.0,0.0,0.0,0.0,0,0,0
rpoBC,761892.0,0.0,0.0,0.0,0.0,0,0,0
rpoBC,761893.0,0.0,0.0,0.0,0.0,0,0,0
rpoBC,761894.0,0.0,0.0,0.0,0.0,0,0,0
rpoBC,761895.0,0.0,0.0,0.0,0.0,0,0,0
rpoBC,761896.0,0.0,0.0,0.0,0.0,0,0,0
rpoBC,761897.0,0.0,0.0,0.0,0.0,0,0,0
rpoBC,761898.0,0.0,0.0,0.0,0.0,0,0,0
rpoBC,761899.0,0.0,0.0,0.0,0.0,0,0,0
rpoBC,761900.0,0.0,0.0,0.0,0.0,0,0,0
rpoBC,761901.0,0.0015629181,0.0,0.0,0.0,0,0,0
rpoBC,761902.0,0.0,0.0,0.0,0.0,0,0,0
rpoBC,761903.0,0.0,0.0,0.0,0.0,0,0,0
rpoBC,761904.0,0.0,0.0,0.0,0.0,0,0,0
rpoBC,761905.0,0.00021367543,0.0,0.0,0.0,0,0,0
rpoBC,761906.0,0.0,0.0,0.0,0.0,0,0,0
rpoBC,761907.0,0.0,0.0,0.0,0.0,0,0,0
rpoBC,761908.0,0.0,0.0,0.0,0.0,0,0,0
rpoBC,761909.0,0.0,0.0,0.0,0.0,0,0,0
rpoBC,761910.0,0.0,0.0,0.0,0.0,0,0,0
rpoBC,761911.0,0.026323589,0.0,1.0,0.0,0,0,0
rpoBC,761912.0,0.0,0.0,0.0,0.0,0,0,0
rpoBC,761913.0,0.0,0.0,0.0,0.0,0,0,0
rpoBC,761914.0,0.0,0.0,0.0,0.0,0,0,0
rpoBC,761915.0,0.0,0.0,0.0,0.0,0,0,0
rpoBC,761916.0,0.0,0.0,0.0,0.0,0,0,0
rpoBC,761917.0,0.0,0.0,0.0,0.0,0,0,0
rpoBC,761918.0,0.0,0.0,0.0,0.0,0,0,0
rpoBC,761919.0,0.0,0.0,0.0,0.0,0,0,0
rpoBC,761920.0,0.0,0.0,0.0,0.0,0,0,0
rpoBC,761921.0,0.0,0.0,0.0,0.0,0,0,0
rpoBC,761922.0,0.0,0.0,0.0,0.0,0,0,0
rpoBC,761923.0,0.0,0.0,0.0,0.0,0,0,0
rpoBC,761924.0,0.0,0.0,0.0,0.0,0,0,0
rpoBC,761925.0,0.0,0.0,0.0,0.0,0,0,0
rpoBC,761926.0,0.0,0.0,0.0,0.0,0,0,0
rpoBC,761927.0,0.0,0.0,0.0,0.0,0,0,0
rpoBC,761928.0,0.0,0.0,0.0,0.0,0,0,0
rpoBC,761929.0,0.0,0.0,0.0,0.0,0,0,0
rpoBC,761930.0,0.0,0.0,0.0,0.0,0,0,0
rpoBC,761931.0,0.0,0.0,0.0,0.0,0,0,0
rpoBC,761932.0,0.0,0.0,0.0,0.0,0,0,0
rpoBC,761933.0,0.0,0.0,0.0,0.0,0,0,0
rpoBC,761934.0,0.0,0.0,0.0,0.0,0,0,0
rpoBC,761935.0,0.0,0.0,0.0,0.0,0,0,0
rpoBC,761936.0,0.0,0.0,0.0,0.0,0,0,0
rpoBC,761937.0,0.0,0.0,0.0,0.0,0,0,0
rpoBC,761938.0,0.0,0.0,0.0,0.0,0,0,0
rpoBC,761939.0,0.0,0.0,0.0,0.0,0,0,0
rpoBC,761940.0,0.0,0.0,0.0,0.0,0,0,0
rpoBC,761941.0,0.0,0.0,0.0,0.0,0,0,0
rpoBC,761942.0,0.0,-0.00039502958,0.0,0.0,0,0,0
rpoBC,761943.0,0.0,0.0,0.0,0.0,0,0,0
rpoBC,761944.0,0.0,0.0,0.0,0.0,0,0,0
rpoBC,761945.0,0.0,0.0,0.0,0.0,0,0,0
rpoBC,761946.0,0.0,0.0,0.0,0.0,0,0,0
rpoBC,761947.0,0.0,0.0,0.0,0.0,0,0,0
rpoBC,761948.0,0.0,0.0,0.0,0.0,0,0,0
rpoBC,761949.0,0.0,0.0,0.0,0.0,0,0,0
rpoBC,761950.0,0.0,0.0,0.0,0.0,0,0,0
rpoBC,761951.0,0.0,0.0,0.0,0.0,0,0,0
rpoBC,761952.0,0.0,0.0,0.0,0.0,0,0,0
rpoBC,761953.0,0.0,0.0,0.0,0.0,0,0,0
rpoBC,761954.0,0.0,0.0,0.0,0.0,0,0,0
rpoBC,761955.0,0.0,0.0,0.0,0.0,0,0,0
rpoBC,761956.0,0.0,0.0,0.0,0.0,0,0,0
rpoBC,761957.0,0.0,0.0,0.0,0.0,0,0,0
rpoBC,761958.0,0.0,0.0,0.0,0.0,0,0,0
rpoBC,761959.0,0.0,0.0,0.0,0.0,0,0,0
rpoBC,761960.0,0.0,0.0,0.0,0.0,0,0,0
rpoBC,761961.0,0.0,0.0,0.0,0.0,0,0,0
rpoBC,761962.0,0.0,0.0,0.0,0.0,0,0,0
rpoBC,761963.0,0.0,0.0,0.0,0.0,0,0,0
rpoBC,761964.0,0.0,0.0,0.0,0.0,0,0,0
rpoBC,761965.0,0.0,0.0,0.0,0.0,0,0,0
rpoBC,761966.0,0.0,0.0,0.0,0.0,0,0,0
rpoBC,761967.0,0.0,0.0,0.0,0.0,0,0,0
rpoBC,761968.0,0.0,0.0,0.0,0.0,0,0,0
rpoBC,761969.0,0.002384711,0.0,1.0,0.0,0,0,0
rpoBC,761970.0,0.0,0.0,0.0,0.0,0,0,0
rpoBC,761971.0,0.0,0.0,0.0,0.0,0,0,0
rpoBC,761972.0,0.0,0.0,0.0,0.0,0,0,0
rpoBC,761973.0,0.0,-0.0031693794,0.0,1.0,0,0,0
rpoBC,761974.0,0.0,0.0,0.0,0.0,0,0,0
rpoBC,761975.0,0.0,0.0,0.0,0.0,0,0,0
rpoBC,761976.0,0.0,0.0,0.0,0.0,0,0,0
rpoBC,761977.0,0.0,0.0,0.0,0.0,0,0,0
rpoBC,761978.0,0.0,0.0,0.0,0.0,0,0,0
rpoBC,761979.0,0.0,0.0,0.0,0.0,0,0,0
rpoBC,761980.0,0.0,0.0,0.0,0.0,0,0,0
rpoBC,761981.0,0.0,0.0,0.0,0.0,0,0,0
rpoBC,761982.0,0.0,0.0,0.0,0.0,0,0,0
rpoBC,761983.0,0.0,0.0,0.0,0.0,0,0,0
rpoBC,761984.0,0.0,0.0,0.0,0.0,0,0,0
rpoBC,761985.0,0.0,0.0,0.0,0.0,0,0,0
rpoBC,761986.0,0.0,0.0,0.0,0.0,0,0,0
rpoBC,761987.0,0.0,0.0,0.0,0.0,0,0,0
rpoBC,761988.0,0.0,0.0,0.0,0.0,0,0,0
rpoBC,761989.0,0.0,0.0,0.0,0.0,0,0,0
rpoBC,761990.0,0.0,0.0,0.0,0.0,0,0,0
rpoBC,761991.0,0.0,0.0,0.0,0.0,0,0,0
rpoBC,761992.0,0.0,0.0,0.0,0.0,0,0,0
rpoBC,761993.0,0.0,0.0,0.0,0.0,0,0,0
rpoBC,761994.0,0.0,0.0,0.0,0.0,0,0,0
rpoBC,761995.0,0.0,0.0,0.0,0.0,0,0,0
rpoBC,761996.0,0.0,0.0,0.0,0.0,0,0,0
rpoBC,761997.0,0.0,0.0,0.0,0.0,0,0,0
rpoBC,761998.0,0.0042384714,0.0,0.0,0.0,0,0,0
rpoBC,761999.0,0.0,0.0,0.0,0.0,0,0,0
rpoBC,762000.0,0.0,0.0,0.0,0.0,0,0,0
rpoBC,762001.0,0.0,0.0,0.0,0.0,0,0,0
rpoBC,762002.0,0.0,-0.008959717,0.0,1.0,0,0,0
rpoBC,762003.0,0.0,0.0,0.0,0.0,0,0,0
rpoBC,762004.0,0.0,0.0,0.0,0.0,0,0,0
rpoBC,762005.0,0.0,0.0,0.0,0.0,0,0,0
rpoBC,762006.0,0.0,0.0,0.0,0.0,0,0,0
rpoBC,762007.0,0.0,0.0,0.0,0.0,0,0,0
rpoBC,762008.0,0.0,0.0,0.0,0.0,0,0,0
rpoBC,762009.0,0.0,0.0,0.0,0.0,0,0,0
rpoBC,762010.0,0.0,0.0,0.0,0.0,0,0,0
rpoBC,762011.0,0.0,0.0,0.0,0.0,0,0,0
rpoBC,762012.0,0.0,0.0,0.0,0.0,0,0,0
rpoBC,762013.0,0.0,0.0,0.0,0.0,0,0,0
rpoBC,762014.0,0.0,0.0,0.0,0.0,0,0,0
rpoBC,762015.0,0.0,0.0,0.0,0.0,0,0,0
rpoBC,762016.0,0.0,0.0,0.0,0.0,0,0,0
rpoBC,762017.0,0.0,0.0,0.0,0.0,0,0,0
rpoBC,762018.0,0.0,0.0,0.0,0.0,0,0,0
rpoBC,762019.0,0.0,-0.0033868775,0.0,1.0,0,0,0
rpoBC,762020.0,0.0,0.0,0.0,0.0,0,0,0
rpoBC,762021.0,0.0,0.0,0.0,0.0,0,0,0
rpoBC,762022.0,0.0,0.0,0.0,0.0,0,0,0
rpoBC,762023.0,0.0,0.0,0.0,0.0,0,0,0
rpoBC,762024.0,0.0,0.0,0.0,0.0,0,0,0
rpoBC,762025.0,0.0,0.0,0.0,0.0,0,0,0
rpoBC,762026.0,0.0,0.0,0.0,0.0,0,0,0
rpoBC,762027.0,0.0,0.0,0.0,0.0,0,0,0
rpoBC,762028.0,0.0,0.0,0.0,0.0,0,0,0
rpoBC,762029.0,0.0,0.0,0.0,0.0,0,0,0
rpoBC,762030.0,0.0,0.0,0.0,0.0,0,0,0
rpoBC,762031.0,0.0,0.0,0.0,0.0,0,0,0
rpoBC,762032.0,0.0,0.0,0.0,0.0,0,0,0
rpoBC,762033.0,0.0,0.0,0.0,0.0,0,0,0
rpoBC,762034.0,0.0,0.0,0.0,0.0,0,0,0
rpoBC,762035.0,0.0,0.0,0.0,0.0,0,0,0
rpoBC,762036.0,0.0,0.0,0.0,0.0,0,0,0
rpoBC,762037.0,0.0,0.0,0.0,0.0,0,0,0
rpoBC,762038.0,0.0,0.0,0.0,0.0,0,0,0
rpoBC,762039.0,0.0,0.0,0.0,0.0,0,0,0
rpoBC,762040.0,0.0,0.0,0.0,0.0,0,0,0
rpoBC,762041.0,0.0,0.0,0.0,0.0,0,0,0
rpoBC,762042.0,0.0,0.0,0.0,0.0,0,0,0
rpoBC,762043.0,0.0,0.0,0.0,0.0,0,0,0
rpoBC,762044.0,0.0,0.0,0.0,0.0,0,0,0
rpoBC,762045.0,0.0,0.0,0.0,0.0,0,0,0
rpoBC,762046.0,0.0,0.0,0.0,0.0,0,0,0
rpoBC,762047.0,0.0,0.0,0.0,0.0,0,0,0
rpoBC,762048.0,0.0,0.0,0.0,0.0,0,0,0
rpoBC,762049.0,0.0,0.0,0.0,0.0,0,0,0
rpoBC,762050.0,0.0,0.0,0.0,0.0,0,0,0
rpoBC,762051.0,0.0017772866,0.0,1.0,0.0,0,0,0
rpoBC,762052.0,0.0,0.0,0.0,0.0,0,0,0
rpoBC,762053.0,0.0,0.0,0.0,0.0,0,0,0
rpoBC,762054.0,0.0026883618,0.0,1.0,0.0,0,0,0
rpoBC,762055.0,0.0,0.0,0.0,0.0,0,0,0
rpoBC,762056.0,0.0,0.0,0.0,0.0,0,0,0
rpoBC,762057.0,0.0,0.0,0.0,0.0,0,0,0
rpoBC,762058.0,0.0,0.0,0.0,0.0,0,0,0
rpoBC,762059.0,0.0,0.0,0.0,0.0,0,0,0
rpoBC,762060.0,0.0,0.0,0.0,0.0,0,0,0
rpoBC,762061.0,0.0,0.0,0.0,0.0,0,0,0
rpoBC,762062.0,0.0,0.0,0.0,0.0,0,0,0
rpoBC,762063.0,0.0,-0.0006032022,0.0,1.0,0,0,0
rpoBC,762064.0,0.0,-0.001130356,0.0,1.0,0,0,0
rpoBC,762065.0,0.0,0.0,0.0,0.0,0,0,0
rpoBC,762066.0,0.0,0.0,0.0,0.0,0,0,0
rpoBC,762067.0,0.0,0.0,0.0,0.0,0,0,0
rpoBC,762068.0,0.0,0.0,0.0,0.0,0,0,0
rpoBC,762069.0,0.0,0.0,0.0,0.0,0,0,0
rpoBC,762070.0,0.0,0.0,0.0,0.0,0,0,0
rpoBC,762071.0,0.0,0.0,0.0,0.0,0,0,0
rpoBC,762072.0,0.0,-0.003267852,0.0,1.0,0,0,0
rpoBC,762073.0,0.0,0.0,0.0,0.0,0,0,0
rpoBC,762074.0,0.0,0.0,0.0,0.0,0,0,0
rpoBC,762075.0,0.0,0.0,0.0,0.0,0,0,0
rpoBC,762076.0,0.0,0.0,0.0,0.0,0,0,0
rpoBC,762077.0,0.0,0.0,0.0,0.0,0,0,0
rpoBC,762078.0,0.0,0.0,0.0,0.0,0,0,0
rpoBC,762079.0,0.0,0.0,0.0,0.0,0,0,0
rpoBC,762080.0,0.0,0.0,0.0,0.0,0,0,0
rpoBC,762081.0,0.0,0.0,0.0,0.0,0,0,0
rpoBC,762082.0,0.0,0.0,0.0,0.0,0,0,0
rpoBC,762083.0,0.0,0.0,0.0,0.0,0,0,0
rpoBC,762084.0,0.0,0.0,0.0,0.0,0,0,0
rpoBC,762085.0,0.0,0.0,0.0,0.0,0,0,0
rpoBC,762086.0,0.0,0.0,0.0,0.0,0,0,0
rpoBC,762087.0,0.0,0.0,0.0,0.0,0,0,0
rpoBC,762088.0,0.0,0.0,0.0,0.0,0,0,0
rpoBC,762089.0,0.0055011977,-0.0026373072,1.0,1.0,0,0,0
rpoBC,762090.0,0.0,0.0,0.0,0.0,0,0,0
rpoBC,762091.0,0.0,0.0,0.0,0.0,0,0,0
rpoBC,762092.0,0.0,0.0,0.0,0.0,0,0,0
rpoBC,762093.0,0.0,0.0,0.0,0.0,0,0,0
rpoBC,762094.0,0.0,0.0,0.0,0.0,0,0,0
rpoBC,762095.0,0.0,0.0,0.0,0.0,0,0,0
rpoBC,762096.0,0.0,0.0,0.0,0.0,0,0,0
rpoBC,762097.0,0.0,0.0,0.0,0.0,0,0,0
rpoBC,762098.0,0.0,0.0,0.0,0.0,0,0,0
rpoBC,762099.0,0.0,0.0,0.0,0.0,0,0,0
rpoBC,762100.0,0.0,0.0,0.0,0.0,0,0,0
rpoBC,762101.0,0.0012980097,0.0,1.0,0.0,0,0,0
rpoBC,762102.0,0.0,0.0,0.0,0.0,0,0,0
rpoBC,762103.0,0.0,0.0,0.0,0.0,0,0,0
rpoBC,762104.0,0.0,0.0,0.0,0.0,0,0,0
rpoBC,762105.0,0.0,0.0,0.0,0.0,0,0,0
rpoBC,762106.0,0.0,0.0,0.0,0.0,0,0,0
rpoBC,762107.0,0.0,0.0,0.0,0.0,0,0,0
rpoBC,762108.0,0.0,0.0,0.0,0.0,0,0,0
rpoBC,762109.0,0.0,0.0,0.0,0.0,0,0,0
rpoBC,762110.0,0.0,0.0,0.0,0.0,0,0,0
rpoBC,762111.0,0.0,0.0,0.0,0.0,0,0,0
rpoBC,762112.0,0.0,0.0,0.0,0.0,0,0,0
rpoBC,762113.0,0.0,0.0,0.0,0.0,0,0,0
rpoBC,762114.0,0.0,0.0,0.0,0.0,0,0,0
rpoBC,762115.0,0.0,0.0,0.0,0.0,0,0,0
rpoBC,762116.0,0.0,0.0,0.0,0.0,0,0,0
rpoBC,762117.0,0.0,0.0,0.0,0.0,0,0,0
rpoBC,762118.0,0.0,0.0,0.0,0.0,0,0,0
rpoBC,762119.0,0.0,0.0,0.0,0.0,0,0,0
rpoBC,762120.0,0.0,0.0,0.0,0.0,0,0,0
rpoBC,762121.0,0.0,0.0,0.0,0.0,0,0,0
rpoBC,762122.0,0.0,0.0,0.0,0.0,0,0,0
rpoBC,762123.0,0.0,0.0,0.0,0.0,0,0,0
rpoBC,762124.0,0.0,0.0,0.0,0.0,0,0,0
rpoBC,762125.0,0.0,0.0,0.0,0.0,0,0,0
rpoBC,762126.0,0.0,0.0,0.0,0.0,0,0,0
rpoBC,762127.0,0.0,0.0,0.0,0.0,0,0,0
rpoBC,762128.0,0.0,0.0,0.0,0.0,0,0,0
rpoBC,762129.0,0.0,0.0,0.0,0.0,0,0,0
rpoBC,762130.0,0.0,0.0,0.0,0.0,0,0,0
rpoBC,762131.0,0.0,0.0,0.0,0.0,0,0,0
rpoBC,762132.0,0.0,0.0,0.0,0.0,0,0,0
rpoBC,762133.0,0.0,0.0,0.0,0.0,0,0,0
rpoBC,762134.0,0.0,0.0,0.0,0.0,0,0,0
rpoBC,762135.0,0.0,0.0,0.0,0.0,0,0,0
rpoBC,762136.0,0.0,0.0,0.0,0.0,0,0,0
rpoBC,762137.0,0.0,0.0,0.0,0.0,0,0,0
rpoBC,762138.0,0.0,-0.004932039,0.0,1.0,0,0,0
rpoBC,762139.0,0.0,0.0,0.0,0.0,0,0,0
rpoBC,762140.0,0.0,0.0,0.0,0.0,0,0,0
rpoBC,762141.0,0.0,0.0,0.0,0.0,0,0,0
rpoBC,762142.0,0.0,0.0,0.0,0.0,0,0,0
rpoBC,762143.0,0.0,0.0,0.0,0.0,0,0,0
rpoBC,762144.0,0.0,0.0,0.0,0.0,0,0,0
rpoBC,762145.0,0.0,0.0,0.0,0.0,0,0,0
rpoBC,762146.0,0.0,0.0,0.0,0.0,0,0,0
rpoBC,762147.0,0.0,0.0,0.0,0.0,0,0,0
rpoBC,762148.0,0.0,0.0,0.0,0.0,0,0,0
rpoBC,762149.0,0.0,0.0,0.0,0.0,0,0,0
rpoBC,762150.0,0.0,0.0,0.0,0.0,0,0,0
rpoBC,762151.0,0.0,0.0,0.0,0.0,0,0,0
rpoBC,762152.0,0.0,0.0,0.0,0.0,0,0,0
rpoBC,762153.0,0.0,0.0,0.0,0.0,0,0,0
rpoBC,762154.0,0.0,0.0,0.0,0.0,0,0,0
rpoBC,762155.0,0.0,0.0,0.0,0.0,0,0,0
rpoBC,762156.0,0.0,0.0,0.0,0.0,0,0,0
rpoBC,762157.0,0.0,0.0,0.0,0.0,0,0,0
rpoBC,762158.0,0.0,0.0,0.0,0.0,0,0,0
rpoBC,762159.0,0.0,0.0,0.0,0.0,0,0,0
rpoBC,762160.0,0.0,0.0,0.0,0.0,0,0,0
rpoBC,762161.0,0.0,0.0,0.0,0.0,0,0,0
rpoBC,762162.0,0.0,0.0,0.0,0.0,0,0,0
rpoBC,762163.0,0.0,0.0,0.0,0.0,0,0,0
rpoBC,762164.0,0.0,0.0,0.0,0.0,0,0,0
rpoBC,762165.0,0.0,0.0,0.0,0.0,0,0,0
rpoBC,762166.0,0.0,0.0,0.0,0.0,0,0,0
rpoBC,762167.0,1.7939921e-05,-0.0033454788,0.0,1.0,0,0,0
rpoBC,762168.0,0.0,0.0,0.0,0.0,0,0,0
rpoBC,762169.0,0.0,0.0,0.0,0.0,0,0,0
rpoBC,762170.0,0.0,0.0,0.0,0.0,0,0,0
rpoBC,762171.0,0.0,0.0,0.0,0.0,0,0,0
rpoBC,762172.0,0.0,0.0,0.0,0.0,0,0,0
rpoBC,762173.0,0.0,0.0,0.0,0.0,0,0,0
rpoBC,762174.0,0.0,0.0,0.0,0.0,0,0,0
rpoBC,762175.0,0.0,0.0,0.0,0.0,0,0,0
rpoBC,762176.0,0.0,0.0,0.0,0.0,0,0,0
rpoBC,762177.0,0.0,-0.0052339653,0.0,1.0,0,0,0
rpoBC,762178.0,0.0,0.0,0.0,0.0,0,0,0
rpoBC,762179.0,0.0,0.0,0.0,0.0,0,0,0
rpoBC,762180.0,0.0,0.0,0.0,0.0,0,0,0
rpoBC,762181.0,0.0,0.0,0.0,0.0,0,0,0
rpoBC,762182.0,0.0,0.0,0.0,0.0,0,0,0
rpoBC,762183.0,0.0,0.0,0.0,0.0,0,0,0
rpoBC,762184.0,0.0,0.0,0.0,0.0,0,0,0
rpoBC,762185.0,0.0,0.0,0.0,0.0,0,0,0
rpoBC,762186.0,0.0,0.0,0.0,0.0,0,0,0
rpoBC,762187.0,0.0,0.0,0.0,0.0,0,0,0
rpoBC,762188.0,0.0,0.0,0.0,0.0,0,0,0
rpoBC,762189.0,0.0,0.0,0.0,0.0,0,0,0
rpoBC,762190.0,0.0,0.0,0.0,0.0,0,0,0
rpoBC,762191.0,0.0,0.0,0.0,0.0,0,0,0
rpoBC,762192.0,0.0,0.0,0.0,0.0,0,0,0
rpoBC,762193.0,0.0,0.0,0.0,0.0,0,0,0
rpoBC,762194.0,0.0,0.0,0.0,0.0,0,0,0
rpoBC,762195.0,0.0,0.0,0.0,0.0,0,0,0
rpoBC,762196.0,0.0,0.0,0.0,0.0,0,0,0
rpoBC,762197.0,0.0,0.0,0.0,0.0,0,0,0
rpoBC,762198.0,0.0,0.0,0.0,0.0,0,0,0
rpoBC,762199.0,0.0,0.0,0.0,0.0,0,0,0
rpoBC,762200.0,0.0,0.0,0.0,0.0,0,0,0
rpoBC,762201.0,0.0015853175,0.0,1.0,0.0,0,0,0
rpoBC,762202.0,0.0,0.0,0.0,0.0,0,0,0
rpoBC,762203.0,0.0,0.0,0.0,0.0,0,0,0
rpoBC,762204.0,0.0,0.0,0.0,0.0,0,0,0
rpoBC,762205.0,0.0,0.0,0.0,0.0,0,0,0
rpoBC,762206.0,0.0,0.0,0.0,0.0,0,0,0
rpoBC,762207.0,0.0,0.0,0.0,0.0,0,0,0
rpoBC,762208.0,0.0,0.0,0.0,0.0,0,0,0
rpoBC,762209.0,0.0,0.0,0.0,0.0,0,0,0
rpoBC,762210.0,0.0,0.0,0.0,0.0,0,0,0
rpoBC,762211.0,0.0,0.0,0.0,0.0,0,0,0
rpoBC,762212.0,0.0,-0.0027692816,0.0,1.0,0,0,0
rpoBC,762213.0,0.0,0.0,0.0,0.0,0,0,0
rpoBC,762214.0,0.0,0.0,0.0,0.0,0,0,0
rpoBC,762215.0,0.0,0.0,0.0,0.0,0,0,0
rpoBC,762216.0,0.0,0.0,0.0,0.0,0,0,0
rpoBC,762217.0,0.0,0.0,0.0,0.0,0,0,0
rpoBC,762218.0,0.0,0.0,0.0,0.0,0,0,0
rpoBC,762219.0,0.0,0.0,0.0,0.0,0,0,0
rpoBC,762220.0,0.0,0.0,0.0,0.0,0,0,0
rpoBC,762221.0,0.0,0.0,0.0,0.0,0,0,0
rpoBC,762222.0,0.0,0.0,0.0,0.0,0,0,0
rpoBC,762223.0,0.0,0.0,0.0,0.0,0,0,0
rpoBC,762224.0,0.0,0.0,0.0,0.0,0,0,0
rpoBC,762225.0,0.0,0.0,0.0,0.0,0,0,0
rpoBC,762226.0,0.00017078352,0.0,0.0,0.0,0,0,0
rpoBC,762227.0,0.0,0.0,0.0,0.0,0,0,0
rpoBC,762228.0,0.0,0.0,0.0,0.0,0,0,0
rpoBC,762229.0,0.0,0.0,0.0,0.0,0,0,0
rpoBC,762230.0,0.0,0.0,0.0,0.0,0,0,0
rpoBC,762231.0,0.0,0.0,0.0,0.0,0,0,0
rpoBC,762232.0,0.0,0.0,0.0,0.0,0,0,0
rpoBC,762233.0,0.0034477739,0.0,1.0,0.0,0,0,0
rpoBC,762234.0,0.0,0.0,0.0,0.0,0,0,0
rpoBC,762235.0,0.0,0.0,0.0,0.0,0,0,0
rpoBC,762236.0,0.0,0.0,0.0,0.0,0,0,0
rpoBC,762237.0,0.0,0.0,0.0,0.0,0,0,0
rpoBC,762238.0,0.0,0.0,0.0,0.0,0,0,0
rpoBC,762239.0,0.0,0.0,0.0,0.0,0,0,0
rpoBC,762240.0,0.0,0.0,0.0,0.0,0,0,0
rpoBC,762241.0,0.0,0.0,0.0,0.0,0,0,0
rpoBC,762242.0,0.0,0.0,0.0,0.0,0,0,0
rpoBC,762243.0,0.0,0.0,0.0,0.0,0,0,0
rpoBC,762244.0,0.0,0.0,0.0,0.0,0,0,0
rpoBC,762245.0,0.0,0.0,0.0,0.0,0,0,0
rpoBC,762246.0,0.0,0.0,0.0,0.0,0,0,0
rpoBC,762247.0,0.0,0.0,0.0,0.0,0,0,0
rpoBC,762248.0,0.0,0.0,0.0,0.0,0,0,0
rpoBC,762249.0,0.0,0.0,0.0,0.0,0,0,0
rpoBC,762250.0,0.0,0.0,0.0,0.0,0,0,0
rpoBC,762251.0,0.0,0.0,0.0,0.0,0,0,0
rpoBC,762252.0,0.0,0.0,0.0,0.0,0,0,0
rpoBC,762253.0,0.0,0.0,0.0,0.0,0,0,0
rpoBC,762254.0,0.0,0.0,0.0,0.0,0,0,0
rpoBC,762255.0,0.0,0.0,0.0,0.0,0,0,0
rpoBC,762256.0,0.0,0.0,0.0,0.0,0,0,0
rpoBC,762257.0,0.0,0.0,0.0,0.0,0,0,0
rpoBC,762258.0,0.0,0.0,0.0,0.0,0,0,0
rpoBC,762259.0,0.0,0.0,0.0,0.0,0,0,0
rpoBC,762260.0,0.0,0.0,0.0,0.0,0,0,0
rpoBC,762261.0,0.0,0.0,0.0,0.0,0,0,0
rpoBC,762262.0,0.0,0.0,0.0,0.0,0,0,0
rpoBC,762263.0,0.0,0.0,0.0,0.0,0,0,0
rpoBC,762264.0,0.0,0.0,0.0,0.0,0,0,0
rpoBC,762265.0,0.0,0.0,0.0,0.0,0,0,0
rpoBC,762266.0,0.0,0.0,0.0,0.0,0,0,0
rpoBC,762267.0,0.0,0.0,0.0,0.0,0,0,0
rpoBC,762268.0,0.0,-0.00034531706,0.0,0.0,0,0,0
rpoBC,762269.0,0.0,0.0,0.0,0.0,0,0,0
rpoBC,762270.0,0.0,0.0,0.0,0.0,0,0,0
rpoBC,762271.0,0.0,0.0,0.0,0.0,0,0,0
rpoBC,762272.0,0.0,0.0,0.0,0.0,0,0,0
rpoBC,762273.0,0.0,0.0,0.0,0.0,0,0,0
rpoBC,762274.0,0.0,0.0,0.0,0.0,0,0,0
rpoBC,762275.0,0.0,0.0,0.0,0.0,0,0,0
rpoBC,762276.0,0.0,-0.0021255307,0.0,1.0,0,0,0
rpoBC,762277.0,0.0,0.0,0.0,0.0,0,0,0
rpoBC,762278.0,0.0,0.0,0.0,0.0,0,0,0
rpoBC,762279.0,0.0,0.0,0.0,0.0,0,0,0
rpoBC,762280.0,0.0,0.0,0.0,0.0,0,0,0
rpoBC,762281.0,0.0,0.0,0.0,0.0,0,0,0
rpoBC,762282.0,0.0,0.0,0.0,0.0,0,0,0
rpoBC,762283.0,0.0,0.0,0.0,0.0,0,0,0
rpoBC,762284.0,0.0,0.0,0.0,0.0,0,0,0
rpoBC,762285.0,0.0010843636,0.0,1.0,0.0,0,0,0
rpoBC,762286.0,0.0020856585,-0.001276206,0.0,0.0,0,0,0
rpoBC,762287.0,0.0,0.0,0.0,0.0,0,0,0
rpoBC,762288.0,0.0,0.0,0.0,0.0,0,0,0
rpoBC,762289.0,0.0,0.0,0.0,0.0,0,0,0
rpoBC,762290.0,0.0,0.0,0.0,0.0,0,0,0
rpoBC,762291.0,0.0,0.0,0.0,0.0,0,0,0
rpoBC,762292.0,0.0,0.0,0.0,0.0,0,0,0
rpoBC,762293.0,0.0,0.0,0.0,0.0,0,0,0
rpoBC,762294.0,0.0,0.0,0.0,0.0,0,0,0
rpoBC,762295.0,0.0,0.0,0.0,0.0,0,0,0
rpoBC,762296.0,0.0,0.0,0.0,0.0,0,0,0
rpoBC,762297.0,0.0,0.0,0.0,0.0,0,0,0
rpoBC,762298.0,0.0,0.0,0.0,0.0,0,0,0
rpoBC,762299.0,0.0,0.0,0.0,0.0,0,0,0
rpoBC,762300.0,0.0012595688,0.0,1.0,0.0,0,0,0
rpoBC,762301.0,0.0,0.0,0.0,0.0,0,0,0
rpoBC,762302.0,0.0,0.0,0.0,0.0,0,0,0
rpoBC,762303.0,0.0,0.0,0.0,0.0,0,0,0
rpoBC,762304.0,0.0,0.0,0.0,0.0,0,0,0
rpoBC,762305.0,0.0,0.0,0.0,0.0,0,0,0
rpoBC,762306.0,0.00413017,0.0,1.0,0.0,0,0,0
rpoBC,762307.0,0.0,0.0,0.0,0.0,0,0,0
rpoBC,762308.0,0.0,0.0,0.0,0.0,0,0,0
rpoBC,762309.0,0.0,0.0,0.0,0.0,0,0,0
rpoBC,762310.0,0.017879128,0.0,1.0,0.0,0,0,0
rpoBC,762311.0,0.0,0.0,0.0,0.0,0,0,0
rpoBC,762312.0,0.0,-0.0054296823,0.0,1.0,0,0,0
rpoBC,762313.0,0.0,0.0,0.0,0.0,0,0,0
rpoBC,762314.0,0.0,0.0,0.0,0.0,0,0,0
rpoBC,762315.0,0.0,0.0,0.0,0.0,0,0,0
rpoBC,762316.0,0.0,0.0,0.0,0.0,0,0,0
rpoBC,762317.0,0.0,0.0,0.0,0.0,0,0,0
rpoBC,762318.0,0.0,0.0,0.0,0.0,0,0,0
rpoBC,762319.0,0.0,0.0,0.0,0.0,0,0,0
rpoBC,762320.0,0.0,0.0,0.0,0.0,0,0,0
rpoBC,762321.0,0.0,0.0,0.0,0.0,0,0,0
rpoBC,762322.0,0.0,0.0,0.0,0.0,0,0,0
rpoBC,762323.0,0.0,0.0,0.0,0.0,0,0,0
rpoBC,762324.0,0.0,0.0,0.0,0.0,0,0,0
rpoBC,762325.0,0.0,0.0,0.0,0.0,0,0,0
rpoBC,762326.0,0.0,0.0,0.0,0.0,0,0,0
rpoBC,762327.0,0.0,0.0,0.0,0.0,0,0,0
rpoBC,762328.0,0.0,0.0,0.0,0.0,0,0,0
rpoBC,762329.0,0.0,0.0,0.0,0.0,0,0,0
rpoBC,762330.0,0.0,0.0,0.0,0.0,0,0,0
rpoBC,762331.0,0.0,0.0,0.0,0.0,0,0,0
rpoBC,762332.0,0.0,0.0,0.0,0.0,0,0,0
rpoBC,762333.0,0.0,0.0,0.0,0.0,0,0,0
rpoBC,762334.0,0.0,0.0,0.0,0.0,0,0,0
rpoBC,762335.0,0.0,0.0,0.0,0.0,0,0,0
rpoBC,762336.0,0.0,0.0,0.0,0.0,0,0,0
rpoBC,762337.0,0.0,0.0,0.0,0.0,0,0,0
rpoBC,762338.0,0.0,0.0,0.0,0.0,0,0,0
rpoBC,762339.0,0.0,0.0,0.0,0.0,0,0,0
rpoBC,762340.0,0.0,0.0,0.0,0.0,0,0,0
rpoBC,762341.0,0.0,0.0,0.0,0.0,0,0,0
rpoBC,762342.0,0.0,0.0,0.0,0.0,0,0,0
rpoBC,762343.0,0.0,0.0,0.0,0.0,0,0,0
rpoBC,762344.0,0.0,0.0,0.0,0.0,0,0,0
rpoBC,762345.0,0.0,0.0,0.0,0.0,0,0,0
rpoBC,762346.0,0.0,0.0,0.0,0.0,0,0,0
rpoBC,762347.0,0.0,0.0,0.0,0.0,0,0,0
rpoBC,762348.0,0.0,0.0,0.0,0.0,0,0,0
rpoBC,762349.0,0.0,0.0,0.0,0.0,0,0,0
rpoBC,762350.0,0.0,0.0,0.0,0.0,0,0,0
rpoBC,762351.0,0.0,0.0,0.0,0.0,0,0,0
rpoBC,762352.0,0.0,0.0,0.0,0.0,0,0,0
rpoBC,rpoBC_58,0.0,-0.0039610583,0.0,1.0,0,0,0
rpoBC,rpoBC_59,0.0020035803,0.0,1.0,0.0,0,0,0
rpoBC,rpoBC_60,0.0,-0.0019193101,0.0,1.0,0,0,0
rpoBC,rpoBC_61,0.0,-0.0041865613,0.0,1.0,0,0,0
rpoBC,rpoBC_62,0.0,-0.0041817655,0.0,1.0,0,0,0
rpoBC,rpoBC_63,0.0,-0.0022812765,0.0,1.0,0,0,0
rpoBC,762353.0,0.0,0.0,0.0,0.0,0,0,0
rpoBC,762354.0,0.0,0.0,0.0,0.0,0,0,0
rpoBC,762355.0,0.0,0.0,0.0,0.0,0,0,0
rpoBC,762356.0,0.0,0.0,0.0,0.0,0,0,0
rpoBC,762357.0,0.0,0.0,0.0,0.0,0,0,0
rpoBC,762358.0,0.0,0.0,0.0,0.0,0,0,0
rpoBC,762359.0,0.0026129903,0.0,1.0,0.0,0,0,0
rpoBC,762360.0,0.0,0.0,0.0,0.0,0,0,0
rpoBC,762361.0,0.0,0.0,0.0,0.0,0,0,0
rpoBC,762362.0,0.0,0.0,0.0,0.0,0,0,0
rpoBC,762363.0,0.0,0.0,0.0,0.0,0,0,0
rpoBC,762364.0,0.0,0.0,0.0,0.0,0,0,0
rpoBC,762365.0,0.0,0.0,0.0,0.0,0,0,0
rpoBC,762366.0,0.0,0.0,0.0,0.0,0,0,0
rpoBC,762367.0,0.0,0.0,0.0,0.0,0,0,0
rpoBC,762368.0,0.0,0.0,0.0,0.0,0,0,0
rpoBC,762369.0,0.0,0.0,0.0,0.0,0,0,0
rpoBC,762370.0,0.0,0.0,0.0,0.0,0,0,0
rpoBC,762371.0,0.0,0.0,0.0,0.0,0,0,0
rpoBC,762372.0,0.0,0.0,0.0,0.0,0,0,0
rpoBC,762373.0,0.0,-0.012208966,0.0,1.0,0,0,0
rpoBC,762374.0,0.0,0.0,0.0,0.0,0,0,0
rpoBC,762375.0,0.0,0.0,0.0,0.0,0,0,0
rpoBC,762376.0,0.0,0.0,0.0,0.0,0,0,0
rpoBC,762377.0,0.0,0.0,0.0,0.0,0,0,0
rpoBC,762378.0,0.0,0.0,0.0,0.0,0,0,0
rpoBC,762379.0,0.0,0.0,0.0,0.0,0,0,0
rpoBC,762380.0,0.0,0.0,0.0,0.0,0,0,0
rpoBC,762381.0,0.0,0.0,0.0,0.0,0,0,0
rpoBC,762382.0,0.0,0.0,0.0,0.0,0,0,0
rpoBC,762383.0,0.0,0.0,0.0,0.0,0,0,0
rpoBC,762384.0,0.0,0.0,0.0,0.0,0,0,0
rpoBC,762385.0,0.0,0.0,0.0,0.0,0,0,0
rpoBC,762386.0,0.0,0.0,0.0,0.0,0,0,0
rpoBC,762387.0,0.0,0.0,0.0,0.0,0,0,0
rpoBC,762388.0,0.0,0.0,0.0,0.0,0,0,0
rpoBC,762389.0,0.0,0.0,0.0,0.0,0,0,0
rpoBC,762390.0,0.0,0.0,0.0,0.0,0,0,0
rpoBC,762391.0,0.0,-0.002392517,0.0,1.0,0,0,0
rpoBC,762392.0,0.0,-0.0040866304,0.0,1.0,0,0,0
rpoBC,762393.0,0.0,0.0,0.0,0.0,0,0,0
rpoBC,762394.0,0.0,0.0,0.0,0.0,0,0,0
rpoBC,762395.0,0.0,0.0,0.0,0.0,0,0,0
rpoBC,762396.0,0.0,0.0,0.0,0.0,0,0,0
rpoBC,762397.0,0.0,0.0,0.0,0.0,0,0,0
rpoBC,762398.0,0.0,0.0,0.0,0.0,0,0,0
rpoBC,762399.0,0.0,0.0,0.0,0.0,0,0,0
rpoBC,762400.0,0.0,0.0,0.0,0.0,0,0,0
rpoBC,762401.0,0.0,0.0,0.0,0.0,0,0,0
rpoBC,762402.0,0.0,0.0,0.0,0.0,0,0,0
rpoBC,762403.0,0.0,0.0,0.0,0.0,0,0,0
rpoBC,762404.0,0.0,0.0,0.0,0.0,0,0,0
rpoBC,762405.0,0.0,-0.0005085138,0.0,1.0,0,0,0
rpoBC,762406.0,0.0,0.0,0.0,0.0,0,0,0
rpoBC,762407.0,0.0,0.0,0.0,0.0,0,0,0
rpoBC,762408.0,0.0,0.0,0.0,0.0,0,0,0
rpoBC,762409.0,0.0,0.0,0.0,0.0,0,0,0
rpoBC,762410.0,0.0,0.0,0.0,0.0,0,0,0
rpoBC,762411.0,0.0,0.0,0.0,0.0,0,0,0
rpoBC,762412.0,0.0,0.0,0.0,0.0,0,0,0
rpoBC,762413.0,0.0,0.0,0.0,0.0,0,0,0
rpoBC,762414.0,0.0,0.0,0.0,0.0,0,0,0
rpoBC,762415.0,0.0,0.0,0.0,0.0,0,0,0
rpoBC,762416.0,0.0,0.0,0.0,0.0,0,0,0
rpoBC,762417.0,0.0,0.0,0.0,0.0,0,0,0
rpoBC,762418.0,0.0,-0.021948239,0.0,1.0,0,0,0
rpoBC,762419.0,0.0,0.0,0.0,0.0,0,0,0
rpoBC,762420.0,0.0,0.0,0.0,0.0,0,0,0
rpoBC,762421.0,0.0,-0.002485026,0.0,1.0,0,0,0
rpoBC,762422.0,0.0,-0.007174902,0.0,1.0,0,0,0
rpoBC,762423.0,0.0,-0.02327447,0.0,1.0,0,0,0
rpoBC,762424.0,0.0,0.0,0.0,0.0,0,0,0
rpoBC,762425.0,0.0,0.0,0.0,0.0,0,0,0
rpoBC,762426.0,0.0,0.0,0.0,0.0,0,0,0
rpoBC,762427.0,0.0,-0.013624988,0.0,1.0,0,0,0
rpoBC,762428.0,0.0,0.0,0.0,0.0,0,0,0
rpoBC,762429.0,0.0,0.0,0.0,0.0,0,0,0
rpoBC,762430.0,0.0,0.0,0.0,0.0,0,0,0
rpoBC,762431.0,0.0,0.0,0.0,0.0,0,0,0
rpoBC,rpoBC_64,0.0,-0.001776814,0.0,1.0,0,0,0
rpoBC,rpoBC_65,0.0,-0.009996096,0.0,1.0,0,0,0
rpoBC,rpoBC_66,0.0,-0.0060969642,0.0,1.0,0,0,0
rpoBC,762432.0,0.0,0.0,0.0,0.0,0,0,0
rpoBC,762433.0,0.0,0.0,0.0,0.0,0,0,0
rpoBC,762434.0,0.004563177,-0.0030594978,0.0,0.0,0,0,0
rpoBC,762435.0,0.0,0.0,0.0,0.0,0,0,0
rpoBC,762436.0,0.0,0.0,0.0,0.0,0,0,0
rpoBC,762437.0,0.0,-0.015359603,0.0,1.0,0,0,0
rpoBC,762438.0,0.0,0.0,0.0,0.0,0,0,0
rpoBC,762439.0,0.0,0.0,0.0,0.0,0,0,0
rpoBC,762440.0,0.0,-0.0028815134,0.0,1.0,0,0,0
rpoBC,762441.0,0.0,-0.0006983804,0.0,0.0,0,0,0
rpoBC,762442.0,0.0,0.0,0.0,0.0,0,0,0
rpoBC,762443.0,0.0,0.0,0.0,0.0,0,0,0
rpoBC,762444.0,0.0,0.0,0.0,0.0,0,0,0
rpoBC,762445.0,0.0,0.0,0.0,0.0,0,0,0
rpoBC,762446.0,0.0,0.0,0.0,0.0,0,0,0
rpoBC,762447.0,0.0,0.0,0.0,0.0,0,0,0
rpoBC,762448.0,0.0,0.0,0.0,0.0,0,0,0
rpoBC,762449.0,0.0,0.0,0.0,0.0,0,0,0
rpoBC,762450.0,0.0,0.0,0.0,0.0,0,0,0
rpoBC,762451.0,0.0,0.0,0.0,0.0,0,0,0
rpoBC,762452.0,0.0,0.0,0.0,0.0,0,0,0
rpoBC,762453.0,0.0,0.0,0.0,0.0,0,0,0
rpoBC,762454.0,0.0,0.0,0.0,0.0,0,0,0
rpoBC,762455.0,0.0,0.0,0.0,0.0,0,0,0
rpoBC,762456.0,0.0,0.0,0.0,0.0,0,0,0
rpoBC,762457.0,0.0,0.0,0.0,0.0,0,0,0
rpoBC,762458.0,0.0,0.0,0.0,0.0,0,0,0
rpoBC,762459.0,0.0,0.0,0.0,0.0,0,0,0
rpoBC,762460.0,0.0,0.0,0.0,0.0,0,0,0
rpoBC,762461.0,0.0,0.0,0.0,0.0,0,0,0
rpoBC,762462.0,0.0,0.0,0.0,0.0,0,0,0
rpoBC,762463.0,0.0,0.0,0.0,0.0,0,0,0
rpoBC,762464.0,0.0,0.0,0.0,0.0,0,0,0
rpoBC,762465.0,0.0,0.0,0.0,0.0,0,0,0
rpoBC,762466.0,0.0,0.0,0.0,0.0,0,0,0
rpoBC,762467.0,0.0,0.0,0.0,0.0,0,0,0
rpoBC,762468.0,0.0,0.0,0.0,0.0,0,0,0
rpoBC,762469.0,0.0,0.0,0.0,0.0,0,0,0
rpoBC,762470.0,0.0,0.0,0.0,0.0,0,0,0
rpoBC,762471.0,0.0,0.0,0.0,0.0,0,0,0
rpoBC,762472.0,0.0,0.0,0.0,0.0,0,0,0
rpoBC,762473.0,0.0,0.0,0.0,0.0,0,0,0
rpoBC,762474.0,0.0,-0.0010868248,0.0,1.0,0,0,0
rpoBC,762475.0,0.0,0.0,0.0,0.0,0,0,0
rpoBC,762476.0,0.0,0.0,0.0,0.0,0,0,0
rpoBC,762477.0,0.0,-0.0014513,0.0,1.0,0,0,0
rpoBC,762478.0,0.0,-0.004156896,0.0,1.0,0,0,0
rpoBC,762479.0,0.0,0.0,0.0,0.0,0,0,0
rpoBC,762480.0,0.0,0.0,0.0,0.0,0,0,0
rpoBC,762481.0,0.0,0.0,0.0,0.0,0,0,0
rpoBC,762482.0,0.0,0.0,0.0,0.0,0,0,0
rpoBC,762483.0,0.025852468,0.0,1.0,0.0,0,0,0
rpoBC,762484.0,0.0,0.0,0.0,0.0,0,0,0
rpoBC,762485.0,0.0,0.0,0.0,0.0,0,0,0
rpoBC,762486.0,0.0,0.0,0.0,0.0,0,0,0
rpoBC,762487.0,0.0,0.0,0.0,0.0,0,0,0
rpoBC,762488.0,0.0,0.0,0.0,0.0,0,0,0
rpoBC,762489.0,0.0,0.0,0.0,0.0,0,0,0
rpoBC,762490.0,0.0,0.0,0.0,0.0,0,0,0
rpoBC,762491.0,0.0,0.0,0.0,0.0,0,0,0
rpoBC,762492.0,0.0048088287,0.0,1.0,0.0,0,0,0
rpoBC,762493.0,0.0,0.0,0.0,0.0,0,0,0
rpoBC,762494.0,0.0,0.0,0.0,0.0,0,0,0
rpoBC,762495.0,0.0,0.0,0.0,0.0,0,0,0
rpoBC,762496.0,0.0,0.0,0.0,0.0,0,0,0
rpoBC,762497.0,0.0,0.0,0.0,0.0,0,0,0
rpoBC,762498.0,0.0,0.0,0.0,0.0,0,0,0
rpoBC,762499.0,0.0,0.0,0.0,0.0,0,0,0
rpoBC,762500.0,0.0,0.0,0.0,0.0,0,0,0
rpoBC,762501.0,0.0,0.0,0.0,0.0,0,0,0
rpoBC,762502.0,0.0,0.0,0.0,0.0,0,0,0
rpoBC,762503.0,0.0,0.0,0.0,0.0,0,0,0
rpoBC,762504.0,0.0,0.0,0.0,0.0,0,0,0
rpoBC,762505.0,0.0,0.0,0.0,0.0,0,0,0
rpoBC,762506.0,0.0,-0.012704258,0.0,1.0,0,0,0
rpoBC,762507.0,0.0,0.0,0.0,0.0,0,0,0
rpoBC,762508.0,0.0,0.0,0.0,0.0,0,0,0
rpoBC,762509.0,0.0,0.0,0.0,0.0,0,0,0
rpoBC,762510.0,0.0,-0.00037869505,0.0,0.0,0,0,0
rpoBC,762511.0,0.0,0.0,0.0,0.0,0,0,0
rpoBC,762512.0,0.0,0.0,0.0,0.0,0,0,0
rpoBC,762513.0,0.0,0.0,0.0,0.0,0,0,0
rpoBC,762514.0,0.0,0.0,0.0,0.0,0,0,0
rpoBC,762515.0,0.0,0.0,0.0,0.0,0,0,0
rpoBC,762516.0,0.0,0.0,0.0,0.0,0,0,0
rpoBC,762517.0,0.0,0.0,0.0,0.0,0,0,0
rpoBC,762518.0,0.0,0.0,0.0,0.0,0,0,0
rpoBC,762519.0,0.0,0.0,0.0,0.0,0,0,0
rpoBC,762520.0,0.0,0.0,0.0,0.0,0,0,0
rpoBC,762521.0,0.0,0.0,0.0,0.0,0,0,0
rpoBC,762522.0,0.0,0.0,0.0,0.0,0,0,0
rpoBC,762523.0,0.0,0.0,0.0,0.0,0,0,0
rpoBC,762524.0,0.0,0.0,0.0,0.0,0,0,0
rpoBC,762525.0,0.0,0.0,0.0,0.0,0,0,0
rpoBC,762526.0,0.0,0.0,0.0,0.0,0,0,0
rpoBC,762527.0,0.0,0.0,0.0,0.0,0,0,0
rpoBC,762528.0,0.0,0.0,0.0,0.0,0,0,0
rpoBC,762529.0,0.0,0.0,0.0,0.0,0,0,0
rpoBC,762530.0,0.0,0.0,0.0,0.0,0,0,0
rpoBC,762531.0,0.0,0.0,0.0,0.0,0,0,0
rpoBC,762532.0,0.0,0.0,0.0,0.0,0,0,0
rpoBC,762533.0,0.0,0.0,0.0,0.0,0,0,0
rpoBC,762534.0,0.0025322423,0.0,0.0,0.0,0,0,0
rpoBC,762535.0,0.0,0.0,0.0,0.0,0,0,0
rpoBC,762536.0,0.0,0.0,0.0,0.0,0,0,0
rpoBC,762537.0,0.0,0.0,0.0,0.0,0,0,0
rpoBC,762538.0,0.0,0.0,0.0,0.0,0,0,0
rpoBC,762539.0,0.0,0.0,0.0,0.0,0,0,0
rpoBC,762540.0,0.0,0.0,0.0,0.0,0,0,0
rpoBC,762541.0,0.0,0.0,0.0,0.0,0,0,0
rpoBC,762542.0,0.0,0.0,0.0,0.0,0,0,0
rpoBC,762543.0,0.0,0.0,0.0,0.0,0,0,0
rpoBC,762544.0,0.0,0.0,0.0,0.0,0,0,0
rpoBC,762545.0,0.0,0.0,0.0,0.0,0,0,0
rpoBC,762546.0,0.0,0.0,0.0,0.0,0,0,0
rpoBC,762547.0,0.0,0.0,0.0,0.0,0,0,0
rpoBC,762548.0,0.0,0.0,0.0,0.0,0,0,0
rpoBC,762549.0,0.0,-0.00034545094,0.0,0.0,0,0,0
rpoBC,762550.0,0.0,0.0,0.0,0.0,0,0,0
rpoBC,762551.0,0.0,0.0,0.0,0.0,0,0,0
rpoBC,762552.0,0.0,0.0,0.0,0.0,0,0,0
rpoBC,762553.0,0.0,0.0,0.0,0.0,0,0,0
rpoBC,762554.0,0.0,0.0,0.0,0.0,0,0,0
rpoBC,762555.0,0.0,0.0,0.0,0.0,0,0,0
rpoBC,762556.0,0.0,0.0,0.0,0.0,0,0,0
rpoBC,762557.0,0.0,0.0,0.0,0.0,0,0,0
rpoBC,762558.0,0.0,0.0,0.0,0.0,0,0,0
rpoBC,762559.0,0.0,0.0,0.0,0.0,0,0,0
rpoBC,762560.0,0.0,0.0,0.0,0.0,0,0,0
rpoBC,762561.0,0.0,0.0,0.0,0.0,0,0,0
rpoBC,762562.0,0.0,0.0,0.0,0.0,0,0,0
rpoBC,762563.0,0.0,0.0,0.0,0.0,0,0,0
rpoBC,762564.0,0.0052051703,0.0,1.0,0.0,0,0,0
rpoBC,762565.0,0.0,0.0,0.0,0.0,0,0,0
rpoBC,762566.0,0.0,0.0,0.0,0.0,0,0,0
rpoBC,762567.0,0.0,0.0,0.0,0.0,0,0,0
rpoBC,762568.0,0.0,0.0,0.0,0.0,0,0,0
rpoBC,762569.0,0.0,0.0,0.0,0.0,0,0,0
rpoBC,762570.0,0.0,0.0,0.0,0.0,0,0,0
rpoBC,762571.0,0.0,0.0,0.0,0.0,0,0,0
rpoBC,762572.0,0.009741478,0.0,1.0,0.0,0,0,0
rpoBC,762573.0,0.0,0.0,0.0,0.0,0,0,0
rpoBC,762574.0,0.0,0.0,0.0,0.0,0,0,0
rpoBC,762575.0,0.0,0.0,0.0,0.0,0,0,0
rpoBC,762576.0,0.0,0.0,0.0,0.0,0,0,0
rpoBC,762577.0,0.0,0.0,0.0,0.0,0,0,0
rpoBC,762578.0,0.0,0.0,0.0,0.0,0,0,0
rpoBC,762579.0,0.0,0.0,0.0,0.0,0,0,0
rpoBC,762580.0,0.0,0.0,0.0,0.0,0,0,0
rpoBC,762581.0,0.0,0.0,0.0,0.0,0,0,0
rpoBC,762582.0,0.0,0.0,0.0,0.0,0,0,0
rpoBC,762583.0,0.0,0.0,0.0,0.0,0,0,0
rpoBC,762584.0,0.0,0.0,0.0,0.0,0,0,0
rpoBC,762585.0,0.0,0.0,0.0,0.0,0,0,0
rpoBC,762586.0,0.0,0.0,0.0,0.0,0,0,0
rpoBC,762587.0,0.0,0.0,0.0,0.0,0,0,0
rpoBC,762588.0,0.0,0.0,0.0,0.0,0,0,0
rpoBC,762589.0,0.0,0.0,0.0,0.0,0,0,0
rpoBC,762590.0,0.0,0.0,0.0,0.0,0,0,0
rpoBC,762591.0,0.0,0.0,0.0,0.0,0,0,0
rpoBC,762592.0,0.0,0.0,0.0,0.0,0,0,0
rpoBC,762593.0,0.0,0.0,0.0,0.0,0,0,0
rpoBC,762594.0,0.0,0.0,0.0,0.0,0,0,0
rpoBC,762595.0,0.0,0.0,0.0,0.0,0,0,0
rpoBC,762596.0,0.0,0.0,0.0,0.0,0,0,0
rpoBC,762597.0,0.0,0.0,0.0,0.0,0,0,0
rpoBC,762598.0,0.0,0.0,0.0,0.0,0,0,0
rpoBC,762599.0,0.0,-0.0055982354,0.0,1.0,0,0,0
rpoBC,762600.0,0.0,0.0,0.0,0.0,0,0,0
rpoBC,762601.0,0.0,0.0,0.0,0.0,0,0,0
rpoBC,762602.0,0.0,0.0,0.0,0.0,0,0,0
rpoBC,762603.0,0.0,0.0,0.0,0.0,0,0,0
rpoBC,762604.0,0.0,0.0,0.0,0.0,0,0,0
rpoBC,762605.0,0.0,0.0,0.0,0.0,0,0,0
rpoBC,762606.0,0.0,0.0,0.0,0.0,0,0,0
rpoBC,762607.0,0.0,0.0,0.0,0.0,0,0,0
rpoBC,762608.0,0.0,0.0,0.0,0.0,0,0,0
rpoBC,762609.0,0.0,0.0,0.0,0.0,0,0,0
rpoBC,762610.0,0.0,0.0,0.0,0.0,0,0,0
rpoBC,762611.0,0.0,0.0,0.0,0.0,0,0,0
rpoBC,762612.0,9.5830794e-05,0.0,0.0,0.0,0,0,0
rpoBC,762613.0,0.0,0.0,0.0,0.0,0,0,0
rpoBC,762614.0,0.0,0.0,0.0,0.0,0,0,0
rpoBC,762615.0,0.0,0.0,0.0,0.0,0,0,0
rpoBC,762616.0,0.0,0.0,0.0,0.0,0,0,0
rpoBC,762617.0,0.0,0.0,0.0,0.0,0,0,0
rpoBC,762618.0,0.0,0.0,0.0,0.0,0,0,0
rpoBC,762619.0,0.0,0.0,0.0,0.0,0,0,0
rpoBC,762620.0,0.0,0.0,0.0,0.0,0,0,0
rpoBC,762621.0,0.0011529217,0.0,1.0,0.0,0,0,0
rpoBC,762622.0,0.0,0.0,0.0,0.0,0,0,0
rpoBC,762623.0,0.0,0.0,0.0,0.0,0,0,0
rpoBC,762624.0,0.0,0.0,0.0,0.0,0,0,0
rpoBC,762625.0,0.0,0.0,0.0,0.0,0,0,0
rpoBC,762626.0,0.0,0.0,0.0,0.0,0,0,0
rpoBC,762627.0,0.0,0.0,0.0,0.0,0,0,0
rpoBC,762628.0,0.0,0.0,0.0,0.0,0,0,0
rpoBC,762629.0,0.0,0.0,0.0,0.0,0,0,0
rpoBC,762630.0,0.0,0.0,0.0,0.0,0,0,0
rpoBC,762631.0,0.0,0.0,0.0,0.0,0,0,0
rpoBC,762632.0,0.0,0.0,0.0,0.0,0,0,0
rpoBC,762633.0,0.0,0.0,0.0,0.0,0,0,0
rpoBC,762634.0,0.0,0.0,0.0,0.0,0,0,0
rpoBC,762635.0,0.0,0.0,0.0,0.0,0,0,0
rpoBC,762636.0,0.0,-0.0031749615,0.0,1.0,0,0,0
rpoBC,762637.0,0.0,0.0,0.0,0.0,0,0,0
rpoBC,762638.0,0.0,-0.014099459,0.0,1.0,0,0,0
rpoBC,762639.0,0.0,0.0,0.0,0.0,0,0,0
rpoBC,762640.0,0.0,-0.00026037468,0.0,0.0,0,0,0
rpoBC,762641.0,0.0,0.0,0.0,0.0,0,0,0
rpoBC,762642.0,0.0,0.0,0.0,0.0,0,0,0
rpoBC,762643.0,0.0,0.0,0.0,0.0,0,0,0
rpoBC,762644.0,0.0,0.0,0.0,0.0,0,0,0
rpoBC,762645.0,0.0,0.0,0.0,0.0,0,0,0
rpoBC,762646.0,0.0,0.0,0.0,0.0,0,0,0
rpoBC,762647.0,0.0,0.0,0.0,0.0,0,0,0
rpoBC,762648.0,0.0,0.0,0.0,0.0,0,0,0
rpoBC,762649.0,0.0,0.0,0.0,0.0,0,0,0
rpoBC,762650.0,0.0,0.0,0.0,0.0,0,0,0
rpoBC,762651.0,0.0,0.0,0.0,0.0,0,0,0
rpoBC,762652.0,0.0,0.0,0.0,0.0,0,0,0
rpoBC,762653.0,0.0,0.0,0.0,0.0,0,0,0
rpoBC,762654.0,0.0,0.0,0.0,0.0,0,0,0
rpoBC,762655.0,0.0,0.0,0.0,0.0,0,0,0
rpoBC,762656.0,0.0,0.0,0.0,0.0,0,0,0
rpoBC,762657.0,0.0,-0.0005389014,0.0,1.0,0,0,0
rpoBC,762658.0,0.0,0.0,0.0,0.0,0,0,0
rpoBC,762659.0,0.0,0.0,0.0,0.0,0,0,0
rpoBC,762660.0,0.0,0.0,0.0,0.0,0,0,0
rpoBC,762661.0,0.0,0.0,0.0,0.0,0,0,0
rpoBC,762662.0,0.0,0.0,0.0,0.0,0,0,0
rpoBC,762663.0,0.0,0.0,0.0,0.0,0,0,0
rpoBC,762664.0,0.0,0.0,0.0,0.0,0,0,0
rpoBC,762665.0,0.0,0.0,0.0,0.0,0,0,0
rpoBC,762666.0,0.0,0.0,0.0,0.0,0,0,0
rpoBC,762667.0,0.0,0.0,0.0,0.0,0,0,0
rpoBC,762668.0,0.0,0.0,0.0,0.0,0,0,0
rpoBC,762669.0,0.0,0.0,0.0,0.0,0,0,0
rpoBC,762670.0,0.0,0.0,0.0,0.0,0,0,0
rpoBC,762671.0,0.0,0.0,0.0,0.0,0,0,0
rpoBC,762672.0,0.0,0.0,0.0,0.0,0,0,0
rpoBC,762673.0,0.0,0.0,0.0,0.0,0,0,0
rpoBC,762674.0,0.0,0.0,0.0,0.0,0,0,0
rpoBC,762675.0,0.0,-8.776487e-05,0.0,0.0,0,0,0
rpoBC,762676.0,0.0,0.0,0.0,0.0,0,0,0
rpoBC,762677.0,0.0,0.0,0.0,0.0,0,0,0
rpoBC,762678.0,0.0,0.0,0.0,0.0,0,0,0
rpoBC,762679.0,0.0,0.0,0.0,0.0,0,0,0
rpoBC,762680.0,0.0,0.0,0.0,0.0,0,0,0
rpoBC,762681.0,0.0,0.0,0.0,0.0,0,0,0
rpoBC,762682.0,0.0,0.0,0.0,0.0,0,0,0
rpoBC,762683.0,0.0,0.0,0.0,0.0,0,0,0
rpoBC,762684.0,0.0,0.0,0.0,0.0,0,0,0
rpoBC,762685.0,0.0,-0.0059030876,0.0,1.0,0,0,0
rpoBC,762686.0,0.0,0.0,0.0,0.0,0,0,0
rpoBC,762687.0,0.0,0.0,0.0,0.0,0,0,0
rpoBC,762688.0,0.0,0.0,0.0,0.0,0,0,0
rpoBC,762689.0,0.0,0.0,0.0,0.0,0,0,0
rpoBC,762690.0,0.0,0.0,0.0,0.0,0,0,0
rpoBC,762691.0,0.0,0.0,0.0,0.0,0,0,0
rpoBC,762692.0,0.0,0.0,0.0,0.0,0,0,0
rpoBC,762693.0,0.0,0.0,0.0,0.0,0,0,0
rpoBC,762694.0,0.0,-0.0020418935,0.0,1.0,0,0,0
rpoBC,762695.0,0.0,0.0,0.0,0.0,0,0,0
rpoBC,762696.0,0.0,0.0,0.0,0.0,0,0,0
rpoBC,762697.0,0.0,0.0,0.0,0.0,0,0,0
rpoBC,762698.0,0.0,0.0,0.0,0.0,0,0,0
rpoBC,762699.0,0.0,0.0,0.0,0.0,0,0,0
rpoBC,762700.0,0.0,0.0,0.0,0.0,0,0,0
rpoBC,762701.0,0.0,0.0,0.0,0.0,0,0,0
rpoBC,762702.0,0.0,0.0,0.0,0.0,0,0,0
rpoBC,762703.0,0.0,0.0,0.0,0.0,0,0,0
rpoBC,762704.0,0.0,0.0,0.0,0.0,0,0,0
rpoBC,762705.0,0.0,0.0,0.0,0.0,0,0,0
rpoBC,762706.0,0.0,0.0,0.0,0.0,0,0,0
rpoBC,762707.0,0.0,0.0,0.0,0.0,0,0,0
rpoBC,762708.0,0.0,0.0,0.0,0.0,0,0,0
rpoBC,762709.0,0.0,0.0,0.0,0.0,0,0,0
rpoBC,762710.0,0.0,0.0,0.0,0.0,0,0,0
rpoBC,762711.0,0.0,-0.04444928,0.0,1.0,0,0,0
rpoBC,762712.0,0.0,0.0,0.0,0.0,0,0,0
rpoBC,762713.0,0.0,0.0,0.0,0.0,0,0,0
rpoBC,762714.0,0.0,0.0,0.0,0.0,0,0,0
rpoBC,762715.0,0.0,-0.014994036,0.0,1.0,0,0,0
rpoBC,762716.0,0.0,0.0,0.0,0.0,0,0,0
rpoBC,762717.0,0.0,0.0,0.0,0.0,0,0,0
rpoBC,762718.0,0.0,0.0,0.0,0.0,0,0,0
rpoBC,762719.0,7.353746e-05,0.0,0.0,0.0,0,0,0
rpoBC,762720.0,0.0,0.0,0.0,0.0,0,0,0
rpoBC,762721.0,0.0,0.0,0.0,0.0,0,0,0
rpoBC,762722.0,0.0,-0.0043444633,0.0,1.0,0,0,0
rpoBC,762723.0,0.0,0.0,0.0,0.0,0,0,0
rpoBC,762724.0,0.0,-0.005650754,0.0,1.0,0,0,0
rpoBC,762725.0,0.0,0.0,0.0,0.0,0,0,0
rpoBC,762726.0,0.00019190359,0.0,0.0,0.0,0,0,0
rpoBC,762727.0,0.0,0.0,0.0,0.0,0,0,0
rpoBC,762728.0,0.0,0.0,0.0,0.0,0,0,0
rpoBC,762729.0,0.0,0.0,0.0,0.0,0,0,0
rpoBC,762730.0,0.0,0.0,0.0,0.0,0,0,0
rpoBC,762731.0,0.0,-0.0113728205,0.0,1.0,0,0,0
rpoBC,762732.0,0.0,0.0,0.0,0.0,0,0,0
rpoBC,762733.0,0.0,0.0,0.0,0.0,0,0,0
rpoBC,762734.0,0.0,0.0,0.0,0.0,0,0,0
rpoBC,762735.0,0.0,0.0,0.0,0.0,0,0,0
rpoBC,762736.0,0.0,0.0,0.0,0.0,0,0,0
rpoBC,762737.0,0.0,0.0,0.0,0.0,0,0,0
rpoBC,762738.0,0.0,0.0,0.0,0.0,0,0,0
rpoBC,762739.0,0.0,0.0,0.0,0.0,0,0,0
rpoBC,762740.0,0.0,0.0,0.0,0.0,0,0,0
rpoBC,762741.0,0.0,0.0,0.0,0.0,0,0,0
rpoBC,762742.0,0.0,0.0,0.0,0.0,0,0,0
rpoBC,762743.0,0.0,0.0,0.0,0.0,0,0,0
rpoBC,762744.0,0.0,0.0,0.0,0.0,0,0,0
rpoBC,762745.0,0.0,-0.0014190641,0.0,1.0,0,0,0
rpoBC,762746.0,0.0,0.0,0.0,0.0,0,0,0
rpoBC,762747.0,0.0,0.0,0.0,0.0,0,0,0
rpoBC,762748.0,0.0,0.0,0.0,0.0,0,0,0
rpoBC,762749.0,0.0,-0.00878509,0.0,1.0,0,0,0
rpoBC,762750.0,0.0,0.0,0.0,0.0,0,0,0
rpoBC,762751.0,0.0,0.0,0.0,0.0,0,0,0
rpoBC,762752.0,0.0,0.0,0.0,0.0,0,0,0
rpoBC,762753.0,0.0,0.0,0.0,0.0,0,0,0
rpoBC,762754.0,0.0,0.0,0.0,0.0,0,0,0
rpoBC,762755.0,0.0,0.0,0.0,0.0,0,0,0
rpoBC,762756.0,0.0,0.0,0.0,0.0,0,0,0
rpoBC,762757.0,0.0,0.0,0.0,0.0,0,0,0
rpoBC,762758.0,0.0,0.0,0.0,0.0,0,0,0
rpoBC,762759.0,0.0,0.0,0.0,0.0,0,0,0
rpoBC,762760.0,0.0,0.0,0.0,0.0,0,0,0
rpoBC,762761.0,0.0,0.0,0.0,0.0,0,0,0
rpoBC,762762.0,0.0,0.0,0.0,0.0,0,0,0
rpoBC,762763.0,0.0,0.0,0.0,0.0,0,0,0
rpoBC,762764.0,0.0,0.0,0.0,0.0,0,0,0
rpoBC,762765.0,0.0,0.0,0.0,0.0,0,0,0
rpoBC,762766.0,0.0,0.0,0.0,0.0,0,0,0
rpoBC,762767.0,0.0,0.0,0.0,0.0,0,0,0
rpoBC,762768.0,0.0,-0.0066089537,0.0,1.0,0,0,0
rpoBC,762769.0,0.0,0.0,0.0,0.0,0,0,0
rpoBC,762770.0,0.0,0.0,0.0,0.0,0,0,0
rpoBC,762771.0,0.0,0.0,0.0,0.0,0,0,0
rpoBC,762772.0,0.0,0.0,0.0,0.0,0,0,0
rpoBC,762773.0,0.0,0.0,0.0,0.0,0,0,0
rpoBC,762774.0,0.0,0.0,0.0,0.0,0,0,0
rpoBC,762775.0,0.0,0.0,0.0,0.0,0,0,0
rpoBC,762776.0,0.0,0.0,0.0,0.0,0,0,0
rpoBC,762777.0,0.0,0.0,0.0,0.0,0,0,0
rpoBC,762778.0,0.0,0.0,0.0,0.0,0,0,0
rpoBC,762779.0,0.0,0.0,0.0,0.0,0,0,0
rpoBC,762780.0,0.0,0.0,0.0,0.0,0,0,0
rpoBC,762781.0,0.0,0.0,0.0,0.0,0,0,0
rpoBC,762782.0,0.0,0.0,0.0,0.0,0,0,0
rpoBC,762783.0,0.0,0.0,0.0,0.0,0,0,0
rpoBC,762784.0,0.0,0.0,0.0,0.0,0,0,0
rpoBC,762785.0,0.0,0.0,0.0,0.0,0,0,0
rpoBC,762786.0,0.0,0.0,0.0,0.0,0,0,0
rpoBC,762787.0,0.0,0.0,0.0,0.0,0,0,0
rpoBC,762788.0,0.0,0.0,0.0,0.0,0,0,0
rpoBC,762789.0,0.0,0.0,0.0,0.0,0,0,0
rpoBC,762790.0,0.0,0.0,0.0,0.0,0,0,0
rpoBC,762791.0,0.0,0.0,0.0,0.0,0,0,0
rpoBC,762792.0,0.0,0.0,0.0,0.0,0,0,0
rpoBC,762793.0,0.0,0.0,0.0,0.0,0,0,0
rpoBC,rpoBC_67,0.0,0.0,0.0,0.0,0,0,0
rpoBC,rpoBC_68,0.0,0.0,0.0,0.0,0,0,0
rpoBC,rpoBC_69,0.0,0.0,0.0,0.0,0,0,0
rpoBC,rpoBC_70,0.0,0.0,0.0,0.0,0,0,0
rpoBC,rpoBC_71,0.0,0.0,0.0,0.0,0,0,0
rpoBC,rpoBC_72,0.0,0.0,0.0,0.0,0,0,0
rpoBC,762794.0,0.0,0.0,0.0,0.0,0,0,0
rpoBC,762795.0,0.0,0.0,0.0,0.0,0,0,0
rpoBC,762796.0,0.0,0.0,0.0,0.0,0,0,0
rpoBC,762797.0,0.0,0.0,0.0,0.0,0,0,0
rpoBC,762798.0,0.0,0.0,0.0,0.0,0,0,0
rpoBC,762799.0,0.0,0.0,0.0,0.0,0,0,0
rpoBC,762800.0,0.0,0.0,0.0,0.0,0,0,0
rpoBC,762801.0,0.0,0.0,0.0,0.0,0,0,0
rpoBC,762802.0,0.0,0.0,0.0,0.0,0,0,0
rpoBC,762803.0,0.0,0.0,0.0,0.0,0,0,0
rpoBC,762804.0,0.0,0.0,0.0,0.0,0,0,0
rpoBC,762805.0,0.0,0.0,0.0,0.0,0,0,0
rpoBC,762806.0,0.0,0.0,0.0,0.0,0,0,0
rpoBC,762807.0,0.0,0.0,0.0,0.0,0,0,0
rpoBC,762808.0,0.0,0.0,0.0,0.0,0,0,0
rpoBC,762809.0,0.0,-0.015707446,0.0,1.0,0,0,0
rpoBC,762810.0,0.0,0.0,0.0,0.0,0,0,0
rpoBC,762811.0,0.0,0.0,0.0,0.0,0,0,0
rpoBC,762812.0,0.0,0.0,0.0,0.0,0,0,0
rpoBC,762813.0,0.0,0.0,0.0,0.0,0,0,0
rpoBC,762814.0,0.0,0.0,0.0,0.0,0,0,0
rpoBC,762815.0,0.0,0.0,0.0,0.0,0,0,0
rpoBC,762816.0,0.0,0.0,0.0,0.0,0,0,0
rpoBC,762817.0,0.0,0.0,0.0,0.0,0,0,0
rpoBC,762818.0,0.0,0.0,0.0,0.0,0,0,0
rpoBC,762819.0,0.0,-0.0016044563,0.0,1.0,0,0,0
rpoBC,762820.0,0.0,0.0,0.0,0.0,0,0,0
rpoBC,762821.0,0.0,0.0,0.0,0.0,0,0,0
rpoBC,762822.0,0.0,0.0,0.0,0.0,0,0,0
rpoBC,762823.0,0.0,0.0,0.0,0.0,0,0,0
rpoBC,762824.0,0.0,0.0,0.0,0.0,0,0,0
rpoBC,762825.0,0.0,0.0,0.0,0.0,0,0,0
rpoBC,762826.0,0.0,0.0,0.0,0.0,0,0,0
rpoBC,762827.0,0.0,0.0,0.0,0.0,0,0,0
rpoBC,762828.0,0.0,0.0,0.0,0.0,0,0,0
rpoBC,762829.0,0.0,0.0,0.0,0.0,0,0,0
rpoBC,762830.0,0.0,0.0,0.0,0.0,0,0,0
rpoBC,762831.0,0.0,0.0,0.0,0.0,0,0,0
rpoBC,762832.0,0.0,0.0,0.0,0.0,0,0,0
rpoBC,762833.0,0.00010413119,0.0,0.0,0.0,0,0,0
rpoBC,762834.0,0.0,0.0,0.0,0.0,0,0,0
rpoBC,762835.0,0.0,0.0,0.0,0.0,0,0,0
rpoBC,762836.0,0.0,0.0,0.0,0.0,0,0,0
rpoBC,762837.0,0.0,0.0,0.0,0.0,0,0,0
rpoBC,762838.0,0.0,-0.0040724757,0.0,1.0,0,0,0
rpoBC,762839.0,0.0,0.0,0.0,0.0,0,0,0
rpoBC,762840.0,0.0,0.0,0.0,0.0,0,0,0
rpoBC,762841.0,0.0,0.0,0.0,0.0,0,0,0
rpoBC,762842.0,0.0,0.0,0.0,0.0,0,0,0
rpoBC,762843.0,0.0,0.0,0.0,0.0,0,0,0
rpoBC,762844.0,0.0,0.0,0.0,0.0,0,0,0
rpoBC,762845.0,0.0,0.0,0.0,0.0,0,0,0
rpoBC,762846.0,0.0,0.0,0.0,0.0,0,0,0
rpoBC,762847.0,0.0,0.0,0.0,0.0,0,0,0
rpoBC,762848.0,0.0,0.0,0.0,0.0,0,0,0
rpoBC,762849.0,0.0,0.0,0.0,0.0,0,0,0
rpoBC,762850.0,0.0,0.0,0.0,0.0,0,0,0
rpoBC,762851.0,0.0,0.0,0.0,0.0,0,0,0
rpoBC,762852.0,0.0,0.0,0.0,0.0,0,0,0
rpoBC,762853.0,0.0,0.0,0.0,0.0,0,0,0
rpoBC,762854.0,0.0,0.0,0.0,0.0,0,0,0
rpoBC,762855.0,0.0,0.0,0.0,0.0,0,0,0
rpoBC,762856.0,0.0,0.0,0.0,0.0,0,0,0
rpoBC,762857.0,0.0,0.0,0.0,0.0,0,0,0
rpoBC,762858.0,0.0,0.0,0.0,0.0,0,0,0
rpoBC,762859.0,0.0,0.0,0.0,0.0,0,0,0
rpoBC,762860.0,0.0,0.0,0.0,0.0,0,0,0
rpoBC,762861.0,0.0,0.0,0.0,0.0,0,0,0
rpoBC,762862.0,0.0,0.0,0.0,0.0,0,0,0
rpoBC,762863.0,0.0,0.0,0.0,0.0,0,0,0
rpoBC,762864.0,0.0,0.0,0.0,0.0,0,0,0
rpoBC,762865.0,0.0,0.0,0.0,0.0,0,0,0
rpoBC,762866.0,0.0,0.0,0.0,0.0,0,0,0
rpoBC,762867.0,0.0,0.0,0.0,0.0,0,0,0
rpoBC,762868.0,0.0,0.0,0.0,0.0,0,0,0
rpoBC,762869.0,0.0,0.0,0.0,0.0,0,0,0
rpoBC,762870.0,0.0,0.0,0.0,0.0,0,0,0
rpoBC,762871.0,0.0,0.0,0.0,0.0,0,0,0
rpoBC,762872.0,0.0,0.0,0.0,0.0,0,0,0
rpoBC,762873.0,0.0,0.0,0.0,0.0,0,0,0
rpoBC,762874.0,0.0,0.0,0.0,0.0,0,0,0
rpoBC,762875.0,0.0,0.0,0.0,0.0,0,0,0
rpoBC,762876.0,0.0,0.0,0.0,0.0,0,0,0
rpoBC,762877.0,0.0,0.0,0.0,0.0,0,0,0
rpoBC,762878.0,0.0,-0.009560271,0.0,1.0,0,0,0
rpoBC,762879.0,0.0,0.0,0.0,0.0,0,0,0
rpoBC,762880.0,0.0,0.0,0.0,0.0,0,0,0
rpoBC,762881.0,0.0,0.0,0.0,0.0,0,0,0
rpoBC,762882.0,0.0,0.0,0.0,0.0,0,0,0
rpoBC,762883.0,0.0,0.0,0.0,0.0,0,0,0
rpoBC,762884.0,0.0,0.0,0.0,0.0,0,0,0
rpoBC,762885.0,0.0,0.0,0.0,0.0,0,0,0
rpoBC,762886.0,0.0,0.0,0.0,0.0,0,0,0
rpoBC,762887.0,0.0,0.0,0.0,0.0,0,0,0
rpoBC,762888.0,0.0,0.0,0.0,0.0,0,0,0
rpoBC,762889.0,0.0156123955,0.0,1.0,0.0,0,0,0
rpoBC,762890.0,0.0,0.0,0.0,0.0,0,0,0
rpoBC,762891.0,0.0,0.0,0.0,0.0,0,0,0
rpoBC,762892.0,0.0,0.0,0.0,0.0,0,0,0
rpoBC,762893.0,0.0,0.0,0.0,0.0,0,0,0
rpoBC,762894.0,0.0,0.0,0.0,0.0,0,0,0
rpoBC,762895.0,0.0,0.0,0.0,0.0,0,0,0
rpoBC,762896.0,0.0,0.0,0.0,0.0,0,0,0
rpoBC,762897.0,0.0,0.0,0.0,0.0,0,0,0
rpoBC,762898.0,0.0,0.0,0.0,0.0,0,0,0
rpoBC,762899.0,0.0,0.0,0.0,0.0,0,0,0
rpoBC,762900.0,0.0,0.0,0.0,0.0,0,0,0
rpoBC,762901.0,0.0,0.0,0.0,0.0,0,0,0
rpoBC,762902.0,0.0,0.0,0.0,0.0,0,0,0
rpoBC,762903.0,0.0,0.0,0.0,0.0,0,0,0
rpoBC,762904.0,0.0,0.0,0.0,0.0,0,0,0
rpoBC,762905.0,0.0,-0.00082378485,0.0,0.0,0,0,0
rpoBC,762906.0,0.0,0.0,0.0,0.0,0,0,0
rpoBC,762907.0,0.0,0.0,0.0,0.0,0,0,0
rpoBC,762908.0,0.0,0.0,0.0,0.0,0,0,0
rpoBC,762909.0,0.0,0.0,0.0,0.0,0,0,0
rpoBC,762910.0,0.0,-0.003172145,0.0,1.0,0,0,0
rpoBC,762911.0,0.0,0.0,0.0,0.0,0,0,0
rpoBC,762912.0,0.0,0.0,0.0,0.0,0,0,0
rpoBC,762913.0,0.0,0.0,0.0,0.0,0,0,0
rpoBC,762914.0,0.0,-0.0034885432,0.0,1.0,0,0,0
rpoBC,762915.0,0.0,0.0,0.0,0.0,0,0,0
rpoBC,762916.0,0.0,0.0,0.0,0.0,0,0,0
rpoBC,762917.0,0.0,0.0,0.0,0.0,0,0,0
rpoBC,762918.0,0.0,0.0,0.0,0.0,0,0,0
rpoBC,762919.0,0.0,0.0,0.0,0.0,0,0,0
rpoBC,762920.0,0.0,0.0,0.0,0.0,0,0,0
rpoBC,762921.0,0.0,0.0,0.0,0.0,0,0,0
rpoBC,762922.0,0.0,0.0,0.0,0.0,0,0,0
rpoBC,762923.0,0.0,0.0,0.0,0.0,0,0,0
rpoBC,762924.0,0.0,0.0,0.0,0.0,0,0,0
rpoBC,762925.0,0.0,0.0,0.0,0.0,0,0,0
rpoBC,762926.0,0.0,0.0,0.0,0.0,0,0,0
rpoBC,762927.0,0.0,0.0,0.0,0.0,0,0,0
rpoBC,762928.0,0.0,0.0,0.0,0.0,0,0,0
rpoBC,762929.0,0.0,-0.009076584,0.0,1.0,0,0,0
rpoBC,762930.0,0.0,0.0,0.0,0.0,0,0,0
rpoBC,762931.0,0.0,0.0,0.0,0.0,0,0,0
rpoBC,762932.0,0.0,0.0,0.0,0.0,0,0,0
rpoBC,762933.0,0.0,0.0,0.0,0.0,0,0,0
rpoBC,762934.0,0.0,0.0,0.0,0.0,0,0,0
rpoBC,762935.0,0.0,0.0,0.0,0.0,0,0,0
rpoBC,762936.0,0.0,0.0,0.0,0.0,0,0,0
rpoBC,762937.0,0.0,0.0,0.0,0.0,0,0,0
rpoBC,762938.0,0.0,0.0,0.0,0.0,0,0,0
rpoBC,762939.0,0.0,0.0,0.0,0.0,0,0,0
rpoBC,762940.0,0.0,0.0,0.0,0.0,0,0,0
rpoBC,762941.0,0.0,0.0,0.0,0.0,0,0,0
rpoBC,762942.0,0.0013099477,0.0,1.0,0.0,0,0,0
rpoBC,762943.0,0.0,0.0,0.0,0.0,0,0,0
rpoBC,762944.0,0.0,0.0,0.0,0.0,0,0,0
rpoBC,762945.0,0.0,0.0,0.0,0.0,0,0,0
rpoBC,762946.0,0.0,0.0,0.0,0.0,0,0,0
rpoBC,762947.0,0.0,0.0,0.0,0.0,0,0,0
rpoBC,762948.0,0.0,0.0,0.0,0.0,0,0,0
rpoBC,762949.0,0.0,0.0,0.0,0.0,0,0,0
rpoBC,762950.0,0.0026484218,0.0,0.0,0.0,0,0,0
rpoBC,762951.0,0.0,0.0,0.0,0.0,0,0,0
rpoBC,762952.0,0.0,0.0,0.0,0.0,0,0,0
rpoBC,762953.0,0.0,0.0,0.0,0.0,0,0,0
rpoBC,762954.0,0.0,0.0,0.0,0.0,0,0,0
rpoBC,762955.0,0.0,0.0,0.0,0.0,0,0,0
rpoBC,762956.0,0.0,0.0,0.0,0.0,0,0,0
rpoBC,762957.0,0.0,0.0,0.0,0.0,0,0,0
rpoBC,762958.0,0.0,0.0,0.0,0.0,0,0,0
rpoBC,762959.0,0.0,0.0,0.0,0.0,0,0,0
rpoBC,762960.0,0.0,0.0,0.0,0.0,0,0,0
rpoBC,762961.0,0.0,0.0,0.0,0.0,0,0,0
rpoBC,762962.0,0.0,0.0,0.0,0.0,0,0,0
rpoBC,762963.0,0.0,0.0,0.0,0.0,0,0,0
rpoBC,762964.0,0.0,0.0,0.0,0.0,0,0,0
rpoBC,762965.0,0.0,0.0,0.0,0.0,0,0,0
rpoBC,762966.0,0.0,0.0,0.0,0.0,0,0,0
rpoBC,762967.0,0.0,0.0,0.0,0.0,0,0,0
rpoBC,762968.0,0.0,0.0,0.0,0.0,0,0,0
rpoBC,762969.0,0.0,0.0,0.0,0.0,0,0,0
rpoBC,762970.0,0.0,0.0,0.0,0.0,0,0,0
rpoBC,762971.0,0.0,-0.0018884478,0.0,1.0,0,0,0
rpoBC,762972.0,0.0,0.0,0.0,0.0,0,0,0
rpoBC,762973.0,0.0,0.0,0.0,0.0,0,0,0
rpoBC,762974.0,0.0,0.0,0.0,0.0,0,0,0
rpoBC,762975.0,0.0,0.0,0.0,0.0,0,0,0
rpoBC,762976.0,0.0,0.0,0.0,0.0,0,0,0
rpoBC,762977.0,0.053734053,0.0,1.0,0.0,0,0,0
rpoBC,762978.0,0.0,0.0,0.0,0.0,0,0,0
rpoBC,762979.0,0.0,0.0,0.0,0.0,0,0,0
rpoBC,762980.0,0.0,0.0,0.0,0.0,0,0,0
rpoBC,762981.0,0.0,0.0,0.0,0.0,0,0,0
rpoBC,762982.0,0.0,0.0,0.0,0.0,0,0,0
rpoBC,762983.0,0.0,0.0,0.0,0.0,0,0,0
rpoBC,762984.0,0.0,0.0,0.0,0.0,0,0,0
rpoBC,762985.0,0.0,0.0,0.0,0.0,0,0,0
rpoBC,762986.0,0.0,0.0,0.0,0.0,0,0,0
rpoBC,762987.0,0.0,0.0,0.0,0.0,0,0,0
rpoBC,762988.0,0.0,0.0,0.0,0.0,0,0,0
rpoBC,762989.0,0.0,0.0,0.0,0.0,0,0,0
rpoBC,762990.0,0.0,0.0,0.0,0.0,0,0,0
rpoBC,762991.0,0.0,0.0,0.0,0.0,0,0,0
rpoBC,762992.0,0.0,0.0,0.0,0.0,0,0,0
rpoBC,762993.0,0.0,0.0,0.0,0.0,0,0,0
rpoBC,762994.0,0.0,0.0,0.0,0.0,0,0,0
rpoBC,762995.0,0.0,-0.002664485,0.0,1.0,0,0,0
rpoBC,762996.0,0.0,0.0,0.0,0.0,0,0,0
rpoBC,762997.0,0.0,0.0,0.0,0.0,0,0,0
rpoBC,762998.0,0.0,0.0,0.0,0.0,0,0,0
rpoBC,762999.0,0.0,0.0,0.0,0.0,0,0,0
rpoBC,763000.0,0.0,0.0,0.0,0.0,0,0,0
rpoBC,763001.0,0.0,0.0,0.0,0.0,0,0,0
rpoBC,763002.0,0.0,0.0,0.0,0.0,0,0,0
rpoBC,763003.0,0.0,0.0,0.0,0.0,0,0,0
rpoBC,763004.0,0.0,0.0,0.0,0.0,0,0,0
rpoBC,763005.0,0.0,0.0,0.0,0.0,0,0,0
rpoBC,763006.0,0.0,0.0,0.0,0.0,0,0,0
rpoBC,763007.0,0.0,0.0,0.0,0.0,0,0,0
rpoBC,763008.0,0.0,0.0,0.0,0.0,0,0,0
rpoBC,763009.0,0.0,0.0,0.0,0.0,0,0,0
rpoBC,763010.0,0.0,0.0,0.0,0.0,0,0,0
rpoBC,763011.0,0.0,0.0,0.0,0.0,0,0,0
rpoBC,763012.0,0.0,0.0,0.0,0.0,0,0,0
rpoBC,763013.0,0.0,0.0,0.0,0.0,0,0,0
rpoBC,763014.0,0.0,0.0,0.0,0.0,0,0,0
rpoBC,763015.0,0.0,0.0,0.0,0.0,0,0,0
rpoBC,763016.0,0.0,-0.004833883,0.0,1.0,0,0,0
rpoBC,763017.0,0.0,0.0,0.0,0.0,0,0,0
rpoBC,763018.0,0.0,0.0,0.0,0.0,0,0,0
rpoBC,763019.0,0.0,0.0,0.0,0.0,0,0,0
rpoBC,763020.0,0.0,0.0,0.0,0.0,0,0,0
rpoBC,763021.0,0.0,0.0,0.0,0.0,0,0,0
rpoBC,763022.0,0.0,0.0,0.0,0.0,0,0,0
rpoBC,763023.0,0.0,0.0,0.0,0.0,0,0,0
rpoBC,763024.0,0.0,0.0,0.0,0.0,0,0,0
rpoBC,763025.0,0.0,0.0,0.0,0.0,0,0,0
rpoBC,763026.0,0.0,0.0,0.0,0.0,0,0,0
rpoBC,763027.0,0.0,0.0,0.0,0.0,0,0,0
rpoBC,763028.0,0.0,0.0,0.0,0.0,0,0,0
rpoBC,763029.0,0.0,0.0,0.0,0.0,0,0,0
rpoBC,763030.0,0.0,0.0,0.0,0.0,0,0,0
rpoBC,763031.0,0.0,-0.20426685,0.0,1.0,0,0,0
rpoBC,763032.0,0.0,0.0,0.0,0.0,0,0,0
rpoBC,763033.0,0.0,0.0,0.0,0.0,0,0,0
rpoBC,763034.0,0.0,0.0,0.0,0.0,0,0,0
rpoBC,763035.0,0.0,0.0,0.0,0.0,0,0,0
rpoBC,763036.0,0.0,0.0,0.0,0.0,0,0,0
rpoBC,763037.0,0.0,0.0,0.0,0.0,0,0,0
rpoBC,763038.0,0.0,0.0,0.0,0.0,0,0,0
rpoBC,763039.0,0.056006208,0.0,1.0,0.0,0,0,0
rpoBC,763040.0,0.0,0.0,0.0,0.0,0,0,0
rpoBC,763041.0,0.0,0.0,0.0,0.0,0,0,0
rpoBC,763042.0,0.0,0.0,0.0,0.0,0,0,0
rpoBC,763043.0,0.0,0.0,0.0,0.0,0,0,0
rpoBC,763044.0,0.0,0.0,0.0,0.0,0,0,0
rpoBC,763045.0,0.0,-0.0012346006,0.0,1.0,0,0,0
rpoBC,763046.0,0.0,0.0,0.0,0.0,0,0,0
rpoBC,763047.0,0.0,0.0,0.0,0.0,0,0,0
rpoBC,763048.0,0.0,0.0,0.0,0.0,0,0,0
rpoBC,763049.0,0.0,0.0,0.0,0.0,0,0,0
rpoBC,763050.0,0.0,0.0,0.0,0.0,0,0,0
rpoBC,763051.0,0.0,0.0,0.0,0.0,0,0,0
rpoBC,763052.0,0.0,0.0,0.0,0.0,0,0,0
rpoBC,763053.0,0.0,0.0,0.0,0.0,0,0,0
rpoBC,763054.0,0.0,0.0,0.0,0.0,0,0,0
rpoBC,763055.0,0.0,0.0,0.0,0.0,0,0,0
rpoBC,763056.0,0.0,0.0,0.0,0.0,0,0,0
rpoBC,763057.0,0.0,0.0,0.0,0.0,0,0,0
rpoBC,763058.0,0.0,0.0,0.0,0.0,0,0,0
rpoBC,763059.0,0.0,0.0,0.0,0.0,0,0,0
rpoBC,763060.0,0.0,0.0,0.0,0.0,0,0,0
rpoBC,763061.0,0.0,0.0,0.0,0.0,0,0,0
rpoBC,763062.0,0.0,0.0,0.0,0.0,0,0,0
rpoBC,763063.0,0.0,0.0,0.0,0.0,0,0,0
rpoBC,763064.0,0.0,0.0,0.0,0.0,0,0,0
rpoBC,763065.0,0.0,0.0,0.0,0.0,0,0,0
rpoBC,763066.0,0.0,0.0,0.0,0.0,0,0,0
rpoBC,763067.0,0.0,0.0,0.0,0.0,0,0,0
rpoBC,763068.0,0.0,0.0,0.0,0.0,0,0,0
rpoBC,763069.0,0.0,0.0,0.0,0.0,0,0,0
rpoBC,763070.0,0.0,0.0,0.0,0.0,0,0,0
rpoBC,763071.0,0.0,0.0,0.0,0.0,0,0,0
rpoBC,763072.0,0.0,0.0,0.0,0.0,0,0,0
rpoBC,763073.0,0.0,0.0,0.0,0.0,0,0,0
rpoBC,763074.0,0.0,0.0,0.0,0.0,0,0,0
rpoBC,763075.0,0.0,0.0,0.0,0.0,0,0,0
rpoBC,763076.0,0.0,0.0,0.0,0.0,0,0,0
rpoBC,763077.0,0.0,0.0,0.0,0.0,0,0,0
rpoBC,763078.0,0.0,0.0,0.0,0.0,0,0,0
rpoBC,763079.0,0.0,0.0,0.0,0.0,0,0,0
rpoBC,763080.0,0.0,0.0,0.0,0.0,0,0,0
rpoBC,763081.0,0.0,0.0,0.0,0.0,0,0,0
rpoBC,763082.0,0.0,0.0,0.0,0.0,0,0,0
rpoBC,763083.0,0.0,0.0,0.0,0.0,0,0,0
rpoBC,763084.0,0.0,0.0,0.0,0.0,0,0,0
rpoBC,763085.0,0.0,0.0,0.0,0.0,0,0,0
rpoBC,763086.0,0.0,0.0,0.0,0.0,0,0,0
rpoBC,763087.0,0.0,0.0,0.0,0.0,0,0,0
rpoBC,763088.0,0.0,0.0,0.0,0.0,0,0,0
rpoBC,763089.0,0.0,0.0,0.0,0.0,0,0,0
rpoBC,763090.0,0.0,-0.00250682,0.0,1.0,0,0,0
rpoBC,763091.0,0.0,0.0,0.0,0.0,0,0,0
rpoBC,763092.0,0.0,0.0,0.0,0.0,0,0,0
rpoBC,763093.0,0.0,0.0,0.0,0.0,0,0,0
rpoBC,763094.0,0.0,0.0,0.0,0.0,0,0,0
rpoBC,763095.0,0.0,0.0,0.0,0.0,0,0,0
rpoBC,763096.0,0.0,0.0,0.0,0.0,0,0,0
rpoBC,763097.0,0.0,-0.0022834917,0.0,1.0,0,0,0
rpoBC,763098.0,0.0,0.0,0.0,0.0,0,0,0
rpoBC,763099.0,0.0,0.0,0.0,0.0,0,0,0
rpoBC,763100.0,0.0,0.0,0.0,0.0,0,0,0
rpoBC,763101.0,0.0,0.0,0.0,0.0,0,0,0
rpoBC,763102.0,0.0,0.0,0.0,0.0,0,0,0
rpoBC,763103.0,0.0,0.0,0.0,0.0,0,0,0
rpoBC,763104.0,0.0,0.0,0.0,0.0,0,0,0
rpoBC,763105.0,0.0,0.0,0.0,0.0,0,0,0
rpoBC,763106.0,0.0,0.0,0.0,0.0,0,0,0
rpoBC,763107.0,0.0,0.0,0.0,0.0,0,0,0
rpoBC,763108.0,0.0,0.0,0.0,0.0,0,0,0
rpoBC,763109.0,0.0,0.0,0.0,0.0,0,0,0
rpoBC,763110.0,0.0,0.0,0.0,0.0,0,0,0
rpoBC,763111.0,0.0,0.0,0.0,0.0,0,0,0
rpoBC,763112.0,0.0,0.0,0.0,0.0,0,0,0
rpoBC,763113.0,0.0,0.0,0.0,0.0,0,0,0
rpoBC,763114.0,0.0,0.0,0.0,0.0,0,0,0
rpoBC,763115.0,0.0,0.0,0.0,0.0,0,0,0
rpoBC,763116.0,0.0,0.0,0.0,0.0,0,0,0
rpoBC,763117.0,0.0,0.0,0.0,0.0,0,0,0
rpoBC,763118.0,0.0,0.0,0.0,0.0,0,0,0
rpoBC,763119.0,0.0,0.0,0.0,0.0,0,0,0
rpoBC,763120.0,0.0,0.0,0.0,0.0,0,0,0
rpoBC,763121.0,0.0,0.0,0.0,0.0,0,0,0
rpoBC,763122.0,0.0,0.0,0.0,0.0,0,0,0
rpoBC,763123.0,0.012211524,0.0,1.0,0.0,0,0,0
rpoBC,763124.0,0.0,0.0,0.0,0.0,0,0,0
rpoBC,763125.0,0.0,0.0,0.0,0.0,0,0,0
rpoBC,763126.0,0.0,0.0,0.0,0.0,0,0,0
rpoBC,763127.0,0.0,0.0,0.0,0.0,0,0,0
rpoBC,763128.0,0.0,0.0,0.0,0.0,0,0,0
rpoBC,763129.0,0.0,0.0,0.0,0.0,0,0,0
rpoBC,763130.0,0.0,0.0,0.0,0.0,0,0,0
rpoBC,763131.0,0.0,0.0,0.0,0.0,0,0,0
rpoBC,763132.0,0.0,0.0,0.0,0.0,0,0,0
rpoBC,763133.0,0.0,-0.0039464906,0.0,1.0,0,0,0
rpoBC,763134.0,0.0,0.0,0.0,0.0,0,0,0
rpoBC,763135.0,0.0,0.0,0.0,0.0,0,0,0
rpoBC,763136.0,0.0,0.0,0.0,0.0,0,0,0
rpoBC,763137.0,0.0,0.0,0.0,0.0,0,0,0
rpoBC,763138.0,0.0,0.0,0.0,0.0,0,0,0
rpoBC,763139.0,0.0,0.0,0.0,0.0,0,0,0
rpoBC,763140.0,0.0,0.0,0.0,0.0,0,0,0
rpoBC,763141.0,0.0,0.0,0.0,0.0,0,0,0
rpoBC,763142.0,0.0,0.0,0.0,0.0,0,0,0
rpoBC,763143.0,0.0,0.0,0.0,0.0,0,0,0
rpoBC,763144.0,0.0,0.0,0.0,0.0,0,0,0
rpoBC,763145.0,0.0,0.0,0.0,0.0,0,0,0
rpoBC,763146.0,0.0,0.0,0.0,0.0,0,0,0
rpoBC,763147.0,0.0,0.0,0.0,0.0,0,0,0
rpoBC,763148.0,0.0,0.0,0.0,0.0,0,0,0
rpoBC,763149.0,0.0,0.0,0.0,0.0,0,0,0
rpoBC,763150.0,0.0,0.0,0.0,0.0,0,0,0
rpoBC,763151.0,0.0,0.0,0.0,0.0,0,0,0
rpoBC,763152.0,0.0,0.0,0.0,0.0,0,0,0
rpoBC,763153.0,0.0,0.0,0.0,0.0,0,0,0
rpoBC,763154.0,0.0,0.0,0.0,0.0,0,0,0
rpoBC,763155.0,0.0,0.0,0.0,0.0,0,0,0
rpoBC,763156.0,0.0,0.0,0.0,0.0,0,0,0
rpoBC,763157.0,0.0,0.0,0.0,0.0,0,0,0
rpoBC,763158.0,0.0,0.0,0.0,0.0,0,0,0
rpoBC,763159.0,0.0,0.0,0.0,0.0,0,0,0
rpoBC,763160.0,0.0,0.0,0.0,0.0,0,0,0
rpoBC,763161.0,0.0,0.0,0.0,0.0,0,0,0
rpoBC,763162.0,0.0,0.0,0.0,0.0,0,0,0
rpoBC,763163.0,0.0,0.0,0.0,0.0,0,0,0
rpoBC,763164.0,0.0,0.0,0.0,0.0,0,0,0
rpoBC,763165.0,0.0,0.0,0.0,0.0,0,0,0
rpoBC,763166.0,0.0,0.0,0.0,0.0,0,0,0
rpoBC,763167.0,0.0,0.0,0.0,0.0,0,0,0
rpoBC,763168.0,0.0,0.0,0.0,0.0,0,0,0
rpoBC,763169.0,0.0,-0.004354782,0.0,1.0,0,0,0
rpoBC,763170.0,0.0,0.0,0.0,0.0,0,0,0
rpoBC,763171.0,0.0,0.0,0.0,0.0,0,0,0
rpoBC,763172.0,0.0,0.0,0.0,0.0,0,0,0
rpoBC,763173.0,0.0,0.0,0.0,0.0,0,0,0
rpoBC,763174.0,0.0,0.0,0.0,0.0,0,0,0
rpoBC,763175.0,0.0,0.0,0.0,0.0,0,0,0
rpoBC,763176.0,0.0,0.0,0.0,0.0,0,0,0
rpoBC,763177.0,0.0,0.0,0.0,0.0,0,0,0
rpoBC,763178.0,0.0,0.0,0.0,0.0,0,0,0
rpoBC,763179.0,0.0,0.0,0.0,0.0,0,0,0
rpoBC,763180.0,0.0,0.0,0.0,0.0,0,0,0
rpoBC,763181.0,0.0,0.0,0.0,0.0,0,0,0
rpoBC,763182.0,0.0,0.0,0.0,0.0,0,0,0
rpoBC,763183.0,0.0,0.0,0.0,0.0,0,0,0
rpoBC,763184.0,0.0036233289,0.0,1.0,0.0,0,0,0
rpoBC,763185.0,0.0,0.0,0.0,0.0,0,0,0
rpoBC,763186.0,0.0,0.0,0.0,0.0,0,0,0
rpoBC,763187.0,0.0,0.0,0.0,0.0,0,0,0
rpoBC,763188.0,0.0,0.0,0.0,0.0,0,0,0
rpoBC,763189.0,0.0,0.0,0.0,0.0,0,0,0
rpoBC,763190.0,0.0,0.0,0.0,0.0,0,0,0
rpoBC,763191.0,0.0,0.0,0.0,0.0,0,0,0
rpoBC,763192.0,0.0,0.0,0.0,0.0,0,0,0
rpoBC,763193.0,0.0,0.0,0.0,0.0,0,0,0
rpoBC,763194.0,0.0,0.0,0.0,0.0,0,0,0
rpoBC,763195.0,0.0,0.0,0.0,0.0,0,0,0
rpoBC,763196.0,0.0,0.0,0.0,0.0,0,0,0
rpoBC,763197.0,0.0,0.0,0.0,0.0,0,0,0
rpoBC,763198.0,0.0,0.0,0.0,0.0,0,0,0
rpoBC,763199.0,0.0,0.0,0.0,0.0,0,0,0
rpoBC,763200.0,0.0,0.0,0.0,0.0,0,0,0
rpoBC,763201.0,0.0,0.0,0.0,0.0,0,0,0
rpoBC,763202.0,0.0,0.0,0.0,0.0,0,0,0
rpoBC,763203.0,0.0,0.0,0.0,0.0,0,0,0
rpoBC,763204.0,0.0,0.0,0.0,0.0,0,0,0
rpoBC,763205.0,0.0,-0.0018338528,0.0,1.0,0,0,0
rpoBC,763206.0,0.0,-0.0021894274,0.0,1.0,0,0,0
rpoBC,763207.0,0.0,0.0,0.0,0.0,0,0,0
rpoBC,763208.0,0.0,0.0,0.0,0.0,0,0,0
rpoBC,763209.0,0.0,0.0,0.0,0.0,0,0,0
rpoBC,763210.0,0.0,0.0,0.0,0.0,0,0,0
rpoBC,763211.0,0.0,0.0,0.0,0.0,0,0,0
rpoBC,763212.0,0.0,0.0,0.0,0.0,0,0,0
rpoBC,763213.0,0.0,0.0,0.0,0.0,0,0,0
rpoBC,763214.0,0.0,0.0,0.0,0.0,0,0,0
rpoBC,763215.0,0.0,0.0,0.0,0.0,0,0,0
rpoBC,763216.0,0.0,0.0,0.0,0.0,0,0,0
rpoBC,763217.0,0.0,0.0,0.0,0.0,0,0,0
rpoBC,763218.0,0.0,0.0,0.0,0.0,0,0,0
rpoBC,763219.0,0.0,0.0,0.0,0.0,0,0,0
rpoBC,763220.0,0.0,0.0,0.0,0.0,0,0,0
rpoBC,763221.0,0.0,0.0,0.0,0.0,0,0,0
rpoBC,763222.0,0.0,0.0,0.0,0.0,0,0,0
rpoBC,763223.0,0.0,0.0,0.0,0.0,0,0,0
rpoBC,763224.0,0.0,0.0,0.0,0.0,0,0,0
rpoBC,763225.0,0.0,0.0,0.0,0.0,0,0,0
rpoBC,763226.0,0.0,0.0,0.0,0.0,0,0,0
rpoBC,763227.0,0.0,0.0,0.0,0.0,0,0,0
rpoBC,763228.0,0.0,0.0,0.0,0.0,0,0,0
rpoBC,763229.0,0.0,0.0,0.0,0.0,0,0,0
rpoBC,763230.0,0.0,0.0,0.0,0.0,0,0,0
rpoBC,763231.0,0.0,0.0,0.0,0.0,0,0,0
rpoBC,763232.0,0.0,0.0,0.0,0.0,0,0,0
rpoBC,763233.0,0.0,0.0,0.0,0.0,0,0,0
rpoBC,763234.0,0.0,0.0,0.0,0.0,0,0,0
rpoBC,763235.0,0.0,0.0,0.0,0.0,0,0,0
rpoBC,763236.0,0.0,0.0,0.0,0.0,0,0,0
rpoBC,763237.0,0.0,0.0,0.0,0.0,0,0,0
rpoBC,763238.0,0.0,0.0,0.0,0.0,0,0,0
rpoBC,763239.0,0.0,0.0,0.0,0.0,0,0,0
rpoBC,763240.0,0.0,0.0,0.0,0.0,0,0,0
rpoBC,763241.0,0.0,0.0,0.0,0.0,0,0,0
rpoBC,763242.0,0.0,0.0,0.0,0.0,0,0,0
rpoBC,763243.0,0.0024703704,0.0,1.0,0.0,0,0,0
rpoBC,763244.0,0.0,-0.0033466918,0.0,1.0,0,0,0
rpoBC,763245.0,0.0,0.0,0.0,0.0,0,0,0
rpoBC,763246.0,0.0,0.0,0.0,0.0,0,0,0
rpoBC,763247.0,0.0,0.0,0.0,0.0,0,0,0
rpoBC,763248.0,0.0,0.0,0.0,0.0,0,0,0
rpoBC,763249.0,0.0,0.0,0.0,0.0,0,0,0
rpoBC,763250.0,0.0,0.0,0.0,0.0,0,0,0
rpoBC,763251.0,0.0,0.0,0.0,0.0,0,0,0
rpoBC,763252.0,0.0,0.0,0.0,0.0,0,0,0
rpoBC,763253.0,0.0,0.0,0.0,0.0,0,0,0
rpoBC,763254.0,0.0,0.0,0.0,0.0,0,0,0
rpoBC,763255.0,0.0,0.0,0.0,0.0,0,0,0
rpoBC,763256.0,0.0,0.0,0.0,0.0,0,0,0
rpoBC,763257.0,0.0,0.0,0.0,0.0,0,0,0
rpoBC,763258.0,0.0,0.0,0.0,0.0,0,0,0
rpoBC,763259.0,0.0,0.0,0.0,0.0,0,0,0
rpoBC,763260.0,0.0,0.0,0.0,0.0,0,0,0
rpoBC,763261.0,0.0,0.0,0.0,0.0,0,0,0
rpoBC,763262.0,0.0,0.0,0.0,0.0,0,0,0
rpoBC,763263.0,0.0,0.0,0.0,0.0,0,0,0
rpoBC,763264.0,0.0,-0.004490893,0.0,1.0,0,0,0
rpoBC,763265.0,0.0,0.0,0.0,0.0,0,0,0
rpoBC,763266.0,0.0,0.0,0.0,0.0,0,0,0
rpoBC,763267.0,0.0,0.0,0.0,0.0,0,0,0
rpoBC,763268.0,0.0,0.0,0.0,0.0,0,0,0
rpoBC,763269.0,0.0,0.0,0.0,0.0,0,0,0
rpoBC,763270.0,0.001164983,0.0,1.0,0.0,0,0,0
rpoBC,763271.0,0.0,0.0,0.0,0.0,0,0,0
rpoBC,763272.0,0.0,0.0,0.0,0.0,0,0,0
rpoBC,763273.0,0.0,0.0,0.0,0.0,0,0,0
rpoBC,763274.0,0.0,0.0,0.0,0.0,0,0,0
rpoBC,763275.0,0.0,0.0,0.0,0.0,0,0,0
rpoBC,763276.0,0.0,0.0,0.0,0.0,0,0,0
rpoBC,763277.0,0.0,-0.011905625,0.0,1.0,0,0,0
rpoBC,763278.0,0.0,0.0,0.0,0.0,0,0,0
rpoBC,763279.0,0.0,0.0,0.0,0.0,0,0,0
rpoBC,763280.0,0.0,0.0,0.0,0.0,0,0,0
rpoBC,763281.0,0.0,0.0,0.0,0.0,0,0,0
rpoBC,763282.0,0.0,0.0,0.0,0.0,0,0,0
rpoBC,763283.0,0.0,0.0,0.0,0.0,0,0,0
rpoBC,763284.0,0.0,0.0,0.0,0.0,0,0,0
rpoBC,763285.0,0.0,0.0,0.0,0.0,0,0,0
rpoBC,763286.0,0.0,0.0,0.0,0.0,0,0,0
rpoBC,763287.0,0.0,0.0,0.0,0.0,0,0,0
rpoBC,763288.0,0.0,0.0,0.0,0.0,0,0,0
rpoBC,763289.0,0.0,0.0,0.0,0.0,0,0,0
rpoBC,763290.0,0.0,0.0,0.0,0.0,0,0,0
rpoBC,763291.0,0.0,0.0,0.0,0.0,0,0,0
rpoBC,763292.0,0.0,0.0,0.0,0.0,0,0,0
rpoBC,763293.0,0.0,0.0,0.0,0.0,0,0,0
rpoBC,763294.0,0.0,0.0,0.0,0.0,0,0,0
rpoBC,763295.0,0.0,0.0,0.0,0.0,0,0,0
rpoBC,763296.0,0.0,0.0,0.0,0.0,0,0,0
rpoBC,763297.0,0.0,0.0,0.0,0.0,0,0,0
rpoBC,763298.0,0.0,0.0,0.0,0.0,0,0,0
rpoBC,763299.0,0.0,0.0,0.0,0.0,0,0,0
rpoBC,763300.0,0.0,0.0,0.0,0.0,0,0,0
rpoBC,763301.0,0.0,0.0,0.0,0.0,0,0,0
rpoBC,763302.0,0.0,0.0,0.0,0.0,0,0,0
rpoBC,763303.0,0.0,0.0,0.0,0.0,0,0,0
rpoBC,763304.0,0.0,0.0,0.0,0.0,0,0,0
rpoBC,763305.0,0.0,0.0,0.0,0.0,0,0,0
rpoBC,763306.0,0.0,0.0,0.0,0.0,0,0,0
rpoBC,763307.0,0.0,0.0,0.0,0.0,0,0,0
rpoBC,763308.0,0.0,0.0,0.0,0.0,0,0,0
rpoBC,763309.0,0.0,0.0,0.0,0.0,0,0,0
rpoBC,763310.0,0.0,0.0,0.0,0.0,0,0,0
rpoBC,763311.0,0.0,0.0,0.0,0.0,0,0,0
rpoBC,763312.0,0.0,0.0,0.0,0.0,0,0,0
rpoBC,763313.0,0.0,0.0,0.0,0.0,0,0,0
rpoBC,763314.0,0.0,0.0,0.0,0.0,0,0,0
rpoBC,763315.0,0.0,0.0,0.0,0.0,0,0,0
rpoBC,763316.0,0.0,0.0,0.0,0.0,0,0,0
rpoBC,763317.0,0.0,0.0,0.0,0.0,0,0,0
rpoBC,763318.0,0.0,0.0,0.0,0.0,0,0,0
rpoBC,763319.0,0.0,0.0,0.0,0.0,0,0,0
rpoBC,763320.0,0.0,0.0,0.0,0.0,0,0,0
rpoBC,763321.0,0.0,0.0,0.0,0.0,0,0,0
rpoBC,763322.0,0.0,0.0,0.0,0.0,0,0,0
rpoBC,763323.0,0.0,0.0,0.0,0.0,0,0,0
rpoBC,763324.0,0.0,0.0,0.0,0.0,0,0,0
rpoBC,763325.0,0.0,0.0,0.0,0.0,0,0,0
rpoBC,763326.0,0.0,0.0,0.0,0.0,0,0,0
rpoBC,763327.0,0.0,0.0,0.0,0.0,0,0,0
rpoBC,763328.0,0.0,0.0,0.0,0.0,0,0,0
rpoBC,rpoBC_73,0.0,-0.022957534,0.0,1.0,0,0,0
rpoBC,763329.0,0.0,0.0,0.0,0.0,0,0,0
rpoBC,763330.0,0.0,0.0,0.0,0.0,0,0,0
rpoBC,763331.0,0.0,0.0,0.0,0.0,0,0,0
rpoBC,763332.0,0.0,0.0,0.0,0.0,0,0,0
rpoBC,763333.0,0.0,0.0,0.0,0.0,0,0,0
rpoBC,763334.0,0.0,0.0,0.0,0.0,0,0,0
rpoBC,763335.0,0.0,0.0,0.0,0.0,0,0,0
rpoBC,763336.0,0.0,0.0,0.0,0.0,0,0,0
rpoBC,763337.0,0.0,0.0,0.0,0.0,0,0,0
rpoBC,763338.0,0.0,0.0,0.0,0.0,0,0,0
rpoBC,763339.0,0.0,0.0,0.0,0.0,0,0,0
rpoBC,763340.0,0.0,0.0,0.0,0.0,0,0,0
rpoBC,763341.0,0.0,0.0,0.0,0.0,0,0,0
rpoBC,763342.0,0.0,0.0,0.0,0.0,0,0,0
rpoBC,763343.0,0.0,0.0,0.0,0.0,0,0,0
rpoBC,763344.0,0.0,0.0,0.0,0.0,0,0,0
rpoBC,763345.0,0.0,0.0,0.0,0.0,0,0,0
rpoBC,763346.0,0.0,0.0,0.0,0.0,0,0,0
rpoBC,763347.0,0.0,0.0,0.0,0.0,0,0,0
rpoBC,763348.0,0.0,0.0,0.0,0.0,0,0,0
rpoBC,763349.0,0.0,0.0,0.0,0.0,0,0,0
rpoBC,763350.0,0.0,0.0,0.0,0.0,0,0,0
rpoBC,763351.0,0.0,0.0,0.0,0.0,0,0,0
rpoBC,763352.0,0.0,0.0,0.0,0.0,0,0,0
rpoBC,763353.0,0.0,0.0,0.0,0.0,0,0,0
rpoBC,763354.0,0.0,0.0,0.0,0.0,0,0,0
rpoBC,763355.0,0.0,0.0,0.0,0.0,0,0,0
rpoBC,763356.0,0.0,0.0,0.0,0.0,0,0,0
rpoBC,763357.0,0.0,0.0,0.0,0.0,0,0,0
rpoBC,763358.0,0.0,0.0,0.0,0.0,0,0,0
rpoBC,763359.0,0.0,0.0,0.0,0.0,0,0,0
rpoBC,763360.0,0.0,0.0,0.0,0.0,0,0,0
rpoBC,763361.0,0.0,0.0,0.0,0.0,0,0,0
rpoBC,763362.0,0.0,0.0,0.0,0.0,0,0,0
rpoBC,763363.0,0.0,0.0,0.0,0.0,0,0,0
rpoBC,763364.0,0.0,0.0,0.0,0.0,0,0,0
rpoBC,763365.0,0.0,0.0,0.0,0.0,0,0,0
rpoBC,763366.0,0.0,0.0,0.0,0.0,0,0,0
rpoBC,763367.0,0.0,0.0,0.0,0.0,0,0,0
rpoBC,763368.0,0.0,0.0,0.0,0.0,0,0,0
rpoBC,763369.0,0.0,0.0,0.0,0.0,0,0,0
rpoBC,763370.0,0.0,0.0,0.0,0.0,0,0,0
rpoBC,763371.0,0.0,0.0,0.0,0.0,0,0,0
rpoBC,763372.0,0.0,0.0,0.0,0.0,0,0,0
rpoBC,763373.0,0.0,0.0,0.0,0.0,0,0,0
rpoBC,763374.0,0.0,0.0,0.0,0.0,0,0,0
rpoBC,763375.0,0.0,0.0,0.0,0.0,0,0,0
rpoBC,763376.0,0.0,0.0,0.0,0.0,0,0,0
rpoBC,763377.0,0.0,0.0,0.0,0.0,0,0,0
rpoBC,763378.0,0.0,-0.0016857483,0.0,0.0,0,0,0
rpoBC,763379.0,0.0,0.0,0.0,0.0,0,0,0
rpoBC,763380.0,0.0,0.0,0.0,0.0,0,0,0
rpoBC,763381.0,0.0,0.0,0.0,0.0,0,0,0
rpoBC,763382.0,0.0,0.0,0.0,0.0,0,0,0
rpoBC,763383.0,0.0,0.0,0.0,0.0,0,0,0
rpoBC,763384.0,0.0,0.0,0.0,0.0,0,0,0
rpoBC,763385.0,0.0,0.0,0.0,0.0,0,0,0
rpoBC,763386.0,0.0,0.0,0.0,0.0,0,0,0
rpoBC,763387.0,0.0,0.0,0.0,0.0,0,0,0
rpoBC,763388.0,0.0,0.0,0.0,0.0,0,0,0
rpoBC,763389.0,0.0,0.0,0.0,0.0,0,0,0
rpoBC,763390.0,0.0,0.0,0.0,0.0,0,0,0
rpoBC,763391.0,0.0,0.0,0.0,0.0,0,0,0
rpoBC,763392.0,0.0,0.0,0.0,0.0,0,0,0
rpoBC,763393.0,0.0,0.0,0.0,0.0,0,0,0
rpoBC,763394.0,0.0,0.0,0.0,0.0,0,0,0
rpoBC,763395.0,0.0,0.0,0.0,0.0,0,0,0
rpoBC,763396.0,0.0,0.0,0.0,0.0,0,0,0
rpoBC,763397.0,0.0,0.0,0.0,0.0,0,0,0
rpoBC,763398.0,0.0,0.0,0.0,0.0,0,0,0
rpoBC,763399.0,0.0,0.0,0.0,0.0,0,0,0
rpoBC,763400.0,0.0,0.0,0.0,0.0,0,0,0
rpoBC,763401.0,0.0,0.0,0.0,0.0,0,0,0
rpoBC,763402.0,0.0,0.0,0.0,0.0,0,0,0
rpoBC,763403.0,0.0,0.0,0.0,0.0,0,0,0
rpoBC,763404.0,0.0,0.0,0.0,0.0,0,0,0
rpoBC,763405.0,0.0,0.0,0.0,0.0,0,0,0
rpoBC,763406.0,0.0,0.0,0.0,0.0,0,0,0
rpoBC,763407.0,0.0,0.0,0.0,0.0,0,0,0
rpoBC,763408.0,0.0,0.0,0.0,0.0,0,0,0
rpoBC,763409.0,0.0,0.0,0.0,0.0,0,0,0
rpoBC,763410.0,0.0,0.0,0.0,0.0,0,0,0
rpoBC,763411.0,0.0,0.0,0.0,0.0,0,0,0
rpoBC,763412.0,0.0,0.0,0.0,0.0,0,0,0
rpoBC,763413.0,0.0,0.0,0.0,0.0,0,0,0
rpoBC,763414.0,0.0,0.0,0.0,0.0,0,0,0
rpoBC,763415.0,0.0,-0.0011632828,0.0,1.0,0,0,0
rpoBC,763416.0,0.0,0.0,0.0,0.0,0,0,0
rpoBC,763417.0,0.0,0.0,0.0,0.0,0,0,0
rpoBC,763418.0,0.0,0.0,0.0,0.0,0,0,0
rpoBC,763419.0,0.0,0.0,0.0,0.0,0,0,0
rpoBC,763420.0,0.0,0.0,0.0,0.0,0,0,0
rpoBC,763421.0,0.0,0.0,0.0,0.0,0,0,0
rpoBC,763422.0,0.0,0.0,0.0,0.0,0,0,0
rpoBC,763423.0,0.0,-0.003028158,0.0,1.0,0,0,0
rpoBC,763424.0,0.0,0.0,0.0,0.0,0,0,0
rpoBC,763425.0,0.0,0.0,0.0,0.0,0,0,0
rpoBC,763426.0,0.0,0.0,0.0,0.0,0,0,0
rpoBC,763427.0,0.0,0.0,0.0,0.0,0,0,0
rpoBC,763428.0,0.0,0.0,0.0,0.0,0,0,0
rpoBC,763429.0,0.0,0.0,0.0,0.0,0,0,0
rpoBC,763430.0,0.0,0.0,0.0,0.0,0,0,0
rpoBC,763431.0,0.0,0.0,0.0,0.0,0,0,0
rpoBC,763432.0,0.0,0.0,0.0,0.0,0,0,0
rpoBC,763433.0,0.0,0.0,0.0,0.0,0,0,0
rpoBC,763434.0,0.0,-0.0021966468,0.0,1.0,0,0,0
rpoBC,763435.0,0.0,0.0,0.0,0.0,0,0,0
rpoBC,763436.0,0.0,0.0,0.0,0.0,0,0,0
rpoBC,763437.0,0.0,0.0,0.0,0.0,0,0,0
rpoBC,763438.0,0.0,0.0,0.0,0.0,0,0,0
rpoBC,763439.0,0.0,0.0,0.0,0.0,0,0,0
rpoBC,763440.0,0.0,0.0,0.0,0.0,0,0,0
rpoBC,763441.0,0.0,0.0,0.0,0.0,0,0,0
rpoBC,763442.0,0.0,0.0,0.0,0.0,0,0,0
rpoBC,763443.0,0.0,0.0,0.0,0.0,0,0,0
rpoBC,763444.0,0.0,0.0,0.0,0.0,0,0,0
rpoBC,763445.0,0.0,0.0,0.0,0.0,0,0,0
rpoBC,763446.0,0.0,0.0,0.0,0.0,0,0,0
rpoBC,763447.0,0.0,0.0,0.0,0.0,0,0,0
rpoBC,763448.0,0.0,0.0,0.0,0.0,0,0,0
rpoBC,763449.0,0.0,0.0,0.0,0.0,0,0,0
rpoBC,763450.0,0.0,0.0,0.0,0.0,0,0,0
rpoBC,763451.0,0.0,0.0,0.0,0.0,0,0,0
rpoBC,763452.0,0.0,0.0,0.0,0.0,0,0,0
rpoBC,763453.0,0.0,0.0,0.0,0.0,0,0,0
rpoBC,763454.0,0.0,0.0,0.0,0.0,0,0,0
rpoBC,763455.0,0.0,0.0,0.0,0.0,0,0,0
rpoBC,763456.0,0.0,0.0,0.0,0.0,0,0,0
rpoBC,763457.0,0.0,0.0,0.0,0.0,0,0,0
rpoBC,763458.0,0.0,0.0,0.0,0.0,0,0,0
rpoBC,763459.0,0.0,0.0,0.0,0.0,0,0,0
rpoBC,763460.0,0.0,0.0,0.0,0.0,0,0,0
rpoBC,763461.0,0.0,0.0,0.0,0.0,0,0,0
rpoBC,763462.0,0.0,0.0,0.0,0.0,0,0,0
rpoBC,763463.0,0.0,0.0,0.0,0.0,0,0,0
rpoBC,763464.0,0.0,0.0,0.0,0.0,0,0,0
rpoBC,763465.0,0.0,0.0,0.0,0.0,0,0,0
rpoBC,763466.0,0.0,0.0,0.0,0.0,0,0,0
rpoBC,763467.0,0.0,0.0,0.0,0.0,0,0,0
rpoBC,763468.0,0.0,0.0,0.0,0.0,0,0,0
rpoBC,763469.0,0.0,0.0,0.0,0.0,0,0,0
rpoBC,763470.0,0.0,0.0,0.0,0.0,0,0,0
rpoBC,763471.0,0.0,0.0,0.0,0.0,0,0,0
rpoBC,763472.0,0.0,0.0,0.0,0.0,0,0,0
rpoBC,763473.0,0.0,0.0,0.0,0.0,0,0,0
rpoBC,763474.0,0.002617814,0.0,1.0,0.0,0,0,0
rpoBC,763475.0,0.0,0.0,0.0,0.0,0,0,0
rpoBC,763476.0,0.0,0.0,0.0,0.0,0,0,0
rpoBC,763477.0,0.0,0.0,0.0,0.0,0,0,0
rpoBC,763478.0,0.0,0.0,0.0,0.0,0,0,0
rpoBC,763479.0,0.0,0.0,0.0,0.0,0,0,0
rpoBC,763480.0,0.0,0.0,0.0,0.0,0,0,0
rpoBC,763481.0,0.0,0.0,0.0,0.0,0,0,0
rpoBC,763482.0,0.0,0.0,0.0,0.0,0,0,0
rpoBC,763483.0,0.0,0.0,0.0,0.0,0,0,0
rpoBC,763484.0,0.0,0.0,0.0,0.0,0,0,0
rpoBC,763485.0,0.0,-0.0055055157,0.0,1.0,0,0,0
rpoBC,763486.0,0.0,0.0,0.0,0.0,0,0,0
rpoBC,763487.0,0.0,0.0,0.0,0.0,0,0,0
rpoBC,763488.0,0.0,0.0,0.0,0.0,0,0,0
rpoBC,763489.0,0.0,0.0,0.0,0.0,0,0,0
rpoBC,763490.0,0.0,0.0,0.0,0.0,0,0,0
rpoBC,763491.0,0.0,0.0,0.0,0.0,0,0,0
rpoBC,763492.0,0.0,0.0,0.0,0.0,0,0,0
rpoBC,763493.0,0.0,0.0,0.0,0.0,0,0,0
rpoBC,763494.0,0.0,0.0,0.0,0.0,0,0,0
rpoBC,763495.0,0.0,0.0,0.0,0.0,0,0,0
rpoBC,763496.0,0.0,0.0,0.0,0.0,0,0,0
rpoBC,763497.0,0.0,0.0,0.0,0.0,0,0,0
rpoBC,763498.0,0.0,0.0,0.0,0.0,0,0,0
rpoBC,763499.0,0.0,0.0,0.0,0.0,0,0,0
rpoBC,763500.0,0.0,0.0,0.0,0.0,0,0,0
rpoBC,763501.0,0.0,-0.008032021,0.0,0.0,0,0,0
rpoBC,763502.0,0.0,0.0,0.0,0.0,0,0,0
rpoBC,763503.0,0.0,0.0,0.0,0.0,0,0,0
rpoBC,763504.0,0.0,0.0,0.0,0.0,0,0,0
rpoBC,763505.0,0.0,0.0,0.0,0.0,0,0,0
rpoBC,763506.0,0.0,0.0,0.0,0.0,0,0,0
rpoBC,763507.0,0.0,0.0,0.0,0.0,0,0,0
rpoBC,763508.0,0.0,0.0,0.0,0.0,0,0,0
rpoBC,763509.0,0.0,0.0,0.0,0.0,0,0,0
rpoBC,763510.0,0.0,0.0,0.0,0.0,0,0,0
rpoBC,763511.0,0.0,0.0,0.0,0.0,0,0,0
rpoBC,763512.0,0.0,0.0,0.0,0.0,0,0,0
rpoBC,763513.0,0.0,0.0,0.0,0.0,0,0,0
rpoBC,763514.0,0.0061316434,0.0,1.0,0.0,0,0,0
rpoBC,763515.0,0.0058313734,0.0,1.0,0.0,0,0,0
rpoBC,763516.0,0.0,0.0,0.0,0.0,0,0,0
rpoBC,763517.0,0.0,0.0,0.0,0.0,0,0,0
rpoBC,763518.0,0.0,0.0,0.0,0.0,0,0,0
rpoBC,763519.0,0.0,0.0,0.0,0.0,0,0,0
rpoBC,763520.0,0.0,0.0,0.0,0.0,0,0,0
rpoBC,763521.0,0.0,0.0,0.0,0.0,0,0,0
rpoBC,763522.0,0.0,0.0,0.0,0.0,0,0,0
rpoBC,763523.0,0.0,0.0,0.0,0.0,0,0,0
rpoBC,763524.0,0.0,0.0,0.0,0.0,0,0,0
rpoBC,763525.0,0.0,0.0,0.0,0.0,0,0,0
rpoBC,763526.0,0.0,0.0,0.0,0.0,0,0,0
rpoBC,763527.0,0.0,0.0,0.0,0.0,0,0,0
rpoBC,763528.0,0.0,0.0,0.0,0.0,0,0,0
rpoBC,763529.0,0.0,0.0,0.0,0.0,0,0,0
rpoBC,763530.0,0.0,0.0,0.0,0.0,0,0,0
rpoBC,763531.0,0.010960738,0.0,0.0,0.0,0,0,0
rpoBC,763532.0,0.0,0.0,0.0,0.0,0,0,0
rpoBC,763533.0,0.0,0.0,0.0,0.0,0,0,0
rpoBC,763534.0,0.0,0.0,0.0,0.0,0,0,0
rpoBC,763535.0,0.0,0.0,0.0,0.0,0,0,0
rpoBC,763536.0,0.0,0.0,0.0,0.0,0,0,0
rpoBC,763537.0,0.0,0.0,0.0,0.0,0,0,0
rpoBC,763538.0,0.0,0.0,0.0,0.0,0,0,0
rpoBC,763539.0,0.0,0.0,0.0,0.0,0,0,0
rpoBC,763540.0,0.0,0.0,0.0,0.0,0,0,0
rpoBC,763541.0,0.0,0.0,0.0,0.0,0,0,0
rpoBC,763542.0,0.0,0.0,0.0,0.0,0,0,0
rpoBC,763543.0,0.0,0.0,0.0,0.0,0,0,0
rpoBC,763544.0,0.0,0.0,0.0,0.0,0,0,0
rpoBC,763545.0,0.0,0.0,0.0,0.0,0,0,0
rpoBC,763546.0,0.0,0.0,0.0,0.0,0,0,0
rpoBC,763547.0,0.0,0.0,0.0,0.0,0,0,0
rpoBC,763548.0,0.0,0.0,0.0,0.0,0,0,0
rpoBC,763549.0,0.0,-0.008407931,0.0,1.0,0,0,0
rpoBC,763550.0,0.0,0.0,0.0,0.0,0,0,0
rpoBC,763551.0,0.0,-0.001706237,0.0,0.0,0,0,0
rpoBC,763552.0,0.0,-0.045900565,0.0,1.0,0,0,0
rpoBC,763553.0,0.0,0.0,0.0,0.0,0,0,0
rpoBC,763554.0,0.0,0.0,0.0,0.0,0,0,0
rpoBC,763555.0,0.0,-0.04477823,0.0,1.0,0,0,0
rpoBC,763556.0,0.0,0.0,0.0,0.0,0,0,0
rpoBC,763557.0,0.0,0.0,0.0,0.0,0,0,0
rpoBC,763558.0,0.0,0.0,0.0,0.0,0,0,0
rpoBC,763559.0,0.0,0.0,0.0,0.0,0,0,0
rpoBC,763560.0,0.0,0.0,0.0,0.0,0,0,0
rpoBC,763561.0,0.0,0.0,0.0,0.0,0,0,0
rpoBC,763562.0,0.0,0.0,0.0,0.0,0,0,0
rpoBC,763563.0,0.0,0.0,0.0,0.0,0,0,0
rpoBC,763564.0,0.0,0.0,0.0,0.0,0,0,0
rpoBC,763565.0,0.0,0.0,0.0,0.0,0,0,0
rpoBC,763566.0,0.0,0.0,0.0,0.0,0,0,0
rpoBC,763567.0,0.0,0.0,0.0,0.0,0,0,0
rpoBC,763568.0,0.0,0.0,0.0,0.0,0,0,0
rpoBC,763569.0,0.0,0.0,0.0,0.0,0,0,0
rpoBC,763570.0,0.0,0.0,0.0,0.0,0,0,0
rpoBC,763571.0,0.0,0.0,0.0,0.0,0,0,0
rpoBC,763572.0,0.0,0.0,0.0,0.0,0,0,0
rpoBC,763573.0,0.0,0.0,0.0,0.0,0,0,0
rpoBC,763574.0,0.0,0.0,0.0,0.0,0,0,0
rpoBC,763575.0,0.0,-0.009382327,0.0,1.0,0,0,0
rpoBC,763576.0,0.0,0.0,0.0,0.0,0,0,0
rpoBC,763577.0,0.0,0.0,0.0,0.0,0,0,0
rpoBC,763578.0,0.0,0.0,0.0,0.0,0,0,0
rpoBC,763579.0,0.0,0.0,0.0,0.0,0,0,0
rpoBC,763580.0,0.0,0.0,0.0,0.0,0,0,0
rpoBC,763581.0,0.0,0.0,0.0,0.0,0,0,0
rpoBC,763582.0,0.0,0.0,0.0,0.0,0,0,0
rpoBC,763583.0,0.0,0.0,0.0,0.0,0,0,0
rpoBC,763584.0,0.0,0.0,0.0,0.0,0,0,0
rpoBC,763585.0,0.0,0.0,0.0,0.0,0,0,0
rpoBC,763586.0,0.0,0.0,0.0,0.0,0,0,0
rpoBC,763587.0,0.0,0.0,0.0,0.0,0,0,0
rpoBC,763588.0,0.0,0.0,0.0,0.0,0,0,0
rpoBC,763589.0,0.0,0.0,0.0,0.0,0,0,0
rpoBC,763590.0,0.0,0.0,0.0,0.0,0,0,0
rpoBC,763591.0,0.0,0.0,0.0,0.0,0,0,0
rpoBC,763592.0,0.0,0.0,0.0,0.0,0,0,0
rpoBC,763593.0,0.0,0.0,0.0,0.0,0,0,0
rpoBC,763594.0,0.0,0.0,0.0,0.0,0,0,0
rpoBC,763595.0,0.0,0.0,0.0,0.0,0,0,0
rpoBC,763596.0,0.0,0.0,0.0,0.0,0,0,0
rpoBC,763597.0,0.0,0.0,0.0,0.0,0,0,0
rpoBC,763598.0,0.0,0.0,0.0,0.0,0,0,0
rpoBC,763599.0,0.0,0.0,0.0,0.0,0,0,0
rpoBC,763600.0,0.0,0.0,0.0,0.0,0,0,0
rpoBC,763601.0,0.0,0.0,0.0,0.0,0,0,0
rpoBC,763602.0,0.0,0.0,0.0,0.0,0,0,0
rpoBC,763603.0,0.0,0.0,0.0,0.0,0,0,0
rpoBC,763604.0,0.0,0.0,0.0,0.0,0,0,0
rpoBC,763605.0,0.0,0.0,0.0,0.0,0,0,0
rpoBC,763606.0,0.0,0.0,0.0,0.0,0,0,0
rpoBC,763607.0,0.0,0.0,0.0,0.0,0,0,0
rpoBC,763608.0,0.0,0.0,0.0,0.0,0,0,0
rpoBC,763609.0,0.0,0.0,0.0,0.0,0,0,0
rpoBC,763610.0,0.0,0.0,0.0,0.0,0,0,0
rpoBC,763611.0,0.0,0.0,0.0,0.0,0,0,0
rpoBC,763612.0,5.2624848e-05,-0.00054106035,0.0,0.0,0,0,0
rpoBC,763613.0,0.0,0.0,0.0,0.0,0,0,0
rpoBC,763614.0,0.0,0.0,0.0,0.0,0,0,0
rpoBC,763615.0,0.0,-0.00282291,0.0,1.0,0,0,0
rpoBC,763616.0,0.0,0.0,0.0,0.0,0,0,0
rpoBC,763617.0,0.0,0.0,0.0,0.0,0,0,0
rpoBC,763618.0,0.0,0.0,0.0,0.0,0,0,0
rpoBC,763619.0,0.0,0.0,0.0,0.0,0,0,0
rpoBC,763620.0,0.0,0.0,0.0,0.0,0,0,0
rpoBC,763621.0,0.0,0.0,0.0,0.0,0,0,0
rpoBC,763622.0,0.0,0.0,0.0,0.0,0,0,0
rpoBC,763623.0,0.0,0.0,0.0,0.0,0,0,0
rpoBC,763624.0,0.0,0.0,0.0,0.0,0,0,0
rpoBC,763625.0,0.0,0.0,0.0,0.0,0,0,0
rpoBC,763626.0,0.0,0.0,0.0,0.0,0,0,0
rpoBC,763627.0,0.0,0.0,0.0,0.0,0,0,0
rpoBC,763628.0,0.0,0.0,0.0,0.0,0,0,0
rpoBC,763629.0,0.0,0.0,0.0,0.0,0,0,0
rpoBC,763630.0,0.0020156377,0.0,1.0,0.0,0,0,0
rpoBC,763631.0,0.0,0.0,0.0,0.0,0,0,0
rpoBC,763632.0,0.0,0.0,0.0,0.0,0,0,0
rpoBC,763633.0,0.0,0.0,0.0,0.0,0,0,0
rpoBC,763634.0,0.0,0.0,0.0,0.0,0,0,0
rpoBC,763635.0,0.0,0.0,0.0,0.0,0,0,0
rpoBC,763636.0,0.0,0.0,0.0,0.0,0,0,0
rpoBC,763637.0,0.0,0.0,0.0,0.0,0,0,0
rpoBC,763638.0,0.0,0.0,0.0,0.0,0,0,0
rpoBC,763639.0,0.0,0.0,0.0,0.0,0,0,0
rpoBC,763640.0,0.0,0.0,0.0,0.0,0,0,0
rpoBC,763641.0,0.0,0.0,0.0,0.0,0,0,0
rpoBC,763642.0,0.0,0.0,0.0,0.0,0,0,0
rpoBC,763643.0,0.0,0.0,0.0,0.0,0,0,0
rpoBC,763644.0,0.0,-0.0033326282,0.0,1.0,0,0,0
rpoBC,763645.0,0.0,0.0,0.0,0.0,0,0,0
rpoBC,763646.0,0.0,0.0,0.0,0.0,0,0,0
rpoBC,763647.0,0.0,0.0,0.0,0.0,0,0,0
rpoBC,763648.0,0.0,0.0,0.0,0.0,0,0,0
rpoBC,763649.0,0.0,0.0,0.0,0.0,0,0,0
rpoBC,763650.0,0.0,0.0,0.0,0.0,0,0,0
rpoBC,763651.0,0.0,0.0,0.0,0.0,0,0,0
rpoBC,763652.0,0.0,0.0,0.0,0.0,0,0,0
rpoBC,763653.0,0.0,0.0,0.0,0.0,0,0,0
rpoBC,763654.0,0.00050881587,0.0,1.0,0.0,0,0,0
rpoBC,763655.0,0.0,0.0,0.0,0.0,0,0,0
rpoBC,763656.0,0.0,0.0,0.0,0.0,0,0,0
rpoBC,763657.0,0.0,0.0,0.0,0.0,0,0,0
rpoBC,763658.0,0.0,0.0,0.0,0.0,0,0,0
rpoBC,763659.0,0.0,0.0,0.0,0.0,0,0,0
rpoBC,763660.0,0.0,0.0,0.0,0.0,0,0,0
rpoBC,763661.0,0.0,0.0,0.0,0.0,0,0,0
rpoBC,763662.0,0.0,0.0,0.0,0.0,0,0,0
rpoBC,763663.0,0.0,0.0,0.0,0.0,0,0,0
rpoBC,763664.0,0.0,0.0,0.0,0.0,0,0,0
rpoBC,763665.0,0.0,0.0,0.0,0.0,0,0,0
rpoBC,763666.0,0.0,0.0,0.0,0.0,0,0,0
rpoBC,763667.0,0.0,0.0,0.0,0.0,0,0,0
rpoBC,763668.0,0.0,0.0,0.0,0.0,0,0,0
rpoBC,763669.0,0.0,0.0,0.0,0.0,0,0,0
rpoBC,763670.0,0.0,0.0,0.0,0.0,0,0,0
rpoBC,763671.0,0.0,0.0,0.0,0.0,0,0,0
rpoBC,763672.0,0.0,0.0,0.0,0.0,0,0,0
rpoBC,763673.0,0.0,0.0,0.0,0.0,0,0,0
rpoBC,763674.0,0.0,0.0,0.0,0.0,0,0,0
rpoBC,763675.0,0.0,0.0,0.0,0.0,0,0,0
rpoBC,763676.0,0.0,0.0,0.0,0.0,0,0,0
rpoBC,763677.0,0.0,-0.0013523439,0.0,1.0,0,0,0
rpoBC,763678.0,0.0,0.0,0.0,0.0,0,0,0
rpoBC,763679.0,0.0,0.0,0.0,0.0,0,0,0
rpoBC,763680.0,0.0,0.0,0.0,0.0,0,0,0
rpoBC,763681.0,0.0,0.0,0.0,0.0,0,0,0
rpoBC,763682.0,0.0,0.0,0.0,0.0,0,0,0
rpoBC,763683.0,0.0,0.0,0.0,0.0,0,0,0
rpoBC,763684.0,0.0,-0.0021994635,0.0,0.0,0,0,0
rpoBC,763685.0,0.0,0.0,0.0,0.0,0,0,0
rpoBC,763686.0,0.0,0.0,0.0,0.0,0,0,0
rpoBC,763687.0,0.0,0.0,0.0,0.0,0,0,0
rpoBC,763688.0,0.0,0.0,0.0,0.0,0,0,0
rpoBC,763689.0,0.0,0.0,0.0,0.0,0,0,0
rpoBC,763690.0,0.0058977134,0.0,1.0,0.0,0,0,0
rpoBC,763691.0,0.0,0.0,0.0,0.0,0,0,0
rpoBC,763692.0,0.0,0.0,0.0,0.0,0,0,0
rpoBC,763693.0,0.0,0.0,0.0,0.0,0,0,0
rpoBC,763694.0,0.0,0.0,0.0,0.0,0,0,0
rpoBC,763695.0,0.0,0.0,0.0,0.0,0,0,0
rpoBC,763696.0,0.0,0.0,0.0,0.0,0,0,0
rpoBC,763697.0,0.0,0.0,0.0,0.0,0,0,0
rpoBC,763698.0,0.0,0.0,0.0,0.0,0,0,0
rpoBC,763699.0,0.0,0.0,0.0,0.0,0,0,0
rpoBC,763700.0,0.0,0.0,0.0,0.0,0,0,0
rpoBC,763701.0,0.0,0.0,0.0,0.0,0,0,0
rpoBC,763702.0,0.0,0.0,0.0,0.0,0,0,0
rpoBC,763703.0,0.0,0.0,0.0,0.0,0,0,0
rpoBC,763704.0,0.0,0.0,0.0,0.0,0,0,0
rpoBC,763705.0,0.0,0.0,0.0,0.0,0,0,0
rpoBC,763706.0,0.0,0.0,0.0,0.0,0,0,0
rpoBC,763707.0,0.0,0.0,0.0,0.0,0,0,0
rpoBC,763708.0,0.0,0.0,0.0,0.0,0,0,0
rpoBC,763709.0,0.0,0.0,0.0,0.0,0,0,0
rpoBC,763710.0,0.0,0.0,0.0,0.0,0,0,0
rpoBC,763711.0,0.0,0.0,0.0,0.0,0,0,0
rpoBC,763712.0,0.0,0.0,0.0,0.0,0,0,0
rpoBC,763713.0,0.0,0.0,0.0,0.0,0,0,0
rpoBC,763714.0,0.0,0.0,0.0,0.0,0,0,0
rpoBC,763715.0,0.0,0.0,0.0,0.0,0,0,0
rpoBC,763716.0,0.0,0.0,0.0,0.0,0,0,0
rpoBC,763717.0,0.0,0.0,0.0,0.0,0,0,0
rpoBC,763718.0,0.0,0.0,0.0,0.0,0,0,0
rpoBC,763719.0,0.0,0.0,0.0,0.0,0,0,0
rpoBC,763720.0,0.0,0.0,0.0,0.0,0,0,0
rpoBC,763721.0,0.0,0.0,0.0,0.0,0,0,0
rpoBC,763722.0,0.0,0.0,0.0,0.0,0,0,0
rpoBC,763723.0,0.0,0.0,0.0,0.0,0,0,0
rpoBC,763724.0,0.0,0.0,0.0,0.0,0,0,0
rpoBC,763725.0,0.0,0.0,0.0,0.0,0,0,0
rpoBC,763726.0,0.0,0.0,0.0,0.0,0,0,0
rpoBC,763727.0,0.0,0.0,0.0,0.0,0,0,0
rpoBC,763728.0,0.0,0.0,0.0,0.0,0,0,0
rpoBC,763729.0,0.0,0.0,0.0,0.0,0,0,0
rpoBC,763730.0,0.0,0.0,0.0,0.0,0,0,0
rpoBC,763731.0,0.0,0.0,0.0,0.0,0,0,0
rpoBC,763732.0,0.0,0.0,0.0,0.0,0,0,0
rpoBC,763733.0,0.0,0.0,0.0,0.0,0,0,0
rpoBC,763734.0,0.0,0.0,0.0,0.0,0,0,0
rpoBC,763735.0,0.0,0.0,0.0,0.0,0,0,0
rpoBC,763736.0,0.0,0.0,0.0,0.0,0,0,0
rpoBC,763737.0,0.0,0.0,0.0,0.0,0,0,0
rpoBC,763738.0,0.0,0.0,0.0,0.0,0,0,0
rpoBC,763739.0,0.0,0.0,0.0,0.0,0,0,0
rpoBC,763740.0,0.0,0.0,0.0,0.0,0,0,0
rpoBC,763741.0,0.0,0.0,0.0,0.0,0,0,0
rpoBC,763742.0,0.0,0.0,0.0,0.0,0,0,0
rpoBC,763743.0,0.0,0.0,0.0,0.0,0,0,0
rpoBC,763744.0,0.0,0.0,0.0,0.0,0,0,0
rpoBC,763745.0,0.0,0.0,0.0,0.0,0,0,0
rpoBC,763746.0,0.0,0.0,0.0,0.0,0,0,0
rpoBC,763747.0,0.0,0.0,0.0,0.0,0,0,0
rpoBC,763748.0,0.0,0.0,0.0,0.0,0,0,0
rpoBC,763749.0,0.0,0.0,0.0,0.0,0,0,0
rpoBC,763750.0,0.0,0.0,0.0,0.0,0,0,0
rpoBC,763751.0,0.0,0.0,0.0,0.0,0,0,0
rpoBC,763752.0,0.0,0.0,0.0,0.0,0,0,0
rpoBC,763753.0,0.0,0.0,0.0,0.0,0,0,0
rpoBC,763754.0,0.0,0.0,0.0,0.0,0,0,0
rpoBC,763755.0,0.0,0.0,0.0,0.0,0,0,0
rpoBC,763756.0,0.0,0.0,0.0,0.0,0,0,0
rpoBC,763757.0,0.0,0.0,0.0,0.0,0,0,0
rpoBC,763758.0,0.0,0.0,0.0,0.0,0,0,0
rpoBC,763759.0,0.0,0.0,0.0,0.0,0,0,0
rpoBC,763760.0,0.0,0.0,0.0,0.0,0,0,0
rpoBC,763761.0,0.0,0.0,0.0,0.0,0,0,0
rpoBC,763762.0,0.0,0.0,0.0,0.0,0,0,0
rpoBC,763763.0,0.0,0.0,0.0,0.0,0,0,0
rpoBC,763764.0,0.0,0.0,0.0,0.0,0,0,0
rpoBC,763765.0,0.0,0.0,0.0,0.0,0,0,0
rpoBC,763766.0,0.0,0.0,0.0,0.0,0,0,0
rpoBC,763767.0,0.0,0.0,0.0,0.0,0,0,0
rpoBC,763768.0,0.0,0.0,0.0,0.0,0,0,0
rpoBC,763769.0,0.0,0.0,0.0,0.0,0,0,0
rpoBC,763770.0,0.0,0.0,0.0,0.0,0,0,0
rpoBC,763771.0,0.0,0.0,0.0,0.0,0,0,0
rpoBC,763772.0,0.0,0.0,0.0,0.0,0,0,0
rpoBC,763773.0,0.0,0.0,0.0,0.0,0,0,0
rpoBC,763774.0,0.0,0.0,0.0,0.0,0,0,0
rpoBC,763775.0,0.0,0.0,0.0,0.0,0,0,0
rpoBC,763776.0,0.0,0.0,0.0,0.0,0,0,0
rpoBC,763777.0,0.0,0.0,0.0,0.0,0,0,0
rpoBC,763778.0,0.0,0.0,0.0,0.0,0,0,0
rpoBC,763779.0,0.0,0.0,0.0,0.0,0,0,0
rpoBC,763780.0,0.0,0.0,0.0,0.0,0,0,0
rpoBC,763781.0,0.0,0.0,0.0,0.0,0,0,0
rpoBC,763782.0,0.0,0.0,0.0,0.0,0,0,0
rpoBC,763783.0,0.0,0.0,0.0,0.0,0,0,0
rpoBC,763784.0,0.0,-0.0022225156,0.0,1.0,0,0,0
rpoBC,763785.0,0.0,0.0,0.0,0.0,0,0,0
rpoBC,763786.0,0.0,0.0,0.0,0.0,0,0,0
rpoBC,763787.0,0.0,0.0,0.0,0.0,0,0,0
rpoBC,763788.0,0.0,0.0,0.0,0.0,0,0,0
rpoBC,763789.0,0.0,0.0,0.0,0.0,0,0,0
rpoBC,763790.0,0.0,0.0,0.0,0.0,0,0,0
rpoBC,763791.0,0.0,0.0,0.0,0.0,0,0,0
rpoBC,763792.0,0.0,0.0,0.0,0.0,0,0,0
rpoBC,763793.0,0.0,0.0,0.0,0.0,0,0,0
rpoBC,763794.0,0.0,0.0,0.0,0.0,0,0,0
rpoBC,763795.0,0.0,0.0,0.0,0.0,0,0,0
rpoBC,763796.0,0.0,0.0,0.0,0.0,0,0,0
rpoBC,763797.0,0.0,0.0,0.0,0.0,0,0,0
rpoBC,763798.0,0.0,0.0,0.0,0.0,0,0,0
rpoBC,763799.0,0.0,0.0,0.0,0.0,0,0,0
rpoBC,763800.0,0.0,0.0,0.0,0.0,0,0,0
rpoBC,763801.0,0.0,0.0,0.0,0.0,0,0,0
rpoBC,763802.0,0.0,0.0,0.0,0.0,0,0,0
rpoBC,763803.0,0.0,0.0,0.0,0.0,0,0,0
rpoBC,763804.0,0.0,0.0,0.0,0.0,0,0,0
rpoBC,763805.0,0.0,0.0,0.0,0.0,0,0,0
rpoBC,763806.0,0.0,0.0,0.0,0.0,0,0,0
rpoBC,763807.0,0.0,0.0,0.0,0.0,0,0,0
rpoBC,763808.0,0.0,0.0,0.0,0.0,0,0,0
rpoBC,763809.0,0.0,0.0,0.0,0.0,0,0,0
rpoBC,763810.0,0.0,0.0,0.0,0.0,0,0,0
rpoBC,763811.0,0.0,0.0,0.0,0.0,0,0,0
rpoBC,763812.0,0.0,0.0,0.0,0.0,0,0,0
rpoBC,763813.0,0.0,0.0,0.0,0.0,0,0,0
rpoBC,763814.0,0.0,0.0,0.0,0.0,0,0,0
rpoBC,763815.0,0.0,0.0,0.0,0.0,0,0,0
rpoBC,763816.0,0.0,0.0,0.0,0.0,0,0,0
rpoBC,763817.0,0.0,0.0,0.0,0.0,0,0,0
rpoBC,763818.0,0.0,0.0,0.0,0.0,0,0,0
rpoBC,763819.0,0.0,0.0,0.0,0.0,0,0,0
rpoBC,763820.0,0.0,0.0,0.0,0.0,0,0,0
rpoBC,763821.0,0.0,0.0,0.0,0.0,0,0,0
rpoBC,763822.0,0.0,0.0,0.0,0.0,0,0,0
rpoBC,763823.0,0.0,0.0,0.0,0.0,0,0,0
rpoBC,763824.0,0.0,0.0,0.0,0.0,0,0,0
rpoBC,763825.0,0.0,0.0,0.0,0.0,0,0,0
rpoBC,763826.0,0.0,0.0,0.0,0.0,0,0,0
rpoBC,763827.0,0.0,0.0,0.0,0.0,0,0,0
rpoBC,763828.0,0.0,0.0,0.0,0.0,0,0,0
rpoBC,763829.0,0.0,0.0,0.0,0.0,0,0,0
rpoBC,763830.0,0.0,0.0,0.0,0.0,0,0,0
rpoBC,763831.0,0.0,0.0,0.0,0.0,0,0,0
rpoBC,763832.0,0.0,0.0,0.0,0.0,0,0,0
rpoBC,763833.0,0.0,0.0,0.0,0.0,0,0,0
rpoBC,763834.0,0.0,0.0,0.0,0.0,0,0,0
rpoBC,763835.0,0.0,0.0,0.0,0.0,0,0,0
rpoBC,763836.0,0.0,0.0,0.0,0.0,0,0,0
rpoBC,763837.0,0.0,0.0,0.0,0.0,0,0,0
rpoBC,763838.0,0.0,0.0,0.0,0.0,0,0,0
rpoBC,763839.0,0.0,0.0,0.0,0.0,0,0,0
rpoBC,763840.0,0.0,0.0,0.0,0.0,0,0,0
rpoBC,763841.0,0.0,0.0,0.0,0.0,0,0,0
rpoBC,763842.0,0.0,0.0,0.0,0.0,0,0,0
rpoBC,763843.0,0.0,0.0,0.0,0.0,0,0,0
rpoBC,763844.0,0.0,0.0,0.0,0.0,0,0,0
rpoBC,763845.0,0.0,0.0,0.0,0.0,0,0,0
rpoBC,763846.0,0.0,0.0,0.0,0.0,0,0,0
rpoBC,763847.0,0.0,0.0,0.0,0.0,0,0,0
rpoBC,763848.0,0.0,0.0,0.0,0.0,0,0,0
rpoBC,763849.0,0.0,0.0,0.0,0.0,0,0,0
rpoBC,763850.0,0.0,0.0,0.0,0.0,0,0,0
rpoBC,763851.0,0.0,0.0,0.0,0.0,0,0,0
rpoBC,763852.0,0.0,0.0,0.0,0.0,0,0,0
rpoBC,763853.0,0.0,0.0,0.0,0.0,0,0,0
rpoBC,763854.0,0.0,0.0,0.0,0.0,0,0,0
rpoBC,763855.0,0.0,0.0,0.0,0.0,0,0,0
rpoBC,763856.0,0.0,0.0,0.0,0.0,0,0,0
rpoBC,763857.0,0.0,0.0,0.0,0.0,0,0,0
rpoBC,763858.0,0.0,0.0,0.0,0.0,0,0,0
rpoBC,763859.0,0.0,0.0,0.0,0.0,0,0,0
rpoBC,763860.0,0.0,0.0,0.0,0.0,0,0,0
rpoBC,763861.0,0.0,0.0,0.0,0.0,0,0,0
rpoBC,763862.0,0.0,0.0,0.0,0.0,0,0,0
rpoBC,763863.0,0.0,0.0,0.0,0.0,0,0,0
rpoBC,763864.0,0.0,0.0,0.0,0.0,0,0,0
rpoBC,763865.0,0.0,0.0,0.0,0.0,0,0,0
rpoBC,763866.0,0.0,0.0,0.0,0.0,0,0,0
rpoBC,763867.0,0.0,0.0,0.0,0.0,0,0,0
rpoBC,763868.0,0.0,0.0,0.0,0.0,0,0,0
rpoBC,763869.0,0.0,0.0,0.0,0.0,0,0,0
rpoBC,763870.0,0.0,0.0,0.0,0.0,0,0,0
rpoBC,763871.0,0.0,0.0,0.0,0.0,0,0,0
rpoBC,763872.0,0.0,0.0,0.0,0.0,0,0,0
rpoBC,763873.0,0.0,0.0,0.0,0.0,0,0,0
rpoBC,763874.0,0.0,0.0,0.0,0.0,0,0,0
rpoBC,763875.0,0.0,0.0,0.0,0.0,0,0,0
rpoBC,763876.0,0.0,0.0,0.0,0.0,0,0,0
rpoBC,763877.0,0.0,0.0,0.0,0.0,0,0,0
rpoBC,763878.0,0.0,0.0,0.0,0.0,0,0,0
rpoBC,763879.0,0.0,0.0,0.0,0.0,0,0,0
rpoBC,763880.0,0.0,0.0,0.0,0.0,0,0,0
rpoBC,763881.0,0.0,0.0,0.0,0.0,0,0,0
rpoBC,763882.0,0.0,0.0,0.0,0.0,0,0,0
rpoBC,763883.0,0.0,0.0,0.0,0.0,0,0,0
rpoBC,763884.0,0.03489921,0.0,1.0,0.0,0,0,0
rpoBC,763885.0,0.00447601,0.0,0.0,0.0,0,0,0
rpoBC,763886.0,0.012078958,-0.010607701,0.0,0.0,0,0,0
rpoBC,763887.0,0.0,0.0,0.0,0.0,0,0,0
rpoBC,763888.0,0.0,0.0,0.0,0.0,0,0,0
rpoBC,763889.0,0.0,0.0,0.0,0.0,0,0,0
rpoBC,763890.0,0.0,0.0,0.0,0.0,0,0,0
rpoBC,763891.0,0.0002866406,0.0,0.0,0.0,0,0,0
rpoBC,763892.0,0.0,0.0,0.0,0.0,0,0,0
rpoBC,763893.0,0.0,0.0,0.0,0.0,0,0,0
rpoBC,763894.0,0.0,0.0,0.0,0.0,0,0,0
rpoBC,763895.0,0.0,0.0,0.0,0.0,0,0,0
rpoBC,763896.0,0.0,0.0,0.0,0.0,0,0,0
rpoBC,763897.0,0.0,0.0,0.0,0.0,0,0,0
rpoBC,763898.0,0.0,0.0,0.0,0.0,0,0,0
rpoBC,763899.0,0.0,0.0,0.0,0.0,0,0,0
rpoBC,763900.0,0.0,0.0,0.0,0.0,0,0,0
rpoBC,763901.0,0.0,0.0,0.0,0.0,0,0,0
rpoBC,763902.0,0.0,0.0,0.0,0.0,0,0,0
rpoBC,763903.0,0.0,0.0,0.0,0.0,0,0,0
rpoBC,763904.0,0.0,0.0,0.0,0.0,0,0,0
rpoBC,763905.0,0.0,0.0,0.0,0.0,0,0,0
rpoBC,763906.0,0.0,0.0,0.0,0.0,0,0,0
rpoBC,763907.0,0.0,0.0,0.0,0.0,0,0,0
rpoBC,763908.0,0.0,0.0,0.0,0.0,0,0,0
rpoBC,763909.0,0.0,0.0,0.0,0.0,0,0,0
rpoBC,763910.0,0.0,0.0,0.0,0.0,0,0,0
rpoBC,763911.0,0.0,0.0,0.0,0.0,0,0,0
rpoBC,763912.0,0.0,0.0,0.0,0.0,0,0,0
rpoBC,763913.0,0.0,0.0,0.0,0.0,0,0,0
rpoBC,763914.0,0.0,0.0,0.0,0.0,0,0,0
rpoBC,763915.0,0.0,-0.008305486,0.0,1.0,0,0,0
rpoBC,763916.0,0.0,0.0,0.0,0.0,0,0,0
rpoBC,763917.0,0.0,0.0,0.0,0.0,0,0,0
rpoBC,763918.0,0.0,0.0,0.0,0.0,0,0,0
rpoBC,763919.0,0.0,0.0,0.0,0.0,0,0,0
rpoBC,763920.0,0.0,0.0,0.0,0.0,0,0,0
rpoBC,763921.0,0.0,0.0,0.0,0.0,0,0,0
rpoBC,763922.0,0.0,0.0,0.0,0.0,0,0,0
rpoBC,763923.0,0.0,0.0,0.0,0.0,0,0,0
rpoBC,763924.0,0.0,0.0,0.0,0.0,0,0,0
rpoBC,763925.0,0.0,0.0,0.0,0.0,0,0,0
rpoBC,763926.0,0.0,0.0,0.0,0.0,0,0,0
rpoBC,763927.0,0.0,0.0,0.0,0.0,0,0,0
rpoBC,763928.0,0.0,0.0,0.0,0.0,0,0,0
rpoBC,763929.0,0.0,0.0,0.0,0.0,0,0,0
rpoBC,763930.0,0.0,0.0,0.0,0.0,0,0,0
rpoBC,763931.0,0.0,0.0,0.0,0.0,0,0,0
rpoBC,763932.0,0.0,0.0,0.0,0.0,0,0,0
rpoBC,763933.0,0.0,0.0,0.0,0.0,0,0,0
rpoBC,763934.0,0.0,0.0,0.0,0.0,0,0,0
rpoBC,763935.0,0.0,0.0,0.0,0.0,0,0,0
rpoBC,763936.0,0.0,0.0,0.0,0.0,0,0,0
rpoBC,763937.0,0.0,0.0,0.0,0.0,0,0,0
rpoBC,763938.0,0.0,0.0,0.0,0.0,0,0,0
rpoBC,763939.0,0.0,0.0,0.0,0.0,0,0,0
rpoBC,763940.0,0.0,0.0,0.0,0.0,0,0,0
rpoBC,763941.0,0.0,0.0,0.0,0.0,0,0,0
rpoBC,763942.0,0.0,0.0,0.0,0.0,0,0,0
rpoBC,763943.0,0.0,0.0,0.0,0.0,0,0,0
rpoBC,763944.0,0.0,0.0,0.0,0.0,0,0,0
rpoBC,763945.0,0.0,0.0,0.0,0.0,0,0,0
rpoBC,763946.0,0.0,0.0,0.0,0.0,0,0,0
rpoBC,763947.0,0.0,0.0,0.0,0.0,0,0,0
rpoBC,763948.0,0.0,0.0,0.0,0.0,0,0,0
rpoBC,763949.0,0.0,0.0,0.0,0.0,0,0,0
rpoBC,763950.0,0.0,0.0,0.0,0.0,0,0,0
rpoBC,763951.0,0.0,0.0,0.0,0.0,0,0,0
rpoBC,763952.0,0.0,0.0,0.0,0.0,0,0,0
rpoBC,763953.0,0.0,0.0,0.0,0.0,0,0,0
rpoBC,763954.0,0.0,0.0,0.0,0.0,0,0,0
rpoBC,763955.0,0.0,0.0,0.0,0.0,0,0,0
rpoBC,763956.0,0.0,0.0,0.0,0.0,0,0,0
rpoBC,763957.0,0.0,0.0,0.0,0.0,0,0,0
rpoBC,763958.0,0.0,0.0,0.0,0.0,0,0,0
rpoBC,763959.0,0.0,0.0,0.0,0.0,0,0,0
rpoBC,763960.0,0.0,0.0,0.0,0.0,0,0,0
rpoBC,763961.0,0.0,0.0,0.0,0.0,0,0,0
rpoBC,763962.0,0.0,0.0,0.0,0.0,0,0,0
rpoBC,763963.0,0.0,0.0,0.0,0.0,0,0,0
rpoBC,763964.0,0.0,0.0,0.0,0.0,0,0,0
rpoBC,763965.0,0.0,0.0,0.0,0.0,0,0,0
rpoBC,763966.0,0.0,-0.0012046506,0.0,1.0,0,0,0
rpoBC,763967.0,0.0,0.0,0.0,0.0,0,0,0
rpoBC,763968.0,0.0,0.0,0.0,0.0,0,0,0
rpoBC,763969.0,0.0,0.0,0.0,0.0,0,0,0
rpoBC,763970.0,0.0,0.0,0.0,0.0,0,0,0
rpoBC,763971.0,0.0,0.0,0.0,0.0,0,0,0
rpoBC,763972.0,0.0,0.0,0.0,0.0,0,0,0
rpoBC,763973.0,0.0,0.0,0.0,0.0,0,0,0
rpoBC,763974.0,0.0,0.0,0.0,0.0,0,0,0
rpoBC,763975.0,0.0,0.0,0.0,0.0,0,0,0
rpoBC,763976.0,0.0,0.0,0.0,0.0,0,0,0
rpoBC,763977.0,0.0,0.0,0.0,0.0,0,0,0
rpoBC,763978.0,0.0,0.0,0.0,0.0,0,0,0
rpoBC,763979.0,0.0,0.0,0.0,0.0,0,0,0
rpoBC,763980.0,0.0,0.0,0.0,0.0,0,0,0
rpoBC,763981.0,0.0,0.0,0.0,0.0,0,0,0
rpoBC,763982.0,0.0,0.0,0.0,0.0,0,0,0
rpoBC,763983.0,0.0,0.0,0.0,0.0,0,0,0
rpoBC,763984.0,0.0,0.0,0.0,0.0,0,0,0
rpoBC,763985.0,0.0,-0.0060089417,0.0,1.0,0,0,0
rpoBC,763986.0,0.0,0.0,0.0,0.0,0,0,0
rpoBC,763987.0,0.0,0.0,0.0,0.0,0,0,0
rpoBC,763988.0,0.0,0.0,0.0,0.0,0,0,0
rpoBC,763989.0,0.0,0.0,0.0,0.0,0,0,0
rpoBC,763990.0,0.0,0.0,0.0,0.0,0,0,0
rpoBC,763991.0,0.0,0.0,0.0,0.0,0,0,0
rpoBC,763992.0,0.0,0.0,0.0,0.0,0,0,0
rpoBC,763993.0,0.0,0.0,0.0,0.0,0,0,0
rpoBC,763994.0,0.0,0.0,0.0,0.0,0,0,0
rpoBC,763995.0,0.0,0.0,0.0,0.0,0,0,0
rpoBC,763996.0,0.0,0.0,0.0,0.0,0,0,0
rpoBC,763997.0,0.0,0.0,0.0,0.0,0,0,0
rpoBC,763998.0,0.0,0.0,0.0,0.0,0,0,0
rpoBC,763999.0,0.0,0.0,0.0,0.0,0,0,0
rpoBC,764000.0,0.0,0.0,0.0,0.0,0,0,0
rpoBC,764001.0,0.0,0.0,0.0,0.0,0,0,0
rpoBC,764002.0,0.0,0.0,0.0,0.0,0,0,0
rpoBC,764003.0,0.0,0.0,0.0,0.0,0,0,0
rpoBC,764004.0,0.0,0.0,0.0,0.0,0,0,0
rpoBC,764005.0,0.0,0.0,0.0,0.0,0,0,0
rpoBC,764006.0,0.0,0.0,0.0,0.0,0,0,0
rpoBC,764007.0,0.0,0.0,0.0,0.0,0,0,0
rpoBC,764008.0,0.0,0.0,0.0,0.0,0,0,0
rpoBC,764009.0,0.0,0.0,0.0,0.0,0,0,0
rpoBC,764010.0,0.0,0.0,0.0,0.0,0,0,0
rpoBC,764011.0,0.0,0.0,0.0,0.0,0,0,0
rpoBC,764012.0,0.0,0.0,0.0,0.0,0,0,0
rpoBC,764013.0,0.0,0.0,0.0,0.0,0,0,0
rpoBC,764014.0,0.0,0.0,0.0,0.0,0,0,0
rpoBC,764015.0,0.0,0.0,0.0,0.0,0,0,0
rpoBC,764016.0,0.0,0.0,0.0,0.0,0,0,0
rpoBC,764017.0,0.0,-0.0022613122,0.0,1.0,0,0,0
rpoBC,764018.0,0.0,0.0,0.0,0.0,0,0,0
rpoBC,764019.0,0.0,0.0,0.0,0.0,0,0,0
rpoBC,764020.0,0.0,0.0,0.0,0.0,0,0,0
rpoBC,764021.0,0.0,0.0,0.0,0.0,0,0,0
rpoBC,764022.0,0.0,0.0,0.0,0.0,0,0,0
rpoBC,764023.0,0.0,0.0,0.0,0.0,0,0,0
rpoBC,764024.0,0.0,0.0,0.0,0.0,0,0,0
rpoBC,764025.0,0.0,0.0,0.0,0.0,0,0,0
rpoBC,764026.0,0.0,0.0,0.0,0.0,0,0,0
rpoBC,764027.0,0.0,0.0,0.0,0.0,0,0,0
rpoBC,764028.0,0.0,0.0,0.0,0.0,0,0,0
rpoBC,764029.0,0.0,0.0,0.0,0.0,0,0,0
rpoBC,764030.0,0.0,0.0,0.0,0.0,0,0,0
rpoBC,764031.0,0.0,0.0,0.0,0.0,0,0,0
rpoBC,764032.0,0.0,0.0,0.0,0.0,0,0,0
rpoBC,764033.0,0.0,0.0,0.0,0.0,0,0,0
rpoBC,764034.0,0.0,0.0,0.0,0.0,0,0,0
rpoBC,764035.0,0.0,0.0,0.0,0.0,0,0,0
rpoBC,764036.0,0.0,0.0,0.0,0.0,0,0,0
rpoBC,764037.0,0.0,0.0,0.0,0.0,0,0,0
rpoBC,764038.0,0.0,0.0,0.0,0.0,0,0,0
rpoBC,764039.0,0.0,0.0,0.0,0.0,0,0,0
rpoBC,764040.0,0.0,0.0,0.0,0.0,0,0,0
rpoBC,764041.0,0.0,0.0,0.0,0.0,0,0,0
rpoBC,764042.0,0.0,0.0,0.0,0.0,0,0,0
rpoBC,764043.0,0.0037724364,0.0,1.0,0.0,0,0,0
rpoBC,764044.0,0.0,0.0,0.0,0.0,0,0,0
rpoBC,764045.0,0.0,0.0,0.0,0.0,0,0,0
rpoBC,764046.0,0.0,0.0,0.0,0.0,0,0,0
rpoBC,764047.0,0.0,0.0,0.0,0.0,0,0,0
rpoBC,764048.0,0.0,0.0,0.0,0.0,0,0,0
rpoBC,764049.0,0.0,0.0,0.0,0.0,0,0,0
rpoBC,764050.0,0.0,0.0,0.0,0.0,0,0,0
rpoBC,764051.0,0.0,0.0,0.0,0.0,0,0,0
rpoBC,764052.0,0.0,0.0,0.0,0.0,0,0,0
rpoBC,764053.0,0.0,0.0,0.0,0.0,0,0,0
rpoBC,764054.0,0.0,0.0,0.0,0.0,0,0,0
rpoBC,764055.0,0.0,0.0,0.0,0.0,0,0,0
rpoBC,764056.0,0.0,0.0,0.0,0.0,0,0,0
rpoBC,764057.0,0.0,0.0,0.0,0.0,0,0,0
rpoBC,764058.0,0.007356392,0.0,1.0,0.0,0,0,0
rpoBC,764059.0,0.0,0.0,0.0,0.0,0,0,0
rpoBC,764060.0,0.0,0.0,0.0,0.0,0,0,0
rpoBC,764061.0,0.0,0.0,0.0,0.0,0,0,0
rpoBC,764062.0,0.0,0.0,0.0,0.0,0,0,0
rpoBC,764063.0,0.0,0.0,0.0,0.0,0,0,0
rpoBC,764064.0,0.0,0.0,0.0,0.0,0,0,0
rpoBC,764065.0,0.0,0.0,0.0,0.0,0,0,0
rpoBC,764066.0,0.0,0.0,0.0,0.0,0,0,0
rpoBC,764067.0,0.0,0.0,0.0,0.0,0,0,0
rpoBC,764068.0,0.0,0.0,0.0,0.0,0,0,0
rpoBC,764069.0,0.0,0.0,0.0,0.0,0,0,0
rpoBC,764070.0,0.0,0.0,0.0,0.0,0,0,0
rpoBC,764071.0,0.0,0.0,0.0,0.0,0,0,0
rpoBC,764072.0,0.0,0.0,0.0,0.0,0,0,0
rpoBC,764073.0,0.0,0.0,0.0,0.0,0,0,0
rpoBC,764074.0,0.0,0.0,0.0,0.0,0,0,0
rpoBC,764075.0,0.0,0.0,0.0,0.0,0,0,0
rpoBC,764076.0,0.0,0.0,0.0,0.0,0,0,0
rpoBC,764077.0,0.0,0.0,0.0,0.0,0,0,0
rpoBC,764078.0,0.0,0.0,0.0,0.0,0,0,0
rpoBC,764079.0,0.0,0.0,0.0,0.0,0,0,0
rpoBC,764080.0,0.0,0.0,0.0,0.0,0,0,0
rpoBC,764081.0,0.0,0.0,0.0,0.0,0,0,0
rpoBC,764082.0,0.0,0.0,0.0,0.0,0,0,0
rpoBC,764083.0,0.0,0.0,0.0,0.0,0,0,0
rpoBC,764084.0,0.0,0.0,0.0,0.0,0,0,0
rpoBC,764085.0,0.0,0.0,0.0,0.0,0,0,0
rpoBC,764086.0,0.0004161293,0.0,0.0,0.0,0,0,0
rpoBC,764087.0,0.0,0.0,0.0,0.0,0,0,0
rpoBC,764088.0,0.0,0.0,0.0,0.0,0,0,0
rpoBC,764089.0,0.0,0.0,0.0,0.0,0,0,0
rpoBC,764090.0,0.0,0.0,0.0,0.0,0,0,0
rpoBC,764091.0,0.0,0.0,0.0,0.0,0,0,0
rpoBC,764092.0,0.0,0.0,0.0,0.0,0,0,0
rpoBC,764093.0,0.0,0.0,0.0,0.0,0,0,0
rpoBC,764094.0,0.0,0.0,0.0,0.0,0,0,0
rpoBC,764095.0,0.0,-0.0017622963,0.0,1.0,0,0,0
rpoBC,764096.0,0.0,0.0,0.0,0.0,0,0,0
rpoBC,764097.0,0.0,0.0,0.0,0.0,0,0,0
rpoBC,764098.0,0.0,0.0,0.0,0.0,0,0,0
rpoBC,764099.0,0.0,0.0,0.0,0.0,0,0,0
rpoBC,764100.0,0.0,0.0,0.0,0.0,0,0,0
rpoBC,764101.0,0.0,0.0,0.0,0.0,0,0,0
rpoBC,764102.0,0.0,0.0,0.0,0.0,0,0,0
rpoBC,764103.0,0.0,0.0,0.0,0.0,0,0,0
rpoBC,764104.0,0.0,0.0,0.0,0.0,0,0,0
rpoBC,764105.0,0.0,0.0,0.0,0.0,0,0,0
rpoBC,764106.0,0.0,0.0,0.0,0.0,0,0,0
rpoBC,764107.0,0.0,0.0,0.0,0.0,0,0,0
rpoBC,764108.0,0.0,0.0,0.0,0.0,0,0,0
rpoBC,764109.0,0.0,-0.0021749735,0.0,1.0,0,0,0
rpoBC,764110.0,0.0,0.0,0.0,0.0,0,0,0
rpoBC,764111.0,0.0,0.0,0.0,0.0,0,0,0
rpoBC,764112.0,0.0,0.0,0.0,0.0,0,0,0
rpoBC,764113.0,0.0,0.0,0.0,0.0,0,0,0
rpoBC,764114.0,0.0,0.0,0.0,0.0,0,0,0
rpoBC,764115.0,0.0,0.0,0.0,0.0,0,0,0
rpoBC,764116.0,0.0,0.0,0.0,0.0,0,0,0
rpoBC,764117.0,0.0,0.0,0.0,0.0,0,0,0
rpoBC,764118.0,0.0,0.0,0.0,0.0,0,0,0
rpoBC,764119.0,0.0,0.0,0.0,0.0,0,0,0
rpoBC,764120.0,0.0,0.0,0.0,0.0,0,0,0
rpoBC,764121.0,0.0,0.0,0.0,0.0,0,0,0
rpoBC,764122.0,0.0,0.0,0.0,0.0,0,0,0
rpoBC,764123.0,0.0,-0.0016992185,0.0,1.0,0,0,0
rpoBC,764124.0,0.0,0.0,0.0,0.0,0,0,0
rpoBC,764125.0,0.0,0.0,0.0,0.0,0,0,0
rpoBC,764126.0,0.0,0.0,0.0,0.0,0,0,0
rpoBC,764127.0,0.0,0.0,0.0,0.0,0,0,0
rpoBC,764128.0,0.0,0.0,0.0,0.0,0,0,0
rpoBC,764129.0,0.0,0.0,0.0,0.0,0,0,0
rpoBC,764130.0,0.0,0.0,0.0,0.0,0,0,0
rpoBC,764131.0,0.0,0.0,0.0,0.0,0,0,0
rpoBC,764132.0,0.0,0.0,0.0,0.0,0,0,0
rpoBC,764133.0,0.0,0.0,0.0,0.0,0,0,0
rpoBC,764134.0,0.0,0.0,0.0,0.0,0,0,0
rpoBC,764135.0,0.0,0.0,0.0,0.0,0,0,0
rpoBC,764136.0,0.0,0.0,0.0,0.0,0,0,0
rpoBC,764137.0,0.0,0.0,0.0,0.0,0,0,0
rpoBC,764138.0,0.0,0.0,0.0,0.0,0,0,0
rpoBC,764139.0,0.0,0.0,0.0,0.0,0,0,0
rpoBC,764140.0,0.0,0.0,0.0,0.0,0,0,0
rpoBC,764141.0,0.0,0.0,0.0,0.0,0,0,0
rpoBC,764142.0,0.0,0.0,0.0,0.0,0,0,0
rpoBC,764143.0,0.0,0.0,0.0,0.0,0,0,0
rpoBC,764144.0,0.0,-0.0028084856,0.0,1.0,0,0,0
rpoBC,764145.0,0.0,0.0,0.0,0.0,0,0,0
rpoBC,764146.0,0.0,0.0,0.0,0.0,0,0,0
rpoBC,764147.0,0.0,0.0,0.0,0.0,0,0,0
rpoBC,764148.0,0.0,0.0,0.0,0.0,0,0,0
rpoBC,764149.0,0.0,0.0,0.0,0.0,0,0,0
rpoBC,764150.0,0.0,0.0,0.0,0.0,0,0,0
rpoBC,764151.0,0.0,0.0,0.0,0.0,0,0,0
rpoBC,764152.0,0.0,0.0,0.0,0.0,0,0,0
rpoBC,764153.0,0.0,0.0,0.0,0.0,0,0,0
rpoBC,764154.0,0.0,0.0,0.0,0.0,0,0,0
rpoBC,764155.0,0.0,0.0,0.0,0.0,0,0,0
rpoBC,764156.0,0.0,0.0,0.0,0.0,0,0,0
rpoBC,764157.0,0.0,0.0,0.0,0.0,0,0,0
rpoBC,764158.0,0.0,0.0,0.0,0.0,0,0,0
rpoBC,764159.0,0.0,0.0,0.0,0.0,0,0,0
rpoBC,764160.0,0.0,0.0,0.0,0.0,0,0,0
rpoBC,764161.0,0.0,0.0,0.0,0.0,0,0,0
rpoBC,764162.0,0.0,0.0,0.0,0.0,0,0,0
rpoBC,764163.0,0.0,0.0,0.0,0.0,0,0,0
rpoBC,764164.0,0.0,0.0,0.0,0.0,0,0,0
rpoBC,764165.0,0.0,0.0,0.0,0.0,0,0,0
rpoBC,764166.0,0.0,0.0,0.0,0.0,0,0,0
rpoBC,764167.0,0.0,0.0,0.0,0.0,0,0,0
rpoBC,764168.0,0.0,0.0,0.0,0.0,0,0,0
rpoBC,764169.0,0.0,0.0,0.0,0.0,0,0,0
rpoBC,764170.0,0.0,0.0,0.0,0.0,0,0,0
rpoBC,764171.0,0.0,0.0,0.0,0.0,0,0,0
rpoBC,764172.0,0.0,0.0,0.0,0.0,0,0,0
rpoBC,764173.0,0.0,0.0,0.0,0.0,0,0,0
rpoBC,764174.0,0.0,0.0,0.0,0.0,0,0,0
rpoBC,764175.0,0.0,0.0,0.0,0.0,0,0,0
rpoBC,764176.0,0.0,0.0,0.0,0.0,0,0,0
rpoBC,764177.0,0.0,0.0,0.0,0.0,0,0,0
rpoBC,764178.0,0.0,0.0,0.0,0.0,0,0,0
rpoBC,764179.0,0.0,0.0,0.0,0.0,0,0,0
rpoBC,764180.0,0.0,-0.0035949887,0.0,1.0,0,0,0
rpoBC,764181.0,0.0,-0.0021604279,0.0,1.0,0,0,0
rpoBC,764182.0,0.0,0.0,0.0,0.0,0,0,0
rpoBC,764183.0,0.0,0.0,0.0,0.0,0,0,0
rpoBC,764184.0,0.0,0.0,0.0,0.0,0,0,0
rpoBC,764185.0,0.0,0.0,0.0,0.0,0,0,0
rpoBC,764186.0,0.0,0.0,0.0,0.0,0,0,0
rpoBC,764187.0,0.0,0.0,0.0,0.0,0,0,0
rpoBC,764188.0,0.0,0.0,0.0,0.0,0,0,0
rpoBC,764189.0,0.0,0.0,0.0,0.0,0,0,0
rpoBC,764190.0,0.0,0.0,0.0,0.0,0,0,0
rpoBC,764191.0,0.0,0.0,0.0,0.0,0,0,0
rpoBC,764192.0,0.0,0.0,0.0,0.0,0,0,0
rpoBC,764193.0,0.0,0.0,0.0,0.0,0,0,0
rpoBC,764194.0,0.0,0.0,0.0,0.0,0,0,0
rpoBC,764195.0,0.0,0.0,0.0,0.0,0,0,0
rpoBC,764196.0,0.0,0.0,0.0,0.0,0,0,0
rpoBC,764197.0,0.0,0.0,0.0,0.0,0,0,0
rpoBC,764198.0,0.0,0.0,0.0,0.0,0,0,0
rpoBC,764199.0,0.0,0.0,0.0,0.0,0,0,0
rpoBC,764200.0,0.0,0.0,0.0,0.0,0,0,0
rpoBC,764201.0,0.0,0.0,0.0,0.0,0,0,0
rpoBC,764202.0,0.0,0.0,0.0,0.0,0,0,0
rpoBC,764203.0,0.0,0.0,0.0,0.0,0,0,0
rpoBC,764204.0,0.0,0.0,0.0,0.0,0,0,0
rpoBC,764205.0,0.0,0.0,0.0,0.0,0,0,0
rpoBC,764206.0,0.0,0.0,0.0,0.0,0,0,0
rpoBC,764207.0,0.0,0.0,0.0,0.0,0,0,0
rpoBC,764208.0,0.0,0.0,0.0,0.0,0,0,0
rpoBC,764209.0,0.0,0.0,0.0,0.0,0,0,0
rpoBC,764210.0,0.0,0.0,0.0,0.0,0,0,0
rpoBC,764211.0,0.0,0.0,0.0,0.0,0,0,0
rpoBC,764212.0,0.0,0.0,0.0,0.0,0,0,0
rpoBC,764213.0,0.0,0.0,0.0,0.0,0,0,0
rpoBC,764214.0,0.0,0.0,0.0,0.0,0,0,0
rpoBC,764215.0,0.0,0.0,0.0,0.0,0,0,0
rpoBC,764216.0,0.0,0.0,0.0,0.0,0,0,0
rpoBC,764217.0,0.0,0.0,0.0,0.0,0,0,0
rpoBC,764218.0,0.0,0.0,0.0,0.0,0,0,0
rpoBC,764219.0,0.0,0.0,0.0,0.0,0,0,0
rpoBC,764220.0,0.0,0.0,0.0,0.0,0,0,0
rpoBC,764221.0,0.0,0.0,0.0,0.0,0,0,0
rpoBC,764222.0,0.0,0.0,0.0,0.0,0,0,0
rpoBC,764223.0,0.0,0.0,0.0,0.0,0,0,0
rpoBC,764224.0,0.0,0.0,0.0,0.0,0,0,0
rpoBC,764225.0,0.0,0.0,0.0,0.0,0,0,0
rpoBC,764226.0,0.0,0.0,0.0,0.0,0,0,0
rpoBC,764227.0,0.0,0.0,0.0,0.0,0,0,0
rpoBC,764228.0,0.0,0.0,0.0,0.0,0,0,0
rpoBC,764229.0,0.0,0.0,0.0,0.0,0,0,0
rpoBC,764230.0,0.0,0.0,0.0,0.0,0,0,0
rpoBC,764231.0,0.0,0.0,0.0,0.0,0,0,0
rpoBC,764232.0,0.0,0.0,0.0,0.0,0,0,0
rpoBC,764233.0,0.0,0.0,0.0,0.0,0,0,0
rpoBC,764234.0,0.0,0.0,0.0,0.0,0,0,0
rpoBC,764235.0,0.0,0.0,0.0,0.0,0,0,0
rpoBC,764236.0,0.0,0.0,0.0,0.0,0,0,0
rpoBC,764237.0,0.0,0.0,0.0,0.0,0,0,0
rpoBC,764238.0,0.0,0.0,0.0,0.0,0,0,0
rpoBC,764239.0,0.0,0.0,0.0,0.0,0,0,0
rpoBC,764240.0,0.0,0.0,0.0,0.0,0,0,0
rpoBC,764241.0,0.0,0.0,0.0,0.0,0,0,0
rpoBC,764242.0,0.0,0.0,0.0,0.0,0,0,0
rpoBC,764243.0,0.0,0.0,0.0,0.0,0,0,0
rpoBC,764244.0,0.0,0.0,0.0,0.0,0,0,0
rpoBC,764245.0,0.0,0.0,0.0,0.0,0,0,0
rpoBC,764246.0,0.0,0.0,0.0,0.0,0,0,0
rpoBC,764247.0,0.0,0.0,0.0,0.0,0,0,0
rpoBC,764248.0,0.0,0.0,0.0,0.0,0,0,0
rpoBC,764249.0,0.0,0.0,0.0,0.0,0,0,0
rpoBC,764250.0,0.0,0.0,0.0,0.0,0,0,0
rpoBC,764251.0,0.0,0.0,0.0,0.0,0,0,0
rpoBC,764252.0,0.0,0.0,0.0,0.0,0,0,0
rpoBC,764253.0,0.0,0.0,0.0,0.0,0,0,0
rpoBC,764254.0,0.0,0.0,0.0,0.0,0,0,0
rpoBC,764255.0,0.0,0.0,0.0,0.0,0,0,0
rpoBC,764256.0,0.0,0.0,0.0,0.0,0,0,0
rpoBC,764257.0,0.0,0.0,0.0,0.0,0,0,0
rpoBC,764258.0,0.0,0.0,0.0,0.0,0,0,0
rpoBC,764259.0,0.0,0.0,0.0,0.0,0,0,0
rpoBC,764260.0,0.0,0.0,0.0,0.0,0,0,0
rpoBC,764261.0,0.0,0.0,0.0,0.0,0,0,0
rpoBC,764262.0,0.0,0.0,0.0,0.0,0,0,0
rpoBC,764263.0,0.0,-0.033657394,0.0,1.0,0,0,0
rpoBC,764264.0,0.0,0.0,0.0,0.0,0,0,0
rpoBC,764265.0,0.0,0.0,0.0,0.0,0,0,0
rpoBC,764266.0,0.0,0.0,0.0,0.0,0,0,0
rpoBC,764267.0,0.0,0.0,0.0,0.0,0,0,0
rpoBC,764268.0,0.0,0.0,0.0,0.0,0,0,0
rpoBC,764269.0,0.0,0.0,0.0,0.0,0,0,0
rpoBC,764270.0,0.0,0.0,0.0,0.0,0,0,0
rpoBC,764271.0,0.0,0.0,0.0,0.0,0,0,0
rpoBC,764272.0,0.0,0.0,0.0,0.0,0,0,0
rpoBC,764273.0,0.0,0.0,0.0,0.0,0,0,0
rpoBC,764274.0,0.0,0.0,0.0,0.0,0,0,0
rpoBC,764275.0,0.0,0.0,0.0,0.0,0,0,0
rpoBC,764276.0,0.0,0.0,0.0,0.0,0,0,0
rpoBC,764277.0,0.0,0.0,0.0,0.0,0,0,0
rpoBC,764278.0,0.0,0.0,0.0,0.0,0,0,0
rpoBC,764279.0,0.0,0.0,0.0,0.0,0,0,0
rpoBC,764280.0,0.0,0.0,0.0,0.0,0,0,0
rpoBC,764281.0,0.00022103719,0.0,0.0,0.0,0,0,0
rpoBC,764282.0,0.0,0.0,0.0,0.0,0,0,0
rpoBC,764283.0,0.0,0.0,0.0,0.0,0,0,0
rpoBC,764284.0,0.0,0.0,0.0,0.0,0,0,0
rpoBC,764285.0,0.0,0.0,0.0,0.0,0,0,0
rpoBC,764286.0,0.0,0.0,0.0,0.0,0,0,0
rpoBC,764287.0,0.0,0.0,0.0,0.0,0,0,0
rpoBC,764288.0,0.0,0.0,0.0,0.0,0,0,0
rpoBC,764289.0,0.0,0.0,0.0,0.0,0,0,0
rpoBC,764290.0,0.0,0.0,0.0,0.0,0,0,0
rpoBC,764291.0,0.0,0.0,0.0,0.0,0,0,0
rpoBC,764292.0,0.0014657981,0.0,0.0,0.0,0,0,0
rpoBC,764293.0,0.0,-0.009360747,0.0,1.0,0,0,0
rpoBC,764294.0,0.0,0.0,0.0,0.0,0,0,0
rpoBC,764295.0,0.0,0.0,0.0,0.0,0,0,0
rpoBC,764296.0,0.0,0.0,0.0,0.0,0,0,0
rpoBC,764297.0,0.0,0.0,0.0,0.0,0,0,0
rpoBC,764298.0,0.0,-0.001529118,0.0,1.0,0,0,0
rpoBC,764299.0,0.0,0.0,0.0,0.0,0,0,0
rpoBC,764300.0,0.0,-0.0047999057,0.0,1.0,0,0,0
rpoBC,764301.0,0.0,0.0,0.0,0.0,0,0,0
rpoBC,764302.0,0.0,0.0,0.0,0.0,0,0,0
rpoBC,764303.0,0.0,0.0,0.0,0.0,0,0,0
rpoBC,764304.0,0.0,0.0,0.0,0.0,0,0,0
rpoBC,764305.0,0.0,0.0,0.0,0.0,0,0,0
rpoBC,764306.0,0.0,0.0,0.0,0.0,0,0,0
rpoBC,764307.0,0.0,0.0,0.0,0.0,0,0,0
rpoBC,764308.0,0.0,0.0,0.0,0.0,0,0,0
rpoBC,764309.0,0.0,0.0,0.0,0.0,0,0,0
rpoBC,764310.0,0.0,0.0,0.0,0.0,0,0,0
rpoBC,764311.0,0.0,0.0,0.0,0.0,0,0,0
rpoBC,764312.0,0.0,0.0,0.0,0.0,0,0,0
rpoBC,764313.0,0.0,0.0,0.0,0.0,0,0,0
rpoBC,764314.0,0.0,0.0,0.0,0.0,0,0,0
rpoBC,764315.0,0.0,0.0,0.0,0.0,0,0,0
rpoBC,764316.0,0.0,0.0,0.0,0.0,0,0,0
rpoBC,764317.0,0.0,-0.006587366,0.0,1.0,0,0,0
rpoBC,764318.0,0.0,0.0,0.0,0.0,0,0,0
rpoBC,764319.0,0.0,0.0,0.0,0.0,0,0,0
rpoBC,764320.0,0.0,0.0,0.0,0.0,0,0,0
rpoBC,764321.0,0.0,0.0,0.0,0.0,0,0,0
rpoBC,764322.0,0.0,0.0,0.0,0.0,0,0,0
rpoBC,764323.0,0.0,0.0,0.0,0.0,0,0,0
rpoBC,764324.0,0.0,0.0,0.0,0.0,0,0,0
rpoBC,764325.0,0.0,0.0,0.0,0.0,0,0,0
rpoBC,764326.0,0.0,0.0,0.0,0.0,0,0,0
rpoBC,764327.0,0.0,0.0,0.0,0.0,0,0,0
rpoBC,764328.0,0.0,0.0,0.0,0.0,0,0,0
rpoBC,764329.0,0.0,0.0,0.0,0.0,0,0,0
rpoBC,764330.0,0.0,0.0,0.0,0.0,0,0,0
rpoBC,764331.0,0.0,0.0,0.0,0.0,0,0,0
rpoBC,764332.0,0.0,0.0,0.0,0.0,0,0,0
rpoBC,764333.0,0.0,-0.004832435,0.0,1.0,0,0,0
rpoBC,764334.0,0.0,0.0,0.0,0.0,0,0,0
rpoBC,764335.0,0.0,0.0,0.0,0.0,0,0,0
rpoBC,764336.0,0.0,0.0,0.0,0.0,0,0,0
rpoBC,764337.0,0.0,0.0,0.0,0.0,0,0,0
rpoBC,764338.0,0.0,0.0,0.0,0.0,0,0,0
rpoBC,764339.0,0.0,0.0,0.0,0.0,0,0,0
rpoBC,764340.0,0.0,0.0,0.0,0.0,0,0,0
rpoBC,764341.0,0.0,0.0,0.0,0.0,0,0,0
rpoBC,764342.0,0.0,0.0,0.0,0.0,0,0,0
rpoBC,764343.0,0.0,0.0,0.0,0.0,0,0,0
rpoBC,764344.0,0.0,0.0,0.0,0.0,0,0,0
rpoBC,764345.0,0.0,0.0,0.0,0.0,0,0,0
rpoBC,764346.0,0.0,0.0,0.0,0.0,0,0,0
rpoBC,764347.0,0.0,0.0,0.0,0.0,0,0,0
rpoBC,764348.0,0.0,0.0,0.0,0.0,0,0,0
rpoBC,764349.0,0.0,0.0,0.0,0.0,0,0,0
rpoBC,764350.0,0.0,0.0,0.0,0.0,0,0,0
rpoBC,764351.0,0.0,0.0,0.0,0.0,0,0,0
rpoBC,764352.0,0.0,0.0,0.0,0.0,0,0,0
rpoBC,764353.0,0.0,0.0,0.0,0.0,0,0,0
rpoBC,764354.0,0.0,0.0,0.0,0.0,0,0,0
rpoBC,764355.0,0.0,0.0,0.0,0.0,0,0,0
rpoBC,764356.0,0.0,0.0,0.0,0.0,0,0,0
rpoBC,764357.0,0.0,0.0,0.0,0.0,0,0,0
rpoBC,764358.0,0.0,0.0,0.0,0.0,0,0,0
rpoBC,764359.0,0.0,0.0,0.0,0.0,0,0,0
rpoBC,764360.0,0.0,0.0,0.0,0.0,0,0,0
rpoBC,764361.0,0.0,0.0,0.0,0.0,0,0,0
rpoBC,rpoBC_74,0.0,0.0,0.0,0.0,0,0,0
rpoBC,rpoBC_75,0.0,0.0,0.0,0.0,0,0,0
rpoBC,rpoBC_76,0.0,0.0,0.0,0.0,0,0,0
rpoBC,764362.0,0.0,0.0,0.0,0.0,0,0,0
rpoBC,764363.0,0.006139215,-0.010996055,0.0,0.0,0,0,0
rpoBC,764364.0,0.0,0.0,0.0,0.0,0,0,0
rpoBC,764365.0,0.0,0.0,0.0,0.0,0,0,0
rpoBC,764366.0,0.0,0.0,0.0,0.0,0,0,0
rpoBC,764367.0,0.0,0.0,0.0,0.0,0,0,0
rpoBC,764368.0,0.0,0.0,0.0,0.0,0,0,0
rpoBC,764369.0,0.0,0.0,0.0,0.0,0,0,0
rpoBC,764370.0,0.0,0.0,0.0,0.0,0,0,0
rpoBC,764371.0,0.0,0.0,0.0,0.0,0,0,0
rpoBC,764372.0,0.0,0.0,0.0,0.0,0,0,0
rpoBC,764373.0,0.0,0.0,0.0,0.0,0,0,0
rpoBC,764374.0,0.0,0.0,0.0,0.0,0,0,0
rpoBC,764375.0,0.0,0.0,0.0,0.0,0,0,0
rpoBC,764376.0,0.0,0.0,0.0,0.0,0,0,0
rpoBC,764377.0,0.0,0.0,0.0,0.0,0,0,0
rpoBC,764378.0,0.0,0.0,0.0,0.0,0,0,0
rpoBC,764379.0,0.0,0.0,0.0,0.0,0,0,0
rpoBC,764380.0,0.0029614787,0.0,0.0,0.0,0,0,0
rpoBC,764381.0,0.0,0.0,0.0,0.0,0,0,0
rpoBC,764382.0,0.0,0.0,0.0,0.0,0,0,0
rpoBC,764383.0,0.0,0.0,0.0,0.0,0,0,0
rpoBC,764384.0,0.0,0.0,0.0,0.0,0,0,0
rpoBC,764385.0,0.0,0.0,0.0,0.0,0,0,0
rpoBC,764386.0,0.0,0.0,0.0,0.0,0,0,0
rpoBC,764387.0,0.0,0.0,0.0,0.0,0,0,0
rpoBC,764388.0,0.0,0.0,0.0,0.0,0,0,0
rpoBC,764389.0,0.013634837,0.0,1.0,0.0,0,0,0
rpoBC,764390.0,0.0,0.0,0.0,0.0,0,0,0
rpoBC,764391.0,0.0,0.0,0.0,0.0,0,0,0
rpoBC,764392.0,0.0,0.0,0.0,0.0,0,0,0
rpoBC,764393.0,0.0,0.0,0.0,0.0,0,0,0
rpoBC,764394.0,0.0,0.0,0.0,0.0,0,0,0
rpoBC,764395.0,0.0,0.0,0.0,0.0,0,0,0
rpoBC,764396.0,0.0,0.0,0.0,0.0,0,0,0
rpoBC,764397.0,0.0,0.0,0.0,0.0,0,0,0
rpoBC,764398.0,0.0,0.0,0.0,0.0,0,0,0
rpoBC,764399.0,0.0,0.0,0.0,0.0,0,0,0
rpoBC,764400.0,0.0,0.0,0.0,0.0,0,0,0
rpoBC,764401.0,0.0,0.0,0.0,0.0,0,0,0
rpoBC,764402.0,0.0,0.0,0.0,0.0,0,0,0
rpoBC,764403.0,0.0,0.0,0.0,0.0,0,0,0
rpoBC,764404.0,0.0,-0.002535715,0.0,1.0,0,0,0
rpoBC,764405.0,0.0,0.0,0.0,0.0,0,0,0
rpoBC,764406.0,0.0,0.0,0.0,0.0,0,0,0
rpoBC,764407.0,0.0,0.0,0.0,0.0,0,0,0
rpoBC,764408.0,0.0,0.0,0.0,0.0,0,0,0
rpoBC,764409.0,0.0,0.0,0.0,0.0,0,0,0
rpoBC,764410.0,0.0,0.0,0.0,0.0,0,0,0
rpoBC,764411.0,0.0,0.0,0.0,0.0,0,0,0
rpoBC,764412.0,0.0,0.0,0.0,0.0,0,0,0
rpoBC,764413.0,0.0,0.0,0.0,0.0,0,0,0
rpoBC,764414.0,0.0,0.0,0.0,0.0,0,0,0
rpoBC,764415.0,0.0,0.0,0.0,0.0,0,0,0
rpoBC,764416.0,0.0,0.0,0.0,0.0,0,0,0
rpoBC,764417.0,0.0,0.0,0.0,0.0,0,0,0
rpoBC,764418.0,0.0,0.0,0.0,0.0,0,0,0
rpoBC,764419.0,0.0,0.0,0.0,0.0,0,0,0
rpoBC,764420.0,0.0,0.0,0.0,0.0,0,0,0
rpoBC,764421.0,0.0,0.0,0.0,0.0,0,0,0
rpoBC,764422.0,0.0,0.0,0.0,0.0,0,0,0
rpoBC,764423.0,0.0,0.0,0.0,0.0,0,0,0
rpoBC,764424.0,0.0,0.0,0.0,0.0,0,0,0
rpoBC,764425.0,0.0,0.0,0.0,0.0,0,0,0
rpoBC,764426.0,0.0,0.0,0.0,0.0,0,0,0
rpoBC,764427.0,0.0,0.0,0.0,0.0,0,0,0
rpoBC,764428.0,0.0,0.0,0.0,0.0,0,0,0
rpoBC,764429.0,0.0,0.0,0.0,0.0,0,0,0
rpoBC,764430.0,0.0,0.0,0.0,0.0,0,0,0
rpoBC,764431.0,0.0,0.0,0.0,0.0,0,0,0
rpoBC,764432.0,0.0,0.0,0.0,0.0,0,0,0
rpoBC,764433.0,0.0,0.0,0.0,0.0,0,0,0
rpoBC,764434.0,0.0,0.0,0.0,0.0,0,0,0
rpoBC,764435.0,0.0,0.0,0.0,0.0,0,0,0
rpoBC,764436.0,0.0,0.0,0.0,0.0,0,0,0
rpoBC,764437.0,0.0,0.0,0.0,0.0,0,0,0
rpoBC,764438.0,0.0,0.0,0.0,0.0,0,0,0
rpoBC,764439.0,0.0,0.0,0.0,0.0,0,0,0
rpoBC,764440.0,0.0,0.0,0.0,0.0,0,0,0
rpoBC,764441.0,0.0,0.0,0.0,0.0,0,0,0
rpoBC,764442.0,0.0,0.0,0.0,0.0,0,0,0
rpoBC,764443.0,0.0,0.0,0.0,0.0,0,0,0
rpoBC,764444.0,0.0,0.0,0.0,0.0,0,0,0
rpoBC,764445.0,0.0,0.0,0.0,0.0,0,0,0
rpoBC,764446.0,0.0,0.0,0.0,0.0,0,0,0
rpoBC,764447.0,0.0,0.0,0.0,0.0,0,0,0
rpoBC,764448.0,0.0,0.0,0.0,0.0,0,0,0
rpoBC,764449.0,0.0,0.0,0.0,0.0,0,0,0
rpoBC,764450.0,0.0,0.0,0.0,0.0,0,0,0
rpoBC,764451.0,0.0,0.0,0.0,0.0,0,0,0
rpoBC,764452.0,0.0,0.0,0.0,0.0,0,0,0
rpoBC,764453.0,0.0,0.0,0.0,0.0,0,0,0
rpoBC,764454.0,0.0,0.0,0.0,0.0,0,0,0
rpoBC,764455.0,0.0,0.0,0.0,0.0,0,0,0
rpoBC,764456.0,0.0,0.0,0.0,0.0,0,0,0
rpoBC,764457.0,0.0,0.0,0.0,0.0,0,0,0
rpoBC,764458.0,0.0,0.0,0.0,0.0,0,0,0
rpoBC,764459.0,0.0,0.0,0.0,0.0,0,0,0
rpoBC,764460.0,0.0,0.0,0.0,0.0,0,0,0
rpoBC,764461.0,0.0,0.0,0.0,0.0,0,0,0
rpoBC,764462.0,0.0,0.0,0.0,0.0,0,0,0
rpoBC,764463.0,0.0,0.0,0.0,0.0,0,0,0
rpoBC,764464.0,0.0,0.0,0.0,0.0,0,0,0
rpoBC,764465.0,0.0,0.0,0.0,0.0,0,0,0
rpoBC,764466.0,0.0,0.0,0.0,0.0,0,0,0
rpoBC,764467.0,0.0,0.0,0.0,0.0,0,0,0
rpoBC,764468.0,0.0,0.0,0.0,0.0,0,0,0
rpoBC,764469.0,0.0,0.0,0.0,0.0,0,0,0
rpoBC,764470.0,0.0,0.0,0.0,0.0,0,0,0
rpoBC,764471.0,0.0,0.0,0.0,0.0,0,0,0
rpoBC,764472.0,0.0,0.0,0.0,0.0,0,0,0
rpoBC,764473.0,0.0014166536,0.0,1.0,0.0,0,0,0
rpoBC,764474.0,0.0,0.0,0.0,0.0,0,0,0
rpoBC,764475.0,0.0,0.0,0.0,0.0,0,0,0
rpoBC,764476.0,0.0,0.0,0.0,0.0,0,0,0
rpoBC,764477.0,0.0,0.0,0.0,0.0,0,0,0
rpoBC,764478.0,0.0,0.0,0.0,0.0,0,0,0
rpoBC,764479.0,0.0,0.0,0.0,0.0,0,0,0
rpoBC,764480.0,0.0,0.0,0.0,0.0,0,0,0
rpoBC,764481.0,0.0,0.0,0.0,0.0,0,0,0
rpoBC,764482.0,0.0,0.0,0.0,0.0,0,0,0
rpoBC,764483.0,0.0,0.0,0.0,0.0,0,0,0
rpoBC,764484.0,0.0,0.0,0.0,0.0,0,0,0
rpoBC,764485.0,0.0,0.0,0.0,0.0,0,0,0
rpoBC,764486.0,0.0,0.0,0.0,0.0,0,0,0
rpoBC,764487.0,0.0,0.0,0.0,0.0,0,0,0
rpoBC,764488.0,0.0,0.0,0.0,0.0,0,0,0
rpoBC,764489.0,0.0,0.0,0.0,0.0,0,0,0
rpoBC,764490.0,0.0,0.0,0.0,0.0,0,0,0
rpoBC,764491.0,0.0,0.0,0.0,0.0,0,0,0
rpoBC,764492.0,0.0,0.0,0.0,0.0,0,0,0
rpoBC,764493.0,0.0,0.0,0.0,0.0,0,0,0
rpoBC,764494.0,0.0,0.0,0.0,0.0,0,0,0
rpoBC,764495.0,0.0,0.0,0.0,0.0,0,0,0
rpoBC,764496.0,0.0,0.0,0.0,0.0,0,0,0
rpoBC,764497.0,0.0,0.0,0.0,0.0,0,0,0
rpoBC,764498.0,0.0,0.0,0.0,0.0,0,0,0
rpoBC,764499.0,0.0,0.0,0.0,0.0,0,0,0
rpoBC,764500.0,0.0,0.0,0.0,0.0,0,0,0
rpoBC,764501.0,0.0,0.0,0.0,0.0,0,0,0
rpoBC,764502.0,0.0,0.0,0.0,0.0,0,0,0
rpoBC,764503.0,0.0,0.0,0.0,0.0,0,0,0
rpoBC,764504.0,0.0,0.0,0.0,0.0,0,0,0
rpoBC,764505.0,0.0,0.0,0.0,0.0,0,0,0
rpoBC,764506.0,0.0,0.0,0.0,0.0,0,0,0
rpoBC,764507.0,0.0,0.0,0.0,0.0,0,0,0
rpoBC,764508.0,0.0,0.0,0.0,0.0,0,0,0
rpoBC,764509.0,0.0,0.0,0.0,0.0,0,0,0
rpoBC,764510.0,0.0,-0.002998199,0.0,1.0,0,0,0
rpoBC,764511.0,0.0,0.0,0.0,0.0,0,0,0
rpoBC,764512.0,0.0,0.0,0.0,0.0,0,0,0
rpoBC,764513.0,0.0,0.0,0.0,0.0,0,0,0
rpoBC,764514.0,0.0,0.0,0.0,0.0,0,0,0
rpoBC,764515.0,0.0,0.0,0.0,0.0,0,0,0
rpoBC,764516.0,0.0,0.0,0.0,0.0,0,0,0
rpoBC,764517.0,0.0,0.0,0.0,0.0,0,0,0
rpoBC,764518.0,0.0,0.0,0.0,0.0,0,0,0
rpoBC,764519.0,0.0,0.0,0.0,0.0,0,0,0
rpoBC,764520.0,0.0,0.0,0.0,0.0,0,0,0
rpoBC,764521.0,0.0,0.0,0.0,0.0,0,0,0
rpoBC,764522.0,0.0,0.0,0.0,0.0,0,0,0
rpoBC,764523.0,0.0,0.0,0.0,0.0,0,0,0
rpoBC,764524.0,0.0,0.0,0.0,0.0,0,0,0
rpoBC,764525.0,0.0,0.0,0.0,0.0,0,0,0
rpoBC,764526.0,0.0,0.0,0.0,0.0,0,0,0
rpoBC,764527.0,0.0,0.0,0.0,0.0,0,0,0
rpoBC,764528.0,0.0,0.0,0.0,0.0,0,0,0
rpoBC,764529.0,0.0,0.0,0.0,0.0,0,0,0
rpoBC,764530.0,0.0,0.0,0.0,0.0,0,0,0
rpoBC,764531.0,0.0,0.0,0.0,0.0,0,0,0
rpoBC,764532.0,0.07937315,0.0,1.0,0.0,0,0,0
rpoBC,764533.0,0.0005817232,0.0,0.0,0.0,0,0,0
rpoBC,764534.0,0.0,0.0,0.0,0.0,0,0,0
rpoBC,764535.0,0.0,0.0,0.0,0.0,0,0,0
rpoBC,764536.0,0.0,0.0,0.0,0.0,0,0,0
rpoBC,764537.0,0.0,0.0,0.0,0.0,0,0,0
rpoBC,764538.0,0.0,-0.00010570767,0.0,0.0,0,0,0
rpoBC,764539.0,0.0,-2.4040288e-05,0.0,0.0,0,0,0
rpoBC,764540.0,0.0,0.0,0.0,0.0,0,0,0
rpoBC,764541.0,0.0,0.0,0.0,0.0,0,0,0
rpoBC,764542.0,0.0,0.0,0.0,0.0,0,0,0
rpoBC,764543.0,0.0,0.0,0.0,0.0,0,0,0
rpoBC,764544.0,0.0,0.0,0.0,0.0,0,0,0
rpoBC,764545.0,0.0,0.0,0.0,0.0,0,0,0
rpoBC,764546.0,0.0,0.0,0.0,0.0,0,0,0
rpoBC,764547.0,0.0,0.0,0.0,0.0,0,0,0
rpoBC,764548.0,0.0,0.0,0.0,0.0,0,0,0
rpoBC,764549.0,0.0,0.0,0.0,0.0,0,0,0
rpoBC,764550.0,0.0,0.0,0.0,0.0,0,0,0
rpoBC,764551.0,0.0,0.0,0.0,0.0,0,0,0
rpoBC,764552.0,0.0,0.0,0.0,0.0,0,0,0
rpoBC,764553.0,0.0,0.0,0.0,0.0,0,0,0
rpoBC,764554.0,0.0,0.0,0.0,0.0,0,0,0
rpoBC,764555.0,0.0,0.0,0.0,0.0,0,0,0
rpoBC,764556.0,0.0,0.0,0.0,0.0,0,0,0
rpoBC,764557.0,0.0,0.0,0.0,0.0,0,0,0
rpoBC,764558.0,0.0,0.0,0.0,0.0,0,0,0
rpoBC,764559.0,0.0,0.0,0.0,0.0,0,0,0
rpoBC,764560.0,0.0,0.0,0.0,0.0,0,0,0
rpoBC,764561.0,0.0,0.0,0.0,0.0,0,0,0
rpoBC,764562.0,0.0,0.0,0.0,0.0,0,0,0
rpoBC,764563.0,0.0,0.0,0.0,0.0,0,0,0
rpoBC,764564.0,0.0,0.0,0.0,0.0,0,0,0
rpoBC,764565.0,0.0,0.0,0.0,0.0,0,0,0
rpoBC,764566.0,0.0,0.0,0.0,0.0,0,0,0
rpoBC,764567.0,0.0,0.0,0.0,0.0,0,0,0
rpoBC,764568.0,0.0,0.0,0.0,0.0,0,0,0
rpoBC,764569.0,0.0,0.0,0.0,0.0,0,0,0
rpoBC,764570.0,0.0,0.0,0.0,0.0,0,0,0
rpoBC,764571.0,0.0,0.0,0.0,0.0,0,0,0
rpoBC,764572.0,0.0,0.0,0.0,0.0,0,0,0
rpoBC,764573.0,0.0,0.0,0.0,0.0,0,0,0
rpoBC,764574.0,0.0,0.0,0.0,0.0,0,0,0
rpoBC,764575.0,0.0,0.0,0.0,0.0,0,0,0
rpoBC,764576.0,0.0,0.0,0.0,0.0,0,0,0
rpoBC,764577.0,0.0,0.0,0.0,0.0,0,0,0
rpoBC,764578.0,0.0,0.0,0.0,0.0,0,0,0
rpoBC,764579.0,0.0,0.0,0.0,0.0,0,0,0
rpoBC,764580.0,0.0,-0.014846734,0.0,1.0,0,0,0
rpoBC,764581.0,0.0,0.0,0.0,0.0,0,0,0
rpoBC,764582.0,0.0,-0.0005038496,0.0,1.0,0,0,0
rpoBC,764583.0,0.0,0.0,0.0,0.0,0,0,0
rpoBC,764584.0,0.0,0.0,0.0,0.0,0,0,0
rpoBC,764585.0,0.0,0.0,0.0,0.0,0,0,0
rpoBC,764586.0,0.0,0.0,0.0,0.0,0,0,0
rpoBC,764587.0,0.0,0.0,0.0,0.0,0,0,0
rpoBC,764588.0,0.0,0.0,0.0,0.0,0,0,0
rpoBC,764589.0,0.0,0.0,0.0,0.0,0,0,0
rpoBC,764590.0,0.0,0.0,0.0,0.0,0,0,0
rpoBC,764591.0,0.0,0.0,0.0,0.0,0,0,0
rpoBC,764592.0,0.0,0.0,0.0,0.0,0,0,0
rpoBC,764593.0,0.0,0.0,0.0,0.0,0,0,0
rpoBC,764594.0,0.0,0.0,0.0,0.0,0,0,0
rpoBC,764595.0,0.0,0.0,0.0,0.0,0,0,0
rpoBC,764596.0,0.0,0.0,0.0,0.0,0,0,0
rpoBC,764597.0,0.0,0.0,0.0,0.0,0,0,0
rpoBC,764598.0,0.0,0.0,0.0,0.0,0,0,0
rpoBC,764599.0,0.0,0.0,0.0,0.0,0,0,0
rpoBC,764600.0,0.0,0.0,0.0,0.0,0,0,0
rpoBC,764601.0,0.0,0.0,0.0,0.0,0,0,0
rpoBC,764602.0,0.0,0.0,0.0,0.0,0,0,0
rpoBC,764603.0,0.0,0.0,0.0,0.0,0,0,0
rpoBC,764604.0,0.0,0.0,0.0,0.0,0,0,0
rpoBC,764605.0,0.0,0.0,0.0,0.0,0,0,0
rpoBC,764606.0,0.0,0.0,0.0,0.0,0,0,0
rpoBC,764607.0,0.0,0.0,0.0,0.0,0,0,0
rpoBC,764608.0,0.0,0.0,0.0,0.0,0,0,0
rpoBC,764609.0,0.0,0.0,0.0,0.0,0,0,0
rpoBC,764610.0,0.0,0.0,0.0,0.0,0,0,0
rpoBC,764611.0,0.0,0.0,0.0,0.0,0,0,0
rpoBC,764612.0,0.0,0.0,0.0,0.0,0,0,0
rpoBC,764613.0,0.014594091,0.0,1.0,0.0,0,0,0
rpoBC,764614.0,0.0,0.0,0.0,0.0,0,0,0
rpoBC,764615.0,0.0,0.0,0.0,0.0,0,0,0
rpoBC,764616.0,0.0052570165,-0.002529262,0.0,0.0,0,0,0
rpoBC,764617.0,0.0,0.0,0.0,0.0,0,0,0
rpoBC,764618.0,0.0,0.0,0.0,0.0,0,0,0
rpoBC,764619.0,0.0,0.0,0.0,0.0,0,0,0
rpoBC,764620.0,0.0,0.0,0.0,0.0,0,0,0
rpoBC,764621.0,0.0,0.0,0.0,0.0,0,0,0
rpoBC,764622.0,0.0,0.0,0.0,0.0,0,0,0
rpoBC,764623.0,0.0,0.0,0.0,0.0,0,0,0
rpoBC,764624.0,0.0,0.0,0.0,0.0,0,0,0
rpoBC,764625.0,0.0,0.0,0.0,0.0,0,0,0
rpoBC,764626.0,0.0,-0.003976347,0.0,1.0,0,0,0
rpoBC,764627.0,0.0,0.0,0.0,0.0,0,0,0
rpoBC,764628.0,0.0,0.0,0.0,0.0,0,0,0
rpoBC,764629.0,0.0,0.0,0.0,0.0,0,0,0
rpoBC,764630.0,0.0,0.0,0.0,0.0,0,0,0
rpoBC,764631.0,0.0,0.0,0.0,0.0,0,0,0
rpoBC,764632.0,0.0,0.0,0.0,0.0,0,0,0
rpoBC,764633.0,0.0,0.0,0.0,0.0,0,0,0
rpoBC,764634.0,0.0,-0.000974423,0.0,0.0,0,0,0
rpoBC,764635.0,0.0,0.0,0.0,0.0,0,0,0
rpoBC,764636.0,0.0,0.0,0.0,0.0,0,0,0
rpoBC,764637.0,0.0,0.0,0.0,0.0,0,0,0
rpoBC,764638.0,0.0,0.0,0.0,0.0,0,0,0
rpoBC,764639.0,0.0,0.0,0.0,0.0,0,0,0
rpoBC,764640.0,0.0,0.0,0.0,0.0,0,0,0
rpoBC,764641.0,0.0,0.0,0.0,0.0,0,0,0
rpoBC,764642.0,0.0,0.0,0.0,0.0,0,0,0
rpoBC,764643.0,0.0,0.0,0.0,0.0,0,0,0
rpoBC,764644.0,0.0,0.0,0.0,0.0,0,0,0
rpoBC,764645.0,0.0,0.0,0.0,0.0,0,0,0
rpoBC,764646.0,0.0,0.0,0.0,0.0,0,0,0
rpoBC,764647.0,0.0,0.0,0.0,0.0,0,0,0
rpoBC,764648.0,0.0,0.0,0.0,0.0,0,0,0
rpoBC,764649.0,0.0,0.0,0.0,0.0,0,0,0
rpoBC,764650.0,0.0,0.0,0.0,0.0,0,0,0
rpoBC,764651.0,0.0,-0.0049262317,0.0,1.0,0,0,0
rpoBC,764652.0,0.0,0.0,0.0,0.0,0,0,0
rpoBC,764653.0,0.0,0.0,0.0,0.0,0,0,0
rpoBC,764654.0,0.0,0.0,0.0,0.0,0,0,0
rpoBC,764655.0,0.0,0.0,0.0,0.0,0,0,0
rpoBC,764656.0,0.0,0.0,0.0,0.0,0,0,0
rpoBC,764657.0,0.0,0.0,0.0,0.0,0,0,0
rpoBC,764658.0,0.0,0.0,0.0,0.0,0,0,0
rpoBC,764659.0,0.0,0.0,0.0,0.0,0,0,0
rpoBC,764660.0,0.0147783775,0.0,1.0,0.0,0,0,0
rpoBC,764661.0,0.0,0.0,0.0,0.0,0,0,0
rpoBC,764662.0,0.0,0.0,0.0,0.0,0,0,0
rpoBC,764663.0,0.0,0.0,0.0,0.0,0,0,0
rpoBC,764664.0,0.0,0.0,0.0,0.0,0,0,0
rpoBC,764665.0,0.0,0.0,0.0,0.0,0,0,0
rpoBC,764666.0,0.0054727467,-0.010391747,1.0,1.0,0,0,0
rpoBC,764667.0,0.011840067,-0.0077076964,1.0,1.0,0,0,0
rpoBC,764668.0,0.0,0.0,0.0,0.0,0,0,0
rpoBC,764669.0,0.0,-0.01084756,0.0,1.0,0,0,0
rpoBC,764670.0,0.013996367,-0.008814171,1.0,1.0,0,0,0
rpoBC,764671.0,0.0,0.0,0.0,0.0,0,0,0
rpoBC,764672.0,0.0,0.0,0.0,0.0,0,0,0
rpoBC,764673.0,0.0,0.0,0.0,0.0,0,0,0
rpoBC,764674.0,0.0,0.0,0.0,0.0,0,0,0
rpoBC,764675.0,0.0,0.0,0.0,0.0,0,0,0
rpoBC,764676.0,0.0,0.0,0.0,0.0,0,0,0
rpoBC,764677.0,0.0,0.0,0.0,0.0,0,0,0
rpoBC,764678.0,0.0,0.0,0.0,0.0,0,0,0
rpoBC,764679.0,0.0,0.0,0.0,0.0,0,0,0
rpoBC,764680.0,0.0,0.0,0.0,0.0,0,0,0
rpoBC,764681.0,0.0,0.0,0.0,0.0,0,0,0
rpoBC,764682.0,0.0,0.0,0.0,0.0,0,0,0
rpoBC,764683.0,0.0,0.0,0.0,0.0,0,0,0
rpoBC,764684.0,0.0,0.0,0.0,0.0,0,0,0
rpoBC,764685.0,0.0,0.0,0.0,0.0,0,0,0
rpoBC,764686.0,0.0,0.0,0.0,0.0,0,0,0
rpoBC,764687.0,0.0,0.0,0.0,0.0,0,0,0
rpoBC,764688.0,0.0,-0.0069093267,0.0,1.0,0,0,0
rpoBC,764689.0,0.0,0.0,0.0,0.0,0,0,0
rpoBC,764690.0,0.0,0.0,0.0,0.0,0,0,0
rpoBC,764691.0,0.0,0.0,0.0,0.0,0,0,0
rpoBC,764692.0,0.0,0.0,0.0,0.0,0,0,0
rpoBC,764693.0,0.0,0.0,0.0,0.0,0,0,0
rpoBC,764694.0,0.0,0.0,0.0,0.0,0,0,0
rpoBC,764695.0,0.0,0.0,0.0,0.0,0,0,0
rpoBC,764696.0,0.0,0.0,0.0,0.0,0,0,0
rpoBC,764697.0,0.0,0.0,0.0,0.0,0,0,0
rpoBC,764698.0,0.0,0.0,0.0,0.0,0,0,0
rpoBC,764699.0,0.0,0.0,0.0,0.0,0,0,0
rpoBC,764700.0,0.0,0.0,0.0,0.0,0,0,0
rpoBC,764701.0,0.0,-0.02965035,0.0,1.0,0,0,0
rpoBC,764702.0,0.0,0.0,0.0,0.0,0,0,0
rpoBC,764703.0,0.0,-0.002273364,0.0,1.0,0,0,0
rpoBC,764704.0,0.0,0.0,0.0,0.0,0,0,0
rpoBC,764705.0,0.0,0.0,0.0,0.0,0,0,0
rpoBC,764706.0,0.0,0.0,0.0,0.0,0,0,0
rpoBC,764707.0,0.0,0.0,0.0,0.0,0,0,0
rpoBC,764708.0,0.0,0.0,0.0,0.0,0,0,0
rpoBC,764709.0,0.0,0.0,0.0,0.0,0,0,0
rpoBC,764710.0,0.0,0.0,0.0,0.0,0,0,0
rpoBC,764711.0,0.0,0.0,0.0,0.0,0,0,0
rpoBC,764712.0,0.0,0.0,0.0,0.0,0,0,0
rpoBC,764713.0,0.0,0.0,0.0,0.0,0,0,0
rpoBC,764714.0,0.0,-0.0062244185,0.0,1.0,0,0,0
rpoBC,764715.0,0.0,-0.007817649,0.0,1.0,0,0,0
rpoBC,764716.0,0.0,0.0,0.0,0.0,0,0,0
rpoBC,764717.0,0.0019499031,0.0,0.0,0.0,0,0,0
rpoBC,764718.0,0.0,0.0,0.0,0.0,0,0,0
rpoBC,764719.0,0.0,0.0,0.0,0.0,0,0,0
rpoBC,764720.0,0.0,0.0,0.0,0.0,0,0,0
rpoBC,764721.0,0.0,0.0,0.0,0.0,0,0,0
rpoBC,764722.0,0.0,0.0,0.0,0.0,0,0,0
rpoBC,764723.0,0.0035117636,-0.0026073465,0.0,0.0,0,0,0
rpoBC,764724.0,0.0,-0.0043681967,0.0,1.0,0,0,0
rpoBC,764725.0,0.0,-0.00018564129,0.0,0.0,0,0,0
rpoBC,764726.0,0.0,0.0,0.0,0.0,0,0,0
rpoBC,764727.0,0.0,0.0,0.0,0.0,0,0,0
rpoBC,764728.0,0.0,0.0,0.0,0.0,0,0,0
rpoBC,764729.0,0.0,0.0,0.0,0.0,0,0,0
rpoBC,764730.0,0.0,0.0,0.0,0.0,0,0,0
rpoBC,764731.0,0.0,0.0,0.0,0.0,0,0,0
rpoBC,764732.0,0.0,0.0,0.0,0.0,0,0,0
rpoBC,764733.0,0.0,0.0,0.0,0.0,0,0,0
rpoBC,764734.0,0.0,0.0,0.0,0.0,0,0,0
rpoBC,764735.0,0.0,0.0,0.0,0.0,0,0,0
rpoBC,764736.0,0.0,0.0,0.0,0.0,0,0,0
rpoBC,764737.0,0.0,0.0,0.0,0.0,0,0,0
rpoBC,764738.0,0.0,0.0,0.0,0.0,0,0,0
rpoBC,764739.0,0.0,0.0,0.0,0.0,0,0,0
rpoBC,764740.0,0.0,0.0,0.0,0.0,0,0,0
rpoBC,764741.0,0.0,0.0,0.0,0.0,0,0,0
rpoBC,764742.0,0.0,0.0,0.0,0.0,0,0,0
rpoBC,764743.0,0.0,0.0,0.0,0.0,0,0,0
rpoBC,764744.0,0.0,-0.0026143608,0.0,1.0,0,0,0
rpoBC,764745.0,0.0,0.0,0.0,0.0,0,0,0
rpoBC,764746.0,0.0,0.0,0.0,0.0,0,0,0
rpoBC,764747.0,0.0,0.0,0.0,0.0,0,0,0
rpoBC,764748.0,0.0,0.0,0.0,0.0,0,0,0
rpoBC,764749.0,0.0,0.0,0.0,0.0,0,0,0
rpoBC,764750.0,0.0,0.0,0.0,0.0,0,0,0
rpoBC,764751.0,0.0,0.0,0.0,0.0,0,0,0
rpoBC,764752.0,0.0,0.0,0.0,0.0,0,0,0
rpoBC,764753.0,0.0,0.0,0.0,0.0,0,0,0
rpoBC,764754.0,0.0,0.0,0.0,0.0,0,0,0
rpoBC,764755.0,0.0,0.0,0.0,0.0,0,0,0
rpoBC,764756.0,0.0,0.0,0.0,0.0,0,0,0
rpoBC,764757.0,0.0,0.0,0.0,0.0,0,0,0
rpoBC,764758.0,0.0,0.0,0.0,0.0,0,0,0
rpoBC,764759.0,0.0,0.0,0.0,0.0,0,0,0
rpoBC,764760.0,0.0,0.0,0.0,0.0,0,0,0
rpoBC,764761.0,0.0,0.0,0.0,0.0,0,0,0
rpoBC,764762.0,0.0,0.0,0.0,0.0,0,0,0
rpoBC,764763.0,0.0,0.0,0.0,0.0,0,0,0
rpoBC,764764.0,0.0,0.0,0.0,0.0,0,0,0
rpoBC,764765.0,0.0,0.0,0.0,0.0,0,0,0
rpoBC,764766.0,0.0,-0.011181717,0.0,1.0,0,0,0
rpoBC,764767.0,0.0,0.0,0.0,0.0,0,0,0
rpoBC,764768.0,0.0,0.0,0.0,0.0,0,0,0
rpoBC,764769.0,0.0,0.0,0.0,0.0,0,0,0
rpoBC,764770.0,0.0,0.0,0.0,0.0,0,0,0
rpoBC,764771.0,0.0,0.0,0.0,0.0,0,0,0
rpoBC,764772.0,0.0,-0.0016089313,0.0,1.0,0,0,0
rpoBC,764773.0,0.0,0.0,0.0,0.0,0,0,0
rpoBC,764774.0,0.0,0.0,0.0,0.0,0,0,0
rpoBC,764775.0,0.0,0.0,0.0,0.0,0,0,0
rpoBC,764776.0,0.0,0.0,0.0,0.0,0,0,0
rpoBC,764777.0,0.0,0.0,0.0,0.0,0,0,0
rpoBC,764778.0,0.0,0.0,0.0,0.0,0,0,0
rpoBC,764779.0,0.0,0.0,0.0,0.0,0,0,0
rpoBC,764780.0,0.0,0.0,0.0,0.0,0,0,0
rpoBC,764781.0,0.0,0.0,0.0,0.0,0,0,0
rpoBC,764782.0,0.0,-0.023488546,0.0,1.0,0,0,0
rpoBC,764783.0,0.0,0.0,0.0,0.0,0,0,0
rpoBC,764784.0,0.0,0.0,0.0,0.0,0,0,0
rpoBC,764785.0,0.0,0.0,0.0,0.0,0,0,0
rpoBC,764786.0,0.0,0.0,0.0,0.0,0,0,0
rpoBC,764787.0,0.0,0.0,0.0,0.0,0,0,0
rpoBC,764788.0,0.0,0.0,0.0,0.0,0,0,0
rpoBC,764789.0,0.0,0.0,0.0,0.0,0,0,0
rpoBC,764790.0,0.0,0.0,0.0,0.0,0,0,0
rpoBC,764791.0,0.0,0.0,0.0,0.0,0,0,0
rpoBC,764792.0,0.0,0.0,0.0,0.0,0,0,0
rpoBC,764793.0,0.0,0.0,0.0,0.0,0,0,0
rpoBC,764794.0,0.0,0.0,0.0,0.0,0,0,0
rpoBC,764795.0,0.0,0.0,0.0,0.0,0,0,0
rpoBC,764796.0,0.0,0.0,0.0,0.0,0,0,0
rpoBC,764797.0,0.0,0.0,0.0,0.0,0,0,0
rpoBC,764798.0,0.0,0.0,0.0,0.0,0,0,0
rpoBC,764799.0,0.0,0.0,0.0,0.0,0,0,0
rpoBC,764800.0,0.0,0.0,0.0,0.0,0,0,0
rpoBC,764801.0,0.0,-0.004564687,0.0,1.0,0,0,0
rpoBC,764802.0,0.02359004,0.0,1.0,0.0,0,0,0
rpoBC,764803.0,0.0,0.0,0.0,0.0,0,0,0
rpoBC,764804.0,0.0,0.0,0.0,0.0,0,0,0
rpoBC,764805.0,0.0,-0.0006884034,0.0,0.0,0,0,0
rpoBC,764806.0,0.0,0.0,0.0,0.0,0,0,0
rpoBC,764807.0,0.0,0.0,0.0,0.0,0,0,0
rpoBC,764808.0,0.0,0.0,0.0,0.0,0,0,0
rpoBC,764809.0,0.016428284,0.0,1.0,0.0,0,0,0
rpoBC,764810.0,0.048698843,0.0,0.0,0.0,0,0,0
rpoBC,764811.0,0.014071129,0.0,0.0,0.0,0,0,0
rpoBC,764812.0,0.0,0.0,0.0,0.0,0,0,0
rpoBC,764813.0,0.0,0.0,0.0,0.0,0,0,0
rpoBC,764814.0,0.0,0.0,0.0,0.0,0,0,0
rpoBC,764815.0,0.0,0.0,0.0,0.0,0,0,0
rpoBC,764816.0,0.0,0.0,0.0,0.0,0,0,0
rpoBC,764817.0,0.04081532,0.0,0.0,0.0,0,0,0
rpoBC,764818.0,0.012198901,-0.0071959393,0.0,0.0,0,0,0
rpoBC,764819.0,0.08868433,0.0,1.0,0.0,0,0,0
rpoBC,764820.0,0.090729,-0.022787824,1.0,0.0,0,0,0
rpoBC,764821.0,0.0,0.0,0.0,0.0,0,0,0
rpoBC,764822.0,0.077382915,0.0,1.0,0.0,0,0,0
rpoBC,764823.0,0.0,0.0,0.0,0.0,0,0,0
rpoBC,764824.0,0.0,0.0,0.0,0.0,0,0,0
rpoBC,764825.0,0.0,0.0,0.0,0.0,0,0,0
rpoBC,764826.0,0.0,0.0,0.0,0.0,0,0,0
rpoBC,764827.0,0.0,0.0,0.0,0.0,0,0,0
rpoBC,764828.0,0.0,0.0,0.0,0.0,0,0,0
rpoBC,764829.0,0.0,0.0,0.0,0.0,0,0,0
rpoBC,764830.0,0.0,0.0,0.0,0.0,0,0,0
rpoBC,764831.0,0.0,0.0,0.0,0.0,0,0,0
rpoBC,764832.0,0.0036081255,0.0,1.0,0.0,0,0,0
rpoBC,764833.0,0.0,-0.0073242662,0.0,1.0,0,0,0
rpoBC,764834.0,0.0,0.0,0.0,0.0,0,0,0
rpoBC,764835.0,0.0,0.0,0.0,0.0,0,0,0
rpoBC,764836.0,0.0,0.0,0.0,0.0,0,0,0
rpoBC,764837.0,0.0,0.0,0.0,0.0,0,0,0
rpoBC,764838.0,0.0,0.0,0.0,0.0,0,0,0
rpoBC,764839.0,0.0,0.0,0.0,0.0,0,0,0
rpoBC,764840.0,0.0,-0.011979963,0.0,0.0,0,0,0
rpoBC,764841.0,0.0,-0.0012973086,0.0,0.0,0,0,0
rpoBC,764842.0,0.0,0.0,0.0,0.0,0,0,0
rpoBC,764843.0,0.0,-0.0066234376,0.0,1.0,0,0,0
rpoBC,764844.0,0.0,-0.0016400923,0.0,0.0,0,0,0
rpoBC,764845.0,0.0,0.0,0.0,0.0,0,0,0
rpoBC,764846.0,0.0,0.0,0.0,0.0,0,0,0
rpoBC,764847.0,0.0,0.0,0.0,0.0,0,0,0
rpoBC,764848.0,0.0,0.0,0.0,0.0,0,0,0
rpoBC,764849.0,0.0,0.0,0.0,0.0,0,0,0
rpoBC,764850.0,0.0,0.0,0.0,0.0,0,0,0
rpoBC,764851.0,0.0,0.0,0.0,0.0,0,0,0
rpoBC,764852.0,0.0,0.0,0.0,0.0,0,0,0
rpoBC,764853.0,0.0,0.0,0.0,0.0,0,0,0
rpoBC,764854.0,0.0,0.0,0.0,0.0,0,0,0
rpoBC,764855.0,0.0,0.0,0.0,0.0,0,0,0
rpoBC,764856.0,0.0,0.0,0.0,0.0,0,0,0
rpoBC,764857.0,0.0,0.0,0.0,0.0,0,0,0
rpoBC,764858.0,0.0,0.0,0.0,0.0,0,0,0
rpoBC,764859.0,0.0,0.0,0.0,0.0,0,0,0
rpoBC,764860.0,0.0,0.0,0.0,0.0,0,0,0
rpoBC,764861.0,0.0,0.0,0.0,0.0,0,0,0
rpoBC,764862.0,0.0,0.0,0.0,0.0,0,0,0
rpoBC,764863.0,0.0,0.0,0.0,0.0,0,0,0
rpoBC,764864.0,0.0,0.0,0.0,0.0,0,0,0
rpoBC,764865.0,0.0,0.0,0.0,0.0,0,0,0
rpoBC,764866.0,0.0,0.0,0.0,0.0,0,0,0
rpoBC,764867.0,0.0,0.0,0.0,0.0,0,0,0
rpoBC,764868.0,0.0,0.0,0.0,0.0,0,0,0
rpoBC,764869.0,0.0,0.0,0.0,0.0,0,0,0
rpoBC,764870.0,0.0,0.0,0.0,0.0,0,0,0
rpoBC,764871.0,0.0,0.0,0.0,0.0,0,0,0
rpoBC,764872.0,0.0,0.0,0.0,0.0,0,0,0
rpoBC,764873.0,0.0,0.0,0.0,0.0,0,0,0
rpoBC,764874.0,0.0,0.0,0.0,0.0,0,0,0
rpoBC,764875.0,0.0,0.0,0.0,0.0,0,0,0
rpoBC,764876.0,0.0,0.0,0.0,0.0,0,0,0
rpoBC,764877.0,0.0,0.0,0.0,0.0,0,0,0
rpoBC,764878.0,0.0,0.0,0.0,0.0,0,0,0
rpoBC,764879.0,0.0,0.0,0.0,0.0,0,0,0
rpoBC,764880.0,0.0,0.0,0.0,0.0,0,0,0
rpoBC,764881.0,0.0,0.0,0.0,0.0,0,0,0
rpoBC,764882.0,0.0,0.0,0.0,0.0,0,0,0
rpoBC,764883.0,0.0,0.0,0.0,0.0,0,0,0
rpoBC,764884.0,0.0,0.0,0.0,0.0,0,0,0
rpoBC,764885.0,0.0,0.0,0.0,0.0,0,0,0
rpoBC,764886.0,0.0,0.0,0.0,0.0,0,0,0
rpoBC,764887.0,0.0,0.0,0.0,0.0,0,0,0
rpoBC,764888.0,0.009352688,0.0,0.0,0.0,0,0,0
rpoBC,764889.0,0.0,0.0,0.0,0.0,0,0,0
rpoBC,764890.0,0.0,0.0,0.0,0.0,0,0,0
rpoBC,764891.0,0.0,0.0,0.0,0.0,0,0,0
rpoBC,764892.0,0.0,0.0,0.0,0.0,0,0,0
rpoBC,764893.0,0.0,0.0,0.0,0.0,0,0,0
rpoBC,764894.0,0.0,0.0,0.0,0.0,0,0,0
rpoBC,764895.0,0.0,0.0,0.0,0.0,0,0,0
rpoBC,764896.0,0.0,0.0,0.0,0.0,0,0,0
rpoBC,764897.0,0.0,0.0,0.0,0.0,0,0,0
rpoBC,764898.0,0.0,0.0,0.0,0.0,0,0,0
rpoBC,764899.0,0.0,0.0,0.0,0.0,0,0,0
rpoBC,764900.0,0.0,0.0,0.0,0.0,0,0,0
rpoBC,764901.0,0.0,0.0,0.0,0.0,0,0,0
rpoBC,764902.0,0.0,0.0,0.0,0.0,0,0,0
rpoBC,764903.0,0.0,0.0,0.0,0.0,0,0,0
rpoBC,764904.0,0.0,0.0,0.0,0.0,0,0,0
rpoBC,764905.0,0.0,0.0,0.0,0.0,0,0,0
rpoBC,764906.0,0.0,0.0,0.0,0.0,0,0,0
rpoBC,764907.0,0.0,0.0,0.0,0.0,0,0,0
rpoBC,764908.0,0.0,0.0,0.0,0.0,0,0,0
rpoBC,764909.0,0.0,0.0,0.0,0.0,0,0,0
rpoBC,764910.0,0.0,0.0,0.0,0.0,0,0,0
rpoBC,764911.0,0.0,0.0,0.0,0.0,0,0,0
rpoBC,764912.0,0.0,0.0,0.0,0.0,0,0,0
rpoBC,764913.0,0.0,0.0,0.0,0.0,0,0,0
rpoBC,764914.0,0.009103519,-0.007506864,1.0,1.0,0,0,0
rpoBC,764915.0,0.0,0.0,0.0,0.0,0,0,0
rpoBC,764916.0,0.0,-0.0044226707,0.0,1.0,0,0,0
rpoBC,764917.0,0.0,0.0,0.0,0.0,0,0,0
rpoBC,764918.0,0.0005712046,-0.020276153,0.0,1.0,0,0,0
rpoBC,764919.0,0.0,0.0,0.0,0.0,0,0,0
rpoBC,764920.0,0.0,0.0,0.0,0.0,0,0,0
rpoBC,764921.0,0.0,0.0,0.0,0.0,0,0,0
rpoBC,764922.0,0.0,-0.0047886684,0.0,1.0,0,0,0
rpoBC,764923.0,0.0,-0.0057707634,0.0,1.0,0,0,0
rpoBC,764924.0,0.0,-0.0009724145,0.0,0.0,0,0,0
rpoBC,764925.0,0.0,-0.010746305,0.0,1.0,0,0,0
rpoBC,764926.0,0.0,0.0,0.0,0.0,0,0,0
rpoBC,764927.0,0.0,0.0,0.0,0.0,0,0,0
rpoBC,764928.0,0.0,0.0,0.0,0.0,0,0,0
rpoBC,764929.0,0.0,0.0,0.0,0.0,0,0,0
rpoBC,764930.0,0.0,0.0,0.0,0.0,0,0,0
rpoBC,764931.0,0.00074339623,0.0,0.0,0.0,0,0,0
rpoBC,764932.0,0.0,-0.042276446,0.0,1.0,0,0,0
rpoBC,764933.0,0.0,0.0,0.0,0.0,0,0,0
rpoBC,764934.0,0.0,-0.014433458,0.0,1.0,0,0,0
rpoBC,764935.0,0.0,0.0,0.0,0.0,0,0,0
rpoBC,764936.0,0.0,0.0,0.0,0.0,0,0,0
rpoBC,764937.0,0.0,0.0,0.0,0.0,0,0,0
rpoBC,764938.0,0.0,0.0,0.0,0.0,0,0,0
rpoBC,764939.0,0.0,0.0,0.0,0.0,0,0,0
rpoBC,764940.0,0.0,0.0,0.0,0.0,0,0,0
rpoBC,764941.0,0.0,0.0,0.0,0.0,0,0,0
rpoBC,764942.0,0.012267471,0.0,1.0,0.0,0,0,0
rpoBC,764943.0,0.0,0.0,0.0,0.0,0,0,0
rpoBC,764944.0,0.013230857,-0.009474171,1.0,1.0,0,0,0
rpoBC,764945.0,0.0,0.0,0.0,0.0,0,0,0
rpoBC,764946.0,0.0,0.0,0.0,0.0,0,0,0
rpoBC,764947.0,0.0,0.0,0.0,0.0,0,0,0
rpoBC,764948.0,0.0012413205,-0.0012359789,0.0,0.0,0,0,0
rpoBC,764949.0,0.0,0.0,0.0,0.0,0,0,0
rpoBC,764950.0,0.0,0.0,0.0,0.0,0,0,0
rpoBC,764951.0,0.0,0.0,0.0,0.0,0,0,0
rpoBC,764952.0,0.0,0.0,0.0,0.0,0,0,0
rpoBC,764953.0,0.0,0.0,0.0,0.0,0,0,0
rpoBC,764954.0,0.0,0.0,0.0,0.0,0,0,0
rpoBC,764955.0,0.0,0.0,0.0,0.0,0,0,0
rpoBC,764956.0,0.0,0.0,0.0,0.0,0,0,0
rpoBC,764957.0,0.0,0.0,0.0,0.0,0,0,0
rpoBC,764958.0,0.0,0.0,0.0,0.0,0,0,0
rpoBC,764959.0,0.0,0.0,0.0,0.0,0,0,0
rpoBC,764960.0,0.0,0.0,0.0,0.0,0,0,0
rpoBC,764961.0,0.0,0.0,0.0,0.0,0,0,0
rpoBC,764962.0,0.0,0.0,0.0,0.0,0,0,0
rpoBC,764963.0,0.0,0.0,0.0,0.0,0,0,0
rpoBC,764964.0,0.0,0.0,0.0,0.0,0,0,0
rpoBC,764965.0,0.0,0.0,0.0,0.0,0,0,0
rpoBC,764966.0,0.0,0.0,0.0,0.0,0,0,0
rpoBC,764967.0,0.0,0.0,0.0,0.0,0,0,0
rpoBC,764968.0,0.0,0.0,0.0,0.0,0,0,0
rpoBC,764969.0,0.0,0.0,0.0,0.0,0,0,0
rpoBC,764970.0,0.0,0.0,0.0,0.0,0,0,0
rpoBC,764971.0,0.0,0.0,0.0,0.0,0,0,0
rpoBC,764972.0,0.0,0.0,0.0,0.0,0,0,0
rpoBC,764973.0,0.0,0.0,0.0,0.0,0,0,0
rpoBC,764974.0,0.0,0.0,0.0,0.0,0,0,0
rpoBC,764975.0,0.0,0.0,0.0,0.0,0,0,0
rpoBC,764976.0,0.0,0.0,0.0,0.0,0,0,0
rpoBC,764977.0,0.0,0.0,0.0,0.0,0,0,0
rpoBC,764978.0,0.0,0.0,0.0,0.0,0,0,0
rpoBC,764979.0,0.0,0.0,0.0,0.0,0,0,0
rpoBC,764980.0,0.0,0.0,0.0,0.0,0,0,0
rpoBC,764981.0,0.0,0.0,0.0,0.0,0,0,0
rpoBC,764982.0,0.0,0.0,0.0,0.0,0,0,0
rpoBC,764983.0,0.0,0.0,0.0,0.0,0,0,0
rpoBC,764984.0,0.0,0.0,0.0,0.0,0,0,0
rpoBC,764985.0,0.0,0.0,0.0,0.0,0,0,0
rpoBC,764986.0,0.0,0.0,0.0,0.0,0,0,0
rpoBC,764987.0,0.0,0.0,0.0,0.0,0,0,0
rpoBC,764988.0,0.0,0.0,0.0,0.0,0,0,0
rpoBC,764989.0,0.0,0.0,0.0,0.0,0,0,0
rpoBC,764990.0,0.0,0.0,0.0,0.0,0,0,0
rpoBC,764991.0,0.0,0.0,0.0,0.0,0,0,0
rpoBC,764992.0,0.0,0.0,0.0,0.0,0,0,0
rpoBC,764993.0,0.0,0.0,0.0,0.0,0,0,0
rpoBC,764994.0,0.0,-0.01603513,0.0,1.0,0,0,0
rpoBC,764995.0,0.020263288,0.0,1.0,0.0,0,1,0
rpoBC,764996.0,0.0,0.0,0.0,0.0,0,0,0
rpoBC,764997.0,0.0,0.0,0.0,0.0,0,0,0
rpoBC,764998.0,0.0,0.0,0.0,0.0,0,0,0
rpoBC,764999.0,0.0,0.0,0.0,0.0,0,0,0
rpoBC,765000.0,0.0,0.0,0.0,0.0,0,0,0
rpoBC,765001.0,0.0,-0.016388733,0.0,1.0,0,0,0
rpoBC,765002.0,0.0,0.0,0.0,0.0,0,0,0
rpoBC,765003.0,0.0,0.0,0.0,0.0,0,0,0
rpoBC,765004.0,0.0,0.0,0.0,0.0,0,0,0
rpoBC,765005.0,0.0,0.0,0.0,0.0,0,0,0
rpoBC,765006.0,0.0,0.0,0.0,0.0,0,0,0
rpoBC,765007.0,0.0,0.0,0.0,0.0,0,0,0
rpoBC,765008.0,0.010925949,0.0,1.0,0.0,0,0,0
rpoBC,765009.0,0.0,0.0,0.0,0.0,0,0,0
rpoBC,765010.0,0.0,0.0,0.0,0.0,0,0,0
rpoBC,765011.0,0.0,0.0,0.0,0.0,0,0,0
rpoBC,765012.0,0.0,0.0,0.0,0.0,0,0,0
rpoBC,765013.0,0.0,0.0,0.0,0.0,0,0,0
rpoBC,765014.0,0.0,0.0,0.0,0.0,0,0,0
rpoBC,765015.0,0.0,0.0,0.0,0.0,0,0,0
rpoBC,765016.0,0.0,0.0,0.0,0.0,0,0,0
rpoBC,765017.0,0.0,0.0,0.0,0.0,0,0,0
rpoBC,765018.0,0.0,0.0,0.0,0.0,0,0,0
rpoBC,765019.0,0.0,0.0,0.0,0.0,0,0,0
rpoBC,765020.0,0.0,0.0,0.0,0.0,0,0,0
rpoBC,765021.0,0.0,0.0,0.0,0.0,0,0,0
rpoBC,765022.0,0.0,0.0,0.0,0.0,0,0,0
rpoBC,765023.0,0.0,0.0,0.0,0.0,0,0,0
rpoBC,765024.0,0.0,0.0,0.0,0.0,0,0,0
rpoBC,765025.0,0.0,0.0,0.0,0.0,0,0,0
rpoBC,765026.0,0.0,0.0,0.0,0.0,0,0,0
rpoBC,765027.0,0.0,0.0,0.0,0.0,0,0,0
rpoBC,765028.0,0.0,0.0,0.0,0.0,0,0,0
rpoBC,765029.0,0.0,0.0,0.0,0.0,0,0,0
rpoBC,765030.0,0.0,0.0,0.0,0.0,0,0,0
rpoBC,765031.0,0.0,0.0,0.0,0.0,0,0,0
rpoBC,765032.0,0.0,0.0,0.0,0.0,0,0,0
rpoBC,765033.0,0.0,0.0,0.0,0.0,0,0,0
rpoBC,765034.0,0.0,0.0,0.0,0.0,0,0,0
rpoBC,765035.0,0.0,0.0,0.0,0.0,0,0,0
rpoBC,765036.0,0.0,0.0,0.0,0.0,0,0,0
rpoBC,765037.0,0.0,0.0,0.0,0.0,0,0,0
rpoBC,765038.0,0.0,0.0,0.0,0.0,0,0,0
rpoBC,765039.0,0.0,0.0,0.0,0.0,0,0,0
rpoBC,765040.0,0.0,0.0,0.0,0.0,0,0,0
rpoBC,765041.0,0.0,0.0,0.0,0.0,0,0,0
rpoBC,765042.0,0.0,0.0,0.0,0.0,0,0,0
rpoBC,765043.0,0.0,0.0,0.0,0.0,0,0,0
rpoBC,765044.0,0.0,0.0,0.0,0.0,0,0,0
rpoBC,765045.0,0.0,0.0,0.0,0.0,0,0,0
rpoBC,765046.0,0.0,0.0,0.0,0.0,0,0,0
rpoBC,765047.0,0.0,0.0,0.0,0.0,0,0,0
rpoBC,765048.0,0.0,0.0,0.0,0.0,0,0,0
rpoBC,765049.0,0.0,0.0,0.0,0.0,0,0,0
rpoBC,765050.0,0.13761896,0.0,1.0,0.0,0,0,0
rpoBC,765051.0,0.0,0.0,0.0,0.0,0,0,0
rpoBC,765052.0,0.0,0.0,0.0,0.0,0,0,0
rpoBC,765053.0,0.0,0.0,0.0,0.0,0,0,0
rpoBC,765054.0,0.0,0.0,0.0,0.0,0,0,0
rpoBC,765055.0,0.0,0.0,0.0,0.0,0,0,0
rpoBC,765056.0,0.0,0.0,0.0,0.0,0,0,0
rpoBC,765057.0,0.0,0.0,0.0,0.0,0,0,0
rpoBC,765058.0,0.0,0.0,0.0,0.0,0,0,0
rpoBC,765059.0,0.0,0.0,0.0,0.0,0,0,0
rpoBC,765060.0,0.0,0.0,0.0,0.0,0,0,0
rpoBC,765061.0,0.0,0.0,0.0,0.0,0,0,0
rpoBC,765062.0,0.0,0.0,0.0,0.0,0,0,0
rpoBC,765063.0,0.0,0.0,0.0,0.0,0,0,0
rpoBC,765064.0,0.0,0.0,0.0,0.0,0,0,0
rpoBC,765065.0,0.0,-0.010597546,0.0,1.0,0,0,0
rpoBC,765066.0,0.0,0.0,0.0,0.0,0,0,0
rpoBC,765067.0,0.0,0.0,0.0,0.0,0,0,0
rpoBC,765068.0,0.0,0.0,0.0,0.0,0,0,0
rpoBC,765069.0,0.0,0.0,0.0,0.0,0,0,0
rpoBC,765070.0,0.0,0.0,0.0,0.0,0,0,0
rpoBC,765071.0,0.0,0.0,0.0,0.0,0,0,0
rpoBC,765072.0,0.0,0.0,0.0,0.0,0,0,0
rpoBC,765073.0,0.0,-0.00027350985,0.0,0.0,0,0,0
rpoBC,765074.0,0.0,0.0,0.0,0.0,0,0,0
rpoBC,765075.0,0.0,0.0,0.0,0.0,0,0,0
rpoBC,765076.0,0.0,0.0,0.0,0.0,0,0,0
rpoBC,765077.0,0.0,0.0,0.0,0.0,0,0,0
rpoBC,765078.0,0.0,0.0,0.0,0.0,0,0,0
rpoBC,765079.0,0.0,0.0,0.0,0.0,0,0,0
rpoBC,765080.0,0.013394563,-0.0024737509,1.0,1.0,0,0,0
rpoBC,765081.0,0.0,0.0,0.0,0.0,0,0,0
rpoBC,765082.0,0.0,0.0,0.0,0.0,0,0,0
rpoBC,765083.0,0.035284016,0.0,1.0,0.0,0,0,0
rpoBC,765084.0,0.0028522713,0.0,1.0,0.0,0,0,0
rpoBC,765085.0,0.0,0.0,0.0,0.0,0,0,0
rpoBC,765086.0,0.0,0.0,0.0,0.0,0,0,0
rpoBC,765087.0,0.0,0.0,0.0,0.0,0,0,0
rpoBC,765088.0,0.0,0.0,0.0,0.0,0,0,0
rpoBC,765089.0,0.0,0.0,0.0,0.0,0,0,0
rpoBC,765090.0,0.0,0.0,0.0,0.0,0,0,0
rpoBC,765091.0,0.0,0.0,0.0,0.0,0,0,0
rpoBC,765092.0,0.0,0.0,0.0,0.0,0,0,0
rpoBC,765093.0,0.0,0.0,0.0,0.0,0,0,0
rpoBC,765094.0,0.009127772,0.0,1.0,0.0,0,0,0
rpoBC,765095.0,0.0,0.0,0.0,0.0,0,0,0
rpoBC,765096.0,0.0,0.0,0.0,0.0,0,0,0
rpoBC,765097.0,0.0,0.0,0.0,0.0,0,0,0
rpoBC,765098.0,0.0,0.0,0.0,0.0,0,0,0
rpoBC,765099.0,0.0,0.0,0.0,0.0,0,0,0
rpoBC,765100.0,0.0,0.0,0.0,0.0,0,0,0
rpoBC,765101.0,0.0,0.0,0.0,0.0,0,0,0
rpoBC,765102.0,0.0,0.0,0.0,0.0,0,0,0
rpoBC,765103.0,0.0,0.0,0.0,0.0,0,0,0
rpoBC,765104.0,0.0,-0.0067604417,0.0,1.0,0,0,0
rpoBC,765105.0,0.0,0.0,0.0,0.0,0,0,0
rpoBC,765106.0,0.0,0.0,0.0,0.0,0,0,0
rpoBC,765107.0,0.0,0.0,0.0,0.0,0,0,0
rpoBC,765108.0,0.0,0.0,0.0,0.0,0,0,0
rpoBC,765109.0,0.0,0.0,0.0,0.0,0,0,0
rpoBC,765110.0,0.0,0.0,0.0,0.0,0,0,0
rpoBC,765111.0,0.0,0.0,0.0,0.0,0,0,0
rpoBC,765112.0,0.0,0.0,0.0,0.0,0,0,0
rpoBC,765113.0,0.0,0.0,0.0,0.0,0,0,0
rpoBC,765114.0,0.0,0.0,0.0,0.0,0,0,0
rpoBC,765115.0,0.0,0.0,0.0,0.0,0,0,0
rpoBC,765116.0,0.0,0.0,0.0,0.0,0,0,0
rpoBC,765117.0,0.0,0.0,0.0,0.0,0,0,0
rpoBC,765118.0,0.0,-0.0038913721,0.0,1.0,0,0,0
rpoBC,765119.0,0.0,0.0,0.0,0.0,0,0,0
rpoBC,765120.0,0.0,0.0,0.0,0.0,0,0,0
rpoBC,765121.0,0.0018187643,0.0,1.0,0.0,0,0,0
rpoBC,765122.0,0.0,0.0,0.0,0.0,0,0,0
rpoBC,765123.0,0.0,0.0,0.0,0.0,0,0,0
rpoBC,765124.0,0.0,0.0,0.0,0.0,0,0,0
rpoBC,765125.0,0.0,0.0,0.0,0.0,0,0,0
rpoBC,765126.0,0.0,0.0,0.0,0.0,0,0,0
rpoBC,765127.0,0.0,0.0,0.0,0.0,0,0,0
rpoBC,765128.0,0.0,0.0,0.0,0.0,0,0,0
rpoBC,765129.0,0.0,0.0,0.0,0.0,0,0,0
rpoBC,765130.0,0.0,0.0,0.0,0.0,0,0,0
rpoBC,765131.0,0.0,0.0,0.0,0.0,0,0,0
rpoBC,765132.0,0.0,0.0,0.0,0.0,0,0,0
rpoBC,765133.0,0.0,0.0,0.0,0.0,0,0,0
rpoBC,765134.0,0.0,0.0,0.0,0.0,0,0,0
rpoBC,765135.0,0.0,0.0,0.0,0.0,0,0,0
rpoBC,765136.0,0.0,0.0,0.0,0.0,0,0,0
rpoBC,765137.0,0.0,0.0,0.0,0.0,0,0,0
rpoBC,765138.0,0.0,0.0,0.0,0.0,0,0,0
rpoBC,765139.0,0.0,0.0,0.0,0.0,0,0,0
rpoBC,765140.0,0.009672115,0.0,1.0,0.0,0,0,0
rpoBC,765141.0,0.0,0.0,0.0,0.0,0,0,0
rpoBC,765142.0,0.0,-0.002690977,0.0,0.0,0,0,0
rpoBC,765143.0,0.0,0.0,0.0,0.0,0,0,0
rpoBC,765144.0,0.0,0.0,0.0,0.0,0,0,0
rpoBC,765145.0,0.0,-0.00520252,0.0,0.0,0,0,0
rpoBC,765146.0,0.0,0.0,0.0,0.0,0,0,0
rpoBC,765147.0,0.0,0.0,0.0,0.0,0,0,0
rpoBC,765148.0,0.0,0.0,0.0,0.0,0,0,0
rpoBC,765149.0,0.016066102,0.0,1.0,0.0,0,0,0
rpoBC,765150.0,0.07019315,0.0,1.0,0.0,0,0,0
rpoBC,765151.0,0.0,0.0,0.0,0.0,0,0,0
rpoBC,765152.0,0.0,0.0,0.0,0.0,0,0,0
rpoBC,765153.0,0.0,-0.01302529,0.0,1.0,0,0,0
rpoBC,765154.0,0.0,0.0,0.0,0.0,0,0,0
rpoBC,765155.0,0.0,0.0,0.0,0.0,0,0,0
rpoBC,765156.0,0.0,0.0,0.0,0.0,0,0,0
rpoBC,765157.0,0.0,0.0,0.0,0.0,0,0,0
rpoBC,765158.0,0.0,0.0,0.0,0.0,0,0,0
rpoBC,765159.0,0.0,0.0,0.0,0.0,0,0,0
rpoBC,765160.0,0.0,0.0,0.0,0.0,0,0,0
rpoBC,765161.0,0.0,0.0,0.0,0.0,0,0,0
rpoBC,765162.0,0.0,0.0,0.0,0.0,0,0,0
rpoBC,765163.0,0.0,0.0,0.0,0.0,0,0,0
rpoBC,765164.0,0.0,0.0,0.0,0.0,0,0,0
rpoBC,765165.0,0.0,0.0,0.0,0.0,0,0,0
rpoBC,765166.0,0.0,0.0,0.0,0.0,0,0,0
rpoBC,765167.0,0.0,0.0,0.0,0.0,0,0,0
rpoBC,765168.0,0.0,0.0,0.0,0.0,0,0,0
rpoBC,765169.0,0.0,0.0,0.0,0.0,0,0,0
rpoBC,765170.0,0.0,0.0,0.0,0.0,0,0,0
rpoBC,765171.0,0.0,-0.24014653,0.0,1.0,0,0,0
rpoBC,765172.0,0.0,0.0,0.0,0.0,0,0,0
rpoBC,765173.0,0.0,0.0,0.0,0.0,0,0,0
rpoBC,765174.0,0.0,0.0,0.0,0.0,0,0,0
rpoBC,765175.0,0.0,0.0,0.0,0.0,0,0,0
rpoBC,765176.0,0.0,0.0,0.0,0.0,0,0,0
rpoBC,765177.0,0.0,0.0,0.0,0.0,0,0,0
rpoBC,765178.0,0.0,-0.034104638,0.0,1.0,0,0,0
rpoBC,765179.0,0.0,0.0,0.0,0.0,0,0,0
rpoBC,765180.0,0.0,0.0,0.0,0.0,0,0,0
rpoBC,765181.0,0.0,0.0,0.0,0.0,0,0,0
rpoBC,765182.0,0.0,0.0,0.0,0.0,0,0,0
rpoBC,765183.0,0.0,0.0,0.0,0.0,0,0,0
rpoBC,765184.0,0.0,0.0,0.0,0.0,0,0,0
rpoBC,765185.0,0.0,0.0,0.0,0.0,0,0,0
rpoBC,765186.0,0.0,0.0,0.0,0.0,0,0,0
rpoBC,765187.0,0.0,-0.002613673,0.0,1.0,0,0,0
rpoBC,765188.0,0.0,0.0,0.0,0.0,0,0,0
rpoBC,765189.0,0.0,0.0,0.0,0.0,0,0,0
rpoBC,765190.0,0.0,0.0,0.0,0.0,0,0,0
rpoBC,765191.0,0.0,0.0,0.0,0.0,0,0,0
rpoBC,765192.0,0.0,0.0,0.0,0.0,0,0,0
rpoBC,765193.0,0.0,0.0,0.0,0.0,0,0,0
rpoBC,765194.0,0.0,0.0,0.0,0.0,0,0,0
rpoBC,765195.0,0.0,0.0,0.0,0.0,0,0,0
rpoBC,765196.0,0.0,0.0,0.0,0.0,0,0,0
rpoBC,765197.0,0.0,0.0,0.0,0.0,0,0,0
rpoBC,765198.0,0.0,0.0,0.0,0.0,0,0,0
rpoBC,765199.0,0.0012905844,0.0,0.0,0.0,0,0,0
rpoBC,765200.0,0.0,0.0,0.0,0.0,0,0,0
rpoBC,765201.0,0.0,0.0,0.0,0.0,0,0,0
rpoBC,765202.0,0.0,-0.0023052604,0.0,1.0,0,0,0
rpoBC,765203.0,0.0,0.0,0.0,0.0,0,0,0
rpoBC,765204.0,0.0,0.0,0.0,0.0,0,0,0
rpoBC,765205.0,0.0,0.0,0.0,0.0,0,0,0
rpoBC,765206.0,0.0,0.0,0.0,0.0,0,0,0
rpoBC,765207.0,0.0,0.0,0.0,0.0,0,0,0
rpoBC,765208.0,0.0,0.0,0.0,0.0,0,0,0
rpoBC,765209.0,0.0,0.0,0.0,0.0,0,0,0
rpoBC,765210.0,0.0,0.0,0.0,0.0,0,0,0
rpoBC,765211.0,0.0,0.0,0.0,0.0,0,0,0
rpoBC,765212.0,0.0,0.0,0.0,0.0,0,0,0
rpoBC,765213.0,0.0,0.0,0.0,0.0,0,0,0
rpoBC,765214.0,0.0,0.0,0.0,0.0,0,0,0
rpoBC,765215.0,0.0,0.0,0.0,0.0,0,0,0
rpoBC,765216.0,0.0,0.0,0.0,0.0,0,0,0
rpoBC,765217.0,0.0,0.0,0.0,0.0,0,0,0
rpoBC,765218.0,0.0,0.0,0.0,0.0,0,0,0
rpoBC,765219.0,0.0,0.0,0.0,0.0,0,0,0
rpoBC,765220.0,0.0,0.0,0.0,0.0,0,0,0
rpoBC,765221.0,0.0,0.0,0.0,0.0,0,0,0
rpoBC,765222.0,0.0,0.0,0.0,0.0,0,0,0
rpoBC,765223.0,0.0,-0.0061762095,0.0,1.0,0,0,0
rpoBC,765224.0,0.0,0.0,0.0,0.0,0,0,0
rpoBC,765225.0,0.0,0.0,0.0,0.0,0,0,0
rpoBC,765226.0,0.0,0.0,0.0,0.0,0,0,0
rpoBC,765227.0,0.0,0.0,0.0,0.0,0,0,0
rpoBC,765228.0,0.0,0.0,0.0,0.0,0,0,0
rpoBC,765229.0,0.0,0.0,0.0,0.0,0,0,0
rpoBC,765230.0,0.0,-0.0046830727,0.0,1.0,0,0,0
rpoBC,765231.0,0.0,0.0,0.0,0.0,0,0,0
rpoBC,765232.0,0.0,0.0,0.0,0.0,0,0,0
rpoBC,765233.0,0.0,0.0,0.0,0.0,0,0,0
rpoBC,765234.0,0.0,0.0,0.0,0.0,0,0,0
rpoBC,765235.0,0.0,0.0,0.0,0.0,0,0,0
rpoBC,765236.0,0.0,0.0,0.0,0.0,0,0,0
rpoBC,765237.0,0.0,0.0,0.0,0.0,0,0,0
rpoBC,765238.0,0.0,0.0,0.0,0.0,0,0,0
rpoBC,765239.0,0.0,0.0,0.0,0.0,0,0,0
rpoBC,765240.0,0.0,0.0,0.0,0.0,0,0,0
rpoBC,765241.0,0.0,0.0,0.0,0.0,0,0,0
rpoBC,765242.0,0.0,0.0,0.0,0.0,0,0,0
rpoBC,765243.0,0.0,0.0,0.0,0.0,0,0,0
rpoBC,765244.0,0.0,0.0,0.0,0.0,0,0,0
rpoBC,765245.0,0.004685924,0.0,1.0,0.0,0,0,0
rpoBC,765246.0,0.0,0.0,0.0,0.0,0,0,0
rpoBC,765247.0,0.0,0.0,0.0,0.0,0,0,0
rpoBC,rpoBC_77,0.0,-0.009519681,0.0,1.0,0,0,0
rpoBC,rpoBC_78,0.0,-0.010592394,0.0,1.0,0,0,0
rpoBC,rpoBC_79,0.0003714559,0.0,0.0,0.0,0,0,0
rpoBC,765248.0,0.0,0.0,0.0,0.0,0,0,0
rpoBC,765249.0,0.0,0.0,0.0,0.0,0,0,0
rpoBC,765250.0,0.0,0.0,0.0,0.0,0,0,0
rpoBC,765251.0,0.0,0.0,0.0,0.0,0,0,0
rpoBC,765252.0,0.0,0.0,0.0,0.0,0,0,0
rpoBC,765253.0,0.0,0.0,0.0,0.0,0,0,0
rpoBC,765254.0,0.0,0.0,0.0,0.0,0,0,0
rpoBC,765255.0,0.0,0.0,0.0,0.0,0,0,0
rpoBC,765256.0,0.0,0.0,0.0,0.0,0,0,0
rpoBC,765257.0,0.0,0.0,0.0,0.0,0,0,0
rpoBC,765258.0,0.0,0.0,0.0,0.0,0,0,0
rpoBC,765259.0,0.0,0.0,0.0,0.0,0,0,0
rpoBC,765260.0,0.0,0.0,0.0,0.0,0,0,0
rpoBC,765261.0,0.0,0.0,0.0,0.0,0,0,0
rpoBC,765262.0,0.0,0.0,0.0,0.0,0,0,0
rpoBC,765263.0,0.0,0.0,0.0,0.0,0,0,0
rpoBC,765264.0,0.0,0.0,0.0,0.0,0,0,0
rpoBC,765265.0,0.0,0.0,0.0,0.0,0,0,0
rpoBC,765266.0,0.0,0.0,0.0,0.0,0,0,0
rpoBC,765267.0,0.0,0.0,0.0,0.0,0,0,0
rpoBC,765268.0,0.0,0.0,0.0,0.0,0,0,0
rpoBC,765269.0,0.0,0.0,0.0,0.0,0,0,0
rpoBC,765270.0,0.0,0.0,0.0,0.0,0,0,0
rpoBC,765271.0,0.0,0.0,0.0,0.0,0,0,0
rpoBC,765272.0,0.0,0.0,0.0,0.0,0,0,0
rpoBC,765273.0,0.0,0.0,0.0,0.0,0,0,0
rpoBC,765274.0,0.0,0.0,0.0,0.0,0,0,0
rpoBC,765275.0,0.0,0.0,0.0,0.0,0,0,0
rpoBC,765276.0,0.0,0.0,0.0,0.0,0,0,0
rpoBC,765277.0,0.0,0.0,0.0,0.0,0,0,0
rpoBC,765278.0,0.0,0.0,0.0,0.0,0,0,0
rpoBC,765279.0,0.0,0.0,0.0,0.0,0,0,0
rpoBC,765280.0,0.0,0.0,0.0,0.0,0,0,0
rpoBC,765281.0,0.0,0.0,0.0,0.0,0,0,0
rpoBC,765282.0,0.0,0.0,0.0,0.0,0,0,0
rpoBC,765283.0,0.0,0.0,0.0,0.0,0,0,0
rpoBC,765284.0,0.0,0.0,0.0,0.0,0,0,0
rpoBC,765285.0,0.0,0.0,0.0,0.0,0,0,0
rpoBC,765286.0,0.0,0.0,0.0,0.0,0,0,0
rpoBC,765287.0,0.0,0.0,0.0,0.0,0,0,0
rpoBC,765288.0,0.0,0.0,0.0,0.0,0,0,0
rpoBC,765289.0,0.0,0.0,0.0,0.0,0,0,0
rpoBC,765290.0,0.0,0.0,0.0,0.0,0,0,0
rpoBC,765291.0,0.0,0.0,0.0,0.0,0,0,0
rpoBC,765292.0,0.0,0.0,0.0,0.0,0,0,0
rpoBC,765293.0,0.0,0.0,0.0,0.0,0,0,0
rpoBC,765294.0,0.0,0.0,0.0,0.0,0,0,0
rpoBC,765295.0,0.0,0.0,0.0,0.0,0,0,0
rpoBC,765296.0,0.0,0.0,0.0,0.0,0,0,0
rpoBC,765297.0,0.0,0.0,0.0,0.0,0,0,0
rpoBC,765298.0,0.0,0.0,0.0,0.0,0,0,0
rpoBC,765299.0,0.0,0.0,0.0,0.0,0,0,0
rpoBC,765300.0,0.0,0.0,0.0,0.0,0,0,0
rpoBC,765301.0,0.0,0.0,0.0,0.0,0,0,0
rpoBC,765302.0,0.0,-0.0023501595,0.0,1.0,0,0,0
rpoBC,765303.0,0.0,0.0,0.0,0.0,0,0,0
rpoBC,765304.0,0.0,0.0,0.0,0.0,0,0,0
rpoBC,765305.0,0.0,0.0,0.0,0.0,0,0,0
rpoBC,765306.0,0.0,0.0,0.0,0.0,0,0,0
rpoBC,765307.0,0.0,0.0,0.0,0.0,0,0,0
rpoBC,765308.0,0.0,0.0,0.0,0.0,0,0,0
rpoBC,765309.0,0.0,0.0,0.0,0.0,0,0,0
rpoBC,765310.0,0.0,0.0,0.0,0.0,0,0,0
rpoBC,765311.0,0.0,0.0,0.0,0.0,0,0,0
rpoBC,765312.0,0.0,0.0,0.0,0.0,0,0,0
rpoBC,765313.0,0.0,0.0,0.0,0.0,0,0,0
rpoBC,765314.0,0.0,0.0,0.0,0.0,0,0,0
rpoBC,765315.0,0.0,0.0,0.0,0.0,0,0,0
rpoBC,765316.0,0.0,0.0,0.0,0.0,0,0,0
rpoBC,765317.0,0.0,0.0,0.0,0.0,0,0,0
rpoBC,765318.0,0.003091968,0.0,1.0,0.0,0,0,0
rpoBC,765319.0,0.0,0.0,0.0,0.0,0,0,0
rpoBC,765320.0,0.0,0.0,0.0,0.0,0,0,0
rpoBC,765321.0,0.0,0.0,0.0,0.0,0,0,0
rpoBC,765322.0,0.0,0.0,0.0,0.0,0,0,0
rpoBC,765323.0,0.0,0.0,0.0,0.0,0,0,0
rpoBC,765324.0,0.0,0.0,0.0,0.0,0,0,0
rpoBC,765325.0,0.0,0.0,0.0,0.0,0,0,0
rpoBC,765326.0,0.0,0.0,0.0,0.0,0,0,0
rpoBC,765327.0,0.0,0.0,0.0,0.0,0,0,0
rpoBC,765328.0,0.0,0.0,0.0,0.0,0,0,0
rpoBC,765329.0,0.0,0.0,0.0,0.0,0,0,0
rpoBC,765330.0,0.0,0.0,0.0,0.0,0,0,0
rpoBC,765331.0,0.0,-0.012281252,0.0,1.0,0,0,0
rpoBC,765332.0,0.0,0.0,0.0,0.0,0,0,0
rpoBC,765333.0,0.0,0.0,0.0,0.0,0,0,0
rpoBC,765334.0,0.0,0.0,0.0,0.0,0,0,0
rpoBC,765335.0,0.0,0.0,0.0,0.0,0,0,0
rpoBC,765336.0,0.0,0.0,0.0,0.0,0,0,0
rpoBC,765337.0,0.0,0.0,0.0,0.0,0,0,0
rpoBC,765338.0,0.0,0.0,0.0,0.0,0,0,0
rpoBC,765339.0,0.0,-0.0054857773,0.0,1.0,0,0,0
rpoBC,765340.0,0.0,0.0,0.0,0.0,0,0,0
rpoBC,765341.0,0.0,0.0,0.0,0.0,0,0,0
rpoBC,765342.0,0.0,0.0,0.0,0.0,0,0,0
rpoBC,765343.0,0.0,0.0,0.0,0.0,0,0,0
rpoBC,765344.0,0.0,0.0,0.0,0.0,0,0,0
rpoBC,765345.0,0.0,0.0,0.0,0.0,0,0,0
rpoBC,765346.0,0.0,0.0,0.0,0.0,0,0,0
rpoBC,765347.0,0.0,0.0,0.0,0.0,0,0,0
rpoBC,765348.0,0.0,0.0,0.0,0.0,0,0,0
rpoBC,765349.0,0.0,0.0,0.0,0.0,0,0,0
rpoBC,765350.0,0.0,0.0,0.0,0.0,0,0,0
rpoBC,765351.0,0.0,0.0,0.0,0.0,0,0,0
rpoBC,765352.0,0.0,0.0,0.0,0.0,0,0,0
rpoBC,765353.0,0.0,0.0,0.0,0.0,0,0,0
rpoBC,765354.0,0.0,0.0,0.0,0.0,0,0,0
rpoBC,765355.0,0.0,0.0,0.0,0.0,0,0,0
rpoBC,765356.0,0.0,0.0,0.0,0.0,0,0,0
rpoBC,765357.0,0.0,0.0,0.0,0.0,0,0,0
rpoBC,765358.0,0.004936874,0.0,1.0,0.0,0,0,0
rpoBC,765359.0,0.0,0.0,0.0,0.0,0,0,0
rpoBC,765360.0,0.0,0.0,0.0,0.0,0,0,0
rpoBC,765361.0,0.0,0.0,0.0,0.0,0,0,0
rpoBC,765362.0,0.0,0.0,0.0,0.0,0,0,0
rpoBC,765363.0,0.0,0.0,0.0,0.0,0,0,0
rpoBC,765364.0,0.0,0.0,0.0,0.0,0,0,0
rpoBC,765365.0,0.0,0.0,0.0,0.0,0,0,0
rpoBC,765366.0,0.0,0.0,0.0,0.0,0,0,0
rpoBC,765367.0,0.0,0.0,0.0,0.0,0,0,0
rpoBC,765368.0,0.0,0.0,0.0,0.0,0,0,0
rpoBC,765369.0,0.0,-0.011195773,0.0,1.0,0,0,0
rpoBC,765370.0,0.0,0.0,0.0,0.0,0,0,0
rpoBC,765371.0,0.0,0.0,0.0,0.0,0,0,0
rpoBC,765372.0,0.0,0.0,0.0,0.0,0,0,0
rpoBC,765373.0,0.0,-0.0019541928,0.0,0.0,0,0,0
rpoBC,765374.0,0.0,0.0,0.0,0.0,0,0,0
rpoBC,765375.0,0.0,0.0,0.0,0.0,0,0,0
rpoBC,765376.0,0.0,0.0,0.0,0.0,0,0,0
rpoBC,765377.0,0.0,0.0,0.0,0.0,0,0,0
rpoBC,765378.0,0.0,0.0,0.0,0.0,0,0,0
rpoBC,765379.0,0.0,0.0,0.0,0.0,0,0,0
rpoBC,765380.0,0.0,0.0,0.0,0.0,0,0,0
rpoBC,765381.0,0.0,0.0,0.0,0.0,0,0,0
rpoBC,765382.0,0.0,0.0,0.0,0.0,0,0,0
rpoBC,765383.0,0.0,0.0,0.0,0.0,0,0,0
rpoBC,765384.0,0.0,0.0,0.0,0.0,0,0,0
rpoBC,765385.0,0.0,0.0,0.0,0.0,0,0,0
rpoBC,765386.0,0.0,0.0,0.0,0.0,0,0,0
rpoBC,765387.0,0.0,0.0,0.0,0.0,0,0,0
rpoBC,765388.0,0.0,0.0,0.0,0.0,0,0,0
rpoBC,765389.0,0.0,0.0,0.0,0.0,0,0,0
rpoBC,765390.0,0.0,0.0,0.0,0.0,0,0,0
rpoBC,765391.0,0.0,0.0,0.0,0.0,0,0,0
rpoBC,765392.0,0.0,0.0,0.0,0.0,0,0,0
rpoBC,765393.0,0.0,0.0,0.0,0.0,0,0,0
rpoBC,765394.0,0.0,0.0,0.0,0.0,0,0,0
rpoBC,765395.0,0.0,0.0,0.0,0.0,0,0,0
rpoBC,765396.0,0.0,0.0,0.0,0.0,0,0,0
rpoBC,765397.0,0.0,0.0,0.0,0.0,0,0,0
rpoBC,765398.0,0.0,0.0,0.0,0.0,0,0,0
rpoBC,765399.0,0.0,0.0,0.0,0.0,0,0,0
rpoBC,765400.0,0.0,0.0,0.0,0.0,0,0,0
rpoBC,765401.0,0.0,0.0,0.0,0.0,0,0,0
rpoBC,765402.0,0.0,0.0,0.0,0.0,0,0,0
rpoBC,765403.0,0.0,0.0,0.0,0.0,0,0,0
rpoBC,765404.0,0.0,0.0,0.0,0.0,0,0,0
rpoBC,765405.0,0.0,0.0,0.0,0.0,0,0,0
rpoBC,765406.0,0.0,0.0,0.0,0.0,0,0,0
rpoBC,765407.0,0.0,0.0,0.0,0.0,0,0,0
rpoBC,765408.0,0.0,0.0,0.0,0.0,0,0,0
rpoBC,765409.0,0.0,0.0,0.0,0.0,0,0,0
rpoBC,765410.0,0.0,0.0,0.0,0.0,0,0,0
rpoBC,765411.0,0.0,0.0,0.0,0.0,0,0,0
rpoBC,765412.0,0.0,0.0,0.0,0.0,0,0,0
rpoBC,765413.0,0.0,0.0,0.0,0.0,0,0,0
rpoBC,765414.0,0.0,0.0,0.0,0.0,0,0,0
rpoBC,765415.0,0.0,0.0,0.0,0.0,0,0,0
rpoBC,765416.0,0.0,0.0,0.0,0.0,0,0,0
rpoBC,765417.0,0.0,0.0,0.0,0.0,0,0,0
rpoBC,765418.0,0.0,-0.003552251,0.0,1.0,0,0,0
rpoBC,765419.0,0.0,0.0,0.0,0.0,0,0,0
rpoBC,765420.0,0.0,0.0,0.0,0.0,0,0,0
rpoBC,765421.0,0.0,0.0,0.0,0.0,0,0,0
rpoBC,765422.0,0.0,0.0,0.0,0.0,0,0,0
rpoBC,765423.0,0.0,0.0,0.0,0.0,0,0,0
rpoBC,765424.0,0.0,0.0,0.0,0.0,0,0,0
rpoBC,765425.0,0.0,0.0,0.0,0.0,0,0,0
rpoBC,765426.0,0.0,0.0,0.0,0.0,0,0,0
rpoBC,765427.0,0.0,0.0,0.0,0.0,0,0,0
rpoBC,765428.0,0.0,0.0,0.0,0.0,0,0,0
rpoBC,765429.0,0.0,0.0,0.0,0.0,0,0,0
rpoBC,765430.0,0.0,0.0,0.0,0.0,0,0,0
rpoBC,765431.0,0.0,0.0,0.0,0.0,0,0,0
rpoBC,765432.0,0.0,0.0,0.0,0.0,0,0,0
rpoBC,765433.0,0.0,0.0,0.0,0.0,0,0,0
rpoBC,765434.0,0.0,0.0,0.0,0.0,0,0,0
rpoBC,765435.0,0.0,0.0,0.0,0.0,0,0,0
rpoBC,765436.0,0.0,0.0,0.0,0.0,0,0,0
rpoBC,765437.0,0.0,0.0,0.0,0.0,0,0,0
rpoBC,765438.0,0.0,0.0,0.0,0.0,0,0,0
rpoBC,765439.0,0.0,0.0,0.0,0.0,0,0,0
rpoBC,765440.0,0.0,0.0,0.0,0.0,0,0,0
rpoBC,765441.0,0.0,0.0,0.0,0.0,0,0,0
rpoBC,765442.0,0.0,-0.00837365,0.0,1.0,0,0,0
rpoBC,765443.0,0.0,0.0,0.0,0.0,0,0,0
rpoBC,765444.0,0.0,0.0,0.0,0.0,0,0,0
rpoBC,765445.0,0.0,0.0,0.0,0.0,0,0,0
rpoBC,765446.0,0.0,0.0,0.0,0.0,0,0,0
rpoBC,765447.0,0.0,0.0,0.0,0.0,0,0,0
rpoBC,765448.0,0.0,0.0,0.0,0.0,0,0,0
rpoBC,765449.0,0.0,0.0,0.0,0.0,0,0,0
rpoBC,765450.0,0.0,0.0,0.0,0.0,0,0,0
rpoBC,765451.0,0.0,0.0,0.0,0.0,0,0,0
rpoBC,765452.0,0.0,0.0,0.0,0.0,0,0,0
rpoBC,765453.0,0.0,0.0,0.0,0.0,0,0,0
rpoBC,765454.0,0.0,0.0,0.0,0.0,0,0,0
rpoBC,765455.0,0.0,0.0,0.0,0.0,0,0,0
rpoBC,765456.0,0.0,0.0,0.0,0.0,0,0,0
rpoBC,765457.0,0.0,0.0,0.0,0.0,0,0,0
rpoBC,765458.0,0.0,0.0,0.0,0.0,0,0,0
rpoBC,765459.0,0.0,0.0,0.0,0.0,0,0,0
rpoBC,765460.0,0.0,0.0,0.0,0.0,0,0,0
rpoBC,765461.0,0.00354745,0.0,1.0,0.0,0,0,0
rpoBC,765462.0,0.0,-0.0020506936,0.0,1.0,0,0,0
rpoBC,765463.0,0.017629117,0.0,1.0,0.0,0,0,0
rpoBC,765464.0,0.0,0.0,0.0,0.0,0,0,0
rpoBC,765465.0,0.0,0.0,0.0,0.0,0,0,0
rpoBC,765466.0,0.0,0.0,0.0,0.0,0,0,0
rpoBC,765467.0,0.0,0.0,0.0,0.0,0,0,0
rpoBC,765468.0,0.0,0.0,0.0,0.0,0,0,0
rpoBC,765469.0,0.0,0.0,0.0,0.0,0,0,0
rpoBC,765470.0,0.0,0.0,0.0,0.0,0,0,0
rpoBC,765471.0,0.00039639673,0.0,0.0,0.0,0,0,0
rpoBC,765472.0,0.0,0.0,0.0,0.0,0,0,0
rpoBC,765473.0,0.0,0.0,0.0,0.0,0,0,0
rpoBC,765474.0,0.0,0.0,0.0,0.0,0,0,0
rpoBC,765475.0,0.0,0.0,0.0,0.0,0,0,0
rpoBC,765476.0,0.0,0.0,0.0,0.0,0,0,0
rpoBC,765477.0,0.0,0.0,0.0,0.0,0,0,0
rpoBC,765478.0,0.0023703207,0.0,1.0,0.0,0,0,0
rpoBC,765479.0,0.0,0.0,0.0,0.0,0,0,0
rpoBC,765480.0,0.0,0.0,0.0,0.0,0,0,0
rpoBC,765481.0,0.0,0.0,0.0,0.0,0,0,0
rpoBC,765482.0,0.0,0.0,0.0,0.0,0,0,0
rpoBC,765483.0,0.0,-0.0011156003,0.0,0.0,0,0,0
rpoBC,765484.0,0.0,-0.0009434567,0.0,1.0,0,0,0
rpoBC,765485.0,0.0,0.0,0.0,0.0,0,0,0
rpoBC,765486.0,0.0,0.0,0.0,0.0,0,0,0
rpoBC,765487.0,0.0,0.0,0.0,0.0,0,0,0
rpoBC,765488.0,0.0,0.0,0.0,0.0,0,0,0
rpoBC,765489.0,0.0,0.0,0.0,0.0,0,0,0
rpoBC,765490.0,0.0,0.0,0.0,0.0,0,0,0
rpoBC,765491.0,0.0,0.0,0.0,0.0,0,0,0
rpoBC,765492.0,0.0,0.0,0.0,0.0,0,0,0
rpoBC,765493.0,0.0,0.0,0.0,0.0,0,0,0
rpoBC,765494.0,0.08838524,0.0,1.0,0.0,0,0,0
rpoBC,765495.0,0.0,0.0,0.0,0.0,0,0,0
rpoBC,765496.0,0.0,0.0,0.0,0.0,0,0,0
rpoBC,765497.0,0.0,0.0,0.0,0.0,0,0,0
rpoBC,765498.0,0.0,-0.007192038,0.0,1.0,0,0,0
rpoBC,765499.0,0.0,0.0,0.0,0.0,0,0,0
rpoBC,765500.0,0.0,0.0,0.0,0.0,0,0,0
rpoBC,765501.0,0.0,0.0,0.0,0.0,0,0,0
rpoBC,765502.0,0.0,0.0,0.0,0.0,0,0,0
rpoBC,765503.0,0.0,0.0,0.0,0.0,0,0,0
rpoBC,765504.0,0.0,0.0,0.0,0.0,0,0,0
rpoBC,765505.0,0.0,0.0,0.0,0.0,0,0,0
rpoBC,765506.0,0.0,0.0,0.0,0.0,0,0,0
rpoBC,765507.0,0.0,0.0,0.0,0.0,0,0,0
rpoBC,765508.0,0.0,0.0,0.0,0.0,0,0,0
rpoBC,765509.0,0.0023600147,0.0,1.0,0.0,0,0,0
rpoBC,765510.0,0.0,0.0,0.0,0.0,0,0,0
rpoBC,765511.0,0.005883853,-0.0011791149,1.0,1.0,0,0,0
rpoBC,765512.0,0.0,0.0,0.0,0.0,0,0,0
rpoBC,765513.0,0.0,-0.00264126,0.0,1.0,0,0,0
rpoBC,765514.0,0.0,0.0,0.0,0.0,0,0,0
rpoBC,765515.0,0.0,0.0,0.0,0.0,0,0,0
rpoBC,765516.0,0.0,0.0,0.0,0.0,0,0,0
rpoBC,765517.0,0.0,0.0,0.0,0.0,0,0,0
rpoBC,765518.0,0.0,0.0,0.0,0.0,0,0,0
rpoBC,765519.0,0.0,0.0,0.0,0.0,0,0,0
rpoBC,765520.0,0.0,0.0,0.0,0.0,0,0,0
rpoBC,765521.0,0.0,0.0,0.0,0.0,0,0,0
rpoBC,765522.0,0.0,0.0,0.0,0.0,0,0,0
rpoBC,765523.0,0.0,0.0,0.0,0.0,0,0,0
rpoBC,765524.0,0.0,0.0,0.0,0.0,0,0,0
rpoBC,765525.0,0.0,0.0,0.0,0.0,0,0,0
rpoBC,765526.0,0.0,0.0,0.0,0.0,0,0,0
rpoBC,765527.0,0.0,0.0,0.0,0.0,0,0,0
rpoBC,765528.0,0.0,0.0,0.0,0.0,0,0,0
rpoBC,765529.0,0.0,0.0,0.0,0.0,0,0,0
rpoBC,765530.0,0.0,0.0,0.0,0.0,0,0,0
rpoBC,765531.0,0.0,0.0,0.0,0.0,0,0,0
rpoBC,765532.0,0.0,0.0,0.0,0.0,0,0,0
rpoBC,765533.0,0.0,0.0,0.0,0.0,0,0,0
rpoBC,765534.0,0.0,-0.009663486,0.0,1.0,0,0,0
rpoBC,765535.0,0.0,0.0,0.0,0.0,0,0,0
rpoBC,765536.0,0.0,0.0,0.0,0.0,0,0,0
rpoBC,765537.0,0.0,0.0,0.0,0.0,0,0,0
rpoBC,765538.0,0.0,0.0,0.0,0.0,0,0,0
rpoBC,765539.0,0.0,0.0,0.0,0.0,0,0,0
rpoBC,765540.0,0.0,0.0,0.0,0.0,0,0,0
rpoBC,765541.0,0.0,0.0,0.0,0.0,0,0,0
rpoBC,765542.0,0.0,0.0,0.0,0.0,0,0,0
rpoBC,765543.0,0.0,0.0,0.0,0.0,0,0,0
rpoBC,765544.0,0.0,0.0,0.0,0.0,0,0,0
rpoBC,765545.0,0.0,0.0,0.0,0.0,0,0,0
rpoBC,765546.0,0.0,0.0,0.0,0.0,0,0,0
rpoBC,765547.0,0.0,0.0,0.0,0.0,0,0,0
rpoBC,765548.0,0.0,0.0,0.0,0.0,0,0,0
rpoBC,765549.0,0.0,0.0,0.0,0.0,0,0,0
rpoBC,765550.0,0.0,0.0,0.0,0.0,0,0,0
rpoBC,765551.0,0.0,0.0,0.0,0.0,0,0,0
rpoBC,765552.0,0.0,0.0,0.0,0.0,0,0,0
rpoBC,765553.0,0.0,0.0,0.0,0.0,0,0,0
rpoBC,765554.0,0.0,0.0,0.0,0.0,0,0,0
rpoBC,765555.0,0.0,0.0,0.0,0.0,0,0,0
rpoBC,765556.0,0.0,0.0,0.0,0.0,0,0,0
rpoBC,765557.0,0.0,0.0,0.0,0.0,0,0,0
rpoBC,765558.0,0.0,0.0,0.0,0.0,0,0,0
rpoBC,765559.0,0.0,0.0,0.0,0.0,0,0,0
rpoBC,765560.0,0.0,0.0,0.0,0.0,0,0,0
rpoBC,765561.0,0.0,0.0,0.0,0.0,0,0,0
rpoBC,765562.0,0.0,0.0,0.0,0.0,0,0,0
rpoBC,765563.0,0.0,0.0,0.0,0.0,0,0,0
rpoBC,765564.0,0.0,0.0,0.0,0.0,0,0,0
rpoBC,765565.0,0.0,0.0,0.0,0.0,0,0,0
rpoBC,765566.0,0.0,0.0,0.0,0.0,0,0,0
rpoBC,765567.0,0.0,-0.0051704906,0.0,1.0,0,0,0
rpoBC,765568.0,0.0,0.0,0.0,0.0,0,0,0
rpoBC,765569.0,0.0,-0.0091150245,0.0,1.0,0,0,0
rpoBC,765570.0,0.013468176,-0.006420351,1.0,0.0,0,0,0
rpoBC,765571.0,0.0,-0.0034569579,0.0,1.0,0,0,0
rpoBC,765572.0,0.0,0.0,0.0,0.0,0,0,0
rpoBC,765573.0,0.0,0.0,0.0,0.0,0,0,0
rpoBC,765574.0,0.0,0.0,0.0,0.0,0,0,0
rpoBC,765575.0,0.0,0.0,0.0,0.0,0,0,0
rpoBC,765576.0,0.0,0.0,0.0,0.0,0,0,0
rpoBC,765577.0,0.0,0.0,0.0,0.0,0,0,0
rpoBC,765578.0,0.0,0.0,0.0,0.0,0,0,0
rpoBC,765579.0,0.0037751547,0.0,1.0,0.0,0,0,0
rpoBC,765580.0,0.0,0.0,0.0,0.0,0,0,0
rpoBC,765581.0,0.0,0.0,0.0,0.0,0,0,0
rpoBC,765582.0,0.0,0.0,0.0,0.0,0,0,0
rpoBC,765583.0,0.0,0.0,0.0,0.0,0,0,0
rpoBC,765584.0,0.0,-0.009096912,0.0,1.0,0,0,0
rpoBC,765585.0,0.0,0.0,0.0,0.0,0,0,0
rpoBC,765586.0,0.0,0.0,0.0,0.0,0,0,0
rpoBC,765587.0,0.0,0.0,0.0,0.0,0,0,0
rpoBC,765588.0,0.0,0.0,0.0,0.0,0,0,0
rpoBC,765589.0,0.0,0.0,0.0,0.0,0,0,0
rpoBC,765590.0,0.017387148,0.0,1.0,0.0,0,0,0
rpoBC,765591.0,0.0,0.0,0.0,0.0,0,0,0
rpoBC,765592.0,0.0,0.0,0.0,0.0,0,0,0
rpoBC,765593.0,0.0,0.0,0.0,0.0,0,0,0
rpoBC,765594.0,0.0,0.0,0.0,0.0,0,0,0
rpoBC,765595.0,0.0,0.0,0.0,0.0,0,0,0
rpoBC,765596.0,0.0,0.0,0.0,0.0,0,0,0
rpoBC,765597.0,0.0,0.0,0.0,0.0,0,0,0
rpoBC,765598.0,0.0,0.0,0.0,0.0,0,0,0
rpoBC,765599.0,0.0,0.0,0.0,0.0,0,0,0
rpoBC,765600.0,0.0,0.0,0.0,0.0,0,0,0
rpoBC,765601.0,0.0,0.0,0.0,0.0,0,0,0
rpoBC,765602.0,0.0,0.0,0.0,0.0,0,0,0
rpoBC,765603.0,0.0,0.0,0.0,0.0,0,0,0
rpoBC,765604.0,0.0,0.0,0.0,0.0,0,0,0
rpoBC,765605.0,0.0,0.0,0.0,0.0,0,0,0
rpoBC,765606.0,0.0,0.0,0.0,0.0,0,0,0
rpoBC,765607.0,0.0,0.0,0.0,0.0,0,0,0
rpoBC,765608.0,0.0,0.0,0.0,0.0,0,0,0
rpoBC,765609.0,0.001808043,0.0,0.0,0.0,0,0,0
rpoBC,765610.0,0.0029666799,0.0,1.0,0.0,0,0,0
rpoBC,765611.0,0.0,0.0,0.0,0.0,0,0,0
rpoBC,765612.0,0.0030894512,0.0,1.0,0.0,0,0,0
rpoBC,765613.0,0.0,0.0,0.0,0.0,0,0,0
rpoBC,765614.0,0.0,0.0,0.0,0.0,0,0,0
rpoBC,765615.0,0.0,0.0,0.0,0.0,0,0,0
rpoBC,765616.0,0.00422001,0.0,1.0,0.0,0,0,0
rpoBC,765617.0,0.0,-0.0031920248,0.0,1.0,0,0,0
rpoBC,765618.0,0.003637051,-0.0031045598,0.0,1.0,0,0,0
rpoBC,765619.0,0.0027631675,0.0,1.0,0.0,0,0,0
rpoBC,765620.0,0.0,0.0,0.0,0.0,0,0,0
rpoBC,765621.0,0.0,0.0,0.0,0.0,0,0,0
rpoBC,765622.0,0.0,0.0,0.0,0.0,0,0,0
rpoBC,765623.0,0.0,0.0,0.0,0.0,0,0,0
rpoBC,765624.0,0.0,0.0,0.0,0.0,0,0,0
rpoBC,765625.0,0.0,0.0,0.0,0.0,0,0,0
rpoBC,765626.0,0.0,0.0,0.0,0.0,0,0,0
rpoBC,765627.0,0.0,0.0,0.0,0.0,0,0,0
rpoBC,765628.0,0.0,0.0,0.0,0.0,0,0,0
rpoBC,765629.0,0.0,0.0,0.0,0.0,0,0,0
rpoBC,765630.0,0.0,0.0,0.0,0.0,0,0,0
rpoBC,765631.0,0.0,0.0,0.0,0.0,0,0,0
rpoBC,765632.0,0.0,0.0,0.0,0.0,0,0,0
rpoBC,765633.0,0.0,0.0,0.0,0.0,0,0,0
rpoBC,765634.0,0.0,0.0,0.0,0.0,0,0,0
rpoBC,765635.0,0.0,0.0,0.0,0.0,0,0,0
rpoBC,765636.0,0.0,0.0,0.0,0.0,0,0,0
rpoBC,765637.0,0.0,0.0,0.0,0.0,0,0,0
rpoBC,765638.0,0.013179986,0.0,1.0,0.0,0,0,0
rpoBC,765639.0,0.01959119,0.0,1.0,0.0,0,0,0
rpoBC,765640.0,0.0,0.0,0.0,0.0,0,0,0
rpoBC,765641.0,0.0,0.0,0.0,0.0,0,0,0
rpoBC,765642.0,0.0,0.0,0.0,0.0,0,0,0
rpoBC,765643.0,0.0,0.0,0.0,0.0,0,0,0
rpoBC,765644.0,0.0,0.0,0.0,0.0,0,0,0
rpoBC,765645.0,0.0,0.0,0.0,0.0,0,0,0
rpoBC,765646.0,0.0,0.0,0.0,0.0,0,0,0
rpoBC,765647.0,0.0,0.0,0.0,0.0,0,0,0
rpoBC,765648.0,0.0,0.0,0.0,0.0,0,0,0
rpoBC,765649.0,0.0,0.0,0.0,0.0,0,0,0
rpoBC,765650.0,0.0,-0.002503174,0.0,1.0,0,0,0
rpoBC,765651.0,0.0,0.0,0.0,0.0,0,0,0
rpoBC,765652.0,0.0,0.0,0.0,0.0,0,0,0
rpoBC,765653.0,0.011212698,0.0,1.0,0.0,0,0,0
rpoBC,765654.0,0.0,0.0,0.0,0.0,0,0,0
rpoBC,765655.0,0.0,0.0,0.0,0.0,0,0,0
rpoBC,765656.0,0.0,0.0,0.0,0.0,0,0,0
rpoBC,765657.0,0.0,0.0,0.0,0.0,0,0,0
rpoBC,765658.0,0.0,0.0,0.0,0.0,0,0,0
rpoBC,765659.0,0.0017266418,0.0,0.0,0.0,0,0,0
rpoBC,765660.0,0.0,0.0,0.0,0.0,0,0,0
rpoBC,765661.0,0.0,0.0,0.0,0.0,0,0,0
rpoBC,765662.0,0.0,0.0,0.0,0.0,0,0,0
rpoBC,765663.0,0.0,0.0,0.0,0.0,0,0,0
rpoBC,765664.0,0.0,0.0,0.0,0.0,0,0,0
rpoBC,765665.0,0.0,0.0,0.0,0.0,0,0,0
rpoBC,765666.0,0.0,0.0,0.0,0.0,0,0,0
rpoBC,765667.0,0.0,0.0,0.0,0.0,0,0,0
rpoBC,765668.0,0.0,0.0,0.0,0.0,0,0,0
rpoBC,765669.0,0.0,-0.0029210707,0.0,1.0,0,0,0
rpoBC,765670.0,0.0,0.0,0.0,0.0,0,0,0
rpoBC,765671.0,0.001664486,0.0,1.0,0.0,0,0,0
rpoBC,765672.0,0.0,0.0,0.0,0.0,0,0,0
rpoBC,765673.0,0.0,0.0,0.0,0.0,0,0,0
rpoBC,765674.0,0.0,0.0,0.0,0.0,0,0,0
rpoBC,765675.0,0.0,0.0,0.0,0.0,0,0,0
rpoBC,765676.0,0.0,0.0,0.0,0.0,0,0,0
rpoBC,765677.0,0.0,0.0,0.0,0.0,0,0,0
rpoBC,765678.0,0.0010039264,0.0,0.0,0.0,0,0,0
rpoBC,765679.0,0.0,0.0,0.0,0.0,0,0,0
rpoBC,765680.0,0.0,0.0,0.0,0.0,0,0,0
rpoBC,765681.0,0.0,0.0,0.0,0.0,0,0,0
rpoBC,765682.0,0.0,0.0,0.0,0.0,0,0,0
rpoBC,765683.0,0.0,0.0,0.0,0.0,0,0,0
rpoBC,765684.0,0.0,0.0,0.0,0.0,0,0,0
rpoBC,765685.0,0.0,0.0,0.0,0.0,0,0,0
rpoBC,765686.0,0.0,0.0,0.0,0.0,0,0,0
rpoBC,765687.0,0.0,0.0,0.0,0.0,0,0,0
rpoBC,765688.0,0.0,0.0,0.0,0.0,0,0,0
rpoBC,765689.0,0.0,0.0,0.0,0.0,0,0,0
rpoBC,765690.0,0.0,0.0,0.0,0.0,0,0,0
rpoBC,765691.0,0.0,0.0,0.0,0.0,0,0,0
rpoBC,765692.0,0.0,0.0,0.0,0.0,0,0,0
rpoBC,765693.0,0.0,0.0,0.0,0.0,0,0,0
rpoBC,765694.0,0.0,0.0,0.0,0.0,0,0,0
rpoBC,765695.0,0.0,0.0,0.0,0.0,0,0,0
rpoBC,765696.0,0.0,0.0,0.0,0.0,0,0,0
rpoBC,765697.0,0.0,0.0,0.0,0.0,0,0,0
rpoBC,765698.0,0.0,0.0,0.0,0.0,0,0,0
rpoBC,765699.0,0.0,0.0,0.0,0.0,0,0,0
rpoBC,765700.0,0.0,0.0,0.0,0.0,0,0,0
rpoBC,765701.0,0.0,0.0,0.0,0.0,0,0,0
rpoBC,765702.0,0.0,0.0,0.0,0.0,0,0,0
rpoBC,765703.0,0.0,0.0,0.0,0.0,0,0,0
rpoBC,765704.0,0.0,0.0,0.0,0.0,0,0,0
rpoBC,765705.0,0.0,0.0,0.0,0.0,0,0,0
rpoBC,765706.0,0.0,0.0,0.0,0.0,0,0,0
rpoBC,765707.0,0.0,0.0,0.0,0.0,0,0,0
rpoBC,765708.0,0.0,0.0,0.0,0.0,0,0,0
rpoBC,765709.0,0.0,0.0,0.0,0.0,0,0,0
rpoBC,765710.0,0.0,0.0,0.0,0.0,0,0,0
rpoBC,765711.0,0.0,0.0,0.0,0.0,0,0,0
rpoBC,765712.0,0.0,0.0,0.0,0.0,0,0,0
rpoBC,765713.0,0.0,0.0,0.0,0.0,0,0,0
rpoBC,765714.0,0.0,0.0,0.0,0.0,0,0,0
rpoBC,765715.0,0.0,0.0,0.0,0.0,0,0,0
rpoBC,765716.0,0.0,0.0,0.0,0.0,0,0,0
rpoBC,765717.0,0.0,0.0,0.0,0.0,0,0,0
rpoBC,765718.0,0.0,0.0,0.0,0.0,0,0,0
rpoBC,765719.0,0.0009702842,0.0,1.0,0.0,0,0,0
rpoBC,765720.0,0.0,0.0,0.0,0.0,0,0,0
rpoBC,765721.0,0.0,0.0,0.0,0.0,0,0,0
rpoBC,765722.0,0.0,0.0,0.0,0.0,0,0,0
rpoBC,765723.0,0.0,0.0,0.0,0.0,0,0,0
rpoBC,765724.0,0.0,0.0,0.0,0.0,0,0,0
rpoBC,765725.0,0.0,-0.0070422175,0.0,1.0,0,0,0
rpoBC,765726.0,0.0,0.0,0.0,0.0,0,0,0
rpoBC,765727.0,0.0,0.0,0.0,0.0,0,0,0
rpoBC,765728.0,0.0,0.0,0.0,0.0,0,0,0
rpoBC,765729.0,0.0,0.0,0.0,0.0,0,0,0
rpoBC,765730.0,0.0,0.0,0.0,0.0,0,0,0
rpoBC,765731.0,0.0,0.0,0.0,0.0,0,0,0
rpoBC,765732.0,0.0015483322,0.0,0.0,0.0,0,0,0
rpoBC,765733.0,0.0,0.0,0.0,0.0,0,0,0
rpoBC,765734.0,0.0,0.0,0.0,0.0,0,0,0
rpoBC,765735.0,0.0,0.0,0.0,0.0,0,0,0
rpoBC,765736.0,0.0,0.0,0.0,0.0,0,0,0
rpoBC,765737.0,0.0,0.0,0.0,0.0,0,0,0
rpoBC,765738.0,0.0,0.0,0.0,0.0,0,0,0
rpoBC,765739.0,0.0,0.0,0.0,0.0,0,0,0
rpoBC,765740.0,0.0,0.0,0.0,0.0,0,0,0
rpoBC,765741.0,0.0,0.0,0.0,0.0,0,0,0
rpoBC,765742.0,0.0,0.0,0.0,0.0,0,0,0
rpoBC,765743.0,0.0,0.0,0.0,0.0,0,0,0
rpoBC,765744.0,0.0,0.0,0.0,0.0,0,0,0
rpoBC,765745.0,0.0,0.0,0.0,0.0,0,0,0
rpoBC,765746.0,0.0,0.0,0.0,0.0,0,0,0
rpoBC,765747.0,0.0,0.0,0.0,0.0,0,0,0
rpoBC,765748.0,0.0,0.0,0.0,0.0,0,0,0
rpoBC,765749.0,0.0,0.0,0.0,0.0,0,0,0
rpoBC,765750.0,0.0,0.0,0.0,0.0,0,0,0
rpoBC,765751.0,0.0,0.0,0.0,0.0,0,0,0
rpoBC,765752.0,0.0,0.0,0.0,0.0,0,0,0
rpoBC,765753.0,0.0,0.0,0.0,0.0,0,0,0
rpoBC,765754.0,0.0,0.0,0.0,0.0,0,0,0
rpoBC,765755.0,0.0,0.0,0.0,0.0,0,0,0
rpoBC,765756.0,0.0,0.0,0.0,0.0,0,0,0
rpoBC,765757.0,0.0,0.0,0.0,0.0,0,0,0
rpoBC,765758.0,0.0,0.0,0.0,0.0,0,0,0
rpoBC,765759.0,0.0,0.0,0.0,0.0,0,0,0
rpoBC,765760.0,0.0,0.0,0.0,0.0,0,0,0
rpoBC,765761.0,0.0,0.0,0.0,0.0,0,0,0
rpoBC,765762.0,0.0,0.0,0.0,0.0,0,0,0
rpoBC,765763.0,0.0,0.0,0.0,0.0,0,0,0
rpoBC,765764.0,0.0,0.0,0.0,0.0,0,0,0
rpoBC,765765.0,0.0,0.0,0.0,0.0,0,0,0
rpoBC,765766.0,0.0,0.0,0.0,0.0,0,0,0
rpoBC,765767.0,0.0,0.0,0.0,0.0,0,0,0
rpoBC,765768.0,0.0019601877,0.0,1.0,0.0,0,0,0
rpoBC,765769.0,0.0,0.0,0.0,0.0,0,0,0
rpoBC,765770.0,0.0,0.0,0.0,0.0,0,0,0
rpoBC,765771.0,0.0,0.0,0.0,0.0,0,0,0
rpoBC,765772.0,0.0,0.0,0.0,0.0,0,0,0
rpoBC,765773.0,0.0017493465,0.0,1.0,0.0,0,0,0
rpoBC,765774.0,0.0,0.0,0.0,0.0,0,0,0
rpoBC,765775.0,0.0,0.0,0.0,0.0,0,0,0
rpoBC,765776.0,0.0,0.0,0.0,0.0,0,0,0
rpoBC,765777.0,0.0,0.0,0.0,0.0,0,0,0
rpoBC,765778.0,0.0,0.0,0.0,0.0,0,0,0
rpoBC,765779.0,0.0,0.0,0.0,0.0,0,0,0
rpoBC,765780.0,0.0,0.0,0.0,0.0,0,0,0
rpoBC,765781.0,0.0,0.0,0.0,0.0,0,0,0
rpoBC,765782.0,0.0,0.0,0.0,0.0,0,0,0
rpoBC,765783.0,0.0,0.0,0.0,0.0,0,0,0
rpoBC,765784.0,0.0,0.0,0.0,0.0,0,0,0
rpoBC,765785.0,0.0,0.0,0.0,0.0,0,0,0
rpoBC,765786.0,0.0,0.0,0.0,0.0,0,0,0
rpoBC,765787.0,0.0,0.0,0.0,0.0,0,0,0
rpoBC,765788.0,0.0,0.0,0.0,0.0,0,0,0
rpoBC,765789.0,0.0,0.0,0.0,0.0,0,0,0
rpoBC,765790.0,0.0,0.0,0.0,0.0,0,0,0
rpoBC,765791.0,0.0,0.0,0.0,0.0,0,0,0
rpoBC,765792.0,0.0,0.0,0.0,0.0,0,0,0
rpoBC,765793.0,0.0,0.0,0.0,0.0,0,0,0
rpoBC,765794.0,0.0,0.0,0.0,0.0,0,0,0
rpoBC,765795.0,0.0,0.0,0.0,0.0,0,0,0
rpoBC,765796.0,0.0,0.0,0.0,0.0,0,0,0
rpoBC,765797.0,0.0,0.0,0.0,0.0,0,0,0
rpoBC,765798.0,0.0,0.0,0.0,0.0,0,0,0
rpoBC,765799.0,0.0,0.0,0.0,0.0,0,0,0
rpoBC,765800.0,0.0,0.0,0.0,0.0,0,0,0
rpoBC,765801.0,0.0,0.0,0.0,0.0,0,0,0
rpoBC,765802.0,0.0,0.0,0.0,0.0,0,0,0
rpoBC,765803.0,0.0,0.0,0.0,0.0,0,0,0
rpoBC,765804.0,0.0,-0.003548894,0.0,1.0,0,0,0
rpoBC,765805.0,0.0,0.0,0.0,0.0,0,0,0
rpoBC,765806.0,0.0,0.0,0.0,0.0,0,0,0
rpoBC,765807.0,0.0,0.0,0.0,0.0,0,0,0
rpoBC,765808.0,0.0,0.0,0.0,0.0,0,0,0
rpoBC,765809.0,0.0,0.0,0.0,0.0,0,0,0
rpoBC,765810.0,0.0,0.0,0.0,0.0,0,0,0
rpoBC,765811.0,0.0,0.0,0.0,0.0,0,0,0
rpoBC,765812.0,0.0,0.0,0.0,0.0,0,0,0
rpoBC,765813.0,0.0,0.0,0.0,0.0,0,0,0
rpoBC,765814.0,0.0,0.0,0.0,0.0,0,0,0
rpoBC,765815.0,0.0,0.0,0.0,0.0,0,0,0
rpoBC,765816.0,0.0,0.0,0.0,0.0,0,0,0
rpoBC,765817.0,0.0,0.0,0.0,0.0,0,0,0
rpoBC,765818.0,0.0,0.0,0.0,0.0,0,0,0
rpoBC,765819.0,0.0,0.0,0.0,0.0,0,0,0
rpoBC,765820.0,0.0,0.0,0.0,0.0,0,0,0
rpoBC,765821.0,0.0,0.0,0.0,0.0,0,0,0
rpoBC,765822.0,0.0,-0.00587345,0.0,1.0,0,0,0
rpoBC,765823.0,0.0,0.0,0.0,0.0,0,0,0
rpoBC,765824.0,0.0,0.0,0.0,0.0,0,0,0
rpoBC,765825.0,0.0,0.0,0.0,0.0,0,0,0
rpoBC,765826.0,0.0,0.0,0.0,0.0,0,0,0
rpoBC,765827.0,0.0,0.0,0.0,0.0,0,0,0
rpoBC,765828.0,0.0,0.0,0.0,0.0,0,0,0
rpoBC,765829.0,0.0,0.0,0.0,0.0,0,0,0
rpoBC,765830.0,0.0,0.0,0.0,0.0,0,0,0
rpoBC,765831.0,0.0,0.0,0.0,0.0,0,0,0
rpoBC,765832.0,0.0,0.0,0.0,0.0,0,0,0
rpoBC,765833.0,0.0,0.0,0.0,0.0,0,0,0
rpoBC,765834.0,0.0,0.0,0.0,0.0,0,0,0
rpoBC,765835.0,0.0,0.0,0.0,0.0,0,0,0
rpoBC,765836.0,0.0,0.0,0.0,0.0,0,0,0
rpoBC,765837.0,0.0,0.0,0.0,0.0,0,0,0
rpoBC,765838.0,0.0,0.0,0.0,0.0,0,0,0
rpoBC,765839.0,0.0,0.0,0.0,0.0,0,0,0
rpoBC,765840.0,0.0,0.0,0.0,0.0,0,0,0
rpoBC,765841.0,0.0,0.0,0.0,0.0,0,0,0
rpoBC,765842.0,0.0026601886,0.0,1.0,0.0,0,0,0
rpoBC,765843.0,0.0,0.0,0.0,0.0,0,0,0
rpoBC,765844.0,0.0,0.0,0.0,0.0,0,0,0
rpoBC,765845.0,0.0,0.0,0.0,0.0,0,0,0
rpoBC,765846.0,0.0061478545,0.0,1.0,0.0,0,0,0
rpoBC,765847.0,0.0,-0.008245909,0.0,1.0,0,0,0
rpoBC,765848.0,0.0,0.0,0.0,0.0,0,0,0
rpoBC,765849.0,0.0,0.0,0.0,0.0,0,0,0
rpoBC,765850.0,0.0,0.0,0.0,0.0,0,0,0
rpoBC,765851.0,0.0,0.0,0.0,0.0,0,0,0
rpoBC,765852.0,0.0,0.0,0.0,0.0,0,0,0
rpoBC,765853.0,0.0,0.0,0.0,0.0,0,0,0
rpoBC,765854.0,0.0,0.0,0.0,0.0,0,0,0
rpoBC,765855.0,0.0,0.0,0.0,0.0,0,0,0
rpoBC,765856.0,0.0,0.0,0.0,0.0,0,0,0
rpoBC,765857.0,0.0,0.0,0.0,0.0,0,0,0
rpoBC,765858.0,0.0,0.0,0.0,0.0,0,0,0
rpoBC,765859.0,0.0016540366,0.0,1.0,0.0,0,0,0
rpoBC,765860.0,0.00016684341,0.0,0.0,0.0,0,0,0
rpoBC,765861.0,0.0,0.0,0.0,0.0,0,0,0
rpoBC,765862.0,0.0035361415,-0.0055092196,1.0,0.0,0,0,0
rpoBC,765863.0,0.0010347965,0.0,1.0,0.0,0,0,0
rpoBC,765864.0,0.0,0.0,0.0,0.0,0,0,0
rpoBC,765865.0,0.0,0.0,0.0,0.0,0,0,0
rpoBC,765866.0,0.0,0.0,0.0,0.0,0,0,0
rpoBC,765867.0,0.0,-0.01752908,0.0,1.0,0,0,0
rpoBC,765868.0,0.0,0.0,0.0,0.0,0,0,0
rpoBC,765869.0,0.0,0.0,0.0,0.0,0,0,0
rpoBC,765870.0,0.0,0.0,0.0,0.0,0,0,0
rpoBC,765871.0,0.0,0.0,0.0,0.0,0,0,0
rpoBC,765872.0,0.0,0.0,0.0,0.0,0,0,0
rpoBC,765873.0,0.0,0.0,0.0,0.0,0,0,0
rpoBC,765874.0,0.0,0.0,0.0,0.0,0,0,0
rpoBC,765875.0,0.0,0.0,0.0,0.0,0,0,0
rpoBC,765876.0,0.0,0.0,0.0,0.0,0,0,0
rpoBC,765877.0,0.0,0.0,0.0,0.0,0,0,0
rpoBC,765878.0,0.0,0.0,0.0,0.0,0,0,0
rpoBC,765879.0,0.0,0.0,0.0,0.0,0,0,0
rpoBC,765880.0,0.0,0.0,0.0,0.0,0,0,0
rpoBC,765881.0,0.0,0.0,0.0,0.0,0,0,0
rpoBC,765882.0,0.0,0.0,0.0,0.0,0,0,0
rpoBC,765883.0,0.0,0.0,0.0,0.0,0,0,0
rpoBC,765884.0,0.00056170626,0.0,0.0,0.0,0,0,0
rpoBC,765885.0,0.0,0.0,0.0,0.0,0,0,0
rpoBC,765886.0,0.0,0.0,0.0,0.0,0,0,0
rpoBC,765887.0,0.0,0.0,0.0,0.0,0,0,0
rpoBC,765888.0,0.0,0.0,0.0,0.0,0,0,0
rpoBC,765889.0,0.0,0.0,0.0,0.0,0,0,0
rpoBC,765890.0,0.0,0.0,0.0,0.0,0,0,0
rpoBC,765891.0,0.0,0.0,0.0,0.0,0,0,0
rpoBC,765892.0,0.0,0.0,0.0,0.0,0,0,0
rpoBC,765893.0,0.0,0.0,0.0,0.0,0,0,0
rpoBC,765894.0,0.0,0.0,0.0,0.0,0,0,0
rpoBC,765895.0,0.0,0.0,0.0,0.0,0,0,0
rpoBC,765896.0,0.0,0.0,0.0,0.0,0,0,0
rpoBC,765897.0,0.0,0.0,0.0,0.0,0,0,0
rpoBC,765898.0,0.0,0.0,0.0,0.0,0,0,0
rpoBC,765899.0,0.0,0.0,0.0,0.0,0,0,0
rpoBC,765900.0,0.0,0.0,0.0,0.0,0,0,0
rpoBC,765901.0,0.0,0.0,0.0,0.0,0,0,0
rpoBC,765902.0,0.0,0.0,0.0,0.0,0,0,0
rpoBC,765903.0,0.0,0.0,0.0,0.0,0,0,0
rpoBC,765904.0,0.0,0.0,0.0,0.0,0,0,0
rpoBC,765905.0,0.0,0.0,0.0,0.0,0,0,0
rpoBC,765906.0,0.0,0.0,0.0,0.0,0,0,0
rpoBC,765907.0,0.0,0.0,0.0,0.0,0,0,0
rpoBC,765908.0,0.0,0.0,0.0,0.0,0,0,0
rpoBC,765909.0,0.0,0.0,0.0,0.0,0,0,0
rpoBC,765910.0,0.0,0.0,0.0,0.0,0,0,0
rpoBC,765911.0,0.0,0.0,0.0,0.0,0,0,0
rpoBC,765912.0,0.0,0.0,0.0,0.0,0,0,0
rpoBC,765913.0,0.0,0.0,0.0,0.0,0,0,0
rpoBC,765914.0,0.0,0.0,0.0,0.0,0,0,0
rpoBC,765915.0,0.0051071066,0.0,1.0,0.0,0,0,0
rpoBC,765916.0,0.0,0.0,0.0,0.0,0,0,0
rpoBC,765917.0,0.0,0.0,0.0,0.0,0,0,0
rpoBC,765918.0,0.0,0.0,0.0,0.0,0,0,0
rpoBC,765919.0,0.0,0.0,0.0,0.0,0,0,0
rpoBC,765920.0,0.0,-0.0042741243,0.0,1.0,0,0,0
rpoBC,765921.0,0.0017624927,0.0,1.0,0.0,0,0,0
rpoBC,765922.0,0.0,0.0,0.0,0.0,0,0,0
rpoBC,765923.0,0.0,0.0,0.0,0.0,0,0,0
rpoBC,765924.0,0.0,0.0,0.0,0.0,0,0,0
rpoBC,765925.0,0.0,0.0,0.0,0.0,0,0,0
rpoBC,765926.0,0.0078084557,0.0,1.0,0.0,0,0,0
rpoBC,765927.0,0.0013033241,0.0,1.0,0.0,0,0,0
rpoBC,765928.0,0.0,0.0,0.0,0.0,0,0,0
rpoBC,765929.0,0.0,0.0,0.0,0.0,0,0,0
rpoBC,765930.0,0.0,0.0,0.0,0.0,0,0,0
rpoBC,765931.0,0.0,0.0,0.0,0.0,0,0,0
rpoBC,765932.0,0.0,0.0,0.0,0.0,0,0,0
rpoBC,765933.0,0.0,0.0,0.0,0.0,0,0,0
rpoBC,765934.0,0.0,0.0,0.0,0.0,0,0,0
rpoBC,765935.0,0.0,0.0,0.0,0.0,0,0,0
rpoBC,765936.0,0.0,0.0,0.0,0.0,0,0,0
rpoBC,765937.0,0.0,0.0,0.0,0.0,0,0,0
rpoBC,765938.0,0.0,0.0,0.0,0.0,0,0,0
rpoBC,765939.0,0.0,0.0,0.0,0.0,0,0,0
rpoBC,765940.0,0.0,0.0,0.0,0.0,0,0,0
rpoBC,765941.0,0.0,0.0,0.0,0.0,0,0,0
rpoBC,765942.0,0.0,0.0,0.0,0.0,0,0,0
rpoBC,765943.0,0.0,0.0,0.0,0.0,0,0,0
rpoBC,765944.0,0.0,0.0,0.0,0.0,0,0,0
rpoBC,765945.0,0.0,0.0,0.0,0.0,0,0,0
rpoBC,765946.0,0.0,0.0,0.0,0.0,0,0,0
rpoBC,765947.0,0.0,0.0,0.0,0.0,0,0,0
rpoBC,765948.0,0.0,0.0,0.0,0.0,0,0,0
rpoBC,765949.0,0.0,0.0,0.0,0.0,0,0,0
rpoBC,765950.0,0.0052765496,0.0,1.0,0.0,0,0,0
rpoBC,765951.0,0.0,0.0,0.0,0.0,0,0,0
rpoBC,765952.0,0.0,0.0,0.0,0.0,0,0,0
rpoBC,765953.0,0.0,0.0,0.0,0.0,0,0,0
rpoBC,765954.0,0.0,0.0,0.0,0.0,0,0,0
rpoBC,765955.0,0.0,0.0,0.0,0.0,0,0,0
rpoBC,765956.0,0.0,0.0,0.0,0.0,0,0,0
rpoBC,765957.0,0.0,0.0,0.0,0.0,0,0,0
rpoBC,765958.0,0.0,0.0,0.0,0.0,0,0,0
rpoBC,765959.0,0.0,0.0,0.0,0.0,0,0,0
rpoBC,765960.0,0.0,0.0,0.0,0.0,0,0,0
rpoBC,765961.0,0.0,0.0,0.0,0.0,0,0,0
rpoBC,765962.0,0.0,0.0,0.0,0.0,0,0,0
rpoBC,765963.0,0.0,0.0,0.0,0.0,0,0,0
rpoBC,765964.0,0.0,0.0,0.0,0.0,0,0,0
rpoBC,765965.0,0.0,0.0,0.0,0.0,0,0,0
rpoBC,765966.0,0.0,0.0,0.0,0.0,0,0,0
rpoBC,765967.0,0.0,0.0,0.0,0.0,0,0,0
rpoBC,765968.0,0.0,0.0,0.0,0.0,0,0,0
rpoBC,765969.0,0.0,0.0,0.0,0.0,0,0,0
rpoBC,765970.0,0.0,0.0,0.0,0.0,0,0,0
rpoBC,765971.0,0.0,0.0,0.0,0.0,0,0,0
rpoBC,765972.0,0.0,0.0,0.0,0.0,0,0,0
rpoBC,765973.0,0.0014091537,0.0,0.0,0.0,0,0,0
rpoBC,765974.0,0.0,0.0,0.0,0.0,0,0,0
rpoBC,765975.0,0.0,0.0,0.0,0.0,0,0,0
rpoBC,765976.0,0.0,0.0,0.0,0.0,0,0,0
rpoBC,765977.0,0.0,0.0,0.0,0.0,0,0,0
rpoBC,765978.0,0.0,0.0,0.0,0.0,0,0,0
rpoBC,765979.0,0.0,0.0,0.0,0.0,0,0,0
rpoBC,765980.0,0.0,0.0,0.0,0.0,0,0,0
rpoBC,765981.0,0.0,0.0,0.0,0.0,0,0,0
rpoBC,765982.0,0.0,0.0,0.0,0.0,0,0,0
rpoBC,765983.0,0.0,0.0,0.0,0.0,0,0,0
rpoBC,765984.0,0.0,0.0,0.0,0.0,0,0,0
rpoBC,765985.0,0.0,0.0,0.0,0.0,0,0,0
rpoBC,765986.0,0.0,0.0,0.0,0.0,0,0,0
rpoBC,765987.0,0.0,0.0,0.0,0.0,0,0,0
rpoBC,765988.0,0.0,-0.008195622,0.0,1.0,0,0,0
rpoBC,765989.0,0.0,0.0,0.0,0.0,0,0,0
rpoBC,765990.0,0.0,0.0,0.0,0.0,0,0,0
rpoBC,765991.0,0.0,0.0,0.0,0.0,0,0,0
rpoBC,765992.0,0.0,0.0,0.0,0.0,0,0,0
rpoBC,765993.0,0.0,0.0,0.0,0.0,0,0,0
rpoBC,765994.0,0.0,0.0,0.0,0.0,0,0,0
rpoBC,765995.0,0.0,0.0,0.0,0.0,0,0,0
rpoBC,765996.0,0.0,0.0,0.0,0.0,0,0,0
rpoBC,765997.0,0.0,0.0,0.0,0.0,0,0,0
rpoBC,765998.0,0.0,0.0,0.0,0.0,0,0,0
rpoBC,765999.0,0.0,0.0,0.0,0.0,0,0,0
rpoBC,766000.0,0.0,0.0,0.0,0.0,0,0,0
rpoBC,766001.0,0.0,0.0,0.0,0.0,0,0,0
rpoBC,766002.0,0.0,0.0,0.0,0.0,0,0,0
rpoBC,766003.0,0.0,0.0,0.0,0.0,0,0,0
rpoBC,766004.0,0.0,0.0,0.0,0.0,0,0,0
rpoBC,766005.0,0.0,0.0,0.0,0.0,0,0,0
rpoBC,766006.0,0.001164269,0.0,0.0,0.0,0,0,0
rpoBC,766007.0,0.0,0.0,0.0,0.0,0,0,0
rpoBC,766008.0,0.0,0.0,0.0,0.0,0,0,0
rpoBC,766009.0,0.0,0.0,0.0,0.0,0,0,0
rpoBC,766010.0,0.0,0.0,0.0,0.0,0,0,0
rpoBC,766011.0,0.0,0.0,0.0,0.0,0,0,0
rpoBC,766012.0,0.0,-0.0027382197,0.0,1.0,0,0,0
rpoBC,766013.0,0.0,0.0,0.0,0.0,0,0,0
rpoBC,766014.0,0.0,0.0,0.0,0.0,0,0,0
rpoBC,766015.0,0.0,0.0,0.0,0.0,0,0,0
rpoBC,766016.0,0.0,0.0,0.0,0.0,0,0,0
rpoBC,766017.0,0.0,0.0,0.0,0.0,0,0,0
rpoBC,766018.0,0.0,0.0,0.0,0.0,0,0,0
rpoBC,766019.0,0.0,0.0,0.0,0.0,0,0,0
rpoBC,766020.0,0.0,0.0,0.0,0.0,0,0,0
rpoBC,766021.0,0.0,0.0,0.0,0.0,0,0,0
rpoBC,766022.0,0.0013472199,0.0,0.0,0.0,0,0,0
rpoBC,766023.0,0.0,0.0,0.0,0.0,0,0,0
rpoBC,766024.0,0.0,0.0,0.0,0.0,0,0,0
rpoBC,766025.0,0.0,0.0,0.0,0.0,0,0,0
rpoBC,766026.0,0.0,0.0,0.0,0.0,0,0,0
rpoBC,766027.0,0.0,0.0,0.0,0.0,0,0,0
rpoBC,766028.0,0.0,0.0,0.0,0.0,0,0,0
rpoBC,766029.0,0.0,0.0,0.0,0.0,0,0,0
rpoBC,766030.0,0.0,0.0,0.0,0.0,0,0,0
rpoBC,766031.0,0.0,0.0,0.0,0.0,0,0,0
rpoBC,766032.0,0.0,0.0,0.0,0.0,0,0,0
rpoBC,766033.0,0.0,0.0,0.0,0.0,0,0,0
rpoBC,766034.0,0.0,0.0,0.0,0.0,0,0,0
rpoBC,766035.0,0.0,0.0,0.0,0.0,0,0,0
rpoBC,766036.0,0.0,0.0,0.0,0.0,0,0,0
rpoBC,766037.0,0.0,0.0,0.0,0.0,0,0,0
rpoBC,766038.0,0.0,0.0,0.0,0.0,0,0,0
rpoBC,766039.0,0.0,0.0,0.0,0.0,0,0,0
rpoBC,766040.0,0.0,0.0,0.0,0.0,0,0,0
rpoBC,766041.0,0.0,0.0,0.0,0.0,0,0,0
rpoBC,766042.0,0.0,0.0,0.0,0.0,0,0,0
rpoBC,766043.0,0.0,0.0,0.0,0.0,0,0,0
rpoBC,766044.0,0.0,0.0,0.0,0.0,0,0,0
rpoBC,766045.0,0.0,0.0,0.0,0.0,0,0,0
rpoBC,766046.0,0.0,0.0,0.0,0.0,0,0,0
rpoBC,766047.0,0.0,0.0,0.0,0.0,0,0,0
rpoBC,766048.0,0.0,0.0,0.0,0.0,0,0,0
rpoBC,766049.0,0.0,0.0,0.0,0.0,0,0,0
rpoBC,766050.0,0.0,0.0,0.0,0.0,0,0,0
rpoBC,766051.0,0.0003323476,0.0,0.0,0.0,0,0,0
rpoBC,766052.0,0.0,0.0,0.0,0.0,0,0,0
rpoBC,766053.0,0.0,0.0,0.0,0.0,0,0,0
rpoBC,766054.0,0.0,0.0,0.0,0.0,0,0,0
rpoBC,766055.0,0.0,0.0,0.0,0.0,0,0,0
rpoBC,766056.0,0.0,0.0,0.0,0.0,0,0,0
rpoBC,766057.0,0.0,0.0,0.0,0.0,0,0,0
rpoBC,766058.0,0.0,0.0,0.0,0.0,0,0,0
rpoBC,766059.0,0.0,0.0,0.0,0.0,0,0,0
rpoBC,766060.0,0.0,0.0,0.0,0.0,0,0,0
rpoBC,766061.0,0.0,0.0,0.0,0.0,0,0,0
rpoBC,766062.0,0.0,0.0,0.0,0.0,0,0,0
rpoBC,766063.0,0.0,0.0,0.0,0.0,0,0,0
rpoBC,766064.0,0.0,0.0,0.0,0.0,0,0,0
rpoBC,766065.0,0.0,0.0,0.0,0.0,0,0,0
rpoBC,766066.0,0.0,0.0,0.0,0.0,0,0,0
rpoBC,766067.0,0.0,0.0,0.0,0.0,0,0,0
rpoBC,766068.0,0.0,0.0,0.0,0.0,0,0,0
rpoBC,766069.0,0.0,0.0,0.0,0.0,0,0,0
rpoBC,766070.0,0.03531451,0.0,1.0,0.0,0,0,0
rpoBC,766071.0,0.0,0.0,0.0,0.0,0,0,0
rpoBC,766072.0,0.0,0.0,0.0,0.0,0,0,0
rpoBC,766073.0,0.0,0.0,0.0,0.0,0,0,0
rpoBC,766074.0,0.0,0.0,0.0,0.0,0,0,0
rpoBC,766075.0,0.0,0.0,0.0,0.0,0,0,0
rpoBC,766076.0,0.0,0.0,0.0,0.0,0,0,0
rpoBC,766077.0,0.0,0.0,0.0,0.0,0,0,0
rpoBC,766078.0,0.0,0.0,0.0,0.0,0,0,0
rpoBC,766079.0,0.0,0.0,0.0,0.0,0,0,0
rpoBC,766080.0,0.0,0.0,0.0,0.0,0,0,0
rpoBC,766081.0,0.0,0.0,0.0,0.0,0,0,0
rpoBC,766082.0,0.0,0.0,0.0,0.0,0,0,0
rpoBC,766083.0,0.0,0.0,0.0,0.0,0,0,0
rpoBC,766084.0,0.0,0.0,0.0,0.0,0,0,0
rpoBC,766085.0,0.0,-0.007931181,0.0,1.0,0,0,0
rpoBC,766086.0,0.0,0.0,0.0,0.0,0,0,0
rpoBC,766087.0,0.0,0.0,0.0,0.0,0,0,0
rpoBC,766088.0,0.0,0.0,0.0,0.0,0,0,0
rpoBC,766089.0,0.0,-0.004181961,0.0,1.0,0,0,0
rpoBC,766090.0,0.0,-0.018150074,0.0,1.0,0,0,0
rpoBC,766091.0,0.0,0.0,0.0,0.0,0,0,0
rpoBC,766092.0,0.0,0.0,0.0,0.0,0,0,0
rpoBC,766093.0,0.0,0.0,0.0,0.0,0,0,0
rpoBC,766094.0,0.0,0.0,0.0,0.0,0,0,0
rpoBC,766095.0,0.0,-0.013491546,0.0,1.0,0,0,0
rpoBC,766096.0,0.0,0.0,0.0,0.0,0,0,0
rpoBC,766097.0,0.0,-0.008813339,0.0,1.0,0,0,0
rpoBC,766098.0,0.0,0.0,0.0,0.0,0,0,0
rpoBC,766099.0,0.0,0.0,0.0,0.0,0,0,0
rpoBC,766100.0,0.0,0.0,0.0,0.0,0,0,0
rpoBC,766101.0,0.0,0.0,0.0,0.0,0,0,0
rpoBC,766102.0,0.0,0.0,0.0,0.0,0,0,0
rpoBC,766103.0,0.0,0.0,0.0,0.0,0,0,0
rpoBC,766104.0,0.0,0.0,0.0,0.0,0,0,0
rpoBC,766105.0,0.0,0.0,0.0,0.0,0,0,0
rpoBC,766106.0,0.0,0.0,0.0,0.0,0,0,0
rpoBC,766107.0,0.0,0.0,0.0,0.0,0,0,0
rpoBC,766108.0,0.0,0.0,0.0,0.0,0,0,0
rpoBC,766109.0,0.0,0.0,0.0,0.0,0,0,0
rpoBC,766110.0,0.0,0.0,0.0,0.0,0,0,0
rpoBC,766111.0,0.0,0.0,0.0,0.0,0,0,0
rpoBC,766112.0,0.0,0.0,0.0,0.0,0,0,0
rpoBC,766113.0,0.0,0.0,0.0,0.0,0,0,0
rpoBC,766114.0,0.0,0.0,0.0,0.0,0,0,0
rpoBC,766115.0,0.0,0.0,0.0,0.0,0,0,0
rpoBC,766116.0,0.0,0.0,0.0,0.0,0,0,0
rpoBC,766117.0,0.0,0.0,0.0,0.0,0,0,0
rpoBC,766118.0,0.0,0.0,0.0,0.0,0,0,0
rpoBC,766119.0,0.0,0.0,0.0,0.0,0,0,0
rpoBC,766120.0,0.0,0.0,0.0,0.0,0,0,0
rpoBC,766121.0,0.0,0.0,0.0,0.0,0,0,0
rpoBC,766122.0,0.0,0.0,0.0,0.0,0,0,0
rpoBC,766123.0,0.0,0.0,0.0,0.0,0,0,0
rpoBC,766124.0,0.0,0.0,0.0,0.0,0,0,0
rpoBC,766125.0,0.0,0.0,0.0,0.0,0,0,0
rpoBC,766126.0,0.0,0.0,0.0,0.0,0,0,0
rpoBC,766127.0,0.0,0.0,0.0,0.0,0,0,0
rpoBC,766128.0,0.0,0.0,0.0,0.0,0,0,0
rpoBC,766129.0,0.0,0.0,0.0,0.0,0,0,0
rpoBC,766130.0,0.0,0.0,0.0,0.0,0,0,0
rpoBC,766131.0,0.0,0.0,0.0,0.0,0,0,0
rpoBC,766132.0,0.0,0.0,0.0,0.0,0,0,0
rpoBC,766133.0,0.0,0.0,0.0,0.0,0,0,0
rpoBC,766134.0,0.0,0.0,0.0,0.0,0,0,0
rpoBC,766135.0,0.0,0.0,0.0,0.0,0,0,0
rpoBC,766136.0,0.0,0.0,0.0,0.0,0,0,0
rpoBC,766137.0,0.0,0.0,0.0,0.0,0,0,0
rpoBC,766138.0,0.0,0.0,0.0,0.0,0,0,0
rpoBC,766139.0,0.0,0.0,0.0,0.0,0,0,0
rpoBC,766140.0,0.0,0.0,0.0,0.0,0,0,0
rpoBC,766141.0,0.0,0.0,0.0,0.0,0,0,0
rpoBC,766142.0,0.0,0.0,0.0,0.0,0,0,0
rpoBC,766143.0,0.0,0.0,0.0,0.0,0,0,0
rpoBC,766144.0,0.0,0.0,0.0,0.0,0,0,0
rpoBC,766145.0,0.0,0.0,0.0,0.0,0,0,0
rpoBC,766146.0,0.0,0.0,0.0,0.0,0,0,0
rpoBC,766147.0,0.0,0.0,0.0,0.0,0,0,0
rpoBC,766148.0,0.0,0.0,0.0,0.0,0,0,0
rpoBC,766149.0,0.0,0.0,0.0,0.0,0,0,0
rpoBC,766150.0,0.0,0.0,0.0,0.0,0,0,0
rpoBC,766151.0,0.0,0.0,0.0,0.0,0,0,0
rpoBC,766152.0,0.0,0.0,0.0,0.0,0,0,0
rpoBC,766153.0,0.0,0.0,0.0,0.0,0,0,0
rpoBC,766154.0,0.0,0.0,0.0,0.0,0,0,0
rpoBC,766155.0,0.0,0.0,0.0,0.0,0,0,0
rpoBC,766156.0,0.0,0.0,0.0,0.0,0,0,0
rpoBC,766157.0,0.0,-0.00048616348,0.0,1.0,0,0,0
rpoBC,766158.0,0.0,0.0,0.0,0.0,0,0,0
rpoBC,766159.0,0.0,0.0,0.0,0.0,0,0,0
rpoBC,766160.0,0.0,0.0,0.0,0.0,0,0,0
rpoBC,766161.0,0.0,0.0,0.0,0.0,0,0,0
rpoBC,766162.0,0.0,0.0,0.0,0.0,0,0,0
rpoBC,766163.0,0.0,0.0,0.0,0.0,0,0,0
rpoBC,766164.0,0.0,0.0,0.0,0.0,0,0,0
rpoBC,766165.0,0.0,0.0,0.0,0.0,0,0,0
rpoBC,766166.0,0.0,0.0,0.0,0.0,0,0,0
rpoBC,766167.0,0.0,0.0,0.0,0.0,0,0,0
rpoBC,766168.0,0.0,0.0,0.0,0.0,0,0,0
rpoBC,766169.0,0.0,0.0,0.0,0.0,0,0,0
rpoBC,766170.0,0.0,0.0,0.0,0.0,0,0,0
rpoBC,766171.0,0.0,0.0,0.0,0.0,0,0,0
rpoBC,766172.0,0.0,0.0,0.0,0.0,0,0,0
rpoBC,766173.0,0.0,0.0,0.0,0.0,0,0,0
rpoBC,766174.0,0.0,0.0,0.0,0.0,0,0,0
rpoBC,766175.0,0.0,0.0,0.0,0.0,0,0,0
rpoBC,766176.0,0.0,0.0,0.0,0.0,0,0,0
rpoBC,766177.0,0.0,0.0,0.0,0.0,0,0,0
rpoBC,766178.0,0.0,0.0,0.0,0.0,0,0,0
rpoBC,766179.0,0.0,0.0,0.0,0.0,0,0,0
rpoBC,766180.0,0.0,0.0,0.0,0.0,0,0,0
rpoBC,766181.0,0.0,0.0,0.0,0.0,0,0,0
rpoBC,766182.0,0.0,0.0,0.0,0.0,0,0,0
rpoBC,766183.0,0.0,0.0,0.0,0.0,0,0,0
rpoBC,766184.0,0.0,0.0,0.0,0.0,0,0,0
rpoBC,766185.0,0.0,0.0,0.0,0.0,0,0,0
rpoBC,766186.0,0.0,0.0,0.0,0.0,0,0,0
rpoBC,766187.0,0.0,0.0,0.0,0.0,0,0,0
rpoBC,766188.0,0.0,0.0,0.0,0.0,0,0,0
rpoBC,766189.0,0.0,0.0,0.0,0.0,0,0,0
rpoBC,766190.0,0.0,0.0,0.0,0.0,0,0,0
rpoBC,766191.0,0.0,0.0,0.0,0.0,0,0,0
rpoBC,766192.0,0.0,0.0,0.0,0.0,0,0,0
rpoBC,766193.0,0.0,0.0,0.0,0.0,0,0,0
rpoBC,766194.0,0.0,0.0,0.0,0.0,0,0,0
rpoBC,766195.0,0.0,0.0,0.0,0.0,0,0,0
rpoBC,766196.0,0.0008894315,0.0,0.0,0.0,0,0,0
rpoBC,766197.0,0.0,0.0,0.0,0.0,0,0,0
rpoBC,766198.0,8.164717e-05,0.0,0.0,0.0,0,0,0
rpoBC,766199.0,0.0,0.0,0.0,0.0,0,0,0
rpoBC,766200.0,0.0,0.0,0.0,0.0,0,0,0
rpoBC,766201.0,0.0,0.0,0.0,0.0,0,0,0
rpoBC,766202.0,0.0,0.0,0.0,0.0,0,0,0
rpoBC,766203.0,0.011196967,0.0,1.0,0.0,0,0,0
rpoBC,766204.0,0.0,-0.0022712508,0.0,1.0,0,0,0
rpoBC,766205.0,0.0,0.0,0.0,0.0,0,0,0
rpoBC,766206.0,0.0,0.0,0.0,0.0,0,0,0
rpoBC,766207.0,0.0,0.0,0.0,0.0,0,0,0
rpoBC,766208.0,0.0,0.0,0.0,0.0,0,0,0
rpoBC,766209.0,0.0,0.0,0.0,0.0,0,0,0
rpoBC,766210.0,0.0,0.0,0.0,0.0,0,0,0
rpoBC,766211.0,0.0,0.0,0.0,0.0,0,0,0
rpoBC,766212.0,0.0011896886,0.0,1.0,0.0,0,0,0
rpoBC,766213.0,0.0,0.0,0.0,0.0,0,0,0
rpoBC,766214.0,0.0,0.0,0.0,0.0,0,0,0
rpoBC,766215.0,0.0,0.0,0.0,0.0,0,0,0
rpoBC,766216.0,0.0,0.0,0.0,0.0,0,0,0
rpoBC,766217.0,0.0,0.0,0.0,0.0,0,0,0
rpoBC,766218.0,0.0,0.0,0.0,0.0,0,0,0
rpoBC,766219.0,0.0,0.0,0.0,0.0,0,0,0
rpoBC,766220.0,0.0,0.0,0.0,0.0,0,0,0
rpoBC,766221.0,0.0,0.0,0.0,0.0,0,0,0
rpoBC,766222.0,0.0,-0.009867956,0.0,1.0,0,0,0
rpoBC,766223.0,0.0,0.0,0.0,0.0,0,0,0
rpoBC,766224.0,0.0,0.0,0.0,0.0,0,0,0
rpoBC,766225.0,0.0,0.0,0.0,0.0,0,0,0
rpoBC,766226.0,0.0,0.0,0.0,0.0,0,0,0
rpoBC,766227.0,0.0,0.0,0.0,0.0,0,0,0
rpoBC,766228.0,0.0,0.0,0.0,0.0,0,0,0
rpoBC,766229.0,0.0,0.0,0.0,0.0,0,0,0
rpoBC,766230.0,0.0,0.0,0.0,0.0,0,0,0
rpoBC,766231.0,0.0,0.0,0.0,0.0,0,0,0
rpoBC,766232.0,0.0,0.0,0.0,0.0,0,0,0
rpoBC,766233.0,0.0,0.0,0.0,0.0,0,0,0
rpoBC,766234.0,0.0,0.0,0.0,0.0,0,0,0
rpoBC,766235.0,0.0,0.0,0.0,0.0,0,0,0
rpoBC,766236.0,0.0,0.0,0.0,0.0,0,0,0
rpoBC,766237.0,0.0,0.0,0.0,0.0,0,0,0
rpoBC,766238.0,0.0,0.0,0.0,0.0,0,0,0
rpoBC,766239.0,0.00045272536,0.0,0.0,0.0,0,0,0
rpoBC,766240.0,0.0,0.0,0.0,0.0,0,0,0
rpoBC,766241.0,0.0,0.0,0.0,0.0,0,0,0
rpoBC,766242.0,0.0069071474,0.0,1.0,0.0,0,0,0
rpoBC,766243.0,0.0,0.0,0.0,0.0,0,0,0
rpoBC,766244.0,0.0,0.0,0.0,0.0,0,0,0
rpoBC,766245.0,0.0,0.0,0.0,0.0,0,0,0
rpoBC,766246.0,0.0,0.0,0.0,0.0,0,0,0
rpoBC,766247.0,0.0,0.0,0.0,0.0,0,0,0
rpoBC,766248.0,0.0,0.0,0.0,0.0,0,0,0
rpoBC,766249.0,0.0,0.0,0.0,0.0,0,0,0
rpoBC,766250.0,0.0,0.0,0.0,0.0,0,0,0
rpoBC,766251.0,0.0,0.0,0.0,0.0,0,0,0
rpoBC,766252.0,0.0,0.0,0.0,0.0,0,0,0
rpoBC,766253.0,0.0,0.0,0.0,0.0,0,0,0
rpoBC,766254.0,0.0,0.0,0.0,0.0,0,0,0
rpoBC,766255.0,0.0,0.0,0.0,0.0,0,0,0
rpoBC,766256.0,0.0,-0.0045016496,0.0,1.0,0,0,0
rpoBC,766257.0,0.0,0.0,0.0,0.0,0,0,0
rpoBC,766258.0,0.0,0.0,0.0,0.0,0,0,0
rpoBC,766259.0,0.0,0.0,0.0,0.0,0,0,0
rpoBC,766260.0,0.0,0.0,0.0,0.0,0,0,0
rpoBC,766261.0,0.0,0.0,0.0,0.0,0,0,0
rpoBC,766262.0,0.0,0.0,0.0,0.0,0,0,0
rpoBC,766263.0,0.0,0.0,0.0,0.0,0,0,0
rpoBC,766264.0,0.0,0.0,0.0,0.0,0,0,0
rpoBC,766265.0,0.0,0.0,0.0,0.0,0,0,0
rpoBC,766266.0,0.0,0.0,0.0,0.0,0,0,0
rpoBC,766267.0,0.0,0.0,0.0,0.0,0,0,0
rpoBC,766268.0,0.0,0.0,0.0,0.0,0,0,0
rpoBC,766269.0,0.0,0.0,0.0,0.0,0,0,0
rpoBC,766270.0,0.0,0.0,0.0,0.0,0,0,0
rpoBC,766271.0,0.0,0.0,0.0,0.0,0,0,0
rpoBC,766272.0,0.0,0.0,0.0,0.0,0,0,0
rpoBC,766273.0,0.0,0.0,0.0,0.0,0,0,0
rpoBC,766274.0,0.0,0.0,0.0,0.0,0,0,0
rpoBC,766275.0,0.0,0.0,0.0,0.0,0,0,0
rpoBC,766276.0,0.0,-0.00790794,0.0,1.0,0,0,0
rpoBC,766277.0,0.0,0.0,0.0,0.0,0,0,0
rpoBC,766278.0,0.0,0.0,0.0,0.0,0,0,0
rpoBC,766279.0,0.0,0.0,0.0,0.0,0,0,0
rpoBC,766280.0,0.0,0.0,0.0,0.0,0,0,0
rpoBC,766281.0,0.0,0.0,0.0,0.0,0,0,0
rpoBC,766282.0,0.0,0.0,0.0,0.0,0,0,0
rpoBC,766283.0,0.0,0.0,0.0,0.0,0,0,0
rpoBC,766284.0,0.0,0.0,0.0,0.0,0,0,0
rpoBC,766285.0,0.0,0.0,0.0,0.0,0,0,0
rpoBC,766286.0,0.0,0.0,0.0,0.0,0,0,0
rpoBC,766287.0,0.0,0.0,0.0,0.0,0,0,0
rpoBC,766288.0,0.0,0.0,0.0,0.0,0,0,0
rpoBC,766289.0,0.0,0.0,0.0,0.0,0,0,0
rpoBC,766290.0,0.0,0.0,0.0,0.0,0,0,0
rpoBC,766291.0,0.0,0.0,0.0,0.0,0,0,0
rpoBC,766292.0,0.0,0.0,0.0,0.0,0,0,0
rpoBC,766293.0,0.0,0.0,0.0,0.0,0,0,0
rpoBC,766294.0,0.0,0.0,0.0,0.0,0,0,0
rpoBC,766295.0,0.0,0.0,0.0,0.0,0,0,0
rpoBC,766296.0,0.0,0.0,0.0,0.0,0,0,0
rpoBC,766297.0,0.0,0.0,0.0,0.0,0,0,0
rpoBC,766298.0,0.0,0.0,0.0,0.0,0,0,0
rpoBC,766299.0,0.0,0.0,0.0,0.0,0,0,0
rpoBC,766300.0,0.0,0.0,0.0,0.0,0,0,0
rpoBC,766301.0,0.0,0.0,0.0,0.0,0,0,0
rpoBC,766302.0,0.0,0.0,0.0,0.0,0,0,0
rpoBC,766303.0,0.0,0.0,0.0,0.0,0,0,0
rpoBC,766304.0,0.0,0.0,0.0,0.0,0,0,0
rpoBC,766305.0,0.0,0.0,0.0,0.0,0,0,0
rpoBC,766306.0,0.0,0.0,0.0,0.0,0,0,0
rpoBC,766307.0,0.0,0.0,0.0,0.0,0,0,0
rpoBC,766308.0,0.0,-0.0102680065,0.0,1.0,0,0,0
rpoBC,766309.0,0.0,0.0,0.0,0.0,0,0,0
rpoBC,766310.0,0.0,0.0,0.0,0.0,0,0,0
rpoBC,766311.0,0.0,0.0,0.0,0.0,0,0,0
rpoBC,766312.0,0.0,0.0,0.0,0.0,0,0,0
rpoBC,766313.0,0.0,0.0,0.0,0.0,0,0,0
rpoBC,766314.0,0.0,0.0,0.0,0.0,0,0,0
rpoBC,766315.0,0.0,0.0,0.0,0.0,0,0,0
rpoBC,766316.0,0.0011809368,0.0,1.0,0.0,0,0,0
rpoBC,766317.0,0.0,0.0,0.0,0.0,0,0,0
rpoBC,766318.0,0.0,0.0,0.0,0.0,0,0,0
rpoBC,766319.0,0.0,0.0,0.0,0.0,0,0,0
rpoBC,766320.0,0.0,0.0,0.0,0.0,0,0,0
rpoBC,766321.0,0.0,0.0,0.0,0.0,0,0,0
rpoBC,766322.0,0.0,0.0,0.0,0.0,0,0,0
rpoBC,766323.0,0.0,0.0,0.0,0.0,0,0,0
rpoBC,766324.0,0.0,0.0,0.0,0.0,0,0,0
rpoBC,766325.0,0.0,0.0,0.0,0.0,0,0,0
rpoBC,766326.0,0.0,0.0,0.0,0.0,0,0,0
rpoBC,766327.0,0.0,0.0,0.0,0.0,0,0,0
rpoBC,766328.0,0.0,0.0,0.0,0.0,0,0,0
rpoBC,766329.0,0.0,0.0,0.0,0.0,0,0,0
rpoBC,766330.0,0.0,0.0,0.0,0.0,0,0,0
rpoBC,766331.0,0.0,0.0,0.0,0.0,0,0,0
rpoBC,766332.0,0.0,0.0,0.0,0.0,0,0,0
rpoBC,766333.0,0.0,0.0,0.0,0.0,0,0,0
rpoBC,766334.0,0.0,0.0,0.0,0.0,0,0,0
rpoBC,766335.0,0.0,0.0,0.0,0.0,0,0,0
rpoBC,766336.0,0.0,0.0,0.0,0.0,0,0,0
rpoBC,766337.0,0.0,0.0,0.0,0.0,0,0,0
rpoBC,766338.0,0.0,0.0,0.0,0.0,0,0,0
rpoBC,766339.0,0.0,0.0,0.0,0.0,0,0,0
rpoBC,766340.0,0.0,0.0,0.0,0.0,0,0,0
rpoBC,766341.0,0.0,0.0,0.0,0.0,0,0,0
rpoBC,766342.0,0.0,0.0,0.0,0.0,0,0,0
rpoBC,766343.0,0.0,0.0,0.0,0.0,0,0,0
rpoBC,766344.0,0.0,0.0,0.0,0.0,0,0,0
rpoBC,766345.0,0.0,0.0,0.0,0.0,0,0,0
rpoBC,766346.0,0.0,0.0,0.0,0.0,0,0,0
rpoBC,766347.0,0.0,0.0,0.0,0.0,0,0,0
rpoBC,766348.0,0.0,0.0,0.0,0.0,0,0,0
rpoBC,766349.0,0.0,0.0,0.0,0.0,0,0,0
rpoBC,766350.0,0.0,0.0,0.0,0.0,0,0,0
rpoBC,766351.0,0.0024134824,0.0,1.0,0.0,0,0,0
rpoBC,766352.0,0.0,0.0,0.0,0.0,0,0,0
rpoBC,766353.0,0.0,0.0,0.0,0.0,0,0,0
rpoBC,766354.0,0.0,0.0,0.0,0.0,0,0,0
rpoBC,766355.0,0.0,0.0,0.0,0.0,0,0,0
rpoBC,766356.0,0.0,0.0,0.0,0.0,0,0,0
rpoBC,766357.0,0.0,0.0,0.0,0.0,0,0,0
rpoBC,766358.0,0.0,-0.0016990628,0.0,1.0,0,0,0
rpoBC,766359.0,0.0,0.0,0.0,0.0,0,0,0
rpoBC,766360.0,0.0,0.0,0.0,0.0,0,0,0
rpoBC,766361.0,0.0,0.0,0.0,0.0,0,0,0
rpoBC,766362.0,0.0,0.0,0.0,0.0,0,0,0
rpoBC,766363.0,0.0014984881,0.0,0.0,0.0,0,0,0
rpoBC,766364.0,0.0,0.0,0.0,0.0,0,0,0
rpoBC,766365.0,0.0024119907,0.0,1.0,0.0,0,0,0
rpoBC,766366.0,0.0,0.0,0.0,0.0,0,0,0
rpoBC,766367.0,0.0,0.0,0.0,0.0,0,0,0
rpoBC,766368.0,0.0,0.0,0.0,0.0,0,0,0
rpoBC,766369.0,0.0,0.0,0.0,0.0,0,0,0
rpoBC,766370.0,0.0,0.0,0.0,0.0,0,0,0
rpoBC,766371.0,0.0,0.0,0.0,0.0,0,0,0
rpoBC,766372.0,0.0,0.0,0.0,0.0,0,0,0
rpoBC,766373.0,0.0,0.0,0.0,0.0,0,0,0
rpoBC,766374.0,0.0,0.0,0.0,0.0,0,0,0
rpoBC,766375.0,0.0,0.0,0.0,0.0,0,0,0
rpoBC,766376.0,0.0,0.0,0.0,0.0,0,0,0
rpoBC,766377.0,0.0,0.0,0.0,0.0,0,0,0
rpoBC,766378.0,0.0,0.0,0.0,0.0,0,0,0
rpoBC,766379.0,0.0,0.0,0.0,0.0,0,0,0
rpoBC,766380.0,0.0,0.0,0.0,0.0,0,0,0
rpoBC,766381.0,0.0,0.0,0.0,0.0,0,0,0
rpoBC,766382.0,0.0,0.0,0.0,0.0,0,0,0
rpoBC,766383.0,0.0,0.0,0.0,0.0,0,0,0
rpoBC,766384.0,0.0,0.0,0.0,0.0,0,0,0
rpoBC,766385.0,0.0,0.0,0.0,0.0,0,0,0
rpoBC,766386.0,0.0,0.0,0.0,0.0,0,0,0
rpoBC,766387.0,0.0,-0.004113277,0.0,1.0,0,0,0
rpoBC,766388.0,0.0,0.0,0.0,0.0,0,0,0
rpoBC,766389.0,0.0,0.0,0.0,0.0,0,0,0
rpoBC,766390.0,0.0,0.0,0.0,0.0,0,0,0
rpoBC,766391.0,0.0,0.0,0.0,0.0,0,0,0
rpoBC,766392.0,0.0,0.0,0.0,0.0,0,0,0
rpoBC,766393.0,0.0,0.0,0.0,0.0,0,0,0
rpoBC,766394.0,0.0,0.0,0.0,0.0,0,0,0
rpoBC,766395.0,0.0,0.0,0.0,0.0,0,0,0
rpoBC,766396.0,0.0,0.0,0.0,0.0,0,0,0
rpoBC,766397.0,0.0,0.0,0.0,0.0,0,0,0
rpoBC,766398.0,0.0,0.0,0.0,0.0,0,0,0
rpoBC,766399.0,0.0,0.0,0.0,0.0,0,0,0
rpoBC,766400.0,0.0,0.0,0.0,0.0,0,0,0
rpoBC,766401.0,0.0,0.0,0.0,0.0,0,0,0
rpoBC,766402.0,0.0,0.0,0.0,0.0,0,0,0
rpoBC,766403.0,0.0,0.0,0.0,0.0,0,0,0
rpoBC,766404.0,0.0,0.0,0.0,0.0,0,0,0
rpoBC,766405.0,0.0,0.0,0.0,0.0,0,0,0
rpoBC,766406.0,0.0,0.0,0.0,0.0,0,0,0
rpoBC,766407.0,0.0,0.0,0.0,0.0,0,0,0
rpoBC,766408.0,0.0,0.0,0.0,0.0,0,0,0
rpoBC,766409.0,0.0,0.0,0.0,0.0,0,0,0
rpoBC,766410.0,0.0,0.0,0.0,0.0,0,0,0
rpoBC,766411.0,0.0,0.0,0.0,0.0,0,0,0
rpoBC,766412.0,0.0,0.0,0.0,0.0,0,0,0
rpoBC,766413.0,0.0,0.0,0.0,0.0,0,0,0
rpoBC,766414.0,0.0,0.0,0.0,0.0,0,0,0
rpoBC,766415.0,0.0,0.0,0.0,0.0,0,0,0
rpoBC,766416.0,0.0,0.0,0.0,0.0,0,0,0
rpoBC,766417.0,0.0,0.0,0.0,0.0,0,0,0
rpoBC,766418.0,0.0,0.0,0.0,0.0,0,0,0
rpoBC,766419.0,0.0,0.0,0.0,0.0,0,0,0
rpoBC,766420.0,0.0,0.0,0.0,0.0,0,0,0
rpoBC,766421.0,0.0,0.0,0.0,0.0,0,0,0
rpoBC,766422.0,0.0,0.0,0.0,0.0,0,0,0
rpoBC,766423.0,0.0,0.0,0.0,0.0,0,0,0
rpoBC,766424.0,0.0,0.0,0.0,0.0,0,0,0
rpoBC,766425.0,0.0,0.0,0.0,0.0,0,0,0
rpoBC,766426.0,0.0,0.0,0.0,0.0,0,0,0
rpoBC,766427.0,0.0,-0.0016971349,0.0,1.0,0,0,0
rpoBC,766428.0,0.0,0.0,0.0,0.0,0,0,0
rpoBC,766429.0,0.0,0.0,0.0,0.0,0,0,0
rpoBC,766430.0,0.0,0.0,0.0,0.0,0,0,0
rpoBC,766431.0,0.0,0.0,0.0,0.0,0,0,0
rpoBC,766432.0,0.0,0.0,0.0,0.0,0,0,0
rpoBC,766433.0,0.0,-0.0046259,0.0,1.0,0,0,0
rpoBC,766434.0,0.0,0.0,0.0,0.0,0,0,0
rpoBC,766435.0,0.0,0.0,0.0,0.0,0,0,0
rpoBC,766436.0,0.0,0.0,0.0,0.0,0,0,0
rpoBC,766437.0,0.0,0.0,0.0,0.0,0,0,0
rpoBC,766438.0,0.0,0.0,0.0,0.0,0,0,0
rpoBC,766439.0,0.0,0.0,0.0,0.0,0,0,0
rpoBC,766440.0,0.0,0.0,0.0,0.0,0,0,0
rpoBC,766441.0,0.0,0.0,0.0,0.0,0,0,0
rpoBC,766442.0,0.0,0.0,0.0,0.0,0,0,0
rpoBC,766443.0,0.0,0.0,0.0,0.0,0,0,0
rpoBC,766444.0,0.0,0.0,0.0,0.0,0,0,0
rpoBC,766445.0,0.0,0.0,0.0,0.0,0,0,0
rpoBC,766446.0,0.00604662,0.0,1.0,0.0,0,0,0
rpoBC,766447.0,0.0,0.0,0.0,0.0,0,0,0
rpoBC,766448.0,0.0,0.0,0.0,0.0,0,0,0
rpoBC,766449.0,0.0,0.0,0.0,0.0,0,0,0
rpoBC,766450.0,0.0,0.0,0.0,0.0,0,0,0
rpoBC,766451.0,0.0,0.0,0.0,0.0,0,0,0
rpoBC,766452.0,0.0,0.0,0.0,0.0,0,0,0
rpoBC,766453.0,0.0,0.0,0.0,0.0,0,0,0
rpoBC,766454.0,0.0,0.0,0.0,0.0,0,0,0
rpoBC,766455.0,0.0,0.0,0.0,0.0,0,0,0
rpoBC,766456.0,0.0,-0.0020585489,0.0,1.0,0,0,0
rpoBC,766457.0,0.0,0.0,0.0,0.0,0,0,0
rpoBC,766458.0,0.0,0.0,0.0,0.0,0,0,0
rpoBC,766459.0,0.0,0.0,0.0,0.0,0,0,0
rpoBC,766460.0,0.0,-0.0016913573,0.0,1.0,0,0,0
rpoBC,766461.0,0.0,0.0,0.0,0.0,0,0,0
rpoBC,766462.0,0.0,0.0,0.0,0.0,0,0,0
rpoBC,766463.0,0.0,0.0,0.0,0.0,0,0,0
rpoBC,766464.0,0.0,0.0,0.0,0.0,0,0,0
rpoBC,766465.0,0.0,0.0,0.0,0.0,0,0,0
rpoBC,766466.0,0.0,-0.005027272,0.0,1.0,0,0,0
rpoBC,766467.0,0.0005408133,-0.0025142038,0.0,1.0,0,0,0
rpoBC,766468.0,0.007814478,0.0,1.0,0.0,0,0,0
rpoBC,766469.0,0.0,-0.005230536,0.0,1.0,0,0,0
rpoBC,766470.0,0.0,0.0,0.0,0.0,0,0,0
rpoBC,766471.0,0.0,0.0,0.0,0.0,0,0,0
rpoBC,766472.0,0.0,0.0,0.0,0.0,0,0,0
rpoBC,766473.0,0.0,0.0,0.0,0.0,0,0,0
rpoBC,766474.0,0.0,0.0,0.0,0.0,0,0,0
rpoBC,766475.0,0.0,0.0,0.0,0.0,0,0,0
rpoBC,766476.0,0.0,0.0,0.0,0.0,0,0,0
rpoBC,766477.0,0.0,0.0,0.0,0.0,0,0,0
rpoBC,766478.0,0.0,0.0,0.0,0.0,0,0,0
rpoBC,766479.0,0.0,0.0,0.0,0.0,0,0,0
rpoBC,766480.0,0.0,0.0,0.0,0.0,0,0,0
rpoBC,766481.0,0.0,0.0,0.0,0.0,0,0,0
rpoBC,766482.0,0.0,0.0,0.0,0.0,0,0,0
rpoBC,766483.0,0.0,0.0,0.0,0.0,0,0,0
rpoBC,766484.0,0.0,0.0,0.0,0.0,0,0,0
rpoBC,766485.0,0.010279362,-0.005089632,1.0,0.0,0,0,0
rpoBC,766486.0,0.0,0.0,0.0,0.0,0,0,0
rpoBC,766487.0,0.0059108827,-0.027172552,0.0,1.0,0,0,0
rpoBC,766488.0,0.0059008566,-0.018168373,1.0,0.0,0,0,0
rpoBC,766489.0,0.0,0.0,0.0,0.0,0,0,0
rpoBC,766490.0,0.0,0.0,0.0,0.0,0,0,0
rpoBC,766491.0,0.0,0.0,0.0,0.0,0,0,0
rpoBC,766492.0,0.0,0.0,0.0,0.0,0,0,0
rpoBC,rpoBC_80,0.0,0.0,0.0,0.0,0,0,0
rpoBC,rpoBC_81,0.0,0.0,0.0,0.0,0,0,0
rpoBC,rpoBC_82,0.0,0.0,0.0,0.0,0,0,0
rpoBC,766493.0,0.0,0.0,0.0,0.0,0,0,0
rpoBC,766494.0,0.0,-0.0037939944,0.0,0.0,0,0,0
rpoBC,766495.0,0.0,0.0,0.0,0.0,0,0,0
rpoBC,rpoBC_83,0.0,-0.005926654,0.0,0.0,0,0,0
rpoBC,rpoBC_84,0.0,-0.0058442634,0.0,0.0,0,0,0
rpoBC,rpoBC_85,0.0,-0.00542165,0.0,0.0,0,0,0
rpoBC,rpoBC_86,0.011774762,0.0,1.0,0.0,0,0,0
rpoBC,rpoBC_87,0.0,-0.009548871,0.0,1.0,0,0,0
rpoBC,rpoBC_88,0.0023602012,0.0,1.0,0.0,0,0,0
rpoBC,rpoBC_89,0.005376612,0.0,1.0,0.0,0,0,0
rpoBC,rpoBC_90,0.0,-0.0052441657,0.0,0.0,0,0,0
rpoBC,rpoBC_91,0.0,-0.0049287663,0.0,0.0,0,0,0
rpoBC,rpoBC_92,0.0,-0.0036408517,0.0,0.0,0,0,0
rpoBC,rpoBC_93,0.0012241616,0.0,0.0,0.0,0,0,0
rpoBC,rpoBC_94,0.0,-0.0045107305,0.0,0.0,0,0,0
rpoBC,rpoBC_95,0.0,-0.0146522,0.0,1.0,0,0,0
rpoBC,rpoBC_96,0.0,-0.005489167,0.0,0.0,0,0,0
rpoBC,rpoBC_97,0.004082114,0.0,1.0,0.0,0,0,0
rpoBC,766496.0,0.0,0.0,0.0,0.0,0,0,0
rpoBC,766497.0,0.0,0.0,0.0,0.0,0,0,0
rpoBC,766498.0,0.0,0.0,0.0,0.0,0,0,0
rpoBC,766499.0,0.0004363124,0.0,0.0,0.0,0,0,0
rpoBC,766500.0,0.050456364,0.0,1.0,0.0,0,0,0
rpoBC,766501.0,0.0,0.0,0.0,0.0,0,0,0
rpoBC,766502.0,0.0,0.0,0.0,0.0,0,0,0
rpoBC,766503.0,0.0,0.0,0.0,0.0,0,0,0
rpoBC,766504.0,0.0,0.0,0.0,0.0,0,0,0
rpoBC,766505.0,0.0,0.0,0.0,0.0,0,0,0
rpoBC,766506.0,0.0,0.0,0.0,0.0,0,0,0
rpoBC,766507.0,0.0007514046,-0.00057366944,0.0,0.0,0,0,0
rpoBC,766508.0,0.0021588884,0.0,1.0,0.0,0,0,0
rpoBC,766509.0,0.0,0.0,0.0,0.0,0,0,0
rpoBC,766510.0,0.0,0.0,0.0,0.0,0,0,0
rpoBC,766511.0,0.0,0.0,0.0,0.0,0,0,0
rpoBC,766512.0,0.0,0.0,0.0,0.0,0,0,0
rpoBC,766513.0,0.0,0.0,0.0,0.0,0,0,0
rpoBC,766514.0,0.0,0.0,0.0,0.0,0,0,0
rpoBC,766515.0,0.0,0.0,0.0,0.0,0,0,0
rpoBC,766516.0,0.0,0.0,0.0,0.0,0,0,0
rpoBC,766517.0,0.0,0.0,0.0,0.0,0,0,0
rpoBC,766518.0,0.0,0.0,0.0,0.0,0,0,0
rpoBC,766519.0,0.0,0.0,0.0,0.0,0,0,0
rpoBC,766520.0,0.0,0.0,0.0,0.0,0,0,0
rpoBC,766521.0,0.0,0.0,0.0,0.0,0,0,0
rpoBC,766522.0,0.0,0.0,0.0,0.0,0,0,0
rpoBC,766523.0,0.0,0.0,0.0,0.0,0,0,0
rpoBC,766524.0,0.0,0.0,0.0,0.0,0,0,0
rpoBC,766525.0,0.0,0.0,0.0,0.0,0,0,0
rpoBC,766526.0,0.0,0.0,0.0,0.0,0,0,0
rpoBC,766527.0,0.0,0.0,0.0,0.0,0,0,0
rpoBC,766528.0,0.0,0.0,0.0,0.0,0,0,0
rpoBC,766529.0,0.0,0.0,0.0,0.0,0,0,0
rpoBC,766530.0,0.0,0.0,0.0,0.0,0,0,0
rpoBC,766531.0,0.0,0.0,0.0,0.0,0,0,0
rpoBC,766532.0,0.0,0.0,0.0,0.0,0,0,0
rpoBC,766533.0,0.0,0.0,0.0,0.0,0,0,0
rpoBC,766534.0,0.0023139622,0.0,1.0,0.0,0,0,0
rpoBC,766535.0,0.0,0.0,0.0,0.0,0,0,0
rpoBC,766536.0,0.0,0.0,0.0,0.0,0,0,0
rpoBC,766537.0,0.0,0.0,0.0,0.0,0,0,0
rpoBC,766538.0,0.0,0.0,0.0,0.0,0,0,0
rpoBC,766539.0,0.0,0.0,0.0,0.0,0,0,0
rpoBC,766540.0,0.0,0.0,0.0,0.0,0,0,0
rpoBC,766541.0,0.0,0.0,0.0,0.0,0,0,0
rpoBC,766542.0,0.0,0.0,0.0,0.0,0,0,0
rpoBC,766543.0,0.0,0.0,0.0,0.0,0,0,0
rpoBC,766544.0,0.0,0.0,0.0,0.0,0,0,0
rpoBC,766545.0,0.0,0.0,0.0,0.0,0,0,0
rpoBC,766546.0,0.0,0.0,0.0,0.0,0,0,0
rpoBC,766547.0,0.0,0.0,0.0,0.0,0,0,0
rpoBC,766548.0,0.0,0.0,0.0,0.0,0,0,0
rpoBC,766549.0,0.0,-0.0012101496,0.0,1.0,0,0,0
rpoBC,766550.0,0.0,0.0,0.0,0.0,0,0,0
rpoBC,766551.0,0.0,0.0,0.0,0.0,0,0,0
rpoBC,766552.0,0.0,0.0,0.0,0.0,0,0,0
rpoBC,766553.0,0.0,0.0,0.0,0.0,0,0,0
rpoBC,766554.0,0.0,0.0,0.0,0.0,0,0,0
rpoBC,766555.0,0.0,0.0,0.0,0.0,0,0,0
rpoBC,766556.0,0.0,0.0,0.0,0.0,0,0,0
rpoBC,766557.0,0.0,0.0,0.0,0.0,0,0,0
rpoBC,766558.0,0.0,0.0,0.0,0.0,0,0,0
rpoBC,766559.0,0.0,0.0,0.0,0.0,0,0,0
rpoBC,766560.0,0.0,0.0,0.0,0.0,0,0,0
rpoBC,766561.0,0.0,0.0,0.0,0.0,0,0,0
rpoBC,766562.0,0.0,0.0,0.0,0.0,0,0,0
rpoBC,766563.0,0.0,0.0,0.0,0.0,0,0,0
rpoBC,766564.0,0.0,0.0,0.0,0.0,0,0,0
rpoBC,766565.0,0.0,0.0,0.0,0.0,0,0,0
rpoBC,766566.0,0.0,0.0,0.0,0.0,0,0,0
rpoBC,766567.0,0.0,0.0,0.0,0.0,0,0,0
rpoBC,766568.0,0.0,0.0,0.0,0.0,0,0,0
rpoBC,766569.0,0.0,0.0,0.0,0.0,0,0,0
rpoBC,766570.0,0.0,0.0,0.0,0.0,0,0,0
rpoBC,766571.0,0.0,0.0,0.0,0.0,0,0,0
rpoBC,766572.0,0.0,0.0,0.0,0.0,0,0,0
rpoBC,766573.0,0.0,0.0,0.0,0.0,0,0,0
rpoBC,766574.0,0.0,0.0,0.0,0.0,0,0,0
rpoBC,766575.0,0.0,0.0,0.0,0.0,0,0,0
rpoBC,766576.0,0.0,0.0,0.0,0.0,0,0,0
rpoBC,766577.0,0.0,0.0,0.0,0.0,0,0,0
rpoBC,766578.0,0.0,0.0,0.0,0.0,0,0,0
rpoBC,766579.0,0.0,0.0,0.0,0.0,0,0,0
rpoBC,766580.0,0.0,0.0,0.0,0.0,0,0,0
rpoBC,766581.0,0.0,0.0,0.0,0.0,0,0,0
rpoBC,766582.0,0.0,-0.0035993168,0.0,0.0,0,0,0
rpoBC,766583.0,0.0,0.0,0.0,0.0,0,0,0
rpoBC,766584.0,0.0,-0.0014900255,0.0,0.0,0,0,0
rpoBC,766585.0,0.0,0.0,0.0,0.0,0,0,0
rpoBC,766586.0,0.0,0.0,0.0,0.0,0,0,0
rpoBC,766587.0,0.0,0.0,0.0,0.0,0,0,0
rpoBC,766588.0,0.0,0.0,0.0,0.0,0,0,0
rpoBC,766589.0,0.0,0.0,0.0,0.0,0,0,0
rpoBC,766590.0,0.0,0.0,0.0,0.0,0,0,0
rpoBC,766591.0,0.0,0.0,0.0,0.0,0,0,0
rpoBC,766592.0,0.0,0.0,0.0,0.0,0,0,0
rpoBC,766593.0,0.0,0.0,0.0,0.0,0,0,0
rpoBC,766594.0,0.0,0.0,0.0,0.0,0,0,0
rpoBC,766595.0,0.0,0.0,0.0,0.0,0,0,0
rpoBC,766596.0,0.0,0.0,0.0,0.0,0,0,0
rpoBC,766597.0,0.0,-0.0031598606,0.0,1.0,0,0,0
rpoBC,766598.0,0.0,0.0,0.0,0.0,0,0,0
rpoBC,766599.0,0.0,0.0,0.0,0.0,0,0,0
rpoBC,766600.0,0.0,0.0,0.0,0.0,0,0,0
rpoBC,766601.0,0.0,0.0,0.0,0.0,0,0,0
rpoBC,766602.0,0.0,0.0,0.0,0.0,0,0,0
rpoBC,766603.0,0.0,-0.0013112735,0.0,1.0,0,0,0
rpoBC,766604.0,0.0,0.0,0.0,0.0,0,0,0
rpoBC,766605.0,0.0,0.0,0.0,0.0,0,0,0
rpoBC,766606.0,0.0,0.0,0.0,0.0,0,0,0
rpoBC,766607.0,0.0,0.0,0.0,0.0,0,0,0
rpoBC,766608.0,0.0,0.0,0.0,0.0,0,0,0
rpoBC,766609.0,0.0,0.0,0.0,0.0,0,0,0
rpoBC,766610.0,0.0,0.0,0.0,0.0,0,0,0
rpoBC,766611.0,0.0,0.0,0.0,0.0,0,0,0
rpoBC,766612.0,0.0,0.0,0.0,0.0,0,0,0
rpoBC,766613.0,0.0,0.0,0.0,0.0,0,0,0
rpoBC,rpoBC_98,0.0,0.0,0.0,0.0,0,0,0
rpoBC,rpoBC_99,0.0,0.0,0.0,0.0,0,0,0
rpoBC,rpoBC_100,0.0,0.0,0.0,0.0,0,0,0
rpoBC,rpoBC_101,0.0,0.0,0.0,0.0,0,0,0
rpoBC,rpoBC_102,0.0,0.0,0.0,0.0,0,0,0
rpoBC,rpoBC_103,0.0,0.0,0.0,0.0,0,0,0
rpoBC,rpoBC_104,0.0,0.0,0.0,0.0,0,0,0
rpoBC,rpoBC_105,0.0,0.0,0.0,0.0,0,0,0
rpoBC,rpoBC_106,0.0,0.0,0.0,0.0,0,0,0
rpoBC,rpoBC_107,0.0,0.0,0.0,0.0,0,0,0
rpoBC,rpoBC_108,0.0,0.0,0.0,0.0,0,0,0
rpoBC,rpoBC_109,0.0,0.0,0.0,0.0,0,0,0
rpoBC,766614.0,0.0,0.0,0.0,0.0,0,0,0
rpoBC,766615.0,0.0,0.0,0.0,0.0,0,0,0
rpoBC,766616.0,0.0,-0.006311867,0.0,1.0,0,0,0
rpoBC,766617.0,0.0,-0.01527205,0.0,1.0,0,0,0
rpoBC,766618.0,0.0,0.0,0.0,0.0,0,0,0
rpoBC,766619.0,0.0,0.0,0.0,0.0,0,0,0
rpoBC,766620.0,0.0,0.0,0.0,0.0,0,0,0
rpoBC,766621.0,0.0,0.0,0.0,0.0,0,0,0
rpoBC,766622.0,0.0,0.0,0.0,0.0,0,0,0
rpoBC,766623.0,0.0,0.0,0.0,0.0,0,0,0
rpoBC,766624.0,0.0,0.0,0.0,0.0,0,0,0
rpoBC,766625.0,0.0010745721,0.0,1.0,0.0,0,0,0
rpoBC,766626.0,0.0,0.0,0.0,0.0,0,0,0
rpoBC,766627.0,0.0,0.0,0.0,0.0,0,0,0
rpoBC,766628.0,0.0,0.0,0.0,0.0,0,0,0
rpoBC,766629.0,0.0,0.0,0.0,0.0,0,0,0
rpoBC,766630.0,0.0,0.0,0.0,0.0,0,0,0
rpoBC,766631.0,0.0,0.0,0.0,0.0,0,0,0
rpoBC,766632.0,0.0,0.0,0.0,0.0,0,0,0
rpoBC,766633.0,0.0025596991,0.0,1.0,0.0,0,0,0
rpoBC,766634.0,0.0,0.0,0.0,0.0,0,0,0
rpoBC,766635.0,0.0,0.0,0.0,0.0,0,0,0
rpoBC,766636.0,0.0,0.0,0.0,0.0,0,0,0
rpoBC,766637.0,0.0,0.0,0.0,0.0,0,0,0
rpoBC,766638.0,0.0,0.0,0.0,0.0,0,0,0
rpoBC,766639.0,0.0,0.0,0.0,0.0,0,0,0
rpoBC,766640.0,0.0,0.0,0.0,0.0,0,0,0
rpoBC,766641.0,0.0,0.0,0.0,0.0,0,0,0
rpoBC,766642.0,0.0,0.0,0.0,0.0,0,0,0
rpoBC,766643.0,0.0,0.0,0.0,0.0,0,0,0
rpoBC,766644.0,0.0,0.0,0.0,0.0,0,0,0
rpoBC,766645.0,0.025190335,-0.48688912,1.0,1.0,0,0,0
rpoBC,766646.0,0.0,0.0,0.0,0.0,0,0,0
rpoBC,766647.0,0.0,0.0,0.0,0.0,0,0,0
rpoBC,766648.0,0.0,0.0,0.0,0.0,0,0,0
rpoBC,766649.0,0.0,0.0,0.0,0.0,0,0,0
rpoBC,766650.0,0.0,0.0,0.0,0.0,0,0,0
rpoBC,766651.0,0.0,0.0,0.0,0.0,0,0,0
rpoBC,766652.0,0.0,0.0,0.0,0.0,0,0,0
rpoBC,766653.0,0.0,-0.06632246,0.0,1.0,0,0,0
rpoBC,766654.0,0.0,0.0,0.0,0.0,0,0,0
rpoBC,766655.0,0.0,0.0,0.0,0.0,0,0,0
rpoBC,766656.0,0.0,0.0,0.0,0.0,0,0,0
rpoBC,766657.0,0.0,0.0,0.0,0.0,0,0,0
rpoBC,766658.0,0.0,0.0,0.0,0.0,0,0,0
rpoBC,766659.0,0.0,0.0,0.0,0.0,0,0,0
rpoBC,766660.0,0.0,0.0,0.0,0.0,0,0,0
rpoBC,766661.0,0.0,0.0,0.0,0.0,0,0,0
rpoBC,766662.0,0.0,0.0,0.0,0.0,0,0,0
rpoBC,766663.0,0.0,0.0,0.0,0.0,0,0,0
rpoBC,766664.0,0.0,0.0,0.0,0.0,0,0,0
rpoBC,766665.0,0.0,0.0,0.0,0.0,0,0,0
rpoBC,766666.0,0.0,0.0,0.0,0.0,0,0,0
rpoBC,766667.0,0.0,-0.0006507814,0.0,1.0,0,0,0
rpoBC,766668.0,0.0,0.0,0.0,0.0,0,0,0
rpoBC,766669.0,0.0,-0.021442734,0.0,1.0,0,0,0
rpoBC,766670.0,0.0,0.0,0.0,0.0,0,0,0
rpoBC,766671.0,0.0,0.0,0.0,0.0,0,0,0
rpoBC,766672.0,0.0,0.0,0.0,0.0,0,0,0
rpoBC,766673.0,0.0,0.0,0.0,0.0,0,0,0
rpoBC,766674.0,0.0,0.0,0.0,0.0,0,0,0
rpoBC,rpoBC_110,0.0068814876,0.0,1.0,0.0,0,0,0
rpoBC,rpoBC_111,0.0,-0.0009230084,0.0,0.0,0,0,0
rpoBC,rpoBC_112,0.0070863245,0.0,1.0,0.0,0,0,0
rpoBC,rpoBC_113,0.0038558359,0.0,1.0,0.0,0,0,0
rpoBC,rpoBC_114,0.0,-0.008095589,0.0,1.0,0,0,0
rpoBC,rpoBC_115,0.0037021737,0.0,1.0,0.0,0,0,0
rpoBC,766675.0,0.0,0.0,0.0,0.0,0,0,0
rpoBC,766676.0,0.0,0.0,0.0,0.0,0,0,0
rpoBC,766677.0,0.0015181287,0.0,0.0,0.0,0,0,0
rpoBC,766678.0,0.0,0.0,0.0,0.0,0,0,0
rpoBC,766679.0,0.0,0.0,0.0,0.0,0,0,0
rpoBC,766680.0,0.0,0.0,0.0,0.0,0,0,0
rpoBC,766681.0,0.0,0.0,0.0,0.0,0,0,0
rpoBC,766682.0,0.0,0.0,0.0,0.0,0,0,0
rpoBC,766683.0,0.0,0.0,0.0,0.0,0,0,0
rpoBC,766684.0,0.0,0.0,0.0,0.0,0,0,0
rpoBC,766685.0,0.0,0.0,0.0,0.0,0,0,0
rpoBC,766686.0,0.0,0.0,0.0,0.0,0,0,0
rpoBC,766687.0,0.0,0.0,0.0,0.0,0,0,0
rpoBC,766688.0,0.0,0.0,0.0,0.0,0,0,0
rpoBC,766689.0,0.0,0.0,0.0,0.0,0,0,0
rpoBC,766690.0,0.0,0.0,0.0,0.0,0,0,0
rpoBC,766691.0,0.0,0.0,0.0,0.0,0,0,0
rpoBC,766692.0,0.0,0.0,0.0,0.0,0,0,0
rpoBC,766693.0,0.0,0.0,0.0,0.0,0,0,0
rpoBC,766694.0,0.0,0.0,0.0,0.0,0,0,0
rpoBC,766695.0,0.0,0.0,0.0,0.0,0,0,0
rpoBC,766696.0,0.0,0.0,0.0,0.0,0,0,0
rpoBC,766697.0,0.0,0.0,0.0,0.0,0,0,0
rpoBC,766698.0,0.0,0.0,0.0,0.0,0,0,0
rpoBC,766699.0,0.0,-0.0025664966,0.0,1.0,0,0,0
rpoBC,766700.0,0.0,0.0,0.0,0.0,0,0,0
rpoBC,766701.0,0.0,0.0,0.0,0.0,0,0,0
rpoBC,766702.0,0.0,-0.0010865184,0.0,1.0,0,0,0
rpoBC,766703.0,0.0,0.0,0.0,0.0,0,0,0
rpoBC,766704.0,0.0,0.0,0.0,0.0,0,0,0
rpoBC,766705.0,0.0,0.0,0.0,0.0,0,0,0
rpoBC,766706.0,0.0,0.0,0.0,0.0,0,0,0
rpoBC,766707.0,0.0,-0.0034295644,0.0,1.0,0,0,0
rpoBC,766708.0,0.0,0.0,0.0,0.0,0,0,0
rpoBC,766709.0,0.0,0.0,0.0,0.0,0,0,0
rpoBC,766710.0,0.0,0.0,0.0,0.0,0,0,0
rpoBC,766711.0,0.0,0.0,0.0,0.0,0,0,0
rpoBC,766712.0,0.0,0.0,0.0,0.0,0,0,0
rpoBC,766713.0,0.0,-0.0051238714,0.0,1.0,0,0,0
rpoBC,766714.0,0.0,0.0,0.0,0.0,0,0,0
rpoBC,766715.0,0.0,0.0,0.0,0.0,0,0,0
rpoBC,766716.0,0.0,0.0,0.0,0.0,0,0,0
rpoBC,766717.0,0.0,0.0,0.0,0.0,0,0,0
rpoBC,766718.0,0.0,0.0,0.0,0.0,0,0,0
rpoBC,766719.0,0.0,0.0,0.0,0.0,0,0,0
rpoBC,766720.0,0.0,0.0,0.0,0.0,0,0,0
rpoBC,766721.0,0.0,0.0,0.0,0.0,0,0,0
rpoBC,766722.0,0.0,0.0,0.0,0.0,0,0,0
rpoBC,766723.0,0.0,0.0,0.0,0.0,0,0,0
rpoBC,766724.0,0.0,0.0,0.0,0.0,0,0,0
rpoBC,766725.0,0.0,0.0,0.0,0.0,0,0,0
rpoBC,766726.0,0.0,0.0,0.0,0.0,0,0,0
rpoBC,766727.0,0.0,0.0,0.0,0.0,0,0,0
rpoBC,766728.0,0.0,0.0,0.0,0.0,0,0,0
rpoBC,766729.0,0.0,0.0,0.0,0.0,0,0,0
rpoBC,766730.0,0.0,0.0,0.0,0.0,0,0,0
rpoBC,766731.0,0.0,0.0,0.0,0.0,0,0,0
rpoBC,766732.0,0.0,0.0,0.0,0.0,0,0,0
rpoBC,766733.0,0.0,0.0,0.0,0.0,0,0,0
rpoBC,766734.0,0.0,0.0,0.0,0.0,0,0,0
rpoBC,766735.0,0.0,0.0,0.0,0.0,0,0,0
rpoBC,766736.0,0.0,0.0,0.0,0.0,0,0,0
rpoBC,766737.0,0.0,0.0,0.0,0.0,0,0,0
rpoBC,766738.0,0.0,0.0,0.0,0.0,0,0,0
rpoBC,766739.0,0.0,0.0,0.0,0.0,0,0,0
rpoBC,766740.0,0.0,-0.0039886553,0.0,1.0,0,0,0
rpoBC,766741.0,0.0,-0.00095478375,0.0,1.0,0,0,0
rpoBC,766742.0,0.0,0.0,0.0,0.0,0,0,0
rpoBC,766743.0,0.0,0.0,0.0,0.0,0,0,0
rpoBC,766744.0,0.0,-0.0042193206,0.0,1.0,0,0,0
rpoBC,766745.0,0.0,0.0,0.0,0.0,0,0,0
rpoBC,766746.0,0.0,0.0,0.0,0.0,0,0,0
rpoBC,766747.0,0.0,0.0,0.0,0.0,0,0,0
rpoBC,766748.0,0.0,0.0,0.0,0.0,0,0,0
rpoBC,766749.0,0.0,0.0,0.0,0.0,0,0,0
rpoBC,766750.0,0.0,0.0,0.0,0.0,0,0,0
rpoBC,766751.0,0.0,0.0,0.0,0.0,0,0,0
rpoBC,766752.0,0.0,0.0,0.0,0.0,0,0,0
rpoBC,766753.0,0.0,0.0,0.0,0.0,0,0,0
rpoBC,766754.0,0.0,0.0,0.0,0.0,0,0,0
rpoBC,766755.0,0.0,0.0,0.0,0.0,0,0,0
rpoBC,766756.0,0.0,0.0,0.0,0.0,0,0,0
rpoBC,766757.0,0.0,0.0,0.0,0.0,0,0,0
rpoBC,766758.0,0.0,0.0,0.0,0.0,0,0,0
rpoBC,766759.0,0.0007977208,0.0,1.0,0.0,0,0,0
rpoBC,766760.0,0.0,0.0,0.0,0.0,0,0,0
rpoBC,766761.0,0.0,0.0,0.0,0.0,0,0,0
rpoBC,766762.0,0.0,0.0,0.0,0.0,0,0,0
rpoBC,766763.0,0.0,0.0,0.0,0.0,0,0,0
rpoBC,766764.0,0.0,0.0,0.0,0.0,0,0,0
rpoBC,766765.0,0.0,0.0,0.0,0.0,0,0,0
rpoBC,766766.0,0.0,0.0,0.0,0.0,0,0,0
rpoBC,766767.0,0.0,-0.010437219,0.0,1.0,0,0,0
rpoBC,766768.0,0.0,0.0,0.0,0.0,0,0,0
rpoBC,766769.0,0.0,0.0,0.0,0.0,0,0,0
rpoBC,766770.0,0.0,0.0,0.0,0.0,0,0,0
rpoBC,766771.0,0.0,0.0,0.0,0.0,0,0,0
rpoBC,766772.0,0.0,0.0,0.0,0.0,0,0,0
rpoBC,766773.0,0.0,-0.004020275,0.0,1.0,0,0,0
rpoBC,766774.0,0.0,0.0,0.0,0.0,0,0,0
rpoBC,766775.0,0.0,0.0,0.0,0.0,0,0,0
rpoBC,766776.0,0.0,0.0,0.0,0.0,0,0,0
rpoBC,766777.0,0.0,0.0,0.0,0.0,0,0,0
rpoBC,766778.0,0.0,0.0,0.0,0.0,0,0,0
rpoBC,766779.0,0.0029030982,0.0,0.0,0.0,0,0,0
rpoBC,766780.0,0.0,0.0,0.0,0.0,0,0,0
rpoBC,766781.0,0.0,0.0,0.0,0.0,0,0,0
rpoBC,766782.0,0.006671948,0.0,0.0,0.0,0,0,0
rpoBC,766783.0,0.0,0.0,0.0,0.0,0,0,0
rpoBC,766784.0,0.0,0.0,0.0,0.0,0,0,0
rpoBC,766785.0,0.0,0.0,0.0,0.0,0,0,0
rpoBC,766786.0,0.0,0.0,0.0,0.0,0,0,0
rpoBC,766787.0,0.0,0.0,0.0,0.0,0,0,0
rpoBC,766788.0,0.0,0.0,0.0,0.0,0,0,0
rpoBC,766789.0,0.0,-0.0014339328,0.0,1.0,0,0,0
rpoBC,766790.0,0.0,0.0,0.0,0.0,0,0,0
rpoBC,766791.0,0.0,0.0,0.0,0.0,0,0,0
rpoBC,766792.0,0.0,0.0,0.0,0.0,0,0,0
rpoBC,766793.0,0.0,0.0,0.0,0.0,0,0,0
rpoBC,766794.0,0.0,0.0,0.0,0.0,0,0,0
rpoBC,766795.0,0.0,0.0,0.0,0.0,0,0,0
rpoBC,766796.0,0.0,0.0,0.0,0.0,0,0,0
rpoBC,766797.0,0.0,0.0,0.0,0.0,0,0,0
rpoBC,766798.0,0.0,-0.0036384151,0.0,1.0,0,0,0
rpoBC,766799.0,0.0,0.0,0.0,0.0,0,0,0
rpoBC,766800.0,0.0,0.0,0.0,0.0,0,0,0
rpoBC,766801.0,0.0,0.0,0.0,0.0,0,0,0
rpoBC,766802.0,0.0,0.0,0.0,0.0,0,0,0
rpoBC,766803.0,0.0,0.0,0.0,0.0,0,0,0
rpoBC,766804.0,0.0,0.0,0.0,0.0,0,0,0
rpoBC,766805.0,0.0,0.0,0.0,0.0,0,0,0
rpoBC,766806.0,0.0,0.0,0.0,0.0,0,0,0
rpoBC,766807.0,0.0,0.0,0.0,0.0,0,0,0
rpoBC,766808.0,0.0,0.0,0.0,0.0,0,0,0
rpoBC,766809.0,0.0008088352,0.0,0.0,0.0,0,0,0
rpoBC,766810.0,0.0,0.0,0.0,0.0,0,0,0
rpoBC,766811.0,0.0,0.0,0.0,0.0,0,0,0
rpoBC,766812.0,0.0,0.0,0.0,0.0,0,0,0
rpoBC,766813.0,0.0,0.0,0.0,0.0,0,0,0
rpoBC,766814.0,0.0,0.0,0.0,0.0,0,0,0
rpoBC,766815.0,0.0,0.0,0.0,0.0,0,0,0
rpoBC,766816.0,0.0,0.0,0.0,0.0,0,0,0
rpoBC,766817.0,0.0,0.0,0.0,0.0,0,0,0
rpoBC,766818.0,0.0,0.0,0.0,0.0,0,0,0
rpoBC,766819.0,0.0,0.0,0.0,0.0,0,0,0
rpoBC,766820.0,0.0,0.0,0.0,0.0,0,0,0
rpoBC,766821.0,0.0,0.0,0.0,0.0,0,0,0
rpoBC,766822.0,0.0,0.0,0.0,0.0,0,0,0
rpoBC,766823.0,0.002863885,0.0,1.0,0.0,0,0,0
rpoBC,766824.0,0.00064464466,0.0,1.0,0.0,0,0,0
rpoBC,766825.0,0.005096065,0.0,1.0,0.0,0,0,0
rpoBC,766826.0,0.0,0.0,0.0,0.0,0,0,0
rpoBC,766827.0,0.0,0.0,0.0,0.0,0,0,0
rpoBC,766828.0,0.00025693636,0.0,0.0,0.0,0,0,0
rpoBC,766829.0,0.0,0.0,0.0,0.0,0,0,0
rpoBC,766830.0,0.0,0.0,0.0,0.0,0,0,0
rpoBC,766831.0,0.0,0.0,0.0,0.0,0,0,0
rpoBC,766832.0,0.0,0.0,0.0,0.0,0,0,0
rpoBC,766833.0,0.0,0.0,0.0,0.0,0,0,0
rpoBC,766834.0,0.0,0.0,0.0,0.0,0,0,0
rpoBC,766835.0,0.0,0.0,0.0,0.0,0,0,0
rpoBC,766836.0,0.0,0.0,0.0,0.0,0,0,0
rpoBC,766837.0,0.0,0.0,0.0,0.0,0,0,0
rpoBC,766838.0,0.0,0.0,0.0,0.0,0,0,0
rpoBC,766839.0,0.0,0.0,0.0,0.0,0,0,0
rpoBC,766840.0,0.0,0.0,0.0,0.0,0,0,0
rpoBC,766841.0,0.0,0.0,0.0,0.0,0,0,0
rpoBC,766842.0,0.0,0.0,0.0,0.0,0,0,0
rpoBC,766843.0,0.0,0.0,0.0,0.0,0,0,0
rpoBC,766844.0,0.0,0.0,0.0,0.0,0,0,0
rpoBC,766845.0,0.0,0.0,0.0,0.0,0,0,0
rpoBC,766846.0,0.0,0.0,0.0,0.0,0,0,0
rpoBC,766847.0,0.0,0.0,0.0,0.0,0,0,0
rpoBC,766848.0,0.0,0.0,0.0,0.0,0,0,0
rpoBC,766849.0,0.0,0.0,0.0,0.0,0,0,0
rpoBC,766850.0,0.0,0.0,0.0,0.0,0,0,0
rpoBC,766851.0,0.0,0.0,0.0,0.0,0,0,0
rpoBC,766852.0,0.0,0.0,0.0,0.0,0,0,0
rpoBC,766853.0,0.0,0.0,0.0,0.0,0,0,0
rpoBC,766854.0,0.0,0.0,0.0,0.0,0,0,0
rpoBC,766855.0,0.0,0.0,0.0,0.0,0,0,0
rpoBC,766856.0,0.0,0.0,0.0,0.0,0,0,0
rpoBC,766857.0,0.0,0.0,0.0,0.0,0,0,0
rpoBC,766858.0,0.0,0.0,0.0,0.0,0,0,0
rpoBC,766859.0,0.0,0.0,0.0,0.0,0,0,0
rpoBC,766860.0,0.0,0.0,0.0,0.0,0,0,0
rpoBC,766861.0,0.0,0.0,0.0,0.0,0,0,0
rpoBC,766862.0,0.0,0.0,0.0,0.0,0,0,0
rpoBC,766863.0,0.0,0.0,0.0,0.0,0,0,0
rpoBC,766864.0,0.0,0.0,0.0,0.0,0,0,0
rpoBC,766865.0,0.0,0.0,0.0,0.0,0,0,0
rpoBC,766866.0,0.0,0.0,0.0,0.0,0,0,0
rpoBC,766867.0,0.0,0.0,0.0,0.0,0,0,0
rpoBC,766868.0,0.0,0.0,0.0,0.0,0,0,0
rpoBC,766869.0,0.0,0.0,0.0,0.0,0,0,0
rpoBC,766870.0,0.0,0.0,0.0,0.0,0,0,0
rpoBC,766871.0,0.0,0.0,0.0,0.0,0,0,0
rpoBC,766872.0,0.0,0.0,0.0,0.0,0,0,0
rpoBC,766873.0,0.0,0.0,0.0,0.0,0,0,0
rpoBC,766874.0,0.0,0.0,0.0,0.0,0,0,0
rpoBC,766875.0,0.0,0.0,0.0,0.0,0,0,0
rpoBC,766876.0,0.0,-0.01305565,0.0,1.0,0,0,0
rpoBC,766877.0,0.0,0.0,0.0,0.0,0,0,0
rpoBC,766878.0,0.0,0.0,0.0,0.0,0,0,0
rpoBC,766879.0,0.0,0.0,0.0,0.0,0,0,0
rpoBC,766880.0,0.0,0.0,0.0,0.0,0,0,0
rpoBC,766881.0,0.0,0.0,0.0,0.0,0,0,0
rpoBC,766882.0,0.0,0.0,0.0,0.0,0,0,0
rpoBC,766883.0,0.0,0.0,0.0,0.0,0,0,0
rpoBC,766884.0,0.0,0.0,0.0,0.0,0,0,0
rpoBC,766885.0,0.0,0.0,0.0,0.0,0,0,0
rpoBC,766886.0,0.0,0.0,0.0,0.0,0,0,0
rpoBC,766887.0,0.0,0.0,0.0,0.0,0,0,0
rpoBC,766888.0,0.0,0.0,0.0,0.0,0,0,0
rpoBC,766889.0,0.0,0.0,0.0,0.0,0,0,0
rpoBC,766890.0,0.0,0.0,0.0,0.0,0,0,0
rpoBC,766891.0,0.0,0.0,0.0,0.0,0,0,0
rpoBC,766892.0,0.0,0.0,0.0,0.0,0,0,0
rpoBC,766893.0,0.0,0.0,0.0,0.0,0,0,0
rpoBC,766894.0,0.0,0.0,0.0,0.0,0,0,0
rpoBC,766895.0,0.0,0.0,0.0,0.0,0,0,0
rpoBC,766896.0,0.0,0.0,0.0,0.0,0,0,0
rpoBC,766897.0,0.0,0.0,0.0,0.0,0,0,0
rpoBC,766898.0,0.0,0.0,0.0,0.0,0,0,0
rpoBC,766899.0,0.0,0.0,0.0,0.0,0,0,0
rpoBC,766900.0,0.0,0.0,0.0,0.0,0,0,0
rpoBC,766901.0,0.0,0.0,0.0,0.0,0,0,0
rpoBC,766902.0,0.0,0.0,0.0,0.0,0,0,0
rpoBC,766903.0,0.0,0.0,0.0,0.0,0,0,0
rpoBC,766904.0,0.0,0.0,0.0,0.0,0,0,0
rpoBC,766905.0,0.0,0.0,0.0,0.0,0,0,0
rpoBC,766906.0,0.0,-0.0037811827,0.0,1.0,0,0,0
rpoBC,766907.0,0.0,0.0,0.0,0.0,0,0,0
rpoBC,766908.0,0.0,0.0,0.0,0.0,0,0,0
rpoBC,766909.0,0.0,0.0,0.0,0.0,0,0,0
rpoBC,766910.0,0.0,0.0,0.0,0.0,0,0,0
rpoBC,766911.0,0.0,0.0,0.0,0.0,0,0,0
rpoBC,766912.0,0.0,0.0,0.0,0.0,0,0,0
rpoBC,766913.0,0.0,0.0,0.0,0.0,0,0,0
rpoBC,766914.0,0.0,0.0,0.0,0.0,0,0,0
rpoBC,766915.0,0.0,0.0,0.0,0.0,0,0,0
rpoBC,766916.0,0.0,0.0,0.0,0.0,0,0,0
rpoBC,766917.0,0.0,0.0,0.0,0.0,0,0,0
rpoBC,766918.0,0.0,0.0,0.0,0.0,0,0,0
rpoBC,766919.0,0.0,0.0,0.0,0.0,0,0,0
rpoBC,766920.0,0.0,0.0,0.0,0.0,0,0,0
rpoBC,766921.0,0.0,0.0,0.0,0.0,0,0,0
rpoBC,766922.0,0.0,0.0,0.0,0.0,0,0,0
rpoBC,766923.0,0.0,0.0,0.0,0.0,0,0,0
rpoBC,766924.0,0.0,0.0,0.0,0.0,0,0,0
rpoBC,766925.0,0.0,0.0,0.0,0.0,0,0,0
rpoBC,766926.0,0.0,0.0,0.0,0.0,0,0,0
rpoBC,766927.0,0.0,0.0,0.0,0.0,0,0,0
rpoBC,766928.0,0.0,0.0,0.0,0.0,0,0,0
rpoBC,766929.0,0.0,0.0,0.0,0.0,0,0,0
rpoBC,766930.0,0.0,0.0,0.0,0.0,0,0,0
rpoBC,766931.0,0.0,0.0,0.0,0.0,0,0,0
rpoBC,766932.0,0.0,0.0,0.0,0.0,0,0,0
rpoBC,766933.0,0.0,-0.0053929565,0.0,1.0,0,0,0
rpoBC,766934.0,0.0,0.0,0.0,0.0,0,0,0
rpoBC,766935.0,0.0,0.0,0.0,0.0,0,0,0
rpoBC,766936.0,0.0,0.0,0.0,0.0,0,0,0
rpoBC,766937.0,0.0,0.0,0.0,0.0,0,0,0
rpoBC,766938.0,0.0,0.0,0.0,0.0,0,0,0
rpoBC,766939.0,0.0,0.0,0.0,0.0,0,0,0
rpoBC,766940.0,0.0,0.0,0.0,0.0,0,0,0
rpoBC,766941.0,0.0,0.0,0.0,0.0,0,0,0
rpoBC,766942.0,0.0,0.0,0.0,0.0,0,0,0
rpoBC,766943.0,0.0,0.0,0.0,0.0,0,0,0
rpoBC,766944.0,0.0,0.0,0.0,0.0,0,0,0
rpoBC,766945.0,0.0,0.0,0.0,0.0,0,0,0
rpoBC,766946.0,0.0,0.0,0.0,0.0,0,0,0
rpoBC,766947.0,0.0,0.0,0.0,0.0,0,0,0
rpoBC,766948.0,0.0,0.0,0.0,0.0,0,0,0
rpoBC,766949.0,0.0,0.0,0.0,0.0,0,0,0
rpoBC,766950.0,0.0,0.0,0.0,0.0,0,0,0
rpoBC,766951.0,0.0,0.0,0.0,0.0,0,0,0
rpoBC,766952.0,0.0,0.0,0.0,0.0,0,0,0
rpoBC,766953.0,0.0,-0.0005548316,0.0,1.0,0,0,0
rpoBC,766954.0,0.0,0.0,0.0,0.0,0,0,0
rpoBC,766955.0,0.0,0.0,0.0,0.0,0,0,0
rpoBC,766956.0,0.0,0.0,0.0,0.0,0,0,0
rpoBC,766957.0,0.0,0.0,0.0,0.0,0,0,0
rpoBC,766958.0,0.0,0.0,0.0,0.0,0,0,0
rpoBC,766959.0,0.0,0.0,0.0,0.0,0,0,0
rpoBC,766960.0,0.0,0.0,0.0,0.0,0,0,0
rpoBC,766961.0,0.0,0.0,0.0,0.0,0,0,0
rpoBC,766962.0,0.0,0.0,0.0,0.0,0,0,0
rpoBC,766963.0,0.0,0.0,0.0,0.0,0,0,0
rpoBC,766964.0,0.0,0.0,0.0,0.0,0,0,0
rpoBC,766965.0,0.0,0.0,0.0,0.0,0,0,0
rpoBC,766966.0,0.0,0.0,0.0,0.0,0,0,0
rpoBC,766967.0,0.0,0.0,0.0,0.0,0,0,0
rpoBC,766968.0,0.0,-0.0043375166,0.0,1.0,0,0,0
rpoBC,766969.0,0.0,0.0,0.0,0.0,0,0,0
rpoBC,766970.0,0.0,0.0,0.0,0.0,0,0,0
rpoBC,766971.0,0.0,0.0,0.0,0.0,0,0,0
rpoBC,766972.0,0.0,0.0,0.0,0.0,0,0,0
rpoBC,766973.0,0.0,0.0,0.0,0.0,0,0,0
rpoBC,766974.0,0.0,-0.008815607,0.0,1.0,0,0,0
rpoBC,766975.0,0.0046225204,0.0,1.0,0.0,0,0,0
rpoBC,766976.0,0.0,0.0,0.0,0.0,0,0,0
rpoBC,766977.0,0.0,0.0,0.0,0.0,0,0,0
rpoBC,766978.0,0.0,0.0,0.0,0.0,0,0,0
rpoBC,766979.0,0.0,0.0,0.0,0.0,0,0,0
rpoBC,766980.0,0.0,0.0,0.0,0.0,0,0,0
rpoBC,766981.0,0.0,0.0,0.0,0.0,0,0,0
rpoBC,766982.0,0.0,0.0,0.0,0.0,0,0,0
rpoBC,766983.0,0.0,0.0,0.0,0.0,0,0,0
rpoBC,766984.0,0.0,0.0,0.0,0.0,0,0,0
rpoBC,766985.0,0.0,0.0,0.0,0.0,0,0,0
rpoBC,766986.0,0.0,0.0,0.0,0.0,0,0,0
rpoBC,766987.0,0.0,0.0,0.0,0.0,0,0,0
rpoBC,766988.0,0.0,0.0,0.0,0.0,0,0,0
rpoBC,766989.0,0.0,0.0,0.0,0.0,0,0,0
rpoBC,766990.0,0.0,0.0,0.0,0.0,0,0,0
rpoBC,766991.0,0.0,0.0,0.0,0.0,0,0,0
rpoBC,766992.0,0.0,0.0,0.0,0.0,0,0,0
rpoBC,766993.0,0.0,-0.00042898467,0.0,0.0,0,0,0
rpoBC,766994.0,0.0,0.0,0.0,0.0,0,0,0
rpoBC,766995.0,0.0,0.0,0.0,0.0,0,0,0
rpoBC,766996.0,0.0004908082,0.0,0.0,0.0,0,0,0
rpoBC,766997.0,0.0,0.0,0.0,0.0,0,0,0
rpoBC,766998.0,0.0,0.0,0.0,0.0,0,0,0
rpoBC,766999.0,0.0,0.0,0.0,0.0,0,0,0
rpoBC,767000.0,0.0,0.0,0.0,0.0,0,0,0
rpoBC,767001.0,0.0,0.0,0.0,0.0,0,0,0
rpoBC,767002.0,0.0,0.0,0.0,0.0,0,0,0
rpoBC,767003.0,0.0,0.0,0.0,0.0,0,0,0
rpoBC,767004.0,0.0,0.0,0.0,0.0,0,0,0
rpoBC,767005.0,0.0,0.0,0.0,0.0,0,0,0
rpoBC,767006.0,0.0,0.0,0.0,0.0,0,0,0
rpoBC,767007.0,0.0021848325,-0.007264296,0.0,1.0,0,0,0
rpoBC,767008.0,0.0,0.0,0.0,0.0,0,0,0
rpoBC,767009.0,0.0,0.0,0.0,0.0,0,0,0
rpoBC,767010.0,0.0,0.0,0.0,0.0,0,0,0
rpoBC,767011.0,0.0,-0.007967332,0.0,1.0,0,0,0
rpoBC,767012.0,0.063413724,0.0,1.0,0.0,0,0,0
rpoBC,767013.0,0.0,0.0,0.0,0.0,0,0,0
rpoBC,767014.0,0.0,0.0,0.0,0.0,0,0,0
rpoBC,767015.0,0.0,0.0,0.0,0.0,0,0,0
rpoBC,767016.0,0.0,0.0,0.0,0.0,0,0,0
rpoBC,767017.0,0.0,0.0,0.0,0.0,0,0,0
rpoBC,767018.0,0.0,0.0,0.0,0.0,0,0,0
rpoBC,767019.0,0.0,0.0,0.0,0.0,0,0,0
rpoBC,767020.0,0.0,0.0,0.0,0.0,0,0,0
rpoBC,767021.0,0.0,0.0,0.0,0.0,0,0,0
rpoBC,767022.0,0.0,-0.0011542027,0.0,1.0,0,0,0
rpoBC,767023.0,0.0,0.0,0.0,0.0,0,0,0
rpoBC,767024.0,0.0,0.0,0.0,0.0,0,0,0
rpoBC,767025.0,0.0,0.0,0.0,0.0,0,0,0
rpoBC,767026.0,0.0,0.0,0.0,0.0,0,0,0
rpoBC,767027.0,0.0,0.0,0.0,0.0,0,0,0
rpoBC,767028.0,0.0,0.0,0.0,0.0,0,0,0
rpoBC,767029.0,0.0,0.0,0.0,0.0,0,0,0
rpoBC,767030.0,0.0,0.0,0.0,0.0,0,0,0
rpoBC,767031.0,0.0,0.0,0.0,0.0,0,0,0
rpoBC,767032.0,0.0,0.0,0.0,0.0,0,0,0
rpoBC,767033.0,0.0,0.0,0.0,0.0,0,0,0
rpoBC,767034.0,0.0,0.0,0.0,0.0,0,0,0
rpoBC,767035.0,0.0,0.0,0.0,0.0,0,0,0
rpoBC,767036.0,0.0,0.0,0.0,0.0,0,0,0
rpoBC,767037.0,0.0,0.0,0.0,0.0,0,0,0
rpoBC,767038.0,0.0,0.0,0.0,0.0,0,0,0
rpoBC,767039.0,0.0,0.0,0.0,0.0,0,0,0
rpoBC,767040.0,0.0,0.0,0.0,0.0,0,0,0
rpoBC,767041.0,0.0,0.0,0.0,0.0,0,0,0
rpoBC,767042.0,0.0,0.0,0.0,0.0,0,0,0
rpoBC,767043.0,0.0,0.0,0.0,0.0,0,0,0
rpoBC,767044.0,0.0,0.0,0.0,0.0,0,0,0
rpoBC,767045.0,0.0,0.0,0.0,0.0,0,0,0
rpoBC,767046.0,0.0,0.0,0.0,0.0,0,0,0
rpoBC,767047.0,0.0,0.0,0.0,0.0,0,0,0
rpoBC,767048.0,0.0,0.0,0.0,0.0,0,0,0
rpoBC,767049.0,0.0,0.0,0.0,0.0,0,0,0
rpoBC,767050.0,0.0,0.0,0.0,0.0,0,0,0
rpoBC,767051.0,0.0,0.0,0.0,0.0,0,0,0
rpoBC,767052.0,0.0006223109,0.0,0.0,0.0,0,0,0
rpoBC,767053.0,0.0,0.0,0.0,0.0,0,0,0
rpoBC,767054.0,0.0,0.0,0.0,0.0,0,0,0
rpoBC,767055.0,0.0,0.0,0.0,0.0,0,0,0
rpoBC,767056.0,0.0,0.0,0.0,0.0,0,0,0
rpoBC,767057.0,0.0,0.0,0.0,0.0,0,0,0
rpoBC,767058.0,0.00077831,0.0,0.0,0.0,0,0,0
rpoBC,767059.0,0.0,0.0,0.0,0.0,0,0,0
rpoBC,767060.0,0.0,0.0,0.0,0.0,0,0,0
rpoBC,767061.0,0.0,0.0,0.0,0.0,0,0,0
rpoBC,767062.0,0.0,0.0,0.0,0.0,0,0,0
rpoBC,767063.0,0.0,0.0,0.0,0.0,0,0,0
rpoBC,767064.0,0.0,0.0,0.0,0.0,0,0,0
rpoBC,767065.0,0.0067650126,0.0,1.0,0.0,0,0,0
rpoBC,767066.0,0.0,0.0,0.0,0.0,0,0,0
rpoBC,767067.0,0.0,0.0,0.0,0.0,0,0,0
rpoBC,767068.0,0.0,0.0,0.0,0.0,0,0,0
rpoBC,767069.0,0.0015481836,0.0,1.0,0.0,0,0,0
rpoBC,767070.0,0.0,0.0,0.0,0.0,0,0,0
rpoBC,767071.0,0.0,-0.009485834,0.0,1.0,0,0,0
rpoBC,767072.0,0.0,0.0,0.0,0.0,0,0,0
rpoBC,767073.0,0.0,0.0,0.0,0.0,0,0,0
rpoBC,767074.0,0.0,0.0,0.0,0.0,0,0,0
rpoBC,767075.0,0.0,0.0,0.0,0.0,0,0,0
rpoBC,767076.0,0.0,-0.004627304,0.0,1.0,0,0,0
rpoBC,767077.0,0.0,0.0,0.0,0.0,0,0,0
rpoBC,767078.0,0.0,0.0,0.0,0.0,0,0,0
rpoBC,767079.0,0.0,0.0,0.0,0.0,0,0,0
rpoBC,767080.0,0.0,0.0,0.0,0.0,0,0,0
rpoBC,767081.0,0.0,0.0,0.0,0.0,0,0,0
rpoBC,767082.0,0.0,0.0,0.0,0.0,0,0,0
rpoBC,767083.0,0.0,-0.010484129,0.0,1.0,0,0,0
rpoBC,767084.0,0.0,0.0,0.0,0.0,0,0,0
rpoBC,767085.0,0.0,0.0,0.0,0.0,0,0,0
rpoBC,767086.0,0.0,0.0,0.0,0.0,0,0,0
rpoBC,767087.0,0.0,0.0,0.0,0.0,0,0,0
rpoBC,767088.0,0.0,0.0,0.0,0.0,0,0,0
rpoBC,767089.0,0.0,0.0,0.0,0.0,0,0,0
rpoBC,767090.0,0.0,0.0,0.0,0.0,0,0,0
rpoBC,767091.0,0.0,0.0,0.0,0.0,0,0,0
rpoBC,767092.0,0.0,0.0,0.0,0.0,0,0,0
rpoBC,767093.0,0.0,0.0,0.0,0.0,0,0,0
rpoBC,767094.0,0.0,0.0,0.0,0.0,0,0,0
rpoBC,767095.0,0.0,-0.0030931993,0.0,1.0,0,0,0
rpoBC,767096.0,0.0,0.0,0.0,0.0,0,0,0
rpoBC,767097.0,0.0,0.0,0.0,0.0,0,0,0
rpoBC,767098.0,0.0,0.0,0.0,0.0,0,0,0
rpoBC,767099.0,0.0,0.0,0.0,0.0,0,0,0
rpoBC,767100.0,0.0,0.0,0.0,0.0,0,0,0
rpoBC,767101.0,0.0,0.0,0.0,0.0,0,0,0
rpoBC,767102.0,0.0,0.0,0.0,0.0,0,0,0
rpoBC,767103.0,0.0,0.0,0.0,0.0,0,0,0
rpoBC,767104.0,0.0,0.0,0.0,0.0,0,0,0
rpoBC,767105.0,0.0,0.0,0.0,0.0,0,0,0
rpoBC,767106.0,0.0,0.0,0.0,0.0,0,0,0
rpoBC,767107.0,0.0,0.0,0.0,0.0,0,0,0
rpoBC,767108.0,0.0,0.0,0.0,0.0,0,0,0
rpoBC,767109.0,0.0,0.0,0.0,0.0,0,0,0
rpoBC,767110.0,0.0,0.0,0.0,0.0,0,0,0
rpoBC,767111.0,0.0,0.0,0.0,0.0,0,0,0
rpoBC,767112.0,0.0,0.0,0.0,0.0,0,0,0
rpoBC,767113.0,0.0,0.0,0.0,0.0,0,0,0
rpoBC,767114.0,0.0,0.0,0.0,0.0,0,0,0
rpoBC,767115.0,0.0,0.0,0.0,0.0,0,0,0
rpoBC,767116.0,0.0,0.0,0.0,0.0,0,0,0
rpoBC,767117.0,0.0,0.0,0.0,0.0,0,0,0
rpoBC,767118.0,0.0,0.0,0.0,0.0,0,0,0
rpoBC,767119.0,0.0,0.0,0.0,0.0,0,0,0
rpoBC,767120.0,0.016176311,0.0,1.0,0.0,0,0,0
rpoBC,767121.0,0.001475471,0.0,0.0,0.0,0,0,0
rpoBC,767122.0,0.0,0.0,0.0,0.0,0,0,0
rpoBC,767123.0,0.006269687,-0.006654608,0.0,0.0,0,0,0
rpoBC,767124.0,0.0,0.0,0.0,0.0,0,0,0
rpoBC,767125.0,0.0,0.0,0.0,0.0,0,0,0
rpoBC,767126.0,0.0,0.0,0.0,0.0,0,0,0
rpoBC,767127.0,0.0,0.0,0.0,0.0,0,0,0
rpoBC,767128.0,0.0,0.0,0.0,0.0,0,0,0
rpoBC,767129.0,0.0,0.0,0.0,0.0,0,0,0
rpoBC,767130.0,0.0,0.0,0.0,0.0,0,0,0
rpoBC,767131.0,0.0,0.0,0.0,0.0,0,0,0
rpoBC,767132.0,0.0,0.0,0.0,0.0,0,0,0
rpoBC,767133.0,0.0,0.0,0.0,0.0,0,0,0
rpoBC,767134.0,0.0,-0.0019350497,0.0,1.0,0,0,0
rpoBC,767135.0,0.0,0.0,0.0,0.0,0,0,0
rpoBC,767136.0,0.0,0.0,0.0,0.0,0,0,0
rpoBC,767137.0,0.0,0.0,0.0,0.0,0,0,0
rpoBC,767138.0,0.0,0.0,0.0,0.0,0,0,0
rpoBC,767139.0,0.0,0.0,0.0,0.0,0,0,0
rpoBC,767140.0,0.0,-0.0015818978,0.0,1.0,0,0,0
rpoBC,767141.0,0.0,0.0,0.0,0.0,0,0,0
rpoBC,767142.0,0.0,0.0,0.0,0.0,0,0,0
rpoBC,767143.0,0.0,0.0,0.0,0.0,0,0,0
rpoBC,767144.0,0.0,0.0,0.0,0.0,0,0,0
rpoBC,767145.0,0.0,0.0,0.0,0.0,0,0,0
rpoBC,767146.0,0.0,0.0,0.0,0.0,0,0,0
rpoBC,767147.0,0.0,0.0,0.0,0.0,0,0,0
rpoBC,767148.0,0.0,0.0,0.0,0.0,0,0,0
rpoBC,767149.0,0.0,0.0,0.0,0.0,0,0,0
rpoBC,767150.0,0.0,0.0,0.0,0.0,0,0,0
rpoBC,767151.0,0.0,0.0,0.0,0.0,0,0,0
rpoBC,767152.0,0.0,0.0,0.0,0.0,0,0,0
rpoBC,767153.0,0.0,0.0,0.0,0.0,0,0,0
rpoBC,767154.0,0.0,0.0,0.0,0.0,0,0,0
rpoBC,767155.0,0.0,-0.007961325,0.0,1.0,0,0,0
rpoBC,767156.0,0.0,0.0,0.0,0.0,0,0,0
rpoBC,767157.0,0.0,0.0,0.0,0.0,0,0,0
rpoBC,767158.0,0.0,0.0,0.0,0.0,0,0,0
rpoBC,767159.0,0.0,0.0,0.0,0.0,0,0,0
rpoBC,767160.0,0.0,0.0,0.0,0.0,0,0,0
rpoBC,767161.0,0.0,0.0,0.0,0.0,0,0,0
rpoBC,767162.0,0.0,0.0,0.0,0.0,0,0,0
rpoBC,767163.0,0.0,0.0,0.0,0.0,0,0,0
rpoBC,767164.0,0.0,0.0,0.0,0.0,0,0,0
rpoBC,767165.0,0.0,0.0,0.0,0.0,0,0,0
rpoBC,767166.0,0.0,0.0,0.0,0.0,0,0,0
rpoBC,767167.0,0.0,0.0,0.0,0.0,0,0,0
rpoBC,767168.0,0.0,0.0,0.0,0.0,0,0,0
rpoBC,767169.0,0.0,0.0,0.0,0.0,0,0,0
rpoBC,767170.0,0.0,0.0,0.0,0.0,0,0,0
rpoBC,767171.0,0.0,0.0,0.0,0.0,0,0,0
rpoBC,767172.0,0.0,0.0,0.0,0.0,0,0,0
rpoBC,767173.0,0.0,0.0,0.0,0.0,0,0,0
rpoBC,767174.0,0.0,0.0,0.0,0.0,0,0,0
rpoBC,767175.0,0.0,0.0,0.0,0.0,0,0,0
rpoBC,767176.0,0.0,0.0,0.0,0.0,0,0,0
rpoBC,767177.0,0.0,0.0,0.0,0.0,0,0,0
rpoBC,767178.0,0.0,0.0,0.0,0.0,0,0,0
rpoBC,767179.0,0.0,0.0,0.0,0.0,0,0,0
rpoBC,767180.0,0.0,0.0,0.0,0.0,0,0,0
rpoBC,767181.0,0.0,0.0,0.0,0.0,0,0,0
rpoBC,767182.0,0.0,0.0,0.0,0.0,0,0,0
rpoBC,767183.0,0.0,0.0,0.0,0.0,0,0,0
rpoBC,767184.0,0.0,0.0,0.0,0.0,0,0,0
rpoBC,767185.0,0.0,0.0,0.0,0.0,0,0,0
rpoBC,767186.0,0.0,0.0,0.0,0.0,0,0,0
rpoBC,767187.0,0.0,0.0,0.0,0.0,0,0,0
rpoBC,767188.0,0.0,0.0,0.0,0.0,0,0,0
rpoBC,767189.0,0.0,0.0,0.0,0.0,0,0,0
rpoBC,767190.0,0.0,0.0,0.0,0.0,0,0,0
rpoBC,767191.0,0.0,0.0,0.0,0.0,0,0,0
rpoBC,767192.0,0.0,0.0,0.0,0.0,0,0,0
rpoBC,767193.0,0.0,0.0,0.0,0.0,0,0,0
rpoBC,767194.0,0.0,0.0,0.0,0.0,0,0,0
rpoBC,767195.0,0.0,0.0,0.0,0.0,0,0,0
rpoBC,767196.0,0.0,0.0,0.0,0.0,0,0,0
rpoBC,767197.0,0.0,0.0,0.0,0.0,0,0,0
rpoBC,767198.0,0.0,0.0,0.0,0.0,0,0,0
rpoBC,767199.0,0.0,0.0,0.0,0.0,0,0,0
rpoBC,767200.0,0.0,0.0,0.0,0.0,0,0,0
rpoBC,767201.0,0.0,0.0,0.0,0.0,0,0,0
rpoBC,767202.0,0.0,0.0,0.0,0.0,0,0,0
rpoBC,767203.0,0.0,0.0,0.0,0.0,0,0,0
rpoBC,767204.0,0.0,0.0,0.0,0.0,0,0,0
rpoBC,767205.0,0.0,0.0,0.0,0.0,0,0,0
rpoBC,767206.0,0.0,-0.0143209975,0.0,1.0,0,0,0
rpoBC,767207.0,0.0,0.0,0.0,0.0,0,0,0
rpoBC,767208.0,0.0,0.0,0.0,0.0,0,0,0
rpoBC,767209.0,0.0,0.0,0.0,0.0,0,0,0
rpoBC,767210.0,0.0,0.0,0.0,0.0,0,0,0
rpoBC,767211.0,0.0,0.0,0.0,0.0,0,0,0
rpoBC,767212.0,0.0,0.0,0.0,0.0,0,0,0
rpoBC,767213.0,0.0,0.0,0.0,0.0,0,0,0
rpoBC,767214.0,0.0,0.0,0.0,0.0,0,0,0
rpoBC,767215.0,0.0,-0.007566993,0.0,1.0,0,0,0
rpoBC,767216.0,0.0,0.0,0.0,0.0,0,0,0
rpoBC,767217.0,0.0,0.0,0.0,0.0,0,0,0
rpoBC,767218.0,0.0,0.0,0.0,0.0,0,0,0
rpoBC,767219.0,0.0,0.0,0.0,0.0,0,0,0
rpoBC,767220.0,0.0,0.0,0.0,0.0,0,0,0
rpoBC,767221.0,0.0,0.0,0.0,0.0,0,0,0
rpoBC,767222.0,0.0,0.0,0.0,0.0,0,0,0
rpoBC,767223.0,0.0,0.0,0.0,0.0,0,0,0
rpoBC,767224.0,0.0,0.0,0.0,0.0,0,0,0
rpoBC,767225.0,0.0,0.0,0.0,0.0,0,0,0
rpoBC,767226.0,0.0,0.0,0.0,0.0,0,0,0
rpoBC,767227.0,0.0,0.0,0.0,0.0,0,0,0
rpoBC,767228.0,0.0,0.0,0.0,0.0,0,0,0
rpoBC,767229.0,0.0,0.0,0.0,0.0,0,0,0
rpoBC,767230.0,0.0,0.0,0.0,0.0,0,0,0
rpoBC,767231.0,0.0,0.0,0.0,0.0,0,0,0
rpoBC,767232.0,0.0,0.0,0.0,0.0,0,0,0
rpoBC,767233.0,0.0,0.0,0.0,0.0,0,0,0
rpoBC,767234.0,0.0,0.0,0.0,0.0,0,0,0
rpoBC,767235.0,0.0,0.0,0.0,0.0,0,0,0
rpoBC,767236.0,0.0,0.0,0.0,0.0,0,0,0
rpoBC,767237.0,0.0,0.0,0.0,0.0,0,0,0
rpoBC,767238.0,0.0,0.0,0.0,0.0,0,0,0
rpoBC,767239.0,0.0,0.0,0.0,0.0,0,0,0
rpoBC,767240.0,0.0,0.0,0.0,0.0,0,0,0
rpoBC,767241.0,0.0,0.0,0.0,0.0,0,0,0
rpoBC,767242.0,0.0009069062,0.0,0.0,0.0,0,0,0
rpoBC,767243.0,0.0,0.0,0.0,0.0,0,0,0
rpoBC,767244.0,0.0,0.0,0.0,0.0,0,0,0
rpoBC,767245.0,0.0,0.0,0.0,0.0,0,0,0
rpoBC,767246.0,0.0,0.0,0.0,0.0,0,0,0
rpoBC,767247.0,0.0,0.0,0.0,0.0,0,0,0
rpoBC,767248.0,0.0,0.0,0.0,0.0,0,0,0
rpoBC,767249.0,0.0,0.0,0.0,0.0,0,0,0
rpoBC,767250.0,0.0,0.0,0.0,0.0,0,0,0
rpoBC,767251.0,0.0,0.0,0.0,0.0,0,0,0
rpoBC,767252.0,0.0,0.0,0.0,0.0,0,0,0
rpoBC,767253.0,0.0,0.0,0.0,0.0,0,0,0
rpoBC,767254.0,0.0,0.0,0.0,0.0,0,0,0
rpoBC,767255.0,0.0,0.0,0.0,0.0,0,0,0
rpoBC,767256.0,0.0,0.0,0.0,0.0,0,0,0
rpoBC,767257.0,0.0,0.0,0.0,0.0,0,0,0
rpoBC,767258.0,0.0,0.0,0.0,0.0,0,0,0
rpoBC,767259.0,0.0,0.0,0.0,0.0,0,0,0
rpoBC,767260.0,0.0,0.0,0.0,0.0,0,0,0
rpoBC,767261.0,0.0,0.0,0.0,0.0,0,0,0
rpoBC,767262.0,0.0,0.0,0.0,0.0,0,0,0
rpoBC,767263.0,0.0,0.0,0.0,0.0,0,0,0
rpoBC,767264.0,0.0,0.0,0.0,0.0,0,0,0
rpoBC,767265.0,0.0,-0.0032994486,0.0,1.0,0,0,0
rpoBC,767266.0,0.0,0.0,0.0,0.0,0,0,0
rpoBC,767267.0,0.0,0.0,0.0,0.0,0,0,0
rpoBC,767268.0,0.0,0.0,0.0,0.0,0,0,0
rpoBC,767269.0,0.0,0.0,0.0,0.0,0,0,0
rpoBC,767270.0,0.0,0.0,0.0,0.0,0,0,0
rpoBC,767271.0,0.0,0.0,0.0,0.0,0,0,0
rpoBC,767272.0,0.0,0.0,0.0,0.0,0,0,0
rpoBC,767273.0,0.0,0.0,0.0,0.0,0,0,0
rpoBC,767274.0,0.0,0.0,0.0,0.0,0,0,0
rpoBC,767275.0,0.0,0.0,0.0,0.0,0,0,0
rpoBC,767276.0,0.0,0.0,0.0,0.0,0,0,0
rpoBC,767277.0,0.0,0.0,0.0,0.0,0,0,0
rpoBC,767278.0,0.0,0.0,0.0,0.0,0,0,0
rpoBC,767279.0,0.0,0.0,0.0,0.0,0,0,0
rpoBC,767280.0,0.0,0.0,0.0,0.0,0,0,0
rpoBC,767281.0,0.0,0.0,0.0,0.0,0,0,0
rpoBC,767282.0,0.0,0.0,0.0,0.0,0,0,0
rpoBC,767283.0,0.0,0.0,0.0,0.0,0,0,0
rpoBC,767284.0,0.0,0.0,0.0,0.0,0,0,0
rpoBC,767285.0,0.0,0.0,0.0,0.0,0,0,0
rpoBC,767286.0,0.0,0.0,0.0,0.0,0,0,0
rpoBC,767287.0,0.0,0.0,0.0,0.0,0,0,0
rpoBC,767288.0,0.0,-0.07435062,0.0,1.0,0,0,0
rpoBC,767289.0,0.0,0.0,0.0,0.0,0,0,0
rpoBC,767290.0,0.0,0.0,0.0,0.0,0,0,0
rpoBC,767291.0,0.0,0.0,0.0,0.0,0,0,0
rpoBC,767292.0,0.0,0.0,0.0,0.0,0,0,0
rpoBC,767293.0,0.0,0.0,0.0,0.0,0,0,0
rpoBC,767294.0,0.0,0.0,0.0,0.0,0,0,0
rpoBC,767295.0,0.0,0.0,0.0,0.0,0,0,0
rpoBC,767296.0,0.001054721,0.0,1.0,0.0,0,0,0
rpoBC,767297.0,0.0,0.0,0.0,0.0,0,0,0
rpoBC,767298.0,0.0,0.0,0.0,0.0,0,0,0
rpoBC,767299.0,0.0,0.0,0.0,0.0,0,0,0
rpoBC,767300.0,0.0,0.0,0.0,0.0,0,0,0
rpoBC,767301.0,0.0,0.0,0.0,0.0,0,0,0
rpoBC,767302.0,0.0018955325,0.0,1.0,0.0,0,0,0
rpoBC,767303.0,0.0,0.0,0.0,0.0,0,0,0
rpoBC,767304.0,0.0,0.0,0.0,0.0,0,0,0
rpoBC,767305.0,0.0,0.0,0.0,0.0,0,0,0
rpoBC,767306.0,0.0,0.0,0.0,0.0,0,0,0
rpoBC,767307.0,0.0,0.0,0.0,0.0,0,0,0
rpoBC,767308.0,0.0,0.0,0.0,0.0,0,0,0
rpoBC,767309.0,0.0,0.0,0.0,0.0,0,0,0
rpoBC,767310.0,0.0,0.0,0.0,0.0,0,0,0
rpoBC,767311.0,0.0,0.0,0.0,0.0,0,0,0
rpoBC,767312.0,0.0,0.0,0.0,0.0,0,0,0
rpoBC,767313.0,0.0,0.0,0.0,0.0,0,0,0
rpoBC,767314.0,0.0,0.0,0.0,0.0,0,0,0
rpoBC,767315.0,0.0,0.0,0.0,0.0,0,0,0
rpoBC,767316.0,0.0,0.0,0.0,0.0,0,0,0
rpoBC,767317.0,0.0,0.0,0.0,0.0,0,0,0
rpoBC,767318.0,0.0,0.0,0.0,0.0,0,0,0
rpoBC,767319.0,0.0,0.0,0.0,0.0,0,0,0
rpoBC,767320.0,0.0,0.0,0.0,0.0,0,0,0
