Query,Run,ReleaseDate,LoadDate,spots,bases,spots_with_mates,avgLength,size_MB,AssemblyName,download_path,Experiment,LibraryName,LibraryStrategy,LibrarySelection,LibrarySource,LibraryLayout,InsertSize,InsertDev,Platform,Model,SRAStudy,BioProject,Study_Pubmed_id,ProjectID,Sample,BioSample,SampleType,TaxID,ScientificName,SampleName,g1k_pop_code,source,g1k_analysis_group,Subject_ID,Sex,Disease,Tumor,Affection_Status,Analyte_Type,Histological_Type,Body_Site,CenterName,Submission,dbgap_study_accession,Consent,RunHash,ReadHash
SAMN20395465,SRR15244368,2021-12-31 02:50:13,2021-07-26 22:47:46,1092136.0,623312200.0,1092136.0,570.0,440.0,,https://sra-downloadb.be-md.ncbi.nlm.nih.gov/sos3/sra-pub-zq-24/SRR015/15244/SRR15244368/SRR15244368.lite.1,SRX11550198,TC113968,WGS,PCR,GENOMIC,PAIRED,0.0,0.0,ILLUMINA,Illumina MiSeq,SRP329838,PRJNA749651,,749651.0,SRS9585956,SAMN20395465,simple,1773.0,Mycobacterium tuberculosis,TC113968,,,,,,,no,,,,,MAKERERE UNIVERSITY,SRA1264366,,public,17A74E031DA83DF2A9FC1E9C0D745C0B,F77660C130155A6FBE2F0C0582BD2D15
SAMN21856202,SRR16088527,2021-10-01 12:08:02,2021-10-15 09:41:18,3003996.0,876460544.0,3003996.0,291.0,382.0,,https://sra-downloadb.be-md.ncbi.nlm.nih.gov/sos1/sra-pub-zq-38/SRR016/16088/SRR16088527/SRR16088527.lite.1,SRX12374788,33789,WGS,RANDOM,GENOMIC,PAIRED,0.0,0.0,ILLUMINA,NextSeq 500,SRP338907,PRJNA766649,,766649.0,SRS10345698,SAMN21856202,simple,1773.0,Mycobacterium tuberculosis,33789,,,,,,,no,,,,,NIH / NIAID,SRA1300928,,public,C9F7C4651DE4D5767EA2E184C371C7E6,194147A69632E3EE8FB14136A895DE6C
SAMN21855902,SRR16088066,2021-10-01 12:07:51,2021-10-16 13:57:30,2014723.0,594039947.0,2014723.0,294.0,247.0,,https://sra-downloadb.be-md.ncbi.nlm.nih.gov/sos3/sra-pub-zq-24/SRR016/16088/SRR16088066/SRR16088066.lite.1,SRX12374653,16067,WGS,RANDOM,GENOMIC,PAIRED,0.0,0.0,ILLUMINA,NextSeq 500,SRP338907,PRJNA766649,,766649.0,SRS10345561,SAMN21855902,simple,1773.0,Mycobacterium tuberculosis,16067,,,,,,,no,,,,,NIH / NIAID,SRA1300928,,public,5A44E2CC02413CCAF8B42D1D8D3C2D9E,92EECB43A0778799F50CCC20F0E70B94
SAMN21855885,SRR16088502,2021-10-01 12:08:03,2021-10-16 13:54:14,1802087.0,531504940.0,1802087.0,294.0,227.0,,https://sra-downloadb.be-md.ncbi.nlm.nih.gov/sos3/sra-pub-zq-24/SRR016/16088/SRR16088502/SRR16088502.lite.1,SRX12374813,16123,WGS,RANDOM,GENOMIC,PAIRED,0.0,0.0,ILLUMINA,NextSeq 500,SRP338907,PRJNA766649,,766649.0,SRS10345723,SAMN21855885,simple,1773.0,Mycobacterium tuberculosis,16123,,,,,,,no,,,,,NIH / NIAID,SRA1300928,,public,9EBC84EE185F60EB62704EA44A07A2C7,E6C2227D7ED754F920F73C628EFC8FB5
SAMN08375363,SRR6479537,2018-01-18 08:57:12,2018-01-18 08:54:31,1756995.0,354912990.0,1756995.0,202.0,230.0,,https://sra-downloadb.be-md.ncbi.nlm.nih.gov/sos5/sra-pub-zq-11/SRR006/479/SRR6479537/SRR6479537.sralite.1,SRX3569403,483_15_WGS,WGS,RANDOM,GENOMIC,PAIRED,0.0,0.0,ILLUMINA,Illumina HiSeq 2500,SRP130092,PRJNA430523,,430523.0,SRS2840442,SAMN08375363,simple,1773.0,Mycobacterium tuberculosis,483_15,,,,,,,no,,,,,SAN RAFFAELE,SRA647453,,public,314FC0B5FA5E3F8E9B75ED9C4F2C847A,EAFD2EC175A226F8A5655BDCABBA16B9
SAMN43780520,SRR30673575,2024-09-17 12:17:02,2024-09-16 04:55:28,1841834.0,534724236.0,1841834.0,290.0,134.0,,https://sra-downloadb.be-md.ncbi.nlm.nih.gov/sos6/sra-pub-zq-40/SRR030/30673/SRR30673575/SRR30673575.lite.1,SRX26092058,TB038060006-WGS,WGS,RANDOM,GENOMIC,PAIRED,0.0,0.0,ILLUMINA,NextSeq 500,SRP532857,PRJNA1160005,,1160005.0,SRS22658374,SAMN43780520,simple,1773.0,Mycobacterium tuberculosis,TB038060006,,,,,,,no,,,,,"FIND, THE FOUNDATION FOR INNOVATIVE NEW DIAGNOSTICS",SRA1972785,,public,C2145A3E5281799AB3C7895BE8EDD462,B555D6C5913987018E94015786F6B773
SAMN43780520,SRR31248768,2024-11-06 13:26:19,2024-11-06 13:11:02,351267.0,104126456.0,351267.0,296.0,72.0,,https://sra-downloadb.be-md.ncbi.nlm.nih.gov/sos2/sra-pub-zq-20/SRR031/31248/SRR31248768/SRR31248768.lite.1,SRX26628478,TB038060006-GS,AMPLICON,PCR,GENOMIC,PAIRED,0.0,0.0,ILLUMINA,Illumina MiSeq,SRP532857,PRJNA1160005,,1160005.0,SRS22658374,SAMN43780520,simple,1773.0,Mycobacterium tuberculosis,TB038060006,,,,,,,no,,,,,"FIND, THE FOUNDATION FOR INNOVATIVE NEW DIAGNOSTICS",SRA2008967,,public,DC80760CF077E9E26A908D430DD7C13B,B3652AFCFB7BBE6BBAD0654247A8D20E
SAMN43780520,SRR31554220,2024-11-29 15:32:39,2024-11-29 14:26:16,13430.0,6677562.0,0.0,497.0,6.0,,https://sra-pub-run-odp.s3.amazonaws.com/sra/SRR31554220/SRR31554220,SRX26920422,TB038060006-ONT,AMPLICON,PCR,GENOMIC,SINGLE,0.0,0.0,OXFORD_NANOPORE,MinION,SRP532857,PRJNA1160005,,1160005.0,SRS22658374,SAMN43780520,simple,1773.0,Mycobacterium tuberculosis,TB038060006,,,,,,,no,,,,,"FIND, THE FOUNDATION FOR INNOVATIVE NEW DIAGNOSTICS",SRA2024402,,public,D338CB18A80736DA7D5915B03817C1A0,607B9EE31194B43F08511E4C2CE23431
SAMN43780544,SRR30673563,2024-09-17 12:17:01,2024-09-16 04:55:16,2018986.0,580109289.0,2018986.0,287.0,146.0,,https://sra-downloadb.be-md.ncbi.nlm.nih.gov/sos6/sra-pub-zq-40/SRR030/30673/SRR30673563/SRR30673563.lite.1,SRX26092070,TB038060030-WGS,WGS,RANDOM,GENOMIC,PAIRED,0.0,0.0,ILLUMINA,NextSeq 500,SRP532857,PRJNA1160005,,1160005.0,SRS22658388,SAMN43780544,simple,1773.0,Mycobacterium tuberculosis,TB038060030,,,,,,,no,,,,,"FIND, THE FOUNDATION FOR INNOVATIVE NEW DIAGNOSTICS",SRA1972785,,public,5FAA6F203183667E918AA52EC71348D8,043EFE7CCDDEFD0A603380BB8B37619A
SAMN43780544,SRR31249177,2024-11-06 13:19:51,2024-11-06 13:11:56,526095.0,156111666.0,526095.0,296.0,108.0,,https://sra-downloadb.be-md.ncbi.nlm.nih.gov/sos2/sra-pub-zq-20/SRR031/31249/SRR31249177/SRR31249177.lite.1,SRX26628885,TB038060030-GS,AMPLICON,PCR,GENOMIC,PAIRED,0.0,0.0,ILLUMINA,Illumina MiSeq,SRP532857,PRJNA1160005,,1160005.0,SRS22658388,SAMN43780544,simple,1773.0,Mycobacterium tuberculosis,TB038060030,,,,,,,no,,,,,"FIND, THE FOUNDATION FOR INNOVATIVE NEW DIAGNOSTICS",SRA2008967,,public,54EFB464588267450572C2CC52D87EC7,590361C46042C47115CBEDB22F0D6CC6
SAMN43780544,SRR31554107,2024-11-29 15:32:45,2024-11-29 14:14:18,26885.0,15694857.0,0.0,583.0,14.0,,https://sra-downloadb.be-md.ncbi.nlm.nih.gov/sos7/sra-pub-run-38/SRR031/31554/SRR31554107/SRR31554107.1,SRX26920255,TB038060030-ONT,AMPLICON,PCR,GENOMIC,SINGLE,0.0,0.0,OXFORD_NANOPORE,MinION,SRP532857,PRJNA1160005,,1160005.0,SRS22658388,SAMN43780544,simple,1773.0,Mycobacterium tuberculosis,TB038060030,,,,,,,no,,,,,"FIND, THE FOUNDATION FOR INNOVATIVE NEW DIAGNOSTICS",SRA2024402,,public,C766A3003D2D9BABBDA2C3C740B6D269,AD63E70DBC5E4840CB1615066E5133BA
SAMN43780614,SRR30673734,2024-09-17 12:17:17,2024-09-16 05:02:15,3257152.0,970631296.0,3257152.0,298.0,411.0,,https://sra-downloadb.be-md.ncbi.nlm.nih.gov/sos6/sra-pub-zq-40/SRR030/30673/SRR30673734/SRR30673734.lite.1,SRX26092289,TB038060134-WGS,WGS,RANDOM,GENOMIC,PAIRED,0.0,0.0,ILLUMINA,NextSeq 500,SRP532857,PRJNA1160005,,1160005.0,SRS22658606,SAMN43780614,simple,1773.0,Mycobacterium tuberculosis,TB038060134,,,,,,,no,,,,,"FIND, THE FOUNDATION FOR INNOVATIVE NEW DIAGNOSTICS",SRA1972785,,public,375216C0882580870668FE2BB090761D,63D3AB9C99E1BEB2B5E90243E9DE6EF1
SAMN43780614,SRR31248960,2024-11-06 13:20:11,2024-11-06 13:11:29,103089.0,30944718.0,103089.0,300.0,22.0,,https://sra-downloadb.be-md.ncbi.nlm.nih.gov/sos2/sra-pub-zq-20/SRR031/31248/SRR31248960/SRR31248960.lite.1,SRX26628694,TB038060134-GS,AMPLICON,PCR,GENOMIC,PAIRED,0.0,0.0,ILLUMINA,Illumina MiSeq,SRP532857,PRJNA1160005,,1160005.0,SRS22658606,SAMN43780614,simple,1773.0,Mycobacterium tuberculosis,TB038060134,,,,,,,no,,,,,"FIND, THE FOUNDATION FOR INNOVATIVE NEW DIAGNOSTICS",SRA2008967,,public,CE2D99E588FEC1AD4886E0D86DE63EED,F4CCA9C690D9D9616208B7C9927D7B96
SAMN43780614,SRR31554088,2024-11-29 15:32:39,2024-11-29 14:16:35,78267.0,42367283.0,0.0,541.0,39.0,,https://sra-pub-run-odp.s3.amazonaws.com/sra/SRR31554088/SRR31554088,SRX26920272,TB038060134-ONT,AMPLICON,PCR,GENOMIC,SINGLE,0.0,0.0,OXFORD_NANOPORE,MinION,SRP532857,PRJNA1160005,,1160005.0,SRS22658606,SAMN43780614,simple,1773.0,Mycobacterium tuberculosis,TB038060134,,,,,,,no,,,,,"FIND, THE FOUNDATION FOR INNOVATIVE NEW DIAGNOSTICS",SRA2024402,,public,58777F333740E423841814D2136C79AB,E980C9A725147044B36BB8BD72A6BE70
SAMN41685613,SRR29289413,2024-06-05 06:47:34,2024-06-05 06:39:08,1875196.0,532330977.0,1875196.0,283.0,226.0,,https://sra-downloadb.be-md.ncbi.nlm.nih.gov/sos6/sra-pub-zq-40/SRR029/29289/SRR29289413/SRR29289413.lite.1,SRX24806247,D-0928-18_343-20,WGS,RANDOM,GENOMIC,PAIRED,0.0,0.0,ILLUMINA,Illumina HiSeq 2000,SRP511884,PRJNA1120243,,1120243.0,SRS21521130,SAMN41685613,simple,1773.0,Mycobacterium tuberculosis,D-0928-18,,,,,,,no,,,,,"FIND, THE FOUNDATION FOR INNOVATIVE NEW DIAGNOSTICS",SRA1889652,,public,8288BB86F142AD9B56741B568AD5CA01,D1DA58B72F494B6C3664C54242ADAC40
SAMN41685444,SRR29289400,2024-06-05 06:47:34,2024-06-05 06:38:45,1838106.0,525613645.0,1838106.0,285.0,225.0,,https://sra-downloadb.be-md.ncbi.nlm.nih.gov/sos6/sra-pub-zq-40/SRR029/29289/SRR29289400/SRR29289400.lite.1,SRX24806260,D-1076-18_344-20,WGS,RANDOM,GENOMIC,PAIRED,0.0,0.0,ILLUMINA,Illumina HiSeq 2000,SRP511884,PRJNA1120243,,1120243.0,SRS21521143,SAMN41685444,simple,1773.0,Mycobacterium tuberculosis,D-1076-18,,,,,,,no,,,,,"FIND, THE FOUNDATION FOR INNOVATIVE NEW DIAGNOSTICS",SRA1889652,,public,261C4B0C9766BE7A2D187AE98FF7F316,DF8894F61BA64B48870CBBF5EB0099FA
SAMN41685626,SRR29289304,2024-06-05 06:47:36,2024-06-05 06:38:18,2109833.0,604931518.0,2109833.0,286.0,258.0,,https://sra-downloadb.be-md.ncbi.nlm.nih.gov/sos6/sra-pub-zq-40/SRR029/29289/SRR29289304/SRR29289304.lite.1,SRX24806356,D-1512-18_345-20,WGS,RANDOM,GENOMIC,PAIRED,0.0,0.0,ILLUMINA,Illumina HiSeq 2000,SRP511884,PRJNA1120243,,1120243.0,SRS21521239,SAMN41685626,simple,1773.0,Mycobacterium tuberculosis,D-1512-18,,,,,,,no,,,,,"FIND, THE FOUNDATION FOR INNOVATIVE NEW DIAGNOSTICS",SRA1889652,,public,BE9C9AD491B7E2FC1FC9E17A12FE8A21,4ADED141A5AF6CEC1A4A7EB077C033DC
SAMN41685634,SRR29289128,2024-06-05 06:47:39,2024-06-05 06:38:39,2301037.0,651648274.0,2301037.0,283.0,278.0,,https://sra-downloadb.be-md.ncbi.nlm.nih.gov/sos6/sra-pub-zq-40/SRR029/29289/SRR29289128/SRR29289128.lite.1,SRX24806532,D-0008-19_346-20,WGS,RANDOM,GENOMIC,PAIRED,0.0,0.0,ILLUMINA,Illumina HiSeq 2000,SRP511884,PRJNA1120243,,1120243.0,SRS21521415,SAMN41685634,simple,1773.0,Mycobacterium tuberculosis,D-0008-19,,,,,,,no,,,,,"FIND, THE FOUNDATION FOR INNOVATIVE NEW DIAGNOSTICS",SRA1889652,,public,CF2E00B0882662CD5735B987D5EDE6AE,EFA8F661E13AB9CC64179D86CA5B6059
SAMN41685453,SRR29289174,2024-06-05 06:47:38,2024-06-05 06:38:55,2287000.0,664450132.0,2287000.0,290.0,281.0,,https://sra-downloadb.be-md.ncbi.nlm.nih.gov/sos6/sra-pub-zq-40/SRR029/29289/SRR29289174/SRR29289174.lite.1,SRX24806486,D-0372-19_347-20,WGS,RANDOM,GENOMIC,PAIRED,0.0,0.0,ILLUMINA,Illumina HiSeq 2000,SRP511884,PRJNA1120243,,1120243.0,SRS21521368,SAMN41685453,simple,1773.0,Mycobacterium tuberculosis,D-0372-19,,,,,,,no,,,,,"FIND, THE FOUNDATION FOR INNOVATIVE NEW DIAGNOSTICS",SRA1889652,,public,29D83760AE061D9FD1F76AA96B26C21B,6B9A3AED66EF9B4F39CB443619FB8A47
SAMN41685636,SRR29289260,2024-06-05 06:47:37,2024-06-05 06:38:15,2380940.0,685356232.0,2380940.0,287.0,292.0,,https://sra-downloadb.be-md.ncbi.nlm.nih.gov/sos6/sra-pub-zq-40/SRR029/29289/SRR29289260/SRR29289260.lite.1,SRX24806400,D-0696-19_348-20,WGS,RANDOM,GENOMIC,PAIRED,0.0,0.0,ILLUMINA,Illumina HiSeq 2000,SRP511884,PRJNA1120243,,1120243.0,SRS21521284,SAMN41685636,simple,1773.0,Mycobacterium tuberculosis,D-0696-19,,,,,,,no,,,,,"FIND, THE FOUNDATION FOR INNOVATIVE NEW DIAGNOSTICS",SRA1889652,,public,ADE27CFAEB61F05B05ABF7145C2DC02C,3E9FEAD3FA4104A8C1F7FEAFEDF271EC
SAMN41685642,SRR29289408,2024-06-05 06:47:34,2024-06-05 06:38:57,1507924.0,437530537.0,1507924.0,290.0,187.0,,https://sra-downloadb.be-md.ncbi.nlm.nih.gov/sos6/sra-pub-zq-40/SRR029/29289/SRR29289408/SRR29289408.lite.1,SRX24806252,D-0966-19_350-20,WGS,RANDOM,GENOMIC,PAIRED,0.0,0.0,ILLUMINA,Illumina HiSeq 2000,SRP511884,PRJNA1120243,,1120243.0,SRS21521135,SAMN41685642,simple,1773.0,Mycobacterium tuberculosis,D-0966-19,,,,,,,no,,,,,"FIND, THE FOUNDATION FOR INNOVATIVE NEW DIAGNOSTICS",SRA1889652,,public,664A7EA81D2BA0E4F9C9ACF99C87F474,0209CFDF14D97059A9A7B41611408755
SAMN41685643,SRR29289321,2024-06-05 06:47:36,2024-06-05 06:38:40,2026676.0,576572873.0,2026676.0,284.0,245.0,,https://sra-downloadb.be-md.ncbi.nlm.nih.gov/sos6/sra-pub-zq-40/SRR029/29289/SRR29289321/SRR29289321.lite.1,SRX24806339,D-1321-19_351-20,WGS,RANDOM,GENOMIC,PAIRED,0.0,0.0,ILLUMINA,Illumina HiSeq 2000,SRP511884,PRJNA1120243,,1120243.0,SRS21521222,SAMN41685643,simple,1773.0,Mycobacterium tuberculosis,D-1321-19,,,,,,,no,,,,,"FIND, THE FOUNDATION FOR INNOVATIVE NEW DIAGNOSTICS",SRA1889652,,public,224C7179884C532650F2171AD116AF94,03160A063134BE29A7B11D74CDCF1597
SAMN41685644,SRR29289306,2024-06-05 06:47:36,2024-06-05 06:39:14,3666124.0,980708027.0,3666124.0,267.0,419.0,,https://sra-downloadb.be-md.ncbi.nlm.nih.gov/sos6/sra-pub-zq-40/SRR029/29289/SRR29289306/SRR29289306.lite.1,SRX24806354,D-0134-19_352-20,WGS,RANDOM,GENOMIC,PAIRED,0.0,0.0,ILLUMINA,Illumina HiSeq 2000,SRP511884,PRJNA1120243,,1120243.0,SRS21521237,SAMN41685644,simple,1773.0,Mycobacterium tuberculosis,D-0134-19,,,,,,,no,,,,,"FIND, THE FOUNDATION FOR INNOVATIVE NEW DIAGNOSTICS",SRA1889652,,public,03A110E412C7538F70D0C1F5AA4B1297,19F7E7D6C62D051EF98C7EB0D53FD39D
SAMN41685648,SRR29289328,2024-06-05 06:47:36,2024-06-05 06:39:00,1733636.0,498846912.0,1733636.0,287.0,212.0,,https://sra-downloadb.be-md.ncbi.nlm.nih.gov/sos6/sra-pub-zq-40/SRR029/29289/SRR29289328/SRR29289328.lite.1,SRX24806332,D-0113-19_353-20,WGS,RANDOM,GENOMIC,PAIRED,0.0,0.0,ILLUMINA,Illumina HiSeq 2000,SRP511884,PRJNA1120243,,1120243.0,SRS21521215,SAMN41685648,simple,1773.0,Mycobacterium tuberculosis,D-0113-19,,,,,,,no,,,,,"FIND, THE FOUNDATION FOR INNOVATIVE NEW DIAGNOSTICS",SRA1889652,,public,52BF9966130D225D54F68B886E73E4EB,F491F8EC17CB221B5126DC3F28F62BDD
SAMN41685654,SRR29289231,2024-06-05 06:47:38,2024-06-05 06:38:56,2551150.0,720032165.0,2551150.0,282.0,305.0,,https://sra-downloadb.be-md.ncbi.nlm.nih.gov/sos6/sra-pub-zq-40/SRR029/29289/SRR29289231/SRR29289231.lite.1,SRX24806429,D-2101-19_355-20,WGS,RANDOM,GENOMIC,PAIRED,0.0,0.0,ILLUMINA,Illumina HiSeq 2000,SRP511884,PRJNA1120243,,1120243.0,SRS21521312,SAMN41685654,simple,1773.0,Mycobacterium tuberculosis,D-2101-19,,,,,,,no,,,,,"FIND, THE FOUNDATION FOR INNOVATIVE NEW DIAGNOSTICS",SRA1889652,,public,D52B1CC435EED2C56D3AF3FE531024D4,983098D3381220B1B1B0241E95EB2F31
SAMN41685655,SRR29289383,2024-06-05 06:47:35,2024-06-05 06:39:02,1451247.0,419301894.0,1451247.0,288.0,178.0,,https://sra-downloadb.be-md.ncbi.nlm.nih.gov/sos6/sra-pub-zq-40/SRR029/29289/SRR29289383/SRR29289383.lite.1,SRX24806277,D-1707-19_356-20,WGS,RANDOM,GENOMIC,PAIRED,0.0,0.0,ILLUMINA,Illumina HiSeq 2000,SRP511884,PRJNA1120243,,1120243.0,SRS21521160,SAMN41685655,simple,1773.0,Mycobacterium tuberculosis,D-1707-19,,,,,,,no,,,,,"FIND, THE FOUNDATION FOR INNOVATIVE NEW DIAGNOSTICS",SRA1889652,,public,05CD47E951ED1B64864FC4DA0DF1123B,9F585BD7BE7057C125EF5834DE59FA82
SAMN41685656,SRR29289374,2024-06-05 06:47:35,2024-06-05 06:38:39,1571818.0,457467301.0,1571818.0,291.0,194.0,,https://sra-downloadb.be-md.ncbi.nlm.nih.gov/sos6/sra-pub-zq-40/SRR029/29289/SRR29289374/SRR29289374.lite.1,SRX24806286,D-1804-19_358-20,WGS,RANDOM,GENOMIC,PAIRED,0.0,0.0,ILLUMINA,Illumina HiSeq 2000,SRP511884,PRJNA1120243,,1120243.0,SRS21521169,SAMN41685656,simple,1773.0,Mycobacterium tuberculosis,D-1804-19,,,,,,,no,,,,,"FIND, THE FOUNDATION FOR INNOVATIVE NEW DIAGNOSTICS",SRA1889652,,public,D0FE7985A615561AA5C3A6F30C7DA612,B8E66F98A91DDE9C53E73570FD3F9636
SAMN41685659,SRR29289307,2024-06-05 06:47:36,2024-06-05 06:39:10,2736628.0,770153844.0,2736628.0,281.0,328.0,,https://sra-downloadb.be-md.ncbi.nlm.nih.gov/sos6/sra-pub-zq-40/SRR029/29289/SRR29289307/SRR29289307.lite.1,SRX24806353,D-1485-19_360-20,WGS,RANDOM,GENOMIC,PAIRED,0.0,0.0,ILLUMINA,Illumina HiSeq 2000,SRP511884,PRJNA1120243,,1120243.0,SRS21521236,SAMN41685659,simple,1773.0,Mycobacterium tuberculosis,D-1485-19,,,,,,,no,,,,,"FIND, THE FOUNDATION FOR INNOVATIVE NEW DIAGNOSTICS",SRA1889652,,public,AF40CCC9B94CCA203740AAE5B412F005,79BF211D5B7CAD3FF84FA21191437E97
SAMN41685678,SRR29289245,2024-06-05 06:47:37,2024-06-05 06:39:12,2871854.0,808068332.0,2871854.0,281.0,345.0,,https://sra-downloadb.be-md.ncbi.nlm.nih.gov/sos6/sra-pub-zq-40/SRR029/29289/SRR29289245/SRR29289245.lite.1,SRX24806415,D-0763-20_362-20,WGS,RANDOM,GENOMIC,PAIRED,0.0,0.0,ILLUMINA,Illumina HiSeq 2000,SRP511884,PRJNA1120243,,1120243.0,SRS21521298,SAMN41685678,simple,1773.0,Mycobacterium tuberculosis,D-0763-20,,,,,,,no,,,,,"FIND, THE FOUNDATION FOR INNOVATIVE NEW DIAGNOSTICS",SRA1889652,,public,D0D5F0693303C40F7B939FE282622A7B,32D59D0D257D64ED137ACF0F7BE2F6FA
SAMN41685447,SRR29289130,2024-06-05 06:47:39,2024-06-05 06:38:04,2384022.0,685498193.0,2384022.0,287.0,288.0,,https://sra-downloadb.be-md.ncbi.nlm.nih.gov/sos6/sra-pub-zq-40/SRR029/29289/SRR29289130/SRR29289130.lite.1,SRX24806530,D-0486-20_363-20,WGS,RANDOM,GENOMIC,PAIRED,0.0,0.0,ILLUMINA,Illumina HiSeq 2000,SRP511884,PRJNA1120243,,1120243.0,SRS21521413,SAMN41685447,simple,1773.0,Mycobacterium tuberculosis,D-0486-20,,,,,,,no,,,,,"FIND, THE FOUNDATION FOR INNOVATIVE NEW DIAGNOSTICS",SRA1889652,,public,121C09DDCD470655E3FA261FE3FCC379,FAC36294FA22A62CA8E4A6EF2BFD1BDD
SAMN41685448,SRR29289263,2024-06-05 06:47:37,2024-06-05 06:38:19,2313923.0,653889956.0,2313923.0,282.0,277.0,,https://sra-downloadb.be-md.ncbi.nlm.nih.gov/sos6/sra-pub-zq-40/SRR029/29289/SRR29289263/SRR29289263.lite.1,SRX24806397,D-0655-20_364-20,WGS,RANDOM,GENOMIC,PAIRED,0.0,0.0,ILLUMINA,Illumina HiSeq 2000,SRP511884,PRJNA1120243,,1120243.0,SRS21521280,SAMN41685448,simple,1773.0,Mycobacterium tuberculosis,D-0655-20,,,,,,,no,,,,,"FIND, THE FOUNDATION FOR INNOVATIVE NEW DIAGNOSTICS",SRA1889652,,public,5EA1702649AC98B2D8DF7843B4463072,17CB436560E7D7FD221F2166680A6301
SAMN41685517,SRR29289109,2024-06-05 06:47:39,2024-06-05 06:38:06,2232623.0,623485192.0,2232623.0,279.0,252.0,,https://sra-downloadb.be-md.ncbi.nlm.nih.gov/sos6/sra-pub-zq-40/SRR029/29289/SRR29289109/SRR29289109.lite.1,SRX24806551,D-0614-19_380-20,WGS,RANDOM,GENOMIC,PAIRED,0.0,0.0,ILLUMINA,Illumina HiSeq 2000,SRP511884,PRJNA1120243,,1120243.0,SRS21521433,SAMN41685517,simple,1773.0,Mycobacterium tuberculosis,D-0614-19,,,,,,,no,,,,,"FIND, THE FOUNDATION FOR INNOVATIVE NEW DIAGNOSTICS",SRA1889652,,public,B43C943C568DB20AEAB469D9D44F2366,BF8236A986303E4143FDABA315D9F53E
SAMN41685660,SRR29289411,2024-06-05 06:47:34,2024-06-05 06:38:34,1936665.0,553640917.0,1936665.0,285.0,226.0,,https://sra-downloadb.be-md.ncbi.nlm.nih.gov/sos6/sra-pub-zq-40/SRR029/29289/SRR29289411/SRR29289411.lite.1,SRX24806249,D-0932-19_381-20,WGS,RANDOM,GENOMIC,PAIRED,0.0,0.0,ILLUMINA,Illumina HiSeq 2000,SRP511884,PRJNA1120243,,1120243.0,SRS21521132,SAMN41685660,simple,1773.0,Mycobacterium tuberculosis,D-0932-19,,,,,,,no,,,,,"FIND, THE FOUNDATION FOR INNOVATIVE NEW DIAGNOSTICS",SRA1889652,,public,19CA3E18B797E6DE1BF9AE4FBAEC427B,7AF1D07035088DF3B53F5E0DF01E5DB5
SAMN41685664,SRR29289404,2024-06-05 06:47:34,2024-06-05 06:39:15,3032754.0,822681826.0,3032754.0,271.0,329.0,,https://sra-downloadb.be-md.ncbi.nlm.nih.gov/sos6/sra-pub-zq-40/SRR029/29289/SRR29289404/SRR29289404.lite.1,SRX24806256,D-1025-19_382-20,WGS,RANDOM,GENOMIC,PAIRED,0.0,0.0,ILLUMINA,Illumina HiSeq 2000,SRP511884,PRJNA1120243,,1120243.0,SRS21521139,SAMN41685664,simple,1773.0,Mycobacterium tuberculosis,D-1025-19,,,,,,,no,,,,,"FIND, THE FOUNDATION FOR INNOVATIVE NEW DIAGNOSTICS",SRA1889652,,public,106E63772D90DE75D71995BBE05A8D2F,D8D96A38895B64DA033F5CD97A49CDBF
SAMN41685666,SRR29289207,2024-06-05 06:47:38,2024-06-05 06:38:38,2171455.0,620992929.0,2171455.0,285.0,250.0,,https://sra-downloadb.be-md.ncbi.nlm.nih.gov/sos6/sra-pub-zq-40/SRR029/29289/SRR29289207/SRR29289207.lite.1,SRX24806453,D-0185-19_385-20,WGS,RANDOM,GENOMIC,PAIRED,0.0,0.0,ILLUMINA,Illumina HiSeq 2000,SRP511884,PRJNA1120243,,1120243.0,SRS21521336,SAMN41685666,simple,1773.0,Mycobacterium tuberculosis,D-0185-19,,,,,,,no,,,,,"FIND, THE FOUNDATION FOR INNOVATIVE NEW DIAGNOSTICS",SRA1889652,,public,3571ABF44A6A8EA58D588A6523FE71BB,464A80523CDFF31068CE383DEDBDB134
SAMN41685668,SRR29289384,2024-06-05 06:47:35,2024-06-05 06:39:19,2776570.0,773298059.0,2776570.0,278.0,310.0,,https://sra-downloadb.be-md.ncbi.nlm.nih.gov/sos6/sra-pub-zq-40/SRR029/29289/SRR29289384/SRR29289384.lite.1,SRX24806276,D-1706-19_386-20,WGS,RANDOM,GENOMIC,PAIRED,0.0,0.0,ILLUMINA,Illumina HiSeq 2000,SRP511884,PRJNA1120243,,1120243.0,SRS21521159,SAMN41685668,simple,1773.0,Mycobacterium tuberculosis,D-1706-19,,,,,,,no,,,,,"FIND, THE FOUNDATION FOR INNOVATIVE NEW DIAGNOSTICS",SRA1889652,,public,41842AED80A138F7A48F12702C2A8186,1EB6DFE1C208C1A42F8D8EDE62471E0F
SAMN41685450,SRR29289192,2024-06-05 06:47:38,2024-06-05 06:38:56,2186888.0,621968915.0,2186888.0,284.0,249.0,,https://sra-downloadb.be-md.ncbi.nlm.nih.gov/sos6/sra-pub-zq-40/SRR029/29289/SRR29289192/SRR29289192.lite.1,SRX24806468,D-0299-20_387-20,WGS,RANDOM,GENOMIC,PAIRED,0.0,0.0,ILLUMINA,Illumina HiSeq 2000,SRP511884,PRJNA1120243,,1120243.0,SRS21521351,SAMN41685450,simple,1773.0,Mycobacterium tuberculosis,D-0299-20,,,,,,,no,,,,,"FIND, THE FOUNDATION FOR INNOVATIVE NEW DIAGNOSTICS",SRA1889652,,public,4947FA4E1CA06197344CDA7E2FD58A2F,22F473BD69D971294EE4F05565CAEBF2
SAMN41685614,SRR29289332,2024-06-05 06:47:36,2024-06-05 06:38:49,2577745.0,732412840.0,2577745.0,284.0,296.0,,https://sra-downloadb.be-md.ncbi.nlm.nih.gov/sos6/sra-pub-zq-40/SRR029/29289/SRR29289332/SRR29289332.lite.1,SRX24806328,D-0878-18_394-20,WGS,RANDOM,GENOMIC,PAIRED,0.0,0.0,ILLUMINA,Illumina HiSeq 2000,SRP511884,PRJNA1120243,,1120243.0,SRS21521211,SAMN41685614,simple,1773.0,Mycobacterium tuberculosis,D-0878-18,,,,,,,no,,,,,"FIND, THE FOUNDATION FOR INNOVATIVE NEW DIAGNOSTICS",SRA1889652,,public,478981CCF408A00351B2D7F7F73BC0B0,AC820A153E6D7463A471082C45B6A514
SAMN41685670,SRR29289117,2024-06-05 06:47:39,2024-06-05 06:38:39,2268908.0,651078613.0,2268908.0,286.0,263.0,,https://sra-downloadb.be-md.ncbi.nlm.nih.gov/sos6/sra-pub-zq-40/SRR029/29289/SRR29289117/SRR29289117.lite.1,SRX24806543,D-0028-19_395-20,WGS,RANDOM,GENOMIC,PAIRED,0.0,0.0,ILLUMINA,Illumina HiSeq 2000,SRP511884,PRJNA1120243,,1120243.0,SRS21521427,SAMN41685670,simple,1773.0,Mycobacterium tuberculosis,D-0028-19,,,,,,,no,,,,,"FIND, THE FOUNDATION FOR INNOVATIVE NEW DIAGNOSTICS",SRA1889652,,public,58F8B1E11D4DA33414B4B033533993E2,8C950A6461DB4FAAA76DCDD6E67BDB4B
SAMN41685671,SRR29289322,2024-06-05 06:47:36,2024-06-05 06:39:03,3773267.0,1035105182.0,3773267.0,274.0,413.0,,https://sra-downloadb.be-md.ncbi.nlm.nih.gov/sos6/sra-pub-zq-40/SRR029/29289/SRR29289322/SRR29289322.lite.1,SRX24806338,D-1261-19_403-20,WGS,RANDOM,GENOMIC,PAIRED,0.0,0.0,ILLUMINA,Illumina HiSeq 2000,SRP511884,PRJNA1120243,,1120243.0,SRS21521220,SAMN41685671,simple,1773.0,Mycobacterium tuberculosis,D-1261-19,,,,,,,no,,,,,"FIND, THE FOUNDATION FOR INNOVATIVE NEW DIAGNOSTICS",SRA1889652,,public,DFC3ECB1A87152DE24C5984DB7520E37,A31AB2819C9D87D622D2307243DF921A
SAMN41685674,SRR29289108,2024-06-05 06:47:39,2024-06-05 06:38:31,3678463.0,1009606492.0,3678463.0,274.0,405.0,,https://sra-downloadb.be-md.ncbi.nlm.nih.gov/sos6/sra-pub-zq-40/SRR029/29289/SRR29289108/SRR29289108.lite.1,SRX24806552,D-0634-19_409-20,WGS,RANDOM,GENOMIC,PAIRED,0.0,0.0,ILLUMINA,Illumina HiSeq 2000,SRP511884,PRJNA1120243,,1120243.0,SRS21521435,SAMN41685674,simple,1773.0,Mycobacterium tuberculosis,D-0634-19,,,,,,,no,,,,,"FIND, THE FOUNDATION FOR INNOVATIVE NEW DIAGNOSTICS",SRA1889652,,public,5768B4E0B0B0DB09BEE40EEE30695A94,1FF5D8387414CBFB0F11036877E84250
SAMN41685675,SRR29289232,2024-06-05 06:47:38,2024-06-05 06:38:59,4063947.0,1103909192.0,4063947.0,271.0,442.0,,https://sra-downloadb.be-md.ncbi.nlm.nih.gov/sos6/sra-pub-zq-40/SRR029/29289/SRR29289232/SRR29289232.lite.1,SRX24806428,D-2038-19_410-20,WGS,RANDOM,GENOMIC,PAIRED,0.0,0.0,ILLUMINA,Illumina HiSeq 2000,SRP511884,PRJNA1120243,,1120243.0,SRS21521311,SAMN41685675,simple,1773.0,Mycobacterium tuberculosis,D-2038-19,,,,,,,no,,,,,"FIND, THE FOUNDATION FOR INNOVATIVE NEW DIAGNOSTICS",SRA1889652,,public,A699DA9FDD8B0BA9662CF6A4E93A753A,E7C92A1DDA81529E7847AE7FA751EAAA
SAMN41685593,SRR29289370,2024-06-05 06:47:35,2024-06-05 06:38:46,4615760.0,1207597239.0,4615760.0,261.0,489.0,,https://sra-downloadb.be-md.ncbi.nlm.nih.gov/sos6/sra-pub-zq-40/SRR029/29289/SRR29289370/SRR29289370.lite.1,SRX24806290,D-1852-19_411-20,WGS,RANDOM,GENOMIC,PAIRED,0.0,0.0,ILLUMINA,Illumina HiSeq 2000,SRP511884,PRJNA1120243,,1120243.0,SRS21521173,SAMN41685593,simple,1773.0,Mycobacterium tuberculosis,D-1852-19,,,,,,,no,,,,,"FIND, THE FOUNDATION FOR INNOVATIVE NEW DIAGNOSTICS",SRA1889652,,public,FD326B3C538902D2CF78D7E2552D7B43,F9827B8859E7A74EC2BBA1E1A39B658E
SAMN41685452,SRR29289138,2024-06-05 06:47:39,2024-06-05 06:38:33,1396725.0,394410754.0,1396725.0,282.0,158.0,,https://sra-downloadb.be-md.ncbi.nlm.nih.gov/sos6/sra-pub-zq-40/SRR029/29289/SRR29289138/SRR29289138.lite.1,SRX24806522,D-0419-20_413-20,WGS,RANDOM,GENOMIC,PAIRED,0.0,0.0,ILLUMINA,Illumina HiSeq 2000,SRP511884,PRJNA1120243,,1120243.0,SRS21521404,SAMN41685452,simple,1773.0,Mycobacterium tuberculosis,D-0419-20,,,,,,,no,,,,,"FIND, THE FOUNDATION FOR INNOVATIVE NEW DIAGNOSTICS",SRA1889652,,public,672D49E9BF3AF5DA07A54DCA0D27EBF6,413528E617A29BE94254C45632C09E86
SAMN41685676,SRR29289120,2024-06-05 06:47:39,2024-06-05 06:37:59,1182430.0,334295470.0,1182430.0,282.0,147.0,,https://sra-downloadb.be-md.ncbi.nlm.nih.gov/sos6/sra-pub-zq-40/SRR029/29289/SRR29289120/SRR29289120.lite.1,SRX24806540,D-0550-19_414-20,WGS,RANDOM,GENOMIC,PAIRED,0.0,0.0,ILLUMINA,Illumina HiSeq 2000,SRP511884,PRJNA1120243,,1120243.0,SRS21521423,SAMN41685676,simple,1773.0,Mycobacterium tuberculosis,D-0550-19,,,,,,,no,,,,,"FIND, THE FOUNDATION FOR INNOVATIVE NEW DIAGNOSTICS",SRA1889652,,public,B25BCFD7D20F69B19184896A40154EF1,C1E17050558AAB389E21DB9CCA189340
SAMN41685662,SRR29289290,2024-06-06 20:29:15,2024-06-06 20:24:55,932264.0,267434913.0,932264.0,286.0,101.0,,https://sra-downloadb.be-md.ncbi.nlm.nih.gov/sos6/sra-pub-zq-40/SRR029/29289/SRR29289290/SRR29289290.lite.1,SRX24806370,IHK-865-6_166-18,WGS,RANDOM,GENOMIC,PAIRED,0.0,0.0,ILLUMINA,Illumina HiSeq 2000,SRP511884,PRJNA1120243,,1120243.0,SRS21521254,SAMN41685662,simple,1773.0,Mycobacterium tuberculosis,IHK-865-6,,,,,,,no,,,,,"FIND, THE FOUNDATION FOR INNOVATIVE NEW DIAGNOSTICS",SRA1889652,,public,98667C7DFB878C470B9990577AC01E1D,BD13343B20426F6981FB9919620978D7
SAMN41685537,SRR29289288,2024-06-06 20:18:09,2024-06-06 20:13:55,1514244.0,425989665.0,1514244.0,281.0,174.0,,https://sra-downloadb.be-md.ncbi.nlm.nih.gov/sos6/sra-pub-zq-40/SRR029/29289/SRR29289288/SRR29289288.lite.1,SRX24806372,JHL-352-5_333-18,WGS,RANDOM,GENOMIC,PAIRED,0.0,0.0,ILLUMINA,Illumina HiSeq 2000,SRP511884,PRJNA1120243,,1120243.0,SRS21521255,SAMN41685537,simple,1773.0,Mycobacterium tuberculosis,JHL-352-5,,,,,,,no,,,,,"FIND, THE FOUNDATION FOR INNOVATIVE NEW DIAGNOSTICS",SRA1889652,,public,AEA3DC3FD19FDE7B1CC7DDD8050E7D13,CB136A9F0F2E47E4ECDBA4CE41E96273
SAMN41685601,SRR29289336,2024-06-07 00:57:18,2024-06-06 20:45:01,1954814.0,542922123.0,1954814.0,277.0,219.0,,https://sra-downloadb.be-md.ncbi.nlm.nih.gov/sos6/sra-pub-zq-40/SRR029/29289/SRR29289336/SRR29289336.lite.1,SRX24806324,RLH-639-3_238-18,WGS,RANDOM,GENOMIC,PAIRED,0.0,0.0,ILLUMINA,Illumina HiSeq 2000,SRP511884,PRJNA1120243,,1120243.0,SRS21521207,SAMN41685601,simple,1773.0,Mycobacterium tuberculosis,RLH-639-3,,,,,,,no,,,,,"FIND, THE FOUNDATION FOR INNOVATIVE NEW DIAGNOSTICS",SRA1889652,,public,073514839AB84C655A834A6A74CAE535,069EA89983F1F84E4C4B283BCBD24C41
SAMN41685602,SRR29289335,2024-06-06 20:17:02,2024-06-06 20:13:50,1899676.0,516107354.0,1899676.0,271.0,223.0,,https://sra-downloadb.be-md.ncbi.nlm.nih.gov/sos6/sra-pub-zq-40/SRR029/29289/SRR29289335/SRR29289335.lite.1,SRX24806325,RLH-639-6_196-18,WGS,RANDOM,GENOMIC,PAIRED,0.0,0.0,ILLUMINA,Illumina HiSeq 2000,SRP511884,PRJNA1120243,,1120243.0,SRS21521208,SAMN41685602,simple,1773.0,Mycobacterium tuberculosis,RLH-639-6,,,,,,,no,,,,,"FIND, THE FOUNDATION FOR INNOVATIVE NEW DIAGNOSTICS",SRA1889652,,public,89B88D9580644DC40F44AF1236097806,17AD8C37980FDFF4EB77F651BF87E169
SAMN41685618,SRR29289198,2024-06-06 20:18:09,2024-06-06 20:13:55,1395294.0,391431273.0,1395294.0,280.0,168.0,,https://sra-downloadb.be-md.ncbi.nlm.nih.gov/sos6/sra-pub-zq-40/SRR029/29289/SRR29289198/SRR29289198.lite.1,SRX24806462,RLH-704-1_198-18,WGS,RANDOM,GENOMIC,PAIRED,0.0,0.0,ILLUMINA,Illumina HiSeq 2000,SRP511884,PRJNA1120243,,1120243.0,SRS21521345,SAMN41685618,simple,1773.0,Mycobacterium tuberculosis,RLH-704-1,,,,,,,no,,,,,"FIND, THE FOUNDATION FOR INNOVATIVE NEW DIAGNOSTICS",SRA1889652,,public,28AC80BD89431401FD886897579BFCFB,370D93A355D8313FF8B873240CA43D4F
SAMN41685510,SRR29289204,2024-06-05 06:47:38,2024-06-05 06:38:07,1157214.0,327007753.0,1157214.0,282.0,132.0,,https://sra-downloadb.be-md.ncbi.nlm.nih.gov/sos6/sra-pub-zq-40/SRR029/29289/SRR29289204/SRR29289204.lite.1,SRX24806456,ICK-1497-4_201-20,WGS,RANDOM,GENOMIC,PAIRED,0.0,0.0,ILLUMINA,Illumina HiSeq 2000,SRP511884,PRJNA1120243,,1120243.0,SRS21521339,SAMN41685510,simple,1773.0,Mycobacterium tuberculosis,ICK-1497-4,,,,,,,no,,,,,"FIND, THE FOUNDATION FOR INNOVATIVE NEW DIAGNOSTICS",SRA1889652,,public,AAA796B99D0BF5FC3E7429B412C9E74B,2F76F942160333D4D29A8C07D34A49DD
SAMN41685556,SRR29289274,2024-06-05 06:47:37,2024-06-05 06:38:46,1475844.0,415049471.0,1475844.0,281.0,166.0,,https://sra-downloadb.be-md.ncbi.nlm.nih.gov/sos6/sra-pub-zq-40/SRR029/29289/SRR29289274/SRR29289274.lite.1,SRX24806386,JHL-411-7_203-20,WGS,RANDOM,GENOMIC,PAIRED,0.0,0.0,ILLUMINA,Illumina HiSeq 2000,SRP511884,PRJNA1120243,,1120243.0,SRS21521269,SAMN41685556,simple,1773.0,Mycobacterium tuberculosis,JHL-411-7,,,,,,,no,,,,,"FIND, THE FOUNDATION FOR INNOVATIVE NEW DIAGNOSTICS",SRA1889652,,public,3AD877A421F9FBE3D0399717D99C10B6,8280657ACAC43CC557788B1AB57E0362
SAMN41685557,SRR29289273,2024-06-05 06:47:37,2024-06-05 06:38:08,1042263.0,296072624.0,1042263.0,284.0,119.0,,https://sra-downloadb.be-md.ncbi.nlm.nih.gov/sos6/sra-pub-zq-40/SRR029/29289/SRR29289273/SRR29289273.lite.1,SRX24806387,JHL-411-9_204-20,WGS,RANDOM,GENOMIC,PAIRED,0.0,0.0,ILLUMINA,Illumina HiSeq 2000,SRP511884,PRJNA1120243,,1120243.0,SRS21521270,SAMN41685557,simple,1773.0,Mycobacterium tuberculosis,JHL-411-9,,,,,,,no,,,,,"FIND, THE FOUNDATION FOR INNOVATIVE NEW DIAGNOSTICS",SRA1889652,,public,84FD3B2E135AA005540B7015DE96C67A,A433C079758C91351206A3E346F68F22
SAMN41685619,SRR29289196,2024-06-05 06:47:38,2024-06-05 06:38:20,822201.0,231670926.0,822201.0,281.0,94.0,,https://sra-downloadb.be-md.ncbi.nlm.nih.gov/sos6/sra-pub-zq-40/SRR029/29289/SRR29289196/SRR29289196.lite.1,SRX24806464,RLH-704-9_207-20,WGS,RANDOM,GENOMIC,PAIRED,0.0,0.0,ILLUMINA,Illumina HiSeq 2000,SRP511884,PRJNA1120243,,1120243.0,SRS21521347,SAMN41685619,simple,1773.0,Mycobacterium tuberculosis,RLH-704-9,,,,,,,no,,,,,"FIND, THE FOUNDATION FOR INNOVATIVE NEW DIAGNOSTICS",SRA1889652,,public,51EA9D2666437482B1E57CB0B10C5B36,A846C60667350B30D3DFF1AC7E74C0C2
SAMN41685620,SRR29289197,2024-06-05 06:47:38,2024-06-05 06:38:21,979463.0,271598483.0,979463.0,277.0,110.0,,https://sra-downloadb.be-md.ncbi.nlm.nih.gov/sos6/sra-pub-zq-40/SRR029/29289/SRR29289197/SRR29289197.lite.1,SRX24806463,RLH-704-11_208-20,WGS,RANDOM,GENOMIC,PAIRED,0.0,0.0,ILLUMINA,Illumina HiSeq 2000,SRP511884,PRJNA1120243,,1120243.0,SRS21521346,SAMN41685620,simple,1773.0,Mycobacterium tuberculosis,RLH-704-11,,,,,,,no,,,,,"FIND, THE FOUNDATION FOR INNOVATIVE NEW DIAGNOSTICS",SRA1889652,,public,B489B1CA2736209B19327EF8D1DB7516,A8690B6DE3D134A8E13AA9E6BF369B7A
SAMN41685471,SRR29289165,2024-06-05 06:47:39,2024-06-05 06:39:14,1502767.0,427497667.0,1502767.0,284.0,172.0,,https://sra-downloadb.be-md.ncbi.nlm.nih.gov/sos6/sra-pub-zq-40/SRR029/29289/SRR29289165/SRR29289165.lite.1,SRX24806495,IHK-1209-9_211-20,WGS,RANDOM,GENOMIC,PAIRED,0.0,0.0,ILLUMINA,Illumina HiSeq 2000,SRP511884,PRJNA1120243,,1120243.0,SRS21521378,SAMN41685471,simple,1773.0,Mycobacterium tuberculosis,IHK-1209-9,,,,,,,no,,,,,"FIND, THE FOUNDATION FOR INNOVATIVE NEW DIAGNOSTICS",SRA1889652,,public,1BCF09C4B2054F236047AB5FF4820D9E,12AF221489447DA02BF6D800CECEEB02
SAMN41685485,SRR29289150,2024-06-05 06:47:39,2024-06-05 06:38:52,1115774.0,311433380.0,1115774.0,279.0,125.0,,https://sra-downloadb.be-md.ncbi.nlm.nih.gov/sos6/sra-pub-zq-40/SRR029/29289/SRR29289150/SRR29289150.lite.1,SRX24806510,IHK-1276-0_214-20,WGS,RANDOM,GENOMIC,PAIRED,0.0,0.0,ILLUMINA,Illumina HiSeq 2000,SRP511884,PRJNA1120243,,1120243.0,SRS21521394,SAMN41685485,simple,1773.0,Mycobacterium tuberculosis,IHK-1276-0,,,,,,,no,,,,,"FIND, THE FOUNDATION FOR INNOVATIVE NEW DIAGNOSTICS",SRA1889652,,public,B4DD9E1F1D16F9E0C8C383093A4E6C87,56FF568E919632C99957F0A893CA4AEB
SAMN41685486,SRR29289149,2024-06-05 06:47:39,2024-06-05 06:38:48,1010343.0,280853456.0,1010343.0,277.0,113.0,,https://sra-downloadb.be-md.ncbi.nlm.nih.gov/sos6/sra-pub-zq-40/SRR029/29289/SRR29289149/SRR29289149.lite.1,SRX24806511,IHK-1276-3_215-20,WGS,RANDOM,GENOMIC,PAIRED,0.0,0.0,ILLUMINA,Illumina HiSeq 2000,SRP511884,PRJNA1120243,,1120243.0,SRS21521393,SAMN41685486,simple,1773.0,Mycobacterium tuberculosis,IHK-1276-3,,,,,,,no,,,,,"FIND, THE FOUNDATION FOR INNOVATIVE NEW DIAGNOSTICS",SRA1889652,,public,019B03223D1513FE53EF260B506A7752,61EEBDE3108F4F9D870D50196BF741FD
SAMN41685487,SRR29289148,2024-06-05 06:47:39,2024-06-05 06:38:52,1282812.0,349449776.0,1282812.0,272.0,141.0,,https://sra-downloadb.be-md.ncbi.nlm.nih.gov/sos6/sra-pub-zq-40/SRR029/29289/SRR29289148/SRR29289148.lite.1,SRX24806512,IHK-1276-8_216-20,WGS,RANDOM,GENOMIC,PAIRED,0.0,0.0,ILLUMINA,Illumina HiSeq 2000,SRP511884,PRJNA1120243,,1120243.0,SRS21521395,SAMN41685487,simple,1773.0,Mycobacterium tuberculosis,IHK-1276-8,,,,,,,no,,,,,"FIND, THE FOUNDATION FOR INNOVATIVE NEW DIAGNOSTICS",SRA1889652,,public,D519BFCFDFA20FD143A7B8D13E06A09A,0C8B85FD7903EE75880BE52FCD912B7E
SAMN41685507,SRR29289293,2024-06-05 06:47:37,2024-06-05 06:38:11,1314084.0,366529767.0,1314084.0,278.0,148.0,,https://sra-downloadb.be-md.ncbi.nlm.nih.gov/sos6/sra-pub-zq-40/SRR029/29289/SRR29289293/SRR29289293.lite.1,SRX24806367,IHK-1386-5_224-20,WGS,RANDOM,GENOMIC,PAIRED,0.0,0.0,ILLUMINA,Illumina HiSeq 2000,SRP511884,PRJNA1120243,,1120243.0,SRS21521250,SAMN41685507,simple,1773.0,Mycobacterium tuberculosis,IHK-1386-5,,,,,,,no,,,,,"FIND, THE FOUNDATION FOR INNOVATIVE NEW DIAGNOSTICS",SRA1889652,,public,982029E92ECE2231F064C02B4CEE3256,F856BE9161E3B8E26E99B6BED9C4CCF2
SAMN41685541,SRR29289283,2024-06-05 06:47:37,2024-06-05 06:39:00,1818855.0,512492797.0,1818855.0,281.0,205.0,,https://sra-downloadb.be-md.ncbi.nlm.nih.gov/sos6/sra-pub-zq-40/SRR029/29289/SRR29289283/SRR29289283.lite.1,SRX24806377,JHL-377-20_238-20,WGS,RANDOM,GENOMIC,PAIRED,0.0,0.0,ILLUMINA,Illumina HiSeq 2000,SRP511884,PRJNA1120243,,1120243.0,SRS21521260,SAMN41685541,simple,1773.0,Mycobacterium tuberculosis,JHL-377-20,,,,,,,no,,,,,"FIND, THE FOUNDATION FOR INNOVATIVE NEW DIAGNOSTICS",SRA1889652,,public,E0FD96AB99A9FC0446D8A6BA308880B8,3B838B50507DD9378817CA2CFB0CD5FF
SAMN41685633,SRR29289184,2024-06-05 06:47:38,2024-06-05 06:38:41,1258980.0,359663957.0,1258980.0,285.0,144.0,,https://sra-downloadb.be-md.ncbi.nlm.nih.gov/sos6/sra-pub-zq-40/SRR029/29289/SRR29289184/SRR29289184.lite.1,SRX24806476,RLH-728-2_240-20,WGS,RANDOM,GENOMIC,PAIRED,0.0,0.0,ILLUMINA,Illumina HiSeq 2000,SRP511884,PRJNA1120243,,1120243.0,SRS21521359,SAMN41685633,simple,1773.0,Mycobacterium tuberculosis,RLH-728-2,,,,,,,no,,,,,"FIND, THE FOUNDATION FOR INNOVATIVE NEW DIAGNOSTICS",SRA1889652,,public,26FB9751A4114F9A9AB165935889B5FB,73D7D0E435C4F839B643DE2B36820A41
SAMN41685454,SRR29289169,2024-06-05 06:47:38,2024-06-05 06:38:47,1697479.0,481468366.0,1697479.0,283.0,192.0,,https://sra-downloadb.be-md.ncbi.nlm.nih.gov/sos6/sra-pub-zq-40/SRR029/29289/SRR29289169/SRR29289169.lite.1,SRX24806491,IHK-1058-6_241-20,WGS,RANDOM,GENOMIC,PAIRED,0.0,0.0,ILLUMINA,Illumina HiSeq 2000,SRP511884,PRJNA1120243,,1120243.0,SRS21521373,SAMN41685454,simple,1773.0,Mycobacterium tuberculosis,IHK-1058-6,,,,,,,no,,,,,"FIND, THE FOUNDATION FOR INNOVATIVE NEW DIAGNOSTICS",SRA1889652,,public,8B519FC7B3105BE54745CFABB27DC003,D50F379238A273F99DC4465D14DE0A01
SAMN41685543,SRR29289282,2024-06-05 06:47:37,2024-06-05 06:38:46,1392874.0,400077635.0,1392874.0,287.0,164.0,,https://sra-downloadb.be-md.ncbi.nlm.nih.gov/sos6/sra-pub-zq-40/SRR029/29289/SRR29289282/SRR29289282.lite.1,SRX24806378,JHL-377-6_244-20,WGS,RANDOM,GENOMIC,PAIRED,0.0,0.0,ILLUMINA,Illumina HiSeq 2000,SRP511884,PRJNA1120243,,1120243.0,SRS21521261,SAMN41685543,simple,1773.0,Mycobacterium tuberculosis,JHL-377-6,,,,,,,no,,,,,"FIND, THE FOUNDATION FOR INNOVATIVE NEW DIAGNOSTICS",SRA1889652,,public,0FD14D4CAFEB107E5A385CD28CCFF9D5,ACDCD2E1763C86188670DD46D8BE99BA
SAMN41685544,SRR29289284,2024-06-05 06:47:37,2024-06-05 06:38:34,1824124.0,512924819.0,1824124.0,281.0,210.0,,https://sra-downloadb.be-md.ncbi.nlm.nih.gov/sos6/sra-pub-zq-40/SRR029/29289/SRR29289284/SRR29289284.lite.1,SRX24806376,JHL-377-10_245-20,WGS,RANDOM,GENOMIC,PAIRED,0.0,0.0,ILLUMINA,Illumina HiSeq 2000,SRP511884,PRJNA1120243,,1120243.0,SRS21521259,SAMN41685544,simple,1773.0,Mycobacterium tuberculosis,JHL-377-10,,,,,,,no,,,,,"FIND, THE FOUNDATION FOR INNOVATIVE NEW DIAGNOSTICS",SRA1889652,,public,A39299853873CDF6D4BD4E9719741250,EA404863A08B977337CB098E4484C60F
SAMN41685663,SRR29289354,2024-06-05 06:47:35,2024-06-05 06:38:23,2173431.0,594674918.0,2173431.0,273.0,246.0,,https://sra-downloadb.be-md.ncbi.nlm.nih.gov/sos6/sra-pub-zq-40/SRR029/29289/SRR29289354/SRR29289354.lite.1,SRX24806306,LRH-866-0_246-20,WGS,RANDOM,GENOMIC,PAIRED,0.0,0.0,ILLUMINA,Illumina HiSeq 2000,SRP511884,PRJNA1120243,,1120243.0,SRS21521190,SAMN41685663,simple,1773.0,Mycobacterium tuberculosis,LRH-866-0,,,,,,,no,,,,,"FIND, THE FOUNDATION FOR INNOVATIVE NEW DIAGNOSTICS",SRA1889652,,public,57B236FB81FD9B6CD73265E2C291067B,6B1791F9BAEA8E5FBC694B03D65D195C
SAMN41685464,SRR29289350,2024-06-05 06:47:35,2024-06-05 06:39:03,2172205.0,600805782.0,2172205.0,276.0,245.0,,https://sra-downloadb.be-md.ncbi.nlm.nih.gov/sos6/sra-pub-zq-40/SRR029/29289/SRR29289350/SRR29289350.lite.1,SRX24806310,OIC-1177-8_249-20,WGS,RANDOM,GENOMIC,PAIRED,0.0,0.0,ILLUMINA,Illumina HiSeq 2000,SRP511884,PRJNA1120243,,1120243.0,SRS21521193,SAMN41685464,simple,1773.0,Mycobacterium tuberculosis,OIC-1177-8,,,,,,,no,,,,,"FIND, THE FOUNDATION FOR INNOVATIVE NEW DIAGNOSTICS",SRA1889652,,public,9DADCC7BCBF9873D62F226A9D7FC00F3,2C467037632767CC4C5B09A77EB66B85
SAMN41685640,SRR29289179,2024-06-05 06:47:38,2024-06-05 06:38:24,1417046.0,408657478.0,1417046.0,288.0,168.0,,https://sra-downloadb.be-md.ncbi.nlm.nih.gov/sos6/sra-pub-zq-40/SRR029/29289/SRR29289179/SRR29289179.lite.1,SRX24806481,RLH-749-0_250-20,WGS,RANDOM,GENOMIC,PAIRED,0.0,0.0,ILLUMINA,Illumina HiSeq 2000,SRP511884,PRJNA1120243,,1120243.0,SRS21521364,SAMN41685640,simple,1773.0,Mycobacterium tuberculosis,RLH-749-0,,,,,,,no,,,,,"FIND, THE FOUNDATION FOR INNOVATIVE NEW DIAGNOSTICS",SRA1889652,,public,3C50D2D93B347ECC46D47A40819968A9,82D0E8E307E893FDBD5D524BC2FA90A5
SAMN41685480,SRR29289154,2024-06-05 06:47:39,2024-06-05 06:37:53,1392867.0,392342146.0,1392867.0,281.0,157.0,,https://sra-downloadb.be-md.ncbi.nlm.nih.gov/sos6/sra-pub-zq-40/SRR029/29289/SRR29289154/SRR29289154.lite.1,SRX24806506,IHK-1251-9_447-20,WGS,RANDOM,GENOMIC,PAIRED,0.0,0.0,ILLUMINA,Illumina HiSeq 2000,SRP511884,PRJNA1120243,,1120243.0,SRS21521389,SAMN41685480,simple,1773.0,Mycobacterium tuberculosis,IHK-1251-9,,,,,,,no,,,,,"FIND, THE FOUNDATION FOR INNOVATIVE NEW DIAGNOSTICS",SRA1889652,,public,C076E1213C9083FCD9F75C613FFBFB29,1421453F252083FFE4860257EBD94F9E
SAMN41685492,SRR29289147,2024-06-05 06:47:39,2024-06-05 06:38:58,1866761.0,520673395.0,1866761.0,278.0,212.0,,https://sra-downloadb.be-md.ncbi.nlm.nih.gov/sos6/sra-pub-zq-40/SRR029/29289/SRR29289147/SRR29289147.lite.1,SRX24806513,IHK-1299-8_253-20,WGS,RANDOM,GENOMIC,PAIRED,0.0,0.0,ILLUMINA,Illumina HiSeq 2000,SRP511884,PRJNA1120243,,1120243.0,SRS21521396,SAMN41685492,simple,1773.0,Mycobacterium tuberculosis,IHK-1299-8,,,,,,,no,,,,,"FIND, THE FOUNDATION FOR INNOVATIVE NEW DIAGNOSTICS",SRA1889652,,public,41CF06506BA97F8D6C0895D54A85434E,041CE3FE4541D601C1F0B72EF6A83BC4
SAMN41685461,SRR29289205,2024-06-05 06:47:38,2024-06-05 06:39:18,5082317.0,1335815781.0,5082317.0,262.0,547.0,,https://sra-downloadb.be-md.ncbi.nlm.nih.gov/sos6/sra-pub-zq-40/SRR029/29289/SRR29289205/SRR29289205.lite.1,SRX24806455,ICK-1123-0_294-20,WGS,RANDOM,GENOMIC,PAIRED,0.0,0.0,ILLUMINA,Illumina HiSeq 2000,SRP511884,PRJNA1120243,,1120243.0,SRS21521338,SAMN41685461,simple,1773.0,Mycobacterium tuberculosis,ICK-1123-0,,,,,,,no,,,,,"FIND, THE FOUNDATION FOR INNOVATIVE NEW DIAGNOSTICS",SRA1889652,,public,7ED7601DAE5F4CFF30F5782777AE418F,C174730ADD81B04AF8E49DF94E524936
SAMN41685481,SRR29289159,2024-06-06 20:29:15,2024-06-06 20:24:24,1305112.0,369407586.0,1305112.0,283.0,157.0,,https://sra-downloadb.be-md.ncbi.nlm.nih.gov/sos6/sra-pub-zq-40/SRR029/29289/SRR29289159/SRR29289159.lite.1,SRX24806501,IHK-1251-0_301-20,WGS,RANDOM,GENOMIC,PAIRED,0.0,0.0,ILLUMINA,Illumina HiSeq 2000,SRP511884,PRJNA1120243,,1120243.0,SRS21521384,SAMN41685481,simple,1773.0,Mycobacterium tuberculosis,IHK-1251-0,,,,,,,no,,,,,"FIND, THE FOUNDATION FOR INNOVATIVE NEW DIAGNOSTICS",SRA1889652,,public,6A11063ACC3AE2FC81B980AA3E9ADE2F,B26DE6F7CF2A13CCA14394C24F5FB3AB
SAMN41685482,SRR29289155,2024-06-06 19:54:51,2024-06-06 19:52:37,1729853.0,490437338.0,1729853.0,283.0,199.0,,https://sra-downloadb.be-md.ncbi.nlm.nih.gov/sos6/sra-pub-zq-40/SRR029/29289/SRR29289155/SRR29289155.lite.1,SRX24806505,IHK-1251-6_304-20,WGS,RANDOM,GENOMIC,PAIRED,0.0,0.0,ILLUMINA,Illumina HiSeq 2000,SRP511884,PRJNA1120243,,1120243.0,SRS21521388,SAMN41685482,simple,1773.0,Mycobacterium tuberculosis,IHK-1251-6,,,,,,,no,,,,,"FIND, THE FOUNDATION FOR INNOVATIVE NEW DIAGNOSTICS",SRA1889652,,public,E8B6720ED44C6211142337511E017B8D,EDF9E6BEC3842BBCA58885D9AB76816E
SAMN41685462,SRR29289373,2024-06-05 06:47:35,2024-06-05 06:38:53,1005121.0,262478114.0,1005121.0,261.0,95.0,,https://sra-downloadb.be-md.ncbi.nlm.nih.gov/sos6/sra-pub-zq-40/SRR029/29289/SRR29289373/SRR29289373.lite.1,SRX24806287,D-1806-20_127-21,WGS,RANDOM,GENOMIC,PAIRED,0.0,0.0,ILLUMINA,Illumina HiSeq 2000,SRP511884,PRJNA1120243,,1120243.0,SRS21521170,SAMN41685462,simple,1773.0,Mycobacterium tuberculosis,D-1806-20,,,,,,,no,,,,,"FIND, THE FOUNDATION FOR INNOVATIVE NEW DIAGNOSTICS",SRA1889652,,public,E0E4ABD2B87FF61A3A97E97FA28C8E2E,70F646BD26CFA92E496D4F2907438B5A
SAMN41685518,SRR29289264,2024-06-05 06:47:37,2024-06-05 06:39:03,1554469.0,434843294.0,1554469.0,279.0,182.0,,https://sra-downloadb.be-md.ncbi.nlm.nih.gov/sos6/sra-pub-zq-40/SRR029/29289/SRR29289264/SRR29289264.lite.1,SRX24806396,D-0650-21_128-21,WGS,RANDOM,GENOMIC,PAIRED,0.0,0.0,ILLUMINA,Illumina HiSeq 2000,SRP511884,PRJNA1120243,,1120243.0,SRS21521279,SAMN41685518,simple,1773.0,Mycobacterium tuberculosis,D-0650-21,,,,,,,no,,,,,"FIND, THE FOUNDATION FOR INNOVATIVE NEW DIAGNOSTICS",SRA1889652,,public,A0EEC538C229F9346AC18993673C2D4D,B57BA7574EAFE7DE7152576D68C27D23
SAMN41685532,SRR29289372,2024-06-05 06:47:35,2024-06-05 06:38:09,1229469.0,301855376.0,1229469.0,245.0,110.0,,https://sra-downloadb.be-md.ncbi.nlm.nih.gov/sos6/sra-pub-zq-40/SRR029/29289/SRR29289372/SRR29289372.lite.1,SRX24806288,D-1819-20_129-21,WGS,RANDOM,GENOMIC,PAIRED,0.0,0.0,ILLUMINA,Illumina HiSeq 2000,SRP511884,PRJNA1120243,,1120243.0,SRS21521171,SAMN41685532,simple,1773.0,Mycobacterium tuberculosis,D-1819-20,,,,,,,no,,,,,"FIND, THE FOUNDATION FOR INNOVATIVE NEW DIAGNOSTICS",SRA1889652,,public,A8B58A09A22F64D6FB7916C0A0D7D4A2,BE2DE2D14082AB53090CDEF8FA97DF4A
SAMN41685591,SRR29289303,2024-06-05 06:47:36,2024-06-05 06:39:13,2642742.0,681052938.0,2642742.0,257.0,286.0,,https://sra-downloadb.be-md.ncbi.nlm.nih.gov/sos6/sra-pub-zq-40/SRR029/29289/SRR29289303/SRR29289303.lite.1,SRX24806357,D-1525-20_133-21,WGS,RANDOM,GENOMIC,PAIRED,0.0,0.0,ILLUMINA,Illumina HiSeq 2000,SRP511884,PRJNA1120243,,1120243.0,SRS21521240,SAMN41685591,simple,1773.0,Mycobacterium tuberculosis,D-1525-20,,,,,,,no,,,,,"FIND, THE FOUNDATION FOR INNOVATIVE NEW DIAGNOSTICS",SRA1889652,,public,C4056F14547AA4AF8ABD773FD9CAD9BF,43FB746268235F8B176ABBCA38C4276C
SAMN41685592,SRR29289401,2024-06-05 06:47:34,2024-06-05 06:38:41,1577427.0,401246865.0,1577427.0,254.0,146.0,,https://sra-downloadb.be-md.ncbi.nlm.nih.gov/sos6/sra-pub-zq-40/SRR029/29289/SRR29289401/SRR29289401.lite.1,SRX24806259,D-1057-20_134-21,WGS,RANDOM,GENOMIC,PAIRED,0.0,0.0,ILLUMINA,Illumina HiSeq 2000,SRP511884,PRJNA1120243,,1120243.0,SRS21521142,SAMN41685592,simple,1773.0,Mycobacterium tuberculosis,D-1057-20,,,,,,,no,,,,,"FIND, THE FOUNDATION FOR INNOVATIVE NEW DIAGNOSTICS",SRA1889652,,public,90D68313875D8C140FA69B66417C9B00,D4632CEDAF3E6D3E1432003A7CA15EE4
SAMN41685652,SRR29289223,2024-06-05 06:47:38,2024-06-05 06:38:22,1073815.0,277019112.0,1073815.0,257.0,102.0,,https://sra-downloadb.be-md.ncbi.nlm.nih.gov/sos6/sra-pub-zq-40/SRR029/29289/SRR29289223/SRR29289223.lite.1,SRX24806437,D-2271-20_138-21,WGS,RANDOM,GENOMIC,PAIRED,0.0,0.0,ILLUMINA,Illumina HiSeq 2000,SRP511884,PRJNA1120243,,1120243.0,SRS21521320,SAMN41685652,simple,1773.0,Mycobacterium tuberculosis,D-2271-20,,,,,,,no,,,,,"FIND, THE FOUNDATION FOR INNOVATIVE NEW DIAGNOSTICS",SRA1889652,,public,4B2415F99F579EB7931D8D0AA30B6FB8,8743C3EB4A5A5D49D5743FDF60AE9AE8
SAMN41685456,SRR29289381,2024-06-05 06:47:35,2024-06-05 06:38:52,1650685.0,418210051.0,1650685.0,253.0,152.0,,https://sra-downloadb.be-md.ncbi.nlm.nih.gov/sos6/sra-pub-zq-40/SRR029/29289/SRR29289381/SRR29289381.lite.1,SRX24806279,D-1713-20_142-21,WGS,RANDOM,GENOMIC,PAIRED,0.0,0.0,ILLUMINA,Illumina HiSeq 2000,SRP511884,PRJNA1120243,,1120243.0,SRS21521162,SAMN41685456,simple,1773.0,Mycobacterium tuberculosis,D-1713-20,,,,,,,no,,,,,"FIND, THE FOUNDATION FOR INNOVATIVE NEW DIAGNOSTICS",SRA1889652,,public,D6A0FDB603D55D469B69A4AE9FBC8AC6,EFB471E31EDBA5A0BCBBE36B5D0EEB15
SAMN41685469,SRR29289390,2024-06-05 06:47:34,2024-06-05 06:38:28,2937592.0,787375824.0,2937592.0,268.0,279.0,,https://sra-downloadb.be-md.ncbi.nlm.nih.gov/sos6/sra-pub-zq-40/SRR029/29289/SRR29289390/SRR29289390.lite.1,SRX24806270,D-1644-20_145-21,WGS,RANDOM,GENOMIC,PAIRED,0.0,0.0,ILLUMINA,Illumina HiSeq 2000,SRP511884,PRJNA1120243,,1120243.0,SRS21521153,SAMN41685469,simple,1773.0,Mycobacterium tuberculosis,D-1644-20,,,,,,,no,,,,,"FIND, THE FOUNDATION FOR INNOVATIVE NEW DIAGNOSTICS",SRA1889652,,public,01293EFDA4B1AE0BB59172B9D8A12AD2,A9AA06CDC94C42237B8159089B45A965
SAMN41685470,SRR29289403,2024-06-05 06:47:34,2024-06-05 06:39:20,2222586.0,612030417.0,2222586.0,275.0,219.0,,https://sra-downloadb.be-md.ncbi.nlm.nih.gov/sos6/sra-pub-zq-40/SRR029/29289/SRR29289403/SRR29289403.lite.1,SRX24806257,D-1043-20_146-21,WGS,RANDOM,GENOMIC,PAIRED,0.0,0.0,ILLUMINA,Illumina HiSeq 2000,SRP511884,PRJNA1120243,,1120243.0,SRS21521140,SAMN41685470,simple,1773.0,Mycobacterium tuberculosis,D-1043-20,,,,,,,no,,,,,"FIND, THE FOUNDATION FOR INNOVATIVE NEW DIAGNOSTICS",SRA1889652,,public,79ED3DC12F43F968A633778784CE9AA5,174B99D3B1CDC070CBA63C1DBF07C41C
SAMN41685494,SRR29289386,2024-06-05 06:47:35,2024-06-05 06:38:59,4117141.0,1043790606.0,4117141.0,253.0,370.0,,https://sra-downloadb.be-md.ncbi.nlm.nih.gov/sos6/sra-pub-zq-40/SRR029/29289/SRR29289386/SRR29289386.lite.1,SRX24806274,D-1688-20_148-21,WGS,RANDOM,GENOMIC,PAIRED,0.0,0.0,ILLUMINA,Illumina HiSeq 2000,SRP511884,PRJNA1120243,,1120243.0,SRS21521157,SAMN41685494,simple,1773.0,Mycobacterium tuberculosis,D-1688-20,,,,,,,no,,,,,"FIND, THE FOUNDATION FOR INNOVATIVE NEW DIAGNOSTICS",SRA1889652,,public,7F6535E38F4825BA4F0A25249414803F,0A75CC5CA6905762D94C460E9551D72A
SAMN41685509,SRR29289402,2024-06-05 06:47:34,2024-06-05 06:38:44,2679260.0,729012691.0,2679260.0,272.0,260.0,,https://sra-downloadb.be-md.ncbi.nlm.nih.gov/sos6/sra-pub-zq-40/SRR029/29289/SRR29289402/SRR29289402.lite.1,SRX24806258,D-1056-20_150-21,WGS,RANDOM,GENOMIC,PAIRED,0.0,0.0,ILLUMINA,Illumina HiSeq 2000,SRP511884,PRJNA1120243,,1120243.0,SRS21521141,SAMN41685509,simple,1773.0,Mycobacterium tuberculosis,D-1056-20,,,,,,,no,,,,,"FIND, THE FOUNDATION FOR INNOVATIVE NEW DIAGNOSTICS",SRA1889652,,public,EF594543CFEBECF0815209F6D822F30D,56A2BDDC2623892DE963DA0751FA3F1D
SAMN41685511,SRR29289312,2024-06-05 06:47:36,2024-06-05 06:39:24,4066190.0,1017530504.0,4066190.0,250.0,362.0,,https://sra-downloadb.be-md.ncbi.nlm.nih.gov/sos6/sra-pub-zq-40/SRR029/29289/SRR29289312/SRR29289312.lite.1,SRX24806348,D-1420-20_151-21,WGS,RANDOM,GENOMIC,PAIRED,0.0,0.0,ILLUMINA,Illumina HiSeq 2000,SRP511884,PRJNA1120243,,1120243.0,SRS21521231,SAMN41685511,simple,1773.0,Mycobacterium tuberculosis,D-1420-20,,,,,,,no,,,,,"FIND, THE FOUNDATION FOR INNOVATIVE NEW DIAGNOSTICS",SRA1889652,,public,C74FA2EE63514D6A2C01273A1E453688,E16028ECC16273C3B073D5B2C7F2032F
SAMN41685514,SRR29289368,2024-06-05 06:47:35,2024-06-05 06:39:29,4284744.0,1049732397.0,4284744.0,244.0,376.0,,https://sra-downloadb.be-md.ncbi.nlm.nih.gov/sos6/sra-pub-zq-40/SRR029/29289/SRR29289368/SRR29289368.lite.1,SRX24806292,D-1869-20_153-21,WGS,RANDOM,GENOMIC,PAIRED,0.0,0.0,ILLUMINA,Illumina HiSeq 2000,SRP511884,PRJNA1120243,,1120243.0,SRS21521175,SAMN41685514,simple,1773.0,Mycobacterium tuberculosis,D-1869-20,,,,,,,no,,,,,"FIND, THE FOUNDATION FOR INNOVATIVE NEW DIAGNOSTICS",SRA1889652,,public,EEFD7154AFA7E161E482D07B8541CDF2,217E3944D97633C689F4BC485B0D9818
SAMN41685516,SRR29289331,2024-06-05 06:47:36,2024-06-05 06:38:27,3310850.0,851787262.0,3310850.0,257.0,303.0,,https://sra-downloadb.be-md.ncbi.nlm.nih.gov/sos6/sra-pub-zq-40/SRR029/29289/SRR29289331/SRR29289331.lite.1,SRX24806329,D-1112-20_155-21,WGS,RANDOM,GENOMIC,PAIRED,0.0,0.0,ILLUMINA,Illumina HiSeq 2000,SRP511884,PRJNA1120243,,1120243.0,SRS21521212,SAMN41685516,simple,1773.0,Mycobacterium tuberculosis,D-1112-20,,,,,,,no,,,,,"FIND, THE FOUNDATION FOR INNOVATIVE NEW DIAGNOSTICS",SRA1889652,,public,F4B130B454D88220F7A75955E3DED98F,BC535ADC9F967B5055B285019AEBE554
SAMN41685519,SRR29289326,2024-06-05 06:47:36,2024-06-05 06:39:06,4132797.0,1006562521.0,4132797.0,243.0,359.0,,https://sra-downloadb.be-md.ncbi.nlm.nih.gov/sos6/sra-pub-zq-40/SRR029/29289/SRR29289326/SRR29289326.lite.1,SRX24806334,D-1208-20_156-21,WGS,RANDOM,GENOMIC,PAIRED,0.0,0.0,ILLUMINA,Illumina HiSeq 2000,SRP511884,PRJNA1120243,,1120243.0,SRS21521217,SAMN41685519,simple,1773.0,Mycobacterium tuberculosis,D-1208-20,,,,,,,no,,,,,"FIND, THE FOUNDATION FOR INNOVATIVE NEW DIAGNOSTICS",SRA1889652,,public,E6BB9D0D524AA6745AEB590DE95165E7,B10891C5FA1AB93AB98D4355E891221E
SAMN41685521,SRR29289230,2024-06-05 06:47:38,2024-06-05 06:39:31,2596615.0,715682169.0,2596615.0,275.0,254.0,,https://sra-downloadb.be-md.ncbi.nlm.nih.gov/sos6/sra-pub-zq-40/SRR029/29289/SRR29289230/SRR29289230.lite.1,SRX24806430,D-0163-21_158-21,WGS,RANDOM,GENOMIC,PAIRED,0.0,0.0,ILLUMINA,Illumina HiSeq 2000,SRP511884,PRJNA1120243,,1120243.0,SRS21521313,SAMN41685521,simple,1773.0,Mycobacterium tuberculosis,D-0163-21,,,,,,,no,,,,,"FIND, THE FOUNDATION FOR INNOVATIVE NEW DIAGNOSTICS",SRA1889652,,public,327F2A686FE0C8DC54B1543020410CE3,804E36331B70B0E62249F35451467A23
SAMN41685522,SRR29289327,2024-06-05 06:47:36,2024-06-05 06:39:13,3007589.0,781939919.0,3007589.0,259.0,277.0,,https://sra-downloadb.be-md.ncbi.nlm.nih.gov/sos6/sra-pub-zq-40/SRR029/29289/SRR29289327/SRR29289327.lite.1,SRX24806333,D-1197-20_159-21,WGS,RANDOM,GENOMIC,PAIRED,0.0,0.0,ILLUMINA,Illumina HiSeq 2000,SRP511884,PRJNA1120243,,1120243.0,SRS21521216,SAMN41685522,simple,1773.0,Mycobacterium tuberculosis,D-1197-20,,,,,,,no,,,,,"FIND, THE FOUNDATION FOR INNOVATIVE NEW DIAGNOSTICS",SRA1889652,,public,24091E1251180C26A1D07C28E577BBED,94D9DB4F19256DA2ED7C47975AB32C0B
SAMN41685523,SRR29289131,2024-06-05 06:47:39,2024-06-05 06:38:57,3689436.0,920661154.0,3689436.0,249.0,330.0,,https://sra-downloadb.be-md.ncbi.nlm.nih.gov/sos6/sra-pub-zq-40/SRR029/29289/SRR29289131/SRR29289131.lite.1,SRX24806529,D-0470-20_160-21,WGS,RANDOM,GENOMIC,PAIRED,0.0,0.0,ILLUMINA,Illumina HiSeq 2000,SRP511884,PRJNA1120243,,1120243.0,SRS21521412,SAMN41685523,simple,1773.0,Mycobacterium tuberculosis,D-0470-20,,,,,,,no,,,,,"FIND, THE FOUNDATION FOR INNOVATIVE NEW DIAGNOSTICS",SRA1889652,,public,8D6AC833059B52E6E735C81D134AFBF4,C85A3A79D1A24342BC82AEA1D6EB11A8
SAMN41685528,SRR29289250,2024-06-05 06:47:37,2024-06-05 06:38:15,1990264.0,554479331.0,1990264.0,278.0,215.0,,https://sra-downloadb.be-md.ncbi.nlm.nih.gov/sos6/sra-pub-zq-40/SRR029/29289/SRR29289250/SRR29289250.lite.1,SRX24806410,D-0736-20_163-21,WGS,RANDOM,GENOMIC,PAIRED,0.0,0.0,ILLUMINA,Illumina HiSeq 2000,SRP511884,PRJNA1120243,,1120243.0,SRS21521293,SAMN41685528,simple,1773.0,Mycobacterium tuberculosis,D-0736-20,,,,,,,no,,,,,"FIND, THE FOUNDATION FOR INNOVATIVE NEW DIAGNOSTICS",SRA1889652,,public,FCCFCFB91E5D1F1E0B10D21379B5FDD2,C0886DEC616CC0FC18A82968D91995F4
SAMN41685530,SRR29289178,2024-06-05 06:47:38,2024-06-05 06:38:54,2420011.0,673594018.0,2420011.0,278.0,263.0,,https://sra-downloadb.be-md.ncbi.nlm.nih.gov/sos6/sra-pub-zq-40/SRR029/29289/SRR29289178/SRR29289178.lite.1,SRX24806482,D-0310-21_164-21,WGS,RANDOM,GENOMIC,PAIRED,0.0,0.0,ILLUMINA,Illumina HiSeq 2000,SRP511884,PRJNA1120243,,1120243.0,SRS21521366,SAMN41685530,simple,1773.0,Mycobacterium tuberculosis,D-0310-21,,,,,,,no,,,,,"FIND, THE FOUNDATION FOR INNOVATIVE NEW DIAGNOSTICS",SRA1889652,,public,41E89C9761A993BC5128014D8BD88B9E,9A177AE528304312421A4751FDA4B01A
SAMN41685531,SRR29289225,2024-06-05 06:47:38,2024-06-05 06:38:33,1552699.0,403466193.0,1552699.0,259.0,152.0,,https://sra-downloadb.be-md.ncbi.nlm.nih.gov/sos6/sra-pub-zq-40/SRR029/29289/SRR29289225/SRR29289225.lite.1,SRX24806435,D-2246-20_165-21,WGS,RANDOM,GENOMIC,PAIRED,0.0,0.0,ILLUMINA,Illumina HiSeq 2000,SRP511884,PRJNA1120243,,1120243.0,SRS21521318,SAMN41685531,simple,1773.0,Mycobacterium tuberculosis,D-2246-20,,,,,,,no,,,,,"FIND, THE FOUNDATION FOR INNOVATIVE NEW DIAGNOSTICS",SRA1889652,,public,02E0FAE44260D31FF36A0BE8BA1D84B6,DE248EC7CE00A50E47C0263BF5129D22
SAMN41685533,SRR29289424,2024-06-05 06:47:33,2024-06-05 06:39:00,1415029.0,389047156.0,1415029.0,274.0,146.0,,https://sra-downloadb.be-md.ncbi.nlm.nih.gov/sos6/sra-pub-zq-40/SRR029/29289/SRR29289424/SRR29289424.lite.1,SRX24806236,D-0901-20_166-21,WGS,RANDOM,GENOMIC,PAIRED,0.0,0.0,ILLUMINA,Illumina HiSeq 2000,SRP511884,PRJNA1120243,,1120243.0,SRS21521119,SAMN41685533,simple,1773.0,Mycobacterium tuberculosis,D-0901-20,,,,,,,no,,,,,"FIND, THE FOUNDATION FOR INNOVATIVE NEW DIAGNOSTICS",SRA1889652,,public,0AEC29D8B714C99D623AF6FDAB6EF0F5,0A6AC1D6F95DFB9DF5F8A3D6A54D3903
SAMN41685534,SRR29289366,2024-06-05 06:47:35,2024-06-05 06:38:47,2161450.0,543171846.0,2161450.0,251.0,202.0,,https://sra-downloadb.be-md.ncbi.nlm.nih.gov/sos6/sra-pub-zq-40/SRR029/29289/SRR29289366/SRR29289366.lite.1,SRX24806294,D-1950-20_169-21,WGS,RANDOM,GENOMIC,PAIRED,0.0,0.0,ILLUMINA,Illumina HiSeq 2000,SRP511884,PRJNA1120243,,1120243.0,SRS21521177,SAMN41685534,simple,1773.0,Mycobacterium tuberculosis,D-1950-20,,,,,,,no,,,,,"FIND, THE FOUNDATION FOR INNOVATIVE NEW DIAGNOSTICS",SRA1889652,,public,53B36AC330660C3B1705853E758644D6,49481BCD928235001C3BD3778FAFC1D6
SAMN41685535,SRR29289226,2024-06-05 06:47:38,2024-06-05 06:38:31,1138576.0,299364352.0,1138576.0,262.0,113.0,,https://sra-downloadb.be-md.ncbi.nlm.nih.gov/sos6/sra-pub-zq-40/SRR029/29289/SRR29289226/SRR29289226.lite.1,SRX24806434,D-2196-20_170-21,WGS,RANDOM,GENOMIC,PAIRED,0.0,0.0,ILLUMINA,Illumina HiSeq 2000,SRP511884,PRJNA1120243,,1120243.0,SRS21521317,SAMN41685535,simple,1773.0,Mycobacterium tuberculosis,D-2196-20,,,,,,,no,,,,,"FIND, THE FOUNDATION FOR INNOVATIVE NEW DIAGNOSTICS",SRA1889652,,public,3FA8C994B636FB21037400B928E2FB3A,762248B07067CE0792070E3CFB39B965
SAMN41685540,SRR29289137,2024-06-05 06:47:39,2024-06-05 06:38:15,894321.0,250861147.0,894321.0,280.0,95.0,,https://sra-downloadb.be-md.ncbi.nlm.nih.gov/sos6/sra-pub-zq-40/SRR029/29289/SRR29289137/SRR29289137.lite.1,SRX24806523,D-0420-21_173-21,WGS,RANDOM,GENOMIC,PAIRED,0.0,0.0,ILLUMINA,Illumina HiSeq 2000,SRP511884,PRJNA1120243,,1120243.0,SRS21521406,SAMN41685540,simple,1773.0,Mycobacterium tuberculosis,D-0420-21,,,,,,,no,,,,,"FIND, THE FOUNDATION FOR INNOVATIVE NEW DIAGNOSTICS",SRA1889652,,public,DCB5A2C840822375435AA3342BD9427C,80069DCC6471ECF29443436D48AC8DDF
SAMN41685546,SRR29289173,2024-06-05 06:47:38,2024-06-05 06:38:48,2082700.0,520666345.0,2082700.0,249.0,196.0,,https://sra-downloadb.be-md.ncbi.nlm.nih.gov/sos6/sra-pub-zq-40/SRR029/29289/SRR29289173/SRR29289173.lite.1,SRX24806487,D-0404-20_174-21,WGS,RANDOM,GENOMIC,PAIRED,0.0,0.0,ILLUMINA,Illumina HiSeq 2000,SRP511884,PRJNA1120243,,1120243.0,SRS21521370,SAMN41685546,simple,1773.0,Mycobacterium tuberculosis,D-0404-20,,,,,,,no,,,,,"FIND, THE FOUNDATION FOR INNOVATIVE NEW DIAGNOSTICS",SRA1889652,,public,9E5978CA7F9738E776D52576F44010AF,CAA435DF72C0735299ED39B4F128DABC
SAMN41685549,SRR29289387,2024-06-05 06:47:35,2024-06-05 06:38:49,1195848.0,321178245.0,1195848.0,268.0,121.0,,https://sra-downloadb.be-md.ncbi.nlm.nih.gov/sos6/sra-pub-zq-40/SRR029/29289/SRR29289387/SRR29289387.lite.1,SRX24806273,D-1686-20_175-21,WGS,RANDOM,GENOMIC,PAIRED,0.0,0.0,ILLUMINA,Illumina HiSeq 2000,SRP511884,PRJNA1120243,,1120243.0,SRS21521156,SAMN41685549,simple,1773.0,Mycobacterium tuberculosis,D-1686-20,,,,,,,no,,,,,"FIND, THE FOUNDATION FOR INNOVATIVE NEW DIAGNOSTICS",SRA1889652,,public,8F87988BE375CF0F812B6FCB788DC85E,2C4922E3C1F86611E0FA34B0AC549380
SAMN41685554,SRR29289218,2024-06-05 06:47:38,2024-06-05 06:38:19,1569694.0,389558838.0,1569694.0,248.0,147.0,,https://sra-downloadb.be-md.ncbi.nlm.nih.gov/sos6/sra-pub-zq-40/SRR029/29289/SRR29289218/SRR29289218.lite.1,SRX24806442,D-0166-21_177-21,WGS,RANDOM,GENOMIC,PAIRED,0.0,0.0,ILLUMINA,Illumina HiSeq 2000,SRP511884,PRJNA1120243,,1120243.0,SRS21521325,SAMN41685554,simple,1773.0,Mycobacterium tuberculosis,D-0166-21,,,,,,,no,,,,,"FIND, THE FOUNDATION FOR INNOVATIVE NEW DIAGNOSTICS",SRA1889652,,public,F3D744A779721E75FAE39BE69DB9C7A1,55327D272250B7C6B094F2D893D7A1FB
SAMN41685558,SRR29289217,2024-06-05 06:47:38,2024-06-05 06:38:27,993928.0,274185228.0,993928.0,275.0,103.0,,https://sra-downloadb.be-md.ncbi.nlm.nih.gov/sos6/sra-pub-zq-40/SRR029/29289/SRR29289217/SRR29289217.lite.1,SRX24806443,D-2282-20_178-21,WGS,RANDOM,GENOMIC,PAIRED,0.0,0.0,ILLUMINA,Illumina HiSeq 2000,SRP511884,PRJNA1120243,,1120243.0,SRS21521326,SAMN41685558,simple,1773.0,Mycobacterium tuberculosis,D-2282-20,,,,,,,no,,,,,"FIND, THE FOUNDATION FOR INNOVATIVE NEW DIAGNOSTICS",SRA1889652,,public,8EBD39022D4614C630C2B91A6DF0A371,378EC6D784E8EED9ACBA35F7E06CF93E
SAMN41685559,SRR29289164,2024-06-05 06:47:39,2024-06-05 06:38:19,1737977.0,451238607.0,1737977.0,259.0,168.0,,https://sra-downloadb.be-md.ncbi.nlm.nih.gov/sos6/sra-pub-zq-40/SRR029/29289/SRR29289164/SRR29289164.lite.1,SRX24806496,D-0195-21_179-21,WGS,RANDOM,GENOMIC,PAIRED,0.0,0.0,ILLUMINA,Illumina HiSeq 2000,SRP511884,PRJNA1120243,,1120243.0,SRS21521379,SAMN41685559,simple,1773.0,Mycobacterium tuberculosis,D-0195-21,,,,,,,no,,,,,"FIND, THE FOUNDATION FOR INNOVATIVE NEW DIAGNOSTICS",SRA1889652,,public,9D97158EDA0CA983942CC4F2F0B3C7A0,E1B66B4BE44804608719A6C785B3A778
SAMN41685566,SRR29289228,2024-06-05 06:47:38,2024-06-05 06:38:26,1416921.0,369204543.0,1416921.0,260.0,139.0,,https://sra-downloadb.be-md.ncbi.nlm.nih.gov/sos6/sra-pub-zq-40/SRR029/29289/SRR29289228/SRR29289228.lite.1,SRX24806432,D-2117-20_181-21,WGS,RANDOM,GENOMIC,PAIRED,0.0,0.0,ILLUMINA,Illumina HiSeq 2000,SRP511884,PRJNA1120243,,1120243.0,SRS21521314,SAMN41685566,simple,1773.0,Mycobacterium tuberculosis,D-2117-20,,,,,,,no,,,,,"FIND, THE FOUNDATION FOR INNOVATIVE NEW DIAGNOSTICS",SRA1889652,,public,819964C24B263BD8E6DF44ADD107819C,DC72DB5B081067BBF2F7BF72C9BD8F21
SAMN41685567,SRR29289220,2024-06-05 06:47:38,2024-06-05 06:38:48,1994494.0,496538966.0,1994494.0,248.0,187.0,,https://sra-downloadb.be-md.ncbi.nlm.nih.gov/sos6/sra-pub-zq-40/SRR029/29289/SRR29289220/SRR29289220.lite.1,SRX24806440,D-2281-20_182-21,WGS,RANDOM,GENOMIC,PAIRED,0.0,0.0,ILLUMINA,Illumina HiSeq 2000,SRP511884,PRJNA1120243,,1120243.0,SRS21521323,SAMN41685567,simple,1773.0,Mycobacterium tuberculosis,D-2281-20,,,,,,,no,,,,,"FIND, THE FOUNDATION FOR INNOVATIVE NEW DIAGNOSTICS",SRA1889652,,public,E00A4B80E55BB6B9DF77E419EFE88DB6,4C6C0F7BB63A0FDAD49497556139CA96
SAMN41685568,SRR29289224,2024-06-05 06:47:38,2024-06-05 06:39:04,1972553.0,486670118.0,1972553.0,246.0,182.0,,https://sra-downloadb.be-md.ncbi.nlm.nih.gov/sos6/sra-pub-zq-40/SRR029/29289/SRR29289224/SRR29289224.lite.1,SRX24806436,D-2251-20_183-21,WGS,RANDOM,GENOMIC,PAIRED,0.0,0.0,ILLUMINA,Illumina HiSeq 2000,SRP511884,PRJNA1120243,,1120243.0,SRS21521319,SAMN41685568,simple,1773.0,Mycobacterium tuberculosis,D-2251-20,,,,,,,no,,,,,"FIND, THE FOUNDATION FOR INNOVATIVE NEW DIAGNOSTICS",SRA1889652,,public,163E13A4E10E317C40836E7312C2C206,579D5CC0FF5666465B03A37BBA190386
SAMN41685574,SRR29289406,2024-06-05 06:47:34,2024-06-05 06:38:14,1152570.0,305711325.0,1152570.0,265.0,115.0,,https://sra-downloadb.be-md.ncbi.nlm.nih.gov/sos6/sra-pub-zq-40/SRR029/29289/SRR29289406/SRR29289406.lite.1,SRX24806254,D-0982-20_187-21,WGS,RANDOM,GENOMIC,PAIRED,0.0,0.0,ILLUMINA,Illumina HiSeq 2000,SRP511884,PRJNA1120243,,1120243.0,SRS21521137,SAMN41685574,simple,1773.0,Mycobacterium tuberculosis,D-0982-20,,,,,,,no,,,,,"FIND, THE FOUNDATION FOR INNOVATIVE NEW DIAGNOSTICS",SRA1889652,,public,0D6FF8D9A076D42B78F00402AD6B1BBC,9D6E71F01038905C1958F907DD88D834
SAMN41685578,SRR29289256,2024-06-05 06:47:37,2024-06-05 06:38:47,1680671.0,452473073.0,1680671.0,269.0,169.0,,https://sra-downloadb.be-md.ncbi.nlm.nih.gov/sos6/sra-pub-zq-40/SRR029/29289/SRR29289256/SRR29289256.lite.1,SRX24806404,D-0702-21_191-21,WGS,RANDOM,GENOMIC,PAIRED,0.0,0.0,ILLUMINA,Illumina HiSeq 2000,SRP511884,PRJNA1120243,,1120243.0,SRS21521287,SAMN41685578,simple,1773.0,Mycobacterium tuberculosis,D-0702-21,,,,,,,no,,,,,"FIND, THE FOUNDATION FOR INNOVATIVE NEW DIAGNOSTICS",SRA1889652,,public,39C67976CD2C33DD1ECD9021A53AEF67,5CA064474EBDA05A27004281F0F67B04
SAMN41685580,SRR29289221,2024-06-05 06:47:38,2024-06-05 06:38:27,1358973.0,380672361.0,1358973.0,280.0,142.0,,https://sra-downloadb.be-md.ncbi.nlm.nih.gov/sos6/sra-pub-zq-40/SRR029/29289/SRR29289221/SRR29289221.lite.1,SRX24806439,D-2276-20_193-21,WGS,RANDOM,GENOMIC,PAIRED,0.0,0.0,ILLUMINA,Illumina HiSeq 2000,SRP511884,PRJNA1120243,,1120243.0,SRS21521322,SAMN41685580,simple,1773.0,Mycobacterium tuberculosis,D-2276-20,,,,,,,no,,,,,"FIND, THE FOUNDATION FOR INNOVATIVE NEW DIAGNOSTICS",SRA1889652,,public,A086A003C44C502D06273CE4D2ED01E5,0CA4363202CE3743EDDA8750058A2AF3
SAMN41685583,SRR29289388,2024-06-05 06:47:35,2024-06-05 06:39:12,2449812.0,635173780.0,2449812.0,259.0,251.0,,https://sra-downloadb.be-md.ncbi.nlm.nih.gov/sos6/sra-pub-zq-40/SRR029/29289/SRR29289388/SRR29289388.lite.1,SRX24806272,D-1653-20_196-21,WGS,RANDOM,GENOMIC,PAIRED,0.0,0.0,ILLUMINA,Illumina HiSeq 2000,SRP511884,PRJNA1120243,,1120243.0,SRS21521155,SAMN41685583,simple,1773.0,Mycobacterium tuberculosis,D-1653-20,,,,,,,no,,,,,"FIND, THE FOUNDATION FOR INNOVATIVE NEW DIAGNOSTICS",SRA1889652,,public,5402AD1E063AF416FE34DED017BAB7F8,56AE230986792C2092A01516EF960DD2
SAMN41685585,SRR29289119,2024-06-05 06:47:39,2024-06-05 06:38:41,1730225.0,476833683.0,1730225.0,275.0,188.0,,https://sra-downloadb.be-md.ncbi.nlm.nih.gov/sos6/sra-pub-zq-40/SRR029/29289/SRR29289119/SRR29289119.lite.1,SRX24806541,D-0554-21_198-21,WGS,RANDOM,GENOMIC,PAIRED,0.0,0.0,ILLUMINA,Illumina HiSeq 2000,SRP511884,PRJNA1120243,,1120243.0,SRS21521424,SAMN41685585,simple,1773.0,Mycobacterium tuberculosis,D-0554-21,,,,,,,no,,,,,"FIND, THE FOUNDATION FOR INNOVATIVE NEW DIAGNOSTICS",SRA1889652,,public,13BCAFDFBC2B3F43A58888FEE19BB22A,550A913DCA7998057B0F1ABB9654D7BF
SAMN41685588,SRR29289177,2024-06-05 06:47:38,2024-06-05 06:38:44,1705284.0,466936316.0,1705284.0,273.0,184.0,,https://sra-downloadb.be-md.ncbi.nlm.nih.gov/sos6/sra-pub-zq-40/SRR029/29289/SRR29289177/SRR29289177.lite.1,SRX24806483,D-0342-21_202-21,WGS,RANDOM,GENOMIC,PAIRED,0.0,0.0,ILLUMINA,Illumina HiSeq 2000,SRP511884,PRJNA1120243,,1120243.0,SRS21521365,SAMN41685588,simple,1773.0,Mycobacterium tuberculosis,D-0342-21,,,,,,,no,,,,,"FIND, THE FOUNDATION FOR INNOVATIVE NEW DIAGNOSTICS",SRA1889652,,public,953777509E9F5D0E2F9429C8283505A4,46AB5FE47C9B67FEE9BA9091DAF3A1F7
SAMN41685594,SRR29289377,2024-06-05 06:47:35,2024-06-05 06:38:50,1217347.0,326990073.0,1217347.0,268.0,129.0,,https://sra-downloadb.be-md.ncbi.nlm.nih.gov/sos6/sra-pub-zq-40/SRR029/29289/SRR29289377/SRR29289377.lite.1,SRX24806283,D-1748-20_204-21,WGS,RANDOM,GENOMIC,PAIRED,0.0,0.0,ILLUMINA,Illumina HiSeq 2000,SRP511884,PRJNA1120243,,1120243.0,SRS21521166,SAMN41685594,simple,1773.0,Mycobacterium tuberculosis,D-1748-20,,,,,,,no,,,,,"FIND, THE FOUNDATION FOR INNOVATIVE NEW DIAGNOSTICS",SRA1889652,,public,C74427B16A4116DD9CC65AE096C4EC29,5AACCE0394EBE3212EA32772031BFB48
SAMN41685595,SRR29289376,2024-06-05 06:47:35,2024-06-05 06:38:42,1226849.0,344504490.0,1226849.0,280.0,136.0,,https://sra-downloadb.be-md.ncbi.nlm.nih.gov/sos6/sra-pub-zq-40/SRR029/29289/SRR29289376/SRR29289376.lite.1,SRX24806284,D-1760-20_205-21,WGS,RANDOM,GENOMIC,PAIRED,0.0,0.0,ILLUMINA,Illumina HiSeq 2000,SRP511884,PRJNA1120243,,1120243.0,SRS21521167,SAMN41685595,simple,1773.0,Mycobacterium tuberculosis,D-1760-20,,,,,,,no,,,,,"FIND, THE FOUNDATION FOR INNOVATIVE NEW DIAGNOSTICS",SRA1889652,,public,705C8A1137908AD7BD63942E2063DAD2,ABF7298CBDA569CB150E86F549574E8B
SAMN41685596,SRR29289267,2024-06-05 06:47:37,2024-06-05 06:38:11,1649737.0,444529953.0,1649737.0,269.0,175.0,,https://sra-downloadb.be-md.ncbi.nlm.nih.gov/sos6/sra-pub-zq-40/SRR029/29289/SRR29289267/SRR29289267.lite.1,SRX24806393,D-0641-21_206-21,WGS,RANDOM,GENOMIC,PAIRED,0.0,0.0,ILLUMINA,Illumina HiSeq 2000,SRP511884,PRJNA1120243,,1120243.0,SRS21521276,SAMN41685596,simple,1773.0,Mycobacterium tuberculosis,D-0641-21,,,,,,,no,,,,,"FIND, THE FOUNDATION FOR INNOVATIVE NEW DIAGNOSTICS",SRA1889652,,public,A70DA3D1541C780806D0495515A93A94,2D5E7D99B41B60B79A97C7BAE403EC61
SAMN41685597,SRR29289300,2024-06-05 06:47:36,2024-06-05 06:38:07,2355039.0,576312489.0,2355039.0,244.0,226.0,,https://sra-downloadb.be-md.ncbi.nlm.nih.gov/sos6/sra-pub-zq-40/SRR029/29289/SRR29289300/SRR29289300.lite.1,SRX24806360,D-1581-20_207-21,WGS,RANDOM,GENOMIC,PAIRED,0.0,0.0,ILLUMINA,Illumina HiSeq 2000,SRP511884,PRJNA1120243,,1120243.0,SRS21521243,SAMN41685597,simple,1773.0,Mycobacterium tuberculosis,D-1581-20,,,,,,,no,,,,,"FIND, THE FOUNDATION FOR INNOVATIVE NEW DIAGNOSTICS",SRA1889652,,public,EBC2BFCEF620B3CB5954817202D9ECE4,EFC49A06ABAF80F55E3402A0AD210FF5
SAMN41685599,SRR29289216,2024-06-05 06:47:38,2024-06-05 06:38:36,1717410.0,457272616.0,1717410.0,266.0,180.0,,https://sra-downloadb.be-md.ncbi.nlm.nih.gov/sos6/sra-pub-zq-40/SRR029/29289/SRR29289216/SRR29289216.lite.1,SRX24806444,D-2285-20_208-21,WGS,RANDOM,GENOMIC,PAIRED,0.0,0.0,ILLUMINA,Illumina HiSeq 2000,SRP511884,PRJNA1120243,,1120243.0,SRS21521327,SAMN41685599,simple,1773.0,Mycobacterium tuberculosis,D-2285-20,,,,,,,no,,,,,"FIND, THE FOUNDATION FOR INNOVATIVE NEW DIAGNOSTICS",SRA1889652,,public,6D013690947AC1C172AD79996AEB6815,5205DF4336D7E39E1F8B67B47196FDB9
SAMN41685603,SRR29289416,2024-06-05 06:47:34,2024-06-05 06:38:54,1228167.0,330201297.0,1228167.0,268.0,130.0,,https://sra-downloadb.be-md.ncbi.nlm.nih.gov/sos6/sra-pub-zq-40/SRR029/29289/SRR29289416/SRR29289416.lite.1,SRX24806244,D-0089-21_209-21,WGS,RANDOM,GENOMIC,PAIRED,0.0,0.0,ILLUMINA,Illumina HiSeq 2000,SRP511884,PRJNA1120243,,1120243.0,SRS21521127,SAMN41685603,simple,1773.0,Mycobacterium tuberculosis,D-0089-21,,,,,,,no,,,,,"FIND, THE FOUNDATION FOR INNOVATIVE NEW DIAGNOSTICS",SRA1889652,,public,BBA6D16A6730CEC946C233AA77F9AF72,F3C22C540B28CAB8651854012BC38677
SAMN41685604,SRR29289110,2024-06-05 06:47:39,2024-06-05 06:37:54,1319591.0,368724779.0,1319591.0,279.0,146.0,,https://sra-downloadb.be-md.ncbi.nlm.nih.gov/sos6/sra-pub-zq-40/SRR029/29289/SRR29289110/SRR29289110.lite.1,SRX24806550,D-0610-21_210-21,WGS,RANDOM,GENOMIC,PAIRED,0.0,0.0,ILLUMINA,Illumina HiSeq 2000,SRP511884,PRJNA1120243,,1120243.0,SRS21521434,SAMN41685604,simple,1773.0,Mycobacterium tuberculosis,D-0610-21,,,,,,,no,,,,,"FIND, THE FOUNDATION FOR INNOVATIVE NEW DIAGNOSTICS",SRA1889652,,public,C9C278755A17FFDD64B70AE2DEE4D777,2CF55FD879C8229C9B5825111FDDF452
SAMN41685605,SRR29289113,2024-06-05 06:47:39,2024-06-05 06:38:01,1461115.0,408687372.0,1461115.0,279.0,162.0,,https://sra-downloadb.be-md.ncbi.nlm.nih.gov/sos6/sra-pub-zq-40/SRR029/29289/SRR29289113/SRR29289113.lite.1,SRX24806547,D-0592-21_211-21,WGS,RANDOM,GENOMIC,PAIRED,0.0,0.0,ILLUMINA,Illumina HiSeq 2000,SRP511884,PRJNA1120243,,1120243.0,SRS21521430,SAMN41685605,simple,1773.0,Mycobacterium tuberculosis,D-0592-21,,,,,,,no,,,,,"FIND, THE FOUNDATION FOR INNOVATIVE NEW DIAGNOSTICS",SRA1889652,,public,D1A3B1B827642B35133B19D98CD23571,F80B7BACFC0C4BEF5B14D2ED8DB81E30
SAMN41685607,SRR29289157,2024-06-06 20:29:15,2024-06-06 20:24:50,1345695.0,378770423.0,1345695.0,281.0,142.0,,https://sra-downloadb.be-md.ncbi.nlm.nih.gov/sos6/sra-pub-zq-40/SRR029/29289/SRR29289157/SRR29289157.lite.1,SRX24806503,IHK-1251-17_213-21,WGS,RANDOM,GENOMIC,PAIRED,0.0,0.0,ILLUMINA,Illumina HiSeq 2000,SRP511884,PRJNA1120243,,1120243.0,SRS21521386,SAMN41685607,simple,1773.0,Mycobacterium tuberculosis,IHK-1251-17,,,,,,,no,,,,,"FIND, THE FOUNDATION FOR INNOVATIVE NEW DIAGNOSTICS",SRA1889652,,public,CB6F6BCCC10CEF09849CA69AF0952E00,686FA7C39D88D828ABFEAC3126FE3295
SAMN43779884,SRR30673333,2024-09-17 12:16:44,2024-09-16 04:54:34,1190917.0,322300788.0,1190917.0,270.0,130.0,,https://sra-downloadb.be-md.ncbi.nlm.nih.gov/sos6/sra-pub-zq-40/SRR030/30673/SRR30673333/SRR30673333.lite.1,SRX26091628,TB038040020-WGS,WGS,RANDOM,GENOMIC,PAIRED,0.0,0.0,ILLUMINA,NextSeq 500,SRP532857,PRJNA1160005,,1160005.0,SRS22657946,SAMN43779884,simple,1773.0,Mycobacterium tuberculosis,TB038040020,,,,,,,no,,,,,"FIND, THE FOUNDATION FOR INNOVATIVE NEW DIAGNOSTICS",SRA1972785,,public,EC2A6B1E2C3CEB8E797FE36FC82CD935,2EC3C99D3960F33BDD76998ABD475CDE
SAMN43779884,SRR31249287,2024-11-06 13:20:00,2024-11-06 13:12:22,362361.0,92387108.0,362361.0,254.0,51.0,,https://sra-downloadb.be-md.ncbi.nlm.nih.gov/sos2/sra-pub-zq-20/SRR031/31249/SRR31249287/SRR31249287.lite.1,SRX26628775,TB038040020-GS,AMPLICON,PCR,GENOMIC,PAIRED,0.0,0.0,ILLUMINA,Illumina MiSeq,SRP532857,PRJNA1160005,,1160005.0,SRS22657946,SAMN43779884,simple,1773.0,Mycobacterium tuberculosis,TB038040020,,,,,,,no,,,,,"FIND, THE FOUNDATION FOR INNOVATIVE NEW DIAGNOSTICS",SRA2008967,,public,42F07EB05DD73F25096E4F0BEEB0EB82,DECE82F587AFB890E4906C4C7F06EFF3
SAMN43779884,SRR31553681,2024-11-29 15:48:57,2024-11-29 14:09:34,105161.0,63586937.0,0.0,604.0,58.0,,https://sra-pub-run-odp.s3.amazonaws.com/sra/SRR31553681/SRR31553681,SRX26919758,TB038040020-ONT,AMPLICON,PCR,GENOMIC,SINGLE,0.0,0.0,OXFORD_NANOPORE,MinION,SRP532857,PRJNA1160005,,1160005.0,SRS22657946,SAMN43779884,simple,1773.0,Mycobacterium tuberculosis,TB038040020,,,,,,,no,,,,,"FIND, THE FOUNDATION FOR INNOVATIVE NEW DIAGNOSTICS",SRA2024402,,public,6A658B6F5C4DFD0D52636724F3C688D3,8D62BBC1C91BAC784F5A870CAF1E2237
SAMN43779895,SRR30673531,2024-09-17 12:17:17,2024-09-16 04:55:01,1184561.0,335747707.0,1184561.0,283.0,135.0,,https://sra-downloadb.be-md.ncbi.nlm.nih.gov/sos6/sra-pub-zq-40/SRR030/30673/SRR30673531/SRR30673531.lite.1,SRX26092102,TB038040031-WGS,WGS,RANDOM,GENOMIC,PAIRED,0.0,0.0,ILLUMINA,NextSeq 500,SRP532857,PRJNA1160005,,1160005.0,SRS22658420,SAMN43779895,simple,1773.0,Mycobacterium tuberculosis,TB038040031,,,,,,,no,,,,,"FIND, THE FOUNDATION FOR INNOVATIVE NEW DIAGNOSTICS",SRA1972785,,public,F7A4AF8589915527DFB391B5A1935EB9,7998C370D81AD8F471712D4BA2FBF4CE
SAMN43779895,SRR31248863,2024-11-06 13:26:22,2024-11-06 13:11:13,265801.0,70557918.0,265801.0,265.0,37.0,,https://sra-downloadb.be-md.ncbi.nlm.nih.gov/sos2/sra-pub-zq-20/SRR031/31248/SRR31248863/SRR31248863.lite.1,SRX26628383,TB038040031-GS,AMPLICON,PCR,GENOMIC,PAIRED,0.0,0.0,ILLUMINA,Illumina MiSeq,SRP532857,PRJNA1160005,,1160005.0,SRS22658420,SAMN43779895,simple,1773.0,Mycobacterium tuberculosis,TB038040031,,,,,,,no,,,,,"FIND, THE FOUNDATION FOR INNOVATIVE NEW DIAGNOSTICS",SRA2008967,,public,9E535A726727E7D6CA779B448CFB11EC,7D1A27D6798A0B3CE10207834A5EBBD4
SAMN43779895,SRR31553663,2024-11-29 15:48:54,2024-11-29 14:04:06,109871.0,55724816.0,0.0,507.0,51.0,,https://sra-pub-run-odp.s3.amazonaws.com/sra/SRR31553663/SRR31553663,SRX26919781,TB038040031-ONT,AMPLICON,PCR,GENOMIC,SINGLE,0.0,0.0,OXFORD_NANOPORE,MinION,SRP532857,PRJNA1160005,,1160005.0,SRS22658420,SAMN43779895,simple,1773.0,Mycobacterium tuberculosis,TB038040031,,,,,,,no,,,,,"FIND, THE FOUNDATION FOR INNOVATIVE NEW DIAGNOSTICS",SRA2024402,,public,3FF90C9D8D7D2244F45A953EAB62EE13,5417BE9C40A631B3B7D2A9F91014DBAE
SAMN43779903,SRR30673485,2024-09-17 12:16:55,2024-09-16 04:55:01,1813583.0,492117127.0,1813583.0,271.0,202.0,,https://sra-downloadb.be-md.ncbi.nlm.nih.gov/sos6/sra-pub-zq-40/SRR030/30673/SRR30673485/SRR30673485.lite.1,SRX26092148,TB038040039-WGS,WGS,RANDOM,GENOMIC,PAIRED,0.0,0.0,ILLUMINA,NextSeq 500,SRP532857,PRJNA1160005,,1160005.0,SRS22658466,SAMN43779903,simple,1773.0,Mycobacterium tuberculosis,TB038040039,,,,,,,no,,,,,"FIND, THE FOUNDATION FOR INNOVATIVE NEW DIAGNOSTICS",SRA1972785,,public,104A492EC3D878E4062D78AA3793084E,4E757A0329E70BD619326DA985EDA0D2
SAMN43779903,SRR31248678,2024-11-06 13:20:08,2024-11-06 13:11:43,492872.0,133580308.0,492872.0,271.0,70.0,,https://sra-downloadb.be-md.ncbi.nlm.nih.gov/sos2/sra-pub-zq-20/SRR031/31248/SRR31248678/SRR31248678.lite.1,SRX26628568,TB038040039-GS,AMPLICON,PCR,GENOMIC,PAIRED,0.0,0.0,ILLUMINA,Illumina MiSeq,SRP532857,PRJNA1160005,,1160005.0,SRS22658466,SAMN43779903,simple,1773.0,Mycobacterium tuberculosis,TB038040039,,,,,,,no,,,,,"FIND, THE FOUNDATION FOR INNOVATIVE NEW DIAGNOSTICS",SRA2008967,,public,7E827F0CEE643A2C5703E2842009F90B,D1F5912D124A383E81435963097985A8
SAMN43779903,SRR31554294,2024-11-29 15:32:30,2024-11-29 14:28:36,44706.0,22034475.0,0.0,492.0,20.0,,https://sra-pub-run-odp.s3.amazonaws.com/sra/SRR31554294/SRR31554294,SRX26920346,TB038040039-ONT,AMPLICON,PCR,GENOMIC,SINGLE,0.0,0.0,OXFORD_NANOPORE,MinION,SRP532857,PRJNA1160005,,1160005.0,SRS22658466,SAMN43779903,simple,1773.0,Mycobacterium tuberculosis,TB038040039,,,,,,,no,,,,,"FIND, THE FOUNDATION FOR INNOVATIVE NEW DIAGNOSTICS",SRA2024402,,public,C1214B2BDE29EE96617F6AD4AEE4AE5C,C26F6624F269619F80262421B57669E7
SAMN43780562,SRR30673709,2024-09-17 12:17:10,2024-09-16 05:01:21,1230241.0,353529189.0,1230241.0,287.0,89.0,,https://sra-downloadb.be-md.ncbi.nlm.nih.gov/sos6/sra-pub-zq-40/SRR030/30673/SRR30673709/SRR30673709.lite.1,SRX26091924,TB038060058-WGS,WGS,RANDOM,GENOMIC,PAIRED,0.0,0.0,ILLUMINA,NextSeq 500,SRP532857,PRJNA1160005,,1160005.0,SRS22658242,SAMN43780562,simple,1773.0,Mycobacterium tuberculosis,TB038060058,,,,,,,no,,,,,"FIND, THE FOUNDATION FOR INNOVATIVE NEW DIAGNOSTICS",SRA1972785,,public,DE7CD58EA8B1499D5BC3CE563210950F,F954A24AA44CCD2400CD9926C974580B
SAMN43780562,SRR31249163,2024-11-06 13:19:49,2024-11-06 13:11:51,304133.0,87777644.0,304133.0,288.0,45.0,,https://sra-downloadb.be-md.ncbi.nlm.nih.gov/sos2/sra-pub-zq-20/SRR031/31249/SRR31249163/SRR31249163.lite.1,SRX26628899,TB038060058-GS,AMPLICON,PCR,GENOMIC,PAIRED,0.0,0.0,ILLUMINA,Illumina MiSeq,SRP532857,PRJNA1160005,,1160005.0,SRS22658242,SAMN43780562,simple,1773.0,Mycobacterium tuberculosis,TB038060058,,,,,,,no,,,,,"FIND, THE FOUNDATION FOR INNOVATIVE NEW DIAGNOSTICS",SRA2008967,,public,43CBA4180B8F81CB9C274D8A9B3995F3,F13198993E86D1990AA81DD2A0CE5D9F
SAMN43780562,SRR31553896,2024-11-29 15:32:59,2024-11-29 14:14:44,65660.0,35106812.0,0.0,534.0,32.0,,https://sra-downloadb.be-md.ncbi.nlm.nih.gov/sos7/sra-pub-run-38/SRR031/31553/SRR31553896/SRR31553896.1,SRX26919894,TB038060058-ONT,AMPLICON,PCR,GENOMIC,SINGLE,0.0,0.0,OXFORD_NANOPORE,MinION,SRP532857,PRJNA1160005,,1160005.0,SRS22658242,SAMN43780562,simple,1773.0,Mycobacterium tuberculosis,TB038060058,,,,,,,no,,,,,"FIND, THE FOUNDATION FOR INNOVATIVE NEW DIAGNOSTICS",SRA2024402,,public,AF07CD0261449503D9414C0AA21EC2E6,91A1C61B27E47A0203B3436C451307F5
SAMN43780559,SRR30673552,2024-09-17 12:17:01,2024-09-16 04:54:49,2191759.0,541604851.0,2191759.0,247.0,139.0,,https://sra-downloadb.be-md.ncbi.nlm.nih.gov/sos6/sra-pub-zq-40/SRR030/30673/SRR30673552/SRR30673552.lite.1,SRX26092081,TB038060055-WGS,WGS,RANDOM,GENOMIC,PAIRED,0.0,0.0,ILLUMINA,NextSeq 500,SRP532857,PRJNA1160005,,1160005.0,SRS22658399,SAMN43780559,simple,1773.0,Mycobacterium tuberculosis,TB038060055,,,,,,,no,,,,,"FIND, THE FOUNDATION FOR INNOVATIVE NEW DIAGNOSTICS",SRA1972785,,public,E764B7CE385BE961E669119873966CA3,6175E40B9475DF835F9CE2306AB925F4
SAMN43780559,SRR31249166,2024-11-06 13:19:49,2024-11-06 13:11:47,207398.0,59950415.0,207398.0,289.0,31.0,,https://sra-downloadb.be-md.ncbi.nlm.nih.gov/sos2/sra-pub-zq-20/SRR031/31249/SRR31249166/SRR31249166.lite.1,SRX26628896,TB038060055-GS,AMPLICON,PCR,GENOMIC,PAIRED,0.0,0.0,ILLUMINA,Illumina MiSeq,SRP532857,PRJNA1160005,,1160005.0,SRS22658399,SAMN43780559,simple,1773.0,Mycobacterium tuberculosis,TB038060055,,,,,,,no,,,,,"FIND, THE FOUNDATION FOR INNOVATIVE NEW DIAGNOSTICS",SRA2008967,,public,65C79A2846975F7E2461F5895D6DF197,C8755CCBA358AE60E113A5B43D00A8C1
SAMN43780559,SRR31553753,2024-11-29 15:33:02,2024-11-29 14:12:13,123566.0,74484218.0,0.0,602.0,68.0,,https://sra-downloadb.be-md.ncbi.nlm.nih.gov/sos7/sra-pub-run-38/SRR031/31553/SRR31553753/SRR31553753.1,SRX26919870,TB038060055-ONT,AMPLICON,PCR,GENOMIC,SINGLE,0.0,0.0,OXFORD_NANOPORE,MinION,SRP532857,PRJNA1160005,,1160005.0,SRS22658399,SAMN43780559,simple,1773.0,Mycobacterium tuberculosis,TB038060055,,,,,,,no,,,,,"FIND, THE FOUNDATION FOR INNOVATIVE NEW DIAGNOSTICS",SRA2024402,,public,1B916672DA1E3D9B2C8CE0AB6CFDE2F8,FB5CCE8416CA66B10E2EBEACE4E298EA
SAMN43780560,SRR30673551,2024-09-17 12:17:01,2024-09-16 04:54:58,1504023.0,408842797.0,1504023.0,271.0,103.0,,https://sra-downloadb.be-md.ncbi.nlm.nih.gov/sos6/sra-pub-zq-40/SRR030/30673/SRR30673551/SRR30673551.lite.1,SRX26092082,TB038060056-WGS,WGS,RANDOM,GENOMIC,PAIRED,0.0,0.0,ILLUMINA,NextSeq 500,SRP532857,PRJNA1160005,,1160005.0,SRS22658400,SAMN43780560,simple,1773.0,Mycobacterium tuberculosis,TB038060056,,,,,,,no,,,,,"FIND, THE FOUNDATION FOR INNOVATIVE NEW DIAGNOSTICS",SRA1972785,,public,451AC7E17E08C54AE548839619C73F7B,FC15AE0A573BD338FE55C78C8CE274C3
SAMN43780560,SRR31249165,2024-11-06 13:19:50,2024-11-06 13:11:51,323581.0,93566896.0,323581.0,289.0,47.0,,https://sra-downloadb.be-md.ncbi.nlm.nih.gov/sos2/sra-pub-zq-20/SRR031/31249/SRR31249165/SRR31249165.lite.1,SRX26628897,TB038060056-GS,AMPLICON,PCR,GENOMIC,PAIRED,0.0,0.0,ILLUMINA,Illumina MiSeq,SRP532857,PRJNA1160005,,1160005.0,SRS22658400,SAMN43780560,simple,1773.0,Mycobacterium tuberculosis,TB038060056,,,,,,,no,,,,,"FIND, THE FOUNDATION FOR INNOVATIVE NEW DIAGNOSTICS",SRA2008967,,public,091F8C72DAC1F713DE7B19DFEBD7FE25,D60D691C784C1FB08D76A3BE3CB8400B
SAMN43780560,SRR31553898,2024-11-29 15:32:59,2024-11-29 14:13:19,27561.0,12104869.0,0.0,439.0,11.0,,https://sra-downloadb.be-md.ncbi.nlm.nih.gov/sos7/sra-pub-run-38/SRR031/31553/SRR31553898/SRR31553898.1,SRX26919892,TB038060056-ONT,AMPLICON,PCR,GENOMIC,SINGLE,0.0,0.0,OXFORD_NANOPORE,MinION,SRP532857,PRJNA1160005,,1160005.0,SRS22658400,SAMN43780560,simple,1773.0,Mycobacterium tuberculosis,TB038060056,,,,,,,no,,,,,"FIND, THE FOUNDATION FOR INNOVATIVE NEW DIAGNOSTICS",SRA2024402,,public,F7ED8BC5D369834CC0E29EA5DF1F0422,31BF48D9D7CA4038C6092ED12136B851
SAMN43780569,SRR30673704,2024-09-17 12:17:09,2024-09-16 05:02:08,1181767.0,297045610.0,1181767.0,251.0,76.0,,https://sra-downloadb.be-md.ncbi.nlm.nih.gov/sos6/sra-pub-zq-40/SRR030/30673/SRR30673704/SRR30673704.lite.1,SRX26091929,TB038060065-WGS,WGS,RANDOM,GENOMIC,PAIRED,0.0,0.0,ILLUMINA,NextSeq 500,SRP532857,PRJNA1160005,,1160005.0,SRS22658247,SAMN43780569,simple,1773.0,Mycobacterium tuberculosis,TB038060065,,,,,,,no,,,,,"FIND, THE FOUNDATION FOR INNOVATIVE NEW DIAGNOSTICS",SRA1972785,,public,E60E21C65736F77FD0353BCC08308CFF,45AC681164CD4273BE6D7F3343ADEC3C
SAMN43780569,SRR31249159,2024-11-06 13:19:49,2024-11-06 13:11:52,357071.0,103778816.0,357071.0,290.0,53.0,,https://sra-downloadb.be-md.ncbi.nlm.nih.gov/sos2/sra-pub-zq-20/SRR031/31249/SRR31249159/SRR31249159.lite.1,SRX26628903,TB038060065-GS,AMPLICON,PCR,GENOMIC,PAIRED,0.0,0.0,ILLUMINA,Illumina MiSeq,SRP532857,PRJNA1160005,,1160005.0,SRS22658247,SAMN43780569,simple,1773.0,Mycobacterium tuberculosis,TB038060065,,,,,,,no,,,,,"FIND, THE FOUNDATION FOR INNOVATIVE NEW DIAGNOSTICS",SRA2008967,,public,4D97480506B380973FDF0CCE276367F6,05EBF82700F3FB930CEF864A8F5CFEFA
SAMN43780569,SRR31554001,2024-11-29 15:32:53,2024-11-29 14:12:48,7449.0,3568204.0,0.0,479.0,3.0,,https://sra-downloadb.be-md.ncbi.nlm.nih.gov/sos7/sra-pub-run-38/SRR031/31554/SRR31554001/SRR31554001.1,SRX26920073,TB038060065-ONT,AMPLICON,PCR,GENOMIC,SINGLE,0.0,0.0,OXFORD_NANOPORE,MinION,SRP532857,PRJNA1160005,,1160005.0,SRS22658247,SAMN43780569,simple,1773.0,Mycobacterium tuberculosis,TB038060065,,,,,,,no,,,,,"FIND, THE FOUNDATION FOR INNOVATIVE NEW DIAGNOSTICS",SRA2024402,,public,2F0A8256E682E30514EE93420D2C92A0,355EDAAA84D689D960B9CAFF064AB2DE
SAMN43780579,SRR30673694,2024-09-17 12:17:09,2024-09-16 05:01:22,2096625.0,583945975.0,2096625.0,278.0,147.0,,https://sra-downloadb.be-md.ncbi.nlm.nih.gov/sos6/sra-pub-zq-40/SRR030/30673/SRR30673694/SRR30673694.lite.1,SRX26091939,TB038060075-WGS,WGS,RANDOM,GENOMIC,PAIRED,0.0,0.0,ILLUMINA,NextSeq 500,SRP532857,PRJNA1160005,,1160005.0,SRS22658257,SAMN43780579,simple,1773.0,Mycobacterium tuberculosis,TB038060075,,,,,,,no,,,,,"FIND, THE FOUNDATION FOR INNOVATIVE NEW DIAGNOSTICS",SRA1972785,,public,524BBC8A976902610DE03A6861D9A145,36ACC8895CD46351232C587E2C8D77EB
SAMN43780579,SRR31248989,2024-11-06 13:20:02,2024-11-06 13:11:59,523249.0,153473811.0,523249.0,293.0,83.0,,https://sra-downloadb.be-md.ncbi.nlm.nih.gov/sos2/sra-pub-zq-20/SRR031/31248/SRR31248989/SRR31248989.lite.1,SRX26628665,TB038060075-GS,AMPLICON,PCR,GENOMIC,PAIRED,0.0,0.0,ILLUMINA,Illumina MiSeq,SRP532857,PRJNA1160005,,1160005.0,SRS22658257,SAMN43780579,simple,1773.0,Mycobacterium tuberculosis,TB038060075,,,,,,,no,,,,,"FIND, THE FOUNDATION FOR INNOVATIVE NEW DIAGNOSTICS",SRA2008967,,public,D205F93D4A655005D4AB3597F82D7FBB,0CE70228A5252D9B966C2D73D77707D1
SAMN43780579,SRR31554215,2024-11-29 15:32:55,2024-11-29 14:25:58,8135.0,4628973.0,0.0,569.0,4.0,,https://sra-pub-run-odp.s3.amazonaws.com/sra/SRR31554215/SRR31554215,SRX26920080,TB038060075-ONT,AMPLICON,PCR,GENOMIC,SINGLE,0.0,0.0,OXFORD_NANOPORE,MinION,SRP532857,PRJNA1160005,,1160005.0,SRS22658257,SAMN43780579,simple,1773.0,Mycobacterium tuberculosis,TB038060075,,,,,,,no,,,,,"FIND, THE FOUNDATION FOR INNOVATIVE NEW DIAGNOSTICS",SRA2024402,,public,879B45FAC2574456DBC108ABF6FDBD4C,F338B828A925DA6D1FDC45F287444364
SAMN43780363,SRR30673612,2024-09-17 12:17:18,2024-09-16 04:55:54,7119223.0,2150005346.0,7119223.0,302.0,641.0,,https://sra-downloadb.be-md.ncbi.nlm.nih.gov/sos6/sra-pub-zq-40/SRR030/30673/SRR30673612/SRR30673612.lite.1,SRX26092021,TB038050249-WGS,WGS,RANDOM,GENOMIC,PAIRED,0.0,0.0,ILLUMINA,Illumina HiSeq X,SRP532857,PRJNA1160005,,1160005.0,SRS22658339,SAMN43780363,simple,1773.0,Mycobacterium tuberculosis,TB038050249,,,,,,,no,,,,,"FIND, THE FOUNDATION FOR INNOVATIVE NEW DIAGNOSTICS",SRA1972785,,public,40AD85AB934282F6FFBE05918BD350B1,AA40134BE9FCFDB6FAB6FC16A6CFAA56
SAMN43780363,SRR31248646,2024-11-06 13:26:30,2024-11-06 13:10:34,273909.0,79110504.0,273909.0,288.0,50.0,,https://sra-downloadb.be-md.ncbi.nlm.nih.gov/sos2/sra-pub-zq-20/SRR031/31248/SRR31248646/SRR31248646.lite.1,SRX26628600,TB038050249-GS,AMPLICON,PCR,GENOMIC,PAIRED,0.0,0.0,ILLUMINA,Illumina MiSeq,SRP532857,PRJNA1160005,,1160005.0,SRS22658339,SAMN43780363,simple,1773.0,Mycobacterium tuberculosis,TB038050249,,,,,,,no,,,,,"FIND, THE FOUNDATION FOR INNOVATIVE NEW DIAGNOSTICS",SRA2008967,,public,6F3E62D1F8C72E3A0B8E97B7FF98893B,292BB9EF2FDBDBDCFCD59303582001C3
SAMN43780363,SRR31554246,2024-11-29 15:32:32,2024-11-29 14:28:52,67515.0,38687136.0,0.0,573.0,35.0,,https://sra-pub-run-odp.s3.amazonaws.com/sra/SRR31554246/SRR31554246,SRX26920394,TB038050249-ONT,AMPLICON,PCR,GENOMIC,SINGLE,0.0,0.0,OXFORD_NANOPORE,MinION,SRP532857,PRJNA1160005,,1160005.0,SRS22658339,SAMN43780363,simple,1773.0,Mycobacterium tuberculosis,TB038050249,,,,,,,no,,,,,"FIND, THE FOUNDATION FOR INNOVATIVE NEW DIAGNOSTICS",SRA2024402,,public,942EB6F6D69487D51C4EEC555C5EFDAE,0711021EF8765D7490408864FFA38A44
SAMN43780396,SRR30673100,2024-09-17 11:53:05,2024-09-16 04:54:02,3596976.0,1086286752.0,3596976.0,302.0,427.0,,https://sra-downloadb.be-md.ncbi.nlm.nih.gov/sos6/sra-pub-zq-40/SRR030/30673/SRR30673100/SRR30673100.lite.1,SRX26091861,TB038050282-WGS,WGS,RANDOM,GENOMIC,PAIRED,0.0,0.0,ILLUMINA,Illumina HiSeq X,SRP532857,PRJNA1160005,,1160005.0,SRS22658179,SAMN43780396,simple,1773.0,Mycobacterium tuberculosis,TB038050282,,,,,,,no,,,,,"FIND, THE FOUNDATION FOR INNOVATIVE NEW DIAGNOSTICS",SRA1972785,,public,1CE25840D4DDE4F4F0DC286DA87203AF,3C8356C88C650123CE27720399803AED
SAMN43780396,SRR31248806,2024-11-06 13:26:28,2024-11-06 13:10:56,223727.0,64222576.0,223727.0,287.0,42.0,,https://sra-downloadb.be-md.ncbi.nlm.nih.gov/sos2/sra-pub-zq-20/SRR031/31248/SRR31248806/SRR31248806.lite.1,SRX26628440,TB038050282-GS,AMPLICON,PCR,GENOMIC,PAIRED,0.0,0.0,ILLUMINA,Illumina MiSeq,SRP532857,PRJNA1160005,,1160005.0,SRS22658179,SAMN43780396,simple,1773.0,Mycobacterium tuberculosis,TB038050282,,,,,,,no,,,,,"FIND, THE FOUNDATION FOR INNOVATIVE NEW DIAGNOSTICS",SRA2008967,,public,0CE477DE0814B59375F3B004FEF21E03,38B1915568AC14CA030E2A716F82176C
SAMN43780396,SRR31554233,2024-11-29 15:32:28,2024-11-29 14:27:25,37920.0,22171652.0,0.0,584.0,20.0,,https://sra-pub-run-odp.s3.amazonaws.com/sra/SRR31554233/SRR31554233,SRX26920409,TB038050282-ONT,AMPLICON,PCR,GENOMIC,SINGLE,0.0,0.0,OXFORD_NANOPORE,MinION,SRP532857,PRJNA1160005,,1160005.0,SRS22658179,SAMN43780396,simple,1773.0,Mycobacterium tuberculosis,TB038050282,,,,,,,no,,,,,"FIND, THE FOUNDATION FOR INNOVATIVE NEW DIAGNOSTICS",SRA2024402,,public,1B16190A6E8E1BF0462A11B5636B412B,7A47A0AB1063BAEFCA7B92C4BD63D581
SAMN43780080,SRR30673134,2024-09-17 11:53:09,2024-09-16 04:53:44,1073251.0,282026273.0,1073251.0,262.0,102.0,,https://sra-downloadb.be-md.ncbi.nlm.nih.gov/sos6/sra-pub-zq-40/SRR030/30673/SRR30673134/SRR30673134.lite.1,SRX26091827,TB038040216-WGS,WGS,RANDOM,GENOMIC,PAIRED,0.0,0.0,ILLUMINA,NextSeq 500,SRP532857,PRJNA1160005,,1160005.0,SRS22658145,SAMN43780080,simple,1773.0,Mycobacterium tuberculosis,TB038040216,,,,,,,no,,,,,"FIND, THE FOUNDATION FOR INNOVATIVE NEW DIAGNOSTICS",SRA1972785,,public,F4DE4855C1FE83BA5BB9CA6AF26CFFCD,99A6B9B42EE8A63460DD8C4DBCD85E9C
SAMN43780080,SRR31249103,2024-11-06 13:26:10,2024-11-06 13:11:41,372659.0,94482005.0,372659.0,253.0,53.0,,https://sra-downloadb.be-md.ncbi.nlm.nih.gov/sos2/sra-pub-zq-20/SRR031/31249/SRR31249103/SRR31249103.lite.1,SRX26628959,TB038040216-GS,AMPLICON,PCR,GENOMIC,PAIRED,0.0,0.0,ILLUMINA,Illumina MiSeq,SRP532857,PRJNA1160005,,1160005.0,SRS22658145,SAMN43780080,simple,1773.0,Mycobacterium tuberculosis,TB038040216,,,,,,,no,,,,,"FIND, THE FOUNDATION FOR INNOVATIVE NEW DIAGNOSTICS",SRA2008967,,public,F423CACACE9544AF9DE609021D69D1C6,DC1BF4EEB89E7902A70515298195BB26
SAMN43780080,SRR31553952,2024-11-29 15:32:50,2024-11-29 14:14:50,76294.0,40212476.0,0.0,527.0,37.0,,https://sra-downloadb.be-md.ncbi.nlm.nih.gov/sos7/sra-pub-run-38/SRR031/31553/SRR31553952/SRR31553952.1,SRX26920120,TB038040216-ONT,AMPLICON,PCR,GENOMIC,SINGLE,0.0,0.0,OXFORD_NANOPORE,MinION,SRP532857,PRJNA1160005,,1160005.0,SRS22658145,SAMN43780080,simple,1773.0,Mycobacterium tuberculosis,TB038040216,,,,,,,no,,,,,"FIND, THE FOUNDATION FOR INNOVATIVE NEW DIAGNOSTICS",SRA2024402,,public,3AA9DC954B6248438E3D5B6D5FA74DED,982C3BF9F68F3DB2A2FEDD2072F61BF8
SAMN41664215,SRR29273712,2024-06-04 09:44:42,2024-06-04 09:42:02,2363077.0,695913506.0,2363077.0,294.0,289.0,,https://sra-downloadb.be-md.ncbi.nlm.nih.gov/sos6/sra-pub-zq-40/SRR029/29273/SRR29273712/SRR29273712.lite.1,SRX24791220,EUST11359,WGS,RANDOM,GENOMIC,PAIRED,0.0,0.0,ILLUMINA,Illumina HiSeq 2000,SRP511583,PRJNA1119915,,1119915.0,SRS21508441,SAMN41664215,simple,1773.0,Mycobacterium tuberculosis,EUST11359,,,,,,,no,,,,,"FIND, THE FOUNDATION FOR INNOVATIVE NEW DIAGNOSTICS",SRA1888514,,public,168341B140C08F21351C24D96BA08EE4,905F69395648659BD0DFB45A8172997A
SAMN41664281,SRR29273933,2024-06-04 09:44:38,2024-06-04 09:42:01,2579475.0,757283105.0,2579475.0,293.0,312.0,,https://sra-downloadb.be-md.ncbi.nlm.nih.gov/sos6/sra-pub-zq-40/SRR029/29273/SRR29273933/SRR29273933.lite.1,SRX24790999,EUST13906,WGS,RANDOM,GENOMIC,PAIRED,0.0,0.0,ILLUMINA,Illumina HiSeq 2000,SRP511583,PRJNA1119915,,1119915.0,SRS21508220,SAMN41664281,simple,1773.0,Mycobacterium tuberculosis,EUST13906,,,,,,,no,,,,,"FIND, THE FOUNDATION FOR INNOVATIVE NEW DIAGNOSTICS",SRA1888514,,public,4639C35B7A9FDC53A4DA20552DFF728A,6B92D55FB0DF1D6EE3732A4AEA3001B4
SAMN41664377,SRR29273663,2024-06-04 09:44:42,2024-06-04 09:41:48,1942029.0,580976300.0,1942029.0,299.0,236.0,,https://sra-downloadb.be-md.ncbi.nlm.nih.gov/sos6/sra-pub-zq-40/SRR029/29273/SRR29273663/SRR29273663.lite.1,SRX24791269,EUST14862,WGS,RANDOM,GENOMIC,PAIRED,0.0,0.0,ILLUMINA,Illumina HiSeq 2000,SRP511583,PRJNA1119915,,1119915.0,SRS21508494,SAMN41664377,simple,1773.0,Mycobacterium tuberculosis,EUST14862,,,,,,,no,,,,,"FIND, THE FOUNDATION FOR INNOVATIVE NEW DIAGNOSTICS",SRA1888514,,public,13628DCD456734ACEC4AD8561E4D2D6A,593246478D4232DA841686313CDDEEE9
SAMN41664391,SRR29273647,2024-06-04 09:44:42,2024-06-04 09:41:29,2041407.0,609176430.0,2041407.0,298.0,248.0,,https://sra-downloadb.be-md.ncbi.nlm.nih.gov/sos6/sra-pub-zq-40/SRR029/29273/SRR29273647/SRR29273647.lite.1,SRX24791285,EUST15008,WGS,RANDOM,GENOMIC,PAIRED,0.0,0.0,ILLUMINA,Illumina HiSeq 2000,SRP511583,PRJNA1119915,,1119915.0,SRS21508506,SAMN41664391,simple,1773.0,Mycobacterium tuberculosis,EUST15008,,,,,,,no,,,,,"FIND, THE FOUNDATION FOR INNOVATIVE NEW DIAGNOSTICS",SRA1888514,,public,0B1D9E50FB78518FD3DCB225305791B5,AAD62331C8098A8AC9A43C93A14AE619
SAMN41664588,SRR29273817,2024-06-04 09:44:40,2024-06-04 09:42:07,1581179.0,469403982.0,1581179.0,296.0,217.0,,https://sra-downloadb.be-md.ncbi.nlm.nih.gov/sos6/sra-pub-zq-40/SRR029/29273/SRR29273817/SRR29273817.lite.1,SRX24791115,EUST17871,WGS,RANDOM,GENOMIC,PAIRED,0.0,0.0,ILLUMINA,Illumina HiSeq 2000,SRP511583,PRJNA1119915,,1119915.0,SRS21508339,SAMN41664588,simple,1773.0,Mycobacterium tuberculosis,EUST17871,,,,,,,no,,,,,"FIND, THE FOUNDATION FOR INNOVATIVE NEW DIAGNOSTICS",SRA1888514,,public,BE8EDBA39D6AEB941BF5E1C2045EE158,40CDEC585CB65FB4FACD7FA09AF82DF8
SAMN43780050,SRR30673163,2024-09-17 11:53:02,2024-09-16 04:54:29,1769464.0,476152757.0,1769464.0,269.0,192.0,,https://sra-downloadb.be-md.ncbi.nlm.nih.gov/sos6/sra-pub-zq-40/SRR030/30673/SRR30673163/SRR30673163.lite.1,SRX26091798,TB038040186-WGS,WGS,RANDOM,GENOMIC,PAIRED,0.0,0.0,ILLUMINA,NextSeq 500,SRP532857,PRJNA1160005,,1160005.0,SRS22658116,SAMN43780050,simple,1773.0,Mycobacterium tuberculosis,TB038040186,,,,,,,no,,,,,"FIND, THE FOUNDATION FOR INNOVATIVE NEW DIAGNOSTICS",SRA1972785,,public,450F2190D5BF02D7FD610A4831FBEE9E,76232811424F0D0B0538C8B34ABA89C2
SAMN43780050,SRR31249295,2024-11-06 13:20:00,2024-11-06 13:12:15,780155.0,206508640.0,780155.0,264.0,121.0,,https://sra-downloadb.be-md.ncbi.nlm.nih.gov/sos2/sra-pub-zq-20/SRR031/31249/SRR31249295/SRR31249295.lite.1,SRX26628767,TB038040186-GS,AMPLICON,PCR,GENOMIC,PAIRED,0.0,0.0,ILLUMINA,Illumina MiSeq,SRP532857,PRJNA1160005,,1160005.0,SRS22658116,SAMN43780050,simple,1773.0,Mycobacterium tuberculosis,TB038040186,,,,,,,no,,,,,"FIND, THE FOUNDATION FOR INNOVATIVE NEW DIAGNOSTICS",SRA2008967,,public,A912F03F8DA173343BB8567017E7D4E2,54E12A89E03F82E3E4C90DF4A8227F2E
SAMN43780050,SRR31553688,2024-11-29 15:48:57,2024-11-29 14:07:39,4239.0,2491167.0,0.0,587.0,2.0,,https://sra-pub-run-odp.s3.amazonaws.com/sra/SRR31553688/SRR31553688,SRX26919753,TB038040186-ONT,AMPLICON,PCR,GENOMIC,SINGLE,0.0,0.0,OXFORD_NANOPORE,MinION,SRP532857,PRJNA1160005,,1160005.0,SRS22658116,SAMN43780050,simple,1773.0,Mycobacterium tuberculosis,TB038040186,,,,,,,no,,,,,"FIND, THE FOUNDATION FOR INNOVATIVE NEW DIAGNOSTICS",SRA2024402,,public,4AA331401B0958E7E163D84FB8F1A59F,52C5BA476523C6ECFBF0C59906F7CA23
SAMN43780084,SRR30673642,2024-09-17 12:17:13,2024-09-16 05:02:02,1879261.0,499486722.0,1879261.0,265.0,213.0,,https://sra-downloadb.be-md.ncbi.nlm.nih.gov/sos6/sra-pub-zq-40/SRR030/30673/SRR30673642/SRR30673642.lite.1,SRX26091991,TB038040220-WGS,WGS,RANDOM,GENOMIC,PAIRED,0.0,0.0,ILLUMINA,NextSeq 500,SRP532857,PRJNA1160005,,1160005.0,SRS22658308,SAMN43780084,simple,1773.0,Mycobacterium tuberculosis,TB038040220,,,,,,,no,,,,,"FIND, THE FOUNDATION FOR INNOVATIVE NEW DIAGNOSTICS",SRA1972785,,public,6D30519D76A2A8C04A2D387E89F04256,BB2DDB63F55D7E8D2C8EF71616CAE7A4
SAMN43780084,SRR31249099,2024-11-06 13:26:10,2024-11-06 13:11:40,337598.0,79345125.0,337598.0,235.0,42.0,,https://sra-downloadb.be-md.ncbi.nlm.nih.gov/sos2/sra-pub-zq-20/SRR031/31249/SRR31249099/SRR31249099.lite.1,SRX26628963,TB038040220-GS,AMPLICON,PCR,GENOMIC,PAIRED,0.0,0.0,ILLUMINA,Illumina MiSeq,SRP532857,PRJNA1160005,,1160005.0,SRS22658308,SAMN43780084,simple,1773.0,Mycobacterium tuberculosis,TB038040220,,,,,,,no,,,,,"FIND, THE FOUNDATION FOR INNOVATIVE NEW DIAGNOSTICS",SRA2008967,,public,A127E060A1988F72E76B2EEE252A0C01,1C44BD22CCAB73F4DD412F11B24AA369
SAMN43780084,SRR31554056,2024-11-29 15:32:36,2024-11-29 14:13:15,8921.0,4035705.0,0.0,452.0,3.0,,https://sra-downloadb.be-md.ncbi.nlm.nih.gov/sos7/sra-pub-run-38/SRR031/31554/SRR31554056/SRR31554056.1,SRX26920302,TB038040220-ONT,AMPLICON,PCR,GENOMIC,SINGLE,0.0,0.0,OXFORD_NANOPORE,MinION,SRP532857,PRJNA1160005,,1160005.0,SRS22658308,SAMN43780084,simple,1773.0,Mycobacterium tuberculosis,TB038040220,,,,,,,no,,,,,"FIND, THE FOUNDATION FOR INNOVATIVE NEW DIAGNOSTICS",SRA2024402,,public,090483B50E3DB4FD9B0DA40361DDE627,281BB50DEB1CE2D89B450234518F56CB
SAMN41772227,SRR29341591,2024-06-10 09:31:52,2024-06-10 09:24:35,1724628.0,458699036.0,1724628.0,265.0,176.0,,https://sra-downloadb.be-md.ncbi.nlm.nih.gov/sos6/sra-pub-zq-40/SRR029/29341/SRR29341591/SRR29341591.lite.1,SRX24857300,IT2448,WGS,RANDOM,GENOMIC,PAIRED,0.0,0.0,ILLUMINA,Illumina HiSeq 2000,SRP512858,PRJNA1122079,,1122079.0,SRS21567917,SAMN41772227,simple,1773.0,Mycobacterium tuberculosis,IT2448,,,,,,,no,,,,,"FIND, THE FOUNDATION FOR INNOVATIVE NEW DIAGNOSTICS",SRA1893530,,public,F678C6B2DB79193ADE7ABE9DE0EBE1B3,9744D28C7A513FF5463EDDDEBD7211F0
SAMEA110420786,ERR9993264,2022-07-27 21:28:47,2022-08-10 14:24:29,2000589.0,604177878.0,2000589.0,302.0,194.0,,https://sra-downloadb.be-md.ncbi.nlm.nih.gov/sos3/sra-pub-zq-24/ERR009/9993/ERR9993264/ERR9993264.lite.1,ERX9533671,"XD02651867. CTB/NICD - South Africa, South Africa. XD02651867. 1140",WGS,RANDOM,GENOMIC,PAIRED,0.0,0.0,ILLUMINA,Illumina NovaSeq 6000,ERP139874,PRJEB55007,,862850.0,ERS12518861,SAMEA110420786,simple,1773.0,Mycobacterium tuberculosis,SAMEA110420786,,,,,,,no,,,,,"CTB/NICD - SOUTH AFRICA, SOUTH AFRICA",ERA16499840,,public,95D2F40C14ED1C130B766A47DD4C0948,37EF00ACE0CA96E76F3ED372D1FE8B65
SAMEA110420785,ERR9993263,2022-07-27 21:28:47,2022-08-10 14:24:30,2259260.0,682296520.0,2259260.0,302.0,218.0,,https://sra-downloadb.be-md.ncbi.nlm.nih.gov/sos3/sra-pub-zq-24/ERR009/9993/ERR9993263/ERR9993263.lite.1,ERX9533670,"XD02502109. CTB/NICD - South Africa, South Africa. XD02502109. 1139",WGS,RANDOM,GENOMIC,PAIRED,0.0,0.0,ILLUMINA,Illumina NovaSeq 6000,ERP139874,PRJEB55007,,862850.0,ERS12518860,SAMEA110420785,simple,1773.0,Mycobacterium tuberculosis,SAMEA110420785,,,,,,,no,,,,,"CTB/NICD - SOUTH AFRICA, SOUTH AFRICA",ERA16499839,,public,AA438230B835D4C0EE79261F3AA6F423,64D6133FA7F637B904C9ECF84A0A6111
SAMEA110420784,ERR9993262,2022-07-27 21:28:47,2022-08-10 14:24:13,2264249.0,683803198.0,2264249.0,302.0,216.0,,https://sra-downloadb.be-md.ncbi.nlm.nih.gov/sos2/sra-pub-zq-20/ERR009/9993/ERR9993262/ERR9993262.lite.1,ERX9533669,"TH00943313. CTB/NICD - South Africa, South Africa. TH00943313. 1133",WGS,RANDOM,GENOMIC,PAIRED,0.0,0.0,ILLUMINA,Illumina NovaSeq 6000,ERP139874,PRJEB55007,,862850.0,ERS12518859,SAMEA110420784,simple,1773.0,Mycobacterium tuberculosis,SAMEA110420784,,,,,,,no,,,,,"CTB/NICD - SOUTH AFRICA, SOUTH AFRICA",ERA16499838,,public,93E038A07054593179FD52970B12E9CB,AF16539E8B277BE2714B8FA1D7520DDD
SAMEA110420783,ERR9993261,2022-07-27 21:28:47,2022-08-10 14:24:25,2333041.0,704578382.0,2333041.0,302.0,224.0,,https://sra-downloadb.be-md.ncbi.nlm.nih.gov/sos2/sra-pub-zq-20/ERR009/9993/ERR9993261/ERR9993261.lite.1,ERX9533668,"TC00934906. CTB/NICD - South Africa, South Africa. TC00934906. 1132",WGS,RANDOM,GENOMIC,PAIRED,0.0,0.0,ILLUMINA,Illumina NovaSeq 6000,ERP139874,PRJEB55007,,862850.0,ERS12518858,SAMEA110420783,simple,1773.0,Mycobacterium tuberculosis,SAMEA110420783,,,,,,,no,,,,,"CTB/NICD - SOUTH AFRICA, SOUTH AFRICA",ERA16499837,,public,161D2633C95613413A4189C47B4EAB8D,482F2E1A91029026BA35C0C134F43E62
SAMEA110420782,ERR9993260,2022-07-27 21:28:47,2022-08-10 14:24:19,2052197.0,619763494.0,2052197.0,302.0,197.0,,https://sra-downloadb.be-md.ncbi.nlm.nih.gov/sos2/sra-pub-zq-20/ERR009/9993/ERR9993260/ERR9993260.lite.1,ERX9533667,"CG05063163. CTB/NICD - South Africa, South Africa. CG05063163. 1131",WGS,RANDOM,GENOMIC,PAIRED,0.0,0.0,ILLUMINA,Illumina NovaSeq 6000,ERP139874,PRJEB55007,,862850.0,ERS12518857,SAMEA110420782,simple,1773.0,Mycobacterium tuberculosis,SAMEA110420782,,,,,,,no,,,,,"CTB/NICD - SOUTH AFRICA, SOUTH AFRICA",ERA16499836,,public,23C002A86060907A54A0F9510C0D2704,CA3031DFFA9B10BE5DC2011A93D78A9C
SAMEA110420781,ERR9993259,2022-07-27 21:28:47,2022-08-10 14:25:36,2470014.0,745944228.0,2470014.0,302.0,235.0,,https://sra-downloadb.be-md.ncbi.nlm.nih.gov/sos1/sra-pub-zq-38/ERR009/9993/ERR9993259/ERR9993259.lite.1,ERX9533666,"UH01746590. CTB/NICD - South Africa, South Africa. UH01746590. 1130",WGS,RANDOM,GENOMIC,PAIRED,0.0,0.0,ILLUMINA,Illumina NovaSeq 6000,ERP139874,PRJEB55007,,862850.0,ERS12518856,SAMEA110420781,simple,1773.0,Mycobacterium tuberculosis,SAMEA110420781,,,,,,,no,,,,,"CTB/NICD - SOUTH AFRICA, SOUTH AFRICA",ERA16499835,,public,9D96008CBA94A41F13029F63BDDD89B2,A6400C6D0614CFBF51C86963794FE912
SAMEA110420780,ERR9993258,2022-07-27 21:28:47,2022-08-10 14:24:27,2358568.0,712287536.0,2358568.0,302.0,224.0,,https://sra-downloadb.be-md.ncbi.nlm.nih.gov/sos3/sra-pub-zq-22/ERR009/9993/ERR9993258/ERR9993258.lite.1,ERX9533665,"GC00658225. CTB/NICD - South Africa, South Africa. GC00658225. 1129",WGS,RANDOM,GENOMIC,PAIRED,0.0,0.0,ILLUMINA,Illumina NovaSeq 6000,ERP139874,PRJEB55007,,862850.0,ERS12518855,SAMEA110420780,simple,1773.0,Mycobacterium tuberculosis,SAMEA110420780,,,,,,,no,,,,,"CTB/NICD - SOUTH AFRICA, SOUTH AFRICA",ERA16499834,,public,3C09C07AABEEF1893C7E767BA9EB1696,C668524B3230E814EEF4CFFA57B6A3EA
SAMEA110420779,ERR9993257,2022-07-27 21:28:47,2022-08-10 14:24:21,2415045.0,729343590.0,2415045.0,302.0,233.0,,https://sra-downloadb.be-md.ncbi.nlm.nih.gov/sos3/sra-pub-zq-22/ERR009/9993/ERR9993257/ERR9993257.lite.1,ERX9533664,"TI00090853. CTB/NICD - South Africa, South Africa. TI00090853. 1128",WGS,RANDOM,GENOMIC,PAIRED,0.0,0.0,ILLUMINA,Illumina NovaSeq 6000,ERP139874,PRJEB55007,,862850.0,ERS12518854,SAMEA110420779,simple,1773.0,Mycobacterium tuberculosis,SAMEA110420779,,,,,,,no,,,,,"CTB/NICD - SOUTH AFRICA, SOUTH AFRICA",ERA16499833,,public,3AA21303A68DBF7EEB0BC9B954776A29,5780351B122439C188CDCB691E151920
SAMEA110420778,ERR9993256,2022-07-27 21:28:47,2022-08-10 14:24:10,2082157.0,628811414.0,2082157.0,302.0,200.0,,https://sra-downloadb.be-md.ncbi.nlm.nih.gov/sos3/sra-pub-zq-24/ERR009/9993/ERR9993256/ERR9993256.lite.1,ERX9533663,"FC00832100. CTB/NICD - South Africa, South Africa. FC00832100. 1127",WGS,RANDOM,GENOMIC,PAIRED,0.0,0.0,ILLUMINA,Illumina NovaSeq 6000,ERP139874,PRJEB55007,,862850.0,ERS12518853,SAMEA110420778,simple,1773.0,Mycobacterium tuberculosis,SAMEA110420778,,,,,,,no,,,,,"CTB/NICD - SOUTH AFRICA, SOUTH AFRICA",ERA16499832,,public,7E11F99E2CE7398B37BFBB3F01161E43,C05786A5208CAC2CD2BA52A6A55D3789
SAMEA110420777,ERR9993255,2022-07-27 21:28:47,2022-08-10 14:24:46,2234760.0,674897520.0,2234760.0,302.0,214.0,,https://sra-downloadb.be-md.ncbi.nlm.nih.gov/sos3/sra-pub-zq-22/ERR009/9993/ERR9993255/ERR9993255.lite.1,ERX9533662,"OA01966887. CTB/NICD - South Africa, South Africa. OA01966887. 1126",WGS,RANDOM,GENOMIC,PAIRED,0.0,0.0,ILLUMINA,Illumina NovaSeq 6000,ERP139874,PRJEB55007,,862850.0,ERS12518852,SAMEA110420777,simple,1773.0,Mycobacterium tuberculosis,SAMEA110420777,,,,,,,no,,,,,"CTB/NICD - SOUTH AFRICA, SOUTH AFRICA",ERA16499831,,public,8A9154265E5597E307585122817EE959,0B1ECF69AC0858D3DDC3A63F7C72C5F4
SAMEA110420776,ERR9993254,2022-07-27 21:28:47,2022-08-10 14:32:10,2221344.0,670845888.0,2221344.0,302.0,212.0,,https://sra-downloadb.be-md.ncbi.nlm.nih.gov/sos1/sra-pub-zq-38/ERR009/9993/ERR9993254/ERR9993254.lite.1,ERX9533661,"XD03456911. CTB/NICD - South Africa, South Africa. XD03456911. 1125",WGS,RANDOM,GENOMIC,PAIRED,0.0,0.0,ILLUMINA,Illumina NovaSeq 6000,ERP139874,PRJEB55007,,862850.0,ERS12518851,SAMEA110420776,simple,1773.0,Mycobacterium tuberculosis,SAMEA110420776,,,,,,,no,,,,,"CTB/NICD - SOUTH AFRICA, SOUTH AFRICA",ERA16499830,,public,53E1D559A8F379CD3070AB57126D2407,216C33A8C8DAD0891B55B120D84DEEB9
SAMEA110420775,ERR9993253,2022-07-27 21:28:47,2022-08-10 14:24:25,2251894.0,680071988.0,2251894.0,302.0,215.0,,https://sra-downloadb.be-md.ncbi.nlm.nih.gov/sos2/sra-pub-zq-20/ERR009/9993/ERR9993253/ERR9993253.lite.1,ERX9533660,"XK01249710. CTB/NICD - South Africa, South Africa. XK01249710. 1124",WGS,RANDOM,GENOMIC,PAIRED,0.0,0.0,ILLUMINA,Illumina NovaSeq 6000,ERP139874,PRJEB55007,,862850.0,ERS12518850,SAMEA110420775,simple,1773.0,Mycobacterium tuberculosis,SAMEA110420775,,,,,,,no,,,,,"CTB/NICD - SOUTH AFRICA, SOUTH AFRICA",ERA16499829,,public,FF04632B71141AC27CD3DF24619C3674,1D04B5001BFE3FA5F0089A8004B9BB5F
SAMEA110420774,ERR9993252,2022-07-27 21:28:47,2022-08-10 14:24:25,2298991.0,694295282.0,2298991.0,302.0,217.0,,https://sra-downloadb.be-md.ncbi.nlm.nih.gov/sos1/sra-pub-zq-38/ERR009/9993/ERR9993252/ERR9993252.lite.1,ERX9533659,"VE00347090. CTB/NICD - South Africa, South Africa. VE00347090. 1123",WGS,RANDOM,GENOMIC,PAIRED,0.0,0.0,ILLUMINA,Illumina NovaSeq 6000,ERP139874,PRJEB55007,,862850.0,ERS12518849,SAMEA110420774,simple,1773.0,Mycobacterium tuberculosis,SAMEA110420774,,,,,,,no,,,,,"CTB/NICD - SOUTH AFRICA, SOUTH AFRICA",ERA16499828,,public,58F845BE5E011F33434938E7808497C9,410DA86F648C88231E8A69435E466DA9
SAMEA110420773,ERR9993251,2022-07-27 21:28:47,2022-08-10 14:24:08,1939369.0,585689438.0,1939369.0,302.0,184.0,,https://sra-downloadb.be-md.ncbi.nlm.nih.gov/sos2/sra-pub-zq-20/ERR009/9993/ERR9993251/ERR9993251.lite.1,ERX9533658,"TD03490732. CTB/NICD - South Africa, South Africa. TD03490732. 1122",WGS,RANDOM,GENOMIC,PAIRED,0.0,0.0,ILLUMINA,Illumina NovaSeq 6000,ERP139874,PRJEB55007,,862850.0,ERS12518848,SAMEA110420773,simple,1773.0,Mycobacterium tuberculosis,SAMEA110420773,,,,,,,no,,,,,"CTB/NICD - SOUTH AFRICA, SOUTH AFRICA",ERA16499827,,public,E492BB4A0C90527DBAC9BC3AA4B37B60,03A7B8D2A3851C4525A1EFD950E34C1B
SAMEA110420772,ERR9993250,2022-07-27 21:28:47,2022-08-10 14:24:20,2596547.0,784157194.0,2596547.0,302.0,251.0,,https://sra-downloadb.be-md.ncbi.nlm.nih.gov/sos3/sra-pub-zq-24/ERR009/9993/ERR9993250/ERR9993250.lite.1,ERX9533657,"TD03455161. CTB/NICD - South Africa, South Africa. TD03455161. 1121",WGS,RANDOM,GENOMIC,PAIRED,0.0,0.0,ILLUMINA,Illumina NovaSeq 6000,ERP139874,PRJEB55007,,862850.0,ERS12518847,SAMEA110420772,simple,1773.0,Mycobacterium tuberculosis,SAMEA110420772,,,,,,,no,,,,,"CTB/NICD - SOUTH AFRICA, SOUTH AFRICA",ERA16499826,,public,C1BA1F8E0E3990AEC0D0EBE571F6BCFA,1E218331FB5BAE5FDC75E8036434D2DA
SAMEA110420771,ERR9993249,2022-07-27 21:28:47,2022-08-10 14:24:48,2676786.0,808389372.0,2676786.0,302.0,256.0,,https://sra-downloadb.be-md.ncbi.nlm.nih.gov/sos1/sra-pub-zq-38/ERR009/9993/ERR9993249/ERR9993249.lite.1,ERX9533656,"TC00836558. CTB/NICD - South Africa, South Africa. TC00836558. 1120",WGS,RANDOM,GENOMIC,PAIRED,0.0,0.0,ILLUMINA,Illumina NovaSeq 6000,ERP139874,PRJEB55007,,862850.0,ERS12518846,SAMEA110420771,simple,1773.0,Mycobacterium tuberculosis,SAMEA110420771,,,,,,,no,,,,,"CTB/NICD - SOUTH AFRICA, SOUTH AFRICA",ERA16499825,,public,A8F5AA5C88480D2B5BBAD4910FCCE2A3,1D15E806D316BC517510B4109AA08DE6
SAMEA110420770,ERR9993248,2022-07-27 21:28:47,2022-08-10 14:24:17,2263452.0,683562504.0,2263452.0,302.0,217.0,,https://sra-downloadb.be-md.ncbi.nlm.nih.gov/sos3/sra-pub-zq-24/ERR009/9993/ERR9993248/ERR9993248.lite.1,ERX9533655,"YA00214934. CTB/NICD - South Africa, South Africa. YA00214934. 1119",WGS,RANDOM,GENOMIC,PAIRED,0.0,0.0,ILLUMINA,Illumina NovaSeq 6000,ERP139874,PRJEB55007,,862850.0,ERS12518845,SAMEA110420770,simple,1773.0,Mycobacterium tuberculosis,SAMEA110420770,,,,,,,no,,,,,"CTB/NICD - SOUTH AFRICA, SOUTH AFRICA",ERA16499824,,public,96CEE5D7FA5A9E907F91171F27A3915E,4C02A9E6BA18BC6C1727E7AFD70C4CBB
SAMEA110420769,ERR9993247,2022-07-27 21:28:47,2022-08-10 14:24:24,2363353.0,713732606.0,2363353.0,302.0,227.0,,https://sra-downloadb.be-md.ncbi.nlm.nih.gov/sos1/sra-pub-zq-38/ERR009/9993/ERR9993247/ERR9993247.lite.1,ERX9533654,"TD03451472. CTB/NICD - South Africa, South Africa. TD03451472. 1118",WGS,RANDOM,GENOMIC,PAIRED,0.0,0.0,ILLUMINA,Illumina NovaSeq 6000,ERP139874,PRJEB55007,,862850.0,ERS12518844,SAMEA110420769,simple,1773.0,Mycobacterium tuberculosis,SAMEA110420769,,,,,,,no,,,,,"CTB/NICD - SOUTH AFRICA, SOUTH AFRICA",ERA16499823,,public,6747210D552D5FA83388081A16FA3A5C,EE9B54A9D9228B7FEE5D101602180526
SAMEA110420768,ERR9993246,2022-07-27 21:28:47,2022-08-10 14:24:32,2207737.0,666736574.0,2207737.0,302.0,207.0,,https://sra-downloadb.be-md.ncbi.nlm.nih.gov/sos1/sra-pub-zq-38/ERR009/9993/ERR9993246/ERR9993246.lite.1,ERX9533653,"TD03358675. CTB/NICD - South Africa, South Africa. TD03358675. 1117",WGS,RANDOM,GENOMIC,PAIRED,0.0,0.0,ILLUMINA,Illumina NovaSeq 6000,ERP139874,PRJEB55007,,862850.0,ERS12518843,SAMEA110420768,simple,1773.0,Mycobacterium tuberculosis,SAMEA110420768,,,,,,,no,,,,,"CTB/NICD - SOUTH AFRICA, SOUTH AFRICA",ERA16499822,,public,F765F94F8BB445ADF64B9F9D2D05C832,4FE9C7C3BEE02767381860B42723D155
SAMEA110420767,ERR9993245,2022-07-27 21:28:46,2022-08-10 14:24:08,2288208.0,691038816.0,2288208.0,302.0,216.0,,https://sra-downloadb.be-md.ncbi.nlm.nih.gov/sos1/sra-pub-zq-38/ERR009/9993/ERR9993245/ERR9993245.lite.1,ERX9533652,"SN01264179. CTB/NICD - South Africa, South Africa. SN01264179. 1116",WGS,RANDOM,GENOMIC,PAIRED,0.0,0.0,ILLUMINA,Illumina NovaSeq 6000,ERP139874,PRJEB55007,,862850.0,ERS12518842,SAMEA110420767,simple,1773.0,Mycobacterium tuberculosis,SAMEA110420767,,,,,,,no,,,,,"CTB/NICD - SOUTH AFRICA, SOUTH AFRICA",ERA16499821,,public,892260E79292F64D6DA3B8839C2F6EB4,05CB0AFA761C5C6F1BB3537229649746
SAMEA110420766,ERR9993244,2022-07-27 21:28:46,2022-08-10 14:24:14,2156584.0,651288368.0,2156584.0,302.0,204.0,,https://sra-downloadb.be-md.ncbi.nlm.nih.gov/sos1/sra-pub-zq-38/ERR009/9993/ERR9993244/ERR9993244.lite.1,ERX9533651,"TD03322934. CTB/NICD - South Africa, South Africa. TD03322934. 1115",WGS,RANDOM,GENOMIC,PAIRED,0.0,0.0,ILLUMINA,Illumina NovaSeq 6000,ERP139874,PRJEB55007,,862850.0,ERS12518841,SAMEA110420766,simple,1773.0,Mycobacterium tuberculosis,SAMEA110420766,,,,,,,no,,,,,"CTB/NICD - SOUTH AFRICA, SOUTH AFRICA",ERA16499820,,public,C71B22FAB6B0780328EE5F02804661A8,D10BB1A41AE127D0B8B4EDA900B8C85D
SAMEA110420765,ERR9993243,2022-07-27 21:28:46,2022-08-10 14:24:18,2397214.0,723958628.0,2397214.0,302.0,229.0,,https://sra-downloadb.be-md.ncbi.nlm.nih.gov/sos1/sra-pub-zq-38/ERR009/9993/ERR9993243/ERR9993243.lite.1,ERX9533650,"BA00362371. CTB/NICD - South Africa, South Africa. BA00362371. 1114",WGS,RANDOM,GENOMIC,PAIRED,0.0,0.0,ILLUMINA,Illumina NovaSeq 6000,ERP139874,PRJEB55007,,862850.0,ERS12518840,SAMEA110420765,simple,1773.0,Mycobacterium tuberculosis,SAMEA110420765,,,,,,,no,,,,,"CTB/NICD - SOUTH AFRICA, SOUTH AFRICA",ERA16499819,,public,168D38506D8E41E9733BE0FE1657E907,BC25AC6E0538AB2DC8DCFBFE83128E19
SAMEA110420764,ERR9993242,2022-07-27 21:28:46,2022-08-10 14:24:31,2089647.0,631073394.0,2089647.0,302.0,198.0,,https://sra-downloadb.be-md.ncbi.nlm.nih.gov/sos3/sra-pub-zq-22/ERR009/9993/ERR9993242/ERR9993242.lite.1,ERX9533649,"TD03132655. CTB/NICD - South Africa, South Africa. TD03132655. 1113",WGS,RANDOM,GENOMIC,PAIRED,0.0,0.0,ILLUMINA,Illumina NovaSeq 6000,ERP139874,PRJEB55007,,862850.0,ERS12518839,SAMEA110420764,simple,1773.0,Mycobacterium tuberculosis,SAMEA110420764,,,,,,,no,,,,,"CTB/NICD - SOUTH AFRICA, SOUTH AFRICA",ERA16499818,,public,56BE72314D80B4146E7C4311AAD6235C,A7F39825B9FDD90CC71B2676FB60651F
SAMEA110420763,ERR9993241,2022-07-27 21:28:46,2022-08-10 14:24:06,2323453.0,701682806.0,2323453.0,302.0,220.0,,https://sra-downloadb.be-md.ncbi.nlm.nih.gov/sos2/sra-pub-zq-20/ERR009/9993/ERR9993241/ERR9993241.lite.1,ERX9533648,"TD03150685. CTB/NICD - South Africa, South Africa. TD03150685. 1112",WGS,RANDOM,GENOMIC,PAIRED,0.0,0.0,ILLUMINA,Illumina NovaSeq 6000,ERP139874,PRJEB55007,,862850.0,ERS12518838,SAMEA110420763,simple,1773.0,Mycobacterium tuberculosis,SAMEA110420763,,,,,,,no,,,,,"CTB/NICD - SOUTH AFRICA, SOUTH AFRICA",ERA16499817,,public,8F156D23A41AA61C76CFF3C7E5CA37D5,BA8DF9E3BD6CF59A218240897DB1661D
SAMEA110420762,ERR9993240,2022-07-27 21:28:46,2022-08-10 14:24:38,3841169.0,1160033038.0,3841169.0,302.0,357.0,,https://sra-downloadb.be-md.ncbi.nlm.nih.gov/sos3/sra-pub-zq-24/ERR009/9993/ERR9993240/ERR9993240.lite.1,ERX9533647,"TD03101377. CTB/NICD - South Africa, South Africa. TD03101377. 1111",WGS,RANDOM,GENOMIC,PAIRED,0.0,0.0,ILLUMINA,Illumina NovaSeq 6000,ERP139874,PRJEB55007,,862850.0,ERS12518837,SAMEA110420762,simple,1773.0,Mycobacterium tuberculosis,SAMEA110420762,,,,,,,no,,,,,"CTB/NICD - SOUTH AFRICA, SOUTH AFRICA",ERA16499816,,public,084544F3BA5243F6E4FB7D1DCD315C08,BD1E254261C4799A335CE0C53AB52BC5
SAMEA110420761,ERR9993239,2022-07-27 21:28:46,2022-08-10 14:24:21,2574552.0,777514704.0,2574552.0,302.0,245.0,,https://sra-downloadb.be-md.ncbi.nlm.nih.gov/sos1/sra-pub-zq-38/ERR009/9993/ERR9993239/ERR9993239.lite.1,ERX9533646,"TD03125581. CTB/NICD - South Africa, South Africa. TD03125581. 1110",WGS,RANDOM,GENOMIC,PAIRED,0.0,0.0,ILLUMINA,Illumina NovaSeq 6000,ERP139874,PRJEB55007,,862850.0,ERS12518836,SAMEA110420761,simple,1773.0,Mycobacterium tuberculosis,SAMEA110420761,,,,,,,no,,,,,"CTB/NICD - SOUTH AFRICA, SOUTH AFRICA",ERA16499815,,public,E49318E985CF4CCDEDAB43B176E2C7A3,587DD17428FA8388A8E0119C1FD5723C
SAMEA110420760,ERR9993238,2022-07-27 21:28:46,2022-08-10 14:24:08,2876994.0,868852188.0,2876994.0,302.0,272.0,,https://sra-downloadb.be-md.ncbi.nlm.nih.gov/sos3/sra-pub-zq-22/ERR009/9993/ERR9993238/ERR9993238.lite.1,ERX9533645,"TD03059889. CTB/NICD - South Africa, South Africa. TD03059889. 1109",WGS,RANDOM,GENOMIC,PAIRED,0.0,0.0,ILLUMINA,Illumina NovaSeq 6000,ERP139874,PRJEB55007,,862850.0,ERS12518835,SAMEA110420760,simple,1773.0,Mycobacterium tuberculosis,SAMEA110420760,,,,,,,no,,,,,"CTB/NICD - SOUTH AFRICA, SOUTH AFRICA",ERA16499814,,public,D812FE193F087CF7822FCD3863CF1B52,9C61325756C3D436C8F03CEDDF1D2EAC
SAMEA110420759,ERR9993237,2022-07-27 21:28:46,2022-08-10 14:24:28,2134997.0,644769094.0,2134997.0,302.0,202.0,,https://sra-downloadb.be-md.ncbi.nlm.nih.gov/sos4/sra-pub-zq-1/ERR009/9993/ERR9993237/ERR9993237.lite.1,ERX9533644,"XD02629662. CTB/NICD - South Africa, South Africa. XD02629662. 1108",WGS,RANDOM,GENOMIC,PAIRED,0.0,0.0,ILLUMINA,Illumina NovaSeq 6000,ERP139874,PRJEB55007,,862850.0,ERS12518834,SAMEA110420759,simple,1773.0,Mycobacterium tuberculosis,SAMEA110420759,,,,,,,no,,,,,"CTB/NICD - SOUTH AFRICA, SOUTH AFRICA",ERA16499813,,public,F961178FAF794647A214A18E380BC320,E9461D9EC594CFCEAF15CA3ACA8DC253
SAMEA110420758,ERR9993236,2022-07-27 21:28:46,2022-08-10 14:24:29,2175996.0,657150792.0,2175996.0,302.0,208.0,,https://sra-downloadb.be-md.ncbi.nlm.nih.gov/sos3/sra-pub-zq-22/ERR009/9993/ERR9993236/ERR9993236.lite.1,ERX9533643,"YA00143070. CTB/NICD - South Africa, South Africa. YA00143070. 1107",WGS,RANDOM,GENOMIC,PAIRED,0.0,0.0,ILLUMINA,Illumina NovaSeq 6000,ERP139874,PRJEB55007,,862850.0,ERS12518833,SAMEA110420758,simple,1773.0,Mycobacterium tuberculosis,SAMEA110420758,,,,,,,no,,,,,"CTB/NICD - SOUTH AFRICA, SOUTH AFRICA",ERA16499812,,public,5EF14909CEBCC0D2EAF0A572F7857BDE,14520317EC42116F0C71D20599B599AC
SAMEA110420757,ERR9993235,2022-07-27 21:28:46,2022-08-10 14:24:31,2264798.0,683968996.0,2264798.0,302.0,214.0,,https://sra-downloadb.be-md.ncbi.nlm.nih.gov/sos2/sra-pub-zq-20/ERR009/9993/ERR9993235/ERR9993235.lite.1,ERX9533642,"YA00097175. CTB/NICD - South Africa, South Africa. YA00097175. 1106",WGS,RANDOM,GENOMIC,PAIRED,0.0,0.0,ILLUMINA,Illumina NovaSeq 6000,ERP139874,PRJEB55007,,862850.0,ERS12518832,SAMEA110420757,simple,1773.0,Mycobacterium tuberculosis,SAMEA110420757,,,,,,,no,,,,,"CTB/NICD - SOUTH AFRICA, SOUTH AFRICA",ERA16499811,,public,BB386071B4F51020ADF98F6D56468012,2ADDD1A8A44CB1D4856F756B9BC87A7E
SAMEA110420756,ERR9993234,2022-07-27 21:28:46,2022-08-10 14:24:42,2981797.0,900502694.0,2981797.0,302.0,289.0,,https://sra-downloadb.be-md.ncbi.nlm.nih.gov/sos1/sra-pub-zq-38/ERR009/9993/ERR9993234/ERR9993234.lite.1,ERX9533641,"XI00192230. CTB/NICD - South Africa, South Africa. XI00192230. 1104",WGS,RANDOM,GENOMIC,PAIRED,0.0,0.0,ILLUMINA,Illumina NovaSeq 6000,ERP139874,PRJEB55007,,862850.0,ERS12518831,SAMEA110420756,simple,1773.0,Mycobacterium tuberculosis,SAMEA110420756,,,,,,,no,,,,,"CTB/NICD - SOUTH AFRICA, SOUTH AFRICA",ERA16499810,,public,F6E483319741C62F90591663A7B4E328,E1D2BAC6C3F9107B04EEA7D28865DD28
SAMEA110420755,ERR9993233,2022-07-27 21:28:46,2022-08-10 14:24:08,2200296.0,664489392.0,2200296.0,302.0,211.0,,https://sra-downloadb.be-md.ncbi.nlm.nih.gov/sos1/sra-pub-zq-38/ERR009/9993/ERR9993233/ERR9993233.lite.1,ERX9533640,"XN01050188. CTB/NICD - South Africa, South Africa. XN01050188. 1088",WGS,RANDOM,GENOMIC,PAIRED,0.0,0.0,ILLUMINA,Illumina NovaSeq 6000,ERP139874,PRJEB55007,,862850.0,ERS12518830,SAMEA110420755,simple,1773.0,Mycobacterium tuberculosis,SAMEA110420755,,,,,,,no,,,,,"CTB/NICD - SOUTH AFRICA, SOUTH AFRICA",ERA16499809,,public,C897F903993B379CE8EC5F2D750D2EB2,473BEC49C1280FCF45CD96630CB598A3
SAMEA110420754,ERR9993232,2022-07-27 21:28:46,2022-08-10 14:24:20,2215427.0,669058954.0,2215427.0,302.0,210.0,,https://sra-downloadb.be-md.ncbi.nlm.nih.gov/sos1/sra-pub-zq-38/ERR009/9993/ERR9993232/ERR9993232.lite.1,ERX9533639,"XN00979598. CTB/NICD - South Africa, South Africa. XN00979598. 1087",WGS,RANDOM,GENOMIC,PAIRED,0.0,0.0,ILLUMINA,Illumina NovaSeq 6000,ERP139874,PRJEB55007,,862850.0,ERS12518829,SAMEA110420754,simple,1773.0,Mycobacterium tuberculosis,SAMEA110420754,,,,,,,no,,,,,"CTB/NICD - SOUTH AFRICA, SOUTH AFRICA",ERA16499808,,public,EC61334D760B85FEEDB39FECB7557411,5AC9F4B1F5521BB82AE2F7ABDCD9A10E
SAMEA110420753,ERR9993231,2022-07-27 21:28:46,2022-08-10 14:23:59,2426916.0,732928632.0,2426916.0,302.0,225.0,,https://sra-downloadb.be-md.ncbi.nlm.nih.gov/sos1/sra-pub-zq-38/ERR009/9993/ERR9993231/ERR9993231.lite.1,ERX9533638,"XN00597525. CTB/NICD - South Africa, South Africa. XN00597525. 1086",WGS,RANDOM,GENOMIC,PAIRED,0.0,0.0,ILLUMINA,Illumina NovaSeq 6000,ERP139874,PRJEB55007,,862850.0,ERS12518828,SAMEA110420753,simple,1773.0,Mycobacterium tuberculosis,SAMEA110420753,,,,,,,no,,,,,"CTB/NICD - SOUTH AFRICA, SOUTH AFRICA",ERA16499807,,public,A3599DCCAE5BD9717FFE058A077C04BA,D768FEE96B7A4848A8D09D631CE1F2E4
SAMEA110420752,ERR9993230,2022-07-27 21:28:46,2022-08-10 14:23:58,2033380.0,614080760.0,2033380.0,302.0,194.0,,https://sra-downloadb.be-md.ncbi.nlm.nih.gov/sos1/sra-pub-zq-38/ERR009/9993/ERR9993230/ERR9993230.lite.1,ERX9533637,"XM00125347. CTB/NICD - South Africa, South Africa. XM00125347. 1085",WGS,RANDOM,GENOMIC,PAIRED,0.0,0.0,ILLUMINA,Illumina NovaSeq 6000,ERP139874,PRJEB55007,,862850.0,ERS12518827,SAMEA110420752,simple,1773.0,Mycobacterium tuberculosis,SAMEA110420752,,,,,,,no,,,,,"CTB/NICD - SOUTH AFRICA, SOUTH AFRICA",ERA16499806,,public,BCB127264063461533096A5E5C1732BD,20B1A4689AC0656A660D5A0022F2E823
SAMEA110420751,ERR9993229,2022-07-27 21:28:46,2022-08-10 14:23:57,2240842.0,676734284.0,2240842.0,302.0,216.0,,https://sra-downloadb.be-md.ncbi.nlm.nih.gov/sos2/sra-pub-zq-20/ERR009/9993/ERR9993229/ERR9993229.lite.1,ERX9533636,"XK01401481. CTB/NICD - South Africa, South Africa. XK01401481. 1084",WGS,RANDOM,GENOMIC,PAIRED,0.0,0.0,ILLUMINA,Illumina NovaSeq 6000,ERP139874,PRJEB55007,,862850.0,ERS12518826,SAMEA110420751,simple,1773.0,Mycobacterium tuberculosis,SAMEA110420751,,,,,,,no,,,,,"CTB/NICD - SOUTH AFRICA, SOUTH AFRICA",ERA16499805,,public,EA486CF56F83D852235982759167828E,FF318962A26100C277D79C3043B83E05
SAMEA110420750,ERR9993228,2022-07-27 21:28:46,2022-08-10 14:24:50,2697766.0,814725332.0,2697766.0,302.0,256.0,,https://sra-downloadb.be-md.ncbi.nlm.nih.gov/sos1/sra-pub-zq-38/ERR009/9993/ERR9993228/ERR9993228.lite.1,ERX9533635,"XG00800652. CTB/NICD - South Africa, South Africa. XG00800652. 1083",WGS,RANDOM,GENOMIC,PAIRED,0.0,0.0,ILLUMINA,Illumina NovaSeq 6000,ERP139874,PRJEB55007,,862850.0,ERS12518825,SAMEA110420750,simple,1773.0,Mycobacterium tuberculosis,SAMEA110420750,,,,,,,no,,,,,"CTB/NICD - SOUTH AFRICA, SOUTH AFRICA",ERA16499804,,public,FA5EBCDCD2484B93BBB7062E4E287BFE,FF07DDBC2C470BD4CFD08B8FB78A442F
SAMEA110420749,ERR9993227,2022-07-27 21:28:46,2022-08-10 14:24:08,2266436.0,684463672.0,2266436.0,302.0,217.0,,https://sra-downloadb.be-md.ncbi.nlm.nih.gov/sos1/sra-pub-zq-38/ERR009/9993/ERR9993227/ERR9993227.lite.1,ERX9533634,"XG00774630. CTB/NICD - South Africa, South Africa. XG00774630. 1082",WGS,RANDOM,GENOMIC,PAIRED,0.0,0.0,ILLUMINA,Illumina NovaSeq 6000,ERP139874,PRJEB55007,,862850.0,ERS12518824,SAMEA110420749,simple,1773.0,Mycobacterium tuberculosis,SAMEA110420749,,,,,,,no,,,,,"CTB/NICD - SOUTH AFRICA, SOUTH AFRICA",ERA16499803,,public,0AB82098F8640ABC4C491519C4419A63,FBA823FCA780E2DD8FB9BD49DE197EE8
SAMEA110420748,ERR9993226,2022-07-27 21:28:46,2022-08-10 14:24:03,2041543.0,616545986.0,2041543.0,302.0,192.0,,https://sra-downloadb.be-md.ncbi.nlm.nih.gov/sos3/sra-pub-zq-24/ERR009/9993/ERR9993226/ERR9993226.lite.1,ERX9533633,"XD04407147. CTB/NICD - South Africa, South Africa. XD04407147. 1081",WGS,RANDOM,GENOMIC,PAIRED,0.0,0.0,ILLUMINA,Illumina NovaSeq 6000,ERP139874,PRJEB55007,,862850.0,ERS12518823,SAMEA110420748,simple,1773.0,Mycobacterium tuberculosis,SAMEA110420748,,,,,,,no,,,,,"CTB/NICD - SOUTH AFRICA, SOUTH AFRICA",ERA16499802,,public,18D9F461ABFD0A75D11DC396A603A9B4,CEC7E31E0BF1319D168E64B511B8A801
SAMEA110420747,ERR9993225,2022-07-27 21:28:46,2022-08-10 14:24:29,2232397.0,674183894.0,2232397.0,302.0,213.0,,https://sra-downloadb.be-md.ncbi.nlm.nih.gov/sos4/sra-pub-zq-1/ERR009/9993/ERR9993225/ERR9993225.lite.1,ERX9533632,"XD04376592. CTB/NICD - South Africa, South Africa. XD04376592. 1080",WGS,RANDOM,GENOMIC,PAIRED,0.0,0.0,ILLUMINA,Illumina NovaSeq 6000,ERP139874,PRJEB55007,,862850.0,ERS12518822,SAMEA110420747,simple,1773.0,Mycobacterium tuberculosis,SAMEA110420747,,,,,,,no,,,,,"CTB/NICD - SOUTH AFRICA, SOUTH AFRICA",ERA16499801,,public,88E4DD865D09A6BB46788E3BE4ED94CB,5A2EAA7870FC2A0FCD23E4A9A326E69A
SAMEA110420746,ERR9993224,2022-07-27 21:28:46,2022-08-10 14:24:40,2358555.0,712283610.0,2358555.0,302.0,222.0,,https://sra-downloadb.be-md.ncbi.nlm.nih.gov/sos1/sra-pub-zq-38/ERR009/9993/ERR9993224/ERR9993224.lite.1,ERX9533631,"XD04332391. CTB/NICD - South Africa, South Africa. XD04332391. 1079",WGS,RANDOM,GENOMIC,PAIRED,0.0,0.0,ILLUMINA,Illumina NovaSeq 6000,ERP139874,PRJEB55007,,862850.0,ERS12518821,SAMEA110420746,simple,1773.0,Mycobacterium tuberculosis,SAMEA110420746,,,,,,,no,,,,,"CTB/NICD - SOUTH AFRICA, SOUTH AFRICA",ERA16499800,,public,CDE8E51723222D4A4A16D775431BD553,688C52839A413915837E9104FE3F8E5D
SAMEA110420745,ERR9993223,2022-07-27 21:28:46,2022-08-10 14:24:06,2213745.0,668550990.0,2213745.0,302.0,211.0,,https://sra-downloadb.be-md.ncbi.nlm.nih.gov/sos1/sra-pub-zq-38/ERR009/9993/ERR9993223/ERR9993223.lite.1,ERX9533630,"XD04219934. CTB/NICD - South Africa, South Africa. XD04219934. 1078",WGS,RANDOM,GENOMIC,PAIRED,0.0,0.0,ILLUMINA,Illumina NovaSeq 6000,ERP139874,PRJEB55007,,862850.0,ERS12518820,SAMEA110420745,simple,1773.0,Mycobacterium tuberculosis,SAMEA110420745,,,,,,,no,,,,,"CTB/NICD - SOUTH AFRICA, SOUTH AFRICA",ERA16499799,,public,65CDE5039000301306F1EB835080038C,50D531B612ADE4BD4A1F4E6CB9D1D77E
SAMEA110420744,ERR9993222,2022-07-27 21:28:46,2022-08-10 14:23:55,1736828.0,524522056.0,1736828.0,302.0,165.0,,https://sra-downloadb.be-md.ncbi.nlm.nih.gov/sos1/sra-pub-zq-38/ERR009/9993/ERR9993222/ERR9993222.lite.1,ERX9533629,"XD04216371. CTB/NICD - South Africa, South Africa. XD04216371. 1077",WGS,RANDOM,GENOMIC,PAIRED,0.0,0.0,ILLUMINA,Illumina NovaSeq 6000,ERP139874,PRJEB55007,,862850.0,ERS12518819,SAMEA110420744,simple,1773.0,Mycobacterium tuberculosis,SAMEA110420744,,,,,,,no,,,,,"CTB/NICD - SOUTH AFRICA, SOUTH AFRICA",ERA16499798,,public,09F76BADD75D8E027E7DD42766ED96D8,E925AAC9BBCCB7AC7783FEA2D9EF1F49
SAMEA110420743,ERR9993221,2022-07-27 21:28:46,2022-08-10 14:23:57,1897088.0,572920576.0,1897088.0,302.0,182.0,,https://sra-downloadb.be-md.ncbi.nlm.nih.gov/sos1/sra-pub-zq-38/ERR009/9993/ERR9993221/ERR9993221.lite.1,ERX9533628,"XD04092217. CTB/NICD - South Africa, South Africa. XD04092217. 1076",WGS,RANDOM,GENOMIC,PAIRED,0.0,0.0,ILLUMINA,Illumina NovaSeq 6000,ERP139874,PRJEB55007,,862850.0,ERS12518818,SAMEA110420743,simple,1773.0,Mycobacterium tuberculosis,SAMEA110420743,,,,,,,no,,,,,"CTB/NICD - SOUTH AFRICA, SOUTH AFRICA",ERA16499797,,public,2079B4D3E7F6A7F12FFB353F5B7BEF5E,BE04E92B1A974203F231FDCF756A7FE7
SAMEA110420742,ERR9993220,2022-07-27 21:28:46,2022-08-10 14:24:16,1978875.0,597620250.0,1978875.0,302.0,193.0,,https://sra-downloadb.be-md.ncbi.nlm.nih.gov/sos3/sra-pub-zq-24/ERR009/9993/ERR9993220/ERR9993220.lite.1,ERX9533627,"XD04061219. CTB/NICD - South Africa, South Africa. XD04061219. 1075",WGS,RANDOM,GENOMIC,PAIRED,0.0,0.0,ILLUMINA,Illumina NovaSeq 6000,ERP139874,PRJEB55007,,862850.0,ERS12518817,SAMEA110420742,simple,1773.0,Mycobacterium tuberculosis,SAMEA110420742,,,,,,,no,,,,,"CTB/NICD - SOUTH AFRICA, SOUTH AFRICA",ERA16499796,,public,9DB2427644498811A9CA8A0EBE8C40E9,6607C6303EACBF5B44B5DEAC12C63071
SAMEA110420741,ERR9993219,2022-07-27 21:28:46,2022-08-10 14:23:56,2388963.0,721466826.0,2388963.0,302.0,227.0,,https://sra-downloadb.be-md.ncbi.nlm.nih.gov/sos3/sra-pub-zq-22/ERR009/9993/ERR9993219/ERR9993219.lite.1,ERX9533626,"XD04046537. CTB/NICD - South Africa, South Africa. XD04046537. 1074",WGS,RANDOM,GENOMIC,PAIRED,0.0,0.0,ILLUMINA,Illumina NovaSeq 6000,ERP139874,PRJEB55007,,862850.0,ERS12518816,SAMEA110420741,simple,1773.0,Mycobacterium tuberculosis,SAMEA110420741,,,,,,,no,,,,,"CTB/NICD - SOUTH AFRICA, SOUTH AFRICA",ERA16499795,,public,80808F3C498BA2628D4F051CBC7E1C68,A4CE8B92FFA5FF0311A9046A94AF57FE
SAMEA110420740,ERR9993218,2022-07-27 21:28:46,2022-08-10 14:23:58,2123204.0,641207608.0,2123204.0,302.0,203.0,,https://sra-downloadb.be-md.ncbi.nlm.nih.gov/sos2/sra-pub-zq-20/ERR009/9993/ERR9993218/ERR9993218.lite.1,ERX9533625,"XD03995819. CTB/NICD - South Africa, South Africa. XD03995819. 1072",WGS,RANDOM,GENOMIC,PAIRED,0.0,0.0,ILLUMINA,Illumina NovaSeq 6000,ERP139874,PRJEB55007,,862850.0,ERS12518815,SAMEA110420740,simple,1773.0,Mycobacterium tuberculosis,SAMEA110420740,,,,,,,no,,,,,"CTB/NICD - SOUTH AFRICA, SOUTH AFRICA",ERA16499794,,public,20BCF8A35D323216C0430A488BC03C3B,0997782C21DF2BA4776F7E9610FF0F77
SAMEA110420739,ERR9993217,2022-07-27 21:28:46,2022-08-10 14:24:08,2070875.0,625404250.0,2070875.0,302.0,192.0,,https://sra-downloadb.be-md.ncbi.nlm.nih.gov/sos3/sra-pub-zq-22/ERR009/9993/ERR9993217/ERR9993217.lite.1,ERX9533624,"XD03993517. CTB/NICD - South Africa, South Africa. XD03993517. 1071",WGS,RANDOM,GENOMIC,PAIRED,0.0,0.0,ILLUMINA,Illumina NovaSeq 6000,ERP139874,PRJEB55007,,862850.0,ERS12518814,SAMEA110420739,simple,1773.0,Mycobacterium tuberculosis,SAMEA110420739,,,,,,,no,,,,,"CTB/NICD - SOUTH AFRICA, SOUTH AFRICA",ERA16499793,,public,B35ACDE17D2A1692A87D0A7EF85103F2,431467B6AC784F2FCF60C8A25A340F09
SAMEA110420738,ERR9993216,2022-07-27 21:28:46,2022-08-10 14:24:55,2137823.0,645622546.0,2137823.0,302.0,202.0,,https://sra-downloadb.be-md.ncbi.nlm.nih.gov/sos1/sra-pub-zq-38/ERR009/9993/ERR9993216/ERR9993216.lite.1,ERX9533623,"XD03990704. CTB/NICD - South Africa, South Africa. XD03990704. 1070",WGS,RANDOM,GENOMIC,PAIRED,0.0,0.0,ILLUMINA,Illumina NovaSeq 6000,ERP139874,PRJEB55007,,862850.0,ERS12518813,SAMEA110420738,simple,1773.0,Mycobacterium tuberculosis,SAMEA110420738,,,,,,,no,,,,,"CTB/NICD - SOUTH AFRICA, SOUTH AFRICA",ERA16499792,,public,F8769EF7568C62E168EB86ECBBC20BE5,C46F776C371D93D41368F91E36855A2D
SAMEA110420737,ERR9993215,2022-07-27 21:28:46,2022-08-10 14:24:11,2325737.0,702372574.0,2325737.0,302.0,225.0,,https://sra-downloadb.be-md.ncbi.nlm.nih.gov/sos3/sra-pub-zq-24/ERR009/9993/ERR9993215/ERR9993215.lite.1,ERX9533622,"XD03980672. CTB/NICD - South Africa, South Africa. XD03980672. 1069",WGS,RANDOM,GENOMIC,PAIRED,0.0,0.0,ILLUMINA,Illumina NovaSeq 6000,ERP139874,PRJEB55007,,862850.0,ERS12518812,SAMEA110420737,simple,1773.0,Mycobacterium tuberculosis,SAMEA110420737,,,,,,,no,,,,,"CTB/NICD - SOUTH AFRICA, SOUTH AFRICA",ERA16499791,,public,F2F76EB1183A0042BC6D8A6E6D228897,7A7B232C27BC771D26DB8BAE7B78D898
SAMEA110420736,ERR9993214,2022-07-27 21:28:46,2022-08-10 14:24:02,1911496.0,577271792.0,1911496.0,302.0,184.0,,https://sra-downloadb.be-md.ncbi.nlm.nih.gov/sos2/sra-pub-zq-20/ERR009/9993/ERR9993214/ERR9993214.lite.1,ERX9533621,"XD03956733. CTB/NICD - South Africa, South Africa. XD03956733. 1068",WGS,RANDOM,GENOMIC,PAIRED,0.0,0.0,ILLUMINA,Illumina NovaSeq 6000,ERP139874,PRJEB55007,,862850.0,ERS12518811,SAMEA110420736,simple,1773.0,Mycobacterium tuberculosis,SAMEA110420736,,,,,,,no,,,,,"CTB/NICD - SOUTH AFRICA, SOUTH AFRICA",ERA16499790,,public,91C803D53DA9B8C22A243FC431431598,29E22A3667C1170E54BCDDE5BC926B09
SAMEA110420735,ERR9993213,2022-07-27 21:28:46,2022-08-10 14:24:35,2956108.0,892744616.0,2956108.0,302.0,279.0,,https://sra-downloadb.be-md.ncbi.nlm.nih.gov/sos1/sra-pub-zq-38/ERR009/9993/ERR9993213/ERR9993213.lite.1,ERX9533620,"XD03806694. CTB/NICD - South Africa, South Africa. XD03806694. 1067",WGS,RANDOM,GENOMIC,PAIRED,0.0,0.0,ILLUMINA,Illumina NovaSeq 6000,ERP139874,PRJEB55007,,862850.0,ERS12518810,SAMEA110420735,simple,1773.0,Mycobacterium tuberculosis,SAMEA110420735,,,,,,,no,,,,,"CTB/NICD - SOUTH AFRICA, SOUTH AFRICA",ERA16499789,,public,A318F642CB3BF9E3A3A18DBA02150C9F,840D7C96EDCF506201E16060A0AFCF6C
SAMEA110420734,ERR9993212,2022-07-27 21:28:46,2022-08-10 14:24:27,2306374.0,696524948.0,2306374.0,302.0,216.0,,https://sra-downloadb.be-md.ncbi.nlm.nih.gov/sos2/sra-pub-zq-20/ERR009/9993/ERR9993212/ERR9993212.lite.1,ERX9533619,"XD03783939. CTB/NICD - South Africa, South Africa. XD03783939. 1066",WGS,RANDOM,GENOMIC,PAIRED,0.0,0.0,ILLUMINA,Illumina NovaSeq 6000,ERP139874,PRJEB55007,,862850.0,ERS12518809,SAMEA110420734,simple,1773.0,Mycobacterium tuberculosis,SAMEA110420734,,,,,,,no,,,,,"CTB/NICD - SOUTH AFRICA, SOUTH AFRICA",ERA16499788,,public,A780CB2B61874F2B5E001B1A0853413E,1E1DC4D1954D6D82458B474133F5FC9C
SAMEA110420733,ERR9993211,2022-07-27 21:28:46,2022-08-10 14:23:58,2196559.0,663360818.0,2196559.0,302.0,212.0,,https://sra-downloadb.be-md.ncbi.nlm.nih.gov/sos3/sra-pub-zq-22/ERR009/9993/ERR9993211/ERR9993211.lite.1,ERX9533618,"XD03710116. CTB/NICD - South Africa, South Africa. XD03710116. 1065",WGS,RANDOM,GENOMIC,PAIRED,0.0,0.0,ILLUMINA,Illumina NovaSeq 6000,ERP139874,PRJEB55007,,862850.0,ERS12518808,SAMEA110420733,simple,1773.0,Mycobacterium tuberculosis,SAMEA110420733,,,,,,,no,,,,,"CTB/NICD - SOUTH AFRICA, SOUTH AFRICA",ERA16499787,,public,F02E62D86CB6698F98AE714CF74A0D1E,2B654C19843279D91738CA082926D24E
SAMEA110420732,ERR9993210,2022-07-27 21:28:46,2022-08-10 14:24:21,2187265.0,660554030.0,2187265.0,302.0,207.0,,https://sra-downloadb.be-md.ncbi.nlm.nih.gov/sos1/sra-pub-zq-38/ERR009/9993/ERR9993210/ERR9993210.lite.1,ERX9533617,"XD03694085. CTB/NICD - South Africa, South Africa. XD03694085. 1064",WGS,RANDOM,GENOMIC,PAIRED,0.0,0.0,ILLUMINA,Illumina NovaSeq 6000,ERP139874,PRJEB55007,,862850.0,ERS12518807,SAMEA110420732,simple,1773.0,Mycobacterium tuberculosis,SAMEA110420732,,,,,,,no,,,,,"CTB/NICD - SOUTH AFRICA, SOUTH AFRICA",ERA16499786,,public,961174D9BA06A4518AD39D1EC834702F,7980FE51E32DA9DA4C7E81C6FEA13C7D
SAMEA110420731,ERR9993209,2022-07-27 21:28:46,2022-08-10 14:23:59,2043350.0,617091700.0,2043350.0,302.0,195.0,,https://sra-downloadb.be-md.ncbi.nlm.nih.gov/sos4/sra-pub-zq-1/ERR009/9993/ERR9993209/ERR9993209.lite.1,ERX9533616,"XD03607876. CTB/NICD - South Africa, South Africa. XD03607876. 1063",WGS,RANDOM,GENOMIC,PAIRED,0.0,0.0,ILLUMINA,Illumina NovaSeq 6000,ERP139874,PRJEB55007,,862850.0,ERS12518806,SAMEA110420731,simple,1773.0,Mycobacterium tuberculosis,SAMEA110420731,,,,,,,no,,,,,"CTB/NICD - SOUTH AFRICA, SOUTH AFRICA",ERA16499785,,public,2A9992B8D2B2FD7D37442940FE243137,A2D8EE97761B7F130299B196FB3ABC63
SAMEA110420730,ERR9993208,2022-07-27 21:28:46,2022-08-10 14:24:27,2149295.0,649087090.0,2149295.0,302.0,208.0,,https://sra-downloadb.be-md.ncbi.nlm.nih.gov/sos3/sra-pub-zq-22/ERR009/9993/ERR9993208/ERR9993208.lite.1,ERX9533615,"XD03455839. CTB/NICD - South Africa, South Africa. XD03455839. 1062",WGS,RANDOM,GENOMIC,PAIRED,0.0,0.0,ILLUMINA,Illumina NovaSeq 6000,ERP139874,PRJEB55007,,862850.0,ERS12518805,SAMEA110420730,simple,1773.0,Mycobacterium tuberculosis,SAMEA110420730,,,,,,,no,,,,,"CTB/NICD - SOUTH AFRICA, SOUTH AFRICA",ERA16499784,,public,C8CDCB6807931264AC6A9CA3A356427E,68ABFF6C7BAA884D9FE38925A55B9530
SAMEA110420729,ERR9993207,2022-07-27 21:28:46,2022-08-10 14:24:31,2607292.0,787402184.0,2607292.0,302.0,250.0,,https://sra-downloadb.be-md.ncbi.nlm.nih.gov/sos1/sra-pub-zq-38/ERR009/9993/ERR9993207/ERR9993207.lite.1,ERX9533614,"XD03411332. CTB/NICD - South Africa, South Africa. XD03411332. 1061",WGS,RANDOM,GENOMIC,PAIRED,0.0,0.0,ILLUMINA,Illumina NovaSeq 6000,ERP139874,PRJEB55007,,862850.0,ERS12518804,SAMEA110420729,simple,1773.0,Mycobacterium tuberculosis,SAMEA110420729,,,,,,,no,,,,,"CTB/NICD - SOUTH AFRICA, SOUTH AFRICA",ERA16499783,,public,88EEA33B247219D26F1E998B253D106B,EB74E27A2D747EE7F00D68DA9A86E59E
SAMEA110420728,ERR9993206,2022-07-27 21:28:46,2022-08-10 14:24:03,1956602.0,590893804.0,1956602.0,302.0,186.0,,https://sra-downloadb.be-md.ncbi.nlm.nih.gov/sos1/sra-pub-zq-38/ERR009/9993/ERR9993206/ERR9993206.lite.1,ERX9533613,"XD03403426. CTB/NICD - South Africa, South Africa. XD03403426. 1060",WGS,RANDOM,GENOMIC,PAIRED,0.0,0.0,ILLUMINA,Illumina NovaSeq 6000,ERP139874,PRJEB55007,,862850.0,ERS12518803,SAMEA110420728,simple,1773.0,Mycobacterium tuberculosis,SAMEA110420728,,,,,,,no,,,,,"CTB/NICD - SOUTH AFRICA, SOUTH AFRICA",ERA16499782,,public,FF0448E0B2320985483959998800194D,909665AEB7CB80E1F6EFB3AC0CC5A275
SAMEA110420727,ERR9993205,2022-07-27 21:28:46,2022-08-10 14:24:07,1874081.0,565972462.0,1874081.0,302.0,180.0,,https://sra-downloadb.be-md.ncbi.nlm.nih.gov/sos3/sra-pub-zq-24/ERR009/9993/ERR9993205/ERR9993205.lite.1,ERX9533612,"UH01991220. CTB/NICD - South Africa, South Africa. UH01991220. 1058",WGS,RANDOM,GENOMIC,PAIRED,0.0,0.0,ILLUMINA,Illumina NovaSeq 6000,ERP139874,PRJEB55007,,862850.0,ERS12518802,SAMEA110420727,simple,1773.0,Mycobacterium tuberculosis,SAMEA110420727,,,,,,,no,,,,,"CTB/NICD - SOUTH AFRICA, SOUTH AFRICA",ERA16499781,,public,67BECBBF5D087E1C3EE198DC8EBF5C21,04580BE1FDED443112A07E6562A2049A
SAMEA110420726,ERR9993204,2022-07-27 21:28:46,2022-08-10 14:23:58,1958309.0,591409318.0,1958309.0,302.0,186.0,,https://sra-downloadb.be-md.ncbi.nlm.nih.gov/sos3/sra-pub-zq-24/ERR009/9993/ERR9993204/ERR9993204.lite.1,ERX9533611,"UH01893876. CTB/NICD - South Africa, South Africa. UH01893876. 1057",WGS,RANDOM,GENOMIC,PAIRED,0.0,0.0,ILLUMINA,Illumina NovaSeq 6000,ERP139874,PRJEB55007,,862850.0,ERS12518801,SAMEA110420726,simple,1773.0,Mycobacterium tuberculosis,SAMEA110420726,,,,,,,no,,,,,"CTB/NICD - SOUTH AFRICA, SOUTH AFRICA",ERA16499780,,public,71EAAA64D312AADD0A92EA7FE602F187,DA57F8B622C3E0C4E5F610189A064FB2
SAMEA110420725,ERR9993203,2022-07-27 21:28:46,2022-08-10 14:24:12,2348381.0,709211062.0,2348381.0,302.0,221.0,,https://sra-downloadb.be-md.ncbi.nlm.nih.gov/sos1/sra-pub-zq-38/ERR009/9993/ERR9993203/ERR9993203.lite.1,ERX9533610,"UH01843611. CTB/NICD - South Africa, South Africa. UH01843611. 1056",WGS,RANDOM,GENOMIC,PAIRED,0.0,0.0,ILLUMINA,Illumina NovaSeq 6000,ERP139874,PRJEB55007,,862850.0,ERS12518800,SAMEA110420725,simple,1773.0,Mycobacterium tuberculosis,SAMEA110420725,,,,,,,no,,,,,"CTB/NICD - SOUTH AFRICA, SOUTH AFRICA",ERA16499779,,public,3C9984379DC1F782055CDEB3254BE4CB,EE6C2C9B69A762CD0F79FF82BDBAE867
SAMEA110420724,ERR9993202,2022-07-27 21:28:46,2022-08-10 14:24:03,1842208.0,556346816.0,1842208.0,302.0,176.0,,https://sra-downloadb.be-md.ncbi.nlm.nih.gov/sos3/sra-pub-zq-22/ERR009/9993/ERR9993202/ERR9993202.lite.1,ERX9533609,"UH01840765. CTB/NICD - South Africa, South Africa. UH01840765. 1055",WGS,RANDOM,GENOMIC,PAIRED,0.0,0.0,ILLUMINA,Illumina NovaSeq 6000,ERP139874,PRJEB55007,,862850.0,ERS12518799,SAMEA110420724,simple,1773.0,Mycobacterium tuberculosis,SAMEA110420724,,,,,,,no,,,,,"CTB/NICD - SOUTH AFRICA, SOUTH AFRICA",ERA16499778,,public,0BCE9CE8FB0F4B47D3F63B6729E33608,D62D7DAE295DDC252B6AF7DAC99D53B5
SAMEA110420715,ERR9993201,2022-07-27 21:28:46,2022-08-10 14:24:05,2575048.0,777664496.0,2575048.0,302.0,245.0,,https://sra-downloadb.be-md.ncbi.nlm.nih.gov/sos2/sra-pub-zq-20/ERR009/9993/ERR9993201/ERR9993201.lite.1,ERX9533608,"UH01834430. CTB/NICD - South Africa, South Africa. UH01834430. 1054",WGS,RANDOM,GENOMIC,PAIRED,0.0,0.0,ILLUMINA,Illumina NovaSeq 6000,ERP139874,PRJEB55007,,862850.0,ERS12518798,SAMEA110420715,simple,1773.0,Mycobacterium tuberculosis,SAMEA110420715,,,,,,,no,,,,,"CTB/NICD - SOUTH AFRICA, SOUTH AFRICA",ERA16499777,,public,1DF6C7AC51301F773163B445677F4905,B2E683801EA55A0664BCB292B7110233
SAMEA110420702,ERR9993200,2022-07-27 21:28:46,2022-08-10 14:24:10,2412455.0,728561410.0,2412455.0,302.0,227.0,,https://sra-downloadb.be-md.ncbi.nlm.nih.gov/sos3/sra-pub-zq-24/ERR009/9993/ERR9993200/ERR9993200.lite.1,ERX9533607,"UH01824689. CTB/NICD - South Africa, South Africa. UH01824689. 1053",WGS,RANDOM,GENOMIC,PAIRED,0.0,0.0,ILLUMINA,Illumina NovaSeq 6000,ERP139874,PRJEB55007,,862850.0,ERS12518797,SAMEA110420702,simple,1773.0,Mycobacterium tuberculosis,SAMEA110420702,,,,,,,no,,,,,"CTB/NICD - SOUTH AFRICA, SOUTH AFRICA",ERA16499776,,public,E757478CAFAD93CBAB789EDFC973B1D2,F8A2A30FD30F55E2AA281E018F77170E
SAMEA110420684,ERR9993199,2022-07-27 21:28:46,2022-08-10 14:24:08,2220253.0,670516406.0,2220253.0,302.0,212.0,,https://sra-downloadb.be-md.ncbi.nlm.nih.gov/sos1/sra-pub-zq-38/ERR009/9993/ERR9993199/ERR9993199.lite.1,ERX9533606,"UH01818726. CTB/NICD - South Africa, South Africa. UH01818726. 1052",WGS,RANDOM,GENOMIC,PAIRED,0.0,0.0,ILLUMINA,Illumina NovaSeq 6000,ERP139874,PRJEB55007,,862850.0,ERS12518796,SAMEA110420684,simple,1773.0,Mycobacterium tuberculosis,SAMEA110420684,,,,,,,no,,,,,"CTB/NICD - SOUTH AFRICA, SOUTH AFRICA",ERA16499775,,public,712177AE134B4A2EF8CE5A4ED5936C71,DF64D7F48C033D4BD203AF7D39172984
SAMEA110420666,ERR9993198,2022-07-27 21:28:46,2022-08-10 14:24:16,2636410.0,796195820.0,2636410.0,302.0,252.0,,https://sra-downloadb.be-md.ncbi.nlm.nih.gov/sos1/sra-pub-zq-38/ERR009/9993/ERR9993198/ERR9993198.lite.1,ERX9533605,"UH01814149. CTB/NICD - South Africa, South Africa. UH01814149. 1051",WGS,RANDOM,GENOMIC,PAIRED,0.0,0.0,ILLUMINA,Illumina NovaSeq 6000,ERP139874,PRJEB55007,,862850.0,ERS12518795,SAMEA110420666,simple,1773.0,Mycobacterium tuberculosis,SAMEA110420666,,,,,,,no,,,,,"CTB/NICD - SOUTH AFRICA, SOUTH AFRICA",ERA16499774,,public,59B2608F060B15849D2FC5526585F7BF,24FCEC8C91D9B26833AFE2AE30347FF7
SAMEA110420649,ERR9993197,2022-07-27 21:28:46,2022-08-10 14:24:18,2187354.0,660580908.0,2187354.0,302.0,206.0,,https://sra-downloadb.be-md.ncbi.nlm.nih.gov/sos3/sra-pub-zq-24/ERR009/9993/ERR9993197/ERR9993197.lite.1,ERX9533604,"UH01807069. CTB/NICD - South Africa, South Africa. UH01807069. 1050",WGS,RANDOM,GENOMIC,PAIRED,0.0,0.0,ILLUMINA,Illumina NovaSeq 6000,ERP139874,PRJEB55007,,862850.0,ERS12518794,SAMEA110420649,simple,1773.0,Mycobacterium tuberculosis,SAMEA110420649,,,,,,,no,,,,,"CTB/NICD - SOUTH AFRICA, SOUTH AFRICA",ERA16499773,,public,73EAFD0F2A8D2982B59E62C10AEAF703,B9C791570D20ACDFE393BB4620B37C0C
SAMEA110420643,ERR9993196,2022-07-27 21:28:46,2022-08-10 14:24:07,2201710.0,664916420.0,2201710.0,302.0,206.0,,https://sra-downloadb.be-md.ncbi.nlm.nih.gov/sos3/sra-pub-zq-24/ERR009/9993/ERR9993196/ERR9993196.lite.1,ERX9533603,"UH01796696. CTB/NICD - South Africa, South Africa. UH01796696. 1049",WGS,RANDOM,GENOMIC,PAIRED,0.0,0.0,ILLUMINA,Illumina NovaSeq 6000,ERP139874,PRJEB55007,,862850.0,ERS12518793,SAMEA110420643,simple,1773.0,Mycobacterium tuberculosis,SAMEA110420643,,,,,,,no,,,,,"CTB/NICD - SOUTH AFRICA, SOUTH AFRICA",ERA16499772,,public,5DB7E99C207BD50DB2634D017A37EF5A,3E2DD73980EAD698FA5DBC94A594DBBB
SAMEA110420634,ERR9993195,2022-07-27 21:28:46,2022-08-10 14:24:29,1927908.0,582228216.0,1927908.0,302.0,184.0,,https://sra-downloadb.be-md.ncbi.nlm.nih.gov/sos3/sra-pub-zq-24/ERR009/9993/ERR9993195/ERR9993195.lite.1,ERX9533602,"UH01770576. CTB/NICD - South Africa, South Africa. UH01770576. 1048",WGS,RANDOM,GENOMIC,PAIRED,0.0,0.0,ILLUMINA,Illumina NovaSeq 6000,ERP139874,PRJEB55007,,862850.0,ERS12518792,SAMEA110420634,simple,1773.0,Mycobacterium tuberculosis,SAMEA110420634,,,,,,,no,,,,,"CTB/NICD - SOUTH AFRICA, SOUTH AFRICA",ERA16499771,,public,F35EFFC04E100F32C30F9932AE5A1DDD,B3FDFD948B36589CAE38E9D2A0A535C2
SAMEA110420620,ERR9993194,2022-07-27 21:28:46,2022-08-10 14:24:32,2177019.0,657459738.0,2177019.0,302.0,209.0,,https://sra-downloadb.be-md.ncbi.nlm.nih.gov/sos1/sra-pub-zq-38/ERR009/9993/ERR9993194/ERR9993194.lite.1,ERX9533601,"UH01659771. CTB/NICD - South Africa, South Africa. UH01659771. 1047",WGS,RANDOM,GENOMIC,PAIRED,0.0,0.0,ILLUMINA,Illumina NovaSeq 6000,ERP139874,PRJEB55007,,862850.0,ERS12518791,SAMEA110420620,simple,1773.0,Mycobacterium tuberculosis,SAMEA110420620,,,,,,,no,,,,,"CTB/NICD - SOUTH AFRICA, SOUTH AFRICA",ERA16499770,,public,1F6580C5E415DA43993E1BA86AFF6CAC,EE15DB1C997025B5BBA71AA46CB09FA9
SAMEA110420601,ERR9993193,2022-07-27 21:28:46,2022-08-10 14:24:00,2461584.0,743398368.0,2461584.0,302.0,233.0,,https://sra-downloadb.be-md.ncbi.nlm.nih.gov/sos4/sra-pub-zq-1/ERR009/9993/ERR9993193/ERR9993193.lite.1,ERX9533600,"UH01625589. CTB/NICD - South Africa, South Africa. UH01625589. 1045",WGS,RANDOM,GENOMIC,PAIRED,0.0,0.0,ILLUMINA,Illumina NovaSeq 6000,ERP139874,PRJEB55007,,862850.0,ERS12518790,SAMEA110420601,simple,1773.0,Mycobacterium tuberculosis,SAMEA110420601,,,,,,,no,,,,,"CTB/NICD - SOUTH AFRICA, SOUTH AFRICA",ERA16499769,,public,6DFF2C3D66E1BD35D106185DE26DDEAC,6B2EB321B6D148C0EF085CFC3BD4040E
SAMEA110420582,ERR9993192,2022-07-27 21:28:45,2022-08-10 14:24:30,3074257.0,928425614.0,3074257.0,302.0,289.0,,https://sra-downloadb.be-md.ncbi.nlm.nih.gov/sos4/sra-pub-zq-1/ERR009/9993/ERR9993192/ERR9993192.lite.1,ERX9533599,"UH01064345. CTB/NICD - South Africa, South Africa. UH01064345. 1043",WGS,RANDOM,GENOMIC,PAIRED,0.0,0.0,ILLUMINA,Illumina NovaSeq 6000,ERP139874,PRJEB55007,,862850.0,ERS12518789,SAMEA110420582,simple,1773.0,Mycobacterium tuberculosis,SAMEA110420582,,,,,,,no,,,,,"CTB/NICD - SOUTH AFRICA, SOUTH AFRICA",ERA16499768,,public,86969EC8095F11859CFE96EEBBB5300E,10ABD447903BC1535CA327AD3D9C0D21
SAMEA110420564,ERR9993191,2022-07-27 21:28:45,2022-08-10 14:24:03,2712851.0,819281002.0,2712851.0,302.0,256.0,,https://sra-downloadb.be-md.ncbi.nlm.nih.gov/sos2/sra-pub-zq-20/ERR009/9993/ERR9993191/ERR9993191.lite.1,ERX9533598,"UG00289507. CTB/NICD - South Africa, South Africa. UG00289507. 1042",WGS,RANDOM,GENOMIC,PAIRED,0.0,0.0,ILLUMINA,Illumina NovaSeq 6000,ERP139874,PRJEB55007,,862850.0,ERS12518788,SAMEA110420564,simple,1773.0,Mycobacterium tuberculosis,SAMEA110420564,,,,,,,no,,,,,"CTB/NICD - SOUTH AFRICA, SOUTH AFRICA",ERA16499767,,public,1904CA0F1B58D0698AB86D326E696DD3,E582144ADFB3A5C2050F80544D9B85E3
SAMEA110420548,ERR9993190,2022-07-27 21:28:45,2022-08-10 14:24:28,2296593.0,693571086.0,2296593.0,302.0,219.0,,https://sra-downloadb.be-md.ncbi.nlm.nih.gov/sos1/sra-pub-zq-38/ERR009/9993/ERR9993190/ERR9993190.lite.1,ERX9533597,"TJ00276220. CTB/NICD - South Africa, South Africa. TJ00276220. 1039",WGS,RANDOM,GENOMIC,PAIRED,0.0,0.0,ILLUMINA,Illumina NovaSeq 6000,ERP139874,PRJEB55007,,862850.0,ERS12518787,SAMEA110420548,simple,1773.0,Mycobacterium tuberculosis,SAMEA110420548,,,,,,,no,,,,,"CTB/NICD - SOUTH AFRICA, SOUTH AFRICA",ERA16499766,,public,DD311635555E163B998AB29146150A26,C5BA3E1A9F1E88580BAFAD4342F9DC91
SAMEA110420547,ERR9993189,2022-07-27 21:28:45,2022-08-10 14:24:08,2164898.0,653799196.0,2164898.0,302.0,203.0,,https://sra-downloadb.be-md.ncbi.nlm.nih.gov/sos1/sra-pub-zq-38/ERR009/9993/ERR9993189/ERR9993189.lite.1,ERX9533596,"TI00110539. CTB/NICD - South Africa, South Africa. TI00110539. 1038",WGS,RANDOM,GENOMIC,PAIRED,0.0,0.0,ILLUMINA,Illumina NovaSeq 6000,ERP139874,PRJEB55007,,862850.0,ERS12518786,SAMEA110420547,simple,1773.0,Mycobacterium tuberculosis,SAMEA110420547,,,,,,,no,,,,,"CTB/NICD - SOUTH AFRICA, SOUTH AFRICA",ERA16499765,,public,D1EF666530808FDE8072FBEF6358617E,E5AE6D3ABCDD80BE5CC5FAB915024482
SAMEA110420546,ERR9993188,2022-07-27 21:28:45,2022-08-10 14:24:10,1946000.0,587692000.0,1946000.0,302.0,185.0,,https://sra-downloadb.be-md.ncbi.nlm.nih.gov/sos2/sra-pub-zq-20/ERR009/9993/ERR9993188/ERR9993188.lite.1,ERX9533595,"TD03904526. CTB/NICD - South Africa, South Africa. TD03904526. 1037",WGS,RANDOM,GENOMIC,PAIRED,0.0,0.0,ILLUMINA,Illumina NovaSeq 6000,ERP139874,PRJEB55007,,862850.0,ERS12518621,SAMEA110420546,simple,1773.0,Mycobacterium tuberculosis,SAMEA110420546,,,,,,,no,,,,,"CTB/NICD - SOUTH AFRICA, SOUTH AFRICA",ERA16499764,,public,9609362563175CD648F5CD806C854588,3808429936736238F9652CE4DD5B4763
SAMEA110420545,ERR9993187,2022-07-27 21:28:45,2022-08-10 14:23:57,2053908.0,620280216.0,2053908.0,302.0,196.0,,https://sra-downloadb.be-md.ncbi.nlm.nih.gov/sos1/sra-pub-zq-38/ERR009/9993/ERR9993187/ERR9993187.lite.1,ERX9533594,"TD03712980. CTB/NICD - South Africa, South Africa. TD03712980. 1035",WGS,RANDOM,GENOMIC,PAIRED,0.0,0.0,ILLUMINA,Illumina NovaSeq 6000,ERP139874,PRJEB55007,,862850.0,ERS12518620,SAMEA110420545,simple,1773.0,Mycobacterium tuberculosis,SAMEA110420545,,,,,,,no,,,,,"CTB/NICD - SOUTH AFRICA, SOUTH AFRICA",ERA16499763,,public,9C766639B385C6F52CAC1DC4ABC6885A,D9AF8006312595D81943CC4696C6DC08
SAMEA110420543,ERR9993185,2022-07-27 21:28:45,2022-08-10 14:24:24,2473526.0,747004852.0,2473526.0,302.0,232.0,,https://sra-downloadb.be-md.ncbi.nlm.nih.gov/sos1/sra-pub-zq-38/ERR009/9993/ERR9993185/ERR9993185.lite.1,ERX9533592,"TD03401018. CTB/NICD - South Africa, South Africa. TD03401018. 1033",WGS,RANDOM,GENOMIC,PAIRED,0.0,0.0,ILLUMINA,Illumina NovaSeq 6000,ERP139874,PRJEB55007,,862850.0,ERS12518618,SAMEA110420543,simple,1773.0,Mycobacterium tuberculosis,SAMEA110420543,,,,,,,no,,,,,"CTB/NICD - SOUTH AFRICA, SOUTH AFRICA",ERA16499761,,public,C8BF3DDBD19AAA2ECB035E95C02ADEF9,474A492E28FE73E36022D30726480D9D
SAMEA110420542,ERR9993184,2022-07-27 21:28:45,2022-08-10 14:24:04,2640881.0,797546062.0,2640881.0,302.0,249.0,,https://sra-downloadb.be-md.ncbi.nlm.nih.gov/sos1/sra-pub-zq-38/ERR009/9993/ERR9993184/ERR9993184.lite.1,ERX9533591,"TD03326262. CTB/NICD - South Africa, South Africa. TD03326262. 1032",WGS,RANDOM,GENOMIC,PAIRED,0.0,0.0,ILLUMINA,Illumina NovaSeq 6000,ERP139874,PRJEB55007,,862850.0,ERS12518617,SAMEA110420542,simple,1773.0,Mycobacterium tuberculosis,SAMEA110420542,,,,,,,no,,,,,"CTB/NICD - SOUTH AFRICA, SOUTH AFRICA",ERA16499760,,public,351FFDF6B7A722ABA9BD2D60E04767A3,CD7265762277941DC4B73EDE5DF2DCD8
SAMEA110420541,ERR9993183,2022-07-27 21:28:45,2022-08-10 14:24:17,2409546.0,727682892.0,2409546.0,302.0,232.0,,https://sra-downloadb.be-md.ncbi.nlm.nih.gov/sos3/sra-pub-zq-24/ERR009/9993/ERR9993183/ERR9993183.lite.1,ERX9533590,"TD03320832. CTB/NICD - South Africa, South Africa. TD03320832. 1031",WGS,RANDOM,GENOMIC,PAIRED,0.0,0.0,ILLUMINA,Illumina NovaSeq 6000,ERP139874,PRJEB55007,,862850.0,ERS12518616,SAMEA110420541,simple,1773.0,Mycobacterium tuberculosis,SAMEA110420541,,,,,,,no,,,,,"CTB/NICD - SOUTH AFRICA, SOUTH AFRICA",ERA16499759,,public,5897435FCF90939B5AB071B6ACBFD89E,618F498F5CEEED78F69F72B1D417E044
SAMEA110420540,ERR9993182,2022-07-27 21:28:45,2022-08-10 14:24:17,2636316.0,796167432.0,2636316.0,302.0,248.0,,https://sra-downloadb.be-md.ncbi.nlm.nih.gov/sos2/sra-pub-zq-20/ERR009/9993/ERR9993182/ERR9993182.lite.1,ERX9533589,"TD03261297. CTB/NICD - South Africa, South Africa. TD03261297. 1030",WGS,RANDOM,GENOMIC,PAIRED,0.0,0.0,ILLUMINA,Illumina NovaSeq 6000,ERP139874,PRJEB55007,,862850.0,ERS12518615,SAMEA110420540,simple,1773.0,Mycobacterium tuberculosis,SAMEA110420540,,,,,,,no,,,,,"CTB/NICD - SOUTH AFRICA, SOUTH AFRICA",ERA16499758,,public,F206607343AB79A5D6C7C0F21E8DE4D5,CAE9259B4E0B970F0B741D2011E47C29
SAMEA110420539,ERR9993181,2022-07-27 21:28:45,2022-08-10 14:24:31,2686471.0,811314242.0,2686471.0,302.0,251.0,,https://sra-downloadb.be-md.ncbi.nlm.nih.gov/sos4/sra-pub-zq-1/ERR009/9993/ERR9993181/ERR9993181.lite.1,ERX9533588,"TD02913145. CTB/NICD - South Africa, South Africa. TD02913145. 1029",WGS,RANDOM,GENOMIC,PAIRED,0.0,0.0,ILLUMINA,Illumina NovaSeq 6000,ERP139874,PRJEB55007,,862850.0,ERS12518614,SAMEA110420539,simple,1773.0,Mycobacterium tuberculosis,SAMEA110420539,,,,,,,no,,,,,"CTB/NICD - SOUTH AFRICA, SOUTH AFRICA",ERA16499757,,public,B245290551BA583D9F5E635ED246E6DF,B33AC385AE38B80B726A1EBCBD9265ED
SAMEA110420538,ERR9993180,2022-07-27 21:28:45,2022-08-10 14:23:50,2133077.0,644189254.0,2133077.0,302.0,203.0,,https://sra-downloadb.be-md.ncbi.nlm.nih.gov/sos2/sra-pub-zq-20/ERR009/9993/ERR9993180/ERR9993180.lite.1,ERX9533587,"TD02886266. CTB/NICD - South Africa, South Africa. TD02886266. 1028",WGS,RANDOM,GENOMIC,PAIRED,0.0,0.0,ILLUMINA,Illumina NovaSeq 6000,ERP139874,PRJEB55007,,862850.0,ERS12518613,SAMEA110420538,simple,1773.0,Mycobacterium tuberculosis,SAMEA110420538,,,,,,,no,,,,,"CTB/NICD - SOUTH AFRICA, SOUTH AFRICA",ERA16499756,,public,18696A176EE4CE4A2F650ADFB0707D84,CF365B839E1974005701534223E05707
SAMEA110420537,ERR9993179,2022-07-27 21:28:45,2022-08-10 14:23:49,2047316.0,618289432.0,2047316.0,302.0,194.0,,https://sra-downloadb.be-md.ncbi.nlm.nih.gov/sos2/sra-pub-zq-20/ERR009/9993/ERR9993179/ERR9993179.lite.1,ERX9533586,"TD02840181. CTB/NICD - South Africa, South Africa. TD02840181. 1027",WGS,RANDOM,GENOMIC,PAIRED,0.0,0.0,ILLUMINA,Illumina NovaSeq 6000,ERP139874,PRJEB55007,,862850.0,ERS12518612,SAMEA110420537,simple,1773.0,Mycobacterium tuberculosis,SAMEA110420537,,,,,,,no,,,,,"CTB/NICD - SOUTH AFRICA, SOUTH AFRICA",ERA16499755,,public,9D30F6CFA12D108A898966AED8999B17,A188A4B168CF3D10D2D90BBBA8743ED3
SAMEA110420536,ERR9993178,2022-07-27 21:28:45,2022-08-10 14:23:52,1911456.0,577259712.0,1911456.0,302.0,183.0,,https://sra-downloadb.be-md.ncbi.nlm.nih.gov/sos1/sra-pub-zq-38/ERR009/9993/ERR9993178/ERR9993178.lite.1,ERX9533585,"TD02808298. CTB/NICD - South Africa, South Africa. TD02808298. 1026",WGS,RANDOM,GENOMIC,PAIRED,0.0,0.0,ILLUMINA,Illumina NovaSeq 6000,ERP139874,PRJEB55007,,862850.0,ERS12518611,SAMEA110420536,simple,1773.0,Mycobacterium tuberculosis,SAMEA110420536,,,,,,,no,,,,,"CTB/NICD - SOUTH AFRICA, SOUTH AFRICA",ERA16499754,,public,FD7192252992D2CA8F107F0848FD4994,BBAFF2D8703BE21EC391A33F0B685073
SAMEA110420535,ERR9993177,2022-07-27 21:28:45,2022-08-10 14:24:29,2436576.0,735845952.0,2436576.0,302.0,229.0,,https://sra-downloadb.be-md.ncbi.nlm.nih.gov/sos3/sra-pub-zq-22/ERR009/9993/ERR9993177/ERR9993177.lite.1,ERX9533584,"YA00164435. CTB/NICD - South Africa, South Africa. YA00164435. 1025",WGS,RANDOM,GENOMIC,PAIRED,0.0,0.0,ILLUMINA,Illumina NovaSeq 6000,ERP139874,PRJEB55007,,862850.0,ERS12518610,SAMEA110420535,simple,1773.0,Mycobacterium tuberculosis,SAMEA110420535,,,,,,,no,,,,,"CTB/NICD - SOUTH AFRICA, SOUTH AFRICA",ERA16499753,,public,94B339B6D879390B556463205FC69516,DFEAE19F4BDD218A62A4AC283270B469
SAMEA110420533,ERR9993176,2022-07-27 21:28:45,2022-08-10 14:23:52,2485628.0,750659656.0,2485628.0,302.0,233.0,,https://sra-downloadb.be-md.ncbi.nlm.nih.gov/sos2/sra-pub-zq-20/ERR009/9993/ERR9993176/ERR9993176.lite.1,ERX9533582,"TC01012358. CTB/NICD - South Africa, South Africa. TC01012358. 1023",WGS,RANDOM,GENOMIC,PAIRED,0.0,0.0,ILLUMINA,Illumina NovaSeq 6000,ERP139874,PRJEB55007,,862850.0,ERS12518608,SAMEA110420533,simple,1773.0,Mycobacterium tuberculosis,SAMEA110420533,,,,,,,no,,,,,"CTB/NICD - SOUTH AFRICA, SOUTH AFRICA",ERA16499752,,public,2F9827FB0BFCB47912A817EE4FA9AF96,E41240DEF2142F10F4405829EF11243D
SAMEA110420532,ERR9993175,2022-07-27 21:28:45,2022-08-10 14:23:50,1787669.0,539876038.0,1787669.0,302.0,171.0,,https://sra-downloadb.be-md.ncbi.nlm.nih.gov/sos3/sra-pub-zq-24/ERR009/9993/ERR9993175/ERR9993175.lite.1,ERX9533581,"TC01009588. CTB/NICD - South Africa, South Africa. TC01009588. 1022",WGS,RANDOM,GENOMIC,PAIRED,0.0,0.0,ILLUMINA,Illumina NovaSeq 6000,ERP139874,PRJEB55007,,862850.0,ERS12518607,SAMEA110420532,simple,1773.0,Mycobacterium tuberculosis,SAMEA110420532,,,,,,,no,,,,,"CTB/NICD - SOUTH AFRICA, SOUTH AFRICA",ERA16499751,,public,BEE606F8E643AD9DFF028E4E7CC7DB9A,989E1D0E194AC130EF722B450A077ED8
SAMEA110420531,ERR9993174,2022-07-27 21:28:45,2022-08-10 14:23:37,2008663.0,606616226.0,2008663.0,302.0,190.0,,https://sra-downloadb.be-md.ncbi.nlm.nih.gov/sos1/sra-pub-zq-38/ERR009/9993/ERR9993174/ERR9993174.lite.1,ERX9533580,"TC00999669. CTB/NICD - South Africa, South Africa. TC00999669. 1021",WGS,RANDOM,GENOMIC,PAIRED,0.0,0.0,ILLUMINA,Illumina NovaSeq 6000,ERP139874,PRJEB55007,,862850.0,ERS12518606,SAMEA110420531,simple,1773.0,Mycobacterium tuberculosis,SAMEA110420531,,,,,,,no,,,,,"CTB/NICD - SOUTH AFRICA, SOUTH AFRICA",ERA16499750,,public,0AECDFFA595733451EFD4034894858BE,CD8A888E743826DFE755BC087295E1DD
SAMEA110420530,ERR9993173,2022-07-27 21:28:45,2022-08-10 14:23:40,2107610.0,636498220.0,2107610.0,302.0,202.0,,https://sra-downloadb.be-md.ncbi.nlm.nih.gov/sos3/sra-pub-zq-24/ERR009/9993/ERR9993173/ERR9993173.lite.1,ERX9533579,"TC00980120. CTB/NICD - South Africa, South Africa. TC00980120. 1020",WGS,RANDOM,GENOMIC,PAIRED,0.0,0.0,ILLUMINA,Illumina NovaSeq 6000,ERP139874,PRJEB55007,,862850.0,ERS12518605,SAMEA110420530,simple,1773.0,Mycobacterium tuberculosis,SAMEA110420530,,,,,,,no,,,,,"CTB/NICD - SOUTH AFRICA, SOUTH AFRICA",ERA16499749,,public,C0FDB2D569BC4597721B17A9E32D5D52,1F55C2C4B6CADCDC9CB77C5A74F132B8
SAMEA110420529,ERR9993172,2022-07-27 21:28:45,2022-08-10 14:23:37,2128050.0,642671100.0,2128050.0,302.0,200.0,,https://sra-downloadb.be-md.ncbi.nlm.nih.gov/sos3/sra-pub-zq-22/ERR009/9993/ERR9993172/ERR9993172.lite.1,ERX9533578,"TC00977051. CTB/NICD - South Africa, South Africa. TC00977051. 1019",WGS,RANDOM,GENOMIC,PAIRED,0.0,0.0,ILLUMINA,Illumina NovaSeq 6000,ERP139874,PRJEB55007,,862850.0,ERS12518604,SAMEA110420529,simple,1773.0,Mycobacterium tuberculosis,SAMEA110420529,,,,,,,no,,,,,"CTB/NICD - SOUTH AFRICA, SOUTH AFRICA",ERA16499748,,public,9E3A5781E9BCD6EB9D1B6B966AB4B7C0,45C17D78B1BCB5AF2EB0FBF3F258863B
SAMEA110420528,ERR9993171,2022-07-27 21:28:45,2022-08-10 14:23:58,1984728.0,599387856.0,1984728.0,302.0,191.0,,https://sra-downloadb.be-md.ncbi.nlm.nih.gov/sos1/sra-pub-zq-38/ERR009/9993/ERR9993171/ERR9993171.lite.1,ERX9533577,"TC00971917. CTB/NICD - South Africa, South Africa. TC00971917. 1018",WGS,RANDOM,GENOMIC,PAIRED,0.0,0.0,ILLUMINA,Illumina NovaSeq 6000,ERP139874,PRJEB55007,,862850.0,ERS12518603,SAMEA110420528,simple,1773.0,Mycobacterium tuberculosis,SAMEA110420528,,,,,,,no,,,,,"CTB/NICD - SOUTH AFRICA, SOUTH AFRICA",ERA16499747,,public,3B2BB56553AF477AC19EAF105DA26866,81ACD85B3ACB3AD4D842676D3B8AC6D4
SAMEA110420527,ERR9993170,2022-07-27 21:28:45,2022-08-10 14:24:10,2105252.0,635786104.0,2105252.0,302.0,198.0,,https://sra-downloadb.be-md.ncbi.nlm.nih.gov/sos3/sra-pub-zq-24/ERR009/9993/ERR9993170/ERR9993170.lite.1,ERX9533576,"TC00966993. CTB/NICD - South Africa, South Africa. TC00966993. 1017",WGS,RANDOM,GENOMIC,PAIRED,0.0,0.0,ILLUMINA,Illumina NovaSeq 6000,ERP139874,PRJEB55007,,862850.0,ERS12518602,SAMEA110420527,simple,1773.0,Mycobacterium tuberculosis,SAMEA110420527,,,,,,,no,,,,,"CTB/NICD - SOUTH AFRICA, SOUTH AFRICA",ERA16499746,,public,1B84B533ABC43DD015E903DD2CB65B71,EF6A782E9FBF34686440F29173FDD2B8
SAMEA110420526,ERR9993169,2022-07-27 21:28:45,2022-08-10 14:24:16,2229699.0,673369098.0,2229699.0,302.0,209.0,,https://sra-downloadb.be-md.ncbi.nlm.nih.gov/sos3/sra-pub-zq-22/ERR009/9993/ERR9993169/ERR9993169.lite.1,ERX9533575,"TC00959418. CTB/NICD - South Africa, South Africa. TC00959418. 1016",WGS,RANDOM,GENOMIC,PAIRED,0.0,0.0,ILLUMINA,Illumina NovaSeq 6000,ERP139874,PRJEB55007,,862850.0,ERS12518601,SAMEA110420526,simple,1773.0,Mycobacterium tuberculosis,SAMEA110420526,,,,,,,no,,,,,"CTB/NICD - SOUTH AFRICA, SOUTH AFRICA",ERA16499745,,public,7EA514F7CA7E36A2337C76F0784D03A5,455EEA28E0DAF31724B8762AB3BF6CD0
SAMEA110420525,ERR9993168,2022-07-27 21:28:45,2022-08-10 14:24:02,2025889.0,611818478.0,2025889.0,302.0,193.0,,https://sra-downloadb.be-md.ncbi.nlm.nih.gov/sos1/sra-pub-zq-38/ERR009/9993/ERR9993168/ERR9993168.lite.1,ERX9533574,"TC00952800. CTB/NICD - South Africa, South Africa. TC00952800. 1015",WGS,RANDOM,GENOMIC,PAIRED,0.0,0.0,ILLUMINA,Illumina NovaSeq 6000,ERP139874,PRJEB55007,,862850.0,ERS12518600,SAMEA110420525,simple,1773.0,Mycobacterium tuberculosis,SAMEA110420525,,,,,,,no,,,,,"CTB/NICD - SOUTH AFRICA, SOUTH AFRICA",ERA16499744,,public,F3024D0C81E422E23721EED16A687E13,6E494E1A68C16D3341B88B3C37D4FDE0
SAMEA110420524,ERR9993167,2022-07-27 21:28:45,2022-08-10 21:09:52,2399032.0,724507664.0,2399032.0,302.0,230.0,,https://sra-downloadb.be-md.ncbi.nlm.nih.gov/sos2/sra-pub-zq-20/ERR009/9993/ERR9993167/ERR9993167.lite.1,ERX9533573,"TC00950831. CTB/NICD - South Africa, South Africa. TC00950831. 1014",WGS,RANDOM,GENOMIC,PAIRED,0.0,0.0,ILLUMINA,Illumina NovaSeq 6000,ERP139874,PRJEB55007,,862850.0,ERS12518599,SAMEA110420524,simple,1773.0,Mycobacterium tuberculosis,SAMEA110420524,,,,,,,no,,,,,"CTB/NICD - SOUTH AFRICA, SOUTH AFRICA",ERA16499743,,public,6A375707A77436B78E45BA8CA269E2EA,10F317C22FBD3DCBDEAC2B7E5B060E26
SAMEA110420523,ERR9993166,2022-07-27 21:28:45,2022-08-10 14:23:57,1922047.0,580458194.0,1922047.0,302.0,185.0,,https://sra-downloadb.be-md.ncbi.nlm.nih.gov/sos3/sra-pub-zq-22/ERR009/9993/ERR9993166/ERR9993166.lite.1,ERX9533572,"TC00938257. CTB/NICD - South Africa, South Africa. TC00938257. 1013",WGS,RANDOM,GENOMIC,PAIRED,0.0,0.0,ILLUMINA,Illumina NovaSeq 6000,ERP139874,PRJEB55007,,862850.0,ERS12518598,SAMEA110420523,simple,1773.0,Mycobacterium tuberculosis,SAMEA110420523,,,,,,,no,,,,,"CTB/NICD - SOUTH AFRICA, SOUTH AFRICA",ERA16499742,,public,958788F8D663A1117974176073E93E4A,E5852468A975B4D9B060F3C26C012F15
SAMEA110420522,ERR9993165,2022-07-27 21:28:45,2022-08-10 14:23:30,1828540.0,552219080.0,1828540.0,302.0,172.0,,https://sra-downloadb.be-md.ncbi.nlm.nih.gov/sos3/sra-pub-zq-22/ERR009/9993/ERR9993165/ERR9993165.lite.1,ERX9533571,"TC00935696. CTB/NICD - South Africa, South Africa. TC00935696. 1012",WGS,RANDOM,GENOMIC,PAIRED,0.0,0.0,ILLUMINA,Illumina NovaSeq 6000,ERP139874,PRJEB55007,,862850.0,ERS12518597,SAMEA110420522,simple,1773.0,Mycobacterium tuberculosis,SAMEA110420522,,,,,,,no,,,,,"CTB/NICD - SOUTH AFRICA, SOUTH AFRICA",ERA16499741,,public,0DCECC086E67F69274477B36F84CC09A,E8DBC0CA150B25DFD8F2595B43F25CB0
SAMEA110420521,ERR9993164,2022-07-27 21:28:45,2022-08-10 14:24:10,2549032.0,769807664.0,2549032.0,302.0,239.0,,https://sra-downloadb.be-md.ncbi.nlm.nih.gov/sos3/sra-pub-zq-22/ERR009/9993/ERR9993164/ERR9993164.lite.1,ERX9533570,"TC00932136. CTB/NICD - South Africa, South Africa. TC00932136. 1011",WGS,RANDOM,GENOMIC,PAIRED,0.0,0.0,ILLUMINA,Illumina NovaSeq 6000,ERP139874,PRJEB55007,,862850.0,ERS12518596,SAMEA110420521,simple,1773.0,Mycobacterium tuberculosis,SAMEA110420521,,,,,,,no,,,,,"CTB/NICD - SOUTH AFRICA, SOUTH AFRICA",ERA16499740,,public,85650F88D3A4903F39EBEDE6DC04A34A,1D65D5A76696165F0903F6CDF40BA6AB
SAMEA110420520,ERR9993163,2022-07-27 21:28:45,2022-08-10 14:23:55,2107508.0,636467416.0,2107508.0,302.0,198.0,,https://sra-downloadb.be-md.ncbi.nlm.nih.gov/sos3/sra-pub-zq-24/ERR009/9993/ERR9993163/ERR9993163.lite.1,ERX9533569,"TC00924026. CTB/NICD - South Africa, South Africa. TC00924026. 1010",WGS,RANDOM,GENOMIC,PAIRED,0.0,0.0,ILLUMINA,Illumina NovaSeq 6000,ERP139874,PRJEB55007,,862850.0,ERS12518595,SAMEA110420520,simple,1773.0,Mycobacterium tuberculosis,SAMEA110420520,,,,,,,no,,,,,"CTB/NICD - SOUTH AFRICA, SOUTH AFRICA",ERA16499739,,public,D27183969500B728FA7CBB0B3A8BB8E9,BCD27B16B7998F00EDB667FA90BFCA3C
SAMEA110420519,ERR9993162,2022-07-27 21:28:45,2022-08-10 14:23:39,2270916.0,685816632.0,2270916.0,302.0,217.0,,https://sra-downloadb.be-md.ncbi.nlm.nih.gov/sos2/sra-pub-zq-20/ERR009/9993/ERR9993162/ERR9993162.lite.1,ERX9533568,"TC00884014. CTB/NICD - South Africa, South Africa. TC00884014. 1009",WGS,RANDOM,GENOMIC,PAIRED,0.0,0.0,ILLUMINA,Illumina NovaSeq 6000,ERP139874,PRJEB55007,,862850.0,ERS12518594,SAMEA110420519,simple,1773.0,Mycobacterium tuberculosis,SAMEA110420519,,,,,,,no,,,,,"CTB/NICD - SOUTH AFRICA, SOUTH AFRICA",ERA16499738,,public,6157F2639E0EB103C78AA0DBF9901AC4,EFD2C6D3E92327421B27473B90597D43
SAMEA110420518,ERR9993161,2022-07-27 21:28:45,2022-08-10 14:23:49,2227214.0,672618628.0,2227214.0,302.0,209.0,,https://sra-downloadb.be-md.ncbi.nlm.nih.gov/sos2/sra-pub-zq-20/ERR009/9993/ERR9993161/ERR9993161.lite.1,ERX9533567,"SN01871768. CTB/NICD - South Africa, South Africa. SN01871768. 1008",WGS,RANDOM,GENOMIC,PAIRED,0.0,0.0,ILLUMINA,Illumina NovaSeq 6000,ERP139874,PRJEB55007,,862850.0,ERS12518593,SAMEA110420518,simple,1773.0,Mycobacterium tuberculosis,SAMEA110420518,,,,,,,no,,,,,"CTB/NICD - SOUTH AFRICA, SOUTH AFRICA",ERA16499737,,public,B20A4CB4D0503EB128D31C3CC7506833,62A21A766F4DB58F371F26C3A0C060E1
SAMEA110420517,ERR9993160,2022-07-27 21:28:45,2022-08-10 14:24:00,2227184.0,672609568.0,2227184.0,302.0,211.0,,https://sra-downloadb.be-md.ncbi.nlm.nih.gov/sos3/sra-pub-zq-24/ERR009/9993/ERR9993160/ERR9993160.lite.1,ERX9533566,"SN01646763. CTB/NICD - South Africa, South Africa. SN01646763. 1007",WGS,RANDOM,GENOMIC,PAIRED,0.0,0.0,ILLUMINA,Illumina NovaSeq 6000,ERP139874,PRJEB55007,,862850.0,ERS12518592,SAMEA110420517,simple,1773.0,Mycobacterium tuberculosis,SAMEA110420517,,,,,,,no,,,,,"CTB/NICD - SOUTH AFRICA, SOUTH AFRICA",ERA16499736,,public,8B92AF13D80855DAB0EE126E7FA86FA5,F1ECC7B5C042F269F5CE3ACF49EC78F2
SAMEA110420516,ERR9993159,2022-07-27 21:28:45,2022-08-10 14:24:15,2529384.0,763873968.0,2529384.0,302.0,241.0,,https://sra-downloadb.be-md.ncbi.nlm.nih.gov/sos1/sra-pub-zq-38/ERR009/9993/ERR9993159/ERR9993159.lite.1,ERX9533565,"RG00734161. CTB/NICD - South Africa, South Africa. RG00734161. 1006",WGS,RANDOM,GENOMIC,PAIRED,0.0,0.0,ILLUMINA,Illumina NovaSeq 6000,ERP139874,PRJEB55007,,862850.0,ERS12518591,SAMEA110420516,simple,1773.0,Mycobacterium tuberculosis,SAMEA110420516,,,,,,,no,,,,,"CTB/NICD - SOUTH AFRICA, SOUTH AFRICA",ERA16499735,,public,9973E8E1119D2370F7C387EDD921A2A0,E3F10CC3B1EA6B92B154E908FD260CA9
SAMEA110420515,ERR9993158,2022-07-27 21:28:45,2022-08-10 14:23:52,2166692.0,654340984.0,2166692.0,302.0,208.0,,https://sra-downloadb.be-md.ncbi.nlm.nih.gov/sos1/sra-pub-zq-38/ERR009/9993/ERR9993158/ERR9993158.lite.1,ERX9533564,"PS01151784. CTB/NICD - South Africa, South Africa. PS01151784. 1005",WGS,RANDOM,GENOMIC,PAIRED,0.0,0.0,ILLUMINA,Illumina NovaSeq 6000,ERP139874,PRJEB55007,,862850.0,ERS12518590,SAMEA110420515,simple,1773.0,Mycobacterium tuberculosis,SAMEA110420515,,,,,,,no,,,,,"CTB/NICD - SOUTH AFRICA, SOUTH AFRICA",ERA16499734,,public,7553F9AFF14EB680C3FFACB53201F032,A7E555B21F69F685B7326F0380E21C4B
SAMEA110420514,ERR9993157,2022-07-27 21:28:45,2022-08-10 14:24:24,2360758.0,712948916.0,2360758.0,302.0,223.0,,https://sra-downloadb.be-md.ncbi.nlm.nih.gov/sos3/sra-pub-zq-24/ERR009/9993/ERR9993157/ERR9993157.lite.1,ERX9533563,"PO01095233. CTB/NICD - South Africa, South Africa. PO01095233. 1004",WGS,RANDOM,GENOMIC,PAIRED,0.0,0.0,ILLUMINA,Illumina NovaSeq 6000,ERP139874,PRJEB55007,,862850.0,ERS12518589,SAMEA110420514,simple,1773.0,Mycobacterium tuberculosis,SAMEA110420514,,,,,,,no,,,,,"CTB/NICD - SOUTH AFRICA, SOUTH AFRICA",ERA16499733,,public,E5AA27A4C8FA8CBA0AAD9A77E5B50DC7,18C9943B482321F61B9ED2AC56B8EBC5
SAMEA110420513,ERR9993156,2022-07-27 21:28:45,2022-08-10 14:23:41,2055723.0,620828346.0,2055723.0,302.0,194.0,,https://sra-downloadb.be-md.ncbi.nlm.nih.gov/sos3/sra-pub-zq-22/ERR009/9993/ERR9993156/ERR9993156.lite.1,ERX9533562,"OS00533884. CTB/NICD - South Africa, South Africa. OS00533884. 1003",WGS,RANDOM,GENOMIC,PAIRED,0.0,0.0,ILLUMINA,Illumina NovaSeq 6000,ERP139874,PRJEB55007,,862850.0,ERS12518588,SAMEA110420513,simple,1773.0,Mycobacterium tuberculosis,SAMEA110420513,,,,,,,no,,,,,"CTB/NICD - SOUTH AFRICA, SOUTH AFRICA",ERA16499732,,public,EE1ED9D5F73E1B5589152728640FD86A,236D6C5B63893202A406E7622F0CBEFC
SAMEA110420512,ERR9993155,2022-07-27 21:28:45,2022-08-10 14:23:41,2238756.0,676104312.0,2238756.0,302.0,212.0,,https://sra-downloadb.be-md.ncbi.nlm.nih.gov/sos3/sra-pub-zq-24/ERR009/9993/ERR9993155/ERR9993155.lite.1,ERX9533561,"OS00524841. CTB/NICD - South Africa, South Africa. OS00524841. 1002",WGS,RANDOM,GENOMIC,PAIRED,0.0,0.0,ILLUMINA,Illumina NovaSeq 6000,ERP139874,PRJEB55007,,862850.0,ERS12518587,SAMEA110420512,simple,1773.0,Mycobacterium tuberculosis,SAMEA110420512,,,,,,,no,,,,,"CTB/NICD - SOUTH AFRICA, SOUTH AFRICA",ERA16499731,,public,4B6E866E19FFE46B920689323F35BCD4,2F6FA17CB9F24186CEFCDACDA51CE324
SAMEA110420511,ERR9993154,2022-07-27 21:28:45,2022-08-10 14:24:04,2342604.0,707466408.0,2342604.0,302.0,226.0,,https://sra-downloadb.be-md.ncbi.nlm.nih.gov/sos2/sra-pub-zq-20/ERR009/9993/ERR9993154/ERR9993154.lite.1,ERX9533560,"MG05202597. CTB/NICD - South Africa, South Africa. MG05202597. 1001",WGS,RANDOM,GENOMIC,PAIRED,0.0,0.0,ILLUMINA,Illumina NovaSeq 6000,ERP139874,PRJEB55007,,862850.0,ERS12518586,SAMEA110420511,simple,1773.0,Mycobacterium tuberculosis,SAMEA110420511,,,,,,,no,,,,,"CTB/NICD - SOUTH AFRICA, SOUTH AFRICA",ERA16499730,,public,0D08A6EC2B3A02A169DF316AED71E44A,F98171923907A788927A73999E2F8B25
SAMEA110420510,ERR9993153,2022-07-27 21:28:45,2022-08-10 14:23:34,2255114.0,681044428.0,2255114.0,302.0,215.0,,https://sra-downloadb.be-md.ncbi.nlm.nih.gov/sos3/sra-pub-zq-22/ERR009/9993/ERR9993153/ERR9993153.lite.1,ERX9533559,"MG04694965. CTB/NICD - South Africa, South Africa. MG04694965. 1000",WGS,RANDOM,GENOMIC,PAIRED,0.0,0.0,ILLUMINA,Illumina NovaSeq 6000,ERP139874,PRJEB55007,,862850.0,ERS12518585,SAMEA110420510,simple,1773.0,Mycobacterium tuberculosis,SAMEA110420510,,,,,,,no,,,,,"CTB/NICD - SOUTH AFRICA, SOUTH AFRICA",ERA16499729,,public,68F7F7E59EC79888ECEA030570267940,EFE448BAF03282C11A1600B3CF7869AF
SAMEA110420509,ERR9993152,2022-07-27 21:28:45,2022-08-10 14:23:31,1944343.0,587191586.0,1944343.0,302.0,186.0,,https://sra-downloadb.be-md.ncbi.nlm.nih.gov/sos3/sra-pub-zq-24/ERR009/9993/ERR9993152/ERR9993152.lite.1,ERX9533558,"LA01408916. CTB/NICD - South Africa, South Africa. LA01408916. 999",WGS,RANDOM,GENOMIC,PAIRED,0.0,0.0,ILLUMINA,Illumina NovaSeq 6000,ERP139874,PRJEB55007,,862850.0,ERS12518584,SAMEA110420509,simple,1773.0,Mycobacterium tuberculosis,SAMEA110420509,,,,,,,no,,,,,"CTB/NICD - SOUTH AFRICA, SOUTH AFRICA",ERA16499728,,public,E1067DFA1E573FCBFB55558C7AA5913C,4100788262B82AF474AB65DFFC58A6F7
SAMEA110420508,ERR9993151,2022-07-27 21:28:45,2022-08-10 14:23:47,2060587.0,622297274.0,2060587.0,302.0,195.0,,https://sra-downloadb.be-md.ncbi.nlm.nih.gov/sos1/sra-pub-zq-38/ERR009/9993/ERR9993151/ERR9993151.lite.1,ERX9533557,"LA01324625. CTB/NICD - South Africa, South Africa. LA01324625. 997",WGS,RANDOM,GENOMIC,PAIRED,0.0,0.0,ILLUMINA,Illumina NovaSeq 6000,ERP139874,PRJEB55007,,862850.0,ERS12518583,SAMEA110420508,simple,1773.0,Mycobacterium tuberculosis,SAMEA110420508,,,,,,,no,,,,,"CTB/NICD - SOUTH AFRICA, SOUTH AFRICA",ERA16499727,,public,0B69DF6DBC63412B0C66578C34FFF693,F28CD6B61EA5E5726AA888E949645A85
SAMEA110420507,ERR9993150,2022-07-27 21:28:45,2022-08-10 14:23:44,2159428.0,652147256.0,2159428.0,302.0,207.0,,https://sra-downloadb.be-md.ncbi.nlm.nih.gov/sos3/sra-pub-zq-24/ERR009/9993/ERR9993150/ERR9993150.lite.1,ERX9533556,"YA00164653. CTB/NICD - South Africa, South Africa. YA00164653. 996",WGS,RANDOM,GENOMIC,PAIRED,0.0,0.0,ILLUMINA,Illumina NovaSeq 6000,ERP139874,PRJEB55007,,862850.0,ERS12518582,SAMEA110420507,simple,1773.0,Mycobacterium tuberculosis,SAMEA110420507,,,,,,,no,,,,,"CTB/NICD - SOUTH AFRICA, SOUTH AFRICA",ERA16499726,,public,CECC224C3E75EEAB024762A3B932C5C5,4C4F054655884216AEDCD4F951C38C60
SAMEA110420506,ERR9993149,2022-07-27 21:28:45,2022-08-10 14:23:55,2445034.0,738400268.0,2445034.0,302.0,229.0,,https://sra-downloadb.be-md.ncbi.nlm.nih.gov/sos1/sra-pub-zq-38/ERR009/9993/ERR9993149/ERR9993149.lite.1,ERX9533555,"KG00823423. CTB/NICD - South Africa, South Africa. KG00823423. 995",WGS,RANDOM,GENOMIC,PAIRED,0.0,0.0,ILLUMINA,Illumina NovaSeq 6000,ERP139874,PRJEB55007,,862850.0,ERS12518581,SAMEA110420506,simple,1773.0,Mycobacterium tuberculosis,SAMEA110420506,,,,,,,no,,,,,"CTB/NICD - SOUTH AFRICA, SOUTH AFRICA",ERA16499725,,public,EB8A176F746D9FF69CA8176A46268987,77D5AA2CD2C4B93BD4FE1DD54C00CF04
SAMEA110420505,ERR9993148,2022-07-27 21:28:45,2022-08-10 14:23:46,1979124.0,597695448.0,1979124.0,302.0,188.0,,https://sra-downloadb.be-md.ncbi.nlm.nih.gov/sos3/sra-pub-zq-24/ERR009/9993/ERR9993148/ERR9993148.lite.1,ERX9533554,"KG00760080. CTB/NICD - South Africa, South Africa. KG00760080. 994",WGS,RANDOM,GENOMIC,PAIRED,0.0,0.0,ILLUMINA,Illumina NovaSeq 6000,ERP139874,PRJEB55007,,862850.0,ERS12518580,SAMEA110420505,simple,1773.0,Mycobacterium tuberculosis,SAMEA110420505,,,,,,,no,,,,,"CTB/NICD - SOUTH AFRICA, SOUTH AFRICA",ERA16499724,,public,6ACF0B7CB0A83BEAC34335D4B8E0DB29,1A5985C479B8C3B542E9BE3A545D5214
SAMEA110420504,ERR9993147,2022-07-27 21:28:45,2022-08-10 14:23:38,1869967.0,564730034.0,1869967.0,302.0,179.0,,https://sra-downloadb.be-md.ncbi.nlm.nih.gov/sos2/sra-pub-zq-20/ERR009/9993/ERR9993147/ERR9993147.lite.1,ERX9533553,"KD02467592. CTB/NICD - South Africa, South Africa. KD02467592. 993",WGS,RANDOM,GENOMIC,PAIRED,0.0,0.0,ILLUMINA,Illumina NovaSeq 6000,ERP139874,PRJEB55007,,862850.0,ERS12518579,SAMEA110420504,simple,1773.0,Mycobacterium tuberculosis,SAMEA110420504,,,,,,,no,,,,,"CTB/NICD - SOUTH AFRICA, SOUTH AFRICA",ERA16499723,,public,D9A92AD39AFCBACC8BE9816757D99157,37C1A40C06E53D2F6A48106608A84F4F
SAMEA110420502,ERR9993145,2022-07-27 21:28:45,2022-08-10 14:23:15,2082952.0,629051504.0,2082952.0,302.0,200.0,,https://sra-downloadb.be-md.ncbi.nlm.nih.gov/sos2/sra-pub-zq-20/ERR009/9993/ERR9993145/ERR9993145.lite.1,ERX9533551,"KA00591613. CTB/NICD - South Africa, South Africa. KA00591613. 991",WGS,RANDOM,GENOMIC,PAIRED,0.0,0.0,ILLUMINA,Illumina NovaSeq 6000,ERP139874,PRJEB55007,,862850.0,ERS12518577,SAMEA110420502,simple,1773.0,Mycobacterium tuberculosis,SAMEA110420502,,,,,,,no,,,,,"CTB/NICD - SOUTH AFRICA, SOUTH AFRICA",ERA16499721,,public,A3C5B93F913E7CD0EB519EC4101065A2,C1A60F22B15DEE4250D85ABD14790D48
SAMEA110420501,ERR9993144,2022-07-27 21:28:45,2022-08-11 14:55:23,1824315.0,550943130.0,1824315.0,302.0,173.0,,https://sra-downloadb.be-md.ncbi.nlm.nih.gov/sos1/sra-pub-zq-38/ERR009/9993/ERR9993144/ERR9993144.lite.1,ERX9533550,"JE02936516. CTB/NICD - South Africa, South Africa. JE02936516. 990",WGS,RANDOM,GENOMIC,PAIRED,0.0,0.0,ILLUMINA,Illumina NovaSeq 6000,ERP139874,PRJEB55007,,862850.0,ERS12518576,SAMEA110420501,simple,1773.0,Mycobacterium tuberculosis,SAMEA110420501,,,,,,,no,,,,,"CTB/NICD - SOUTH AFRICA, SOUTH AFRICA",ERA16499720,,public,F9193352BEEAD17F0D86AF6A2334D003,ABADAC892079A8171B65805A9C4D6261
SAMEA110420500,ERR9993143,2022-07-27 21:28:45,2022-08-10 14:23:46,2505491.0,756658282.0,2505491.0,302.0,239.0,,https://sra-downloadb.be-md.ncbi.nlm.nih.gov/sos3/sra-pub-zq-22/ERR009/9993/ERR9993143/ERR9993143.lite.1,ERX9533549,"JE02863308. CTB/NICD - South Africa, South Africa. JE02863308. 989",WGS,RANDOM,GENOMIC,PAIRED,0.0,0.0,ILLUMINA,Illumina NovaSeq 6000,ERP139874,PRJEB55007,,862850.0,ERS12518575,SAMEA110420500,simple,1773.0,Mycobacterium tuberculosis,SAMEA110420500,,,,,,,no,,,,,"CTB/NICD - SOUTH AFRICA, SOUTH AFRICA",ERA16499719,,public,0DF782272902C68D185C0AD4F89128DB,062CF48AD5B42D3E5742F1D6887C74C0
SAMEA110420499,ERR9993142,2022-07-27 21:28:45,2022-08-10 14:23:14,1632499.0,493014698.0,1632499.0,302.0,154.0,,https://sra-downloadb.be-md.ncbi.nlm.nih.gov/sos1/sra-pub-zq-38/ERR009/9993/ERR9993142/ERR9993142.lite.1,ERX9533548,"JE02845850. CTB/NICD - South Africa, South Africa. JE02845850. 988",WGS,RANDOM,GENOMIC,PAIRED,0.0,0.0,ILLUMINA,Illumina NovaSeq 6000,ERP139874,PRJEB55007,,862850.0,ERS12518574,SAMEA110420499,simple,1773.0,Mycobacterium tuberculosis,SAMEA110420499,,,,,,,no,,,,,"CTB/NICD - SOUTH AFRICA, SOUTH AFRICA",ERA16499718,,public,BC4CFAFF23BC3857EABFFEC3DA325F26,E99D50527727D89741B4CFFAF47E4455
SAMEA110420498,ERR9993141,2022-07-27 21:28:45,2022-08-10 14:23:24,1910011.0,576823322.0,1910011.0,302.0,181.0,,https://sra-downloadb.be-md.ncbi.nlm.nih.gov/sos1/sra-pub-zq-38/ERR009/9993/ERR9993141/ERR9993141.lite.1,ERX9533547,"JE02791046. CTB/NICD - South Africa, South Africa. JE02791046. 987",WGS,RANDOM,GENOMIC,PAIRED,0.0,0.0,ILLUMINA,Illumina NovaSeq 6000,ERP139874,PRJEB55007,,862850.0,ERS12518573,SAMEA110420498,simple,1773.0,Mycobacterium tuberculosis,SAMEA110420498,,,,,,,no,,,,,"CTB/NICD - SOUTH AFRICA, SOUTH AFRICA",ERA16499717,,public,F221463DCB8400D9884FF26B9253C327,C640CAB171C5634CD1AF305514D86BF3
SAMEA110420497,ERR9993140,2022-07-27 21:28:45,2022-08-10 14:23:35,2036023.0,614878946.0,2036023.0,302.0,193.0,,https://sra-downloadb.be-md.ncbi.nlm.nih.gov/sos3/sra-pub-zq-24/ERR009/9993/ERR9993140/ERR9993140.lite.1,ERX9533546,"JE02711170. CTB/NICD - South Africa, South Africa. JE02711170. 986",WGS,RANDOM,GENOMIC,PAIRED,0.0,0.0,ILLUMINA,Illumina NovaSeq 6000,ERP139874,PRJEB55007,,862850.0,ERS12518572,SAMEA110420497,simple,1773.0,Mycobacterium tuberculosis,SAMEA110420497,,,,,,,no,,,,,"CTB/NICD - SOUTH AFRICA, SOUTH AFRICA",ERA16499716,,public,BDD4464C17C0B561FCFEB54A2DBDF84A,49C5E0FAD6EC8618358EACBA718F6E5F
SAMEA110420496,ERR9993139,2022-07-27 21:28:45,2022-08-10 14:23:24,2092464.0,631924128.0,2092464.0,302.0,200.0,,https://sra-downloadb.be-md.ncbi.nlm.nih.gov/sos1/sra-pub-zq-38/ERR009/9993/ERR9993139/ERR9993139.lite.1,ERX9533545,"JC01327391. CTB/NICD - South Africa, South Africa. JC01327391. 985",WGS,RANDOM,GENOMIC,PAIRED,0.0,0.0,ILLUMINA,Illumina NovaSeq 6000,ERP139874,PRJEB55007,,862850.0,ERS12518571,SAMEA110420496,simple,1773.0,Mycobacterium tuberculosis,SAMEA110420496,,,,,,,no,,,,,"CTB/NICD - SOUTH AFRICA, SOUTH AFRICA",ERA16499715,,public,6B2824B61D6D99297A4DED2C774922A6,AAE0B040377CAEFF5C5186F6A97EC13A
SAMEA110420495,ERR9993138,2022-07-27 21:28:45,2022-08-10 14:24:06,2341437.0,707113974.0,2341437.0,302.0,220.0,,https://sra-downloadb.be-md.ncbi.nlm.nih.gov/sos1/sra-pub-zq-38/ERR009/9993/ERR9993138/ERR9993138.lite.1,ERX9533544,"JB00815015. CTB/NICD - South Africa, South Africa. JB00815015. 984",WGS,RANDOM,GENOMIC,PAIRED,0.0,0.0,ILLUMINA,Illumina NovaSeq 6000,ERP139874,PRJEB55007,,862850.0,ERS12518570,SAMEA110420495,simple,1773.0,Mycobacterium tuberculosis,SAMEA110420495,,,,,,,no,,,,,"CTB/NICD - SOUTH AFRICA, SOUTH AFRICA",ERA16499714,,public,A76370BA9EA9B16C076B81E7808ED899,0D33A47679E80B7EA6EC4BD6A0D4A8C5
SAMEA110420494,ERR9993137,2022-07-27 21:28:45,2022-08-10 14:23:23,1961432.0,592352464.0,1961432.0,302.0,186.0,,https://sra-downloadb.be-md.ncbi.nlm.nih.gov/sos3/sra-pub-zq-24/ERR009/9993/ERR9993137/ERR9993137.lite.1,ERX9533543,"JB00805865. CTB/NICD - South Africa, South Africa. JB00805865. 983",WGS,RANDOM,GENOMIC,PAIRED,0.0,0.0,ILLUMINA,Illumina NovaSeq 6000,ERP139874,PRJEB55007,,862850.0,ERS12518569,SAMEA110420494,simple,1773.0,Mycobacterium tuberculosis,SAMEA110420494,,,,,,,no,,,,,"CTB/NICD - SOUTH AFRICA, SOUTH AFRICA",ERA16499713,,public,6C2AB0F2E4347B58620060E79993E14B,5F91B682DB660DA881292F4CC193AC7F
SAMEA110420493,ERR9993136,2022-07-27 21:28:45,2022-08-10 14:24:08,2204160.0,665656320.0,2204160.0,302.0,208.0,,https://sra-downloadb.be-md.ncbi.nlm.nih.gov/sos1/sra-pub-zq-38/ERR009/9993/ERR9993136/ERR9993136.lite.1,ERX9533542,"JB00791296. CTB/NICD - South Africa, South Africa. JB00791296. 982",WGS,RANDOM,GENOMIC,PAIRED,0.0,0.0,ILLUMINA,Illumina NovaSeq 6000,ERP139874,PRJEB55007,,862850.0,ERS12518568,SAMEA110420493,simple,1773.0,Mycobacterium tuberculosis,SAMEA110420493,,,,,,,no,,,,,"CTB/NICD - SOUTH AFRICA, SOUTH AFRICA",ERA16499712,,public,80A0AD58B296FE0879059327B0DEDB42,52E603AC8935F7843BB3EF92791DA271
SAMEA110420492,ERR9993135,2022-07-27 21:28:45,2022-08-10 14:23:46,1982845.0,598819190.0,1982845.0,302.0,193.0,,https://sra-downloadb.be-md.ncbi.nlm.nih.gov/sos2/sra-pub-zq-20/ERR009/9993/ERR9993135/ERR9993135.lite.1,ERX9533541,"IL02966379. CTB/NICD - South Africa, South Africa. IL02966379. 981",WGS,RANDOM,GENOMIC,PAIRED,0.0,0.0,ILLUMINA,Illumina NovaSeq 6000,ERP139874,PRJEB55007,,862850.0,ERS12518567,SAMEA110420492,simple,1773.0,Mycobacterium tuberculosis,SAMEA110420492,,,,,,,no,,,,,"CTB/NICD - SOUTH AFRICA, SOUTH AFRICA",ERA16499711,,public,43262579943E2161E7CC406163F17D54,D3C0AE0E9E320E0754CBC1307028EB99
SAMEA110420491,ERR9993134,2022-07-27 21:28:45,2022-08-10 14:23:38,2166015.0,654136530.0,2166015.0,302.0,203.0,,https://sra-downloadb.be-md.ncbi.nlm.nih.gov/sos4/sra-pub-zq-1/ERR009/9993/ERR9993134/ERR9993134.lite.1,ERX9533540,"IK03886434. CTB/NICD - South Africa, South Africa. IK03886434. 980",WGS,RANDOM,GENOMIC,PAIRED,0.0,0.0,ILLUMINA,Illumina NovaSeq 6000,ERP139874,PRJEB55007,,862850.0,ERS12518566,SAMEA110420491,simple,1773.0,Mycobacterium tuberculosis,SAMEA110420491,,,,,,,no,,,,,"CTB/NICD - SOUTH AFRICA, SOUTH AFRICA",ERA16499710,,public,FEFAE8FAA586DD1A388ADAE6F014AAD5,1B4E60AE251341501B2F43E4AFB77C55
SAMEA110420490,ERR9993133,2022-07-27 21:28:45,2022-08-10 14:24:08,2333817.0,704812734.0,2333817.0,302.0,220.0,,https://sra-downloadb.be-md.ncbi.nlm.nih.gov/sos3/sra-pub-zq-24/ERR009/9993/ERR9993133/ERR9993133.lite.1,ERX9533539,"GB00392525. CTB/NICD - South Africa, South Africa. GB00392525. 979",WGS,RANDOM,GENOMIC,PAIRED,0.0,0.0,ILLUMINA,Illumina NovaSeq 6000,ERP139874,PRJEB55007,,862850.0,ERS12518565,SAMEA110420490,simple,1773.0,Mycobacterium tuberculosis,SAMEA110420490,,,,,,,no,,,,,"CTB/NICD - SOUTH AFRICA, SOUTH AFRICA",ERA16499709,,public,2990BB12654C60E2C1248717181A5B7C,EEED3E251E25958CCEFD55CE82C07953
SAMEA110420489,ERR9993132,2022-07-27 21:28:45,2022-08-10 14:23:42,2179646.0,658253092.0,2179646.0,302.0,205.0,,https://sra-downloadb.be-md.ncbi.nlm.nih.gov/sos1/sra-pub-zq-38/ERR009/9993/ERR9993132/ERR9993132.lite.1,ERX9533538,"GA01074523. CTB/NICD - South Africa, South Africa. GA01074523. 978",WGS,RANDOM,GENOMIC,PAIRED,0.0,0.0,ILLUMINA,Illumina NovaSeq 6000,ERP139874,PRJEB55007,,862850.0,ERS12518564,SAMEA110420489,simple,1773.0,Mycobacterium tuberculosis,SAMEA110420489,,,,,,,no,,,,,"CTB/NICD - SOUTH AFRICA, SOUTH AFRICA",ERA16499708,,public,1A7C6500FE2123ECDF416C96672D07D6,D8BC5F4E3FDC0BF535A89657FAC7FD22
SAMEA110420488,ERR9993131,2022-07-27 21:28:45,2022-08-10 14:24:04,1964305.0,593220110.0,1964305.0,302.0,183.0,,https://sra-downloadb.be-md.ncbi.nlm.nih.gov/sos3/sra-pub-zq-22/ERR009/9993/ERR9993131/ERR9993131.lite.1,ERX9533537,"EL00536716. CTB/NICD - South Africa, South Africa. EL00536716. 977",WGS,RANDOM,GENOMIC,PAIRED,0.0,0.0,ILLUMINA,Illumina NovaSeq 6000,ERP139874,PRJEB55007,,862850.0,ERS12518563,SAMEA110420488,simple,1773.0,Mycobacterium tuberculosis,SAMEA110420488,,,,,,,no,,,,,"CTB/NICD - SOUTH AFRICA, SOUTH AFRICA",ERA16499707,,public,57481311ADF0C386EB0E4DE85097CEA7,E6DEB0AE8D9E0F0A01317133EFC908AA
SAMEA110420487,ERR9993130,2022-07-27 21:28:45,2022-08-10 14:23:42,2245811.0,678234922.0,2245811.0,302.0,214.0,,https://sra-downloadb.be-md.ncbi.nlm.nih.gov/sos3/sra-pub-zq-22/ERR009/9993/ERR9993130/ERR9993130.lite.1,ERX9533536,"EC03861409. CTB/NICD - South Africa, South Africa. EC03861409. 976",WGS,RANDOM,GENOMIC,PAIRED,0.0,0.0,ILLUMINA,Illumina NovaSeq 6000,ERP139874,PRJEB55007,,862850.0,ERS12518562,SAMEA110420487,simple,1773.0,Mycobacterium tuberculosis,SAMEA110420487,,,,,,,no,,,,,"CTB/NICD - SOUTH AFRICA, SOUTH AFRICA",ERA16499706,,public,24AA5DF39C874270594AB09E14C22BED,EC9E0EBE38BA6D77AC7C92A7312B98C9
SAMEA110420486,ERR9993129,2022-07-27 21:28:45,2022-08-10 14:23:27,2043572.0,617158744.0,2043572.0,302.0,192.0,,https://sra-downloadb.be-md.ncbi.nlm.nih.gov/sos1/sra-pub-zq-38/ERR009/9993/ERR9993129/ERR9993129.lite.1,ERX9533535,"DH02159735. CTB/NICD - South Africa, South Africa. DH02159735. 975",WGS,RANDOM,GENOMIC,PAIRED,0.0,0.0,ILLUMINA,Illumina NovaSeq 6000,ERP139874,PRJEB55007,,862850.0,ERS12518561,SAMEA110420486,simple,1773.0,Mycobacterium tuberculosis,SAMEA110420486,,,,,,,no,,,,,"CTB/NICD - SOUTH AFRICA, SOUTH AFRICA",ERA16499705,,public,87E31CD81050A706690B8142F6E6ECD8,135E46F427BE8683E971EF0C55B01721
SAMEA110420485,ERR9993128,2022-07-27 21:28:45,2022-08-10 14:23:36,2274943.0,687032786.0,2274943.0,302.0,216.0,,https://sra-downloadb.be-md.ncbi.nlm.nih.gov/sos3/sra-pub-zq-22/ERR009/9993/ERR9993128/ERR9993128.lite.1,ERX9533534,"CG04605656. CTB/NICD - South Africa, South Africa. CG04605656. 974",WGS,RANDOM,GENOMIC,PAIRED,0.0,0.0,ILLUMINA,Illumina NovaSeq 6000,ERP139874,PRJEB55007,,862850.0,ERS12518560,SAMEA110420485,simple,1773.0,Mycobacterium tuberculosis,SAMEA110420485,,,,,,,no,,,,,"CTB/NICD - SOUTH AFRICA, SOUTH AFRICA",ERA16499704,,public,86D3B2AC9584E0569E80AB6F03FFC189,25FEF5F7397A8D7D65B6DFE931E3B8D8
SAMEA110420484,ERR9993127,2022-07-27 21:28:45,2022-08-10 14:23:03,1876708.0,566765816.0,1876708.0,302.0,177.0,,https://sra-downloadb.be-md.ncbi.nlm.nih.gov/sos1/sra-pub-zq-38/ERR009/9993/ERR9993127/ERR9993127.lite.1,ERX9533533,"CE05216429. CTB/NICD - South Africa, South Africa. CE05216429. 973",WGS,RANDOM,GENOMIC,PAIRED,0.0,0.0,ILLUMINA,Illumina NovaSeq 6000,ERP139874,PRJEB55007,,862850.0,ERS12518559,SAMEA110420484,simple,1773.0,Mycobacterium tuberculosis,SAMEA110420484,,,,,,,no,,,,,"CTB/NICD - SOUTH AFRICA, SOUTH AFRICA",ERA16499703,,public,210C04F5303B2626C4ABD1EC96F8FCB5,327D4363ECE01F454BE9237E2B2EC2E7
SAMEA110420483,ERR9993126,2022-07-27 21:28:45,2022-08-10 14:24:00,2056351.0,621018002.0,2056351.0,302.0,193.0,,https://sra-downloadb.be-md.ncbi.nlm.nih.gov/sos3/sra-pub-zq-22/ERR009/9993/ERR9993126/ERR9993126.lite.1,ERX9533532,"BF04350034. CTB/NICD - South Africa, South Africa. BF04350034. 972",WGS,RANDOM,GENOMIC,PAIRED,0.0,0.0,ILLUMINA,Illumina NovaSeq 6000,ERP139874,PRJEB55007,,862850.0,ERS12518558,SAMEA110420483,simple,1773.0,Mycobacterium tuberculosis,SAMEA110420483,,,,,,,no,,,,,"CTB/NICD - SOUTH AFRICA, SOUTH AFRICA",ERA16499702,,public,C754C4EB688436AD21BF117D142D6175,350CE931734D0613B758AABF8AB55C81
SAMEA110420482,ERR9993125,2022-07-27 21:28:45,2022-08-10 14:23:35,2744336.0,828789472.0,2744336.0,302.0,254.0,,https://sra-downloadb.be-md.ncbi.nlm.nih.gov/sos3/sra-pub-zq-22/ERR009/9993/ERR9993125/ERR9993125.lite.1,ERX9533531,"BC02133134. CTB/NICD - South Africa, South Africa. BC02133134. 971",WGS,RANDOM,GENOMIC,PAIRED,0.0,0.0,ILLUMINA,Illumina NovaSeq 6000,ERP139874,PRJEB55007,,862850.0,ERS12518557,SAMEA110420482,simple,1773.0,Mycobacterium tuberculosis,SAMEA110420482,,,,,,,no,,,,,"CTB/NICD - SOUTH AFRICA, SOUTH AFRICA",ERA16499701,,public,8152BF0FB6E8EB369169CD917F496211,2ADF51AD1A4D2369A2C0292AD45A2D65
SAMEA110420481,ERR9993124,2022-07-27 21:28:45,2022-08-10 14:23:21,1797386.0,542810572.0,1797386.0,302.0,171.0,,https://sra-downloadb.be-md.ncbi.nlm.nih.gov/sos2/sra-pub-zq-20/ERR009/9993/ERR9993124/ERR9993124.lite.1,ERX9533530,"BC02125633. CTB/NICD - South Africa, South Africa. BC02125633. 970",WGS,RANDOM,GENOMIC,PAIRED,0.0,0.0,ILLUMINA,Illumina NovaSeq 6000,ERP139874,PRJEB55007,,862850.0,ERS12518556,SAMEA110420481,simple,1773.0,Mycobacterium tuberculosis,SAMEA110420481,,,,,,,no,,,,,"CTB/NICD - SOUTH AFRICA, SOUTH AFRICA",ERA16499700,,public,00195A0A4F370F4A17CA9788F166E384,16C8570785B9EBD2B1D4FBF4C39DA351
SAMEA110420480,ERR9993123,2022-07-27 21:28:45,2022-08-10 14:23:56,2247388.0,678711176.0,2247388.0,302.0,214.0,,https://sra-downloadb.be-md.ncbi.nlm.nih.gov/sos3/sra-pub-zq-24/ERR009/9993/ERR9993123/ERR9993123.lite.1,ERX9533529,"BC02091009. CTB/NICD - South Africa, South Africa. BC02091009. 969",WGS,RANDOM,GENOMIC,PAIRED,0.0,0.0,ILLUMINA,Illumina NovaSeq 6000,ERP139874,PRJEB55007,,862850.0,ERS12518555,SAMEA110420480,simple,1773.0,Mycobacterium tuberculosis,SAMEA110420480,,,,,,,no,,,,,"CTB/NICD - SOUTH AFRICA, SOUTH AFRICA",ERA16499699,,public,A75FB0F919B8716401BFD081A94205FF,EA74D5FB6FFEF4699C27549EDC489DF1
SAMEA110420479,ERR9993122,2022-07-27 21:28:45,2022-08-10 14:23:09,1834153.0,553914206.0,1834153.0,302.0,177.0,,https://sra-downloadb.be-md.ncbi.nlm.nih.gov/sos1/sra-pub-zq-38/ERR009/9993/ERR9993122/ERR9993122.lite.1,ERX9533528,"BC02089759. CTB/NICD - South Africa, South Africa. BC02089759. 968",WGS,RANDOM,GENOMIC,PAIRED,0.0,0.0,ILLUMINA,Illumina NovaSeq 6000,ERP139874,PRJEB55007,,862850.0,ERS12518554,SAMEA110420479,simple,1773.0,Mycobacterium tuberculosis,SAMEA110420479,,,,,,,no,,,,,"CTB/NICD - SOUTH AFRICA, SOUTH AFRICA",ERA16499698,,public,C2930804CF592C2B5D35FB48555420CF,EB48CB957E72C1DD124EA872E71AA0A9
SAMEA110420478,ERR9993121,2022-07-27 21:28:45,2022-08-10 14:23:21,2654917.0,801784934.0,2654917.0,302.0,253.0,,https://sra-downloadb.be-md.ncbi.nlm.nih.gov/sos2/sra-pub-zq-20/ERR009/9993/ERR9993121/ERR9993121.lite.1,ERX9533527,"BC02087256. CTB/NICD - South Africa, South Africa. BC02087256. 967",WGS,RANDOM,GENOMIC,PAIRED,0.0,0.0,ILLUMINA,Illumina NovaSeq 6000,ERP139874,PRJEB55007,,862850.0,ERS12518553,SAMEA110420478,simple,1773.0,Mycobacterium tuberculosis,SAMEA110420478,,,,,,,no,,,,,"CTB/NICD - SOUTH AFRICA, SOUTH AFRICA",ERA16499697,,public,45B57A8A2AAF8508D2CF997AB0E13938,120E8870E4226A2FD43336CF1A94E6CE
SAMEA110420477,ERR9993120,2022-07-27 21:28:45,2022-08-10 14:23:56,2409358.0,727626116.0,2409358.0,302.0,228.0,,https://sra-downloadb.be-md.ncbi.nlm.nih.gov/sos1/sra-pub-zq-38/ERR009/9993/ERR9993120/ERR9993120.lite.1,ERX9533526,"BC02062584. CTB/NICD - South Africa, South Africa. BC02062584. 966",WGS,RANDOM,GENOMIC,PAIRED,0.0,0.0,ILLUMINA,Illumina NovaSeq 6000,ERP139874,PRJEB55007,,862850.0,ERS12518552,SAMEA110420477,simple,1773.0,Mycobacterium tuberculosis,SAMEA110420477,,,,,,,no,,,,,"CTB/NICD - SOUTH AFRICA, SOUTH AFRICA",ERA16499696,,public,FBD0C63A55A32BE2C9884ADF5E1C4880,DBDE89FFB3AE3EB7281733BF308B0F74
SAMEA110420476,ERR9993119,2022-07-27 21:28:45,2022-08-10 14:23:15,2290284.0,691665768.0,2290284.0,302.0,219.0,,https://sra-downloadb.be-md.ncbi.nlm.nih.gov/sos1/sra-pub-zq-38/ERR009/9993/ERR9993119/ERR9993119.lite.1,ERX9533525,"BC02025022. CTB/NICD - South Africa, South Africa. BC02025022. 965",WGS,RANDOM,GENOMIC,PAIRED,0.0,0.0,ILLUMINA,Illumina NovaSeq 6000,ERP139874,PRJEB55007,,862850.0,ERS12518551,SAMEA110420476,simple,1773.0,Mycobacterium tuberculosis,SAMEA110420476,,,,,,,no,,,,,"CTB/NICD - SOUTH AFRICA, SOUTH AFRICA",ERA16499695,,public,7A39D7488CF1B22940EBA662E6F59010,313F620F1D41E4DFFF1BF859BA0F5289
SAMEA110420475,ERR9993118,2022-07-27 21:28:45,2022-08-10 14:23:50,2192987.0,662282074.0,2192987.0,302.0,207.0,,https://sra-downloadb.be-md.ncbi.nlm.nih.gov/sos3/sra-pub-zq-24/ERR009/9993/ERR9993118/ERR9993118.lite.1,ERX9533524,"BC01998433. CTB/NICD - South Africa, South Africa. BC01998433. 964",WGS,RANDOM,GENOMIC,PAIRED,0.0,0.0,ILLUMINA,Illumina NovaSeq 6000,ERP139874,PRJEB55007,,862850.0,ERS12518550,SAMEA110420475,simple,1773.0,Mycobacterium tuberculosis,SAMEA110420475,,,,,,,no,,,,,"CTB/NICD - SOUTH AFRICA, SOUTH AFRICA",ERA16499694,,public,E71A42364C5351418C8D7A160BB6626D,90E370116543C240AAD67E160FC4DCB3
SAMEA110420474,ERR9993117,2022-07-27 21:28:45,2022-08-10 14:23:07,1737883.0,524840666.0,1737883.0,302.0,164.0,,https://sra-downloadb.be-md.ncbi.nlm.nih.gov/sos2/sra-pub-zq-20/ERR009/9993/ERR9993117/ERR9993117.lite.1,ERX9533523,"BC01989210. CTB/NICD - South Africa, South Africa. BC01989210. 963",WGS,RANDOM,GENOMIC,PAIRED,0.0,0.0,ILLUMINA,Illumina NovaSeq 6000,ERP139874,PRJEB55007,,862850.0,ERS12518549,SAMEA110420474,simple,1773.0,Mycobacterium tuberculosis,SAMEA110420474,,,,,,,no,,,,,"CTB/NICD - SOUTH AFRICA, SOUTH AFRICA",ERA16499693,,public,AF42D4ADB56B0DC318F8BA6BB06C5FC6,8F3A1C337FDED8634FA3E47548564411
SAMEA110420473,ERR9993116,2022-07-27 21:28:45,2022-08-10 14:23:15,2245482.0,678135564.0,2245482.0,302.0,212.0,,https://sra-downloadb.be-md.ncbi.nlm.nih.gov/sos3/sra-pub-zq-24/ERR009/9993/ERR9993116/ERR9993116.lite.1,ERX9533522,"BH02613992. CTB/NICD - South Africa, South Africa. BH02613992. 962",WGS,RANDOM,GENOMIC,PAIRED,0.0,0.0,ILLUMINA,Illumina NovaSeq 6000,ERP139874,PRJEB55007,,862850.0,ERS12518548,SAMEA110420473,simple,1773.0,Mycobacterium tuberculosis,SAMEA110420473,,,,,,,no,,,,,"CTB/NICD - SOUTH AFRICA, SOUTH AFRICA",ERA16499692,,public,1D99F840B4C4CA6B49BE6FDDFFCAD8A3,533F3F1797368DB4DFF571D243F03606
SAMEA110420472,ERR9993115,2022-07-27 21:28:45,2022-08-10 14:24:02,2317376.0,699847552.0,2317376.0,302.0,217.0,,https://sra-downloadb.be-md.ncbi.nlm.nih.gov/sos3/sra-pub-zq-24/ERR009/9993/ERR9993115/ERR9993115.lite.1,ERX9533521,"XD02447018. CTB/NICD - South Africa, South Africa. XD02447018. 961",WGS,RANDOM,GENOMIC,PAIRED,0.0,0.0,ILLUMINA,Illumina NovaSeq 6000,ERP139874,PRJEB55007,,862850.0,ERS12518547,SAMEA110420472,simple,1773.0,Mycobacterium tuberculosis,SAMEA110420472,,,,,,,no,,,,,"CTB/NICD - SOUTH AFRICA, SOUTH AFRICA",ERA16499691,,public,4B0B84B098249B043DFE0AAF0E2CB985,FC86B6ADDECA7718ABE8BCAE26FAED73
SAMEA110420471,ERR9993114,2022-07-27 21:28:45,2022-08-10 14:23:25,2327919.0,703031538.0,2327919.0,302.0,220.0,,https://sra-downloadb.be-md.ncbi.nlm.nih.gov/sos3/sra-pub-zq-24/ERR009/9993/ERR9993114/ERR9993114.lite.1,ERX9533520,"XD02438036. CTB/NICD - South Africa, South Africa. XD02438036. 960",WGS,RANDOM,GENOMIC,PAIRED,0.0,0.0,ILLUMINA,Illumina NovaSeq 6000,ERP139874,PRJEB55007,,862850.0,ERS12518546,SAMEA110420471,simple,1773.0,Mycobacterium tuberculosis,SAMEA110420471,,,,,,,no,,,,,"CTB/NICD - SOUTH AFRICA, SOUTH AFRICA",ERA16499690,,public,4559EF1268215D8E7FB2C9F55B63E734,DF01503FC3D475C49F0C07BC9EFA56A2
SAMEA110420470,ERR9993113,2022-07-27 21:28:45,2022-08-10 14:23:45,2488673.0,751579246.0,2488673.0,302.0,234.0,,https://sra-downloadb.be-md.ncbi.nlm.nih.gov/sos3/sra-pub-zq-22/ERR009/9993/ERR9993113/ERR9993113.lite.1,ERX9533519,"YA00145535. CTB/NICD - South Africa, South Africa. YA00145535. 959",WGS,RANDOM,GENOMIC,PAIRED,0.0,0.0,ILLUMINA,Illumina NovaSeq 6000,ERP139874,PRJEB55007,,862850.0,ERS12518545,SAMEA110420470,simple,1773.0,Mycobacterium tuberculosis,SAMEA110420470,,,,,,,no,,,,,"CTB/NICD - SOUTH AFRICA, SOUTH AFRICA",ERA16499689,,public,C629C308522B4C2DB21292DB33D662BB,870F9ADC757D2B344030DDEAF01656F6
SAMEA110420469,ERR9993112,2022-07-27 21:28:45,2022-08-10 14:24:05,2244011.0,677691322.0,2244011.0,302.0,214.0,,https://sra-downloadb.be-md.ncbi.nlm.nih.gov/sos2/sra-pub-zq-20/ERR009/9993/ERR9993112/ERR9993112.lite.1,ERX9533518,"XD02432300. CTB/NICD - South Africa, South Africa. XD02432300. 958",WGS,RANDOM,GENOMIC,PAIRED,0.0,0.0,ILLUMINA,Illumina NovaSeq 6000,ERP139874,PRJEB55007,,862850.0,ERS12518544,SAMEA110420469,simple,1773.0,Mycobacterium tuberculosis,SAMEA110420469,,,,,,,no,,,,,"CTB/NICD - SOUTH AFRICA, SOUTH AFRICA",ERA16499688,,public,B04B163661FFF3EC5E89B57D40820EC2,BEEE465973ACEDE30246921CF823D3D7
SAMEA110420468,ERR9993111,2022-07-27 21:28:45,2022-08-10 14:23:48,2380100.0,718790200.0,2380100.0,302.0,227.0,,https://sra-downloadb.be-md.ncbi.nlm.nih.gov/sos4/sra-pub-zq-1/ERR009/9993/ERR9993111/ERR9993111.lite.1,ERX9533517,"YA00138925. CTB/NICD - South Africa, South Africa. YA00138925. 957",WGS,RANDOM,GENOMIC,PAIRED,0.0,0.0,ILLUMINA,Illumina NovaSeq 6000,ERP139874,PRJEB55007,,862850.0,ERS12518543,SAMEA110420468,simple,1773.0,Mycobacterium tuberculosis,SAMEA110420468,,,,,,,no,,,,,"CTB/NICD - SOUTH AFRICA, SOUTH AFRICA",ERA16499687,,public,6D0C4493D3AB5509019DF5F6C5FEC5C3,BE13FD0BBEED9035FEBEB84B495445E0
SAMEA110420467,ERR9993110,2022-07-27 21:28:45,2022-08-10 14:23:28,2584241.0,780440782.0,2584241.0,302.0,245.0,,https://sra-downloadb.be-md.ncbi.nlm.nih.gov/sos3/sra-pub-zq-22/ERR009/9993/ERR9993110/ERR9993110.lite.1,ERX9533516,"XD02403423. CTB/NICD - South Africa, South Africa. XD02403423. 956",WGS,RANDOM,GENOMIC,PAIRED,0.0,0.0,ILLUMINA,Illumina NovaSeq 6000,ERP139874,PRJEB55007,,862850.0,ERS12518542,SAMEA110420467,simple,1773.0,Mycobacterium tuberculosis,SAMEA110420467,,,,,,,no,,,,,"CTB/NICD - SOUTH AFRICA, SOUTH AFRICA",ERA16499686,,public,0585FE223ED68B093FDB188F4C2B6709,88C56C164B13867D41BF9CEDDAFEA066
SAMEA110420466,ERR9993109,2022-07-27 21:28:45,2022-08-10 14:23:26,2386074.0,720594348.0,2386074.0,302.0,223.0,,https://sra-downloadb.be-md.ncbi.nlm.nih.gov/sos1/sra-pub-zq-38/ERR009/9993/ERR9993109/ERR9993109.lite.1,ERX9533515,"YA00130953. CTB/NICD - South Africa, South Africa. YA00130953. 955",WGS,RANDOM,GENOMIC,PAIRED,0.0,0.0,ILLUMINA,Illumina NovaSeq 6000,ERP139874,PRJEB55007,,862850.0,ERS12518541,SAMEA110420466,simple,1773.0,Mycobacterium tuberculosis,SAMEA110420466,,,,,,,no,,,,,"CTB/NICD - SOUTH AFRICA, SOUTH AFRICA",ERA16499685,,public,C148467E00F63F3DBBBC5529DD2F5F78,470F94AEDD8732698B62F49E86939725
SAMEA110420465,ERR9993108,2022-07-27 21:28:44,2022-08-10 14:24:29,2426899.0,732923498.0,2426899.0,302.0,227.0,,https://sra-downloadb.be-md.ncbi.nlm.nih.gov/sos3/sra-pub-zq-22/ERR009/9993/ERR9993108/ERR9993108.lite.1,ERX9533514,"YA00141555. CTB/NICD - South Africa, South Africa. YA00141555. 954",WGS,RANDOM,GENOMIC,PAIRED,0.0,0.0,ILLUMINA,Illumina NovaSeq 6000,ERP139874,PRJEB55007,,862850.0,ERS12518540,SAMEA110420465,simple,1773.0,Mycobacterium tuberculosis,SAMEA110420465,,,,,,,no,,,,,"CTB/NICD - SOUTH AFRICA, SOUTH AFRICA",ERA16499684,,public,6E2C8A1C13B6694102C3D77183B8D55B,DB06D17AE515AEC9A232440DDDBECFFD
SAMEA110420464,ERR9993107,2022-07-27 21:28:44,2022-08-10 14:23:43,2167191.0,654491682.0,2167191.0,302.0,207.0,,https://sra-downloadb.be-md.ncbi.nlm.nih.gov/sos3/sra-pub-zq-24/ERR009/9993/ERR9993107/ERR9993107.lite.1,ERX9533513,"YAM0003022. CTB/NICD - South Africa, South Africa. YAM0003022. 953",WGS,RANDOM,GENOMIC,PAIRED,0.0,0.0,ILLUMINA,Illumina NovaSeq 6000,ERP139874,PRJEB55007,,862850.0,ERS12518539,SAMEA110420464,simple,1773.0,Mycobacterium tuberculosis,SAMEA110420464,,,,,,,no,,,,,"CTB/NICD - SOUTH AFRICA, SOUTH AFRICA",ERA16499683,,public,60507115231BA96E129D151122B40FD5,02E631D1E56EEF6FA872EC3F092A2D7F
SAMEA110420463,ERR9993106,2022-07-27 21:28:44,2022-08-10 14:23:15,1897809.0,573138318.0,1897809.0,302.0,180.0,,https://sra-downloadb.be-md.ncbi.nlm.nih.gov/sos3/sra-pub-zq-22/ERR009/9993/ERR9993106/ERR9993106.lite.1,ERX9533512,"YA00196023. CTB/NICD - South Africa, South Africa. YA00196023. 952",WGS,RANDOM,GENOMIC,PAIRED,0.0,0.0,ILLUMINA,Illumina NovaSeq 6000,ERP139874,PRJEB55007,,862850.0,ERS12518538,SAMEA110420463,simple,1773.0,Mycobacterium tuberculosis,SAMEA110420463,,,,,,,no,,,,,"CTB/NICD - SOUTH AFRICA, SOUTH AFRICA",ERA16499682,,public,56CB443FAE3A4037507FC0E7258FB81F,06B08D72F374A0E4D93288C6D17253F2
SAMEA110420462,ERR9993105,2022-07-27 21:28:44,2022-08-10 14:23:25,2253245.0,680479990.0,2253245.0,302.0,213.0,,https://sra-downloadb.be-md.ncbi.nlm.nih.gov/sos2/sra-pub-zq-20/ERR009/9993/ERR9993105/ERR9993105.lite.1,ERX9533511,"XD02291198. CTB/NICD - South Africa, South Africa. XD02291198. 951",WGS,RANDOM,GENOMIC,PAIRED,0.0,0.0,ILLUMINA,Illumina NovaSeq 6000,ERP139874,PRJEB55007,,862850.0,ERS12518537,SAMEA110420462,simple,1773.0,Mycobacterium tuberculosis,SAMEA110420462,,,,,,,no,,,,,"CTB/NICD - SOUTH AFRICA, SOUTH AFRICA",ERA16499681,,public,88D8D5EE0323608CBC40E89A60632D85,6128BF7828689F723961F585696DB9A8
SAMEA110420461,ERR9993104,2022-07-27 21:28:44,2022-08-10 14:23:04,1825511.0,551304322.0,1825511.0,302.0,176.0,,https://sra-downloadb.be-md.ncbi.nlm.nih.gov/sos3/sra-pub-zq-22/ERR009/9993/ERR9993104/ERR9993104.lite.1,ERX9533510,"YA00205997. CTB/NICD - South Africa, South Africa. YA00205997. 950",WGS,RANDOM,GENOMIC,PAIRED,0.0,0.0,ILLUMINA,Illumina NovaSeq 6000,ERP139874,PRJEB55007,,862850.0,ERS12518536,SAMEA110420461,simple,1773.0,Mycobacterium tuberculosis,SAMEA110420461,,,,,,,no,,,,,"CTB/NICD - SOUTH AFRICA, SOUTH AFRICA",ERA16499680,,public,78730D0FBE7F6BFF1F2AE7FF1EEAFDF3,091C0EF5C45041DC64172D342B338209
SAMEA110420460,ERR9993103,2022-07-27 21:28:44,2022-08-10 14:23:17,2029090.0,612785180.0,2029090.0,302.0,190.0,,https://sra-downloadb.be-md.ncbi.nlm.nih.gov/sos4/sra-pub-zq-1/ERR009/9993/ERR9993103/ERR9993103.lite.1,ERX9533509,"XD02022311. CTB/NICD - South Africa, South Africa. XD02022311. 949",WGS,RANDOM,GENOMIC,PAIRED,0.0,0.0,ILLUMINA,Illumina NovaSeq 6000,ERP139874,PRJEB55007,,862850.0,ERS12518535,SAMEA110420460,simple,1773.0,Mycobacterium tuberculosis,SAMEA110420460,,,,,,,no,,,,,"CTB/NICD - SOUTH AFRICA, SOUTH AFRICA",ERA16499679,,public,FA554509DF72B6B79B2E9224799B2882,4B0F2CEA1F5A8ACBB674710B2543F1D7
SAMEA110420459,ERR9993102,2022-07-27 21:28:44,2022-08-10 14:24:04,2545913.0,768865726.0,2545913.0,302.0,240.0,,https://sra-downloadb.be-md.ncbi.nlm.nih.gov/sos3/sra-pub-zq-22/ERR009/9993/ERR9993102/ERR9993102.lite.1,ERX9533508,"EK00497592. CTB/NICD - South Africa, South Africa. EK00497592. 948",WGS,RANDOM,GENOMIC,PAIRED,0.0,0.0,ILLUMINA,Illumina NovaSeq 6000,ERP139874,PRJEB55007,,862850.0,ERS12518534,SAMEA110420459,simple,1773.0,Mycobacterium tuberculosis,SAMEA110420459,,,,,,,no,,,,,"CTB/NICD - SOUTH AFRICA, SOUTH AFRICA",ERA16499678,,public,D2C84AE98BC91BA0B6FF9A52863BDE41,164BBC58803B53E243CA1DB068349212
SAMEA110420458,ERR9993101,2022-07-27 21:28:44,2022-08-10 14:23:05,1509657.0,455916414.0,1509657.0,302.0,149.0,,https://sra-downloadb.be-md.ncbi.nlm.nih.gov/sos3/sra-pub-zq-22/ERR009/9993/ERR9993101/ERR9993101.lite.1,ERX9533507,"FB01407998. CTB/NICD - South Africa, South Africa. FB01407998. 947",WGS,RANDOM,GENOMIC,PAIRED,0.0,0.0,ILLUMINA,Illumina NovaSeq 6000,ERP139874,PRJEB55007,,862850.0,ERS12518533,SAMEA110420458,simple,1773.0,Mycobacterium tuberculosis,SAMEA110420458,,,,,,,no,,,,,"CTB/NICD - SOUTH AFRICA, SOUTH AFRICA",ERA16499677,,public,31BA91D084BF5CBBCC370977D016E4CB,840F80B11E063F5544FA9026073F6F44
SAMEA110420457,ERR9993100,2022-07-27 21:28:44,2022-08-10 14:23:15,2528456.0,763593712.0,2528456.0,302.0,243.0,,https://sra-downloadb.be-md.ncbi.nlm.nih.gov/sos1/sra-pub-zq-38/ERR009/9993/ERR9993100/ERR9993100.lite.1,ERX9533506,"EC03887421. CTB/NICD - South Africa, South Africa. EC03887421. 946",WGS,RANDOM,GENOMIC,PAIRED,0.0,0.0,ILLUMINA,Illumina NovaSeq 6000,ERP139874,PRJEB55007,,862850.0,ERS12518532,SAMEA110420457,simple,1773.0,Mycobacterium tuberculosis,SAMEA110420457,,,,,,,no,,,,,"CTB/NICD - SOUTH AFRICA, SOUTH AFRICA",ERA16499676,,public,B38682714AF37294A25A00D0B212A55C,73A91A5C17A5DDE4F60D124E59F9DA29
SAMEA110420456,ERR9993099,2022-07-27 21:28:44,2022-08-10 14:23:30,2244240.0,677760480.0,2244240.0,302.0,211.0,,https://sra-downloadb.be-md.ncbi.nlm.nih.gov/sos1/sra-pub-zq-38/ERR009/9993/ERR9993099/ERR9993099.lite.1,ERX9533505,"CC00713678. CTB/NICD - South Africa, South Africa. CC00713678. 945",WGS,RANDOM,GENOMIC,PAIRED,0.0,0.0,ILLUMINA,Illumina NovaSeq 6000,ERP139874,PRJEB55007,,862850.0,ERS12518531,SAMEA110420456,simple,1773.0,Mycobacterium tuberculosis,SAMEA110420456,,,,,,,no,,,,,"CTB/NICD - SOUTH AFRICA, SOUTH AFRICA",ERA16499675,,public,8BC20332CFB361888B0F3B836F5A545D,E9473D0ED3C9B69073BED474D0AE2D8F
SAMEA110420455,ERR9993098,2022-07-27 21:28:44,2022-08-10 14:23:14,2009279.0,606802258.0,2009279.0,302.0,190.0,,https://sra-downloadb.be-md.ncbi.nlm.nih.gov/sos3/sra-pub-zq-22/ERR009/9993/ERR9993098/ERR9993098.lite.1,ERX9533504,"EK00435909. CTB/NICD - South Africa, South Africa. EK00435909. 944",WGS,RANDOM,GENOMIC,PAIRED,0.0,0.0,ILLUMINA,Illumina NovaSeq 6000,ERP139874,PRJEB55007,,862850.0,ERS12518530,SAMEA110420455,simple,1773.0,Mycobacterium tuberculosis,SAMEA110420455,,,,,,,no,,,,,"CTB/NICD - SOUTH AFRICA, SOUTH AFRICA",ERA16499674,,public,55D6518B519EB8A45DA0A6F326D0F835,2D4952829EC00EE4CD3B1EE3DB4E3CC8
SAMEA110420454,ERR9993097,2022-07-27 21:28:44,2022-08-10 14:23:59,2665261.0,804908822.0,2665261.0,302.0,251.0,,https://sra-downloadb.be-md.ncbi.nlm.nih.gov/sos3/sra-pub-zq-24/ERR009/9993/ERR9993097/ERR9993097.lite.1,ERX9533503,"EK00500256. CTB/NICD - South Africa, South Africa. EK00500256. 943",WGS,RANDOM,GENOMIC,PAIRED,0.0,0.0,ILLUMINA,Illumina NovaSeq 6000,ERP139874,PRJEB55007,,862850.0,ERS12518529,SAMEA110420454,simple,1773.0,Mycobacterium tuberculosis,SAMEA110420454,,,,,,,no,,,,,"CTB/NICD - SOUTH AFRICA, SOUTH AFRICA",ERA16499673,,public,E17646EB23F5D20D52EA5EC4D74DAC33,E639FA3E9CC54034E697D5CDF765D2A1
SAMEA110420453,ERR9993096,2022-07-27 21:28:44,2022-08-10 14:23:11,2157471.0,651556242.0,2157471.0,302.0,204.0,,https://sra-downloadb.be-md.ncbi.nlm.nih.gov/sos1/sra-pub-zq-38/ERR009/9993/ERR9993096/ERR9993096.lite.1,ERX9533502,"EK00542709. CTB/NICD - South Africa, South Africa. EK00542709. 941",WGS,RANDOM,GENOMIC,PAIRED,0.0,0.0,ILLUMINA,Illumina NovaSeq 6000,ERP139874,PRJEB55007,,862850.0,ERS12518528,SAMEA110420453,simple,1773.0,Mycobacterium tuberculosis,SAMEA110420453,,,,,,,no,,,,,"CTB/NICD - SOUTH AFRICA, SOUTH AFRICA",ERA16499672,,public,66D640037D9BC0FF7052B7FD1B4AA302,1014480BB3437D2D8CF917F6B4758AE7
SAMEA110420452,ERR9993095,2022-07-27 21:28:44,2022-08-10 14:23:56,2600675.0,785403850.0,2600675.0,302.0,245.0,,https://sra-downloadb.be-md.ncbi.nlm.nih.gov/sos1/sra-pub-zq-38/ERR009/9993/ERR9993095/ERR9993095.lite.1,ERX9533501,"EK00585457. CTB/NICD - South Africa, South Africa. EK00585457. 940",WGS,RANDOM,GENOMIC,PAIRED,0.0,0.0,ILLUMINA,Illumina NovaSeq 6000,ERP139874,PRJEB55007,,862850.0,ERS12518527,SAMEA110420452,simple,1773.0,Mycobacterium tuberculosis,SAMEA110420452,,,,,,,no,,,,,"CTB/NICD - SOUTH AFRICA, SOUTH AFRICA",ERA16499671,,public,0251F94CA27F621A898DF06229A1EE62,A62AE0AC1005613601B596CF8DAC3445
SAMEA110420451,ERR9993094,2022-07-27 21:28:44,2022-08-10 14:23:26,2202272.0,665086144.0,2202272.0,302.0,208.0,,https://sra-downloadb.be-md.ncbi.nlm.nih.gov/sos1/sra-pub-zq-38/ERR009/9993/ERR9993094/ERR9993094.lite.1,ERX9533500,"EH00410734. CTB/NICD - South Africa, South Africa. EH00410734. 939",WGS,RANDOM,GENOMIC,PAIRED,0.0,0.0,ILLUMINA,Illumina NovaSeq 6000,ERP139874,PRJEB55007,,862850.0,ERS12518526,SAMEA110420451,simple,1773.0,Mycobacterium tuberculosis,SAMEA110420451,,,,,,,no,,,,,"CTB/NICD - SOUTH AFRICA, SOUTH AFRICA",ERA16499670,,public,54582C85C64DE9923D2575171B22D986,3A78101C90CCD445477B303F239BC44A
SAMEA110420450,ERR9993093,2022-07-27 21:28:44,2022-08-10 14:23:25,2329545.0,703522590.0,2329545.0,302.0,220.0,,https://sra-downloadb.be-md.ncbi.nlm.nih.gov/sos1/sra-pub-zq-38/ERR009/9993/ERR9993093/ERR9993093.lite.1,ERX9533499,"EL00561628. CTB/NICD - South Africa, South Africa. EL00561628. 938",WGS,RANDOM,GENOMIC,PAIRED,0.0,0.0,ILLUMINA,Illumina NovaSeq 6000,ERP139874,PRJEB55007,,862850.0,ERS12518525,SAMEA110420450,simple,1773.0,Mycobacterium tuberculosis,SAMEA110420450,,,,,,,no,,,,,"CTB/NICD - SOUTH AFRICA, SOUTH AFRICA",ERA16499669,,public,9A90459C4851EE31F65A61A04280ED90,CDA194B2EC8ED3645FB04500AE211844
SAMEA110420449,ERR9993092,2022-07-27 21:28:44,2022-08-10 14:23:59,2161553.0,652789006.0,2161553.0,302.0,199.0,,https://sra-downloadb.be-md.ncbi.nlm.nih.gov/sos1/sra-pub-zq-38/ERR009/9993/ERR9993092/ERR9993092.lite.1,ERX9533498,"XB00904762. CTB/NICD - South Africa, South Africa. XB00904762. 937",WGS,RANDOM,GENOMIC,PAIRED,0.0,0.0,ILLUMINA,Illumina NovaSeq 6000,ERP139874,PRJEB55007,,862850.0,ERS12518524,SAMEA110420449,simple,1773.0,Mycobacterium tuberculosis,SAMEA110420449,,,,,,,no,,,,,"CTB/NICD - SOUTH AFRICA, SOUTH AFRICA",ERA16499668,,public,AA14B20EACB4CC58ACCFAD712D461D1C,3F3C59D35470B31735CB23CA86690005
SAMEA110420448,ERR9993091,2022-07-27 21:28:44,2022-08-10 14:23:30,2294238.0,692859876.0,2294238.0,302.0,217.0,,https://sra-downloadb.be-md.ncbi.nlm.nih.gov/sos2/sra-pub-zq-20/ERR009/9993/ERR9993091/ERR9993091.lite.1,ERX9533497,"YA00159255. CTB/NICD - South Africa, South Africa. YA00159255. 936",WGS,RANDOM,GENOMIC,PAIRED,0.0,0.0,ILLUMINA,Illumina NovaSeq 6000,ERP139874,PRJEB55007,,862850.0,ERS12518523,SAMEA110420448,simple,1773.0,Mycobacterium tuberculosis,SAMEA110420448,,,,,,,no,,,,,"CTB/NICD - SOUTH AFRICA, SOUTH AFRICA",ERA16499667,,public,B47E789F696A528F17607B9AB42D6595,69151F793A5A0136DC1385A430810B24
SAMEA110420447,ERR9993090,2022-07-27 21:28:44,2022-08-10 14:23:30,2258829.0,682166358.0,2258829.0,302.0,213.0,,https://sra-downloadb.be-md.ncbi.nlm.nih.gov/sos1/sra-pub-zq-38/ERR009/9993/ERR9993090/ERR9993090.lite.1,ERX9533496,"YA00187796. CTB/NICD - South Africa, South Africa. YA00187796. 934",WGS,RANDOM,GENOMIC,PAIRED,0.0,0.0,ILLUMINA,Illumina NovaSeq 6000,ERP139874,PRJEB55007,,862850.0,ERS12518522,SAMEA110420447,simple,1773.0,Mycobacterium tuberculosis,SAMEA110420447,,,,,,,no,,,,,"CTB/NICD - SOUTH AFRICA, SOUTH AFRICA",ERA16499666,,public,E35A99EEADF3C736AB546DB9197864E5,73BF0117275BE1B5313C39B1F8C69AED
SAMEA110420446,ERR9993089,2022-07-27 21:28:44,2022-08-10 14:23:58,2390518.0,721936436.0,2390518.0,302.0,225.0,,https://sra-downloadb.be-md.ncbi.nlm.nih.gov/sos3/sra-pub-zq-22/ERR009/9993/ERR9993089/ERR9993089.lite.1,ERX9533495,"PS01190811. CTB/NICD - South Africa, South Africa. PS01190811. 933",WGS,RANDOM,GENOMIC,PAIRED,0.0,0.0,ILLUMINA,Illumina NovaSeq 6000,ERP139874,PRJEB55007,,862850.0,ERS12518521,SAMEA110420446,simple,1773.0,Mycobacterium tuberculosis,SAMEA110420446,,,,,,,no,,,,,"CTB/NICD - SOUTH AFRICA, SOUTH AFRICA",ERA16499665,,public,A16C697DD54BCEA654923543362E5A8A,38F32C7AA26C18E77DA0620D1A721F80
SAMEA110420445,ERR9993088,2022-07-27 21:28:44,2022-08-10 14:23:26,2504026.0,756215852.0,2504026.0,302.0,235.0,,https://sra-downloadb.be-md.ncbi.nlm.nih.gov/sos3/sra-pub-zq-24/ERR009/9993/ERR9993088/ERR9993088.lite.1,ERX9533494,"JE02134333. CTB/NICD - South Africa, South Africa. JE02134333. 932",WGS,RANDOM,GENOMIC,PAIRED,0.0,0.0,ILLUMINA,Illumina NovaSeq 6000,ERP139874,PRJEB55007,,862850.0,ERS12518520,SAMEA110420445,simple,1773.0,Mycobacterium tuberculosis,SAMEA110420445,,,,,,,no,,,,,"CTB/NICD - SOUTH AFRICA, SOUTH AFRICA",ERA16499664,,public,B119CC53D92271DAA723C531DA290A3C,D1EC32E280B317013F4727600295460D
SAMEA110420444,ERR9993087,2022-07-27 21:28:44,2022-08-10 14:23:02,2012229.0,607693158.0,2012229.0,302.0,189.0,,https://sra-downloadb.be-md.ncbi.nlm.nih.gov/sos1/sra-pub-zq-38/ERR009/9993/ERR9993087/ERR9993087.lite.1,ERX9533493,"OS00476930. CTB/NICD - South Africa, South Africa. OS00476930. 931",WGS,RANDOM,GENOMIC,PAIRED,0.0,0.0,ILLUMINA,Illumina NovaSeq 6000,ERP139874,PRJEB55007,,862850.0,ERS12518519,SAMEA110420444,simple,1773.0,Mycobacterium tuberculosis,SAMEA110420444,,,,,,,no,,,,,"CTB/NICD - SOUTH AFRICA, SOUTH AFRICA",ERA16499663,,public,6C92A3D9CC2DADA4DE9298324D1AD0A8,29F9C30759606FF06E1533546A247C64
SAMEA110420443,ERR9993086,2022-07-27 21:28:44,2022-08-10 14:23:56,2612219.0,788890138.0,2612219.0,302.0,244.0,,https://sra-downloadb.be-md.ncbi.nlm.nih.gov/sos4/sra-pub-zq-1/ERR009/9993/ERR9993086/ERR9993086.lite.1,ERX9533492,"PS01184219. CTB/NICD - South Africa, South Africa. PS01184219. 930",WGS,RANDOM,GENOMIC,PAIRED,0.0,0.0,ILLUMINA,Illumina NovaSeq 6000,ERP139874,PRJEB55007,,862850.0,ERS12518518,SAMEA110420443,simple,1773.0,Mycobacterium tuberculosis,SAMEA110420443,,,,,,,no,,,,,"CTB/NICD - SOUTH AFRICA, SOUTH AFRICA",ERA16499662,,public,DDD163E63E9462C642D7D1A14BFAB62E,2A658C61B60467ADAD02A379B490E8F6
SAMEA110420442,ERR9993085,2022-07-27 21:28:44,2022-08-10 14:23:45,2733459.0,825504618.0,2733459.0,302.0,257.0,,https://sra-downloadb.be-md.ncbi.nlm.nih.gov/sos4/sra-pub-zq-1/ERR009/9993/ERR9993085/ERR9993085.lite.1,ERX9533491,"PS01168431. CTB/NICD - South Africa, South Africa. PS01168431. 928",WGS,RANDOM,GENOMIC,PAIRED,0.0,0.0,ILLUMINA,Illumina NovaSeq 6000,ERP139874,PRJEB55007,,862850.0,ERS12518517,SAMEA110420442,simple,1773.0,Mycobacterium tuberculosis,SAMEA110420442,,,,,,,no,,,,,"CTB/NICD - SOUTH AFRICA, SOUTH AFRICA",ERA16499661,,public,19AC932242FFCDD1B4B1E76527082833,C9A870C021463526D781EC64DB7ADFC0
SAMEA110420441,ERR9993084,2022-07-27 21:28:44,2022-08-10 14:24:06,2338029.0,706084758.0,2338029.0,302.0,219.0,,https://sra-downloadb.be-md.ncbi.nlm.nih.gov/sos1/sra-pub-zq-38/ERR009/9993/ERR9993084/ERR9993084.lite.1,ERX9533490,"XD02749486. CTB/NICD - South Africa, South Africa. XD02749486. 927",WGS,RANDOM,GENOMIC,PAIRED,0.0,0.0,ILLUMINA,Illumina NovaSeq 6000,ERP139874,PRJEB55007,,862850.0,ERS12518516,SAMEA110420441,simple,1773.0,Mycobacterium tuberculosis,SAMEA110420441,,,,,,,no,,,,,"CTB/NICD - SOUTH AFRICA, SOUTH AFRICA",ERA16499660,,public,FDDA200548D86DA089EC025A7078BEC8,22AE6E64A7F2B006D5FC5F3573729715
SAMEA110420440,ERR9993083,2022-07-27 21:28:44,2022-08-10 14:23:49,2850743.0,860924386.0,2850743.0,302.0,267.0,,https://sra-downloadb.be-md.ncbi.nlm.nih.gov/sos1/sra-pub-zq-38/ERR009/9993/ERR9993083/ERR9993083.lite.1,ERX9533489,"JE02085695. CTB/NICD - South Africa, South Africa. JE02085695. 925",WGS,RANDOM,GENOMIC,PAIRED,0.0,0.0,ILLUMINA,Illumina NovaSeq 6000,ERP139874,PRJEB55007,,862850.0,ERS12518515,SAMEA110420440,simple,1773.0,Mycobacterium tuberculosis,SAMEA110420440,,,,,,,no,,,,,"CTB/NICD - SOUTH AFRICA, SOUTH AFRICA",ERA16499659,,public,94A4B2D58B891740D98A4499D51A2B22,FB3DB358560D166C446F113A6378229C
SAMEA110420439,ERR9993082,2022-07-27 21:28:44,2022-08-10 14:23:10,2349787.0,709635674.0,2349787.0,302.0,220.0,,https://sra-downloadb.be-md.ncbi.nlm.nih.gov/sos3/sra-pub-zq-24/ERR009/9993/ERR9993082/ERR9993082.lite.1,ERX9533488,"JE02054370. CTB/NICD - South Africa, South Africa. JE02054370. 922",WGS,RANDOM,GENOMIC,PAIRED,0.0,0.0,ILLUMINA,Illumina NovaSeq 6000,ERP139874,PRJEB55007,,862850.0,ERS12518514,SAMEA110420439,simple,1773.0,Mycobacterium tuberculosis,SAMEA110420439,,,,,,,no,,,,,"CTB/NICD - SOUTH AFRICA, SOUTH AFRICA",ERA16499658,,public,767E543BD12EDD497007AFF36481D351,A778E2473BDC544515E69782AB8EA4E3
SAMEA110420438,ERR9993081,2022-07-27 21:28:44,2022-08-10 14:23:47,3152821.0,952151942.0,3152821.0,302.0,294.0,,https://sra-downloadb.be-md.ncbi.nlm.nih.gov/sos2/sra-pub-zq-20/ERR009/9993/ERR9993081/ERR9993081.lite.1,ERX9533487,"IH00552100. CTB/NICD - South Africa, South Africa. IH00552100. 921",WGS,RANDOM,GENOMIC,PAIRED,0.0,0.0,ILLUMINA,Illumina NovaSeq 6000,ERP139874,PRJEB55007,,862850.0,ERS12518513,SAMEA110420438,simple,1773.0,Mycobacterium tuberculosis,SAMEA110420438,,,,,,,no,,,,,"CTB/NICD - SOUTH AFRICA, SOUTH AFRICA",ERA16499657,,public,035BC0403712740A1210F28EC31D9477,0E5DEE0737A7A000950E243921B0F130
SAMEA110420437,ERR9993080,2022-07-27 21:28:44,2022-08-10 14:23:39,2017143.0,609177186.0,2017143.0,302.0,192.0,,https://sra-downloadb.be-md.ncbi.nlm.nih.gov/sos3/sra-pub-zq-24/ERR009/9993/ERR9993080/ERR9993080.lite.1,ERX9533486,"YA00164655. CTB/NICD - South Africa, South Africa. YA00164655. 920",WGS,RANDOM,GENOMIC,PAIRED,0.0,0.0,ILLUMINA,Illumina NovaSeq 6000,ERP139874,PRJEB55007,,862850.0,ERS12518512,SAMEA110420437,simple,1773.0,Mycobacterium tuberculosis,SAMEA110420437,,,,,,,no,,,,,"CTB/NICD - SOUTH AFRICA, SOUTH AFRICA",ERA16499656,,public,BFAA6DA6B859FD0B34569DB880014C17,44D0E38341F3F68EDCCF7C334E8C1594
SAMEA110420436,ERR9993079,2022-07-27 21:28:44,2022-08-10 14:24:02,2151355.0,649709210.0,2151355.0,302.0,205.0,,https://sra-downloadb.be-md.ncbi.nlm.nih.gov/sos3/sra-pub-zq-24/ERR009/9993/ERR9993079/ERR9993079.lite.1,ERX9533485,"TD02994633. CTB/NICD - South Africa, South Africa. TD02994633. 918",WGS,RANDOM,GENOMIC,PAIRED,0.0,0.0,ILLUMINA,Illumina NovaSeq 6000,ERP139874,PRJEB55007,,862850.0,ERS12518511,SAMEA110420436,simple,1773.0,Mycobacterium tuberculosis,SAMEA110420436,,,,,,,no,,,,,"CTB/NICD - SOUTH AFRICA, SOUTH AFRICA",ERA16499655,,public,C16DDBFFDEDFA5BC67F02E066CFB6B77,68D3DF97D2251D38E83559F568A5525B
SAMEA110420435,ERR9993078,2022-07-27 21:28:44,2022-08-10 14:23:32,2619316.0,791033432.0,2619316.0,302.0,245.0,,https://sra-downloadb.be-md.ncbi.nlm.nih.gov/sos3/sra-pub-zq-22/ERR009/9993/ERR9993078/ERR9993078.lite.1,ERX9533484,"BC01711218. CTB/NICD - South Africa, South Africa. BC01711218. 913",WGS,RANDOM,GENOMIC,PAIRED,0.0,0.0,ILLUMINA,Illumina NovaSeq 6000,ERP139874,PRJEB55007,,862850.0,ERS12518510,SAMEA110420435,simple,1773.0,Mycobacterium tuberculosis,SAMEA110420435,,,,,,,no,,,,,"CTB/NICD - SOUTH AFRICA, SOUTH AFRICA",ERA16499654,,public,2C3CA6A9EE86454CC5224C1278268314,6C99CF29FF5218F2996BAEAE83B3C5C2
SAMEA110420434,ERR9993077,2022-07-27 21:28:44,2022-08-10 14:23:13,1683230.0,508335460.0,1683230.0,302.0,159.0,,https://sra-downloadb.be-md.ncbi.nlm.nih.gov/sos3/sra-pub-zq-22/ERR009/9993/ERR9993077/ERR9993077.lite.1,ERX9533483,"PS01268079. CTB/NICD - South Africa, South Africa. PS01268079. 912",WGS,RANDOM,GENOMIC,PAIRED,0.0,0.0,ILLUMINA,Illumina NovaSeq 6000,ERP139874,PRJEB55007,,862850.0,ERS12518509,SAMEA110420434,simple,1773.0,Mycobacterium tuberculosis,SAMEA110420434,,,,,,,no,,,,,"CTB/NICD - SOUTH AFRICA, SOUTH AFRICA",ERA16499653,,public,2F21852527FB738F42A7294EBCCFDA4F,D10588FFD8E61230795C753482B202A2
SAMEA110420433,ERR9993076,2022-07-27 21:28:44,2022-08-10 14:23:21,1805593.0,545289086.0,1805593.0,302.0,173.0,,https://sra-downloadb.be-md.ncbi.nlm.nih.gov/sos3/sra-pub-zq-24/ERR009/9993/ERR9993076/ERR9993076.lite.1,ERX9533482,"TD03406168. CTB/NICD - South Africa, South Africa. TD03406168. 910",WGS,RANDOM,GENOMIC,PAIRED,0.0,0.0,ILLUMINA,Illumina NovaSeq 6000,ERP139874,PRJEB55007,,862850.0,ERS12518508,SAMEA110420433,simple,1773.0,Mycobacterium tuberculosis,SAMEA110420433,,,,,,,no,,,,,"CTB/NICD - SOUTH AFRICA, SOUTH AFRICA",ERA16499652,,public,91BC5C0449C89DFAB909252A24E9261D,2E001FF584594D30DE40A6EE92C77329
SAMEA110420432,ERR9993075,2022-07-27 21:28:44,2022-08-10 14:23:20,2151228.0,649670856.0,2151228.0,302.0,204.0,,https://sra-downloadb.be-md.ncbi.nlm.nih.gov/sos2/sra-pub-zq-20/ERR009/9993/ERR9993075/ERR9993075.lite.1,ERX9533481,"SN01440101. CTB/NICD - South Africa, South Africa. SN01440101. 909",WGS,RANDOM,GENOMIC,PAIRED,0.0,0.0,ILLUMINA,Illumina NovaSeq 6000,ERP139874,PRJEB55007,,862850.0,ERS12518507,SAMEA110420432,simple,1773.0,Mycobacterium tuberculosis,SAMEA110420432,,,,,,,no,,,,,"CTB/NICD - SOUTH AFRICA, SOUTH AFRICA",ERA16499651,,public,93771A1B7547A17069D69F4E0559A848,98B8587D59802C7BE867AD5734A76D6D
SAMEA110420431,ERR9993074,2022-07-27 21:28:44,2022-08-10 14:23:29,1713132.0,517365864.0,1713132.0,302.0,166.0,,https://sra-downloadb.be-md.ncbi.nlm.nih.gov/sos1/sra-pub-zq-38/ERR009/9993/ERR9993074/ERR9993074.lite.1,ERX9533480,"PS01276580. CTB/NICD - South Africa, South Africa. PS01276580. 908",WGS,RANDOM,GENOMIC,PAIRED,0.0,0.0,ILLUMINA,Illumina NovaSeq 6000,ERP139874,PRJEB55007,,862850.0,ERS12518506,SAMEA110420431,simple,1773.0,Mycobacterium tuberculosis,SAMEA110420431,,,,,,,no,,,,,"CTB/NICD - SOUTH AFRICA, SOUTH AFRICA",ERA16499650,,public,3C7C901F1F4EAA8F98774F7AB7AC4C12,84E2D07CF9987908648962ACAB080AA4
SAMEA110420430,ERR9993073,2022-07-27 21:28:44,2022-08-10 14:23:58,2082248.0,628838896.0,2082248.0,302.0,197.0,,https://sra-downloadb.be-md.ncbi.nlm.nih.gov/sos1/sra-pub-zq-38/ERR009/9993/ERR9993073/ERR9993073.lite.1,ERX9533479,"PS01290709. CTB/NICD - South Africa, South Africa. PS01290709. 907",WGS,RANDOM,GENOMIC,PAIRED,0.0,0.0,ILLUMINA,Illumina NovaSeq 6000,ERP139874,PRJEB55007,,862850.0,ERS12518505,SAMEA110420430,simple,1773.0,Mycobacterium tuberculosis,SAMEA110420430,,,,,,,no,,,,,"CTB/NICD - SOUTH AFRICA, SOUTH AFRICA",ERA16499649,,public,B083C502B8C794B6FDFED9279FEF7372,E45CD69878B7FA67400EB2ABA1D5BA1A
SAMEA110420429,ERR9993072,2022-07-27 21:28:44,2022-08-10 14:23:43,2574391.0,777466082.0,2574391.0,302.0,242.0,,https://sra-downloadb.be-md.ncbi.nlm.nih.gov/sos3/sra-pub-zq-24/ERR009/9993/ERR9993072/ERR9993072.lite.1,ERX9533478,"JE02250211. CTB/NICD - South Africa, South Africa. JE02250211. 906",WGS,RANDOM,GENOMIC,PAIRED,0.0,0.0,ILLUMINA,Illumina NovaSeq 6000,ERP139874,PRJEB55007,,862850.0,ERS12518504,SAMEA110420429,simple,1773.0,Mycobacterium tuberculosis,SAMEA110420429,,,,,,,no,,,,,"CTB/NICD - SOUTH AFRICA, SOUTH AFRICA",ERA16499648,,public,00C45272491B33C551BAB5C2EB414102,89096612C998B31AFC2AF415A6CF7646
SAMEA110420428,ERR9993071,2022-07-27 21:28:44,2022-08-10 14:23:30,2527320.0,763250640.0,2527320.0,302.0,238.0,,https://sra-downloadb.be-md.ncbi.nlm.nih.gov/sos1/sra-pub-zq-38/ERR009/9993/ERR9993071/ERR9993071.lite.1,ERX9533477,"BC01675744. CTB/NICD - South Africa, South Africa. BC01675744. 905",WGS,RANDOM,GENOMIC,PAIRED,0.0,0.0,ILLUMINA,Illumina NovaSeq 6000,ERP139874,PRJEB55007,,862850.0,ERS12518503,SAMEA110420428,simple,1773.0,Mycobacterium tuberculosis,SAMEA110420428,,,,,,,no,,,,,"CTB/NICD - SOUTH AFRICA, SOUTH AFRICA",ERA16499647,,public,14A0C70AD7EB0CF7899E1A77D82D076E,8DCADA94B3D1D08DA9AC6DCF25D602D6
SAMEA110420427,ERR9993070,2022-07-27 21:28:44,2022-08-10 14:23:14,2142118.0,646919636.0,2142118.0,302.0,200.0,,https://sra-downloadb.be-md.ncbi.nlm.nih.gov/sos1/sra-pub-zq-38/ERR009/9993/ERR9993070/ERR9993070.lite.1,ERX9533476,"UH01517387. CTB/NICD - South Africa, South Africa. UH01517387. 904",WGS,RANDOM,GENOMIC,PAIRED,0.0,0.0,ILLUMINA,Illumina NovaSeq 6000,ERP139874,PRJEB55007,,862850.0,ERS12518502,SAMEA110420427,simple,1773.0,Mycobacterium tuberculosis,SAMEA110420427,,,,,,,no,,,,,"CTB/NICD - SOUTH AFRICA, SOUTH AFRICA",ERA16499646,,public,A40BF99B705726958574F1E802CE99F1,98C970749DC93E1B5112FD928E70983D
SAMEA110420426,ERR9993069,2022-07-27 21:28:44,2022-08-10 14:23:41,2206585.0,666388670.0,2206585.0,302.0,208.0,,https://sra-downloadb.be-md.ncbi.nlm.nih.gov/sos1/sra-pub-zq-38/ERR009/9993/ERR9993069/ERR9993069.lite.1,ERX9533475,"PD00574474. CTB/NICD - South Africa, South Africa. PD00574474. 903",WGS,RANDOM,GENOMIC,PAIRED,0.0,0.0,ILLUMINA,Illumina NovaSeq 6000,ERP139874,PRJEB55007,,862850.0,ERS12518501,SAMEA110420426,simple,1773.0,Mycobacterium tuberculosis,SAMEA110420426,,,,,,,no,,,,,"CTB/NICD - SOUTH AFRICA, SOUTH AFRICA",ERA16499645,,public,EC2A7EC0A1A9157E10E02D3B34CEC7BA,4B87F35120D55CFBF3A4568E053FFE85
SAMEA110420425,ERR9993068,2022-07-27 21:28:44,2022-08-10 14:23:03,2175891.0,657119082.0,2175891.0,302.0,206.0,,https://sra-downloadb.be-md.ncbi.nlm.nih.gov/sos1/sra-pub-zq-38/ERR009/9993/ERR9993068/ERR9993068.lite.1,ERX9533474,"XD03036762. CTB/NICD - South Africa, South Africa. XD03036762. 902",WGS,RANDOM,GENOMIC,PAIRED,0.0,0.0,ILLUMINA,Illumina NovaSeq 6000,ERP139874,PRJEB55007,,862850.0,ERS12518500,SAMEA110420425,simple,1773.0,Mycobacterium tuberculosis,SAMEA110420425,,,,,,,no,,,,,"CTB/NICD - SOUTH AFRICA, SOUTH AFRICA",ERA16499644,,public,87C2DA2EF560D3C342A4B66804B8B9CA,BBF6BA2265859256DF5317BC840F6444
SAMEA110420424,ERR9993067,2022-07-27 21:28:44,2022-08-10 14:23:26,1992214.0,601648628.0,1992214.0,302.0,190.0,,https://sra-downloadb.be-md.ncbi.nlm.nih.gov/sos1/sra-pub-zq-38/ERR009/9993/ERR9993067/ERR9993067.lite.1,ERX9533473,"UH01539019. CTB/NICD - South Africa, South Africa. UH01539019. 901",WGS,RANDOM,GENOMIC,PAIRED,0.0,0.0,ILLUMINA,Illumina NovaSeq 6000,ERP139874,PRJEB55007,,862850.0,ERS12518499,SAMEA110420424,simple,1773.0,Mycobacterium tuberculosis,SAMEA110420424,,,,,,,no,,,,,"CTB/NICD - SOUTH AFRICA, SOUTH AFRICA",ERA16499643,,public,1DEC1139B343485F5C66B7073CDF57B8,64EC4B810293F2472F127E7B71C37D5B
SAMEA110420423,ERR9993066,2022-07-27 21:28:44,2022-08-10 14:23:13,2039496.0,615927792.0,2039496.0,302.0,192.0,,https://sra-downloadb.be-md.ncbi.nlm.nih.gov/sos1/sra-pub-zq-38/ERR009/9993/ERR9993066/ERR9993066.lite.1,ERX9533472,"TD03347099. CTB/NICD - South Africa, South Africa. TD03347099. 900",WGS,RANDOM,GENOMIC,PAIRED,0.0,0.0,ILLUMINA,Illumina NovaSeq 6000,ERP139874,PRJEB55007,,862850.0,ERS12518498,SAMEA110420423,simple,1773.0,Mycobacterium tuberculosis,SAMEA110420423,,,,,,,no,,,,,"CTB/NICD - SOUTH AFRICA, SOUTH AFRICA",ERA16499642,,public,E862DF4D92882686B49378E6A847B010,2E22CA80B32DE5C4EBACA0395CB7D167
SAMEA110420422,ERR9993065,2022-07-27 21:28:44,2022-08-10 14:23:16,1669124.0,504075448.0,1669124.0,302.0,164.0,,https://sra-downloadb.be-md.ncbi.nlm.nih.gov/sos4/sra-pub-zq-1/ERR009/9993/ERR9993065/ERR9993065.lite.1,ERX9533471,"XD03125053. CTB/NICD - South Africa, South Africa. XD03125053. 898",WGS,RANDOM,GENOMIC,PAIRED,0.0,0.0,ILLUMINA,Illumina NovaSeq 6000,ERP139874,PRJEB55007,,862850.0,ERS12518497,SAMEA110420422,simple,1773.0,Mycobacterium tuberculosis,SAMEA110420422,,,,,,,no,,,,,"CTB/NICD - SOUTH AFRICA, SOUTH AFRICA",ERA16499641,,public,BB3426C352EEE9A572DA0BAB3487D449,BDB6A229946A174F70C422D6461EC88C
SAMEA110420421,ERR9993064,2022-07-27 21:28:44,2022-08-10 14:23:23,2187960.0,660763920.0,2187960.0,302.0,209.0,,https://sra-downloadb.be-md.ncbi.nlm.nih.gov/sos3/sra-pub-zq-24/ERR009/9993/ERR9993064/ERR9993064.lite.1,ERX9533470,"PS01271815. CTB/NICD - South Africa, South Africa. PS01271815. 897",WGS,RANDOM,GENOMIC,PAIRED,0.0,0.0,ILLUMINA,Illumina NovaSeq 6000,ERP139874,PRJEB55007,,862850.0,ERS12518496,SAMEA110420421,simple,1773.0,Mycobacterium tuberculosis,SAMEA110420421,,,,,,,no,,,,,"CTB/NICD - SOUTH AFRICA, SOUTH AFRICA",ERA16499640,,public,7323411B961509DBECAB6463608A8BFD,E5F52D496B131558EDF7AEFB369E2615
SAMEA110420420,ERR9993063,2022-07-27 21:28:44,2022-08-10 14:23:36,2574195.0,777406890.0,2574195.0,302.0,241.0,,https://sra-downloadb.be-md.ncbi.nlm.nih.gov/sos3/sra-pub-zq-24/ERR009/9993/ERR9993063/ERR9993063.lite.1,ERX9533469,"TD03328571. CTB/NICD - South Africa, South Africa. TD03328571. 896",WGS,RANDOM,GENOMIC,PAIRED,0.0,0.0,ILLUMINA,Illumina NovaSeq 6000,ERP139874,PRJEB55007,,862850.0,ERS12518495,SAMEA110420420,simple,1773.0,Mycobacterium tuberculosis,SAMEA110420420,,,,,,,no,,,,,"CTB/NICD - SOUTH AFRICA, SOUTH AFRICA",ERA16499639,,public,F03EAB43BDE6DC93FBBD7BDCDA9F890E,D7F88A45DCBA526D6DB37D00BD243366
SAMEA110420419,ERR9993062,2022-07-27 21:28:44,2022-08-10 14:23:02,2330408.0,703783216.0,2330408.0,302.0,221.0,,https://sra-downloadb.be-md.ncbi.nlm.nih.gov/sos2/sra-pub-zq-20/ERR009/9993/ERR9993062/ERR9993062.lite.1,ERX9533468,"LA00996288. CTB/NICD - South Africa, South Africa. LA00996288. 895",WGS,RANDOM,GENOMIC,PAIRED,0.0,0.0,ILLUMINA,Illumina NovaSeq 6000,ERP139874,PRJEB55007,,862850.0,ERS12518494,SAMEA110420419,simple,1773.0,Mycobacterium tuberculosis,SAMEA110420419,,,,,,,no,,,,,"CTB/NICD - SOUTH AFRICA, SOUTH AFRICA",ERA16499638,,public,6E5BC101DECC9101F3AB7BFF11E0B71F,1E2E2E96FF3344A19632F80304C332DC
SAMEA110420418,ERR9993061,2022-07-27 21:28:44,2022-08-10 14:23:40,2457574.0,742187348.0,2457574.0,302.0,229.0,,https://sra-downloadb.be-md.ncbi.nlm.nih.gov/sos1/sra-pub-zq-38/ERR009/9993/ERR9993061/ERR9993061.lite.1,ERX9533467,"YA00206790. CTB/NICD - South Africa, South Africa. YA00206790. 893",WGS,RANDOM,GENOMIC,PAIRED,0.0,0.0,ILLUMINA,Illumina NovaSeq 6000,ERP139874,PRJEB55007,,862850.0,ERS12518493,SAMEA110420418,simple,1773.0,Mycobacterium tuberculosis,SAMEA110420418,,,,,,,no,,,,,"CTB/NICD - SOUTH AFRICA, SOUTH AFRICA",ERA16499637,,public,F024FAC7C7F719AF40C9F4BE91B305D1,FBB5A9DB7C4A40CA14C28FE04D5DA4F4
SAMEA110420417,ERR9993060,2022-07-27 21:28:44,2022-08-10 14:23:20,2244719.0,677905138.0,2244719.0,302.0,211.0,,https://sra-downloadb.be-md.ncbi.nlm.nih.gov/sos3/sra-pub-zq-24/ERR009/9993/ERR9993060/ERR9993060.lite.1,ERX9533466,"TD03295944. CTB/NICD - South Africa, South Africa. TD03295944. 892",WGS,RANDOM,GENOMIC,PAIRED,0.0,0.0,ILLUMINA,Illumina NovaSeq 6000,ERP139874,PRJEB55007,,862850.0,ERS12518492,SAMEA110420417,simple,1773.0,Mycobacterium tuberculosis,SAMEA110420417,,,,,,,no,,,,,"CTB/NICD - SOUTH AFRICA, SOUTH AFRICA",ERA16499636,,public,2A331867FD6C3F2FEE485BEC927F0335,ACF626E8A3070671E97A766A8CFDECC4
SAMEA110420416,ERR9993059,2022-07-27 21:28:44,2022-08-10 14:23:23,2036303.0,614963506.0,2036303.0,302.0,195.0,,https://sra-downloadb.be-md.ncbi.nlm.nih.gov/sos2/sra-pub-zq-20/ERR009/9993/ERR9993059/ERR9993059.lite.1,ERX9533465,"YA00205500. CTB/NICD - South Africa, South Africa. YA00205500. 891",WGS,RANDOM,GENOMIC,PAIRED,0.0,0.0,ILLUMINA,Illumina NovaSeq 6000,ERP139874,PRJEB55007,,862850.0,ERS12518491,SAMEA110420416,simple,1773.0,Mycobacterium tuberculosis,SAMEA110420416,,,,,,,no,,,,,"CTB/NICD - SOUTH AFRICA, SOUTH AFRICA",ERA16499635,,public,ED6112421046616F7F5AC5676282665E,2668F44B561651967BD96EC634B8FB45
SAMEA110420415,ERR9993058,2022-07-27 21:28:44,2022-08-10 14:23:15,2089883.0,631144666.0,2089883.0,302.0,198.0,,https://sra-downloadb.be-md.ncbi.nlm.nih.gov/sos4/sra-pub-zq-1/ERR009/9993/ERR9993058/ERR9993058.lite.1,ERX9533464,"UH01509114. CTB/NICD - South Africa, South Africa. UH01509114. 890",WGS,RANDOM,GENOMIC,PAIRED,0.0,0.0,ILLUMINA,Illumina NovaSeq 6000,ERP139874,PRJEB55007,,862850.0,ERS12518490,SAMEA110420415,simple,1773.0,Mycobacterium tuberculosis,SAMEA110420415,,,,,,,no,,,,,"CTB/NICD - SOUTH AFRICA, SOUTH AFRICA",ERA16499634,,public,AC0F6C05935B5E52FA2F59DC4D035D01,E9B8DC20769A150372D5104F4D1175DD
SAMEA110420414,ERR9993057,2022-07-27 21:28:44,2022-08-10 14:23:52,2542584.0,767860368.0,2542584.0,302.0,239.0,,https://sra-downloadb.be-md.ncbi.nlm.nih.gov/sos3/sra-pub-zq-22/ERR009/9993/ERR9993057/ERR9993057.lite.1,ERX9533463,"MG04440870. CTB/NICD - South Africa, South Africa. MG04440870. 889",WGS,RANDOM,GENOMIC,PAIRED,0.0,0.0,ILLUMINA,Illumina NovaSeq 6000,ERP139874,PRJEB55007,,862850.0,ERS12518489,SAMEA110420414,simple,1773.0,Mycobacterium tuberculosis,SAMEA110420414,,,,,,,no,,,,,"CTB/NICD - SOUTH AFRICA, SOUTH AFRICA",ERA16499633,,public,74589E8CEF27AA6B62FBAB938DD7423D,0F5002DC202B8195F7A9B3CDC76FA0DA
SAMEA110420413,ERR9993056,2022-07-27 21:28:44,2022-08-10 14:23:23,2130668.0,643461736.0,2130668.0,302.0,199.0,,https://sra-downloadb.be-md.ncbi.nlm.nih.gov/sos3/sra-pub-zq-24/ERR009/9993/ERR9993056/ERR9993056.lite.1,ERX9533462,"PS01241668. CTB/NICD - South Africa, South Africa. PS01241668. 888",WGS,RANDOM,GENOMIC,PAIRED,0.0,0.0,ILLUMINA,Illumina NovaSeq 6000,ERP139874,PRJEB55007,,862850.0,ERS12518488,SAMEA110420413,simple,1773.0,Mycobacterium tuberculosis,SAMEA110420413,,,,,,,no,,,,,"CTB/NICD - SOUTH AFRICA, SOUTH AFRICA",ERA16499632,,public,C74AE2C5383C453A9EA5B6D7E883E9BA,36E173D8967824EF6E5ABC2F80C03ACC
SAMEA110420412,ERR9993055,2022-07-27 21:28:44,2022-08-10 14:23:31,2599537.0,785060174.0,2599537.0,302.0,245.0,,https://sra-downloadb.be-md.ncbi.nlm.nih.gov/sos1/sra-pub-zq-38/ERR009/9993/ERR9993055/ERR9993055.lite.1,ERX9533461,"TD03223968. CTB/NICD - South Africa, South Africa. TD03223968. 884",WGS,RANDOM,GENOMIC,PAIRED,0.0,0.0,ILLUMINA,Illumina NovaSeq 6000,ERP139874,PRJEB55007,,862850.0,ERS12518487,SAMEA110420412,simple,1773.0,Mycobacterium tuberculosis,SAMEA110420412,,,,,,,no,,,,,"CTB/NICD - SOUTH AFRICA, SOUTH AFRICA",ERA16499631,,public,84458C2EFC2982BA37CE4F6CB6989DB0,224919B418D5240CEB1DC292E0E35352
SAMEA110420411,ERR9993054,2022-07-27 21:28:44,2022-08-10 14:23:25,1968779.0,594571258.0,1968779.0,302.0,185.0,,https://sra-downloadb.be-md.ncbi.nlm.nih.gov/sos1/sra-pub-zq-38/ERR009/9993/ERR9993054/ERR9993054.lite.1,ERX9533460,"OS00495921. CTB/NICD - South Africa, South Africa. OS00495921. 882",WGS,RANDOM,GENOMIC,PAIRED,0.0,0.0,ILLUMINA,Illumina NovaSeq 6000,ERP139874,PRJEB55007,,862850.0,ERS12518486,SAMEA110420411,simple,1773.0,Mycobacterium tuberculosis,SAMEA110420411,,,,,,,no,,,,,"CTB/NICD - SOUTH AFRICA, SOUTH AFRICA",ERA16499630,,public,EE119A65313A3FD0161F40B83E899FE3,76DAC82FE5227B47AA17315CEE074820
SAMEA110420410,ERR9993053,2022-07-27 21:28:44,2022-08-10 14:23:01,1899306.0,573590412.0,1899306.0,302.0,177.0,,https://sra-downloadb.be-md.ncbi.nlm.nih.gov/sos1/sra-pub-zq-38/ERR009/9993/ERR9993053/ERR9993053.lite.1,ERX9533459,"YA00196022. CTB/NICD - South Africa, South Africa. YA00196022. 880",WGS,RANDOM,GENOMIC,PAIRED,0.0,0.0,ILLUMINA,Illumina NovaSeq 6000,ERP139874,PRJEB55007,,862850.0,ERS12518485,SAMEA110420410,simple,1773.0,Mycobacterium tuberculosis,SAMEA110420410,,,,,,,no,,,,,"CTB/NICD - SOUTH AFRICA, SOUTH AFRICA",ERA16499629,,public,BAA8694C4A83E7BB907526A23CC6A873,80555D6468B8037A988BBE87AB98059E
SAMEA110420409,ERR9993052,2022-07-27 21:28:44,2022-08-10 14:23:25,2266985.0,684629470.0,2266985.0,302.0,213.0,,https://sra-downloadb.be-md.ncbi.nlm.nih.gov/sos3/sra-pub-zq-24/ERR009/9993/ERR9993052/ERR9993052.lite.1,ERX9533458,"XD02843381. CTB/NICD - South Africa, South Africa. XD02843381. 879",WGS,RANDOM,GENOMIC,PAIRED,0.0,0.0,ILLUMINA,Illumina NovaSeq 6000,ERP139874,PRJEB55007,,862850.0,ERS12518484,SAMEA110420409,simple,1773.0,Mycobacterium tuberculosis,SAMEA110420409,,,,,,,no,,,,,"CTB/NICD - SOUTH AFRICA, SOUTH AFRICA",ERA16499628,,public,108EC4B77E577687903BC5982019CEF0,2D823A0915158DCDEF2FE0BEB359B45C
SAMEA110420408,ERR9993051,2022-07-27 21:28:44,2022-08-10 14:23:16,1872738.0,565566876.0,1872738.0,302.0,178.0,,https://sra-downloadb.be-md.ncbi.nlm.nih.gov/sos3/sra-pub-zq-22/ERR009/9993/ERR9993051/ERR9993051.lite.1,ERX9533457,"YA00194349. CTB/NICD - South Africa, South Africa. YA00194349. 878",WGS,RANDOM,GENOMIC,PAIRED,0.0,0.0,ILLUMINA,Illumina NovaSeq 6000,ERP139874,PRJEB55007,,862850.0,ERS12518483,SAMEA110420408,simple,1773.0,Mycobacterium tuberculosis,SAMEA110420408,,,,,,,no,,,,,"CTB/NICD - SOUTH AFRICA, SOUTH AFRICA",ERA16499627,,public,566222C9D008CA97DB9285B2C3A8B2CA,03867888276A3B75DC2D0744BFCF64F5
SAMEA110420407,ERR9993050,2022-07-27 21:28:44,2022-08-10 14:23:14,1760843.0,531774586.0,1760843.0,302.0,165.0,,https://sra-downloadb.be-md.ncbi.nlm.nih.gov/sos3/sra-pub-zq-24/ERR009/9993/ERR9993050/ERR9993050.lite.1,ERX9533456,"WG00280585. CTB/NICD - South Africa, South Africa. WG00280585. 876",WGS,RANDOM,GENOMIC,PAIRED,0.0,0.0,ILLUMINA,Illumina NovaSeq 6000,ERP139874,PRJEB55007,,862850.0,ERS12518482,SAMEA110420407,simple,1773.0,Mycobacterium tuberculosis,SAMEA110420407,,,,,,,no,,,,,"CTB/NICD - SOUTH AFRICA, SOUTH AFRICA",ERA16499626,,public,06990C614C45E626E8D8D9CF3620D5B5,5A6EE85D2A703D7A044A789CA5F795A4
SAMEA110420406,ERR9993049,2022-07-27 21:28:44,2022-08-10 14:23:25,2243394.0,677504988.0,2243394.0,302.0,213.0,,https://sra-downloadb.be-md.ncbi.nlm.nih.gov/sos1/sra-pub-zq-38/ERR009/9993/ERR9993049/ERR9993049.lite.1,ERX9533455,"PS01206632. CTB/NICD - South Africa, South Africa. PS01206632. 875",WGS,RANDOM,GENOMIC,PAIRED,0.0,0.0,ILLUMINA,Illumina NovaSeq 6000,ERP139874,PRJEB55007,,862850.0,ERS12518481,SAMEA110420406,simple,1773.0,Mycobacterium tuberculosis,SAMEA110420406,,,,,,,no,,,,,"CTB/NICD - SOUTH AFRICA, SOUTH AFRICA",ERA16499625,,public,4CF88D91EC65A4A506B966BBADF725AB,6E181B97E112A77202F986DC0572EEF1
SAMEA110420405,ERR9993048,2022-07-27 21:28:44,2022-08-10 14:23:24,2176663.0,657352226.0,2176663.0,302.0,206.0,,https://sra-downloadb.be-md.ncbi.nlm.nih.gov/sos3/sra-pub-zq-22/ERR009/9993/ERR9993048/ERR9993048.lite.1,ERX9533454,"XD02934123. CTB/NICD - South Africa, South Africa. XD02934123. 874",WGS,RANDOM,GENOMIC,PAIRED,0.0,0.0,ILLUMINA,Illumina NovaSeq 6000,ERP139874,PRJEB55007,,862850.0,ERS12518480,SAMEA110420405,simple,1773.0,Mycobacterium tuberculosis,SAMEA110420405,,,,,,,no,,,,,"CTB/NICD - SOUTH AFRICA, SOUTH AFRICA",ERA16499624,,public,178B1E69BDE78450EA477A26F55727C0,A5C2D660C2DFBF6D3D3B81BF5C19B5B8
SAMEA110420404,ERR9993047,2022-07-27 21:28:44,2022-08-10 14:23:26,2424591.0,732226482.0,2424591.0,302.0,228.0,,https://sra-downloadb.be-md.ncbi.nlm.nih.gov/sos1/sra-pub-zq-38/ERR009/9993/ERR9993047/ERR9993047.lite.1,ERX9533453,"IK02968768. CTB/NICD - South Africa, South Africa. IK02968768. 873",WGS,RANDOM,GENOMIC,PAIRED,0.0,0.0,ILLUMINA,Illumina NovaSeq 6000,ERP139874,PRJEB55007,,862850.0,ERS12518479,SAMEA110420404,simple,1773.0,Mycobacterium tuberculosis,SAMEA110420404,,,,,,,no,,,,,"CTB/NICD - SOUTH AFRICA, SOUTH AFRICA",ERA16499623,,public,E4765D162CCF80C998E68C2EBAAA2D46,045D97AE893AF8569ADF4606DAEC84FA
SAMEA110420403,ERR9993046,2022-07-27 21:28:44,2022-08-10 14:23:07,2488505.0,751528510.0,2488505.0,302.0,229.0,,https://sra-downloadb.be-md.ncbi.nlm.nih.gov/sos3/sra-pub-zq-22/ERR009/9993/ERR9993046/ERR9993046.lite.1,ERX9533452,"UH01412686. CTB/NICD - South Africa, South Africa. UH01412686. 871",WGS,RANDOM,GENOMIC,PAIRED,0.0,0.0,ILLUMINA,Illumina NovaSeq 6000,ERP139874,PRJEB55007,,862850.0,ERS12518478,SAMEA110420403,simple,1773.0,Mycobacterium tuberculosis,SAMEA110420403,,,,,,,no,,,,,"CTB/NICD - SOUTH AFRICA, SOUTH AFRICA",ERA16499622,,public,E46C3CDEC29AEAA393EFD94878BD7947,A76B7CA30C261FBCBA29E4F930835787
SAMEA110420402,ERR9993045,2022-07-27 21:28:43,2022-08-10 14:23:45,2139279.0,646062258.0,2139279.0,302.0,203.0,,https://sra-downloadb.be-md.ncbi.nlm.nih.gov/sos3/sra-pub-zq-24/ERR009/9993/ERR9993045/ERR9993045.lite.1,ERX9533451,"UH01425987. CTB/NICD - South Africa, South Africa. UH01425987. 870",WGS,RANDOM,GENOMIC,PAIRED,0.0,0.0,ILLUMINA,Illumina NovaSeq 6000,ERP139874,PRJEB55007,,862850.0,ERS12518477,SAMEA110420402,simple,1773.0,Mycobacterium tuberculosis,SAMEA110420402,,,,,,,no,,,,,"CTB/NICD - SOUTH AFRICA, SOUTH AFRICA",ERA16499621,,public,610BDF62F611495BC0F2C790CDC1BBD9,D8238841BC7705E8BEFD469B94C1BF40
SAMEA110420401,ERR9993044,2022-07-27 21:28:43,2022-08-10 14:23:47,1923822.0,580994244.0,1923822.0,302.0,181.0,,https://sra-downloadb.be-md.ncbi.nlm.nih.gov/sos3/sra-pub-zq-24/ERR009/9993/ERR9993044/ERR9993044.lite.1,ERX9533450,"PK02669306. CTB/NICD - South Africa, South Africa. PK02669306. 868",WGS,RANDOM,GENOMIC,PAIRED,0.0,0.0,ILLUMINA,Illumina NovaSeq 6000,ERP139874,PRJEB55007,,862850.0,ERS12518476,SAMEA110420401,simple,1773.0,Mycobacterium tuberculosis,SAMEA110420401,,,,,,,no,,,,,"CTB/NICD - SOUTH AFRICA, SOUTH AFRICA",ERA16499620,,public,B949B586EB7B4A5F7B642552BFB13141,42A73FB6312E0C589E6D73DC9C3C6725
SAMEA110420400,ERR9993043,2022-07-27 21:28:43,2022-08-10 14:23:08,1811794.0,547161788.0,1811794.0,302.0,170.0,,https://sra-downloadb.be-md.ncbi.nlm.nih.gov/sos1/sra-pub-zq-38/ERR009/9993/ERR9993043/ERR9993043.lite.1,ERX9533449,"PI00571661. CTB/NICD - South Africa, South Africa. PI00571661. 867",WGS,RANDOM,GENOMIC,PAIRED,0.0,0.0,ILLUMINA,Illumina NovaSeq 6000,ERP139874,PRJEB55007,,862850.0,ERS12518475,SAMEA110420400,simple,1773.0,Mycobacterium tuberculosis,SAMEA110420400,,,,,,,no,,,,,"CTB/NICD - SOUTH AFRICA, SOUTH AFRICA",ERA16499619,,public,6109710D4651B2D5E4C5C7E1549C7AB8,EB3DF4EF036F8C00053467A4C8669989
SAMEA110420399,ERR9993042,2022-07-27 21:28:43,2022-08-11 14:55:23,1878721.0,567373742.0,1878721.0,302.0,178.0,,https://sra-downloadb.be-md.ncbi.nlm.nih.gov/sos2/sra-pub-zq-20/ERR009/9993/ERR9993042/ERR9993042.lite.1,ERX9533448,"PS01155065. CTB/NICD - South Africa, South Africa. PS01155065. 866",WGS,RANDOM,GENOMIC,PAIRED,0.0,0.0,ILLUMINA,Illumina NovaSeq 6000,ERP139874,PRJEB55007,,862850.0,ERS12518474,SAMEA110420399,simple,1773.0,Mycobacterium tuberculosis,SAMEA110420399,,,,,,,no,,,,,"CTB/NICD - SOUTH AFRICA, SOUTH AFRICA",ERA16499618,,public,B4330A3FC3F9C502C675F0BE6484411E,FB6B3A633BB63211B117D44F5585595D
SAMEA110420398,ERR9993041,2022-07-27 21:28:43,2022-08-10 14:23:11,1783098.0,538495596.0,1783098.0,302.0,170.0,,https://sra-downloadb.be-md.ncbi.nlm.nih.gov/sos2/sra-pub-zq-20/ERR009/9993/ERR9993041/ERR9993041.lite.1,ERX9533447,"EC03877711. CTB/NICD - South Africa, South Africa. EC03877711. 865",WGS,RANDOM,GENOMIC,PAIRED,0.0,0.0,ILLUMINA,Illumina NovaSeq 6000,ERP139874,PRJEB55007,,862850.0,ERS12518473,SAMEA110420398,simple,1773.0,Mycobacterium tuberculosis,SAMEA110420398,,,,,,,no,,,,,"CTB/NICD - SOUTH AFRICA, SOUTH AFRICA",ERA16499617,,public,FB622D13C3B361957ACE6CB8BB6FB0DA,924983BD4E720BC633AD6BD00594F714
SAMEA110420397,ERR9993040,2022-07-27 21:28:43,2022-08-10 14:23:31,2456665.0,741912830.0,2456665.0,302.0,230.0,,https://sra-downloadb.be-md.ncbi.nlm.nih.gov/sos2/sra-pub-zq-20/ERR009/9993/ERR9993040/ERR9993040.lite.1,ERX9533446,"BH03027899. CTB/NICD - South Africa, South Africa. BH03027899. 864",WGS,RANDOM,GENOMIC,PAIRED,0.0,0.0,ILLUMINA,Illumina NovaSeq 6000,ERP139874,PRJEB55007,,862850.0,ERS12518472,SAMEA110420397,simple,1773.0,Mycobacterium tuberculosis,SAMEA110420397,,,,,,,no,,,,,"CTB/NICD - SOUTH AFRICA, SOUTH AFRICA",ERA16499616,,public,0C502EF9C48B64D2368920EEC1583C7F,09E21A2BD2F802E06D2080B4892D88B6
SAMEA110420396,ERR9993039,2022-07-27 21:28:43,2022-08-10 14:23:16,1803987.0,544804074.0,1803987.0,302.0,174.0,,https://sra-downloadb.be-md.ncbi.nlm.nih.gov/sos2/sra-pub-zq-20/ERR009/9993/ERR9993039/ERR9993039.lite.1,ERX9533445,"BC01952772. CTB/NICD - South Africa, South Africa. BC01952772. 863",WGS,RANDOM,GENOMIC,PAIRED,0.0,0.0,ILLUMINA,Illumina NovaSeq 6000,ERP139874,PRJEB55007,,862850.0,ERS12518471,SAMEA110420396,simple,1773.0,Mycobacterium tuberculosis,SAMEA110420396,,,,,,,no,,,,,"CTB/NICD - SOUTH AFRICA, SOUTH AFRICA",ERA16499615,,public,6DFB151B15A21ABF1E6AA87A357D73B9,B7B3F4FD83955F4159B89CA0A106A649
SAMEA110420395,ERR9993038,2022-07-27 21:28:43,2022-08-10 14:23:14,2164047.0,653542194.0,2164047.0,302.0,203.0,,https://sra-downloadb.be-md.ncbi.nlm.nih.gov/sos1/sra-pub-zq-38/ERR009/9993/ERR9993038/ERR9993038.lite.1,ERX9533444,"UJ00963331. CTB/NICD - South Africa, South Africa. UJ00963331. 862",WGS,RANDOM,GENOMIC,PAIRED,0.0,0.0,ILLUMINA,Illumina NovaSeq 6000,ERP139874,PRJEB55007,,862850.0,ERS12518470,SAMEA110420395,simple,1773.0,Mycobacterium tuberculosis,SAMEA110420395,,,,,,,no,,,,,"CTB/NICD - SOUTH AFRICA, SOUTH AFRICA",ERA16499614,,public,873D6F783303C5DD2C93DBC93DA66996,2ABE4D4AB22DBD26BDCC57D9243E4A53
SAMEA110420394,ERR9993037,2022-07-27 21:28:43,2022-08-10 14:24:16,2226803.0,672494506.0,2226803.0,302.0,212.0,,https://sra-downloadb.be-md.ncbi.nlm.nih.gov/sos3/sra-pub-zq-22/ERR009/9993/ERR9993037/ERR9993037.lite.1,ERX9533443,"GC00624672. CTB/NICD - South Africa, South Africa. GC00624672. 861",WGS,RANDOM,GENOMIC,PAIRED,0.0,0.0,ILLUMINA,Illumina NovaSeq 6000,ERP139874,PRJEB55007,,862850.0,ERS12518469,SAMEA110420394,simple,1773.0,Mycobacterium tuberculosis,SAMEA110420394,,,,,,,no,,,,,"CTB/NICD - SOUTH AFRICA, SOUTH AFRICA",ERA16499613,,public,785EB7C188666EA0E221E67199FE629D,FCAD2A8761CC98D4FBD1782A88D93E9A
SAMEA110420393,ERR9993036,2022-07-27 21:28:43,2022-08-10 14:23:08,1725694.0,521159588.0,1725694.0,302.0,163.0,,https://sra-downloadb.be-md.ncbi.nlm.nih.gov/sos3/sra-pub-zq-24/ERR009/9993/ERR9993036/ERR9993036.lite.1,ERX9533442,"XD03523699. CTB/NICD - South Africa, South Africa. XD03523699. 860",WGS,RANDOM,GENOMIC,PAIRED,0.0,0.0,ILLUMINA,Illumina NovaSeq 6000,ERP139874,PRJEB55007,,862850.0,ERS12518468,SAMEA110420393,simple,1773.0,Mycobacterium tuberculosis,SAMEA110420393,,,,,,,no,,,,,"CTB/NICD - SOUTH AFRICA, SOUTH AFRICA",ERA16499612,,public,5EB977BFF9721CC8CA8C7082709B2426,E9C3A410772C0AF51ED4D7762EDD274A
SAMEA110420392,ERR9993035,2022-07-27 21:28:43,2022-08-10 14:23:17,2051091.0,619429482.0,2051091.0,302.0,193.0,,https://sra-downloadb.be-md.ncbi.nlm.nih.gov/sos3/sra-pub-zq-22/ERR009/9993/ERR9993035/ERR9993035.lite.1,ERX9533441,"PS01388969. CTB/NICD - South Africa, South Africa. PS01388969. 858",WGS,RANDOM,GENOMIC,PAIRED,0.0,0.0,ILLUMINA,Illumina NovaSeq 6000,ERP139874,PRJEB55007,,862850.0,ERS12518467,SAMEA110420392,simple,1773.0,Mycobacterium tuberculosis,SAMEA110420392,,,,,,,no,,,,,"CTB/NICD - SOUTH AFRICA, SOUTH AFRICA",ERA16499611,,public,3B59AA4AB7BD1EBC3EEC574DFB416227,B83330CC1A3321C1FCB55734F5A65DA9
SAMEA110420391,ERR9993034,2022-07-27 21:28:43,2022-08-10 14:23:34,2212509.0,668177718.0,2212509.0,302.0,210.0,,https://sra-downloadb.be-md.ncbi.nlm.nih.gov/sos4/sra-pub-zq-1/ERR009/9993/ERR9993034/ERR9993034.lite.1,ERX9533440,"PK03138142. CTB/NICD - South Africa, South Africa. PK03138142. 857",WGS,RANDOM,GENOMIC,PAIRED,0.0,0.0,ILLUMINA,Illumina NovaSeq 6000,ERP139874,PRJEB55007,,862850.0,ERS12518466,SAMEA110420391,simple,1773.0,Mycobacterium tuberculosis,SAMEA110420391,,,,,,,no,,,,,"CTB/NICD - SOUTH AFRICA, SOUTH AFRICA",ERA16499610,,public,81841884CD1D8EA11E36FDD7E0F01C73,456759D3AC18763176E96A3DF771471E
SAMEA110420390,ERR9993033,2022-07-27 21:28:43,2022-08-10 14:23:23,2217909.0,669808518.0,2217909.0,302.0,206.0,,https://sra-downloadb.be-md.ncbi.nlm.nih.gov/sos3/sra-pub-zq-24/ERR009/9993/ERR9993033/ERR9993033.lite.1,ERX9533439,"CG05002918. CTB/NICD - South Africa, South Africa. CG05002918. 856",WGS,RANDOM,GENOMIC,PAIRED,0.0,0.0,ILLUMINA,Illumina NovaSeq 6000,ERP139874,PRJEB55007,,862850.0,ERS12518465,SAMEA110420390,simple,1773.0,Mycobacterium tuberculosis,SAMEA110420390,,,,,,,no,,,,,"CTB/NICD - SOUTH AFRICA, SOUTH AFRICA",ERA16499609,,public,F68BE42DBBEB73AF42D22EF78F10EAB9,2009B33AE6E069CF751C425DBF252C79
SAMEA110420389,ERR9993032,2022-07-27 21:28:43,2022-08-10 14:23:22,2370457.0,715878014.0,2370457.0,302.0,224.0,,https://sra-downloadb.be-md.ncbi.nlm.nih.gov/sos1/sra-pub-zq-38/ERR009/9993/ERR9993032/ERR9993032.lite.1,ERX9533438,"XD03638002. CTB/NICD - South Africa, South Africa. XD03638002. 855",WGS,RANDOM,GENOMIC,PAIRED,0.0,0.0,ILLUMINA,Illumina NovaSeq 6000,ERP139874,PRJEB55007,,862850.0,ERS12518464,SAMEA110420389,simple,1773.0,Mycobacterium tuberculosis,SAMEA110420389,,,,,,,no,,,,,"CTB/NICD - SOUTH AFRICA, SOUTH AFRICA",ERA16499608,,public,F8EDFF9F74D203EC5698F6C9F49D6531,F3EBCC6A5EB71373517D9F43BE82AE42
SAMEA110420388,ERR9993031,2022-07-27 21:28:43,2022-08-10 14:24:01,2169544.0,655202288.0,2169544.0,302.0,203.0,,https://sra-downloadb.be-md.ncbi.nlm.nih.gov/sos3/sra-pub-zq-24/ERR009/9993/ERR9993031/ERR9993031.lite.1,ERX9533437,"JE02661531. CTB/NICD - South Africa, South Africa. JE02661531. 854",WGS,RANDOM,GENOMIC,PAIRED,0.0,0.0,ILLUMINA,Illumina NovaSeq 6000,ERP139874,PRJEB55007,,862850.0,ERS12518463,SAMEA110420388,simple,1773.0,Mycobacterium tuberculosis,SAMEA110420388,,,,,,,no,,,,,"CTB/NICD - SOUTH AFRICA, SOUTH AFRICA",ERA16499607,,public,AB3331FF3489B2F02221A198515F123E,A800B736771B30CC682821DBCE2DCC12
SAMEA110420387,ERR9993030,2022-07-27 21:28:43,2022-08-10 14:23:20,2714980.0,819923960.0,2714980.0,302.0,255.0,,https://sra-downloadb.be-md.ncbi.nlm.nih.gov/sos3/sra-pub-zq-24/ERR009/9993/ERR9993030/ERR9993030.lite.1,ERX9533436,"NC00752302. CTB/NICD - South Africa, South Africa. NC00752302. 853",WGS,RANDOM,GENOMIC,PAIRED,0.0,0.0,ILLUMINA,Illumina NovaSeq 6000,ERP139874,PRJEB55007,,862850.0,ERS12518462,SAMEA110420387,simple,1773.0,Mycobacterium tuberculosis,SAMEA110420387,,,,,,,no,,,,,"CTB/NICD - SOUTH AFRICA, SOUTH AFRICA",ERA16499606,,public,7008A6FA577A38BCEA394056C884D9D2,90210038BA801A0AFA6499F2AAE4AFE9
SAMEA110420386,ERR9993029,2022-07-27 21:28:43,2022-08-10 14:23:07,1811860.0,547181720.0,1811860.0,302.0,174.0,,https://sra-downloadb.be-md.ncbi.nlm.nih.gov/sos1/sra-pub-zq-38/ERR009/9993/ERR9993029/ERR9993029.lite.1,ERX9533435,"EC03943925. CTB/NICD - South Africa, South Africa. EC03943925. 852",WGS,RANDOM,GENOMIC,PAIRED,0.0,0.0,ILLUMINA,Illumina NovaSeq 6000,ERP139874,PRJEB55007,,862850.0,ERS12518461,SAMEA110420386,simple,1773.0,Mycobacterium tuberculosis,SAMEA110420386,,,,,,,no,,,,,"CTB/NICD - SOUTH AFRICA, SOUTH AFRICA",ERA16499605,,public,3923E368CCEE89B2029C24F052132F2E,1C310D81DABBE7A76C3B9AA295B960F8
SAMEA110420385,ERR9993028,2022-07-27 21:28:43,2022-08-10 14:33:51,2707065.0,817533630.0,2707065.0,302.0,255.0,,https://sra-downloadb.be-md.ncbi.nlm.nih.gov/sos3/sra-pub-zq-22/ERR009/9993/ERR9993028/ERR9993028.lite.1,ERX9533434,"EC03861406. CTB/NICD - South Africa, South Africa. EC03861406. 851",WGS,RANDOM,GENOMIC,PAIRED,0.0,0.0,ILLUMINA,Illumina NovaSeq 6000,ERP139874,PRJEB55007,,862850.0,ERS12518460,SAMEA110420385,simple,1773.0,Mycobacterium tuberculosis,SAMEA110420385,,,,,,,no,,,,,"CTB/NICD - SOUTH AFRICA, SOUTH AFRICA",ERA16499604,,public,EAB546563CDB910C60C21C5294517DEA,11B99AB5333000EEB7A6BAFD06B487DF
SAMEA110420384,ERR9993027,2022-07-27 21:28:43,2022-08-10 14:23:04,2223327.0,671444754.0,2223327.0,302.0,209.0,,https://sra-downloadb.be-md.ncbi.nlm.nih.gov/sos2/sra-pub-zq-20/ERR009/9993/ERR9993027/ERR9993027.lite.1,ERX9533433,"CC00684863. CTB/NICD - South Africa, South Africa. CC00684863. 850",WGS,RANDOM,GENOMIC,PAIRED,0.0,0.0,ILLUMINA,Illumina NovaSeq 6000,ERP139874,PRJEB55007,,862850.0,ERS12518459,SAMEA110420384,simple,1773.0,Mycobacterium tuberculosis,SAMEA110420384,,,,,,,no,,,,,"CTB/NICD - SOUTH AFRICA, SOUTH AFRICA",ERA16499603,,public,48109242A66F7F7BCED8CD5E633943D6,4CE46D0BC1B024B97D2DB78AEEB6E83D
SAMEA110420383,ERR9993026,2022-07-27 21:28:43,2022-08-10 14:23:17,2439458.0,736716316.0,2439458.0,302.0,227.0,,https://sra-downloadb.be-md.ncbi.nlm.nih.gov/sos3/sra-pub-zq-22/ERR009/9993/ERR9993026/ERR9993026.lite.1,ERX9533432,"BC01918760. CTB/NICD - South Africa, South Africa. BC01918760. 849",WGS,RANDOM,GENOMIC,PAIRED,0.0,0.0,ILLUMINA,Illumina NovaSeq 6000,ERP139874,PRJEB55007,,862850.0,ERS12518458,SAMEA110420383,simple,1773.0,Mycobacterium tuberculosis,SAMEA110420383,,,,,,,no,,,,,"CTB/NICD - SOUTH AFRICA, SOUTH AFRICA",ERA16499602,,public,7327F73B7882A4D267D126E13C0C5AE3,ED24BE183B43D41FE52699D86EADE617
SAMEA110420382,ERR9993025,2022-07-27 21:28:43,2022-08-10 14:23:52,2311999.0,698223698.0,2311999.0,302.0,219.0,,https://sra-downloadb.be-md.ncbi.nlm.nih.gov/sos2/sra-pub-zq-20/ERR009/9993/ERR9993025/ERR9993025.lite.1,ERX9533431,"UH01720027. CTB/NICD - South Africa, South Africa. UH01720027. 848",WGS,RANDOM,GENOMIC,PAIRED,0.0,0.0,ILLUMINA,Illumina NovaSeq 6000,ERP139874,PRJEB55007,,862850.0,ERS12518457,SAMEA110420382,simple,1773.0,Mycobacterium tuberculosis,SAMEA110420382,,,,,,,no,,,,,"CTB/NICD - SOUTH AFRICA, SOUTH AFRICA",ERA16499601,,public,B4F259ABD07A8B4ADC8AA15923C4A921,FBEEA8B76D8DF6D10E629BDBEB69AE14
SAMEA110420381,ERR9993024,2022-07-27 21:28:43,2022-08-10 14:23:13,2170461.0,655479222.0,2170461.0,302.0,205.0,,https://sra-downloadb.be-md.ncbi.nlm.nih.gov/sos3/sra-pub-zq-24/ERR009/9993/ERR9993024/ERR9993024.lite.1,ERX9533430,"UH01719138. CTB/NICD - South Africa, South Africa. UH01719138. 847",WGS,RANDOM,GENOMIC,PAIRED,0.0,0.0,ILLUMINA,Illumina NovaSeq 6000,ERP139874,PRJEB55007,,862850.0,ERS12518456,SAMEA110420381,simple,1773.0,Mycobacterium tuberculosis,SAMEA110420381,,,,,,,no,,,,,"CTB/NICD - SOUTH AFRICA, SOUTH AFRICA",ERA16499600,,public,447260C1EADDCA9AAB291F25F156CD14,67C358BC91F2DB6E8BCDE35F4F9B7B3E
SAMEA110420380,ERR9993023,2022-07-27 21:28:43,2022-08-10 14:23:26,2503598.0,756086596.0,2503598.0,302.0,233.0,,https://sra-downloadb.be-md.ncbi.nlm.nih.gov/sos3/sra-pub-zq-22/ERR009/9993/ERR9993023/ERR9993023.lite.1,ERX9533429,"BC01929765. CTB/NICD - South Africa, South Africa. BC01929765. 845",WGS,RANDOM,GENOMIC,PAIRED,0.0,0.0,ILLUMINA,Illumina NovaSeq 6000,ERP139874,PRJEB55007,,862850.0,ERS12518455,SAMEA110420380,simple,1773.0,Mycobacterium tuberculosis,SAMEA110420380,,,,,,,no,,,,,"CTB/NICD - SOUTH AFRICA, SOUTH AFRICA",ERA16499599,,public,D91FF481129CDF65B7D57432742BB64C,4FE8C7182612F85E54CF55A9A6CC3EAF
SAMEA110420379,ERR9993022,2022-07-27 21:28:43,2022-08-10 14:23:27,2642290.0,797971580.0,2642290.0,302.0,248.0,,https://sra-downloadb.be-md.ncbi.nlm.nih.gov/sos1/sra-pub-zq-38/ERR009/9993/ERR9993022/ERR9993022.lite.1,ERX9533428,"PK03094526. CTB/NICD - South Africa, South Africa. PK03094526. 844",WGS,RANDOM,GENOMIC,PAIRED,0.0,0.0,ILLUMINA,Illumina NovaSeq 6000,ERP139874,PRJEB55007,,862850.0,ERS12518454,SAMEA110420379,simple,1773.0,Mycobacterium tuberculosis,SAMEA110420379,,,,,,,no,,,,,"CTB/NICD - SOUTH AFRICA, SOUTH AFRICA",ERA16499598,,public,CB2F3C02C46C2884BB75308976D151D0,00C55DED48B526784E07F240E29ADA55
SAMEA110420378,ERR9993021,2022-07-27 21:28:43,2022-08-10 14:23:22,2651119.0,800637938.0,2651119.0,302.0,249.0,,https://sra-downloadb.be-md.ncbi.nlm.nih.gov/sos3/sra-pub-zq-22/ERR009/9993/ERR9993021/ERR9993021.lite.1,ERX9533427,"TC00894589. CTB/NICD - South Africa, South Africa. TC00894589. 843",WGS,RANDOM,GENOMIC,PAIRED,0.0,0.0,ILLUMINA,Illumina NovaSeq 6000,ERP139874,PRJEB55007,,862850.0,ERS12518453,SAMEA110420378,simple,1773.0,Mycobacterium tuberculosis,SAMEA110420378,,,,,,,no,,,,,"CTB/NICD - SOUTH AFRICA, SOUTH AFRICA",ERA16499597,,public,C8CC4D5857679542BFF1660F95ED815B,0DF86C932E596C720ED337094C66809E
SAMEA110420377,ERR9993020,2022-07-27 21:28:43,2022-08-10 14:23:19,2258411.0,682040122.0,2258411.0,302.0,212.0,,https://sra-downloadb.be-md.ncbi.nlm.nih.gov/sos3/sra-pub-zq-24/ERR009/9993/ERR9993020/ERR9993020.lite.1,ERX9533426,"BC01853593. CTB/NICD - South Africa, South Africa. BC01853593. 842",WGS,RANDOM,GENOMIC,PAIRED,0.0,0.0,ILLUMINA,Illumina NovaSeq 6000,ERP139874,PRJEB55007,,862850.0,ERS12518452,SAMEA110420377,simple,1773.0,Mycobacterium tuberculosis,SAMEA110420377,,,,,,,no,,,,,"CTB/NICD - SOUTH AFRICA, SOUTH AFRICA",ERA16499596,,public,6D326233F52D96300573EDAD35CC56B1,E9CAA485B81008C63EEDB86CBC97A798
SAMEA110420376,ERR9993019,2022-07-27 21:28:43,2022-08-10 14:23:42,2388515.0,721331530.0,2388515.0,302.0,225.0,,https://sra-downloadb.be-md.ncbi.nlm.nih.gov/sos4/sra-pub-zq-1/ERR009/9993/ERR9993019/ERR9993019.lite.1,ERX9533425,"CC00637818. CTB/NICD - South Africa, South Africa. CC00637818. 841",WGS,RANDOM,GENOMIC,PAIRED,0.0,0.0,ILLUMINA,Illumina NovaSeq 6000,ERP139874,PRJEB55007,,862850.0,ERS12518451,SAMEA110420376,simple,1773.0,Mycobacterium tuberculosis,SAMEA110420376,,,,,,,no,,,,,"CTB/NICD - SOUTH AFRICA, SOUTH AFRICA",ERA16499595,,public,9CCD715C2E8BF7407655BCD45A3195FA,D4105A75743F16C9C26E18CAB704D3A1
SAMEA110420375,ERR9993018,2022-07-27 21:28:43,2022-08-10 14:23:23,2073126.0,626084052.0,2073126.0,302.0,196.0,,https://sra-downloadb.be-md.ncbi.nlm.nih.gov/sos3/sra-pub-zq-22/ERR009/9993/ERR9993018/ERR9993018.lite.1,ERX9533424,"ND00540100. CTB/NICD - South Africa, South Africa. ND00540100. 839",WGS,RANDOM,GENOMIC,PAIRED,0.0,0.0,ILLUMINA,Illumina NovaSeq 6000,ERP139874,PRJEB55007,,862850.0,ERS12518450,SAMEA110420375,simple,1773.0,Mycobacterium tuberculosis,SAMEA110420375,,,,,,,no,,,,,"CTB/NICD - SOUTH AFRICA, SOUTH AFRICA",ERA16499594,,public,3AAE792FDE4C9D51778D3EBDF34FF460,1A058ADE88947821AB19A4CFE0A09FA7
SAMEA110420374,ERR9993017,2022-07-27 21:28:43,2022-08-10 14:23:46,2013761.0,608155822.0,2013761.0,302.0,190.0,,https://sra-downloadb.be-md.ncbi.nlm.nih.gov/sos3/sra-pub-zq-22/ERR009/9993/ERR9993017/ERR9993017.lite.1,ERX9533423,"UI00399233. CTB/NICD - South Africa, South Africa. UI00399233. 838",WGS,RANDOM,GENOMIC,PAIRED,0.0,0.0,ILLUMINA,Illumina NovaSeq 6000,ERP139874,PRJEB55007,,862850.0,ERS12518449,SAMEA110420374,simple,1773.0,Mycobacterium tuberculosis,SAMEA110420374,,,,,,,no,,,,,"CTB/NICD - SOUTH AFRICA, SOUTH AFRICA",ERA16499593,,public,CA72E32BC550490229BA47A2CCF9303E,BBD69DA2AB5A8FCA613CBF0BEDD04DF2
SAMEA110420373,ERR9993016,2022-07-27 21:28:43,2022-08-10 14:23:12,2311473.0,698064846.0,2311473.0,302.0,218.0,,https://sra-downloadb.be-md.ncbi.nlm.nih.gov/sos1/sra-pub-zq-38/ERR009/9993/ERR9993016/ERR9993016.lite.1,ERX9533422,"UH01652625. CTB/NICD - South Africa, South Africa. UH01652625. 837",WGS,RANDOM,GENOMIC,PAIRED,0.0,0.0,ILLUMINA,Illumina NovaSeq 6000,ERP139874,PRJEB55007,,862850.0,ERS12518448,SAMEA110420373,simple,1773.0,Mycobacterium tuberculosis,SAMEA110420373,,,,,,,no,,,,,"CTB/NICD - SOUTH AFRICA, SOUTH AFRICA",ERA16499592,,public,AA41D86464A495353773E343418D9448,C1D793844860A1F926DDC21EEAA6B723
SAMEA110420372,ERR9993015,2022-07-27 21:28:43,2022-08-10 14:23:29,2203203.0,665367306.0,2203203.0,302.0,211.0,,https://sra-downloadb.be-md.ncbi.nlm.nih.gov/sos1/sra-pub-zq-38/ERR009/9993/ERR9993015/ERR9993015.lite.1,ERX9533421,"IJ02371970. CTB/NICD - South Africa, South Africa. IJ02371970. 836",WGS,RANDOM,GENOMIC,PAIRED,0.0,0.0,ILLUMINA,Illumina NovaSeq 6000,ERP139874,PRJEB55007,,862850.0,ERS12518447,SAMEA110420372,simple,1773.0,Mycobacterium tuberculosis,SAMEA110420372,,,,,,,no,,,,,"CTB/NICD - SOUTH AFRICA, SOUTH AFRICA",ERA16499591,,public,60DDF9FCB5EA709F36E6214A08F29DCB,59500E7B7FE5B93E1864238B586DF420
SAMEA110420371,ERR9993014,2022-07-27 21:28:43,2022-08-10 14:27:00,11587817.0,3499520734.0,11587817.0,302.0,1082.0,,https://sra-downloadb.be-md.ncbi.nlm.nih.gov/sos3/sra-pub-zq-22/ERR009/9993/ERR9993014/ERR9993014.lite.1,ERX9533420,"JE02548455. CTB/NICD - South Africa, South Africa. JE02548455. 835",WGS,RANDOM,GENOMIC,PAIRED,0.0,0.0,ILLUMINA,Illumina NovaSeq 6000,ERP139874,PRJEB55007,,862850.0,ERS12518446,SAMEA110420371,simple,1773.0,Mycobacterium tuberculosis,SAMEA110420371,,,,,,,no,,,,,"CTB/NICD - SOUTH AFRICA, SOUTH AFRICA",ERA16499590,,public,722B668EC2CE09B3B35C4F4BF1EA0D64,F6B24594B081D9D1661BAEC086FD5672
SAMEA110420370,ERR9993013,2022-07-27 21:28:43,2022-08-10 14:23:11,2133732.0,644387064.0,2133732.0,302.0,200.0,,https://sra-downloadb.be-md.ncbi.nlm.nih.gov/sos1/sra-pub-zq-38/ERR009/9993/ERR9993013/ERR9993013.lite.1,ERX9533419,"XG00725584. CTB/NICD - South Africa, South Africa. XG00725584. 834",WGS,RANDOM,GENOMIC,PAIRED,0.0,0.0,ILLUMINA,Illumina NovaSeq 6000,ERP139874,PRJEB55007,,862850.0,ERS12518445,SAMEA110420370,simple,1773.0,Mycobacterium tuberculosis,SAMEA110420370,,,,,,,no,,,,,"CTB/NICD - SOUTH AFRICA, SOUTH AFRICA",ERA16499589,,public,309923C28C383A42C4B609A2B9CA7F84,55C995C9ACE9F83BA2AD17CB4BE4216E
SAMEA110420369,ERR9993012,2022-07-27 21:28:43,2022-08-10 14:23:48,2644787.0,798725674.0,2644787.0,302.0,247.0,,https://sra-downloadb.be-md.ncbi.nlm.nih.gov/sos4/sra-pub-zq-1/ERR009/9993/ERR9993012/ERR9993012.lite.1,ERX9533418,"PS01351119. CTB/NICD - South Africa, South Africa. PS01351119. 833",WGS,RANDOM,GENOMIC,PAIRED,0.0,0.0,ILLUMINA,Illumina NovaSeq 6000,ERP139874,PRJEB55007,,862850.0,ERS12518444,SAMEA110420369,simple,1773.0,Mycobacterium tuberculosis,SAMEA110420369,,,,,,,no,,,,,"CTB/NICD - SOUTH AFRICA, SOUTH AFRICA",ERA16499588,,public,9344A2E56BD4742F06AA999125E51E68,08AB35D352739F59D4ACD0494820ACD9
SAMEA110420368,ERR9993011,2022-07-27 21:28:43,2022-08-10 14:23:45,2244958.0,677977316.0,2244958.0,302.0,211.0,,https://sra-downloadb.be-md.ncbi.nlm.nih.gov/sos3/sra-pub-zq-24/ERR009/9993/ERR9993011/ERR9993011.lite.1,ERX9533417,"BC01854479. CTB/NICD - South Africa, South Africa. BC01854479. 832",WGS,RANDOM,GENOMIC,PAIRED,0.0,0.0,ILLUMINA,Illumina NovaSeq 6000,ERP139874,PRJEB55007,,862850.0,ERS12518443,SAMEA110420368,simple,1773.0,Mycobacterium tuberculosis,SAMEA110420368,,,,,,,no,,,,,"CTB/NICD - SOUTH AFRICA, SOUTH AFRICA",ERA16499587,,public,B6D249A0D43E315D44F121063F90CF9F,B4C6A05E796F8D2A6DDDEDBF3B3886B4
SAMEA110420367,ERR9993010,2022-07-27 21:28:43,2022-08-10 14:23:17,2405006.0,726311812.0,2405006.0,302.0,224.0,,https://sra-downloadb.be-md.ncbi.nlm.nih.gov/sos4/sra-pub-zq-1/ERR009/9993/ERR9993010/ERR9993010.lite.1,ERX9533416,"TJ00250812. CTB/NICD - South Africa, South Africa. TJ00250812. 831",WGS,RANDOM,GENOMIC,PAIRED,0.0,0.0,ILLUMINA,Illumina NovaSeq 6000,ERP139874,PRJEB55007,,862850.0,ERS12518442,SAMEA110420367,simple,1773.0,Mycobacterium tuberculosis,SAMEA110420367,,,,,,,no,,,,,"CTB/NICD - SOUTH AFRICA, SOUTH AFRICA",ERA16499586,,public,F939D3DBC1662850A736918BF60B7557,4BEEFE508718787E9DC80D5ECB09703A
SAMEA110420366,ERR9993009,2022-07-27 21:28:43,2022-08-10 14:23:24,2096194.0,633050588.0,2096194.0,302.0,199.0,,https://sra-downloadb.be-md.ncbi.nlm.nih.gov/sos1/sra-pub-zq-38/ERR009/9993/ERR9993009/ERR9993009.lite.1,ERX9533415,"XD03586408. CTB/NICD - South Africa, South Africa. XD03586408. 830",WGS,RANDOM,GENOMIC,PAIRED,0.0,0.0,ILLUMINA,Illumina NovaSeq 6000,ERP139874,PRJEB55007,,862850.0,ERS12518441,SAMEA110420366,simple,1773.0,Mycobacterium tuberculosis,SAMEA110420366,,,,,,,no,,,,,"CTB/NICD - SOUTH AFRICA, SOUTH AFRICA",ERA16499585,,public,10531D7575EC1DD09AFB9E290383C5CA,9A252A092684C3008452B7F33F5BEC39
SAMEA110420365,ERR9993008,2022-07-27 21:28:43,2022-08-10 14:23:48,2332979.0,704559658.0,2332979.0,302.0,217.0,,https://sra-downloadb.be-md.ncbi.nlm.nih.gov/sos3/sra-pub-zq-24/ERR009/9993/ERR9993008/ERR9993008.lite.1,ERX9533414,"XD03553029. CTB/NICD - South Africa, South Africa. XD03553029. 829",WGS,RANDOM,GENOMIC,PAIRED,0.0,0.0,ILLUMINA,Illumina NovaSeq 6000,ERP139874,PRJEB55007,,862850.0,ERS12518440,SAMEA110420365,simple,1773.0,Mycobacterium tuberculosis,SAMEA110420365,,,,,,,no,,,,,"CTB/NICD - SOUTH AFRICA, SOUTH AFRICA",ERA16499584,,public,46512A64BBA3C768BEA8C20559989DB0,68131CC9F26F9E1D945A64E0A18F437D
SAMEA110420364,ERR9993007,2022-07-27 21:28:43,2022-08-10 14:23:57,2124001.0,641448302.0,2124001.0,302.0,199.0,,https://sra-downloadb.be-md.ncbi.nlm.nih.gov/sos3/sra-pub-zq-22/ERR009/9993/ERR9993007/ERR9993007.lite.1,ERX9533413,"XD03504820. CTB/NICD - South Africa, South Africa. XD03504820. 828",WGS,RANDOM,GENOMIC,PAIRED,0.0,0.0,ILLUMINA,Illumina NovaSeq 6000,ERP139874,PRJEB55007,,862850.0,ERS12518439,SAMEA110420364,simple,1773.0,Mycobacterium tuberculosis,SAMEA110420364,,,,,,,no,,,,,"CTB/NICD - SOUTH AFRICA, SOUTH AFRICA",ERA16499583,,public,9D9BA8829184884811D17DDF3241AF44,E5DF3FB669B9B9FD707494E2DD1D62C9
SAMEA110420363,ERR9993006,2022-07-27 21:28:43,2022-08-10 14:23:55,2571489.0,776589678.0,2571489.0,302.0,241.0,,https://sra-downloadb.be-md.ncbi.nlm.nih.gov/sos3/sra-pub-zq-24/ERR009/9993/ERR9993006/ERR9993006.lite.1,ERX9533412,"UH01668169. CTB/NICD - South Africa, South Africa. UH01668169. 827",WGS,RANDOM,GENOMIC,PAIRED,0.0,0.0,ILLUMINA,Illumina NovaSeq 6000,ERP139874,PRJEB55007,,862850.0,ERS12518438,SAMEA110420363,simple,1773.0,Mycobacterium tuberculosis,SAMEA110420363,,,,,,,no,,,,,"CTB/NICD - SOUTH AFRICA, SOUTH AFRICA",ERA16499582,,public,1C9174DC79092DC94D3E96F5CA3F19AC,353F72DD04DD52A6B69DCBF98702C577
SAMEA110420362,ERR9993005,2022-07-27 21:28:43,2022-08-10 14:24:06,2841819.0,858229338.0,2841819.0,302.0,264.0,,https://sra-downloadb.be-md.ncbi.nlm.nih.gov/sos4/sra-pub-zq-1/ERR009/9993/ERR9993005/ERR9993005.lite.1,ERX9533411,"UH01661236. CTB/NICD - South Africa, South Africa. UH01661236. 826",WGS,RANDOM,GENOMIC,PAIRED,0.0,0.0,ILLUMINA,Illumina NovaSeq 6000,ERP139874,PRJEB55007,,862850.0,ERS12518437,SAMEA110420362,simple,1773.0,Mycobacterium tuberculosis,SAMEA110420362,,,,,,,no,,,,,"CTB/NICD - SOUTH AFRICA, SOUTH AFRICA",ERA16499581,,public,38F1C41FBDECA8B4E57F518DD5A19983,CB1E81C449FBBB630590FF72659DFAA1
SAMEA110420361,ERR9993004,2022-07-27 21:28:43,2022-08-10 14:23:32,2679645.0,809252790.0,2679645.0,302.0,249.0,,https://sra-downloadb.be-md.ncbi.nlm.nih.gov/sos1/sra-pub-zq-38/ERR009/9993/ERR9993004/ERR9993004.lite.1,ERX9533410,"TC00886784. CTB/NICD - South Africa, South Africa. TC00886784. 825",WGS,RANDOM,GENOMIC,PAIRED,0.0,0.0,ILLUMINA,Illumina NovaSeq 6000,ERP139874,PRJEB55007,,862850.0,ERS12518436,SAMEA110420361,simple,1773.0,Mycobacterium tuberculosis,SAMEA110420361,,,,,,,no,,,,,"CTB/NICD - SOUTH AFRICA, SOUTH AFRICA",ERA16499580,,public,3E6D61FF7EF915B827D88D649774DC2C,FA8EA8DBF5BB5292755C67FB23E85A63
SAMEA110420360,ERR9993003,2022-07-27 21:28:43,2022-08-10 14:24:07,2193289.0,662373278.0,2193289.0,302.0,205.0,,https://sra-downloadb.be-md.ncbi.nlm.nih.gov/sos1/sra-pub-zq-38/ERR009/9993/ERR9993003/ERR9993003.lite.1,ERX9533409,"UH01646295. CTB/NICD - South Africa, South Africa. UH01646295. 824",WGS,RANDOM,GENOMIC,PAIRED,0.0,0.0,ILLUMINA,Illumina NovaSeq 6000,ERP139874,PRJEB55007,,862850.0,ERS12518435,SAMEA110420360,simple,1773.0,Mycobacterium tuberculosis,SAMEA110420360,,,,,,,no,,,,,"CTB/NICD - SOUTH AFRICA, SOUTH AFRICA",ERA16499579,,public,0CF6CB06D291AA73D95BADA501FA8401,A981AD201AE9C055D40ADADC8B9A4BA2
SAMEA110420359,ERR9993002,2022-07-27 21:28:43,2022-08-10 14:23:30,2244725.0,677906950.0,2244725.0,302.0,211.0,,https://sra-downloadb.be-md.ncbi.nlm.nih.gov/sos1/sra-pub-zq-38/ERR009/9993/ERR9993002/ERR9993002.lite.1,ERX9533408,"JE02580073. CTB/NICD - South Africa, South Africa. JE02580073. 823",WGS,RANDOM,GENOMIC,PAIRED,0.0,0.0,ILLUMINA,Illumina NovaSeq 6000,ERP139874,PRJEB55007,,862850.0,ERS12518434,SAMEA110420359,simple,1773.0,Mycobacterium tuberculosis,SAMEA110420359,,,,,,,no,,,,,"CTB/NICD - SOUTH AFRICA, SOUTH AFRICA",ERA16499578,,public,7FC2873B140D4471F6B0B1A7DD0307A8,D84B9C43488D21E4BE40CE79B899FF02
SAMEA110420358,ERR9993001,2022-07-27 21:28:43,2022-08-10 14:23:31,2370483.0,715885866.0,2370483.0,302.0,222.0,,https://sra-downloadb.be-md.ncbi.nlm.nih.gov/sos3/sra-pub-zq-24/ERR009/9993/ERR9993001/ERR9993001.lite.1,ERX9533407,"LA01174115. CTB/NICD - South Africa, South Africa. LA01174115. 822",WGS,RANDOM,GENOMIC,PAIRED,0.0,0.0,ILLUMINA,Illumina NovaSeq 6000,ERP139874,PRJEB55007,,862850.0,ERS12518433,SAMEA110420358,simple,1773.0,Mycobacterium tuberculosis,SAMEA110420358,,,,,,,no,,,,,"CTB/NICD - SOUTH AFRICA, SOUTH AFRICA",ERA16499577,,public,5A8C38727DAF904E61386FC15CC314A5,1883EEABEDD555E8386BFACED6510D30
SAMEA110420357,ERR9993000,2022-07-27 21:28:43,2022-08-10 14:23:58,2583234.0,780136668.0,2583234.0,302.0,242.0,,https://sra-downloadb.be-md.ncbi.nlm.nih.gov/sos3/sra-pub-zq-22/ERR009/9993/ERR9993000/ERR9993000.lite.1,ERX9533406,"JE02469060. CTB/NICD - South Africa, South Africa. JE02469060. 821",WGS,RANDOM,GENOMIC,PAIRED,0.0,0.0,ILLUMINA,Illumina NovaSeq 6000,ERP139874,PRJEB55007,,862850.0,ERS12518432,SAMEA110420357,simple,1773.0,Mycobacterium tuberculosis,SAMEA110420357,,,,,,,no,,,,,"CTB/NICD - SOUTH AFRICA, SOUTH AFRICA",ERA16499576,,public,2533812ABAFB5CAB69DB331CD791F02C,08E9ACD509AD2180691EDCCE5846CCDD
SAMEA110420356,ERR9992999,2022-07-27 21:28:43,2022-08-10 14:23:10,1837311.0,554867922.0,1837311.0,302.0,174.0,,https://sra-downloadb.be-md.ncbi.nlm.nih.gov/sos1/sra-pub-zq-38/ERR009/9992/ERR9992999/ERR9992999.lite.1,ERX9533405,"BC01876670. CTB/NICD - South Africa, South Africa. BC01876670. 820",WGS,RANDOM,GENOMIC,PAIRED,0.0,0.0,ILLUMINA,Illumina NovaSeq 6000,ERP139874,PRJEB55007,,862850.0,ERS12518431,SAMEA110420356,simple,1773.0,Mycobacterium tuberculosis,SAMEA110420356,,,,,,,no,,,,,"CTB/NICD - SOUTH AFRICA, SOUTH AFRICA",ERA16499575,,public,8E7F8C27BB165898A4F6CC9FC8C0707A,A81D1BAC20735F73D8C8A391654BED2B
SAMEA110420355,ERR9992998,2022-07-27 21:28:43,2022-08-10 14:24:20,2952184.0,891559568.0,2952184.0,302.0,280.0,,https://sra-downloadb.be-md.ncbi.nlm.nih.gov/sos2/sra-pub-zq-20/ERR009/9992/ERR9992998/ERR9992998.lite.1,ERX9533404,"XD03382933. CTB/NICD - South Africa, South Africa. XD03382933. 819",WGS,RANDOM,GENOMIC,PAIRED,0.0,0.0,ILLUMINA,Illumina NovaSeq 6000,ERP139874,PRJEB55007,,862850.0,ERS12518430,SAMEA110420355,simple,1773.0,Mycobacterium tuberculosis,SAMEA110420355,,,,,,,no,,,,,"CTB/NICD - SOUTH AFRICA, SOUTH AFRICA",ERA16499574,,public,631AD254E9DD5D080CEF58310F4C6B90,6289967B1067CD144F68D6CAB5B1F428
SAMEA110420354,ERR9992997,2022-07-27 21:28:43,2022-08-10 14:23:00,2102484.0,634950168.0,2102484.0,302.0,198.0,,https://sra-downloadb.be-md.ncbi.nlm.nih.gov/sos3/sra-pub-zq-22/ERR009/9992/ERR9992997/ERR9992997.lite.1,ERX9533403,"UH01636294. CTB/NICD - South Africa, South Africa. UH01636294. 817",WGS,RANDOM,GENOMIC,PAIRED,0.0,0.0,ILLUMINA,Illumina NovaSeq 6000,ERP139874,PRJEB55007,,862850.0,ERS12518429,SAMEA110420354,simple,1773.0,Mycobacterium tuberculosis,SAMEA110420354,,,,,,,no,,,,,"CTB/NICD - SOUTH AFRICA, SOUTH AFRICA",ERA16499573,,public,39106ACE0C76E43138A40288D95DA7F6,55413C9A8A16A002D56285D284E5D60C
SAMEA110420353,ERR9992996,2022-07-27 21:28:43,2022-08-10 14:23:33,2250737.0,679722574.0,2250737.0,302.0,213.0,,https://sra-downloadb.be-md.ncbi.nlm.nih.gov/sos3/sra-pub-zq-24/ERR009/9992/ERR9992996/ERR9992996.lite.1,ERX9533402,"UH01640370. CTB/NICD - South Africa, South Africa. UH01640370. 816",WGS,RANDOM,GENOMIC,PAIRED,0.0,0.0,ILLUMINA,Illumina NovaSeq 6000,ERP139874,PRJEB55007,,862850.0,ERS12518428,SAMEA110420353,simple,1773.0,Mycobacterium tuberculosis,SAMEA110420353,,,,,,,no,,,,,"CTB/NICD - SOUTH AFRICA, SOUTH AFRICA",ERA16499572,,public,DCE9BB8207D777D85440AA862174C155,1A30B7A7CB38714AE25287611DA82C02
SAMEA110420352,ERR9992995,2022-07-27 21:28:43,2022-08-10 14:23:05,1914941.0,578312182.0,1914941.0,302.0,183.0,,https://sra-downloadb.be-md.ncbi.nlm.nih.gov/sos3/sra-pub-zq-24/ERR009/9992/ERR9992995/ERR9992995.lite.1,ERX9533401,"DB00767769. CTB/NICD - South Africa, South Africa. DB00767769. 815",WGS,RANDOM,GENOMIC,PAIRED,0.0,0.0,ILLUMINA,Illumina NovaSeq 6000,ERP139874,PRJEB55007,,862850.0,ERS12518427,SAMEA110420352,simple,1773.0,Mycobacterium tuberculosis,SAMEA110420352,,,,,,,no,,,,,"CTB/NICD - SOUTH AFRICA, SOUTH AFRICA",ERA16499571,,public,48F7E3BF0C4C3590114675D46E705426,BCBDE8CECB40703AE7E69D579EEFA352
SAMEA110420351,ERR9992994,2022-07-27 21:28:43,2022-08-10 14:24:17,2192606.0,662167012.0,2192606.0,302.0,203.0,,https://sra-downloadb.be-md.ncbi.nlm.nih.gov/sos3/sra-pub-zq-24/ERR009/9992/ERR9992994/ERR9992994.lite.1,ERX9533400,"UH01638266. CTB/NICD - South Africa, South Africa. UH01638266. 814",WGS,RANDOM,GENOMIC,PAIRED,0.0,0.0,ILLUMINA,Illumina NovaSeq 6000,ERP139874,PRJEB55007,,862850.0,ERS12518426,SAMEA110420351,simple,1773.0,Mycobacterium tuberculosis,SAMEA110420351,,,,,,,no,,,,,"CTB/NICD - SOUTH AFRICA, SOUTH AFRICA",ERA16499570,,public,0C2E9C49BDFECC9585314B27F0ED5CAF,19050F437C8E3B60347DCC83C089BF7E
SAMEA110420350,ERR9992993,2022-07-27 21:28:43,2022-08-10 14:23:26,2220453.0,670576806.0,2220453.0,302.0,206.0,,https://sra-downloadb.be-md.ncbi.nlm.nih.gov/sos2/sra-pub-zq-20/ERR009/9992/ERR9992993/ERR9992993.lite.1,ERX9533399,"BC01914172. CTB/NICD - South Africa, South Africa. BC01914172. 813",WGS,RANDOM,GENOMIC,PAIRED,0.0,0.0,ILLUMINA,Illumina NovaSeq 6000,ERP139874,PRJEB55007,,862850.0,ERS12518425,SAMEA110420350,simple,1773.0,Mycobacterium tuberculosis,SAMEA110420350,,,,,,,no,,,,,"CTB/NICD - SOUTH AFRICA, SOUTH AFRICA",ERA16499569,,public,59865F79BC90E9D0A7652C95037D9AF6,3905542089BE277DA1CF1F0D46E5EE2F
SAMEA110420349,ERR9992992,2022-07-27 21:28:43,2022-08-10 14:23:05,1894884.0,572254968.0,1894884.0,302.0,180.0,,https://sra-downloadb.be-md.ncbi.nlm.nih.gov/sos1/sra-pub-zq-38/ERR009/9992/ERR9992992/ERR9992992.lite.1,ERX9533398,"BC01883395. CTB/NICD - South Africa, South Africa. BC01883395. 812",WGS,RANDOM,GENOMIC,PAIRED,0.0,0.0,ILLUMINA,Illumina NovaSeq 6000,ERP139874,PRJEB55007,,862850.0,ERS12518424,SAMEA110420349,simple,1773.0,Mycobacterium tuberculosis,SAMEA110420349,,,,,,,no,,,,,"CTB/NICD - SOUTH AFRICA, SOUTH AFRICA",ERA16499568,,public,2F263CEBD5FD630FB509F8E8CCF5E7B7,875BC94B22A766F7BA69BD47D95B23FB
SAMEA110420348,ERR9992991,2022-07-27 21:28:43,2022-08-10 14:23:26,2498855.0,754654210.0,2498855.0,302.0,234.0,,https://sra-downloadb.be-md.ncbi.nlm.nih.gov/sos1/sra-pub-zq-38/ERR009/9992/ERR9992991/ERR9992991.lite.1,ERX9533397,"XD03423902. CTB/NICD - South Africa, South Africa. XD03423902. 811",WGS,RANDOM,GENOMIC,PAIRED,0.0,0.0,ILLUMINA,Illumina NovaSeq 6000,ERP139874,PRJEB55007,,862850.0,ERS12518423,SAMEA110420348,simple,1773.0,Mycobacterium tuberculosis,SAMEA110420348,,,,,,,no,,,,,"CTB/NICD - SOUTH AFRICA, SOUTH AFRICA",ERA16499567,,public,9192923B871D160CE2666BF7BA0267C5,E9D8C3BE051C77B8868E031569B96042
SAMEA110420347,ERR9992990,2022-07-27 21:28:43,2022-08-10 14:23:00,2251322.0,679899244.0,2251322.0,302.0,214.0,,https://sra-downloadb.be-md.ncbi.nlm.nih.gov/sos2/sra-pub-zq-20/ERR009/9992/ERR9992990/ERR9992990.lite.1,ERX9533396,"XD03466167. CTB/NICD - South Africa, South Africa. XD03466167. 810",WGS,RANDOM,GENOMIC,PAIRED,0.0,0.0,ILLUMINA,Illumina NovaSeq 6000,ERP139874,PRJEB55007,,862850.0,ERS12518422,SAMEA110420347,simple,1773.0,Mycobacterium tuberculosis,SAMEA110420347,,,,,,,no,,,,,"CTB/NICD - SOUTH AFRICA, SOUTH AFRICA",ERA16499566,,public,A1E0AA17D35B0FA8719994E239E32BB4,215F1C2839501C1D9ABACC609BDC8952
SAMEA110420346,ERR9992989,2022-07-27 21:28:43,2022-08-10 14:22:59,2110137.0,637261374.0,2110137.0,302.0,198.0,,https://sra-downloadb.be-md.ncbi.nlm.nih.gov/sos2/sra-pub-zq-20/ERR009/9992/ERR9992989/ERR9992989.lite.1,ERX9533395,"KA00473613. CTB/NICD - South Africa, South Africa. KA00473613. 809",WGS,RANDOM,GENOMIC,PAIRED,0.0,0.0,ILLUMINA,Illumina NovaSeq 6000,ERP139874,PRJEB55007,,862850.0,ERS12518421,SAMEA110420346,simple,1773.0,Mycobacterium tuberculosis,SAMEA110420346,,,,,,,no,,,,,"CTB/NICD - SOUTH AFRICA, SOUTH AFRICA",ERA16499565,,public,C661C4A96C107DCFE55B2668A49B9E6A,4B42D84ADC1093E1C59CFE5736D4DAF6
SAMEA110420345,ERR9992988,2022-07-27 21:28:43,2022-08-10 14:23:29,2267201.0,684694702.0,2267201.0,302.0,215.0,,https://sra-downloadb.be-md.ncbi.nlm.nih.gov/sos3/sra-pub-zq-22/ERR009/9992/ERR9992988/ERR9992988.lite.1,ERX9533394,"XD03411395. CTB/NICD - South Africa, South Africa. XD03411395. 808",WGS,RANDOM,GENOMIC,PAIRED,0.0,0.0,ILLUMINA,Illumina NovaSeq 6000,ERP139874,PRJEB55007,,862850.0,ERS12518420,SAMEA110420345,simple,1773.0,Mycobacterium tuberculosis,SAMEA110420345,,,,,,,no,,,,,"CTB/NICD - SOUTH AFRICA, SOUTH AFRICA",ERA16499564,,public,1E4FA54F8A50605D33E9B41316612713,0B46B596251A708D3D4D3B8CA2CBC45B
SAMEA110420344,ERR9992987,2022-07-27 21:28:43,2022-08-10 14:23:25,2123976.0,641440752.0,2123976.0,302.0,201.0,,https://sra-downloadb.be-md.ncbi.nlm.nih.gov/sos1/sra-pub-zq-38/ERR009/9992/ERR9992987/ERR9992987.lite.1,ERX9533393,"LA01102863. CTB/NICD - South Africa, South Africa. LA01102863. 807",WGS,RANDOM,GENOMIC,PAIRED,0.0,0.0,ILLUMINA,Illumina NovaSeq 6000,ERP139874,PRJEB55007,,862850.0,ERS12518419,SAMEA110420344,simple,1773.0,Mycobacterium tuberculosis,SAMEA110420344,,,,,,,no,,,,,"CTB/NICD - SOUTH AFRICA, SOUTH AFRICA",ERA16499563,,public,FF6E66014D1F81338ABF525D8B287CAA,70953D81BCEEC6B33ED7A853F08A436C
SAMEA110420343,ERR9992986,2022-07-27 21:28:43,2022-08-10 14:23:14,2161885.0,652889270.0,2161885.0,302.0,203.0,,https://sra-downloadb.be-md.ncbi.nlm.nih.gov/sos3/sra-pub-zq-22/ERR009/9992/ERR9992986/ERR9992986.lite.1,ERX9533392,"MG04845547. CTB/NICD - South Africa, South Africa. MG04845547. 805",WGS,RANDOM,GENOMIC,PAIRED,0.0,0.0,ILLUMINA,Illumina NovaSeq 6000,ERP139874,PRJEB55007,,862850.0,ERS12518418,SAMEA110420343,simple,1773.0,Mycobacterium tuberculosis,SAMEA110420343,,,,,,,no,,,,,"CTB/NICD - SOUTH AFRICA, SOUTH AFRICA",ERA16499562,,public,F5347084A811236E1C26169971B74677,CF38531C70865B7311BE757A8A2656F7
SAMEA110420342,ERR9992985,2022-07-27 21:28:43,2022-08-10 14:22:59,2319114.0,700372428.0,2319114.0,302.0,218.0,,https://sra-downloadb.be-md.ncbi.nlm.nih.gov/sos3/sra-pub-zq-22/ERR009/9992/ERR9992985/ERR9992985.lite.1,ERX9533391,"JE02500716. CTB/NICD - South Africa, South Africa. JE02500716. 804",WGS,RANDOM,GENOMIC,PAIRED,0.0,0.0,ILLUMINA,Illumina NovaSeq 6000,ERP139874,PRJEB55007,,862850.0,ERS12518417,SAMEA110420342,simple,1773.0,Mycobacterium tuberculosis,SAMEA110420342,,,,,,,no,,,,,"CTB/NICD - SOUTH AFRICA, SOUTH AFRICA",ERA16499561,,public,37B8CE6184B012443466AFA786D97FA1,D18EA514BC48C58E7BE49AC040BD7998
SAMEA110420341,ERR9992984,2022-07-27 21:28:43,2022-08-10 14:22:56,2195669.0,663092038.0,2195669.0,302.0,209.0,,https://sra-downloadb.be-md.ncbi.nlm.nih.gov/sos1/sra-pub-zq-38/ERR009/9992/ERR9992984/ERR9992984.lite.1,ERX9533390,"JE02494780. CTB/NICD - South Africa, South Africa. JE02494780. 803",WGS,RANDOM,GENOMIC,PAIRED,0.0,0.0,ILLUMINA,Illumina NovaSeq 6000,ERP139874,PRJEB55007,,862850.0,ERS12518416,SAMEA110420341,simple,1773.0,Mycobacterium tuberculosis,SAMEA110420341,,,,,,,no,,,,,"CTB/NICD - SOUTH AFRICA, SOUTH AFRICA",ERA16499560,,public,D73A1F1D92F5EC9F494F1FC1EC76039A,B7ABD9A63D5EC2D807114E9A4574C004
SAMEA110420340,ERR9992983,2022-07-27 21:28:43,2022-08-10 14:23:26,2486707.0,750985514.0,2486707.0,302.0,235.0,,https://sra-downloadb.be-md.ncbi.nlm.nih.gov/sos3/sra-pub-zq-24/ERR009/9992/ERR9992983/ERR9992983.lite.1,ERX9533389,"BC01711238. CTB/NICD - South Africa, South Africa. BC01711238. 801",WGS,RANDOM,GENOMIC,PAIRED,0.0,0.0,ILLUMINA,Illumina NovaSeq 6000,ERP139874,PRJEB55007,,862850.0,ERS12518415,SAMEA110420340,simple,1773.0,Mycobacterium tuberculosis,SAMEA110420340,,,,,,,no,,,,,"CTB/NICD - SOUTH AFRICA, SOUTH AFRICA",ERA16499559,,public,B4C618F8206DF08124447DE88FC5BCF0,E48EBEDAC3F8F98D39E4B2F72665A747
SAMEA110420339,ERR9992982,2022-07-27 21:28:43,2022-08-10 14:23:13,2111022.0,637528644.0,2111022.0,302.0,205.0,,https://sra-downloadb.be-md.ncbi.nlm.nih.gov/sos4/sra-pub-zq-1/ERR009/9992/ERR9992982/ERR9992982.lite.1,ERX9533388,"XD03358268. CTB/NICD - South Africa, South Africa. XD03358268. 800",WGS,RANDOM,GENOMIC,PAIRED,0.0,0.0,ILLUMINA,Illumina NovaSeq 6000,ERP139874,PRJEB55007,,862850.0,ERS12518414,SAMEA110420339,simple,1773.0,Mycobacterium tuberculosis,SAMEA110420339,,,,,,,no,,,,,"CTB/NICD - SOUTH AFRICA, SOUTH AFRICA",ERA16499558,,public,0104FCB4406A9BB862627F50E9BB377B,AB3A96A749CE23E39F824DD90BAAD682
SAMEA110420338,ERR9992981,2022-07-27 21:28:42,2022-08-10 14:23:06,2096859.0,633251418.0,2096859.0,302.0,195.0,,https://sra-downloadb.be-md.ncbi.nlm.nih.gov/sos3/sra-pub-zq-22/ERR009/9992/ERR9992981/ERR9992981.lite.1,ERX9533387,"XD03378485. CTB/NICD - South Africa, South Africa. XD03378485. 799",WGS,RANDOM,GENOMIC,PAIRED,0.0,0.0,ILLUMINA,Illumina NovaSeq 6000,ERP139874,PRJEB55007,,862850.0,ERS12518413,SAMEA110420338,simple,1773.0,Mycobacterium tuberculosis,SAMEA110420338,,,,,,,no,,,,,"CTB/NICD - SOUTH AFRICA, SOUTH AFRICA",ERA16499557,,public,775527645CC9CD1CE66EFDAA4523CD69,BF77E75BAF543CA177D01380D8A0EB27
SAMEA110420337,ERR9992980,2022-07-27 21:28:42,2022-08-10 14:22:58,1932323.0,583561546.0,1932323.0,302.0,184.0,,https://sra-downloadb.be-md.ncbi.nlm.nih.gov/sos4/sra-pub-zq-1/ERR009/9992/ERR9992980/ERR9992980.lite.1,ERX9533386,"XD03377431. CTB/NICD - South Africa, South Africa. XD03377431. 798",WGS,RANDOM,GENOMIC,PAIRED,0.0,0.0,ILLUMINA,Illumina NovaSeq 6000,ERP139874,PRJEB55007,,862850.0,ERS12518412,SAMEA110420337,simple,1773.0,Mycobacterium tuberculosis,SAMEA110420337,,,,,,,no,,,,,"CTB/NICD - SOUTH AFRICA, SOUTH AFRICA",ERA16499556,,public,12C8231680E4AB24F9BAF677ECF86C89,0AE24DF1B59D21FA4793FD9535CC0C6B
SAMEA110420336,ERR9992979,2022-07-27 21:28:42,2022-08-10 14:22:54,2196461.0,663331222.0,2196461.0,302.0,206.0,,https://sra-downloadb.be-md.ncbi.nlm.nih.gov/sos2/sra-pub-zq-20/ERR009/9992/ERR9992979/ERR9992979.lite.1,ERX9533385,"XG00679995. CTB/NICD - South Africa, South Africa. XG00679995. 797",WGS,RANDOM,GENOMIC,PAIRED,0.0,0.0,ILLUMINA,Illumina NovaSeq 6000,ERP139874,PRJEB55007,,862850.0,ERS12518411,SAMEA110420336,simple,1773.0,Mycobacterium tuberculosis,SAMEA110420336,,,,,,,no,,,,,"CTB/NICD - SOUTH AFRICA, SOUTH AFRICA",ERA16499555,,public,152CC60468BDB94416630BFE1766EBEB,68AF5DC411129F454734B84865187AD7
SAMEA110420335,ERR9992978,2022-07-27 21:28:42,2022-08-10 14:23:16,2001921.0,604580142.0,2001921.0,302.0,188.0,,https://sra-downloadb.be-md.ncbi.nlm.nih.gov/sos3/sra-pub-zq-22/ERR009/9992/ERR9992978/ERR9992978.lite.1,ERX9533384,"XD03349163. CTB/NICD - South Africa, South Africa. XD03349163. 796",WGS,RANDOM,GENOMIC,PAIRED,0.0,0.0,ILLUMINA,Illumina NovaSeq 6000,ERP139874,PRJEB55007,,862850.0,ERS12518410,SAMEA110420335,simple,1773.0,Mycobacterium tuberculosis,SAMEA110420335,,,,,,,no,,,,,"CTB/NICD - SOUTH AFRICA, SOUTH AFRICA",ERA16499554,,public,C2052DCAC289DBA1FBC0A5A7A76969D4,6038D769320E2D12A22C3E8D28026714
SAMEA110420334,ERR9992977,2022-07-27 21:28:42,2022-08-10 14:22:40,2152610.0,650088220.0,2152610.0,302.0,204.0,,https://sra-downloadb.be-md.ncbi.nlm.nih.gov/sos3/sra-pub-zq-24/ERR009/9992/ERR9992977/ERR9992977.lite.1,ERX9533383,"UH01603208. CTB/NICD - South Africa, South Africa. UH01603208. 795",WGS,RANDOM,GENOMIC,PAIRED,0.0,0.0,ILLUMINA,Illumina NovaSeq 6000,ERP139874,PRJEB55007,,862850.0,ERS12518409,SAMEA110420334,simple,1773.0,Mycobacterium tuberculosis,SAMEA110420334,,,,,,,no,,,,,"CTB/NICD - SOUTH AFRICA, SOUTH AFRICA",ERA16499553,,public,1473C50120D762AE989B5EC204A066E7,4732D4D85FDF854A48EEBB3EA36A2966
SAMEA110420333,ERR9992976,2022-07-27 21:28:42,2022-08-10 14:23:16,2425040.0,732362080.0,2425040.0,302.0,229.0,,https://sra-downloadb.be-md.ncbi.nlm.nih.gov/sos3/sra-pub-zq-22/ERR009/9992/ERR9992976/ERR9992976.lite.1,ERX9533382,"ND00520098. CTB/NICD - South Africa, South Africa. ND00520098. 794",WGS,RANDOM,GENOMIC,PAIRED,0.0,0.0,ILLUMINA,Illumina NovaSeq 6000,ERP139874,PRJEB55007,,862850.0,ERS12518408,SAMEA110420333,simple,1773.0,Mycobacterium tuberculosis,SAMEA110420333,,,,,,,no,,,,,"CTB/NICD - SOUTH AFRICA, SOUTH AFRICA",ERA16499552,,public,2C2557ACB9377DA23519C7DE90FD3EF4,4AE6AF29959418F0ED173302AFF9F05E
SAMEA110420332,ERR9992975,2022-07-27 21:28:42,2022-08-10 14:22:53,2175447.0,656984994.0,2175447.0,302.0,206.0,,https://sra-downloadb.be-md.ncbi.nlm.nih.gov/sos4/sra-pub-zq-1/ERR009/9992/ERR9992975/ERR9992975.lite.1,ERX9533381,"XD03336556. CTB/NICD - South Africa, South Africa. XD03336556. 793",WGS,RANDOM,GENOMIC,PAIRED,0.0,0.0,ILLUMINA,Illumina NovaSeq 6000,ERP139874,PRJEB55007,,862850.0,ERS12518407,SAMEA110420332,simple,1773.0,Mycobacterium tuberculosis,SAMEA110420332,,,,,,,no,,,,,"CTB/NICD - SOUTH AFRICA, SOUTH AFRICA",ERA16499551,,public,823CAEA93E2690B383AD8556AB10243A,A126E7F5EDAF94F7C3BD234ED33E81C4
SAMEA110420331,ERR9992974,2022-07-27 21:28:42,2022-08-10 14:23:02,2186592.0,660350784.0,2186592.0,302.0,206.0,,https://sra-downloadb.be-md.ncbi.nlm.nih.gov/sos1/sra-pub-zq-38/ERR009/9992/ERR9992974/ERR9992974.lite.1,ERX9533380,"XD03330086. CTB/NICD - South Africa, South Africa. XD03330086. 792",WGS,RANDOM,GENOMIC,PAIRED,0.0,0.0,ILLUMINA,Illumina NovaSeq 6000,ERP139874,PRJEB55007,,862850.0,ERS12518406,SAMEA110420331,simple,1773.0,Mycobacterium tuberculosis,SAMEA110420331,,,,,,,no,,,,,"CTB/NICD - SOUTH AFRICA, SOUTH AFRICA",ERA16499550,,public,B388B20A4D2AC22E43D543E2F5A33CC4,86C627A447E1AA9C8DE5225CA4772358
SAMEA110420330,ERR9992973,2022-07-27 21:28:42,2022-08-10 14:23:28,2199219.0,664164138.0,2199219.0,302.0,206.0,,https://sra-downloadb.be-md.ncbi.nlm.nih.gov/sos1/sra-pub-zq-38/ERR009/9992/ERR9992973/ERR9992973.lite.1,ERX9533379,"XD03339078. CTB/NICD - South Africa, South Africa. XD03339078. 791",WGS,RANDOM,GENOMIC,PAIRED,0.0,0.0,ILLUMINA,Illumina NovaSeq 6000,ERP139874,PRJEB55007,,862850.0,ERS12518405,SAMEA110420330,simple,1773.0,Mycobacterium tuberculosis,SAMEA110420330,,,,,,,no,,,,,"CTB/NICD - SOUTH AFRICA, SOUTH AFRICA",ERA16499549,,public,C314DB1852D0AC198E8AE568A3129B14,541CC35AB0764D54ABCA5B67CE0AD2B3
SAMEA110420329,ERR9992972,2022-07-27 21:28:42,2022-08-10 14:23:23,1912769.0,577656238.0,1912769.0,302.0,183.0,,https://sra-downloadb.be-md.ncbi.nlm.nih.gov/sos1/sra-pub-zq-38/ERR009/9992/ERR9992972/ERR9992972.lite.1,ERX9533378,"BH02618111. CTB/NICD - South Africa, South Africa. BH02618111. 790",WGS,RANDOM,GENOMIC,PAIRED,0.0,0.0,ILLUMINA,Illumina NovaSeq 6000,ERP139874,PRJEB55007,,862850.0,ERS12518404,SAMEA110420329,simple,1773.0,Mycobacterium tuberculosis,SAMEA110420329,,,,,,,no,,,,,"CTB/NICD - SOUTH AFRICA, SOUTH AFRICA",ERA16499548,,public,E4B76DA67D52288959F91F709BDE1EF3,71743DE199515975340FC34D39D09016
SAMEA110420328,ERR9992971,2022-07-27 21:28:42,2022-08-10 14:22:49,1817170.0,548785340.0,1817170.0,302.0,181.0,,https://sra-downloadb.be-md.ncbi.nlm.nih.gov/sos1/sra-pub-zq-38/ERR009/9992/ERR9992971/ERR9992971.lite.1,ERX9533377,"BH02765479. CTB/NICD - South Africa, South Africa. BH02765479. 789",WGS,RANDOM,GENOMIC,PAIRED,0.0,0.0,ILLUMINA,Illumina NovaSeq 6000,ERP139874,PRJEB55007,,862850.0,ERS12518403,SAMEA110420328,simple,1773.0,Mycobacterium tuberculosis,SAMEA110420328,,,,,,,no,,,,,"CTB/NICD - SOUTH AFRICA, SOUTH AFRICA",ERA16499547,,public,D84CDA19E2D6CF9049424DDB6C8DABCA,77883A5F3E77DB13DDE6FDD74518F0B7
SAMEA110420327,ERR9992970,2022-07-27 21:28:42,2022-08-10 14:22:56,2131168.0,643612736.0,2131168.0,302.0,198.0,,https://sra-downloadb.be-md.ncbi.nlm.nih.gov/sos3/sra-pub-zq-24/ERR009/9992/ERR9992970/ERR9992970.lite.1,ERX9533376,"CC00632645. CTB/NICD - South Africa, South Africa. CC00632645. 788",WGS,RANDOM,GENOMIC,PAIRED,0.0,0.0,ILLUMINA,Illumina NovaSeq 6000,ERP139874,PRJEB55007,,862850.0,ERS12518402,SAMEA110420327,simple,1773.0,Mycobacterium tuberculosis,SAMEA110420327,,,,,,,no,,,,,"CTB/NICD - SOUTH AFRICA, SOUTH AFRICA",ERA16499546,,public,B34354F2B364E2395D6D30CC7D6506EB,7CCEADC9CA9DD88125084B8785446F5B
SAMEA110420326,ERR9992969,2022-07-27 21:28:42,2022-08-10 14:23:01,2198290.0,663883580.0,2198290.0,302.0,204.0,,https://sra-downloadb.be-md.ncbi.nlm.nih.gov/sos3/sra-pub-zq-24/ERR009/9992/ERR9992969/ERR9992969.lite.1,ERX9533375,"JE02382613. CTB/NICD - South Africa, South Africa. JE02382613. 787",WGS,RANDOM,GENOMIC,PAIRED,0.0,0.0,ILLUMINA,Illumina NovaSeq 6000,ERP139874,PRJEB55007,,862850.0,ERS12518401,SAMEA110420326,simple,1773.0,Mycobacterium tuberculosis,SAMEA110420326,,,,,,,no,,,,,"CTB/NICD - SOUTH AFRICA, SOUTH AFRICA",ERA16499545,,public,5B33E8CBFD25A2A5067501CF42EA7BFE,07F3498258DF88C4DF7275F610DA1460
SAMEA110420325,ERR9992968,2022-07-27 21:28:42,2022-08-10 14:22:59,2113663.0,638326226.0,2113663.0,302.0,198.0,,https://sra-downloadb.be-md.ncbi.nlm.nih.gov/sos3/sra-pub-zq-24/ERR009/9992/ERR9992968/ERR9992968.lite.1,ERX9533374,"FA00678316. CTB/NICD - South Africa, South Africa. FA00678316. 786",WGS,RANDOM,GENOMIC,PAIRED,0.0,0.0,ILLUMINA,Illumina NovaSeq 6000,ERP139874,PRJEB55007,,862850.0,ERS12518400,SAMEA110420325,simple,1773.0,Mycobacterium tuberculosis,SAMEA110420325,,,,,,,no,,,,,"CTB/NICD - SOUTH AFRICA, SOUTH AFRICA",ERA16499544,,public,684FC766ACA929CB11F1E9375E43D242,DA35C5D8DAA0DC554133111BBB44C1FC
SAMEA110420323,ERR9992966,2022-07-27 21:28:42,2022-08-10 14:23:00,2089699.0,631089098.0,2089699.0,302.0,196.0,,https://sra-downloadb.be-md.ncbi.nlm.nih.gov/sos3/sra-pub-zq-24/ERR009/9992/ERR9992966/ERR9992966.lite.1,ERX9533372,"YA00154197. CTB/NICD - South Africa, South Africa. YA00154197. 782",WGS,RANDOM,GENOMIC,PAIRED,0.0,0.0,ILLUMINA,Illumina NovaSeq 6000,ERP139874,PRJEB55007,,862850.0,ERS12518398,SAMEA110420323,simple,1773.0,Mycobacterium tuberculosis,SAMEA110420323,,,,,,,no,,,,,"CTB/NICD - SOUTH AFRICA, SOUTH AFRICA",ERA16499542,,public,FD730A27A07E9F76F2E66BA007D23C64,99535D7CF291D357DC28F9DEBACC0088
SAMEA110420322,ERR9992965,2022-07-27 21:28:42,2022-08-10 14:22:48,1989128.0,600716656.0,1989128.0,302.0,188.0,,https://sra-downloadb.be-md.ncbi.nlm.nih.gov/sos3/sra-pub-zq-24/ERR009/9992/ERR9992965/ERR9992965.lite.1,ERX9533371,"YA00144259. CTB/NICD - South Africa, South Africa. YA00144259. 777",WGS,RANDOM,GENOMIC,PAIRED,0.0,0.0,ILLUMINA,Illumina NovaSeq 6000,ERP139874,PRJEB55007,,862850.0,ERS12518397,SAMEA110420322,simple,1773.0,Mycobacterium tuberculosis,SAMEA110420322,,,,,,,no,,,,,"CTB/NICD - SOUTH AFRICA, SOUTH AFRICA",ERA16499541,,public,A1CC2DB59181E3F371C646B12B5450B3,D252124FAB7C3B15B56011DE2CC49483
SAMEA110420321,ERR9992964,2022-07-27 21:28:42,2022-08-10 14:23:12,2060027.0,622128154.0,2060027.0,302.0,195.0,,https://sra-downloadb.be-md.ncbi.nlm.nih.gov/sos1/sra-pub-zq-38/ERR009/9992/ERR9992964/ERR9992964.lite.1,ERX9533370,"PS01036865. CTB/NICD - South Africa, South Africa. PS01036865. 772",WGS,RANDOM,GENOMIC,PAIRED,0.0,0.0,ILLUMINA,Illumina NovaSeq 6000,ERP139874,PRJEB55007,,862850.0,ERS12518396,SAMEA110420321,simple,1773.0,Mycobacterium tuberculosis,SAMEA110420321,,,,,,,no,,,,,"CTB/NICD - SOUTH AFRICA, SOUTH AFRICA",ERA16499540,,public,8B6F0D309712BEDACB15330E390FB5F1,B75CFF46CD0CEED0AF8B7D6FAC2E3718
SAMEA110420320,ERR9992963,2022-07-27 21:28:42,2022-08-10 14:22:54,1997405.0,603216310.0,1997405.0,302.0,187.0,,https://sra-downloadb.be-md.ncbi.nlm.nih.gov/sos4/sra-pub-zq-1/ERR009/9992/ERR9992963/ERR9992963.lite.1,ERX9533369,"YA00137057. CTB/NICD - South Africa, South Africa. YA00137057. 771",WGS,RANDOM,GENOMIC,PAIRED,0.0,0.0,ILLUMINA,Illumina NovaSeq 6000,ERP139874,PRJEB55007,,862850.0,ERS12518395,SAMEA110420320,simple,1773.0,Mycobacterium tuberculosis,SAMEA110420320,,,,,,,no,,,,,"CTB/NICD - SOUTH AFRICA, SOUTH AFRICA",ERA16499539,,public,51D0A9CFF862F4781F11CC977E6F3E28,EA89D166F642096096A3BE62F3A33FB6
SAMEA110420319,ERR9992962,2022-07-27 21:28:42,2022-08-10 14:22:51,2158947.0,652001994.0,2158947.0,302.0,202.0,,https://sra-downloadb.be-md.ncbi.nlm.nih.gov/sos2/sra-pub-zq-20/ERR009/9992/ERR9992962/ERR9992962.lite.1,ERX9533368,"UH01183826. CTB/NICD - South Africa, South Africa. UH01183826. 769",WGS,RANDOM,GENOMIC,PAIRED,0.0,0.0,ILLUMINA,Illumina NovaSeq 6000,ERP139874,PRJEB55007,,862850.0,ERS12518394,SAMEA110420319,simple,1773.0,Mycobacterium tuberculosis,SAMEA110420319,,,,,,,no,,,,,"CTB/NICD - SOUTH AFRICA, SOUTH AFRICA",ERA16499538,,public,9D1DC8953F7449332E2038F32374140F,0B555D33B9E008921585B66683DB8AC1
SAMEA110420318,ERR9992961,2022-07-27 21:28:42,2022-08-10 14:22:56,1867427.0,563962954.0,1867427.0,302.0,175.0,,https://sra-downloadb.be-md.ncbi.nlm.nih.gov/sos1/sra-pub-zq-38/ERR009/9992/ERR9992961/ERR9992961.lite.1,ERX9533367,"YA00121488. CTB/NICD - South Africa, South Africa. YA00121488. 766",WGS,RANDOM,GENOMIC,PAIRED,0.0,0.0,ILLUMINA,Illumina NovaSeq 6000,ERP139874,PRJEB55007,,862850.0,ERS12518393,SAMEA110420318,simple,1773.0,Mycobacterium tuberculosis,SAMEA110420318,,,,,,,no,,,,,"CTB/NICD - SOUTH AFRICA, SOUTH AFRICA",ERA16499537,,public,F7A23D3BD63BD6264889308BF1686E36,B7F53BF6747A45F0D92706EA35E230DA
SAMEA110420317,ERR9992960,2022-07-27 21:28:42,2022-08-10 14:22:54,2128099.0,642685898.0,2128099.0,302.0,201.0,,https://sra-downloadb.be-md.ncbi.nlm.nih.gov/sos3/sra-pub-zq-24/ERR009/9992/ERR9992960/ERR9992960.lite.1,ERX9533366,"IK02416847. CTB/NICD - South Africa, South Africa. IK02416847. 765",WGS,RANDOM,GENOMIC,PAIRED,0.0,0.0,ILLUMINA,Illumina NovaSeq 6000,ERP139874,PRJEB55007,,862850.0,ERS12518392,SAMEA110420317,simple,1773.0,Mycobacterium tuberculosis,SAMEA110420317,,,,,,,no,,,,,"CTB/NICD - SOUTH AFRICA, SOUTH AFRICA",ERA16499536,,public,CD14ECB1571F092A09B46D93F38DE61C,6B9D7CA884046B2397CB01C4C71E7A62
SAMEA110420316,ERR9992959,2022-07-27 21:28:42,2022-08-10 14:23:16,2389575.0,721651650.0,2389575.0,302.0,222.0,,https://sra-downloadb.be-md.ncbi.nlm.nih.gov/sos2/sra-pub-zq-20/ERR009/9992/ERR9992959/ERR9992959.lite.1,ERX9533365,"LA00726939. CTB/NICD - South Africa, South Africa. LA00726939. 764",WGS,RANDOM,GENOMIC,PAIRED,0.0,0.0,ILLUMINA,Illumina NovaSeq 6000,ERP139874,PRJEB55007,,862850.0,ERS12518391,SAMEA110420316,simple,1773.0,Mycobacterium tuberculosis,SAMEA110420316,,,,,,,no,,,,,"CTB/NICD - SOUTH AFRICA, SOUTH AFRICA",ERA16499535,,public,0BC068CB23F9E3E46C6D50FF52DCB99D,AA3773EF26BB4FAECB1536E5BBFD1163
SAMEA110420315,ERR9992958,2022-07-27 21:28:42,2022-08-10 14:22:52,2241688.0,676989776.0,2241688.0,302.0,205.0,,https://sra-downloadb.be-md.ncbi.nlm.nih.gov/sos2/sra-pub-zq-20/ERR009/9992/ERR9992958/ERR9992958.lite.1,ERX9533364,"UD00278931. CTB/NICD - South Africa, South Africa. UD00278931. 756",WGS,RANDOM,GENOMIC,PAIRED,0.0,0.0,ILLUMINA,Illumina NovaSeq 6000,ERP139874,PRJEB55007,,862850.0,ERS12518390,SAMEA110420315,simple,1773.0,Mycobacterium tuberculosis,SAMEA110420315,,,,,,,no,,,,,"CTB/NICD - SOUTH AFRICA, SOUTH AFRICA",ERA16499534,,public,EFB79CCFA9AD78800ABFC02128102FE6,1EBA6C746E5BCD15B94A025B3DF84CA5
SAMEA110420314,ERR9992957,2022-07-27 21:28:42,2022-08-10 14:23:23,2616446.0,790166692.0,2616446.0,302.0,240.0,,https://sra-downloadb.be-md.ncbi.nlm.nih.gov/sos3/sra-pub-zq-24/ERR009/9992/ERR9992957/ERR9992957.lite.1,ERX9533363,"LA00697208. CTB/NICD - South Africa, South Africa. LA00697208. 751",WGS,RANDOM,GENOMIC,PAIRED,0.0,0.0,ILLUMINA,Illumina NovaSeq 6000,ERP139874,PRJEB55007,,862850.0,ERS12518389,SAMEA110420314,simple,1773.0,Mycobacterium tuberculosis,SAMEA110420314,,,,,,,no,,,,,"CTB/NICD - SOUTH AFRICA, SOUTH AFRICA",ERA16499533,,public,EB6BF10893311468D62112B26A47BD4B,334F4DD0893A0E493F446EDFB8D64179
SAMEA110420313,ERR9992956,2022-07-27 21:28:42,2022-08-10 14:23:11,2919420.0,881664840.0,2919420.0,302.0,266.0,,https://sra-downloadb.be-md.ncbi.nlm.nih.gov/sos3/sra-pub-zq-22/ERR009/9992/ERR9992956/ERR9992956.lite.1,ERX9533362,"TD02545887. CTB/NICD - South Africa, South Africa. TD02545887. 750",WGS,RANDOM,GENOMIC,PAIRED,0.0,0.0,ILLUMINA,Illumina NovaSeq 6000,ERP139874,PRJEB55007,,862850.0,ERS12518388,SAMEA110420313,simple,1773.0,Mycobacterium tuberculosis,SAMEA110420313,,,,,,,no,,,,,"CTB/NICD - SOUTH AFRICA, SOUTH AFRICA",ERA16499532,,public,51FE88F60D18F49DBB0DC27B65B68E5B,D970B9D832453130510E5F18ADC307AB
SAMEA110420312,ERR9992955,2022-07-27 21:28:42,2022-08-10 14:23:05,2894951.0,874275202.0,2894951.0,302.0,258.0,,https://sra-downloadb.be-md.ncbi.nlm.nih.gov/sos4/sra-pub-zq-1/ERR009/9992/ERR9992955/ERR9992955.lite.1,ERX9533361,"YA00113385. CTB/NICD - South Africa, South Africa. YA00113385. 749",WGS,RANDOM,GENOMIC,PAIRED,0.0,0.0,ILLUMINA,Illumina NovaSeq 6000,ERP139874,PRJEB55007,,862850.0,ERS12518387,SAMEA110420312,simple,1773.0,Mycobacterium tuberculosis,SAMEA110420312,,,,,,,no,,,,,"CTB/NICD - SOUTH AFRICA, SOUTH AFRICA",ERA16499531,,public,9D771134F3AA33630376D16EF8FC0D85,05072934B0BC01DD87FF9BDB934751EF
SAMEA110420311,ERR9992954,2022-07-27 21:28:42,2022-08-10 14:23:40,2926417.0,883777934.0,2926417.0,302.0,266.0,,https://sra-downloadb.be-md.ncbi.nlm.nih.gov/sos1/sra-pub-zq-38/ERR009/9992/ERR9992954/ERR9992954.lite.1,ERX9533360,"XD02065385. CTB/NICD - South Africa, South Africa. XD02065385. 748",WGS,RANDOM,GENOMIC,PAIRED,0.0,0.0,ILLUMINA,Illumina NovaSeq 6000,ERP139874,PRJEB55007,,862850.0,ERS12518386,SAMEA110420311,simple,1773.0,Mycobacterium tuberculosis,SAMEA110420311,,,,,,,no,,,,,"CTB/NICD - SOUTH AFRICA, SOUTH AFRICA",ERA16499530,,public,D9DEAB79D0BFCE07F6B400565FD8656C,F2C82C746F24FCCBEAD2E5D3CF949BEA
SAMEA110420310,ERR9992953,2022-07-27 21:28:42,2022-08-10 14:23:24,2686184.0,811227568.0,2686184.0,302.0,243.0,,https://sra-downloadb.be-md.ncbi.nlm.nih.gov/sos1/sra-pub-zq-38/ERR009/9992/ERR9992953/ERR9992953.lite.1,ERX9533359,"UH01045339. CTB/NICD - South Africa, South Africa. UH01045339. 711",WGS,RANDOM,GENOMIC,PAIRED,0.0,0.0,ILLUMINA,Illumina NovaSeq 6000,ERP139874,PRJEB55007,,862850.0,ERS12518385,SAMEA110420310,simple,1773.0,Mycobacterium tuberculosis,SAMEA110420310,,,,,,,no,,,,,"CTB/NICD - SOUTH AFRICA, SOUTH AFRICA",ERA16499529,,public,E23DA79757FC61B0F8611D1E94FFD64C,C1DB3714857B82AF9C40216B074CFC1A
SAMEA110420309,ERR9992952,2022-07-27 21:28:42,2022-08-10 14:22:54,2467220.0,745100440.0,2467220.0,302.0,228.0,,https://sra-downloadb.be-md.ncbi.nlm.nih.gov/sos1/sra-pub-zq-38/ERR009/9992/ERR9992952/ERR9992952.lite.1,ERX9533358,"UH01551503. CTB/NICD - South Africa, South Africa. UH01551503. 705",WGS,RANDOM,GENOMIC,PAIRED,0.0,0.0,ILLUMINA,Illumina NovaSeq 6000,ERP139874,PRJEB55007,,862850.0,ERS12518384,SAMEA110420309,simple,1773.0,Mycobacterium tuberculosis,SAMEA110420309,,,,,,,no,,,,,"CTB/NICD - SOUTH AFRICA, SOUTH AFRICA",ERA16499528,,public,AC4274407062916FF3DA3A4732F8A774,3F43F64E646DC36C3361F08F82566BD0
SAMEA110420308,ERR9992951,2022-07-27 21:28:42,2022-08-10 14:23:02,3132628.0,946053656.0,3132628.0,302.0,286.0,,https://sra-downloadb.be-md.ncbi.nlm.nih.gov/sos3/sra-pub-zq-22/ERR009/9992/ERR9992951/ERR9992951.lite.1,ERX9533357,"KD02289103. CTB/NICD - South Africa, South Africa. KD02289103. 703",WGS,RANDOM,GENOMIC,PAIRED,0.0,0.0,ILLUMINA,Illumina NovaSeq 6000,ERP139874,PRJEB55007,,862850.0,ERS12518383,SAMEA110420308,simple,1773.0,Mycobacterium tuberculosis,SAMEA110420308,,,,,,,no,,,,,"CTB/NICD - SOUTH AFRICA, SOUTH AFRICA",ERA16499527,,public,2AB94C3C0028A7B0FCA59934397BAFFB,75FED221D5BCE9D8F5F60A3087D8CF5E
SAMEA110420307,ERR9992950,2022-07-27 21:28:42,2022-08-10 14:22:45,2805570.0,847282140.0,2805570.0,302.0,256.0,,https://sra-downloadb.be-md.ncbi.nlm.nih.gov/sos1/sra-pub-zq-38/ERR009/9992/ERR9992950/ERR9992950.lite.1,ERX9533356,"JE02346250. CTB/NICD - South Africa, South Africa. JE02346250. 702",WGS,RANDOM,GENOMIC,PAIRED,0.0,0.0,ILLUMINA,Illumina NovaSeq 6000,ERP139874,PRJEB55007,,862850.0,ERS12518382,SAMEA110420307,simple,1773.0,Mycobacterium tuberculosis,SAMEA110420307,,,,,,,no,,,,,"CTB/NICD - SOUTH AFRICA, SOUTH AFRICA",ERA16499526,,public,766C01F1EF8B32EF624F262A85370C37,D0659D8369BFEBAE0F7D5AFCE43EB540
SAMEA110420306,ERR9992949,2022-07-27 21:28:42,2022-08-10 14:23:21,2336989.0,705770678.0,2336989.0,302.0,215.0,,https://sra-downloadb.be-md.ncbi.nlm.nih.gov/sos3/sra-pub-zq-24/ERR009/9992/ERR9992949/ERR9992949.lite.1,ERX9533355,"MG04597769. CTB/NICD - South Africa, South Africa. MG04597769. 701",WGS,RANDOM,GENOMIC,PAIRED,0.0,0.0,ILLUMINA,Illumina NovaSeq 6000,ERP139874,PRJEB55007,,862850.0,ERS12518381,SAMEA110420306,simple,1773.0,Mycobacterium tuberculosis,SAMEA110420306,,,,,,,no,,,,,"CTB/NICD - SOUTH AFRICA, SOUTH AFRICA",ERA16499525,,public,573CC5412E1EFB9140EB3A980E374ABB,DE356D5B6DB24375AE67C31BD0AC33C1
SAMEA110420305,ERR9992948,2022-07-27 21:28:42,2022-08-10 14:22:49,2491895.0,752552290.0,2491895.0,302.0,231.0,,https://sra-downloadb.be-md.ncbi.nlm.nih.gov/sos3/sra-pub-zq-22/ERR009/9992/ERR9992948/ERR9992948.lite.1,ERX9533354,"XD03187395. CTB/NICD - South Africa, South Africa. XD03187395. 700",WGS,RANDOM,GENOMIC,PAIRED,0.0,0.0,ILLUMINA,Illumina NovaSeq 6000,ERP139874,PRJEB55007,,862850.0,ERS12518380,SAMEA110420305,simple,1773.0,Mycobacterium tuberculosis,SAMEA110420305,,,,,,,no,,,,,"CTB/NICD - SOUTH AFRICA, SOUTH AFRICA",ERA16499524,,public,3F942E851C70D50D9282FA14A0F8324C,6412D9639B0331818A6C96299F8EC398
SAMEA110420304,ERR9992947,2022-07-27 21:28:42,2022-08-10 14:23:04,2764689.0,834936078.0,2764689.0,302.0,254.0,,https://sra-downloadb.be-md.ncbi.nlm.nih.gov/sos3/sra-pub-zq-24/ERR009/9992/ERR9992947/ERR9992947.lite.1,ERX9533353,"KD01935501. CTB/NICD - South Africa, South Africa. KD01935501. 699",WGS,RANDOM,GENOMIC,PAIRED,0.0,0.0,ILLUMINA,Illumina NovaSeq 6000,ERP139874,PRJEB55007,,862850.0,ERS12518379,SAMEA110420304,simple,1773.0,Mycobacterium tuberculosis,SAMEA110420304,,,,,,,no,,,,,"CTB/NICD - SOUTH AFRICA, SOUTH AFRICA",ERA16499523,,public,2C0D176A0C21B9FC34E4042EBE3A21D6,ACC8C38CABB2CFF0E27D1F0CF8467B17
SAMEA110420303,ERR9992946,2022-07-27 21:28:42,2022-08-10 14:23:18,2845243.0,859263386.0,2845243.0,302.0,262.0,,https://sra-downloadb.be-md.ncbi.nlm.nih.gov/sos4/sra-pub-zq-1/ERR009/9992/ERR9992946/ERR9992946.lite.1,ERX9533352,"LA00815854. CTB/NICD - South Africa, South Africa. LA00815854. 698",WGS,RANDOM,GENOMIC,PAIRED,0.0,0.0,ILLUMINA,Illumina NovaSeq 6000,ERP139874,PRJEB55007,,862850.0,ERS12518378,SAMEA110420303,simple,1773.0,Mycobacterium tuberculosis,SAMEA110420303,,,,,,,no,,,,,"CTB/NICD - SOUTH AFRICA, SOUTH AFRICA",ERA16499522,,public,B4E9208EF2238F382DB11B06589E45E9,F2572EABFA3C05B4F6CA305B1C564B8B
SAMEA110420302,ERR9992945,2022-07-27 21:28:42,2022-08-10 14:22:41,1930115.0,582894730.0,1930115.0,302.0,177.0,,https://sra-downloadb.be-md.ncbi.nlm.nih.gov/sos1/sra-pub-zq-38/ERR009/9992/ERR9992945/ERR9992945.lite.1,ERX9533351,"IK02477576. CTB/NICD - South Africa, South Africa. IK02477576. 697",WGS,RANDOM,GENOMIC,PAIRED,0.0,0.0,ILLUMINA,Illumina NovaSeq 6000,ERP139874,PRJEB55007,,862850.0,ERS12518377,SAMEA110420302,simple,1773.0,Mycobacterium tuberculosis,SAMEA110420302,,,,,,,no,,,,,"CTB/NICD - SOUTH AFRICA, SOUTH AFRICA",ERA16499521,,public,266E7AB3771D299E8E45FC9AFB1B125E,FE2FED0C560872D8974B5D214AE08C80
SAMEA110420301,ERR9992944,2022-07-27 21:28:42,2022-08-10 14:22:49,2359590.0,712596180.0,2359590.0,302.0,220.0,,https://sra-downloadb.be-md.ncbi.nlm.nih.gov/sos3/sra-pub-zq-24/ERR009/9992/ERR9992944/ERR9992944.lite.1,ERX9533350,"XN00631034. CTB/NICD - South Africa, South Africa. XN00631034. 696",WGS,RANDOM,GENOMIC,PAIRED,0.0,0.0,ILLUMINA,Illumina NovaSeq 6000,ERP139874,PRJEB55007,,862850.0,ERS12518376,SAMEA110420301,simple,1773.0,Mycobacterium tuberculosis,SAMEA110420301,,,,,,,no,,,,,"CTB/NICD - SOUTH AFRICA, SOUTH AFRICA",ERA16499520,,public,6DA945A7582A81F4626DEAEE36BD85D3,E51667821866CC9B6646699FB6529DCA
SAMEA110420300,ERR9992943,2022-07-27 21:28:42,2022-08-10 14:22:45,2375365.0,717360230.0,2375365.0,302.0,222.0,,https://sra-downloadb.be-md.ncbi.nlm.nih.gov/sos4/sra-pub-zq-1/ERR009/9992/ERR9992943/ERR9992943.lite.1,ERX9533349,"XG00534041. CTB/NICD - South Africa, South Africa. XG00534041. 695",WGS,RANDOM,GENOMIC,PAIRED,0.0,0.0,ILLUMINA,Illumina NovaSeq 6000,ERP139874,PRJEB55007,,862850.0,ERS12518375,SAMEA110420300,simple,1773.0,Mycobacterium tuberculosis,SAMEA110420300,,,,,,,no,,,,,"CTB/NICD - SOUTH AFRICA, SOUTH AFRICA",ERA16499519,,public,AD7D6AF8604B5F94B38951054864E5A5,CF9D4B5980E03D9E6B109CABC205997F
SAMEA110420299,ERR9992942,2022-07-27 21:28:42,2022-08-10 14:23:44,3006408.0,907935216.0,3006408.0,302.0,271.0,,https://sra-downloadb.be-md.ncbi.nlm.nih.gov/sos3/sra-pub-zq-24/ERR009/9992/ERR9992942/ERR9992942.lite.1,ERX9533348,"XD02472313. CTB/NICD - South Africa, South Africa. XD02472313. 694",WGS,RANDOM,GENOMIC,PAIRED,0.0,0.0,ILLUMINA,Illumina NovaSeq 6000,ERP139874,PRJEB55007,,862850.0,ERS12518374,SAMEA110420299,simple,1773.0,Mycobacterium tuberculosis,SAMEA110420299,,,,,,,no,,,,,"CTB/NICD - SOUTH AFRICA, SOUTH AFRICA",ERA16499518,,public,83DDA833ABFDB687E978EFF7C0EAF3B3,B736E1660FC9D4F490015F8C14385A7F
SAMEA110420298,ERR9992941,2022-07-27 21:28:42,2022-08-10 14:22:39,2405163.0,726359226.0,2405163.0,302.0,220.0,,https://sra-downloadb.be-md.ncbi.nlm.nih.gov/sos2/sra-pub-zq-20/ERR009/9992/ERR9992941/ERR9992941.lite.1,ERX9533347,"XD02600794. CTB/NICD - South Africa, South Africa. XD02600794. 693",WGS,RANDOM,GENOMIC,PAIRED,0.0,0.0,ILLUMINA,Illumina NovaSeq 6000,ERP139874,PRJEB55007,,862850.0,ERS12518373,SAMEA110420298,simple,1773.0,Mycobacterium tuberculosis,SAMEA110420298,,,,,,,no,,,,,"CTB/NICD - SOUTH AFRICA, SOUTH AFRICA",ERA16499517,,public,C85A81524DB27B3F15A383C0B1B5F219,E88C0E931ACE1FC129859D03ECAD082C
SAMEA110420297,ERR9992940,2022-07-27 21:28:42,2022-08-10 14:22:40,2403553.0,725873006.0,2403553.0,302.0,220.0,,https://sra-downloadb.be-md.ncbi.nlm.nih.gov/sos1/sra-pub-zq-38/ERR009/9992/ERR9992940/ERR9992940.lite.1,ERX9533346,"XD02546598. CTB/NICD - South Africa, South Africa. XD02546598. 692",WGS,RANDOM,GENOMIC,PAIRED,0.0,0.0,ILLUMINA,Illumina NovaSeq 6000,ERP139874,PRJEB55007,,862850.0,ERS12518372,SAMEA110420297,simple,1773.0,Mycobacterium tuberculosis,SAMEA110420297,,,,,,,no,,,,,"CTB/NICD - SOUTH AFRICA, SOUTH AFRICA",ERA16499516,,public,BC5B7CAA9C1B67E6429A519C11DE7936,1F3DFFA4B7F4BE4ECB5703E8DCE9B09B
SAMEA110420296,ERR9992939,2022-07-27 21:28:42,2022-08-10 14:22:47,2669731.0,806258762.0,2669731.0,302.0,236.0,,https://sra-downloadb.be-md.ncbi.nlm.nih.gov/sos2/sra-pub-zq-20/ERR009/9992/ERR9992939/ERR9992939.lite.1,ERX9533345,"QF01750449. CTB/NICD - South Africa, South Africa. QF01750449. 691",WGS,RANDOM,GENOMIC,PAIRED,0.0,0.0,ILLUMINA,Illumina NovaSeq 6000,ERP139874,PRJEB55007,,862850.0,ERS12518371,SAMEA110420296,simple,1773.0,Mycobacterium tuberculosis,SAMEA110420296,,,,,,,no,,,,,"CTB/NICD - SOUTH AFRICA, SOUTH AFRICA",ERA16499515,,public,13B6AC19973E6D7AF199D3E91A1AE186,805548A180724CA7EE0A434CB7C6884C
SAMEA110420295,ERR9992938,2022-07-27 21:28:42,2022-08-10 14:22:53,2651348.0,800707096.0,2651348.0,302.0,241.0,,https://sra-downloadb.be-md.ncbi.nlm.nih.gov/sos4/sra-pub-zq-1/ERR009/9992/ERR9992938/ERR9992938.lite.1,ERX9533344,"XK00733590. CTB/NICD - South Africa, South Africa. XK00733590. 690",WGS,RANDOM,GENOMIC,PAIRED,0.0,0.0,ILLUMINA,Illumina NovaSeq 6000,ERP139874,PRJEB55007,,862850.0,ERS12518370,SAMEA110420295,simple,1773.0,Mycobacterium tuberculosis,SAMEA110420295,,,,,,,no,,,,,"CTB/NICD - SOUTH AFRICA, SOUTH AFRICA",ERA16499514,,public,1077343BF19F5A5FCE0F8AFABA31CFA5,CE62F08ACA36AA3D141634CA8EA218A6
SAMEA110420294,ERR9992937,2022-07-27 21:28:42,2022-08-10 14:23:15,2823366.0,852656532.0,2823366.0,302.0,260.0,,https://sra-downloadb.be-md.ncbi.nlm.nih.gov/sos1/sra-pub-zq-38/ERR009/9992/ERR9992937/ERR9992937.lite.1,ERX9533343,"PS01206622. CTB/NICD - South Africa, South Africa. PS01206622. 689",WGS,RANDOM,GENOMIC,PAIRED,0.0,0.0,ILLUMINA,Illumina NovaSeq 6000,ERP139874,PRJEB55007,,862850.0,ERS12518369,SAMEA110420294,simple,1773.0,Mycobacterium tuberculosis,SAMEA110420294,,,,,,,no,,,,,"CTB/NICD - SOUTH AFRICA, SOUTH AFRICA",ERA16499513,,public,B22BD9D4645A2CB2AC685F1FE4CF47EA,DEEE1F6094AFE6DB6B493F5DD7525C32
SAMEA110420293,ERR9992936,2022-07-27 21:28:42,2022-08-10 14:23:15,2432683.0,734670266.0,2432683.0,302.0,223.0,,https://sra-downloadb.be-md.ncbi.nlm.nih.gov/sos3/sra-pub-zq-24/ERR009/9992/ERR9992936/ERR9992936.lite.1,ERX9533342,"PS01201050. CTB/NICD - South Africa, South Africa. PS01201050. 688",WGS,RANDOM,GENOMIC,PAIRED,0.0,0.0,ILLUMINA,Illumina NovaSeq 6000,ERP139874,PRJEB55007,,862850.0,ERS12518368,SAMEA110420293,simple,1773.0,Mycobacterium tuberculosis,SAMEA110420293,,,,,,,no,,,,,"CTB/NICD - SOUTH AFRICA, SOUTH AFRICA",ERA16499512,,public,62B0D8772C68A74EA5CF0BBBAA41E5F6,DA7A7DD863E6868E8D3C6CBC0CC01E47
SAMEA110420292,ERR9992935,2022-07-27 21:28:42,2022-08-10 14:22:54,3154579.0,952682858.0,3154579.0,302.0,289.0,,https://sra-downloadb.be-md.ncbi.nlm.nih.gov/sos2/sra-pub-zq-20/ERR009/9992/ERR9992935/ERR9992935.lite.1,ERX9533341,"PS01153884. CTB/NICD - South Africa, South Africa. PS01153884. 687",WGS,RANDOM,GENOMIC,PAIRED,0.0,0.0,ILLUMINA,Illumina NovaSeq 6000,ERP139874,PRJEB55007,,862850.0,ERS12518367,SAMEA110420292,simple,1773.0,Mycobacterium tuberculosis,SAMEA110420292,,,,,,,no,,,,,"CTB/NICD - SOUTH AFRICA, SOUTH AFRICA",ERA16499511,,public,5FD6EBC25A45CE91416A1907CB53DA47,2B41EEF4073B39FE2D4442C84DC8AD7D
SAMEA110420291,ERR9992934,2022-07-27 21:28:42,2022-08-10 14:22:43,2616569.0,790203838.0,2616569.0,302.0,238.0,,https://sra-downloadb.be-md.ncbi.nlm.nih.gov/sos3/sra-pub-zq-24/ERR009/9992/ERR9992934/ERR9992934.lite.1,ERX9533340,"PS01133430. CTB/NICD - South Africa, South Africa. PS01133430. 686",WGS,RANDOM,GENOMIC,PAIRED,0.0,0.0,ILLUMINA,Illumina NovaSeq 6000,ERP139874,PRJEB55007,,862850.0,ERS12518366,SAMEA110420291,simple,1773.0,Mycobacterium tuberculosis,SAMEA110420291,,,,,,,no,,,,,"CTB/NICD - SOUTH AFRICA, SOUTH AFRICA",ERA16499510,,public,2A8570543C396089F2434B8629771850,5EA53CB0656FD5FD8227D6100692AB9E
SAMEA110420290,ERR9992933,2022-07-27 21:28:42,2022-08-10 14:22:42,2543039.0,767997778.0,2543039.0,302.0,236.0,,https://sra-downloadb.be-md.ncbi.nlm.nih.gov/sos1/sra-pub-zq-38/ERR009/9992/ERR9992933/ERR9992933.lite.1,ERX9533339,"PS01132904. CTB/NICD - South Africa, South Africa. PS01132904. 685",WGS,RANDOM,GENOMIC,PAIRED,0.0,0.0,ILLUMINA,Illumina NovaSeq 6000,ERP139874,PRJEB55007,,862850.0,ERS12518365,SAMEA110420290,simple,1773.0,Mycobacterium tuberculosis,SAMEA110420290,,,,,,,no,,,,,"CTB/NICD - SOUTH AFRICA, SOUTH AFRICA",ERA16499509,,public,BC5A6AFD73024C36ED1169D650D9B3AD,25FA3D6DB1189748051DF5473F9A3C59
SAMEA110420289,ERR9992932,2022-07-27 21:28:42,2022-08-10 14:22:46,2502777.0,755838654.0,2502777.0,302.0,228.0,,https://sra-downloadb.be-md.ncbi.nlm.nih.gov/sos1/sra-pub-zq-38/ERR009/9992/ERR9992932/ERR9992932.lite.1,ERX9533338,"PS01080755. CTB/NICD - South Africa, South Africa. PS01080755. 684",WGS,RANDOM,GENOMIC,PAIRED,0.0,0.0,ILLUMINA,Illumina NovaSeq 6000,ERP139874,PRJEB55007,,862850.0,ERS12518364,SAMEA110420289,simple,1773.0,Mycobacterium tuberculosis,SAMEA110420289,,,,,,,no,,,,,"CTB/NICD - SOUTH AFRICA, SOUTH AFRICA",ERA16499508,,public,A08F45846CD96FC37E7A0ED9A00F8FB6,EF6BCA97BA2407BA6BC412444AEE889B
SAMEA110420288,ERR9992931,2022-07-27 21:28:42,2022-08-10 14:22:34,2604154.0,786454508.0,2604154.0,302.0,239.0,,https://sra-downloadb.be-md.ncbi.nlm.nih.gov/sos1/sra-pub-zq-38/ERR009/9992/ERR9992931/ERR9992931.lite.1,ERX9533337,"PS01075683. CTB/NICD - South Africa, South Africa. PS01075683. 683",WGS,RANDOM,GENOMIC,PAIRED,0.0,0.0,ILLUMINA,Illumina NovaSeq 6000,ERP139874,PRJEB55007,,862850.0,ERS12518363,SAMEA110420288,simple,1773.0,Mycobacterium tuberculosis,SAMEA110420288,,,,,,,no,,,,,"CTB/NICD - SOUTH AFRICA, SOUTH AFRICA",ERA16499507,,public,590DD2294BB510072D4D5B5358C0B23E,9F4362D8B9C7867CF29B6908C6AC2DC6
SAMEA110420287,ERR9992930,2022-07-27 21:28:42,2022-08-10 14:22:39,2810211.0,848683722.0,2810211.0,302.0,259.0,,https://sra-downloadb.be-md.ncbi.nlm.nih.gov/sos2/sra-pub-zq-20/ERR009/9992/ERR9992930/ERR9992930.lite.1,ERX9533336,"PS01041140. CTB/NICD - South Africa, South Africa. PS01041140. 682",WGS,RANDOM,GENOMIC,PAIRED,0.0,0.0,ILLUMINA,Illumina NovaSeq 6000,ERP139874,PRJEB55007,,862850.0,ERS12518362,SAMEA110420287,simple,1773.0,Mycobacterium tuberculosis,SAMEA110420287,,,,,,,no,,,,,"CTB/NICD - SOUTH AFRICA, SOUTH AFRICA",ERA16499506,,public,07A2DF5C5DFE8642E0C215F18683FEB4,8FC22C319B14E99A5792EABF73991F28
SAMEA110420286,ERR9992929,2022-07-27 21:28:42,2022-08-10 14:22:56,3178530.0,959916060.0,3178530.0,302.0,290.0,,https://sra-downloadb.be-md.ncbi.nlm.nih.gov/sos2/sra-pub-zq-20/ERR009/9992/ERR9992929/ERR9992929.lite.1,ERX9533335,"PS01037404. CTB/NICD - South Africa, South Africa. PS01037404. 681",WGS,RANDOM,GENOMIC,PAIRED,0.0,0.0,ILLUMINA,Illumina NovaSeq 6000,ERP139874,PRJEB55007,,862850.0,ERS12518361,SAMEA110420286,simple,1773.0,Mycobacterium tuberculosis,SAMEA110420286,,,,,,,no,,,,,"CTB/NICD - SOUTH AFRICA, SOUTH AFRICA",ERA16499505,,public,2F799EFB2F20CC96B9159796FB7D35DA,EAE1690A5D67189FFDE55BEBDBD8301B
SAMEA110420285,ERR9992928,2022-07-27 21:28:42,2022-08-10 14:22:34,2279732.0,688479064.0,2279732.0,302.0,207.0,,https://sra-downloadb.be-md.ncbi.nlm.nih.gov/sos1/sra-pub-zq-38/ERR009/9992/ERR9992928/ERR9992928.lite.1,ERX9533334,"PS01026787. CTB/NICD - South Africa, South Africa. PS01026787. 680",WGS,RANDOM,GENOMIC,PAIRED,0.0,0.0,ILLUMINA,Illumina NovaSeq 6000,ERP139874,PRJEB55007,,862850.0,ERS12518360,SAMEA110420285,simple,1773.0,Mycobacterium tuberculosis,SAMEA110420285,,,,,,,no,,,,,"CTB/NICD - SOUTH AFRICA, SOUTH AFRICA",ERA16499504,,public,9AC6D416DF1779CD36BE4E99F68E290A,5460E015F9B5BDE69E966C8150154AAF
SAMEA110420284,ERR9992927,2022-07-27 21:28:42,2022-08-10 14:22:59,2643279.0,798270258.0,2643279.0,302.0,237.0,,https://sra-downloadb.be-md.ncbi.nlm.nih.gov/sos3/sra-pub-zq-24/ERR009/9992/ERR9992927/ERR9992927.lite.1,ERX9533333,"PS00991645. CTB/NICD - South Africa, South Africa. PS00991645. 678",WGS,RANDOM,GENOMIC,PAIRED,0.0,0.0,ILLUMINA,Illumina NovaSeq 6000,ERP139874,PRJEB55007,,862850.0,ERS12518359,SAMEA110420284,simple,1773.0,Mycobacterium tuberculosis,SAMEA110420284,,,,,,,no,,,,,"CTB/NICD - SOUTH AFRICA, SOUTH AFRICA",ERA16499503,,public,083AA24258E0B0A88541A4E651756B77,2F1510482D2B216780F43C434C0E85D0
SAMEA110420283,ERR9992926,2022-07-27 21:28:42,2022-08-10 14:22:42,2542996.0,767984792.0,2542996.0,302.0,227.0,,https://sra-downloadb.be-md.ncbi.nlm.nih.gov/sos1/sra-pub-zq-38/ERR009/9992/ERR9992926/ERR9992926.lite.1,ERX9533332,"PS00985878. CTB/NICD - South Africa, South Africa. PS00985878. 677",WGS,RANDOM,GENOMIC,PAIRED,0.0,0.0,ILLUMINA,Illumina NovaSeq 6000,ERP139874,PRJEB55007,,862850.0,ERS12518358,SAMEA110420283,simple,1773.0,Mycobacterium tuberculosis,SAMEA110420283,,,,,,,no,,,,,"CTB/NICD - SOUTH AFRICA, SOUTH AFRICA",ERA16499502,,public,8E29D261441FFF393BDCEA5A28255162,4D12B204C31C0C6127973214426D7D7C
SAMEA110420282,ERR9992925,2022-07-27 21:28:42,2022-08-10 14:22:51,2800003.0,845600906.0,2800003.0,302.0,255.0,,https://sra-downloadb.be-md.ncbi.nlm.nih.gov/sos1/sra-pub-zq-38/ERR009/9992/ERR9992925/ERR9992925.lite.1,ERX9533331,"PS00978668. CTB/NICD - South Africa, South Africa. PS00978668. 676",WGS,RANDOM,GENOMIC,PAIRED,0.0,0.0,ILLUMINA,Illumina NovaSeq 6000,ERP139874,PRJEB55007,,862850.0,ERS12518357,SAMEA110420282,simple,1773.0,Mycobacterium tuberculosis,SAMEA110420282,,,,,,,no,,,,,"CTB/NICD - SOUTH AFRICA, SOUTH AFRICA",ERA16499501,,public,CD8B841A382AA1C139D76DBF7BD33383,85053DE94A526B461DE942280E84CD09
SAMEA110420281,ERR9992924,2022-07-27 21:28:42,2022-08-10 14:22:26,2259930.0,682498860.0,2259930.0,302.0,206.0,,https://sra-downloadb.be-md.ncbi.nlm.nih.gov/sos1/sra-pub-zq-38/ERR009/9992/ERR9992924/ERR9992924.lite.1,ERX9533330,"PS00970211. CTB/NICD - South Africa, South Africa. PS00970211. 675",WGS,RANDOM,GENOMIC,PAIRED,0.0,0.0,ILLUMINA,Illumina NovaSeq 6000,ERP139874,PRJEB55007,,862850.0,ERS12518356,SAMEA110420281,simple,1773.0,Mycobacterium tuberculosis,SAMEA110420281,,,,,,,no,,,,,"CTB/NICD - SOUTH AFRICA, SOUTH AFRICA",ERA16499500,,public,542E7D720109F0EA55C18FD08CF2FCCC,27591828614CE5C310DD57A85D895A96
SAMEA110420280,ERR9992923,2022-07-27 21:28:42,2022-08-10 14:24:07,3145593.0,949969086.0,3145593.0,302.0,287.0,,https://sra-downloadb.be-md.ncbi.nlm.nih.gov/sos1/sra-pub-zq-38/ERR009/9992/ERR9992923/ERR9992923.lite.1,ERX9533329,"PQ00397108. CTB/NICD - South Africa, South Africa. PQ00397108. 674",WGS,RANDOM,GENOMIC,PAIRED,0.0,0.0,ILLUMINA,Illumina NovaSeq 6000,ERP139874,PRJEB55007,,862850.0,ERS12518355,SAMEA110420280,simple,1773.0,Mycobacterium tuberculosis,SAMEA110420280,,,,,,,no,,,,,"CTB/NICD - SOUTH AFRICA, SOUTH AFRICA",ERA16499499,,public,9D157EC7C5145A1DF9925B7042DA384C,19F73079A5E6F29C42EF12EADB79427D
SAMEA110420279,ERR9992922,2022-07-27 21:28:42,2022-08-10 14:23:12,2759187.0,833274474.0,2759187.0,302.0,253.0,,https://sra-downloadb.be-md.ncbi.nlm.nih.gov/sos4/sra-pub-zq-1/ERR009/9992/ERR9992922/ERR9992922.lite.1,ERX9533328,"PQ00388362. CTB/NICD - South Africa, South Africa. PQ00388362. 673",WGS,RANDOM,GENOMIC,PAIRED,0.0,0.0,ILLUMINA,Illumina NovaSeq 6000,ERP139874,PRJEB55007,,862850.0,ERS12518354,SAMEA110420279,simple,1773.0,Mycobacterium tuberculosis,SAMEA110420279,,,,,,,no,,,,,"CTB/NICD - SOUTH AFRICA, SOUTH AFRICA",ERA16499498,,public,89A4A19C85EED66C87526FA5F2015279,FCB4EE65AA28949B769C7106C0561B0D
SAMEA110420278,ERR9992921,2022-07-27 21:28:42,2022-08-10 14:23:25,2909392.0,878636384.0,2909392.0,302.0,264.0,,https://sra-downloadb.be-md.ncbi.nlm.nih.gov/sos3/sra-pub-zq-24/ERR009/9992/ERR9992921/ERR9992921.lite.1,ERX9533327,"PP00449803. CTB/NICD - South Africa, South Africa. PP00449803. 672",WGS,RANDOM,GENOMIC,PAIRED,0.0,0.0,ILLUMINA,Illumina NovaSeq 6000,ERP139874,PRJEB55007,,862850.0,ERS12518353,SAMEA110420278,simple,1773.0,Mycobacterium tuberculosis,SAMEA110420278,,,,,,,no,,,,,"CTB/NICD - SOUTH AFRICA, SOUTH AFRICA",ERA16499497,,public,ABBEE762A1DC73C727868DBCAAEBE4E9,B46BE5E0BF39854416AC6079CA3D5F03
SAMEA110420277,ERR9992920,2022-07-27 21:28:42,2022-08-11 14:55:58,3355317.0,1013305734.0,3355317.0,302.0,307.0,,https://sra-downloadb.be-md.ncbi.nlm.nih.gov/sos3/sra-pub-zq-22/ERR009/9992/ERR9992920/ERR9992920.lite.1,ERX9533326,"PO01057242. CTB/NICD - South Africa, South Africa. PO01057242. 671",WGS,RANDOM,GENOMIC,PAIRED,0.0,0.0,ILLUMINA,Illumina NovaSeq 6000,ERP139874,PRJEB55007,,862850.0,ERS12518352,SAMEA110420277,simple,1773.0,Mycobacterium tuberculosis,SAMEA110420277,,,,,,,no,,,,,"CTB/NICD - SOUTH AFRICA, SOUTH AFRICA",ERA16499496,,public,8435545CA1E73C29617B6A74D8D3F7A8,3F4DBFF3B2A97F5DF58D3996A4C255A0
SAMEA110420276,ERR9992919,2022-07-27 21:28:42,2022-08-10 14:22:48,2801779.0,846137258.0,2801779.0,302.0,253.0,,https://sra-downloadb.be-md.ncbi.nlm.nih.gov/sos3/sra-pub-zq-24/ERR009/9992/ERR9992919/ERR9992919.lite.1,ERX9533325,"PN00411366. CTB/NICD - South Africa, South Africa. PN00411366. 670",WGS,RANDOM,GENOMIC,PAIRED,0.0,0.0,ILLUMINA,Illumina NovaSeq 6000,ERP139874,PRJEB55007,,862850.0,ERS12518351,SAMEA110420276,simple,1773.0,Mycobacterium tuberculosis,SAMEA110420276,,,,,,,no,,,,,"CTB/NICD - SOUTH AFRICA, SOUTH AFRICA",ERA16499495,,public,F043BC69D58C0B263DBC5A993F5D9D50,83CC4A1383172AAD1AC48E057B56D7D6
SAMEA110420275,ERR9992918,2022-07-27 21:28:42,2022-08-10 14:22:41,2568565.0,775706630.0,2568565.0,302.0,230.0,,https://sra-downloadb.be-md.ncbi.nlm.nih.gov/sos3/sra-pub-zq-24/ERR009/9992/ERR9992918/ERR9992918.lite.1,ERX9533324,"PK02970481. CTB/NICD - South Africa, South Africa. PK02970481. 669",WGS,RANDOM,GENOMIC,PAIRED,0.0,0.0,ILLUMINA,Illumina NovaSeq 6000,ERP139874,PRJEB55007,,862850.0,ERS12518350,SAMEA110420275,simple,1773.0,Mycobacterium tuberculosis,SAMEA110420275,,,,,,,no,,,,,"CTB/NICD - SOUTH AFRICA, SOUTH AFRICA",ERA16499494,,public,53DA8A3359E456FA2AB0E2C3A029AFA8,98EA47934388BA8CD6B04BD9D6638A2A
SAMEA110420274,ERR9992917,2022-07-27 21:28:42,2022-08-10 14:22:35,2354699.0,711119098.0,2354699.0,302.0,215.0,,https://sra-downloadb.be-md.ncbi.nlm.nih.gov/sos4/sra-pub-zq-1/ERR009/9992/ERR9992917/ERR9992917.lite.1,ERX9533323,"PK02893504. CTB/NICD - South Africa, South Africa. PK02893504. 668",WGS,RANDOM,GENOMIC,PAIRED,0.0,0.0,ILLUMINA,Illumina NovaSeq 6000,ERP139874,PRJEB55007,,862850.0,ERS12518349,SAMEA110420274,simple,1773.0,Mycobacterium tuberculosis,SAMEA110420274,,,,,,,no,,,,,"CTB/NICD - SOUTH AFRICA, SOUTH AFRICA",ERA16499493,,public,5F94C239EBF8BF887F044B5EE709A53A,55AE98C8F86B3CA1A991A06BFE9793E0
SAMEA110420273,ERR9992916,2022-07-27 21:28:42,2022-08-10 14:22:42,2808538.0,848178476.0,2808538.0,302.0,257.0,,https://sra-downloadb.be-md.ncbi.nlm.nih.gov/sos1/sra-pub-zq-38/ERR009/9992/ERR9992916/ERR9992916.lite.1,ERX9533322,"PK02875220. CTB/NICD - South Africa, South Africa. PK02875220. 667",WGS,RANDOM,GENOMIC,PAIRED,0.0,0.0,ILLUMINA,Illumina NovaSeq 6000,ERP139874,PRJEB55007,,862850.0,ERS12518348,SAMEA110420273,simple,1773.0,Mycobacterium tuberculosis,SAMEA110420273,,,,,,,no,,,,,"CTB/NICD - SOUTH AFRICA, SOUTH AFRICA",ERA16499492,,public,4E58B4F04BF6141D829FD2A44064310C,6831E3A701D32BA306301F0973591E39
SAMEA110420272,ERR9992915,2022-07-27 21:28:42,2022-08-10 14:22:33,2463459.0,743964618.0,2463459.0,302.0,227.0,,https://sra-downloadb.be-md.ncbi.nlm.nih.gov/sos1/sra-pub-zq-38/ERR009/9992/ERR9992915/ERR9992915.lite.1,ERX9533321,"YA00102535. CTB/NICD - South Africa, South Africa. YA00102535. 665",WGS,RANDOM,GENOMIC,PAIRED,0.0,0.0,ILLUMINA,Illumina NovaSeq 6000,ERP139874,PRJEB55007,,862850.0,ERS12518347,SAMEA110420272,simple,1773.0,Mycobacterium tuberculosis,SAMEA110420272,,,,,,,no,,,,,"CTB/NICD - SOUTH AFRICA, SOUTH AFRICA",ERA16499491,,public,0A4FBF8E49CBC8A58C0B9004BCF3099C,D0D88E97B9B6384E8A96CFB699ECF0CE
SAMEA110420271,ERR9992914,2022-07-27 21:28:41,2022-08-10 14:22:21,2031283.0,613447466.0,2031283.0,302.0,185.0,,https://sra-downloadb.be-md.ncbi.nlm.nih.gov/sos1/sra-pub-zq-38/ERR009/9992/ERR9992914/ERR9992914.lite.1,ERX9533320,"PK02521376. CTB/NICD - South Africa, South Africa. PK02521376. 664",WGS,RANDOM,GENOMIC,PAIRED,0.0,0.0,ILLUMINA,Illumina NovaSeq 6000,ERP139874,PRJEB55007,,862850.0,ERS12518346,SAMEA110420271,simple,1773.0,Mycobacterium tuberculosis,SAMEA110420271,,,,,,,no,,,,,"CTB/NICD - SOUTH AFRICA, SOUTH AFRICA",ERA16499490,,public,BA456F563DB460F8655B454BD310463E,D62FF899A40AF6128D3A47D4464B65AB
SAMEA110420270,ERR9992913,2022-07-27 21:28:41,2022-08-10 14:22:44,3216815.0,971478130.0,3216815.0,302.0,288.0,,https://sra-downloadb.be-md.ncbi.nlm.nih.gov/sos4/sra-pub-zq-1/ERR009/9992/ERR9992913/ERR9992913.lite.1,ERX9533319,"PK02213499. CTB/NICD - South Africa, South Africa. PK02213499. 663",WGS,RANDOM,GENOMIC,PAIRED,0.0,0.0,ILLUMINA,Illumina NovaSeq 6000,ERP139874,PRJEB55007,,862850.0,ERS12518345,SAMEA110420270,simple,1773.0,Mycobacterium tuberculosis,SAMEA110420270,,,,,,,no,,,,,"CTB/NICD - SOUTH AFRICA, SOUTH AFRICA",ERA16499489,,public,FED475E5DC6604A7120B64BCEBF16719,C955E9DBE6627AD09D963BB426C6BD8F
SAMEA110420269,ERR9992912,2022-07-27 21:28:41,2022-08-10 14:22:34,2709680.0,818323360.0,2709680.0,302.0,242.0,,https://sra-downloadb.be-md.ncbi.nlm.nih.gov/sos3/sra-pub-zq-24/ERR009/9992/ERR9992912/ERR9992912.lite.1,ERX9533318,"PK02127526. CTB/NICD - South Africa, South Africa. PK02127526. 662",WGS,RANDOM,GENOMIC,PAIRED,0.0,0.0,ILLUMINA,Illumina NovaSeq 6000,ERP139874,PRJEB55007,,862850.0,ERS12518344,SAMEA110420269,simple,1773.0,Mycobacterium tuberculosis,SAMEA110420269,,,,,,,no,,,,,"CTB/NICD - SOUTH AFRICA, SOUTH AFRICA",ERA16499488,,public,597750A8296403928CCE3AC486EA8D9B,953741B63F0258D7D795EF9F64DCDABE
SAMEA110420268,ERR9992911,2022-07-27 21:28:41,2022-08-10 14:22:33,2256898.0,681583196.0,2256898.0,302.0,208.0,,https://sra-downloadb.be-md.ncbi.nlm.nih.gov/sos3/sra-pub-zq-24/ERR009/9992/ERR9992911/ERR9992911.lite.1,ERX9533317,"PK02053879. CTB/NICD - South Africa, South Africa. PK02053879. 661",WGS,RANDOM,GENOMIC,PAIRED,0.0,0.0,ILLUMINA,Illumina NovaSeq 6000,ERP139874,PRJEB55007,,862850.0,ERS12518343,SAMEA110420268,simple,1773.0,Mycobacterium tuberculosis,SAMEA110420268,,,,,,,no,,,,,"CTB/NICD - SOUTH AFRICA, SOUTH AFRICA",ERA16499487,,public,9C4466B51D4C2A91E5808FD43EFA8233,4F70A36BAE13123B549D9C7211C8B697
SAMEA110420267,ERR9992910,2022-07-27 21:28:41,2022-08-10 14:22:27,2041186.0,616438172.0,2041186.0,302.0,189.0,,https://sra-downloadb.be-md.ncbi.nlm.nih.gov/sos1/sra-pub-zq-38/ERR009/9992/ERR9992910/ERR9992910.lite.1,ERX9533316,"PH00714915. CTB/NICD - South Africa, South Africa. PH00714915. 660",WGS,RANDOM,GENOMIC,PAIRED,0.0,0.0,ILLUMINA,Illumina NovaSeq 6000,ERP139874,PRJEB55007,,862850.0,ERS12518342,SAMEA110420267,simple,1773.0,Mycobacterium tuberculosis,SAMEA110420267,,,,,,,no,,,,,"CTB/NICD - SOUTH AFRICA, SOUTH AFRICA",ERA16499486,,public,F2A34E402498CDC94837BCB6D0409CE6,A142469781D756806B18405927B06AE8
SAMEA110420266,ERR9992909,2022-07-27 21:28:41,2022-08-10 14:22:41,2372525.0,716502550.0,2372525.0,302.0,218.0,,https://sra-downloadb.be-md.ncbi.nlm.nih.gov/sos3/sra-pub-zq-24/ERR009/9992/ERR9992909/ERR9992909.lite.1,ERX9533315,"PD00497782. CTB/NICD - South Africa, South Africa. PD00497782. 659",WGS,RANDOM,GENOMIC,PAIRED,0.0,0.0,ILLUMINA,Illumina NovaSeq 6000,ERP139874,PRJEB55007,,862850.0,ERS12518341,SAMEA110420266,simple,1773.0,Mycobacterium tuberculosis,SAMEA110420266,,,,,,,no,,,,,"CTB/NICD - SOUTH AFRICA, SOUTH AFRICA",ERA16499485,,public,C33BA76A38DFCB956825EB275771D3DB,0DFB8B90A5B4807F6DEFF4286DDFD9ED
SAMEA110420265,ERR9992908,2022-07-27 21:28:41,2022-08-10 14:22:30,2132319.0,643960338.0,2132319.0,302.0,195.0,,https://sra-downloadb.be-md.ncbi.nlm.nih.gov/sos1/sra-pub-zq-38/ERR009/9992/ERR9992908/ERR9992908.lite.1,ERX9533314,"OS00531081. CTB/NICD - South Africa, South Africa. OS00531081. 658",WGS,RANDOM,GENOMIC,PAIRED,0.0,0.0,ILLUMINA,Illumina NovaSeq 6000,ERP139874,PRJEB55007,,862850.0,ERS12518340,SAMEA110420265,simple,1773.0,Mycobacterium tuberculosis,SAMEA110420265,,,,,,,no,,,,,"CTB/NICD - SOUTH AFRICA, SOUTH AFRICA",ERA16499484,,public,0AF57972712E691CAE3A9A32890A5D59,39B3A29C6B4826040A737A5438E5A998
SAMEA110420264,ERR9992907,2022-07-27 21:28:41,2022-08-10 14:22:25,2059988.0,622116376.0,2059988.0,302.0,190.0,,https://sra-downloadb.be-md.ncbi.nlm.nih.gov/sos3/sra-pub-zq-22/ERR009/9992/ERR9992907/ERR9992907.lite.1,ERX9533313,"OS00470355. CTB/NICD - South Africa, South Africa. OS00470355. 657",WGS,RANDOM,GENOMIC,PAIRED,0.0,0.0,ILLUMINA,Illumina NovaSeq 6000,ERP139874,PRJEB55007,,862850.0,ERS12518339,SAMEA110420264,simple,1773.0,Mycobacterium tuberculosis,SAMEA110420264,,,,,,,no,,,,,"CTB/NICD - SOUTH AFRICA, SOUTH AFRICA",ERA16499483,,public,F5201588059FC19EFA7EBD0574FE7FF4,4324617E6BE3BAD8E02139F5C2BBA21E
SAMEA110420263,ERR9992906,2022-07-27 21:28:41,2022-08-10 14:22:41,2628759.0,793885218.0,2628759.0,302.0,239.0,,https://sra-downloadb.be-md.ncbi.nlm.nih.gov/sos4/sra-pub-zq-1/ERR009/9992/ERR9992906/ERR9992906.lite.1,ERX9533312,"OS00469497. CTB/NICD - South Africa, South Africa. OS00469497. 656",WGS,RANDOM,GENOMIC,PAIRED,0.0,0.0,ILLUMINA,Illumina NovaSeq 6000,ERP139874,PRJEB55007,,862850.0,ERS12518338,SAMEA110420263,simple,1773.0,Mycobacterium tuberculosis,SAMEA110420263,,,,,,,no,,,,,"CTB/NICD - SOUTH AFRICA, SOUTH AFRICA",ERA16499482,,public,4D2C716B401463F8AE65639A58D0A4C7,C3586755462F0352AA646D5DF212143C
SAMEA110420262,ERR9992905,2022-07-27 21:28:41,2022-08-10 14:22:29,2212940.0,668307880.0,2212940.0,302.0,203.0,,https://sra-downloadb.be-md.ncbi.nlm.nih.gov/sos1/sra-pub-zq-38/ERR009/9992/ERR9992905/ERR9992905.lite.1,ERX9533311,"OS00444784. CTB/NICD - South Africa, South Africa. OS00444784. 655",WGS,RANDOM,GENOMIC,PAIRED,0.0,0.0,ILLUMINA,Illumina NovaSeq 6000,ERP139874,PRJEB55007,,862850.0,ERS12518337,SAMEA110420262,simple,1773.0,Mycobacterium tuberculosis,SAMEA110420262,,,,,,,no,,,,,"CTB/NICD - SOUTH AFRICA, SOUTH AFRICA",ERA16499481,,public,FDEDBE027C353DBD0B583BF18ABC0F06,86188322EF85AE16824EF387F0196D19
SAMEA110420261,ERR9992904,2022-07-27 21:28:41,2022-08-10 14:23:03,2321110.0,700975220.0,2321110.0,302.0,213.0,,https://sra-downloadb.be-md.ncbi.nlm.nih.gov/sos1/sra-pub-zq-38/ERR009/9992/ERR9992904/ERR9992904.lite.1,ERX9533310,"OS00420662. CTB/NICD - South Africa, South Africa. OS00420662. 654",WGS,RANDOM,GENOMIC,PAIRED,0.0,0.0,ILLUMINA,Illumina NovaSeq 6000,ERP139874,PRJEB55007,,862850.0,ERS12518336,SAMEA110420261,simple,1773.0,Mycobacterium tuberculosis,SAMEA110420261,,,,,,,no,,,,,"CTB/NICD - SOUTH AFRICA, SOUTH AFRICA",ERA16499480,,public,4926131763545ECE03F375693C0764B6,E8036C8FDA36DE89EF17B1CE9601F154
SAMEA110420260,ERR9992903,2022-07-27 21:28:41,2022-08-10 14:22:34,2765132.0,835069864.0,2765132.0,302.0,253.0,,https://sra-downloadb.be-md.ncbi.nlm.nih.gov/sos2/sra-pub-zq-20/ERR009/9992/ERR9992903/ERR9992903.lite.1,ERX9533309,"OS00418401. CTB/NICD - South Africa, South Africa. OS00418401. 653",WGS,RANDOM,GENOMIC,PAIRED,0.0,0.0,ILLUMINA,Illumina NovaSeq 6000,ERP139874,PRJEB55007,,862850.0,ERS12518335,SAMEA110420260,simple,1773.0,Mycobacterium tuberculosis,SAMEA110420260,,,,,,,no,,,,,"CTB/NICD - SOUTH AFRICA, SOUTH AFRICA",ERA16499479,,public,40BCFAE7DE9C1F6328EDF4A73A10DE3D,9336EC964676C7C6FB9E58A0B37D4BFA
SAMEA110420259,ERR9992902,2022-07-27 21:28:41,2022-08-10 14:22:36,2528572.0,763628744.0,2528572.0,302.0,232.0,,https://sra-downloadb.be-md.ncbi.nlm.nih.gov/sos1/sra-pub-zq-38/ERR009/9992/ERR9992902/ERR9992902.lite.1,ERX9533308,"OM00401607. CTB/NICD - South Africa, South Africa. OM00401607. 652",WGS,RANDOM,GENOMIC,PAIRED,0.0,0.0,ILLUMINA,Illumina NovaSeq 6000,ERP139874,PRJEB55007,,862850.0,ERS12518334,SAMEA110420259,simple,1773.0,Mycobacterium tuberculosis,SAMEA110420259,,,,,,,no,,,,,"CTB/NICD - SOUTH AFRICA, SOUTH AFRICA",ERA16499478,,public,4AECEF88E0FEBB13A0E5E770AF7FE40C,546D3C5482B7CD45E44E24A92775D2BD
SAMEA110420258,ERR9992901,2022-07-27 21:28:41,2022-08-10 14:22:25,2302072.0,695225744.0,2302072.0,302.0,214.0,,https://sra-downloadb.be-md.ncbi.nlm.nih.gov/sos3/sra-pub-zq-24/ERR009/9992/ERR9992901/ERR9992901.lite.1,ERX9533307,"OL00118161. CTB/NICD - South Africa, South Africa. OL00118161. 651",WGS,RANDOM,GENOMIC,PAIRED,0.0,0.0,ILLUMINA,Illumina NovaSeq 6000,ERP139874,PRJEB55007,,862850.0,ERS12518333,SAMEA110420258,simple,1773.0,Mycobacterium tuberculosis,SAMEA110420258,,,,,,,no,,,,,"CTB/NICD - SOUTH AFRICA, SOUTH AFRICA",ERA16499477,,public,F4D215871390DD8C0913D181C760A699,3E99D4807214027BBBEA18932113AF1F
SAMEA110420257,ERR9992900,2022-07-27 21:28:41,2022-08-10 14:22:24,2288335.0,691077170.0,2288335.0,302.0,208.0,,https://sra-downloadb.be-md.ncbi.nlm.nih.gov/sos3/sra-pub-zq-22/ERR009/9992/ERR9992900/ERR9992900.lite.1,ERX9533306,"OA01707274. CTB/NICD - South Africa, South Africa. OA01707274. 650",WGS,RANDOM,GENOMIC,PAIRED,0.0,0.0,ILLUMINA,Illumina NovaSeq 6000,ERP139874,PRJEB55007,,862850.0,ERS12518332,SAMEA110420257,simple,1773.0,Mycobacterium tuberculosis,SAMEA110420257,,,,,,,no,,,,,"CTB/NICD - SOUTH AFRICA, SOUTH AFRICA",ERA16499476,,public,08E30A529DCAFE55088ADD8471830F29,6F1478A968035FFD42C43317B118CDF8
SAMEA110420256,ERR9992899,2022-07-27 21:28:41,2022-08-10 14:22:31,2633261.0,795244822.0,2633261.0,302.0,236.0,,https://sra-downloadb.be-md.ncbi.nlm.nih.gov/sos3/sra-pub-zq-24/ERR009/9992/ERR9992899/ERR9992899.lite.1,ERX9533305,"XD01689665. CTB/NICD - South Africa, South Africa. XD01689665. 645",WGS,RANDOM,GENOMIC,PAIRED,0.0,0.0,ILLUMINA,Illumina NovaSeq 6000,ERP139874,PRJEB55007,,862850.0,ERS12518331,SAMEA110420256,simple,1773.0,Mycobacterium tuberculosis,SAMEA110420256,,,,,,,no,,,,,"CTB/NICD - SOUTH AFRICA, SOUTH AFRICA",ERA16499475,,public,B4145745D8E7E040BC49A9B6C7874370,8AD9A80E76B0A2CD06F421D480F6BDEB
SAMEA110420255,ERR9992898,2022-07-27 21:28:41,2022-08-10 14:22:14,2055030.0,620619060.0,2055030.0,302.0,187.0,,https://sra-downloadb.be-md.ncbi.nlm.nih.gov/sos3/sra-pub-zq-24/ERR009/9992/ERR9992898/ERR9992898.lite.1,ERX9533304,"YA00088981. CTB/NICD - South Africa, South Africa. YA00088981. 644",WGS,RANDOM,GENOMIC,PAIRED,0.0,0.0,ILLUMINA,Illumina NovaSeq 6000,ERP139874,PRJEB55007,,862850.0,ERS12518330,SAMEA110420255,simple,1773.0,Mycobacterium tuberculosis,SAMEA110420255,,,,,,,no,,,,,"CTB/NICD - SOUTH AFRICA, SOUTH AFRICA",ERA16499474,,public,C2EA997BC32469F3E93209B9F19147E3,B65AFCB861600ED5D2184EB8C64FB913
SAMEA110420254,ERR9992897,2022-07-27 21:28:41,2022-08-10 14:32:23,2818822.0,851284244.0,2818822.0,302.0,256.0,,https://sra-downloadb.be-md.ncbi.nlm.nih.gov/sos1/sra-pub-zq-38/ERR009/9992/ERR9992897/ERR9992897.lite.1,ERX9533303,"PQ00354847. CTB/NICD - South Africa, South Africa. PQ00354847. 549",WGS,RANDOM,GENOMIC,PAIRED,0.0,0.0,ILLUMINA,Illumina NovaSeq 6000,ERP139874,PRJEB55007,,862850.0,ERS12518329,SAMEA110420254,simple,1773.0,Mycobacterium tuberculosis,SAMEA110420254,,,,,,,no,,,,,"CTB/NICD - SOUTH AFRICA, SOUTH AFRICA",ERA16499473,,public,6DDA3437947D5B482BF229DD63781E62,E1BD275DBE1BFBF7842CE0DD8B5F11E2
SAMEA110420253,ERR9992896,2022-07-27 21:28:41,2022-08-10 14:22:43,2939870.0,887840740.0,2939870.0,302.0,263.0,,https://sra-downloadb.be-md.ncbi.nlm.nih.gov/sos3/sra-pub-zq-24/ERR009/9992/ERR9992896/ERR9992896.lite.1,ERX9533302,"YA00099085. CTB/NICD - South Africa, South Africa. YA00099085. 515",WGS,RANDOM,GENOMIC,PAIRED,0.0,0.0,ILLUMINA,Illumina NovaSeq 6000,ERP139874,PRJEB55007,,862850.0,ERS12518328,SAMEA110420253,simple,1773.0,Mycobacterium tuberculosis,SAMEA110420253,,,,,,,no,,,,,"CTB/NICD - SOUTH AFRICA, SOUTH AFRICA",ERA16499472,,public,3D76B35E6FDCC6B796B7C41EDD61DF14,D0A6B1761FD97D0BA79B1212D9D96F54
SAMEA110420252,ERR9992895,2022-07-27 21:28:41,2022-08-10 14:22:29,2605760.0,786939520.0,2605760.0,302.0,232.0,,https://sra-downloadb.be-md.ncbi.nlm.nih.gov/sos2/sra-pub-zq-20/ERR009/9992/ERR9992895/ERR9992895.lite.1,ERX9533301,"TD02554711. CTB/NICD - South Africa, South Africa. TD02554711. 514",WGS,RANDOM,GENOMIC,PAIRED,0.0,0.0,ILLUMINA,Illumina NovaSeq 6000,ERP139874,PRJEB55007,,862850.0,ERS12518327,SAMEA110420252,simple,1773.0,Mycobacterium tuberculosis,SAMEA110420252,,,,,,,no,,,,,"CTB/NICD - SOUTH AFRICA, SOUTH AFRICA",ERA16499471,,public,86C7B1FA7F03E429853644C5646E98A6,832EC6C93DE43825CBCCD0DFA2C33EF5
SAMEA110420251,ERR9992894,2022-07-27 21:28:41,2022-08-10 14:22:33,2637724.0,796592648.0,2637724.0,302.0,243.0,,https://sra-downloadb.be-md.ncbi.nlm.nih.gov/sos3/sra-pub-zq-24/ERR009/9992/ERR9992894/ERR9992894.lite.1,ERX9533300,"YA00118613. CTB/NICD - South Africa, South Africa. YA00118613. 511",WGS,RANDOM,GENOMIC,PAIRED,0.0,0.0,ILLUMINA,Illumina NovaSeq 6000,ERP139874,PRJEB55007,,862850.0,ERS12518326,SAMEA110420251,simple,1773.0,Mycobacterium tuberculosis,SAMEA110420251,,,,,,,no,,,,,"CTB/NICD - SOUTH AFRICA, SOUTH AFRICA",ERA16499470,,public,07E4445DBFF7A7F60E4E4543FFA34E27,7190D12A9A63A27F7EAE8E99239C378A
SAMEA110420250,ERR9992893,2022-07-27 21:28:41,2022-08-10 14:22:13,2451978.0,740497356.0,2451978.0,302.0,224.0,,https://sra-downloadb.be-md.ncbi.nlm.nih.gov/sos3/sra-pub-zq-22/ERR009/9992/ERR9992893/ERR9992893.lite.1,ERX9533299,"TD02755181. CTB/NICD - South Africa, South Africa. TD02755181. 510",WGS,RANDOM,GENOMIC,PAIRED,0.0,0.0,ILLUMINA,Illumina NovaSeq 6000,ERP139874,PRJEB55007,,862850.0,ERS12518325,SAMEA110420250,simple,1773.0,Mycobacterium tuberculosis,SAMEA110420250,,,,,,,no,,,,,"CTB/NICD - SOUTH AFRICA, SOUTH AFRICA",ERA16499469,,public,F7E40A7D3BA861D0DE91AE18D9A52A8D,6D4F8F287D60497E3DE26C987F84CEC2
SAMEA110420249,ERR9992892,2022-07-27 21:28:41,2022-08-10 14:22:14,2867216.0,865899232.0,2867216.0,302.0,259.0,,https://sra-downloadb.be-md.ncbi.nlm.nih.gov/sos3/sra-pub-zq-24/ERR009/9992/ERR9992892/ERR9992892.lite.1,ERX9533298,"YA00134141. CTB/NICD - South Africa, South Africa. YA00134141. 509",WGS,RANDOM,GENOMIC,PAIRED,0.0,0.0,ILLUMINA,Illumina NovaSeq 6000,ERP139874,PRJEB55007,,862850.0,ERS12518324,SAMEA110420249,simple,1773.0,Mycobacterium tuberculosis,SAMEA110420249,,,,,,,no,,,,,"CTB/NICD - SOUTH AFRICA, SOUTH AFRICA",ERA16499468,,public,CC6F3A3FD361356E795B160AFDF0BEF3,913DCE0F494D7FB527238941FA54BB61
SAMEA110420248,ERR9992891,2022-07-27 21:28:41,2022-08-10 14:22:06,2474774.0,747381748.0,2474774.0,302.0,224.0,,https://sra-downloadb.be-md.ncbi.nlm.nih.gov/sos2/sra-pub-zq-20/ERR009/9992/ERR9992891/ERR9992891.lite.1,ERX9533297,"PP00445088. CTB/NICD - South Africa, South Africa. PP00445088. 508",WGS,RANDOM,GENOMIC,PAIRED,0.0,0.0,ILLUMINA,Illumina NovaSeq 6000,ERP139874,PRJEB55007,,862850.0,ERS12518323,SAMEA110420248,simple,1773.0,Mycobacterium tuberculosis,SAMEA110420248,,,,,,,no,,,,,"CTB/NICD - SOUTH AFRICA, SOUTH AFRICA",ERA16499467,,public,3945911D9346EC5D7EB309C899FD478B,03FFABE9D51E7E1233E03D082F5E5B77
SAMEA110420247,ERR9992890,2022-07-27 21:28:41,2022-08-10 14:22:33,2726559.0,823420818.0,2726559.0,302.0,248.0,,https://sra-downloadb.be-md.ncbi.nlm.nih.gov/sos2/sra-pub-zq-20/ERR009/9992/ERR9992890/ERR9992890.lite.1,ERX9533296,"YA00194374. CTB/NICD - South Africa, South Africa. YA00194374. 507",WGS,RANDOM,GENOMIC,PAIRED,0.0,0.0,ILLUMINA,Illumina NovaSeq 6000,ERP139874,PRJEB55007,,862850.0,ERS12518322,SAMEA110420247,simple,1773.0,Mycobacterium tuberculosis,SAMEA110420247,,,,,,,no,,,,,"CTB/NICD - SOUTH AFRICA, SOUTH AFRICA",ERA16499466,,public,DA7AB76471562E53B8150C02C17700F8,CB8564888EDBCFA9670C6ADCF50894BD
SAMEA110420246,ERR9992889,2022-07-27 21:28:41,2022-08-10 14:22:05,2383393.0,719784686.0,2383393.0,302.0,218.0,,https://sra-downloadb.be-md.ncbi.nlm.nih.gov/sos1/sra-pub-zq-38/ERR009/9992/ERR9992889/ERR9992889.lite.1,ERX9533295,"OD00272409. CTB/NICD - South Africa, South Africa. OD00272409. 506",WGS,RANDOM,GENOMIC,PAIRED,0.0,0.0,ILLUMINA,Illumina NovaSeq 6000,ERP139874,PRJEB55007,,862850.0,ERS12518321,SAMEA110420246,simple,1773.0,Mycobacterium tuberculosis,SAMEA110420246,,,,,,,no,,,,,"CTB/NICD - SOUTH AFRICA, SOUTH AFRICA",ERA16499465,,public,57DE4D2ACA6E550A85F3A5E96F40FFDF,B51FCF61A768D165FEBF96C5477B6670
SAMEA110420245,ERR9992888,2022-07-27 21:28:41,2022-08-10 14:22:33,2594391.0,783506082.0,2594391.0,302.0,236.0,,https://sra-downloadb.be-md.ncbi.nlm.nih.gov/sos1/sra-pub-zq-38/ERR009/9992/ERR9992888/ERR9992888.lite.1,ERX9533294,"IH00656550. CTB/NICD - South Africa, South Africa. IH00656550. 505",WGS,RANDOM,GENOMIC,PAIRED,0.0,0.0,ILLUMINA,Illumina NovaSeq 6000,ERP139874,PRJEB55007,,862850.0,ERS12518320,SAMEA110420245,simple,1773.0,Mycobacterium tuberculosis,SAMEA110420245,,,,,,,no,,,,,"CTB/NICD - SOUTH AFRICA, SOUTH AFRICA",ERA16499464,,public,C9A6AE2A320F4D338A33C65CB6370FE2,F1D756FE72FC632F3DE9046B8E68982B
SAMEA110420244,ERR9992887,2022-07-27 21:28:41,2022-08-10 14:22:38,2879463.0,869597826.0,2879463.0,302.0,260.0,,https://sra-downloadb.be-md.ncbi.nlm.nih.gov/sos3/sra-pub-zq-24/ERR009/9992/ERR9992887/ERR9992887.lite.1,ERX9533293,"CC00643696. CTB/NICD - South Africa, South Africa. CC00643696. 504",WGS,RANDOM,GENOMIC,PAIRED,0.0,0.0,ILLUMINA,Illumina NovaSeq 6000,ERP139874,PRJEB55007,,862850.0,ERS12518319,SAMEA110420244,simple,1773.0,Mycobacterium tuberculosis,SAMEA110420244,,,,,,,no,,,,,"CTB/NICD - SOUTH AFRICA, SOUTH AFRICA",ERA16499463,,public,96FBD67B8741FB5B1E7C212489FAC48B,FB2D8C30B742D4ABBBFFF8EE7629EDF6
SAMEA110420243,ERR9992886,2022-07-27 21:28:41,2022-08-10 14:22:00,2128814.0,642901828.0,2128814.0,302.0,191.0,,https://sra-downloadb.be-md.ncbi.nlm.nih.gov/sos1/sra-pub-zq-38/ERR009/9992/ERR9992886/ERR9992886.lite.1,ERX9533292,"CC00585996. CTB/NICD - South Africa, South Africa. CC00585996. 503",WGS,RANDOM,GENOMIC,PAIRED,0.0,0.0,ILLUMINA,Illumina NovaSeq 6000,ERP139874,PRJEB55007,,862850.0,ERS12518318,SAMEA110420243,simple,1773.0,Mycobacterium tuberculosis,SAMEA110420243,,,,,,,no,,,,,"CTB/NICD - SOUTH AFRICA, SOUTH AFRICA",ERA16499462,,public,1E9844DFBBF21BACC37BEBCA8B9AD11B,9318361471EBB95F589BD2F920F23A42
SAMEA110420242,ERR9992885,2022-07-27 21:28:41,2022-08-10 14:22:26,2556257.0,771989614.0,2556257.0,302.0,230.0,,https://sra-downloadb.be-md.ncbi.nlm.nih.gov/sos3/sra-pub-zq-22/ERR009/9992/ERR9992885/ERR9992885.lite.1,ERX9533291,"BC01871410. CTB/NICD - South Africa, South Africa. BC01871410. 502",WGS,RANDOM,GENOMIC,PAIRED,0.0,0.0,ILLUMINA,Illumina NovaSeq 6000,ERP139874,PRJEB55007,,862850.0,ERS12518317,SAMEA110420242,simple,1773.0,Mycobacterium tuberculosis,SAMEA110420242,,,,,,,no,,,,,"CTB/NICD - SOUTH AFRICA, SOUTH AFRICA",ERA16499461,,public,8AF71E3C736EA54301B9E2B71156E4F2,ECCA73C1CB19E8D8BF793D2AACFFDD86
SAMEA110420241,ERR9992884,2022-07-27 21:28:41,2022-08-10 14:22:27,2461645.0,743416790.0,2461645.0,302.0,224.0,,https://sra-downloadb.be-md.ncbi.nlm.nih.gov/sos3/sra-pub-zq-22/ERR009/9992/ERR9992884/ERR9992884.lite.1,ERX9533290,"XD03071191. CTB/NICD - South Africa, South Africa. XD03071191. 501",WGS,RANDOM,GENOMIC,PAIRED,0.0,0.0,ILLUMINA,Illumina NovaSeq 6000,ERP139874,PRJEB55007,,862850.0,ERS12518316,SAMEA110420241,simple,1773.0,Mycobacterium tuberculosis,SAMEA110420241,,,,,,,no,,,,,"CTB/NICD - SOUTH AFRICA, SOUTH AFRICA",ERA16499460,,public,819A31B0A8CFD49906CDB705EEB835C0,A4F764155FDF87B2BEC7FEDA4F6D0C2E
SAMEA110420240,ERR9992883,2022-07-27 21:28:41,2022-08-10 14:22:13,2072810.0,625988620.0,2072810.0,302.0,189.0,,https://sra-downloadb.be-md.ncbi.nlm.nih.gov/sos1/sra-pub-zq-38/ERR009/9992/ERR9992883/ERR9992883.lite.1,ERX9533289,"TD03359590. CTB/NICD - South Africa, South Africa. TD03359590. 500",WGS,RANDOM,GENOMIC,PAIRED,0.0,0.0,ILLUMINA,Illumina NovaSeq 6000,ERP139874,PRJEB55007,,862850.0,ERS12518315,SAMEA110420240,simple,1773.0,Mycobacterium tuberculosis,SAMEA110420240,,,,,,,no,,,,,"CTB/NICD - SOUTH AFRICA, SOUTH AFRICA",ERA16499459,,public,2ADF370657109388B6C67019D4792212,88D65293C40E2BE0CC43582C11F69F93
SAMEA110420239,ERR9992882,2022-07-27 21:28:41,2022-08-10 14:22:13,2580219.0,779226138.0,2580219.0,302.0,236.0,,https://sra-downloadb.be-md.ncbi.nlm.nih.gov/sos3/sra-pub-zq-24/ERR009/9992/ERR9992882/ERR9992882.lite.1,ERX9533288,"TD03350462. CTB/NICD - South Africa, South Africa. TD03350462. 499",WGS,RANDOM,GENOMIC,PAIRED,0.0,0.0,ILLUMINA,Illumina NovaSeq 6000,ERP139874,PRJEB55007,,862850.0,ERS12518314,SAMEA110420239,simple,1773.0,Mycobacterium tuberculosis,SAMEA110420239,,,,,,,no,,,,,"CTB/NICD - SOUTH AFRICA, SOUTH AFRICA",ERA16499458,,public,64751DDBBB3547CA688B9618540F1278,FDA209DCAEC1A283B691E280ACE73EE3
SAMEA110420238,ERR9992881,2022-07-27 21:28:41,2022-08-10 14:22:14,2255164.0,681059528.0,2255164.0,302.0,208.0,,https://sra-downloadb.be-md.ncbi.nlm.nih.gov/sos3/sra-pub-zq-22/ERR009/9992/ERR9992881/ERR9992881.lite.1,ERX9533287,"IG01620597. CTB/NICD - South Africa, South Africa. IG01620597. 498",WGS,RANDOM,GENOMIC,PAIRED,0.0,0.0,ILLUMINA,Illumina NovaSeq 6000,ERP139874,PRJEB55007,,862850.0,ERS12518313,SAMEA110420238,simple,1773.0,Mycobacterium tuberculosis,SAMEA110420238,,,,,,,no,,,,,"CTB/NICD - SOUTH AFRICA, SOUTH AFRICA",ERA16499457,,public,60EA05C0E10413DB7D1A9B2E3387D0F2,8B2E95BEAC0CF132FCE1344F9985042E
SAMEA110420237,ERR9992880,2022-07-27 21:28:41,2022-08-10 14:22:24,2153273.0,650288446.0,2153273.0,302.0,196.0,,https://sra-downloadb.be-md.ncbi.nlm.nih.gov/sos3/sra-pub-zq-24/ERR009/9992/ERR9992880/ERR9992880.lite.1,ERX9533286,"EK00553350. CTB/NICD - South Africa, South Africa. EK00553350. 497",WGS,RANDOM,GENOMIC,PAIRED,0.0,0.0,ILLUMINA,Illumina NovaSeq 6000,ERP139874,PRJEB55007,,862850.0,ERS12518312,SAMEA110420237,simple,1773.0,Mycobacterium tuberculosis,SAMEA110420237,,,,,,,no,,,,,"CTB/NICD - SOUTH AFRICA, SOUTH AFRICA",ERA16499456,,public,454E959F25BF7C6656636FEE4014B5A5,88D1ECB4669BF6A1CBB8DAB3D9853DC0
SAMEA110420235,ERR9992878,2022-07-27 21:28:41,2022-08-10 14:22:25,2709094.0,818146388.0,2709094.0,302.0,246.0,,https://sra-downloadb.be-md.ncbi.nlm.nih.gov/sos3/sra-pub-zq-24/ERR009/9992/ERR9992878/ERR9992878.lite.1,ERX9533284,"WG00289807. CTB/NICD - South Africa, South Africa. WG00289807. 494",WGS,RANDOM,GENOMIC,PAIRED,0.0,0.0,ILLUMINA,Illumina NovaSeq 6000,ERP139874,PRJEB55007,,862850.0,ERS12518310,SAMEA110420235,simple,1773.0,Mycobacterium tuberculosis,SAMEA110420235,,,,,,,no,,,,,"CTB/NICD - SOUTH AFRICA, SOUTH AFRICA",ERA16499454,,public,086FC285C198D3C8600785CB46ABF60B,A8457495825693099C0F349F2B5812AA
SAMEA110420234,ERR9992877,2022-07-27 21:28:41,2022-08-10 14:22:24,2714717.0,819844534.0,2714717.0,302.0,249.0,,https://sra-downloadb.be-md.ncbi.nlm.nih.gov/sos1/sra-pub-zq-38/ERR009/9992/ERR9992877/ERR9992877.lite.1,ERX9533283,"WE00404863. CTB/NICD - South Africa, South Africa. WE00404863. 493",WGS,RANDOM,GENOMIC,PAIRED,0.0,0.0,ILLUMINA,Illumina NovaSeq 6000,ERP139874,PRJEB55007,,862850.0,ERS12518309,SAMEA110420234,simple,1773.0,Mycobacterium tuberculosis,SAMEA110420234,,,,,,,no,,,,,"CTB/NICD - SOUTH AFRICA, SOUTH AFRICA",ERA16499453,,public,8F1BF0728FDFA97D57F22334A56A48A8,1FC50ACBAD1CE7F01EDF22A787A7A03E
SAMEA110420233,ERR9992876,2022-07-27 21:28:41,2022-08-10 14:22:00,2156646.0,651307092.0,2156646.0,302.0,199.0,,https://sra-downloadb.be-md.ncbi.nlm.nih.gov/sos1/sra-pub-zq-38/ERR009/9992/ERR9992876/ERR9992876.lite.1,ERX9533282,"UH01517160. CTB/NICD - South Africa, South Africa. UH01517160. 492",WGS,RANDOM,GENOMIC,PAIRED,0.0,0.0,ILLUMINA,Illumina NovaSeq 6000,ERP139874,PRJEB55007,,862850.0,ERS12518308,SAMEA110420233,simple,1773.0,Mycobacterium tuberculosis,SAMEA110420233,,,,,,,no,,,,,"CTB/NICD - SOUTH AFRICA, SOUTH AFRICA",ERA16499452,,public,09A9D9CD8C5B916C8ED4A367F3531FC4,FE01EC2126305DEC93B09767AC4DA32A
SAMEA110420232,ERR9992875,2022-07-27 21:28:41,2022-08-10 14:22:15,2294206.0,692850212.0,2294206.0,302.0,207.0,,https://sra-downloadb.be-md.ncbi.nlm.nih.gov/sos3/sra-pub-zq-24/ERR009/9992/ERR9992875/ERR9992875.lite.1,ERX9533281,"UH01477693. CTB/NICD - South Africa, South Africa. UH01477693. 491",WGS,RANDOM,GENOMIC,PAIRED,0.0,0.0,ILLUMINA,Illumina NovaSeq 6000,ERP139874,PRJEB55007,,862850.0,ERS12518307,SAMEA110420232,simple,1773.0,Mycobacterium tuberculosis,SAMEA110420232,,,,,,,no,,,,,"CTB/NICD - SOUTH AFRICA, SOUTH AFRICA",ERA16499451,,public,79FFDECD77355D34D1600F662BEAB148,CCFA68B91F9E4E6D4F73F2163B57FD91
SAMEA110420231,ERR9992874,2022-07-27 21:28:41,2022-08-10 14:22:06,2237148.0,675618696.0,2237148.0,302.0,207.0,,https://sra-downloadb.be-md.ncbi.nlm.nih.gov/sos3/sra-pub-zq-24/ERR009/9992/ERR9992874/ERR9992874.lite.1,ERX9533280,"PS01232826. CTB/NICD - South Africa, South Africa. PS01232826. 489",WGS,RANDOM,GENOMIC,PAIRED,0.0,0.0,ILLUMINA,Illumina NovaSeq 6000,ERP139874,PRJEB55007,,862850.0,ERS12518306,SAMEA110420231,simple,1773.0,Mycobacterium tuberculosis,SAMEA110420231,,,,,,,no,,,,,"CTB/NICD - SOUTH AFRICA, SOUTH AFRICA",ERA16499450,,public,D7BF66F3CB60BDB0A128B4BD36E8E2E3,453A7977605912D62E2F9D89250F41E2
SAMEA110420230,ERR9992873,2022-07-27 21:28:41,2022-08-10 14:22:05,2474594.0,747327388.0,2474594.0,302.0,224.0,,https://sra-downloadb.be-md.ncbi.nlm.nih.gov/sos1/sra-pub-zq-38/ERR009/9992/ERR9992873/ERR9992873.lite.1,ERX9533279,"PS01232122. CTB/NICD - South Africa, South Africa. PS01232122. 488",WGS,RANDOM,GENOMIC,PAIRED,0.0,0.0,ILLUMINA,Illumina NovaSeq 6000,ERP139874,PRJEB55007,,862850.0,ERS12518305,SAMEA110420230,simple,1773.0,Mycobacterium tuberculosis,SAMEA110420230,,,,,,,no,,,,,"CTB/NICD - SOUTH AFRICA, SOUTH AFRICA",ERA16499449,,public,F6D737FFADAF270AAC90EE204C0D5486,6305586A9896094EF4BFA87F438812A0
SAMEA110420229,ERR9992872,2022-07-27 21:28:41,2022-08-10 14:23:27,2204005.0,665609510.0,2204005.0,302.0,199.0,,https://sra-downloadb.be-md.ncbi.nlm.nih.gov/sos2/sra-pub-zq-20/ERR009/9992/ERR9992872/ERR9992872.lite.1,ERX9533278,"GB00324216. CTB/NICD - South Africa, South Africa. GB00324216. 487",WGS,RANDOM,GENOMIC,PAIRED,0.0,0.0,ILLUMINA,Illumina NovaSeq 6000,ERP139874,PRJEB55007,,862850.0,ERS12518304,SAMEA110420229,simple,1773.0,Mycobacterium tuberculosis,SAMEA110420229,,,,,,,no,,,,,"CTB/NICD - SOUTH AFRICA, SOUTH AFRICA",ERA16499448,,public,1DBB7D69377A79E29845BB79B9E33B39,E4E49925FAA3A10DF0B762D268778C5E
SAMEA110420228,ERR9992871,2022-07-27 21:28:41,2022-08-10 14:22:00,2142934.0,647166068.0,2142934.0,302.0,198.0,,https://sra-downloadb.be-md.ncbi.nlm.nih.gov/sos1/sra-pub-zq-38/ERR009/9992/ERR9992871/ERR9992871.lite.1,ERX9533277,"CH01002579. CTB/NICD - South Africa, South Africa. CH01002579. 486",WGS,RANDOM,GENOMIC,PAIRED,0.0,0.0,ILLUMINA,Illumina NovaSeq 6000,ERP139874,PRJEB55007,,862850.0,ERS12518303,SAMEA110420228,simple,1773.0,Mycobacterium tuberculosis,SAMEA110420228,,,,,,,no,,,,,"CTB/NICD - SOUTH AFRICA, SOUTH AFRICA",ERA16499447,,public,6E4D4B23B4D80421BE761CABD487C7E3,D53D2F56DB5669DB10683CA9B2942E84
SAMEA110420227,ERR9992870,2022-07-27 21:28:41,2022-08-10 14:22:00,2396727.0,723811554.0,2396727.0,302.0,217.0,,https://sra-downloadb.be-md.ncbi.nlm.nih.gov/sos1/sra-pub-zq-38/ERR009/9992/ERR9992870/ERR9992870.lite.1,ERX9533276,"XD03022890. CTB/NICD - South Africa, South Africa. XD03022890. 485",WGS,RANDOM,GENOMIC,PAIRED,0.0,0.0,ILLUMINA,Illumina NovaSeq 6000,ERP139874,PRJEB55007,,862850.0,ERS12518302,SAMEA110420227,simple,1773.0,Mycobacterium tuberculosis,SAMEA110420227,,,,,,,no,,,,,"CTB/NICD - SOUTH AFRICA, SOUTH AFRICA",ERA16499446,,public,A3B089B1687C71FD4E260E294274DB4B,0CDE38D5C7E2EC512F051446D9884B2D
SAMEA110420226,ERR9992869,2022-07-27 21:28:41,2022-08-10 14:22:23,2645254.0,798866708.0,2645254.0,302.0,239.0,,https://sra-downloadb.be-md.ncbi.nlm.nih.gov/sos3/sra-pub-zq-22/ERR009/9992/ERR9992869/ERR9992869.lite.1,ERX9533275,"OA01864508. CTB/NICD - South Africa, South Africa. OA01864508. 484",WGS,RANDOM,GENOMIC,PAIRED,0.0,0.0,ILLUMINA,Illumina NovaSeq 6000,ERP139874,PRJEB55007,,862850.0,ERS12518301,SAMEA110420226,simple,1773.0,Mycobacterium tuberculosis,SAMEA110420226,,,,,,,no,,,,,"CTB/NICD - SOUTH AFRICA, SOUTH AFRICA",ERA16499445,,public,FD173A21AB935E1D5357C32503295FB0,710C94B69CDF3633A7499E15CE98159A
SAMEA110420225,ERR9992868,2022-07-27 21:28:41,2022-08-10 14:22:02,2338781.0,706311862.0,2338781.0,302.0,217.0,,https://sra-downloadb.be-md.ncbi.nlm.nih.gov/sos3/sra-pub-zq-24/ERR009/9992/ERR9992868/ERR9992868.lite.1,ERX9533274,"JE02324445. CTB/NICD - South Africa, South Africa. JE02324445. 483",WGS,RANDOM,GENOMIC,PAIRED,0.0,0.0,ILLUMINA,Illumina NovaSeq 6000,ERP139874,PRJEB55007,,862850.0,ERS12518300,SAMEA110420225,simple,1773.0,Mycobacterium tuberculosis,SAMEA110420225,,,,,,,no,,,,,"CTB/NICD - SOUTH AFRICA, SOUTH AFRICA",ERA16499444,,public,E7FE82340F3979A5284AF4EFC9CC48F1,BBD19C4C64C47C7B19BE7802E6C4C9D5
SAMEA110420224,ERR9992867,2022-07-27 21:28:41,2022-08-10 14:22:20,2535841.0,765823982.0,2535841.0,302.0,236.0,,https://sra-downloadb.be-md.ncbi.nlm.nih.gov/sos1/sra-pub-zq-38/ERR009/9992/ERR9992867/ERR9992867.lite.1,ERX9533273,"JE02270981. CTB/NICD - South Africa, South Africa. JE02270981. 482",WGS,RANDOM,GENOMIC,PAIRED,0.0,0.0,ILLUMINA,Illumina NovaSeq 6000,ERP139874,PRJEB55007,,862850.0,ERS12518299,SAMEA110420224,simple,1773.0,Mycobacterium tuberculosis,SAMEA110420224,,,,,,,no,,,,,"CTB/NICD - SOUTH AFRICA, SOUTH AFRICA",ERA16499443,,public,5DA070C5380EFED65731638EC9F88E33,8DF9C4B7D793E9FC3EB7B17AAFFE6717
SAMEA110420223,ERR9992866,2022-07-27 21:28:41,2022-08-10 14:22:08,2636667.0,796273434.0,2636667.0,302.0,243.0,,https://sra-downloadb.be-md.ncbi.nlm.nih.gov/sos3/sra-pub-zq-24/ERR009/9992/ERR9992866/ERR9992866.lite.1,ERX9533272,"XD03064718. CTB/NICD - South Africa, South Africa. XD03064718. 481",WGS,RANDOM,GENOMIC,PAIRED,0.0,0.0,ILLUMINA,Illumina NovaSeq 6000,ERP139874,PRJEB55007,,862850.0,ERS12518298,SAMEA110420223,simple,1773.0,Mycobacterium tuberculosis,SAMEA110420223,,,,,,,no,,,,,"CTB/NICD - SOUTH AFRICA, SOUTH AFRICA",ERA16499442,,public,D6913DDA9AD5F432F8444A36F1A92A9A,2356610DD01561A638A91EDC29990E7C
SAMEA110420222,ERR9992865,2022-07-27 21:28:41,2022-08-10 14:22:06,2156011.0,651115322.0,2156011.0,302.0,197.0,,https://sra-downloadb.be-md.ncbi.nlm.nih.gov/sos3/sra-pub-zq-24/ERR009/9992/ERR9992865/ERR9992865.lite.1,ERX9533271,"PS01243550. CTB/NICD - South Africa, South Africa. PS01243550. 480",WGS,RANDOM,GENOMIC,PAIRED,0.0,0.0,ILLUMINA,Illumina NovaSeq 6000,ERP139874,PRJEB55007,,862850.0,ERS12518297,SAMEA110420222,simple,1773.0,Mycobacterium tuberculosis,SAMEA110420222,,,,,,,no,,,,,"CTB/NICD - SOUTH AFRICA, SOUTH AFRICA",ERA16499441,,public,5C6D9CEE99D0F3B0C413AC3B31E0FD7C,5D9F4307DD0A7661BE0C49CEC68007A6
SAMEA110420221,ERR9992864,2022-07-27 21:28:41,2022-08-10 14:22:03,2435230.0,735439460.0,2435230.0,302.0,224.0,,https://sra-downloadb.be-md.ncbi.nlm.nih.gov/sos1/sra-pub-zq-38/ERR009/9992/ERR9992864/ERR9992864.lite.1,ERX9533270,"JC00990225. CTB/NICD - South Africa, South Africa. JC00990225. 479",WGS,RANDOM,GENOMIC,PAIRED,0.0,0.0,ILLUMINA,Illumina NovaSeq 6000,ERP139874,PRJEB55007,,862850.0,ERS12518296,SAMEA110420221,simple,1773.0,Mycobacterium tuberculosis,SAMEA110420221,,,,,,,no,,,,,"CTB/NICD - SOUTH AFRICA, SOUTH AFRICA",ERA16499440,,public,72017A24B43D9AD419F7F2BAD41E2C02,528BA3BCE92A60676429FECB88CB5074
SAMEA110420220,ERR9992863,2022-07-27 21:28:41,2022-08-10 14:22:19,2490012.0,751983624.0,2490012.0,302.0,226.0,,https://sra-downloadb.be-md.ncbi.nlm.nih.gov/sos3/sra-pub-zq-24/ERR009/9992/ERR9992863/ERR9992863.lite.1,ERX9533269,"WF00218458. CTB/NICD - South Africa, South Africa. WF00218458. 478",WGS,RANDOM,GENOMIC,PAIRED,0.0,0.0,ILLUMINA,Illumina NovaSeq 6000,ERP139874,PRJEB55007,,862850.0,ERS12518295,SAMEA110420220,simple,1773.0,Mycobacterium tuberculosis,SAMEA110420220,,,,,,,no,,,,,"CTB/NICD - SOUTH AFRICA, SOUTH AFRICA",ERA16499439,,public,3B76A84A5F10B2917CB93F3B785585F3,7FA49CEE8C2691BCB950CFB46AAA00D9
SAMEA110420219,ERR9992862,2022-07-27 21:28:41,2022-08-10 14:21:50,2552280.0,770788560.0,2552280.0,302.0,233.0,,https://sra-downloadb.be-md.ncbi.nlm.nih.gov/sos3/sra-pub-zq-24/ERR009/9992/ERR9992862/ERR9992862.lite.1,ERX9533268,"LA00893115. CTB/NICD - South Africa, South Africa. LA00893115. 477",WGS,RANDOM,GENOMIC,PAIRED,0.0,0.0,ILLUMINA,Illumina NovaSeq 6000,ERP139874,PRJEB55007,,862850.0,ERS12518294,SAMEA110420219,simple,1773.0,Mycobacterium tuberculosis,SAMEA110420219,,,,,,,no,,,,,"CTB/NICD - SOUTH AFRICA, SOUTH AFRICA",ERA16499438,,public,DA234340C56D28F46F478AF7F0492B2E,46A610EC8BE3779687D68936F13A7F69
SAMEA110420218,ERR9992861,2022-07-27 21:28:41,2022-08-10 14:22:31,2644714.0,798703628.0,2644714.0,302.0,242.0,,https://sra-downloadb.be-md.ncbi.nlm.nih.gov/sos2/sra-pub-zq-20/ERR009/9992/ERR9992861/ERR9992861.lite.1,ERX9533267,"BC01699318. CTB/NICD - South Africa, South Africa. BC01699318. 475",WGS,RANDOM,GENOMIC,PAIRED,0.0,0.0,ILLUMINA,Illumina NovaSeq 6000,ERP139874,PRJEB55007,,862850.0,ERS12518293,SAMEA110420218,simple,1773.0,Mycobacterium tuberculosis,SAMEA110420218,,,,,,,no,,,,,"CTB/NICD - SOUTH AFRICA, SOUTH AFRICA",ERA16499437,,public,B9E385E0850647E920A4BC5942478EB8,7C10AA132B85A694FC770E0849982035
SAMEA110420217,ERR9992860,2022-07-27 21:28:41,2022-08-10 14:21:56,2349937.0,709680974.0,2349937.0,302.0,215.0,,https://sra-downloadb.be-md.ncbi.nlm.nih.gov/sos3/sra-pub-zq-22/ERR009/9992/ERR9992860/ERR9992860.lite.1,ERX9533266,"PK02581454. CTB/NICD - South Africa, South Africa. PK02581454. 474",WGS,RANDOM,GENOMIC,PAIRED,0.0,0.0,ILLUMINA,Illumina NovaSeq 6000,ERP139874,PRJEB55007,,862850.0,ERS12518292,SAMEA110420217,simple,1773.0,Mycobacterium tuberculosis,SAMEA110420217,,,,,,,no,,,,,"CTB/NICD - SOUTH AFRICA, SOUTH AFRICA",ERA16499436,,public,5002F77320A399E11EE0B1786FA01C00,9D0792F6C87FE0675C22F2775742A99A
SAMEA110420216,ERR9992859,2022-07-27 21:28:41,2022-08-10 14:22:08,2572447.0,776878994.0,2572447.0,302.0,237.0,,https://sra-downloadb.be-md.ncbi.nlm.nih.gov/sos1/sra-pub-zq-38/ERR009/9992/ERR9992859/ERR9992859.lite.1,ERX9533265,"PK02545301. CTB/NICD - South Africa, South Africa. PK02545301. 473",WGS,RANDOM,GENOMIC,PAIRED,0.0,0.0,ILLUMINA,Illumina NovaSeq 6000,ERP139874,PRJEB55007,,862850.0,ERS12518291,SAMEA110420216,simple,1773.0,Mycobacterium tuberculosis,SAMEA110420216,,,,,,,no,,,,,"CTB/NICD - SOUTH AFRICA, SOUTH AFRICA",ERA16499435,,public,BE1F14BC3EC2FE553AB911193BB7E2E8,464CE8B2DC3BECA4A9F1790E4BF94F89
SAMEA110420215,ERR9992858,2022-07-27 21:28:41,2022-08-10 14:22:19,2119446.0,640072692.0,2119446.0,302.0,196.0,,https://sra-downloadb.be-md.ncbi.nlm.nih.gov/sos3/sra-pub-zq-24/ERR009/9992/ERR9992858/ERR9992858.lite.1,ERX9533264,"YA00188540. CTB/NICD - South Africa, South Africa. YA00188540. 472",WGS,RANDOM,GENOMIC,PAIRED,0.0,0.0,ILLUMINA,Illumina NovaSeq 6000,ERP139874,PRJEB55007,,862850.0,ERS12518290,SAMEA110420215,simple,1773.0,Mycobacterium tuberculosis,SAMEA110420215,,,,,,,no,,,,,"CTB/NICD - SOUTH AFRICA, SOUTH AFRICA",ERA16499434,,public,D36B0D673D5656FAD14689EE5E01D47A,EAC9285A945FD86ED4D67BF7B81AEC2F
SAMEA110420214,ERR9992857,2022-07-27 21:28:41,2022-08-10 14:21:55,2188294.0,660864788.0,2188294.0,302.0,202.0,,https://sra-downloadb.be-md.ncbi.nlm.nih.gov/sos1/sra-pub-zq-38/ERR009/9992/ERR9992857/ERR9992857.lite.1,ERX9533263,"YA00168309. CTB/NICD - South Africa, South Africa. YA00168309. 470",WGS,RANDOM,GENOMIC,PAIRED,0.0,0.0,ILLUMINA,Illumina NovaSeq 6000,ERP139874,PRJEB55007,,862850.0,ERS12518289,SAMEA110420214,simple,1773.0,Mycobacterium tuberculosis,SAMEA110420214,,,,,,,no,,,,,"CTB/NICD - SOUTH AFRICA, SOUTH AFRICA",ERA16499433,,public,4AC88C627007B720FC6C974148AB4CCD,38F5B9EDD91006B15ED5F7864B1B1D94
SAMEA110420213,ERR9992856,2022-07-27 21:28:41,2022-08-10 14:22:00,2791968.0,843174336.0,2791968.0,302.0,250.0,,https://sra-downloadb.be-md.ncbi.nlm.nih.gov/sos1/sra-pub-zq-38/ERR009/9992/ERR9992856/ERR9992856.lite.1,ERX9533262,"YA00139625. CTB/NICD - South Africa, South Africa. YA00139625. 465",WGS,RANDOM,GENOMIC,PAIRED,0.0,0.0,ILLUMINA,Illumina NovaSeq 6000,ERP139874,PRJEB55007,,862850.0,ERS12518288,SAMEA110420213,simple,1773.0,Mycobacterium tuberculosis,SAMEA110420213,,,,,,,no,,,,,"CTB/NICD - SOUTH AFRICA, SOUTH AFRICA",ERA16499432,,public,F75CD58CF5670A617A1B5FAD07CA3F1C,258BB663A8BF371243681D8DFC2E9B2A
SAMEA110420212,ERR9992855,2022-07-27 21:28:41,2022-08-10 14:22:18,2783564.0,840636328.0,2783564.0,302.0,253.0,,https://sra-downloadb.be-md.ncbi.nlm.nih.gov/sos1/sra-pub-zq-38/ERR009/9992/ERR9992855/ERR9992855.lite.1,ERX9533261,"YA00134715. CTB/NICD - South Africa, South Africa. YA00134715. 464",WGS,RANDOM,GENOMIC,PAIRED,0.0,0.0,ILLUMINA,Illumina NovaSeq 6000,ERP139874,PRJEB55007,,862850.0,ERS12518287,SAMEA110420212,simple,1773.0,Mycobacterium tuberculosis,SAMEA110420212,,,,,,,no,,,,,"CTB/NICD - SOUTH AFRICA, SOUTH AFRICA",ERA16499431,,public,6331B36D14218609F97CB0E78ACA626A,62C7A9CC9CC1AD1281B5BBE368C93E48
SAMEA110420211,ERR9992854,2022-07-27 21:28:41,2022-08-10 14:22:23,2459486.0,742764772.0,2459486.0,302.0,222.0,,https://sra-downloadb.be-md.ncbi.nlm.nih.gov/sos3/sra-pub-zq-22/ERR009/9992/ERR9992854/ERR9992854.lite.1,ERX9533260,"YA00116205. CTB/NICD - South Africa, South Africa. YA00116205. 463",WGS,RANDOM,GENOMIC,PAIRED,0.0,0.0,ILLUMINA,Illumina NovaSeq 6000,ERP139874,PRJEB55007,,862850.0,ERS12518286,SAMEA110420211,simple,1773.0,Mycobacterium tuberculosis,SAMEA110420211,,,,,,,no,,,,,"CTB/NICD - SOUTH AFRICA, SOUTH AFRICA",ERA16499430,,public,D26AFC4856DB7D2D198F3F98575B4E2F,F76C2E7DD80151DB6F015026BE2516E6
SAMEA110420210,ERR9992853,2022-07-27 21:28:41,2022-08-10 14:22:26,2593874.0,783349948.0,2593874.0,302.0,231.0,,https://sra-downloadb.be-md.ncbi.nlm.nih.gov/sos3/sra-pub-zq-22/ERR009/9992/ERR9992853/ERR9992853.lite.1,ERX9533259,"YA00113108. CTB/NICD - South Africa, South Africa. YA00113108. 462",WGS,RANDOM,GENOMIC,PAIRED,0.0,0.0,ILLUMINA,Illumina NovaSeq 6000,ERP139874,PRJEB55007,,862850.0,ERS12518285,SAMEA110420210,simple,1773.0,Mycobacterium tuberculosis,SAMEA110420210,,,,,,,no,,,,,"CTB/NICD - SOUTH AFRICA, SOUTH AFRICA",ERA16499429,,public,28B846E7FB9B8F3EC324E2F34CBFE2F2,5A4E283C07E70F3B37128C5EC23CB403
SAMEA110420209,ERR9992852,2022-07-27 21:28:41,2022-08-10 14:22:29,2959811.0,893862922.0,2959811.0,302.0,264.0,,https://sra-downloadb.be-md.ncbi.nlm.nih.gov/sos3/sra-pub-zq-22/ERR009/9992/ERR9992852/ERR9992852.lite.1,ERX9533258,"YA00110866. CTB/NICD - South Africa, South Africa. YA00110866. 461",WGS,RANDOM,GENOMIC,PAIRED,0.0,0.0,ILLUMINA,Illumina NovaSeq 6000,ERP139874,PRJEB55007,,862850.0,ERS12518284,SAMEA110420209,simple,1773.0,Mycobacterium tuberculosis,SAMEA110420209,,,,,,,no,,,,,"CTB/NICD - SOUTH AFRICA, SOUTH AFRICA",ERA16499428,,public,EF677BE3A05DC48901E9A50C3B8EB5D6,1DCDF732F56AC95EAEE5FF597CCB986A
SAMEA110420208,ERR9992851,2022-07-27 21:28:41,2022-08-10 14:22:25,2829853.0,854615606.0,2829853.0,302.0,257.0,,https://sra-downloadb.be-md.ncbi.nlm.nih.gov/sos3/sra-pub-zq-22/ERR009/9992/ERR9992851/ERR9992851.lite.1,ERX9533257,"YA00206179. CTB/NICD - South Africa, South Africa. YA00206179. 451",WGS,RANDOM,GENOMIC,PAIRED,0.0,0.0,ILLUMINA,Illumina NovaSeq 6000,ERP139874,PRJEB55007,,862850.0,ERS12518283,SAMEA110420208,simple,1773.0,Mycobacterium tuberculosis,SAMEA110420208,,,,,,,no,,,,,"CTB/NICD - SOUTH AFRICA, SOUTH AFRICA",ERA16499427,,public,5D61BA7072A80B366C35880CF7B485F7,00EDE7997E6F8808D89221ED647FA2B2
SAMEA110420207,ERR9992850,2022-07-27 21:28:41,2022-08-10 14:22:06,2855069.0,862230838.0,2855069.0,302.0,258.0,,https://sra-downloadb.be-md.ncbi.nlm.nih.gov/sos3/sra-pub-zq-22/ERR009/9992/ERR9992850/ERR9992850.lite.1,ERX9533256,"VB00328217. CTB/NICD - South Africa, South Africa. VB00328217. 450",WGS,RANDOM,GENOMIC,PAIRED,0.0,0.0,ILLUMINA,Illumina NovaSeq 6000,ERP139874,PRJEB55007,,862850.0,ERS12518282,SAMEA110420207,simple,1773.0,Mycobacterium tuberculosis,SAMEA110420207,,,,,,,no,,,,,"CTB/NICD - SOUTH AFRICA, SOUTH AFRICA",ERA16499426,,public,AC6F4D84AF76FEB452B1982F2A4C0DCA,7DB82B246AC954695008726A66376851
SAMEA110420206,ERR9992849,2022-07-27 21:28:41,2022-08-10 14:22:12,2852229.0,861373158.0,2852229.0,302.0,255.0,,https://sra-downloadb.be-md.ncbi.nlm.nih.gov/sos3/sra-pub-zq-22/ERR009/9992/ERR9992849/ERR9992849.lite.1,ERX9533255,"UH01237736. CTB/NICD - South Africa, South Africa. UH01237736. 449",WGS,RANDOM,GENOMIC,PAIRED,0.0,0.0,ILLUMINA,Illumina NovaSeq 6000,ERP139874,PRJEB55007,,862850.0,ERS12518281,SAMEA110420206,simple,1773.0,Mycobacterium tuberculosis,SAMEA110420206,,,,,,,no,,,,,"CTB/NICD - SOUTH AFRICA, SOUTH AFRICA",ERA16499425,,public,63EE9D7B7154F16AB73AA1D840AC512D,D19824C029A4638041D5AFDBA5B3363D
SAMEA110420205,ERR9992848,2022-07-27 21:28:41,2022-08-10 14:22:01,2392557.0,722552214.0,2392557.0,302.0,215.0,,https://sra-downloadb.be-md.ncbi.nlm.nih.gov/sos1/sra-pub-zq-38/ERR009/9992/ERR9992848/ERR9992848.lite.1,ERX9533254,"UH01150839. CTB/NICD - South Africa, South Africa. UH01150839. 448",WGS,RANDOM,GENOMIC,PAIRED,0.0,0.0,ILLUMINA,Illumina NovaSeq 6000,ERP139874,PRJEB55007,,862850.0,ERS12518280,SAMEA110420205,simple,1773.0,Mycobacterium tuberculosis,SAMEA110420205,,,,,,,no,,,,,"CTB/NICD - SOUTH AFRICA, SOUTH AFRICA",ERA16499424,,public,E3807D41F84E0E87315BADD7D51D527B,190751082446E947F657D6EFDA1CAFE6
SAMEA110420204,ERR9992847,2022-07-27 21:28:41,2022-08-10 14:22:39,2871637.0,867234374.0,2871637.0,302.0,259.0,,https://sra-downloadb.be-md.ncbi.nlm.nih.gov/sos3/sra-pub-zq-24/ERR009/9992/ERR9992847/ERR9992847.lite.1,ERX9533253,"YA00091162. CTB/NICD - South Africa, South Africa. YA00091162. 447",WGS,RANDOM,GENOMIC,PAIRED,0.0,0.0,ILLUMINA,Illumina NovaSeq 6000,ERP139874,PRJEB55007,,862850.0,ERS12518279,SAMEA110420204,simple,1773.0,Mycobacterium tuberculosis,SAMEA110420204,,,,,,,no,,,,,"CTB/NICD - SOUTH AFRICA, SOUTH AFRICA",ERA16499423,,public,89B4810BB14A3CD68636A15094CD1633,171F6CE8E03F3337CD2C68FC7A9AA9F8
SAMEA110420203,ERR9992846,2022-07-27 21:28:41,2022-08-10 14:22:26,3151440.0,951734880.0,3151440.0,302.0,281.0,,https://sra-downloadb.be-md.ncbi.nlm.nih.gov/sos3/sra-pub-zq-24/ERR009/9992/ERR9992846/ERR9992846.lite.1,ERX9533252,"TD02608450. CTB/NICD - South Africa, South Africa. TD02608450. 446",WGS,RANDOM,GENOMIC,PAIRED,0.0,0.0,ILLUMINA,Illumina NovaSeq 6000,ERP139874,PRJEB55007,,862850.0,ERS12518278,SAMEA110420203,simple,1773.0,Mycobacterium tuberculosis,SAMEA110420203,,,,,,,no,,,,,"CTB/NICD - SOUTH AFRICA, SOUTH AFRICA",ERA16499422,,public,EFB63D79326AA5A06A090FCD3B75926C,49AC9AB57DC04A63F0F44C7CEB069CD7
SAMEA110420202,ERR9992845,2022-07-27 21:28:41,2022-08-10 14:22:07,2867876.0,866098552.0,2867876.0,302.0,256.0,,https://sra-downloadb.be-md.ncbi.nlm.nih.gov/sos3/sra-pub-zq-22/ERR009/9992/ERR9992845/ERR9992845.lite.1,ERX9533251,"PS00990747. CTB/NICD - South Africa, South Africa. PS00990747. 445",WGS,RANDOM,GENOMIC,PAIRED,0.0,0.0,ILLUMINA,Illumina NovaSeq 6000,ERP139874,PRJEB55007,,862850.0,ERS12518277,SAMEA110420202,simple,1773.0,Mycobacterium tuberculosis,SAMEA110420202,,,,,,,no,,,,,"CTB/NICD - SOUTH AFRICA, SOUTH AFRICA",ERA16499421,,public,43F5E8296EFE9F713C2C070ECCC830ED,EEC589B96DC824DFBA98592E6EEE6BBE
SAMEA110420201,ERR9992844,2022-07-27 21:28:41,2022-08-10 14:22:08,2509488.0,757865376.0,2509488.0,302.0,224.0,,https://sra-downloadb.be-md.ncbi.nlm.nih.gov/sos1/sra-pub-zq-38/ERR009/9992/ERR9992844/ERR9992844.lite.1,ERX9533250,"PS00953666. CTB/NICD - South Africa, South Africa. PS00953666. 444",WGS,RANDOM,GENOMIC,PAIRED,0.0,0.0,ILLUMINA,Illumina NovaSeq 6000,ERP139874,PRJEB55007,,862850.0,ERS12518276,SAMEA110420201,simple,1773.0,Mycobacterium tuberculosis,SAMEA110420201,,,,,,,no,,,,,"CTB/NICD - SOUTH AFRICA, SOUTH AFRICA",ERA16499420,,public,EEE30EA46EC63F3741B760B32B92DCCF,05F74C6E89C52A9EA5B85DF81EA02920
SAMEA110420200,ERR9992843,2022-07-27 21:28:41,2022-08-10 14:22:14,2301896.0,695172592.0,2301896.0,302.0,212.0,,https://sra-downloadb.be-md.ncbi.nlm.nih.gov/sos1/sra-pub-zq-38/ERR009/9992/ERR9992843/ERR9992843.lite.1,ERX9533249,"PA00259519. CTB/NICD - South Africa, South Africa. PA00259519. 443",WGS,RANDOM,GENOMIC,PAIRED,0.0,0.0,ILLUMINA,Illumina NovaSeq 6000,ERP139874,PRJEB55007,,862850.0,ERS12518275,SAMEA110420200,simple,1773.0,Mycobacterium tuberculosis,SAMEA110420200,,,,,,,no,,,,,"CTB/NICD - SOUTH AFRICA, SOUTH AFRICA",ERA16499419,,public,3C6B8FF24AEA43F981F91DCCEB3471FA,70EBA05B0991B1E37B5737700ACCB1F7
SAMEA110420199,ERR9992842,2022-07-27 21:28:41,2022-08-10 14:22:02,2542083.0,767709066.0,2542083.0,302.0,230.0,,https://sra-downloadb.be-md.ncbi.nlm.nih.gov/sos1/sra-pub-zq-38/ERR009/9992/ERR9992842/ERR9992842.lite.1,ERX9533248,"YA00119465. CTB/NICD - South Africa, South Africa. YA00119465. 442",WGS,RANDOM,GENOMIC,PAIRED,0.0,0.0,ILLUMINA,Illumina NovaSeq 6000,ERP139874,PRJEB55007,,862850.0,ERS12518274,SAMEA110420199,simple,1773.0,Mycobacterium tuberculosis,SAMEA110420199,,,,,,,no,,,,,"CTB/NICD - SOUTH AFRICA, SOUTH AFRICA",ERA16499418,,public,8CC36BEAC011EBD725710D4CE40F0FA5,E22FEAD67077085B371DEC9E40D95489
SAMEA110420198,ERR9992841,2022-07-27 21:28:41,2022-08-10 14:22:00,2397228.0,723962856.0,2397228.0,302.0,221.0,,https://sra-downloadb.be-md.ncbi.nlm.nih.gov/sos3/sra-pub-zq-24/ERR009/9992/ERR9992841/ERR9992841.lite.1,ERX9533247,"YA00194368. CTB/NICD - South Africa, South Africa. YA00194368. 438",WGS,RANDOM,GENOMIC,PAIRED,0.0,0.0,ILLUMINA,Illumina NovaSeq 6000,ERP139874,PRJEB55007,,862850.0,ERS12518273,SAMEA110420198,simple,1773.0,Mycobacterium tuberculosis,SAMEA110420198,,,,,,,no,,,,,"CTB/NICD - SOUTH AFRICA, SOUTH AFRICA",ERA16499417,,public,334DC151D3BC77D302EC36E7E4D4B663,07EF0284868C4C490D08E3EC3F9879C5
SAMEA110420197,ERR9992840,2022-07-27 21:28:41,2022-08-10 14:22:02,2541060.0,767400120.0,2541060.0,302.0,235.0,,https://sra-downloadb.be-md.ncbi.nlm.nih.gov/sos3/sra-pub-zq-24/ERR009/9992/ERR9992840/ERR9992840.lite.1,ERX9533246,"YA00113103. CTB/NICD - South Africa, South Africa. YA00113103. 437",WGS,RANDOM,GENOMIC,PAIRED,0.0,0.0,ILLUMINA,Illumina NovaSeq 6000,ERP139874,PRJEB55007,,862850.0,ERS12518272,SAMEA110420197,simple,1773.0,Mycobacterium tuberculosis,SAMEA110420197,,,,,,,no,,,,,"CTB/NICD - SOUTH AFRICA, SOUTH AFRICA",ERA16499416,,public,D0A512A8E3A52F11071846ACFC243FCB,71BEC4A96EE33AABD7E34A5372913CCA
SAMEA110420196,ERR9992839,2022-07-27 21:28:41,2022-08-10 14:21:46,2088505.0,630728510.0,2088505.0,302.0,195.0,,https://sra-downloadb.be-md.ncbi.nlm.nih.gov/sos3/sra-pub-zq-24/ERR009/9992/ERR9992839/ERR9992839.lite.1,ERX9533245,"XD02229326. CTB/NICD - South Africa, South Africa. XD02229326. 435",WGS,RANDOM,GENOMIC,PAIRED,0.0,0.0,ILLUMINA,Illumina NovaSeq 6000,ERP139874,PRJEB55007,,862850.0,ERS12518271,SAMEA110420196,simple,1773.0,Mycobacterium tuberculosis,SAMEA110420196,,,,,,,no,,,,,"CTB/NICD - SOUTH AFRICA, SOUTH AFRICA",ERA16499415,,public,98AB5212DDB4AFC594AADCC4FB096CA9,B99D68A196CD19242318C813BA5FE30B
SAMEA110420195,ERR9992838,2022-07-27 21:28:40,2022-08-10 14:21:54,2391316.0,722177432.0,2391316.0,302.0,217.0,,https://sra-downloadb.be-md.ncbi.nlm.nih.gov/sos1/sra-pub-zq-38/ERR009/9992/ERR9992838/ERR9992838.lite.1,ERX9533244,"YA00171514. CTB/NICD - South Africa, South Africa. YA00171514. 434",WGS,RANDOM,GENOMIC,PAIRED,0.0,0.0,ILLUMINA,Illumina NovaSeq 6000,ERP139874,PRJEB55007,,862850.0,ERS12518270,SAMEA110420195,simple,1773.0,Mycobacterium tuberculosis,SAMEA110420195,,,,,,,no,,,,,"CTB/NICD - SOUTH AFRICA, SOUTH AFRICA",ERA16499414,,public,925D4B698EA9B36B7505BC9FAB08F351,C4652E56175CEFAB4C72550D79C52BE2
SAMEA110420194,ERR9992837,2022-07-27 21:28:40,2022-08-10 14:21:51,2318049.0,700050798.0,2318049.0,302.0,208.0,,https://sra-downloadb.be-md.ncbi.nlm.nih.gov/sos2/sra-pub-zq-20/ERR009/9992/ERR9992837/ERR9992837.lite.1,ERX9533243,"YA00171511. CTB/NICD - South Africa, South Africa. YA00171511. 433",WGS,RANDOM,GENOMIC,PAIRED,0.0,0.0,ILLUMINA,Illumina NovaSeq 6000,ERP139874,PRJEB55007,,862850.0,ERS12518269,SAMEA110420194,simple,1773.0,Mycobacterium tuberculosis,SAMEA110420194,,,,,,,no,,,,,"CTB/NICD - SOUTH AFRICA, SOUTH AFRICA",ERA16499413,,public,B7C3C08C0B658BC7868F622DA723994A,30141E576ED4A587D1CBAC696E77FFC8
SAMEA110420193,ERR9992836,2022-07-27 21:28:40,2022-08-10 14:22:16,2584499.0,780518698.0,2584499.0,302.0,237.0,,https://sra-downloadb.be-md.ncbi.nlm.nih.gov/sos1/sra-pub-zq-38/ERR009/9992/ERR9992836/ERR9992836.lite.1,ERX9533242,"YA00171019. CTB/NICD - South Africa, South Africa. YA00171019. 431",WGS,RANDOM,GENOMIC,PAIRED,0.0,0.0,ILLUMINA,Illumina NovaSeq 6000,ERP139874,PRJEB55007,,862850.0,ERS12518268,SAMEA110420193,simple,1773.0,Mycobacterium tuberculosis,SAMEA110420193,,,,,,,no,,,,,"CTB/NICD - SOUTH AFRICA, SOUTH AFRICA",ERA16499412,,public,7AD1BC58CAD1A638A39EA084A85E25CB,9B77F985903CF0EF71DD2C127A764B7C
SAMEA110420192,ERR9992835,2022-07-27 21:28:40,2022-08-10 14:22:20,2735807.0,826213714.0,2735807.0,302.0,250.0,,https://sra-downloadb.be-md.ncbi.nlm.nih.gov/sos3/sra-pub-zq-24/ERR009/9992/ERR9992835/ERR9992835.lite.1,ERX9533241,"XD01997337. CTB/NICD - South Africa, South Africa. XD01997337. 430",WGS,RANDOM,GENOMIC,PAIRED,0.0,0.0,ILLUMINA,Illumina NovaSeq 6000,ERP139874,PRJEB55007,,862850.0,ERS12518267,SAMEA110420192,simple,1773.0,Mycobacterium tuberculosis,SAMEA110420192,,,,,,,no,,,,,"CTB/NICD - SOUTH AFRICA, SOUTH AFRICA",ERA16499411,,public,D97113C22F62C52971848C15705C3D5A,24D27C325A5CD533075183C4FDE6BBDC
SAMEA110420191,ERR9992834,2022-07-27 21:28:40,2022-08-10 14:22:27,2397520.0,724051040.0,2397520.0,302.0,220.0,,https://sra-downloadb.be-md.ncbi.nlm.nih.gov/sos3/sra-pub-zq-22/ERR009/9992/ERR9992834/ERR9992834.lite.1,ERX9533240,"YA00168464. CTB/NICD - South Africa, South Africa. YA00168464. 428",WGS,RANDOM,GENOMIC,PAIRED,0.0,0.0,ILLUMINA,Illumina NovaSeq 6000,ERP139874,PRJEB55007,,862850.0,ERS12518266,SAMEA110420191,simple,1773.0,Mycobacterium tuberculosis,SAMEA110420191,,,,,,,no,,,,,"CTB/NICD - SOUTH AFRICA, SOUTH AFRICA",ERA16499410,,public,A2128A52846077CAC651DE8AA79C7B5C,5E6C3AA36E61AC699BCCF0A281AFCE92
SAMEA110420190,ERR9992833,2022-07-27 21:28:40,2022-08-10 14:22:15,2243735.0,677607970.0,2243735.0,302.0,210.0,,https://sra-downloadb.be-md.ncbi.nlm.nih.gov/sos3/sra-pub-zq-22/ERR009/9992/ERR9992833/ERR9992833.lite.1,ERX9533239,"XD01936293. CTB/NICD - South Africa, South Africa. XD01936293. 427",WGS,RANDOM,GENOMIC,PAIRED,0.0,0.0,ILLUMINA,Illumina NovaSeq 6000,ERP139874,PRJEB55007,,862850.0,ERS12518265,SAMEA110420190,simple,1773.0,Mycobacterium tuberculosis,SAMEA110420190,,,,,,,no,,,,,"CTB/NICD - SOUTH AFRICA, SOUTH AFRICA",ERA16499409,,public,7A039AF44E71B554FA0D3B308403FF19,BDDA09342385C1652A5418441D7B0DF7
SAMEA110420189,ERR9992832,2022-07-27 21:28:40,2022-08-10 14:21:53,2392575.0,722557650.0,2392575.0,302.0,219.0,,https://sra-downloadb.be-md.ncbi.nlm.nih.gov/sos3/sra-pub-zq-22/ERR009/9992/ERR9992832/ERR9992832.lite.1,ERX9533238,"XD01911670. CTB/NICD - South Africa, South Africa. XD01911670. 426",WGS,RANDOM,GENOMIC,PAIRED,0.0,0.0,ILLUMINA,Illumina NovaSeq 6000,ERP139874,PRJEB55007,,862850.0,ERS12518264,SAMEA110420189,simple,1773.0,Mycobacterium tuberculosis,SAMEA110420189,,,,,,,no,,,,,"CTB/NICD - SOUTH AFRICA, SOUTH AFRICA",ERA16499408,,public,F1ED74F66D4AF41CAA713765536E44C2,5A253CA18B73E17F524130D88E2C5297
SAMEA110420188,ERR9992831,2022-07-27 21:28:40,2022-08-10 14:21:50,2422278.0,731527956.0,2422278.0,302.0,219.0,,https://sra-downloadb.be-md.ncbi.nlm.nih.gov/sos3/sra-pub-zq-22/ERR009/9992/ERR9992831/ERR9992831.lite.1,ERX9533237,"XD01911145. CTB/NICD - South Africa, South Africa. XD01911145. 425",WGS,RANDOM,GENOMIC,PAIRED,0.0,0.0,ILLUMINA,Illumina NovaSeq 6000,ERP139874,PRJEB55007,,862850.0,ERS12518263,SAMEA110420188,simple,1773.0,Mycobacterium tuberculosis,SAMEA110420188,,,,,,,no,,,,,"CTB/NICD - SOUTH AFRICA, SOUTH AFRICA",ERA16499407,,public,17DC83FFC00F5545599B94B43CB4D345,90AD9BC2BBE10AD423EED67848B2E5E4
SAMEA110420187,ERR9992830,2022-07-27 21:28:40,2022-08-10 14:22:44,2297797.0,693934694.0,2297797.0,302.0,209.0,,https://sra-downloadb.be-md.ncbi.nlm.nih.gov/sos3/sra-pub-zq-22/ERR009/9992/ERR9992830/ERR9992830.lite.1,ERX9533236,"XD01881437. CTB/NICD - South Africa, South Africa. XD01881437. 424",WGS,RANDOM,GENOMIC,PAIRED,0.0,0.0,ILLUMINA,Illumina NovaSeq 6000,ERP139874,PRJEB55007,,862850.0,ERS12518262,SAMEA110420187,simple,1773.0,Mycobacterium tuberculosis,SAMEA110420187,,,,,,,no,,,,,"CTB/NICD - SOUTH AFRICA, SOUTH AFRICA",ERA16499406,,public,78E0E6C459553A238BEDB9082CCD2A7C,7CF3AE88720B5F9FD471D260F0979DBD
SAMEA110420186,ERR9992829,2022-07-27 21:28:40,2022-08-10 14:21:53,2504288.0,756294976.0,2504288.0,302.0,227.0,,https://sra-downloadb.be-md.ncbi.nlm.nih.gov/sos2/sra-pub-zq-20/ERR009/9992/ERR9992829/ERR9992829.lite.1,ERX9533235,"XD01874132. CTB/NICD - South Africa, South Africa. XD01874132. 423",WGS,RANDOM,GENOMIC,PAIRED,0.0,0.0,ILLUMINA,Illumina NovaSeq 6000,ERP139874,PRJEB55007,,862850.0,ERS12518261,SAMEA110420186,simple,1773.0,Mycobacterium tuberculosis,SAMEA110420186,,,,,,,no,,,,,"CTB/NICD - SOUTH AFRICA, SOUTH AFRICA",ERA16499405,,public,0D79E98721EF629DC957A72EC684FDB8,D034AAFF503B1F012046214871E96BB8
SAMEA110420185,ERR9992828,2022-07-27 21:28:40,2022-08-10 14:22:03,2328334.0,703156868.0,2328334.0,302.0,209.0,,https://sra-downloadb.be-md.ncbi.nlm.nih.gov/sos2/sra-pub-zq-20/ERR009/9992/ERR9992828/ERR9992828.lite.1,ERX9533234,"XD01868355. CTB/NICD - South Africa, South Africa. XD01868355. 422",WGS,RANDOM,GENOMIC,PAIRED,0.0,0.0,ILLUMINA,Illumina NovaSeq 6000,ERP139874,PRJEB55007,,862850.0,ERS12518260,SAMEA110420185,simple,1773.0,Mycobacterium tuberculosis,SAMEA110420185,,,,,,,no,,,,,"CTB/NICD - SOUTH AFRICA, SOUTH AFRICA",ERA16499404,,public,76C29523DAF6280E9578BF4FCCE04BCC,4C96879E7E1D0B9DFE02886C5C678B35
SAMEA110420184,ERR9992827,2022-07-27 21:28:40,2022-08-10 14:22:08,2642592.0,798062784.0,2642592.0,302.0,245.0,,https://sra-downloadb.be-md.ncbi.nlm.nih.gov/sos3/sra-pub-zq-22/ERR009/9992/ERR9992827/ERR9992827.lite.1,ERX9533233,"YA00168462. CTB/NICD - South Africa, South Africa. YA00168462. 421",WGS,RANDOM,GENOMIC,PAIRED,0.0,0.0,ILLUMINA,Illumina NovaSeq 6000,ERP139874,PRJEB55007,,862850.0,ERS12518259,SAMEA110420184,simple,1773.0,Mycobacterium tuberculosis,SAMEA110420184,,,,,,,no,,,,,"CTB/NICD - SOUTH AFRICA, SOUTH AFRICA",ERA16499403,,public,82E349EB9EC689DE43DC29B50229D036,0BBC774DD40A7CDFC7A3DD0E8D8D8A3E
SAMEA110420183,ERR9992826,2022-07-27 21:28:40,2022-08-10 14:22:03,2637252.0,796450104.0,2637252.0,302.0,243.0,,https://sra-downloadb.be-md.ncbi.nlm.nih.gov/sos3/sra-pub-zq-24/ERR009/9992/ERR9992826/ERR9992826.lite.1,ERX9533232,"XD01660091. CTB/NICD - South Africa, South Africa. XD01660091. 420",WGS,RANDOM,GENOMIC,PAIRED,0.0,0.0,ILLUMINA,Illumina NovaSeq 6000,ERP139874,PRJEB55007,,862850.0,ERS12518258,SAMEA110420183,simple,1773.0,Mycobacterium tuberculosis,SAMEA110420183,,,,,,,no,,,,,"CTB/NICD - SOUTH AFRICA, SOUTH AFRICA",ERA16499402,,public,F5DE046C2141FC1D81BEDA46117211C6,03564A99713C5EA67C4088F3F7BCB388
SAMEA110420182,ERR9992825,2022-07-27 21:28:40,2022-08-10 14:21:54,2345641.0,708383582.0,2345641.0,302.0,212.0,,https://sra-downloadb.be-md.ncbi.nlm.nih.gov/sos3/sra-pub-zq-22/ERR009/9992/ERR9992825/ERR9992825.lite.1,ERX9533231,"YA00168449. CTB/NICD - South Africa, South Africa. YA00168449. 419",WGS,RANDOM,GENOMIC,PAIRED,0.0,0.0,ILLUMINA,Illumina NovaSeq 6000,ERP139874,PRJEB55007,,862850.0,ERS12518257,SAMEA110420182,simple,1773.0,Mycobacterium tuberculosis,SAMEA110420182,,,,,,,no,,,,,"CTB/NICD - SOUTH AFRICA, SOUTH AFRICA",ERA16499401,,public,A91E7696B2F8D0BFB19201ED4B8D3737,6F43B976A12BD8721CE20346105B67C4
SAMEA110420181,ERR9992824,2022-07-27 21:28:40,2022-08-10 14:22:06,2503789.0,756144278.0,2503789.0,302.0,230.0,,https://sra-downloadb.be-md.ncbi.nlm.nih.gov/sos2/sra-pub-zq-20/ERR009/9992/ERR9992824/ERR9992824.lite.1,ERX9533230,"XB00632138. CTB/NICD - South Africa, South Africa. XB00632138. 415",WGS,RANDOM,GENOMIC,PAIRED,0.0,0.0,ILLUMINA,Illumina NovaSeq 6000,ERP139874,PRJEB55007,,862850.0,ERS12518256,SAMEA110420181,simple,1773.0,Mycobacterium tuberculosis,SAMEA110420181,,,,,,,no,,,,,"CTB/NICD - SOUTH AFRICA, SOUTH AFRICA",ERA16499400,,public,6CA2F22B006A7F2EF888025699212397,8F75761C7167D96E3E222430CC455DE5
SAMEA110420180,ERR9992823,2022-07-27 21:28:40,2022-08-10 14:21:58,2376253.0,717628406.0,2376253.0,302.0,215.0,,https://sra-downloadb.be-md.ncbi.nlm.nih.gov/sos3/sra-pub-zq-24/ERR009/9992/ERR9992823/ERR9992823.lite.1,ERX9533229,"WJ00228347. CTB/NICD - South Africa, South Africa. WJ00228347. 412",WGS,RANDOM,GENOMIC,PAIRED,0.0,0.0,ILLUMINA,Illumina NovaSeq 6000,ERP139874,PRJEB55007,,862850.0,ERS12518255,SAMEA110420180,simple,1773.0,Mycobacterium tuberculosis,SAMEA110420180,,,,,,,no,,,,,"CTB/NICD - SOUTH AFRICA, SOUTH AFRICA",ERA16499399,,public,76427D4CA5D2391B147BA9CED44E95EE,9ED02961CE5B7EF09B1C825E0424793E
SAMEA110420179,ERR9992822,2022-07-27 21:28:40,2022-08-10 14:22:01,2277134.0,687694468.0,2277134.0,302.0,206.0,,https://sra-downloadb.be-md.ncbi.nlm.nih.gov/sos3/sra-pub-zq-24/ERR009/9992/ERR9992822/ERR9992822.lite.1,ERX9533228,"YA00026087. CTB/NICD - South Africa, South Africa. YA00026087. 411",WGS,RANDOM,GENOMIC,PAIRED,0.0,0.0,ILLUMINA,Illumina NovaSeq 6000,ERP139874,PRJEB55007,,862850.0,ERS12518254,SAMEA110420179,simple,1773.0,Mycobacterium tuberculosis,SAMEA110420179,,,,,,,no,,,,,"CTB/NICD - SOUTH AFRICA, SOUTH AFRICA",ERA16499398,,public,17CBAC88DBDA050EA953407E4221FB14,88239FD2B6191E9A349ECF1EB2B782BA
SAMEA110420178,ERR9992821,2022-07-27 21:28:40,2022-08-10 14:21:45,2101223.0,634569346.0,2101223.0,302.0,194.0,,https://sra-downloadb.be-md.ncbi.nlm.nih.gov/sos3/sra-pub-zq-22/ERR009/9992/ERR9992821/ERR9992821.lite.1,ERX9533227,"WG00269942. CTB/NICD - South Africa, South Africa. WG00269942. 410",WGS,RANDOM,GENOMIC,PAIRED,0.0,0.0,ILLUMINA,Illumina NovaSeq 6000,ERP139874,PRJEB55007,,862850.0,ERS12518253,SAMEA110420178,simple,1773.0,Mycobacterium tuberculosis,SAMEA110420178,,,,,,,no,,,,,"CTB/NICD - SOUTH AFRICA, SOUTH AFRICA",ERA16499397,,public,F9B4DDD7625749468D07E3D833A44CBF,98D0C919DC6B0745A4F8B102F9B7D1A1
SAMEA110420177,ERR9992820,2022-07-27 21:28:40,2022-08-10 14:21:55,1905544.0,575474288.0,1905544.0,302.0,182.0,,https://sra-downloadb.be-md.ncbi.nlm.nih.gov/sos4/sra-pub-zq-1/ERR009/9992/ERR9992820/ERR9992820.lite.1,ERX9533226,"WE00417582. CTB/NICD - South Africa, South Africa. WE00417582. 409",WGS,RANDOM,GENOMIC,PAIRED,0.0,0.0,ILLUMINA,Illumina NovaSeq 6000,ERP139874,PRJEB55007,,862850.0,ERS12518252,SAMEA110420177,simple,1773.0,Mycobacterium tuberculosis,SAMEA110420177,,,,,,,no,,,,,"CTB/NICD - SOUTH AFRICA, SOUTH AFRICA",ERA16499396,,public,60604369A6EBA3974DE79D0AFD52BC43,A6FC80E13C0388FB7AD7E21CE617CA11
SAMEA110420176,ERR9992819,2022-07-27 21:28:40,2022-08-10 14:21:58,2391379.0,722196458.0,2391379.0,302.0,214.0,,https://sra-downloadb.be-md.ncbi.nlm.nih.gov/sos1/sra-pub-zq-38/ERR009/9992/ERR9992819/ERR9992819.lite.1,ERX9533225,"WE00404864. CTB/NICD - South Africa, South Africa. WE00404864. 408",WGS,RANDOM,GENOMIC,PAIRED,0.0,0.0,ILLUMINA,Illumina NovaSeq 6000,ERP139874,PRJEB55007,,862850.0,ERS12518251,SAMEA110420176,simple,1773.0,Mycobacterium tuberculosis,SAMEA110420176,,,,,,,no,,,,,"CTB/NICD - SOUTH AFRICA, SOUTH AFRICA",ERA16499395,,public,38D62C57DE957B657EDD8C1D06302BEC,C6D82D17875802E84579EBDF29C324AA
SAMEA110420175,ERR9992818,2022-07-27 21:28:40,2022-08-10 14:23:03,2164849.0,653784398.0,2164849.0,302.0,199.0,,https://sra-downloadb.be-md.ncbi.nlm.nih.gov/sos1/sra-pub-zq-38/ERR009/9992/ERR9992818/ERR9992818.lite.1,ERX9533224,"WD00141791. CTB/NICD - South Africa, South Africa. WD00141791. 406",WGS,RANDOM,GENOMIC,PAIRED,0.0,0.0,ILLUMINA,Illumina NovaSeq 6000,ERP139874,PRJEB55007,,862850.0,ERS12518250,SAMEA110420175,simple,1773.0,Mycobacterium tuberculosis,SAMEA110420175,,,,,,,no,,,,,"CTB/NICD - SOUTH AFRICA, SOUTH AFRICA",ERA16499394,,public,82CEDD29292433052D1D1C234F767B06,FF96579CADE02301E5475417D60F7FF9
SAMEA110420174,ERR9992817,2022-07-27 21:28:40,2022-08-10 14:21:46,2280682.0,688765964.0,2280682.0,302.0,208.0,,https://sra-downloadb.be-md.ncbi.nlm.nih.gov/sos2/sra-pub-zq-20/ERR009/9992/ERR9992817/ERR9992817.lite.1,ERX9533223,"WC00183193. CTB/NICD - South Africa, South Africa. WC00183193. 405",WGS,RANDOM,GENOMIC,PAIRED,0.0,0.0,ILLUMINA,Illumina NovaSeq 6000,ERP139874,PRJEB55007,,862850.0,ERS12518249,SAMEA110420174,simple,1773.0,Mycobacterium tuberculosis,SAMEA110420174,,,,,,,no,,,,,"CTB/NICD - SOUTH AFRICA, SOUTH AFRICA",ERA16499393,,public,3C54D5EE0E40527E8024935FACFC2769,A54BBC5B68BBED6A28C9E9ABA980AE68
SAMEA110420173,ERR9992816,2022-07-27 21:28:40,2022-08-10 14:22:04,2578071.0,778577442.0,2578071.0,302.0,236.0,,https://sra-downloadb.be-md.ncbi.nlm.nih.gov/sos3/sra-pub-zq-24/ERR009/9992/ERR9992816/ERR9992816.lite.1,ERX9533222,"VG00616866. CTB/NICD - South Africa, South Africa. VG00616866. 404",WGS,RANDOM,GENOMIC,PAIRED,0.0,0.0,ILLUMINA,Illumina NovaSeq 6000,ERP139874,PRJEB55007,,862850.0,ERS12518248,SAMEA110420173,simple,1773.0,Mycobacterium tuberculosis,SAMEA110420173,,,,,,,no,,,,,"CTB/NICD - SOUTH AFRICA, SOUTH AFRICA",ERA16499392,,public,5C26D5C20808E62BA38D19C364ED8C87,2A6357AA9F70180E2E132C4E7C8BC5FD
SAMEA110420172,ERR9992815,2022-07-27 21:28:40,2022-08-10 14:21:59,2119117.0,639973334.0,2119117.0,302.0,192.0,,https://sra-downloadb.be-md.ncbi.nlm.nih.gov/sos1/sra-pub-zq-38/ERR009/9992/ERR9992815/ERR9992815.lite.1,ERX9533221,"VE00263302. CTB/NICD - South Africa, South Africa. VE00263302. 403",WGS,RANDOM,GENOMIC,PAIRED,0.0,0.0,ILLUMINA,Illumina NovaSeq 6000,ERP139874,PRJEB55007,,862850.0,ERS12518247,SAMEA110420172,simple,1773.0,Mycobacterium tuberculosis,SAMEA110420172,,,,,,,no,,,,,"CTB/NICD - SOUTH AFRICA, SOUTH AFRICA",ERA16499391,,public,E6AE9E3FDFFED4756770DA494652D2FC,40CEEF72F0D83EB9690253F6ABD10FC7
SAMEA110420171,ERR9992814,2022-07-27 21:28:40,2022-08-10 14:22:04,2477538.0,748216476.0,2477538.0,302.0,222.0,,https://sra-downloadb.be-md.ncbi.nlm.nih.gov/sos1/sra-pub-zq-38/ERR009/9992/ERR9992814/ERR9992814.lite.1,ERX9533220,"VB00369186. CTB/NICD - South Africa, South Africa. VB00369186. 402",WGS,RANDOM,GENOMIC,PAIRED,0.0,0.0,ILLUMINA,Illumina NovaSeq 6000,ERP139874,PRJEB55007,,862850.0,ERS12518246,SAMEA110420171,simple,1773.0,Mycobacterium tuberculosis,SAMEA110420171,,,,,,,no,,,,,"CTB/NICD - SOUTH AFRICA, SOUTH AFRICA",ERA16499390,,public,62A158AD39EAED33B916D5932159EEDC,9B52868ECD02D8FD23263AF6F38F6C85
SAMEA110420170,ERR9992813,2022-07-27 21:28:40,2022-08-10 14:22:06,2360436.0,712851672.0,2360436.0,302.0,213.0,,https://sra-downloadb.be-md.ncbi.nlm.nih.gov/sos1/sra-pub-zq-38/ERR009/9992/ERR9992813/ERR9992813.lite.1,ERX9533219,"UH01786782. CTB/NICD - South Africa, South Africa. UH01786782. 401",WGS,RANDOM,GENOMIC,PAIRED,0.0,0.0,ILLUMINA,Illumina NovaSeq 6000,ERP139874,PRJEB55007,,862850.0,ERS12518245,SAMEA110420170,simple,1773.0,Mycobacterium tuberculosis,SAMEA110420170,,,,,,,no,,,,,"CTB/NICD - SOUTH AFRICA, SOUTH AFRICA",ERA16499389,,public,3DD9134FA35DD9CE6093EE9183B4FA36,3D38D41654DDA77579FAEDE65D3EAF20
SAMEA110420169,ERR9992812,2022-07-27 21:28:40,2022-08-10 14:22:14,2405779.0,726545258.0,2405779.0,302.0,219.0,,https://sra-downloadb.be-md.ncbi.nlm.nih.gov/sos3/sra-pub-zq-24/ERR009/9992/ERR9992812/ERR9992812.lite.1,ERX9533218,"UH01784881. CTB/NICD - South Africa, South Africa. UH01784881. 400",WGS,RANDOM,GENOMIC,PAIRED,0.0,0.0,ILLUMINA,Illumina NovaSeq 6000,ERP139874,PRJEB55007,,862850.0,ERS12518244,SAMEA110420169,simple,1773.0,Mycobacterium tuberculosis,SAMEA110420169,,,,,,,no,,,,,"CTB/NICD - SOUTH AFRICA, SOUTH AFRICA",ERA16499388,,public,89A04F6C3BE17A84A0ED771445DEFC61,2EDE2E86C870A029B7B3D9A50D49F5BE
SAMEA110420168,ERR9992811,2022-07-27 21:28:40,2022-08-10 14:22:00,2485555.0,750637610.0,2485555.0,302.0,226.0,,https://sra-downloadb.be-md.ncbi.nlm.nih.gov/sos3/sra-pub-zq-24/ERR009/9992/ERR9992811/ERR9992811.lite.1,ERX9533217,"UH01752621. CTB/NICD - South Africa, South Africa. UH01752621. 399",WGS,RANDOM,GENOMIC,PAIRED,0.0,0.0,ILLUMINA,Illumina NovaSeq 6000,ERP139874,PRJEB55007,,862850.0,ERS12518243,SAMEA110420168,simple,1773.0,Mycobacterium tuberculosis,SAMEA110420168,,,,,,,no,,,,,"CTB/NICD - SOUTH AFRICA, SOUTH AFRICA",ERA16499387,,public,23BB6DC4DB47B27CCC8C7BAA818567CE,9C069A5AD3FC92FF1FA32E4FC3430523
SAMEA110420167,ERR9992810,2022-07-27 21:28:40,2022-08-10 14:22:19,2833114.0,855600428.0,2833114.0,302.0,261.0,,https://sra-downloadb.be-md.ncbi.nlm.nih.gov/sos3/sra-pub-zq-22/ERR009/9992/ERR9992810/ERR9992810.lite.1,ERX9533216,"UH01745844. CTB/NICD - South Africa, South Africa. UH01745844. 398",WGS,RANDOM,GENOMIC,PAIRED,0.0,0.0,ILLUMINA,Illumina NovaSeq 6000,ERP139874,PRJEB55007,,862850.0,ERS12518242,SAMEA110420167,simple,1773.0,Mycobacterium tuberculosis,SAMEA110420167,,,,,,,no,,,,,"CTB/NICD - SOUTH AFRICA, SOUTH AFRICA",ERA16499386,,public,F12F4C1F7EF754D6AD2336FFB5F49AE3,F618F58D10ED1DBA6C2AD693F779B1D7
SAMEA110420166,ERR9992809,2022-07-27 21:28:40,2022-08-10 14:29:55,2239906.0,676451612.0,2239906.0,302.0,205.0,,https://sra-downloadb.be-md.ncbi.nlm.nih.gov/sos1/sra-pub-zq-38/ERR009/9992/ERR9992809/ERR9992809.lite.1,ERX9533215,"UH01742298. CTB/NICD - South Africa, South Africa. UH01742298. 397",WGS,RANDOM,GENOMIC,PAIRED,0.0,0.0,ILLUMINA,Illumina NovaSeq 6000,ERP139874,PRJEB55007,,862850.0,ERS12518241,SAMEA110420166,simple,1773.0,Mycobacterium tuberculosis,SAMEA110420166,,,,,,,no,,,,,"CTB/NICD - SOUTH AFRICA, SOUTH AFRICA",ERA16499385,,public,418BC57881C64FE95F44BC0BFBCD2984,683CF455C6D187103C72A54F58136C13
SAMEA110420165,ERR9992808,2022-07-27 21:28:40,2022-08-10 14:21:47,2212618.0,668210636.0,2212618.0,302.0,203.0,,https://sra-downloadb.be-md.ncbi.nlm.nih.gov/sos1/sra-pub-zq-38/ERR009/9992/ERR9992808/ERR9992808.lite.1,ERX9533214,"UH01733631. CTB/NICD - South Africa, South Africa. UH01733631. 396",WGS,RANDOM,GENOMIC,PAIRED,0.0,0.0,ILLUMINA,Illumina NovaSeq 6000,ERP139874,PRJEB55007,,862850.0,ERS12518240,SAMEA110420165,simple,1773.0,Mycobacterium tuberculosis,SAMEA110420165,,,,,,,no,,,,,"CTB/NICD - SOUTH AFRICA, SOUTH AFRICA",ERA16499384,,public,67528AFD8DC40810B58C8D3A22B0B488,C64592DDBEC92CE915C08EB20EF9EF58
SAMEA110420164,ERR9992807,2022-07-27 21:28:40,2022-08-10 14:21:43,2173242.0,656319084.0,2173242.0,302.0,200.0,,https://sra-downloadb.be-md.ncbi.nlm.nih.gov/sos2/sra-pub-zq-20/ERR009/9992/ERR9992807/ERR9992807.lite.1,ERX9533213,"UH01637177. CTB/NICD - South Africa, South Africa. UH01637177. 395",WGS,RANDOM,GENOMIC,PAIRED,0.0,0.0,ILLUMINA,Illumina NovaSeq 6000,ERP139874,PRJEB55007,,862850.0,ERS12518239,SAMEA110420164,simple,1773.0,Mycobacterium tuberculosis,SAMEA110420164,,,,,,,no,,,,,"CTB/NICD - SOUTH AFRICA, SOUTH AFRICA",ERA16499383,,public,CC30A735CE1FB45183DB96FFF3F031A9,80FFBFE2D6E027809F39A31CEAA5A90F
SAMEA110420163,ERR9992806,2022-07-27 21:28:40,2022-08-10 14:22:25,2569558.0,776006516.0,2569558.0,302.0,234.0,,https://sra-downloadb.be-md.ncbi.nlm.nih.gov/sos2/sra-pub-zq-20/ERR009/9992/ERR9992806/ERR9992806.lite.1,ERX9533212,"UH01603194. CTB/NICD - South Africa, South Africa. UH01603194. 394",WGS,RANDOM,GENOMIC,PAIRED,0.0,0.0,ILLUMINA,Illumina NovaSeq 6000,ERP139874,PRJEB55007,,862850.0,ERS12518238,SAMEA110420163,simple,1773.0,Mycobacterium tuberculosis,SAMEA110420163,,,,,,,no,,,,,"CTB/NICD - SOUTH AFRICA, SOUTH AFRICA",ERA16499382,,public,EB0657A73CFD0B4633DA47D83762B466,CBD9C523F601FF4A5EE34EF8D5F21536
SAMEA110420162,ERR9992805,2022-07-27 21:28:40,2022-08-10 14:22:32,2332743.0,704488386.0,2332743.0,302.0,214.0,,https://sra-downloadb.be-md.ncbi.nlm.nih.gov/sos3/sra-pub-zq-24/ERR009/9992/ERR9992805/ERR9992805.lite.1,ERX9533211,"UH01599051. CTB/NICD - South Africa, South Africa. UH01599051. 393",WGS,RANDOM,GENOMIC,PAIRED,0.0,0.0,ILLUMINA,Illumina NovaSeq 6000,ERP139874,PRJEB55007,,862850.0,ERS12518237,SAMEA110420162,simple,1773.0,Mycobacterium tuberculosis,SAMEA110420162,,,,,,,no,,,,,"CTB/NICD - SOUTH AFRICA, SOUTH AFRICA",ERA16499381,,public,67C27772E099B2546856590BAA6A6BD0,F55890ABE28F5C424F56BC59FA80C6D2
SAMEA110420161,ERR9992804,2022-07-27 21:28:40,2022-08-10 14:22:05,2253756.0,680634312.0,2253756.0,302.0,207.0,,https://sra-downloadb.be-md.ncbi.nlm.nih.gov/sos1/sra-pub-zq-38/ERR009/9992/ERR9992804/ERR9992804.lite.1,ERX9533210,"UH01586773. CTB/NICD - South Africa, South Africa. UH01586773. 392",WGS,RANDOM,GENOMIC,PAIRED,0.0,0.0,ILLUMINA,Illumina NovaSeq 6000,ERP139874,PRJEB55007,,862850.0,ERS12518236,SAMEA110420161,simple,1773.0,Mycobacterium tuberculosis,SAMEA110420161,,,,,,,no,,,,,"CTB/NICD - SOUTH AFRICA, SOUTH AFRICA",ERA16499380,,public,7893BD3B09D446B4083FB5CA8050DA65,DECC39BA88D0D789C50917EDFF71607A
SAMEA110420160,ERR9992803,2022-07-27 21:28:40,2022-08-10 14:21:53,2421648.0,731337696.0,2421648.0,302.0,218.0,,https://sra-downloadb.be-md.ncbi.nlm.nih.gov/sos3/sra-pub-zq-24/ERR009/9992/ERR9992803/ERR9992803.lite.1,ERX9533209,"UH01556094. CTB/NICD - South Africa, South Africa. UH01556094. 391",WGS,RANDOM,GENOMIC,PAIRED,0.0,0.0,ILLUMINA,Illumina NovaSeq 6000,ERP139874,PRJEB55007,,862850.0,ERS12518235,SAMEA110420160,simple,1773.0,Mycobacterium tuberculosis,SAMEA110420160,,,,,,,no,,,,,"CTB/NICD - SOUTH AFRICA, SOUTH AFRICA",ERA16499379,,public,8B9AE21DEF4EF08A9DB397719B62AFFD,67EC731C8E2106CBAAFC73721A2E7227
SAMEA110420159,ERR9992802,2022-07-27 21:28:40,2022-08-10 14:21:54,2329243.0,703431386.0,2329243.0,302.0,214.0,,https://sra-downloadb.be-md.ncbi.nlm.nih.gov/sos3/sra-pub-zq-24/ERR009/9992/ERR9992802/ERR9992802.lite.1,ERX9533208,"UH01527934. CTB/NICD - South Africa, South Africa. UH01527934. 390",WGS,RANDOM,GENOMIC,PAIRED,0.0,0.0,ILLUMINA,Illumina NovaSeq 6000,ERP139874,PRJEB55007,,862850.0,ERS12518234,SAMEA110420159,simple,1773.0,Mycobacterium tuberculosis,SAMEA110420159,,,,,,,no,,,,,"CTB/NICD - SOUTH AFRICA, SOUTH AFRICA",ERA16499378,,public,4E624FC27D3B845C0D5BFE8BFC693560,9F5CF402C1C09DC65BFCCF202D72BBAF
SAMEA110420158,ERR9992801,2022-07-27 21:28:40,2022-08-10 14:22:05,2400215.0,724864930.0,2400215.0,302.0,220.0,,https://sra-downloadb.be-md.ncbi.nlm.nih.gov/sos3/sra-pub-zq-24/ERR009/9992/ERR9992801/ERR9992801.lite.1,ERX9533207,"UH01500254. CTB/NICD - South Africa, South Africa. UH01500254. 389",WGS,RANDOM,GENOMIC,PAIRED,0.0,0.0,ILLUMINA,Illumina NovaSeq 6000,ERP139874,PRJEB55007,,862850.0,ERS12518233,SAMEA110420158,simple,1773.0,Mycobacterium tuberculosis,SAMEA110420158,,,,,,,no,,,,,"CTB/NICD - SOUTH AFRICA, SOUTH AFRICA",ERA16499377,,public,32F44B7084ADA8D0A90F0CFF404BF5F0,B2EE44B4C5DF7B22D9ADB9EE7BE172B2
SAMEA110420157,ERR9992800,2022-07-27 21:28:40,2022-08-10 14:21:54,2702558.0,816172516.0,2702558.0,302.0,250.0,,https://sra-downloadb.be-md.ncbi.nlm.nih.gov/sos1/sra-pub-zq-38/ERR009/9992/ERR9992800/ERR9992800.lite.1,ERX9533206,"UH01496859. CTB/NICD - South Africa, South Africa. UH01496859. 388",WGS,RANDOM,GENOMIC,PAIRED,0.0,0.0,ILLUMINA,Illumina NovaSeq 6000,ERP139874,PRJEB55007,,862850.0,ERS12518232,SAMEA110420157,simple,1773.0,Mycobacterium tuberculosis,SAMEA110420157,,,,,,,no,,,,,"CTB/NICD - SOUTH AFRICA, SOUTH AFRICA",ERA16499376,,public,DB6127C98C3A59365E45B67259D43809,A9078DF2331C79DC928052F5D2E2BBF0
SAMEA110420156,ERR9992799,2022-07-27 21:28:40,2022-08-10 14:21:51,2522161.0,761692622.0,2522161.0,302.0,230.0,,https://sra-downloadb.be-md.ncbi.nlm.nih.gov/sos1/sra-pub-zq-38/ERR009/9992/ERR9992799/ERR9992799.lite.1,ERX9533205,"UH01479149. CTB/NICD - South Africa, South Africa. UH01479149. 387",WGS,RANDOM,GENOMIC,PAIRED,0.0,0.0,ILLUMINA,Illumina NovaSeq 6000,ERP139874,PRJEB55007,,862850.0,ERS12518231,SAMEA110420156,simple,1773.0,Mycobacterium tuberculosis,SAMEA110420156,,,,,,,no,,,,,"CTB/NICD - SOUTH AFRICA, SOUTH AFRICA",ERA16499375,,public,1523176212A968270AEE05AECF66B02A,175B23145616D5B5CB4FB8CCA491E1A8
SAMEA110420155,ERR9992798,2022-07-27 21:28:40,2022-08-10 14:21:49,2415191.0,729387682.0,2415191.0,302.0,218.0,,https://sra-downloadb.be-md.ncbi.nlm.nih.gov/sos1/sra-pub-zq-38/ERR009/9992/ERR9992798/ERR9992798.lite.1,ERX9533204,"UH01429987. CTB/NICD - South Africa, South Africa. UH01429987. 386",WGS,RANDOM,GENOMIC,PAIRED,0.0,0.0,ILLUMINA,Illumina NovaSeq 6000,ERP139874,PRJEB55007,,862850.0,ERS12518230,SAMEA110420155,simple,1773.0,Mycobacterium tuberculosis,SAMEA110420155,,,,,,,no,,,,,"CTB/NICD - SOUTH AFRICA, SOUTH AFRICA",ERA16499374,,public,0CE62F248BB387671796C767A122FA1C,7769C861347834FFCC7CCC450E53C6BF
SAMEA110420154,ERR9992797,2022-07-27 21:28:40,2022-08-10 14:22:03,2556233.0,771982366.0,2556233.0,302.0,232.0,,https://sra-downloadb.be-md.ncbi.nlm.nih.gov/sos3/sra-pub-zq-22/ERR009/9992/ERR9992797/ERR9992797.lite.1,ERX9533203,"UH01339747. CTB/NICD - South Africa, South Africa. UH01339747. 384",WGS,RANDOM,GENOMIC,PAIRED,0.0,0.0,ILLUMINA,Illumina NovaSeq 6000,ERP139874,PRJEB55007,,862850.0,ERS12518229,SAMEA110420154,simple,1773.0,Mycobacterium tuberculosis,SAMEA110420154,,,,,,,no,,,,,"CTB/NICD - SOUTH AFRICA, SOUTH AFRICA",ERA16499373,,public,E1B04D3B76B5B6ADD25A9A1A3706954E,771DE243C833EC26051F6626DD2D8DB7
SAMEA110420153,ERR9992796,2022-07-27 21:28:40,2022-08-10 14:22:14,2575198.0,777709796.0,2575198.0,302.0,234.0,,https://sra-downloadb.be-md.ncbi.nlm.nih.gov/sos3/sra-pub-zq-24/ERR009/9992/ERR9992796/ERR9992796.lite.1,ERX9533202,"YA00148576. CTB/NICD - South Africa, South Africa. YA00148576. 383",WGS,RANDOM,GENOMIC,PAIRED,0.0,0.0,ILLUMINA,Illumina NovaSeq 6000,ERP139874,PRJEB55007,,862850.0,ERS12518228,SAMEA110420153,simple,1773.0,Mycobacterium tuberculosis,SAMEA110420153,,,,,,,no,,,,,"CTB/NICD - SOUTH AFRICA, SOUTH AFRICA",ERA16499372,,public,7D1BA3B369CE9E288015971FA5AA4DA2,32781728EB27848DFE22F03EBAA3D600
SAMEA110420152,ERR9992795,2022-07-27 21:28:40,2022-08-10 14:21:48,2465881.0,744696062.0,2465881.0,302.0,227.0,,https://sra-downloadb.be-md.ncbi.nlm.nih.gov/sos2/sra-pub-zq-20/ERR009/9992/ERR9992795/ERR9992795.lite.1,ERX9533201,"UH01335399. CTB/NICD - South Africa, South Africa. UH01335399. 382",WGS,RANDOM,GENOMIC,PAIRED,0.0,0.0,ILLUMINA,Illumina NovaSeq 6000,ERP139874,PRJEB55007,,862850.0,ERS12518227,SAMEA110420152,simple,1773.0,Mycobacterium tuberculosis,SAMEA110420152,,,,,,,no,,,,,"CTB/NICD - SOUTH AFRICA, SOUTH AFRICA",ERA16499371,,public,4125536169A608024DB465D408D5B8EF,1F289D80E0D4DD5959DE69AF8963CF11
SAMEA110420151,ERR9992794,2022-07-27 21:28:40,2022-08-10 14:22:30,2416882.0,729898364.0,2416882.0,302.0,219.0,,https://sra-downloadb.be-md.ncbi.nlm.nih.gov/sos3/sra-pub-zq-22/ERR009/9992/ERR9992794/ERR9992794.lite.1,ERX9533200,"UH01326045. CTB/NICD - South Africa, South Africa. UH01326045. 381",WGS,RANDOM,GENOMIC,PAIRED,0.0,0.0,ILLUMINA,Illumina NovaSeq 6000,ERP139874,PRJEB55007,,862850.0,ERS12518226,SAMEA110420151,simple,1773.0,Mycobacterium tuberculosis,SAMEA110420151,,,,,,,no,,,,,"CTB/NICD - SOUTH AFRICA, SOUTH AFRICA",ERA16499370,,public,D661B1EC3A141D02BB125DC35F4BDFBF,B62B1AC032AC37F822D7DB68104BCA98
SAMEA110420150,ERR9992793,2022-07-27 21:28:40,2022-08-10 14:22:09,2243144.0,677429488.0,2243144.0,302.0,204.0,,https://sra-downloadb.be-md.ncbi.nlm.nih.gov/sos3/sra-pub-zq-24/ERR009/9992/ERR9992793/ERR9992793.lite.1,ERX9533199,"UH01113829. CTB/NICD - South Africa, South Africa. UH01113829. 1191",WGS,RANDOM,GENOMIC,PAIRED,0.0,0.0,ILLUMINA,Illumina NovaSeq 6000,ERP139874,PRJEB55007,,862850.0,ERS12518225,SAMEA110420150,simple,1773.0,Mycobacterium tuberculosis,SAMEA110420150,,,,,,,no,,,,,"CTB/NICD - SOUTH AFRICA, SOUTH AFRICA",ERA16499369,,public,7FD766688487340D7E878119B4C972C8,0552512E62423877F0BEF3FB92F21C0C
SAMEA110420149,ERR9992792,2022-07-27 21:28:40,2022-08-10 14:22:10,2678122.0,808792844.0,2678122.0,302.0,244.0,,https://sra-downloadb.be-md.ncbi.nlm.nih.gov/sos1/sra-pub-zq-38/ERR009/9992/ERR9992792/ERR9992792.lite.1,ERX9533198,"TE00149975. CTB/NICD - South Africa, South Africa. TE00149975. 1190",WGS,RANDOM,GENOMIC,PAIRED,0.0,0.0,ILLUMINA,Illumina NovaSeq 6000,ERP139874,PRJEB55007,,862850.0,ERS12518224,SAMEA110420149,simple,1773.0,Mycobacterium tuberculosis,SAMEA110420149,,,,,,,no,,,,,"CTB/NICD - SOUTH AFRICA, SOUTH AFRICA",ERA16499368,,public,72CC0997F730235F40241C3E53AD87F4,FF87DAEEFF78A7A31F4AFB8F4142701E
SAMEA110420148,ERR9992791,2022-07-27 21:28:40,2022-08-10 14:21:49,2404666.0,726209132.0,2404666.0,302.0,217.0,,https://sra-downloadb.be-md.ncbi.nlm.nih.gov/sos1/sra-pub-zq-38/ERR009/9992/ERR9992791/ERR9992791.lite.1,ERX9533197,"CI00718741. CTB/NICD - South Africa, South Africa. CI00718741. 1189",WGS,RANDOM,GENOMIC,PAIRED,0.0,0.0,ILLUMINA,Illumina NovaSeq 6000,ERP139874,PRJEB55007,,862850.0,ERS12518223,SAMEA110420148,simple,1773.0,Mycobacterium tuberculosis,SAMEA110420148,,,,,,,no,,,,,"CTB/NICD - SOUTH AFRICA, SOUTH AFRICA",ERA16499367,,public,1A0FEA7F909708C6BDA858DFC10134FA,7889D750D36A82F82237D7A1C5F52CEB
SAMEA110420147,ERR9992790,2022-07-27 21:28:40,2022-08-10 14:21:53,2002329.0,604703358.0,2002329.0,302.0,185.0,,https://sra-downloadb.be-md.ncbi.nlm.nih.gov/sos1/sra-pub-zq-38/ERR009/9992/ERR9992790/ERR9992790.lite.1,ERX9533196,"BC02110348. CTB/NICD - South Africa, South Africa. BC02110348. 1188",WGS,RANDOM,GENOMIC,PAIRED,0.0,0.0,ILLUMINA,Illumina NovaSeq 6000,ERP139874,PRJEB55007,,862850.0,ERS12518222,SAMEA110420147,simple,1773.0,Mycobacterium tuberculosis,SAMEA110420147,,,,,,,no,,,,,"CTB/NICD - SOUTH AFRICA, SOUTH AFRICA",ERA16499366,,public,54BF0BF869748FDEE16D0883F03E0E5D,996C1388998AC3A9FF1AFED4EC1A7D07
SAMEA110420146,ERR9992789,2022-07-27 21:28:40,2022-08-10 14:21:47,2241367.0,676892834.0,2241367.0,302.0,206.0,,https://sra-downloadb.be-md.ncbi.nlm.nih.gov/sos3/sra-pub-zq-22/ERR009/9992/ERR9992789/ERR9992789.lite.1,ERX9533195,"YA00168282. CTB/NICD - South Africa, South Africa. YA00168282. 1187",WGS,RANDOM,GENOMIC,PAIRED,0.0,0.0,ILLUMINA,Illumina NovaSeq 6000,ERP139874,PRJEB55007,,862850.0,ERS12518221,SAMEA110420146,simple,1773.0,Mycobacterium tuberculosis,SAMEA110420146,,,,,,,no,,,,,"CTB/NICD - SOUTH AFRICA, SOUTH AFRICA",ERA16499365,,public,A9D1AE90FC77FB1042B805954C609BB0,4D68A73C52DDC766F931E7824EC9169B
SAMEA110420145,ERR9992788,2022-07-27 21:28:40,2022-08-10 14:21:46,2327337.0,702855774.0,2327337.0,302.0,214.0,,https://sra-downloadb.be-md.ncbi.nlm.nih.gov/sos2/sra-pub-zq-20/ERR009/9992/ERR9992788/ERR9992788.lite.1,ERX9533194,"YA00166775. CTB/NICD - South Africa, South Africa. YA00166775. 1186",WGS,RANDOM,GENOMIC,PAIRED,0.0,0.0,ILLUMINA,Illumina NovaSeq 6000,ERP139874,PRJEB55007,,862850.0,ERS12518220,SAMEA110420145,simple,1773.0,Mycobacterium tuberculosis,SAMEA110420145,,,,,,,no,,,,,"CTB/NICD - SOUTH AFRICA, SOUTH AFRICA",ERA16499364,,public,ADA94814A994E92140112C55933081EE,AB266BD6B50BE81048FA161BE7530579
SAMEA110420144,ERR9992787,2022-07-27 21:28:40,2022-08-10 14:21:52,1858361.0,561225022.0,1858361.0,302.0,170.0,,https://sra-downloadb.be-md.ncbi.nlm.nih.gov/sos3/sra-pub-zq-22/ERR009/9992/ERR9992787/ERR9992787.lite.1,ERX9533193,"YA00154192. CTB/NICD - South Africa, South Africa. YA00154192. 1185",WGS,RANDOM,GENOMIC,PAIRED,0.0,0.0,ILLUMINA,Illumina NovaSeq 6000,ERP139874,PRJEB55007,,862850.0,ERS12518219,SAMEA110420144,simple,1773.0,Mycobacterium tuberculosis,SAMEA110420144,,,,,,,no,,,,,"CTB/NICD - SOUTH AFRICA, SOUTH AFRICA",ERA16499363,,public,470B0CCB6EFA9EBDB28EE71A7E58275B,006CE98711971CF11A1A0E7B83BAEB22
SAMEA110420143,ERR9992786,2022-07-27 21:28:40,2022-08-10 14:22:07,2312970.0,698516940.0,2312970.0,302.0,209.0,,https://sra-downloadb.be-md.ncbi.nlm.nih.gov/sos1/sra-pub-zq-38/ERR009/9992/ERR9992786/ERR9992786.lite.1,ERX9533192,"YA00146124. CTB/NICD - South Africa, South Africa. YA00146124. 1184",WGS,RANDOM,GENOMIC,PAIRED,0.0,0.0,ILLUMINA,Illumina NovaSeq 6000,ERP139874,PRJEB55007,,862850.0,ERS12518218,SAMEA110420143,simple,1773.0,Mycobacterium tuberculosis,SAMEA110420143,,,,,,,no,,,,,"CTB/NICD - SOUTH AFRICA, SOUTH AFRICA",ERA16499362,,public,359067B237C537929FDECABBA6505EEF,7BC1D767FFB4CDB5691140961109E889
SAMEA110420142,ERR9992785,2022-07-27 21:28:40,2022-08-10 14:21:52,2129821.0,643205942.0,2129821.0,302.0,192.0,,https://sra-downloadb.be-md.ncbi.nlm.nih.gov/sos1/sra-pub-zq-38/ERR009/9992/ERR9992785/ERR9992785.lite.1,ERX9533191,"YA00126570. CTB/NICD - South Africa, South Africa. YA00126570. 1182",WGS,RANDOM,GENOMIC,PAIRED,0.0,0.0,ILLUMINA,Illumina NovaSeq 6000,ERP139874,PRJEB55007,,862850.0,ERS12518217,SAMEA110420142,simple,1773.0,Mycobacterium tuberculosis,SAMEA110420142,,,,,,,no,,,,,"CTB/NICD - SOUTH AFRICA, SOUTH AFRICA",ERA16499361,,public,E173086183C6F6CCE5FD47CDD1C4B322,E6C9D564487903AA0E1C4D817E8AAF04
SAMEA110420141,ERR9992784,2022-07-27 21:28:40,2022-08-10 14:22:01,2392485.0,722530470.0,2392485.0,302.0,220.0,,https://sra-downloadb.be-md.ncbi.nlm.nih.gov/sos3/sra-pub-zq-24/ERR009/9992/ERR9992784/ERR9992784.lite.1,ERX9533190,"XK00954646. CTB/NICD - South Africa, South Africa. XK00954646. 1181",WGS,RANDOM,GENOMIC,PAIRED,0.0,0.0,ILLUMINA,Illumina NovaSeq 6000,ERP139874,PRJEB55007,,862850.0,ERS12518216,SAMEA110420141,simple,1773.0,Mycobacterium tuberculosis,SAMEA110420141,,,,,,,no,,,,,"CTB/NICD - SOUTH AFRICA, SOUTH AFRICA",ERA16499360,,public,3446772043484D8A5864E9D311FB5024,835575442DF40567D0E220D0F4DD5589
SAMEA110420140,ERR9992782,2022-07-27 21:28:40,2022-08-10 14:21:47,1596133.0,482032166.0,1596133.0,302.0,145.0,,https://sra-downloadb.be-md.ncbi.nlm.nih.gov/sos1/sra-pub-zq-38/ERR009/9992/ERR9992782/ERR9992782.lite.1,ERX9533189,"XD02671061. CTB/NICD - South Africa, South Africa. XD02671061. 1179",WGS,RANDOM,GENOMIC,PAIRED,0.0,0.0,ILLUMINA,Illumina NovaSeq 6000,ERP139874,PRJEB55007,,862850.0,ERS12518215,SAMEA110420140,simple,1773.0,Mycobacterium tuberculosis,SAMEA110420140,,,,,,,no,,,,,"CTB/NICD - SOUTH AFRICA, SOUTH AFRICA",ERA16499358,,public,A6ED8C73E1B4E4813764A83FB31D1CFC,EDC2B881CD8806B36BD4162D159CA3EE
SAMEA110420139,ERR9992781,2022-07-27 21:28:40,2022-08-10 14:21:49,1975238.0,596521876.0,1975238.0,302.0,181.0,,https://sra-downloadb.be-md.ncbi.nlm.nih.gov/sos3/sra-pub-zq-24/ERR009/9992/ERR9992781/ERR9992781.lite.1,ERX9533188,"XD02658888. CTB/NICD - South Africa, South Africa. XD02658888. 1178",WGS,RANDOM,GENOMIC,PAIRED,0.0,0.0,ILLUMINA,Illumina NovaSeq 6000,ERP139874,PRJEB55007,,862850.0,ERS12518214,SAMEA110420139,simple,1773.0,Mycobacterium tuberculosis,SAMEA110420139,,,,,,,no,,,,,"CTB/NICD - SOUTH AFRICA, SOUTH AFRICA",ERA16499357,,public,7C5BD2ABAFD342295B264FAC674FC883,419DCBB18C0D92A8D9A86F75AEA92785
SAMEA110420138,ERR9992780,2022-07-27 21:28:40,2022-08-10 14:21:58,1887694.0,570083588.0,1887694.0,302.0,172.0,,https://sra-downloadb.be-md.ncbi.nlm.nih.gov/sos4/sra-pub-zq-1/ERR009/9992/ERR9992780/ERR9992780.lite.1,ERX9533187,"XD02620199. CTB/NICD - South Africa, South Africa. XD02620199. 1177",WGS,RANDOM,GENOMIC,PAIRED,0.0,0.0,ILLUMINA,Illumina NovaSeq 6000,ERP139874,PRJEB55007,,862850.0,ERS12518213,SAMEA110420138,simple,1773.0,Mycobacterium tuberculosis,SAMEA110420138,,,,,,,no,,,,,"CTB/NICD - SOUTH AFRICA, SOUTH AFRICA",ERA16499356,,public,0246F2812E548F416C3BC9FF758081B1,DC304BD4191A4286D4895381EF7D3E51
SAMEA110420137,ERR9992779,2022-07-27 21:28:40,2022-08-10 14:28:52,1932091.0,583491482.0,1932091.0,302.0,176.0,,https://sra-downloadb.be-md.ncbi.nlm.nih.gov/sos3/sra-pub-zq-24/ERR009/9992/ERR9992779/ERR9992779.lite.1,ERX9533186,"XD02527842. CTB/NICD - South Africa, South Africa. XD02527842. 1176",WGS,RANDOM,GENOMIC,PAIRED,0.0,0.0,ILLUMINA,Illumina NovaSeq 6000,ERP139874,PRJEB55007,,862850.0,ERS12518212,SAMEA110420137,simple,1773.0,Mycobacterium tuberculosis,SAMEA110420137,,,,,,,no,,,,,"CTB/NICD - SOUTH AFRICA, SOUTH AFRICA",ERA16499355,,public,6DA07E5C06591FDDCE596CE0D3780ABA,D04245615FB2B14CE070153D0E9A98FA
SAMEA110420136,ERR9992778,2022-07-27 21:28:40,2022-08-10 14:21:55,1943420.0,586912840.0,1943420.0,302.0,179.0,,https://sra-downloadb.be-md.ncbi.nlm.nih.gov/sos3/sra-pub-zq-24/ERR009/9992/ERR9992778/ERR9992778.lite.1,ERX9533185,"XD02464068. CTB/NICD - South Africa, South Africa. XD02464068. 1175",WGS,RANDOM,GENOMIC,PAIRED,0.0,0.0,ILLUMINA,Illumina NovaSeq 6000,ERP139874,PRJEB55007,,862850.0,ERS12518211,SAMEA110420136,simple,1773.0,Mycobacterium tuberculosis,SAMEA110420136,,,,,,,no,,,,,"CTB/NICD - SOUTH AFRICA, SOUTH AFRICA",ERA16499354,,public,4E095C6F72A0C6887E0A2097FD1922E0,974B7A6B32A2AE4DA13CC5D11F671A23
SAMEA110420135,ERR9992777,2022-07-27 21:28:40,2022-08-10 14:22:15,2813833.0,849777566.0,2813833.0,302.0,256.0,,https://sra-downloadb.be-md.ncbi.nlm.nih.gov/sos2/sra-pub-zq-20/ERR009/9992/ERR9992777/ERR9992777.lite.1,ERX9533184,"XD02338286. CTB/NICD - South Africa, South Africa. XD02338286. 1174",WGS,RANDOM,GENOMIC,PAIRED,0.0,0.0,ILLUMINA,Illumina NovaSeq 6000,ERP139874,PRJEB55007,,862850.0,ERS12518210,SAMEA110420135,simple,1773.0,Mycobacterium tuberculosis,SAMEA110420135,,,,,,,no,,,,,"CTB/NICD - SOUTH AFRICA, SOUTH AFRICA",ERA16499353,,public,0C2D7A2C5ED1D34DB5DA08DEDD025D71,35074A0A0757B76FBBA79C0631A25189
SAMEA110420134,ERR9992776,2022-07-27 21:28:40,2022-08-10 14:22:08,2020103.0,610071106.0,2020103.0,302.0,184.0,,https://sra-downloadb.be-md.ncbi.nlm.nih.gov/sos1/sra-pub-zq-38/ERR009/9992/ERR9992776/ERR9992776.lite.1,ERX9533183,"XD02236373. CTB/NICD - South Africa, South Africa. XD02236373. 1173",WGS,RANDOM,GENOMIC,PAIRED,0.0,0.0,ILLUMINA,Illumina NovaSeq 6000,ERP139874,PRJEB55007,,862850.0,ERS12518209,SAMEA110420134,simple,1773.0,Mycobacterium tuberculosis,SAMEA110420134,,,,,,,no,,,,,"CTB/NICD - SOUTH AFRICA, SOUTH AFRICA",ERA16499352,,public,5BE32C2C55DE3F9B331C68352E032D78,35A25BEA7A11BB90DAE5D9654CC0302E
SAMEA110420133,ERR9992775,2022-07-27 21:28:40,2022-08-10 14:22:09,2405053.0,726326006.0,2405053.0,302.0,218.0,,https://sra-downloadb.be-md.ncbi.nlm.nih.gov/sos1/sra-pub-zq-38/ERR009/9992/ERR9992775/ERR9992775.lite.1,ERX9533182,"WK00323522. CTB/NICD - South Africa, South Africa. WK00323522. 1172",WGS,RANDOM,GENOMIC,PAIRED,0.0,0.0,ILLUMINA,Illumina NovaSeq 6000,ERP139874,PRJEB55007,,862850.0,ERS12518208,SAMEA110420133,simple,1773.0,Mycobacterium tuberculosis,SAMEA110420133,,,,,,,no,,,,,"CTB/NICD - SOUTH AFRICA, SOUTH AFRICA",ERA16499351,,public,BD829919E58AA4D2E3AE4954D6E32A34,ADDD296A74F70F27D00F303ED1CCBB33
SAMEA110420131,ERR9992773,2022-07-27 21:28:40,2022-08-10 14:21:57,2114486.0,638574772.0,2114486.0,302.0,194.0,,https://sra-downloadb.be-md.ncbi.nlm.nih.gov/sos3/sra-pub-zq-24/ERR009/9992/ERR9992773/ERR9992773.lite.1,ERX9533180,"UH01234713. CTB/NICD - South Africa, South Africa. UH01234713. 1170",WGS,RANDOM,GENOMIC,PAIRED,0.0,0.0,ILLUMINA,Illumina NovaSeq 6000,ERP139874,PRJEB55007,,862850.0,ERS12518206,SAMEA110420131,simple,1773.0,Mycobacterium tuberculosis,SAMEA110420131,,,,,,,no,,,,,"CTB/NICD - SOUTH AFRICA, SOUTH AFRICA",ERA16499349,,public,976A5335E552CAB0F5116C468C688C31,CA06DEBC0674D68BD2BB05A014F3694A
SAMEA110420130,ERR9992772,2022-07-27 21:28:40,2022-08-10 14:22:07,2065800.0,623871600.0,2065800.0,302.0,186.0,,https://sra-downloadb.be-md.ncbi.nlm.nih.gov/sos3/sra-pub-zq-24/ERR009/9992/ERR9992772/ERR9992772.lite.1,ERX9533179,"UH01212145. CTB/NICD - South Africa, South Africa. UH01212145. 1168",WGS,RANDOM,GENOMIC,PAIRED,0.0,0.0,ILLUMINA,Illumina NovaSeq 6000,ERP139874,PRJEB55007,,862850.0,ERS12518205,SAMEA110420130,simple,1773.0,Mycobacterium tuberculosis,SAMEA110420130,,,,,,,no,,,,,"CTB/NICD - SOUTH AFRICA, SOUTH AFRICA",ERA16499348,,public,28615D4CB79D0E303BD7A61CC3960608,28EA8BAF018711216BC384772DCF5718
SAMEA110420129,ERR9992771,2022-07-27 21:28:40,2022-08-10 14:21:56,2242501.0,677235302.0,2242501.0,302.0,202.0,,https://sra-downloadb.be-md.ncbi.nlm.nih.gov/sos2/sra-pub-zq-20/ERR009/9992/ERR9992771/ERR9992771.lite.1,ERX9533178,"UH01192938. CTB/NICD - South Africa, South Africa. UH01192938. 1167",WGS,RANDOM,GENOMIC,PAIRED,0.0,0.0,ILLUMINA,Illumina NovaSeq 6000,ERP139874,PRJEB55007,,862850.0,ERS12518204,SAMEA110420129,simple,1773.0,Mycobacterium tuberculosis,SAMEA110420129,,,,,,,no,,,,,"CTB/NICD - SOUTH AFRICA, SOUTH AFRICA",ERA16499347,,public,993464DDB9066E0912CC9620C004B55D,BAD82B4A607CB642FBA72EC59B70D33D
SAMEA110420127,ERR9992769,2022-07-27 21:28:40,2022-08-10 14:21:41,1930453.0,582996806.0,1930453.0,302.0,178.0,,https://sra-downloadb.be-md.ncbi.nlm.nih.gov/sos3/sra-pub-zq-24/ERR009/9992/ERR9992769/ERR9992769.lite.1,ERX9533176,"TI00061157. CTB/NICD - South Africa, South Africa. TI00061157. 1165",WGS,RANDOM,GENOMIC,PAIRED,0.0,0.0,ILLUMINA,Illumina NovaSeq 6000,ERP139874,PRJEB55007,,862850.0,ERS12518202,SAMEA110420127,simple,1773.0,Mycobacterium tuberculosis,SAMEA110420127,,,,,,,no,,,,,"CTB/NICD - SOUTH AFRICA, SOUTH AFRICA",ERA16499345,,public,A2ADBB041D6E6C283688D8E6EECD62C0,30B3246D6DF6A5192C48232DD22655D4
SAMEA110420126,ERR9992768,2022-07-27 21:28:40,2022-08-10 14:21:54,1895021.0,572296342.0,1895021.0,302.0,177.0,,https://sra-downloadb.be-md.ncbi.nlm.nih.gov/sos3/sra-pub-zq-22/ERR009/9992/ERR9992768/ERR9992768.lite.1,ERX9533175,"TD03093132. CTB/NICD - South Africa, South Africa. TD03093132. 1164",WGS,RANDOM,GENOMIC,PAIRED,0.0,0.0,ILLUMINA,Illumina NovaSeq 6000,ERP139874,PRJEB55007,,862850.0,ERS12518201,SAMEA110420126,simple,1773.0,Mycobacterium tuberculosis,SAMEA110420126,,,,,,,no,,,,,"CTB/NICD - SOUTH AFRICA, SOUTH AFRICA",ERA16499344,,public,A99B6531C8BA188658804EEB5DEBB4CC,63B8B7589FAF2DC7D99E08E098DD3E2B
SAMEA110420125,ERR9992767,2022-07-27 21:28:40,2022-08-10 14:21:42,1444786.0,436325372.0,1444786.0,302.0,133.0,,https://sra-downloadb.be-md.ncbi.nlm.nih.gov/sos3/sra-pub-zq-22/ERR009/9992/ERR9992767/ERR9992767.lite.1,ERX9533174,"TD03093100. CTB/NICD - South Africa, South Africa. TD03093100. 1163",WGS,RANDOM,GENOMIC,PAIRED,0.0,0.0,ILLUMINA,Illumina NovaSeq 6000,ERP139874,PRJEB55007,,862850.0,ERS12518200,SAMEA110420125,simple,1773.0,Mycobacterium tuberculosis,SAMEA110420125,,,,,,,no,,,,,"CTB/NICD - SOUTH AFRICA, SOUTH AFRICA",ERA16499343,,public,CFA81D6CCBDFADA3FC2F17157BFFB6B7,71E6809E7A298D0B0850617E276F91B6
SAMEA110420124,ERR9992766,2022-07-27 21:28:40,2022-08-10 14:22:09,1989933.0,600959766.0,1989933.0,302.0,182.0,,https://sra-downloadb.be-md.ncbi.nlm.nih.gov/sos1/sra-pub-zq-38/ERR009/9992/ERR9992766/ERR9992766.lite.1,ERX9533173,"TD03093065. CTB/NICD - South Africa, South Africa. TD03093065. 1162",WGS,RANDOM,GENOMIC,PAIRED,0.0,0.0,ILLUMINA,Illumina NovaSeq 6000,ERP139874,PRJEB55007,,862850.0,ERS12518199,SAMEA110420124,simple,1773.0,Mycobacterium tuberculosis,SAMEA110420124,,,,,,,no,,,,,"CTB/NICD - SOUTH AFRICA, SOUTH AFRICA",ERA16499342,,public,2B8BB85E3B4C4B24C3E0B2EAFCD8816D,B3AC9A8A64F78474CEE7CF4FF909F34C
SAMEA110420123,ERR9992765,2022-07-27 21:28:40,2022-08-10 14:21:57,2220670.0,670642340.0,2220670.0,302.0,201.0,,https://sra-downloadb.be-md.ncbi.nlm.nih.gov/sos3/sra-pub-zq-24/ERR009/9992/ERR9992765/ERR9992765.lite.1,ERX9533172,"TA00293785. CTB/NICD - South Africa, South Africa. TA00293785. 1160",WGS,RANDOM,GENOMIC,PAIRED,0.0,0.0,ILLUMINA,Illumina NovaSeq 6000,ERP139874,PRJEB55007,,862850.0,ERS12518198,SAMEA110420123,simple,1773.0,Mycobacterium tuberculosis,SAMEA110420123,,,,,,,no,,,,,"CTB/NICD - SOUTH AFRICA, SOUTH AFRICA",ERA16499341,,public,DAA529F9E8A8D8918F193B3E2B8670D5,BAA274788AC1D3329340DA7565AFFC19
SAMEA110420122,ERR9992764,2022-07-27 21:28:40,2022-08-10 14:22:22,2477892.0,748323384.0,2477892.0,302.0,226.0,,https://sra-downloadb.be-md.ncbi.nlm.nih.gov/sos1/sra-pub-zq-38/ERR009/9992/ERR9992764/ERR9992764.lite.1,ERX9533171,"PS01140684. CTB/NICD - South Africa, South Africa. PS01140684. 1159",WGS,RANDOM,GENOMIC,PAIRED,0.0,0.0,ILLUMINA,Illumina NovaSeq 6000,ERP139874,PRJEB55007,,862850.0,ERS12518197,SAMEA110420122,simple,1773.0,Mycobacterium tuberculosis,SAMEA110420122,,,,,,,no,,,,,"CTB/NICD - SOUTH AFRICA, SOUTH AFRICA",ERA16499340,,public,DA559C1A3EAE9C7328D2A1E1AC2CBDBC,9ACF58054098276EA6741049AB73FF1D
SAMEA110420121,ERR9992763,2022-07-27 21:28:40,2022-08-10 14:22:09,2505408.0,756633216.0,2505408.0,302.0,229.0,,https://sra-downloadb.be-md.ncbi.nlm.nih.gov/sos3/sra-pub-zq-24/ERR009/9992/ERR9992763/ERR9992763.lite.1,ERX9533170,"PS00939507. CTB/NICD - South Africa, South Africa. PS00939507. 1158",WGS,RANDOM,GENOMIC,PAIRED,0.0,0.0,ILLUMINA,Illumina NovaSeq 6000,ERP139874,PRJEB55007,,862850.0,ERS12518196,SAMEA110420121,simple,1773.0,Mycobacterium tuberculosis,SAMEA110420121,,,,,,,no,,,,,"CTB/NICD - SOUTH AFRICA, SOUTH AFRICA",ERA16499339,,public,FD1EB8778F2DAB5B91C81C82CC5E08F2,EF12DBA8941B85A3AD4A01BF79EE7F9D
SAMEA110420120,ERR9992762,2022-07-27 21:28:40,2022-08-10 14:21:43,1769040.0,534250080.0,1769040.0,302.0,164.0,,https://sra-downloadb.be-md.ncbi.nlm.nih.gov/sos4/sra-pub-zq-1/ERR009/9992/ERR9992762/ERR9992762.lite.1,ERX9533169,"OA01700263. CTB/NICD - South Africa, South Africa. OA01700263. 1157",WGS,RANDOM,GENOMIC,PAIRED,0.0,0.0,ILLUMINA,Illumina NovaSeq 6000,ERP139874,PRJEB55007,,862850.0,ERS12518195,SAMEA110420120,simple,1773.0,Mycobacterium tuberculosis,SAMEA110420120,,,,,,,no,,,,,"CTB/NICD - SOUTH AFRICA, SOUTH AFRICA",ERA16499338,,public,79F9B1A670530E924614898675EABAFE,B2450CFFB84E4E3247D0CD74277DA7E1
SAMEA110420119,ERR9992761,2022-07-27 21:28:40,2022-08-10 14:21:52,1820479.0,549784658.0,1820479.0,302.0,170.0,,https://sra-downloadb.be-md.ncbi.nlm.nih.gov/sos2/sra-pub-zq-20/ERR009/9992/ERR9992761/ERR9992761.lite.1,ERX9533168,"XN00665175. CTB/NICD - South Africa, South Africa. XN00665175. 1156",WGS,RANDOM,GENOMIC,PAIRED,0.0,0.0,ILLUMINA,Illumina NovaSeq 6000,ERP139874,PRJEB55007,,862850.0,ERS12518194,SAMEA110420119,simple,1773.0,Mycobacterium tuberculosis,SAMEA110420119,,,,,,,no,,,,,"CTB/NICD - SOUTH AFRICA, SOUTH AFRICA",ERA16499337,,public,AA80D953434D001199AEAEB025B821CE,B822880A0A92A6EF2170F1223BB96B17
SAMEA110420118,ERR9992760,2022-07-27 21:28:40,2022-08-10 14:21:47,2326117.0,702487334.0,2326117.0,302.0,212.0,,https://sra-downloadb.be-md.ncbi.nlm.nih.gov/sos3/sra-pub-zq-24/ERR009/9992/ERR9992760/ERR9992760.lite.1,ERX9533167,"XG00355511. CTB/NICD - South Africa, South Africa. XG00355511. 1155",WGS,RANDOM,GENOMIC,PAIRED,0.0,0.0,ILLUMINA,Illumina NovaSeq 6000,ERP139874,PRJEB55007,,862850.0,ERS12518193,SAMEA110420118,simple,1773.0,Mycobacterium tuberculosis,SAMEA110420118,,,,,,,no,,,,,"CTB/NICD - SOUTH AFRICA, SOUTH AFRICA",ERA16499336,,public,56DE0BDEF49C02910A500362B1B5A7C7,E3E6E386C0F9554291E80B18DD841A39
SAMEA110420117,ERR9992759,2022-07-27 21:28:40,2022-08-10 14:21:49,2267709.0,684848118.0,2267709.0,302.0,208.0,,https://sra-downloadb.be-md.ncbi.nlm.nih.gov/sos3/sra-pub-zq-24/ERR009/9992/ERR9992759/ERR9992759.lite.1,ERX9533166,"XD03366208. CTB/NICD - South Africa, South Africa. XD03366208. 1154",WGS,RANDOM,GENOMIC,PAIRED,0.0,0.0,ILLUMINA,Illumina NovaSeq 6000,ERP139874,PRJEB55007,,862850.0,ERS12518192,SAMEA110420117,simple,1773.0,Mycobacterium tuberculosis,SAMEA110420117,,,,,,,no,,,,,"CTB/NICD - SOUTH AFRICA, SOUTH AFRICA",ERA16499335,,public,6DE818A86C5C5669AABEEF3742118CF4,AE8576889E61DBAC6A8841A07510F0C6
SAMEA110420116,ERR9992758,2022-07-27 21:28:40,2022-08-10 14:29:46,2232973.0,674357846.0,2232973.0,302.0,205.0,,https://sra-downloadb.be-md.ncbi.nlm.nih.gov/sos1/sra-pub-zq-38/ERR009/9992/ERR9992758/ERR9992758.lite.1,ERX9533165,"XD03315261. CTB/NICD - South Africa, South Africa. XD03315261. 1153",WGS,RANDOM,GENOMIC,PAIRED,0.0,0.0,ILLUMINA,Illumina NovaSeq 6000,ERP139874,PRJEB55007,,862850.0,ERS12518191,SAMEA110420116,simple,1773.0,Mycobacterium tuberculosis,SAMEA110420116,,,,,,,no,,,,,"CTB/NICD - SOUTH AFRICA, SOUTH AFRICA",ERA16499334,,public,C29DAEDAF79F37C81585D2B23EF7339E,E194DCAFC8F54E70FA0C8AA8307CFE9E
SAMEA110420115,ERR9992757,2022-07-27 21:28:40,2022-08-10 14:21:49,2253555.0,680573610.0,2253555.0,302.0,207.0,,https://sra-downloadb.be-md.ncbi.nlm.nih.gov/sos1/sra-pub-zq-38/ERR009/9992/ERR9992757/ERR9992757.lite.1,ERX9533164,"XD03302304. CTB/NICD - South Africa, South Africa. XD03302304. 1152",WGS,RANDOM,GENOMIC,PAIRED,0.0,0.0,ILLUMINA,Illumina NovaSeq 6000,ERP139874,PRJEB55007,,862850.0,ERS12518190,SAMEA110420115,simple,1773.0,Mycobacterium tuberculosis,SAMEA110420115,,,,,,,no,,,,,"CTB/NICD - SOUTH AFRICA, SOUTH AFRICA",ERA16499333,,public,768B237ACA19D65E8FB2E1BB6B8FC426,F861C36F9CF019A35254F10FBAA957F3
SAMEA110420114,ERR9992756,2022-07-27 21:28:40,2022-08-10 14:21:44,2125286.0,641836372.0,2125286.0,302.0,192.0,,https://sra-downloadb.be-md.ncbi.nlm.nih.gov/sos1/sra-pub-zq-38/ERR009/9992/ERR9992756/ERR9992756.lite.1,ERX9533163,"XD03273212. CTB/NICD - South Africa, South Africa. XD03273212. 1151",WGS,RANDOM,GENOMIC,PAIRED,0.0,0.0,ILLUMINA,Illumina NovaSeq 6000,ERP139874,PRJEB55007,,862850.0,ERS12518189,SAMEA110420114,simple,1773.0,Mycobacterium tuberculosis,SAMEA110420114,,,,,,,no,,,,,"CTB/NICD - SOUTH AFRICA, SOUTH AFRICA",ERA16499332,,public,DEB986839EA161325EAB02471CE618EA,A9B7B9C64A937F979D2D67EB3BAEBF6F
SAMEA110420113,ERR9992755,2022-07-27 21:28:40,2022-08-10 14:22:00,2418627.0,730425354.0,2418627.0,302.0,222.0,,https://sra-downloadb.be-md.ncbi.nlm.nih.gov/sos1/sra-pub-zq-38/ERR009/9992/ERR9992755/ERR9992755.lite.1,ERX9533162,"XD03263261. CTB/NICD - South Africa, South Africa. XD03263261. 1150",WGS,RANDOM,GENOMIC,PAIRED,0.0,0.0,ILLUMINA,Illumina NovaSeq 6000,ERP139874,PRJEB55007,,862850.0,ERS12518188,SAMEA110420113,simple,1773.0,Mycobacterium tuberculosis,SAMEA110420113,,,,,,,no,,,,,"CTB/NICD - SOUTH AFRICA, SOUTH AFRICA",ERA16499331,,public,7B34F544F5C33D5EC2C9FAA47EE80AAB,307EC1A582B5F2203C92CC152B7FFB54
SAMEA110420112,ERR9992754,2022-07-27 21:28:40,2022-08-10 14:21:27,2034292.0,614356184.0,2034292.0,302.0,187.0,,https://sra-downloadb.be-md.ncbi.nlm.nih.gov/sos1/sra-pub-zq-38/ERR009/9992/ERR9992754/ERR9992754.lite.1,ERX9533161,"XD03158094. CTB/NICD - South Africa, South Africa. XD03158094. 1149",WGS,RANDOM,GENOMIC,PAIRED,0.0,0.0,ILLUMINA,Illumina NovaSeq 6000,ERP139874,PRJEB55007,,862850.0,ERS12518187,SAMEA110420112,simple,1773.0,Mycobacterium tuberculosis,SAMEA110420112,,,,,,,no,,,,,"CTB/NICD - SOUTH AFRICA, SOUTH AFRICA",ERA16499330,,public,04748072476BA98C7CB10BD9E3128A81,8B817DB9723F10271C8A10ECF6AD22E7
SAMEA110420111,ERR9992753,2022-07-27 21:28:40,2022-08-10 14:22:06,2157928.0,651694256.0,2157928.0,302.0,201.0,,https://sra-downloadb.be-md.ncbi.nlm.nih.gov/sos3/sra-pub-zq-24/ERR009/9992/ERR9992753/ERR9992753.lite.1,ERX9533160,"XD03140674. CTB/NICD - South Africa, South Africa. XD03140674. 1148",WGS,RANDOM,GENOMIC,PAIRED,0.0,0.0,ILLUMINA,Illumina NovaSeq 6000,ERP139874,PRJEB55007,,862850.0,ERS12518186,SAMEA110420111,simple,1773.0,Mycobacterium tuberculosis,SAMEA110420111,,,,,,,no,,,,,"CTB/NICD - SOUTH AFRICA, SOUTH AFRICA",ERA16499329,,public,8B9DCDA24C109E0BD1C6E34FD4D9CF82,D08F238BCC3CFEFCB9A8E6FF9B62432E
SAMEA110420110,ERR9992752,2022-07-27 21:28:40,2022-08-10 14:21:19,2023468.0,611087336.0,2023468.0,302.0,187.0,,https://sra-downloadb.be-md.ncbi.nlm.nih.gov/sos3/sra-pub-zq-22/ERR009/9992/ERR9992752/ERR9992752.lite.1,ERX9533159,"XD03110233. CTB/NICD - South Africa, South Africa. XD03110233. 1147",WGS,RANDOM,GENOMIC,PAIRED,0.0,0.0,ILLUMINA,Illumina NovaSeq 6000,ERP139874,PRJEB55007,,862850.0,ERS12518185,SAMEA110420110,simple,1773.0,Mycobacterium tuberculosis,SAMEA110420110,,,,,,,no,,,,,"CTB/NICD - SOUTH AFRICA, SOUTH AFRICA",ERA16499328,,public,C09EFC4ADA460F503C1DB005B5411183,D8963D8157C97C80D9BF556C339F32CF
SAMEA110420109,ERR9992751,2022-07-27 21:28:40,2022-08-10 14:21:15,1985733.0,599691366.0,1985733.0,302.0,184.0,,https://sra-downloadb.be-md.ncbi.nlm.nih.gov/sos1/sra-pub-zq-38/ERR009/9992/ERR9992751/ERR9992751.lite.1,ERX9533158,"XD02922728. CTB/NICD - South Africa, South Africa. XD02922728. 1145",WGS,RANDOM,GENOMIC,PAIRED,0.0,0.0,ILLUMINA,Illumina NovaSeq 6000,ERP139874,PRJEB55007,,862850.0,ERS12518184,SAMEA110420109,simple,1773.0,Mycobacterium tuberculosis,SAMEA110420109,,,,,,,no,,,,,"CTB/NICD - SOUTH AFRICA, SOUTH AFRICA",ERA16499327,,public,F32C0CB4F16719A9FFBC30F18831E731,C8916A717C54A36C615C3F0EEC44496D
SAMEA110420108,ERR9992750,2022-07-27 21:28:40,2022-08-10 14:22:00,2624740.0,792671480.0,2624740.0,302.0,241.0,,https://sra-downloadb.be-md.ncbi.nlm.nih.gov/sos3/sra-pub-zq-22/ERR009/9992/ERR9992750/ERR9992750.lite.1,ERX9533157,"XD02917247. CTB/NICD - South Africa, South Africa. XD02917247. 1144",WGS,RANDOM,GENOMIC,PAIRED,0.0,0.0,ILLUMINA,Illumina NovaSeq 6000,ERP139874,PRJEB55007,,862850.0,ERS12518183,SAMEA110420108,simple,1773.0,Mycobacterium tuberculosis,SAMEA110420108,,,,,,,no,,,,,"CTB/NICD - SOUTH AFRICA, SOUTH AFRICA",ERA16499326,,public,F6D65DABF61C62852B9819CDF397B36D,9B805B6810A72213834DB4F79DB8A45D
SAMEA110420107,ERR9992749,2022-07-27 21:28:40,2022-08-10 14:21:20,2247000.0,678594000.0,2247000.0,302.0,205.0,,https://sra-downloadb.be-md.ncbi.nlm.nih.gov/sos1/sra-pub-zq-38/ERR009/9992/ERR9992749/ERR9992749.lite.1,ERX9533156,"XD02735916. CTB/NICD - South Africa, South Africa. XD02735916. 1143",WGS,RANDOM,GENOMIC,PAIRED,0.0,0.0,ILLUMINA,Illumina NovaSeq 6000,ERP139874,PRJEB55007,,862850.0,ERS12518182,SAMEA110420107,simple,1773.0,Mycobacterium tuberculosis,SAMEA110420107,,,,,,,no,,,,,"CTB/NICD - SOUTH AFRICA, SOUTH AFRICA",ERA16499325,,public,185A030A39A83D2B1055AE6629163B3F,A9F6E1116EBFC806CA3CC9AC8B776E31
SAMEA110420106,ERR9992748,2022-07-27 21:28:40,2022-08-10 14:21:10,2126716.0,642268232.0,2126716.0,302.0,197.0,,https://sra-downloadb.be-md.ncbi.nlm.nih.gov/sos1/sra-pub-zq-38/ERR009/9992/ERR9992748/ERR9992748.lite.1,ERX9533155,"XD02687173. CTB/NICD - South Africa, South Africa. XD02687173. 1142",WGS,RANDOM,GENOMIC,PAIRED,0.0,0.0,ILLUMINA,Illumina NovaSeq 6000,ERP139874,PRJEB55007,,862850.0,ERS12518181,SAMEA110420106,simple,1773.0,Mycobacterium tuberculosis,SAMEA110420106,,,,,,,no,,,,,"CTB/NICD - SOUTH AFRICA, SOUTH AFRICA",ERA16499324,,public,A44ACEA848B0303C20FF92EFBEA7C824,63A7563B036063768610212D63594B2A
SAMEA110420105,ERR9992747,2022-07-27 21:28:40,2022-08-10 14:21:08,1962721.0,592741742.0,1962721.0,302.0,179.0,,https://sra-downloadb.be-md.ncbi.nlm.nih.gov/sos1/sra-pub-zq-38/ERR009/9992/ERR9992747/ERR9992747.lite.1,ERX9533154,"XD02667498. CTB/NICD - South Africa, South Africa. XD02667498. 1141",WGS,RANDOM,GENOMIC,PAIRED,0.0,0.0,ILLUMINA,Illumina NovaSeq 6000,ERP139874,PRJEB55007,,862850.0,ERS12518180,SAMEA110420105,simple,1773.0,Mycobacterium tuberculosis,SAMEA110420105,,,,,,,no,,,,,"CTB/NICD - SOUTH AFRICA, SOUTH AFRICA",ERA16499323,,public,B165658A124DD305C8E22132EC986AE0,84061D109968EC837AF6E5F4955C84D3
SAMEA110420104,ERR9992746,2022-07-27 21:28:40,2022-08-10 14:21:16,2134000.0,644468000.0,2134000.0,302.0,204.0,,https://sra-downloadb.be-md.ncbi.nlm.nih.gov/sos3/sra-pub-zq-24/ERR009/9992/ERR9992746/ERR9992746.lite.1,ERX9533153,"YA00141562. CTB/NICD - South Africa, South Africa. YA00141562. 380",WGS,RANDOM,GENOMIC,PAIRED,0.0,0.0,ILLUMINA,Illumina NovaSeq 6000,ERP139874,PRJEB55007,,862850.0,ERS12518179,SAMEA110420104,simple,1773.0,Mycobacterium tuberculosis,SAMEA110420104,,,,,,,no,,,,,"CTB/NICD - SOUTH AFRICA, SOUTH AFRICA",ERA16499322,,public,009B675AB15DA5EBF0C41583BDDAC8AC,E5E7054B80611396CC2B5DDFFD8CA099
SAMEA110420103,ERR9992745,2022-07-27 21:28:40,2022-08-10 14:21:41,2278174.0,688008548.0,2278174.0,302.0,219.0,,https://sra-downloadb.be-md.ncbi.nlm.nih.gov/sos4/sra-pub-zq-1/ERR009/9992/ERR9992745/ERR9992745.lite.1,ERX9533152,"UH01308743. CTB/NICD - South Africa, South Africa. UH01308743. 379",WGS,RANDOM,GENOMIC,PAIRED,0.0,0.0,ILLUMINA,Illumina NovaSeq 6000,ERP139874,PRJEB55007,,862850.0,ERS12518178,SAMEA110420103,simple,1773.0,Mycobacterium tuberculosis,SAMEA110420103,,,,,,,no,,,,,"CTB/NICD - SOUTH AFRICA, SOUTH AFRICA",ERA16499321,,public,895FF926DC9EB71C7F5941CDD497E245,F7C329AD69C800AD4403698E8A50FBD4
SAMEA110420102,ERR9992744,2022-07-27 21:28:40,2022-08-10 14:21:30,2710898.0,818691196.0,2710898.0,302.0,257.0,,https://sra-downloadb.be-md.ncbi.nlm.nih.gov/sos3/sra-pub-zq-24/ERR009/9992/ERR9992744/ERR9992744.lite.1,ERX9533151,"UH01297267. CTB/NICD - South Africa, South Africa. UH01297267. 378",WGS,RANDOM,GENOMIC,PAIRED,0.0,0.0,ILLUMINA,Illumina NovaSeq 6000,ERP139874,PRJEB55007,,862850.0,ERS12518177,SAMEA110420102,simple,1773.0,Mycobacterium tuberculosis,SAMEA110420102,,,,,,,no,,,,,"CTB/NICD - SOUTH AFRICA, SOUTH AFRICA",ERA16499320,,public,27B443D618197D1E96879225D1678ADA,6B2EF899490676337A34C772A872A0F0
SAMEA110420101,ERR9992743,2022-07-27 21:28:39,2022-08-10 14:21:14,2395607.0,723473314.0,2395607.0,302.0,227.0,,https://sra-downloadb.be-md.ncbi.nlm.nih.gov/sos1/sra-pub-zq-38/ERR009/9992/ERR9992743/ERR9992743.lite.1,ERX9533150,"YA00156292. CTB/NICD - South Africa, South Africa. YA00156292. 377",WGS,RANDOM,GENOMIC,PAIRED,0.0,0.0,ILLUMINA,Illumina NovaSeq 6000,ERP139874,PRJEB55007,,862850.0,ERS12518176,SAMEA110420101,simple,1773.0,Mycobacterium tuberculosis,SAMEA110420101,,,,,,,no,,,,,"CTB/NICD - SOUTH AFRICA, SOUTH AFRICA",ERA16499319,,public,DCA637A23EC16A9DF107BE08225F96AD,F4A46A1AB8D96D8B838CE86C4DD7475E
SAMEA110420100,ERR9992742,2022-07-27 21:28:39,2022-08-10 14:21:11,2094328.0,632487056.0,2094328.0,302.0,201.0,,https://sra-downloadb.be-md.ncbi.nlm.nih.gov/sos3/sra-pub-zq-24/ERR009/9992/ERR9992742/ERR9992742.lite.1,ERX9533149,"UH01251988. CTB/NICD - South Africa, South Africa. UH01251988. 376",WGS,RANDOM,GENOMIC,PAIRED,0.0,0.0,ILLUMINA,Illumina NovaSeq 6000,ERP139874,PRJEB55007,,862850.0,ERS12518175,SAMEA110420100,simple,1773.0,Mycobacterium tuberculosis,SAMEA110420100,,,,,,,no,,,,,"CTB/NICD - SOUTH AFRICA, SOUTH AFRICA",ERA16499318,,public,DCB08750790A6BB1096B3174D08A131A,E134E747319C03A06F5A6C7E1842B2A1
SAMEA110420099,ERR9992741,2022-07-27 21:28:39,2022-08-10 14:21:12,2302436.0,695335672.0,2302436.0,302.0,219.0,,https://sra-downloadb.be-md.ncbi.nlm.nih.gov/sos1/sra-pub-zq-38/ERR009/9992/ERR9992741/ERR9992741.lite.1,ERX9533148,"YA00156288. CTB/NICD - South Africa, South Africa. YA00156288. 374",WGS,RANDOM,GENOMIC,PAIRED,0.0,0.0,ILLUMINA,Illumina NovaSeq 6000,ERP139874,PRJEB55007,,862850.0,ERS12518174,SAMEA110420099,simple,1773.0,Mycobacterium tuberculosis,SAMEA110420099,,,,,,,no,,,,,"CTB/NICD - SOUTH AFRICA, SOUTH AFRICA",ERA16499317,,public,BF87FC138DFEB3E383809C4C5B98793D,216C1850BC5730B026B7E1FFDF8608CC
SAMEA110420098,ERR9992740,2022-07-27 21:28:39,2022-08-10 14:21:20,2589752.0,782105104.0,2589752.0,302.0,247.0,,https://sra-downloadb.be-md.ncbi.nlm.nih.gov/sos1/sra-pub-zq-38/ERR009/9992/ERR9992740/ERR9992740.lite.1,ERX9533147,"UH01182994. CTB/NICD - South Africa, South Africa. UH01182994. 373",WGS,RANDOM,GENOMIC,PAIRED,0.0,0.0,ILLUMINA,Illumina NovaSeq 6000,ERP139874,PRJEB55007,,862850.0,ERS12518173,SAMEA110420098,simple,1773.0,Mycobacterium tuberculosis,SAMEA110420098,,,,,,,no,,,,,"CTB/NICD - SOUTH AFRICA, SOUTH AFRICA",ERA16499316,,public,12F085CCABAD8389795D9FF263EC2AF4,238F761412B69D2590FB75237DEBD429
SAMEA110420097,ERR9992739,2022-07-27 21:28:39,2022-08-10 14:30:09,2541445.0,767516390.0,2541445.0,302.0,243.0,,https://sra-downloadb.be-md.ncbi.nlm.nih.gov/sos3/sra-pub-zq-24/ERR009/9992/ERR9992739/ERR9992739.lite.1,ERX9533146,"UH01165173. CTB/NICD - South Africa, South Africa. UH01165173. 372",WGS,RANDOM,GENOMIC,PAIRED,0.0,0.0,ILLUMINA,Illumina NovaSeq 6000,ERP139874,PRJEB55007,,862850.0,ERS12518172,SAMEA110420097,simple,1773.0,Mycobacterium tuberculosis,SAMEA110420097,,,,,,,no,,,,,"CTB/NICD - SOUTH AFRICA, SOUTH AFRICA",ERA16499315,,public,7B007E30EDD157F34B7592DEC63960A5,731AEF14EAD5647AAA3A210F31DF0F21
SAMEA110420096,ERR9992738,2022-07-27 21:28:39,2022-08-10 14:21:14,2279797.0,688498694.0,2279797.0,302.0,217.0,,https://sra-downloadb.be-md.ncbi.nlm.nih.gov/sos4/sra-pub-zq-1/ERR009/9992/ERR9992738/ERR9992738.lite.1,ERX9533145,"UH01149155. CTB/NICD - South Africa, South Africa. UH01149155. 371",WGS,RANDOM,GENOMIC,PAIRED,0.0,0.0,ILLUMINA,Illumina NovaSeq 6000,ERP139874,PRJEB55007,,862850.0,ERS12518171,SAMEA110420096,simple,1773.0,Mycobacterium tuberculosis,SAMEA110420096,,,,,,,no,,,,,"CTB/NICD - SOUTH AFRICA, SOUTH AFRICA",ERA16499314,,public,F6073D783FC4D939C0FFA2A5B214992F,B3B4A0F8FA40CB38DB84FF98568AB8AE
SAMEA110420095,ERR9992737,2022-07-27 21:28:39,2022-08-10 14:21:07,2526413.0,762976726.0,2526413.0,302.0,237.0,,https://sra-downloadb.be-md.ncbi.nlm.nih.gov/sos1/sra-pub-zq-38/ERR009/9992/ERR9992737/ERR9992737.lite.1,ERX9533144,"YA00156000. CTB/NICD - South Africa, South Africa. YA00156000. 370",WGS,RANDOM,GENOMIC,PAIRED,0.0,0.0,ILLUMINA,Illumina NovaSeq 6000,ERP139874,PRJEB55007,,862850.0,ERS12518170,SAMEA110420095,simple,1773.0,Mycobacterium tuberculosis,SAMEA110420095,,,,,,,no,,,,,"CTB/NICD - SOUTH AFRICA, SOUTH AFRICA",ERA16499313,,public,B40325FCA5B52FA6C1D685D552457742,1A409BB42A7C289F2D9E60CEC2BD596A
SAMEA110420094,ERR9992736,2022-07-27 21:28:39,2022-08-10 14:21:11,2566614.0,775117428.0,2566614.0,302.0,242.0,,https://sra-downloadb.be-md.ncbi.nlm.nih.gov/sos3/sra-pub-zq-24/ERR009/9992/ERR9992736/ERR9992736.lite.1,ERX9533143,"YA00056290. CTB/NICD - South Africa, South Africa. YA00056290. 369",WGS,RANDOM,GENOMIC,PAIRED,0.0,0.0,ILLUMINA,Illumina NovaSeq 6000,ERP139874,PRJEB55007,,862850.0,ERS12518169,SAMEA110420094,simple,1773.0,Mycobacterium tuberculosis,SAMEA110420094,,,,,,,no,,,,,"CTB/NICD - SOUTH AFRICA, SOUTH AFRICA",ERA16499312,,public,F4D8F1A6334223E2D069F5B2EC5AF056,29C194639A54E01F1A218D0408072D94
SAMEA110420093,ERR9992735,2022-07-27 21:28:39,2022-08-10 14:21:08,2299887.0,694565874.0,2299887.0,302.0,217.0,,https://sra-downloadb.be-md.ncbi.nlm.nih.gov/sos2/sra-pub-zq-20/ERR009/9992/ERR9992735/ERR9992735.lite.1,ERX9533142,"UH01127141. CTB/NICD - South Africa, South Africa. UH01127141. 367",WGS,RANDOM,GENOMIC,PAIRED,0.0,0.0,ILLUMINA,Illumina NovaSeq 6000,ERP139874,PRJEB55007,,862850.0,ERS12518168,SAMEA110420093,simple,1773.0,Mycobacterium tuberculosis,SAMEA110420093,,,,,,,no,,,,,"CTB/NICD - SOUTH AFRICA, SOUTH AFRICA",ERA16499311,,public,76BAE949A45A63F8F440BC03E466A406,3BD3A967C01941FBC2764BEE75839F2D
SAMEA110420092,ERR9992734,2022-07-27 21:28:39,2022-08-10 14:21:00,2756989.0,832610678.0,2756989.0,302.0,259.0,,https://sra-downloadb.be-md.ncbi.nlm.nih.gov/sos2/sra-pub-zq-20/ERR009/9992/ERR9992734/ERR9992734.lite.1,ERX9533141,"UH01125126. CTB/NICD - South Africa, South Africa. UH01125126. 366",WGS,RANDOM,GENOMIC,PAIRED,0.0,0.0,ILLUMINA,Illumina NovaSeq 6000,ERP139874,PRJEB55007,,862850.0,ERS12518167,SAMEA110420092,simple,1773.0,Mycobacterium tuberculosis,SAMEA110420092,,,,,,,no,,,,,"CTB/NICD - SOUTH AFRICA, SOUTH AFRICA",ERA16499310,,public,7730140C1E81C3C561AB5173C2EE7FAA,B5BE9827ACF29A9E15747C9F84FFB107
SAMEA110420091,ERR9992733,2022-07-27 21:28:39,2022-08-10 14:20:50,2208655.0,667013810.0,2208655.0,302.0,208.0,,https://sra-downloadb.be-md.ncbi.nlm.nih.gov/sos1/sra-pub-zq-38/ERR009/9992/ERR9992733/ERR9992733.lite.1,ERX9533140,"UH01117582. CTB/NICD - South Africa, South Africa. UH01117582. 365",WGS,RANDOM,GENOMIC,PAIRED,0.0,0.0,ILLUMINA,Illumina NovaSeq 6000,ERP139874,PRJEB55007,,862850.0,ERS12518166,SAMEA110420091,simple,1773.0,Mycobacterium tuberculosis,SAMEA110420091,,,,,,,no,,,,,"CTB/NICD - SOUTH AFRICA, SOUTH AFRICA",ERA16499309,,public,3C6D9CD9D358B70BEFEB563568A795C5,76EFE622D48F12B767B3FF663989E52F
SAMEA110420090,ERR9992732,2022-07-27 21:28:39,2022-08-10 14:21:26,2393865.0,722947230.0,2393865.0,302.0,224.0,,https://sra-downloadb.be-md.ncbi.nlm.nih.gov/sos3/sra-pub-zq-24/ERR009/9992/ERR9992732/ERR9992732.lite.1,ERX9533139,"UH01098775. CTB/NICD - South Africa, South Africa. UH01098775. 363",WGS,RANDOM,GENOMIC,PAIRED,0.0,0.0,ILLUMINA,Illumina NovaSeq 6000,ERP139874,PRJEB55007,,862850.0,ERS12518165,SAMEA110420090,simple,1773.0,Mycobacterium tuberculosis,SAMEA110420090,,,,,,,no,,,,,"CTB/NICD - SOUTH AFRICA, SOUTH AFRICA",ERA16499308,,public,E3A1974384E17C71AEB342BD1F8DB9BD,73927D3258364B5F45F9839620145C64
SAMEA110420089,ERR9992731,2022-07-27 21:28:39,2022-08-10 14:21:11,2070998.0,625441396.0,2070998.0,302.0,194.0,,https://sra-downloadb.be-md.ncbi.nlm.nih.gov/sos1/sra-pub-zq-38/ERR009/9992/ERR9992731/ERR9992731.lite.1,ERX9533138,"UH01098173. CTB/NICD - South Africa, South Africa. UH01098173. 362",WGS,RANDOM,GENOMIC,PAIRED,0.0,0.0,ILLUMINA,Illumina NovaSeq 6000,ERP139874,PRJEB55007,,862850.0,ERS12518164,SAMEA110420089,simple,1773.0,Mycobacterium tuberculosis,SAMEA110420089,,,,,,,no,,,,,"CTB/NICD - SOUTH AFRICA, SOUTH AFRICA",ERA16499307,,public,760844720377229568833A5DBCAF2F97,A93B7B5B60D71E14B99AF566A877221E
SAMEA110420088,ERR9992730,2022-07-27 21:28:39,2022-08-10 14:22:30,3009352.0,908824304.0,3009352.0,302.0,285.0,,https://sra-downloadb.be-md.ncbi.nlm.nih.gov/sos1/sra-pub-zq-38/ERR009/9992/ERR9992730/ERR9992730.lite.1,ERX9533137,"UH01097491. CTB/NICD - South Africa, South Africa. UH01097491. 361",WGS,RANDOM,GENOMIC,PAIRED,0.0,0.0,ILLUMINA,Illumina NovaSeq 6000,ERP139874,PRJEB55007,,862850.0,ERS12518163,SAMEA110420088,simple,1773.0,Mycobacterium tuberculosis,SAMEA110420088,,,,,,,no,,,,,"CTB/NICD - SOUTH AFRICA, SOUTH AFRICA",ERA16499306,,public,1E440A28330D12A4E6E61ADDA6F74AF4,CD10FF4930BBE3569F8CF9C5F330AB9F
SAMEA110420087,ERR9992729,2022-07-27 21:28:39,2022-08-10 14:21:22,2811066.0,848941932.0,2811066.0,302.0,263.0,,https://sra-downloadb.be-md.ncbi.nlm.nih.gov/sos1/sra-pub-zq-38/ERR009/9992/ERR9992729/ERR9992729.lite.1,ERX9533136,"UH01079091. CTB/NICD - South Africa, South Africa. UH01079091. 360",WGS,RANDOM,GENOMIC,PAIRED,0.0,0.0,ILLUMINA,Illumina NovaSeq 6000,ERP139874,PRJEB55007,,862850.0,ERS12518162,SAMEA110420087,simple,1773.0,Mycobacterium tuberculosis,SAMEA110420087,,,,,,,no,,,,,"CTB/NICD - SOUTH AFRICA, SOUTH AFRICA",ERA16499305,,public,40711F7F10622799C0FE1F8B7D8D17BC,DEC15FC348E388DF767F58DFD079EFDB
SAMEA110420086,ERR9992728,2022-07-27 21:28:39,2022-08-10 14:21:23,2891588.0,873259576.0,2891588.0,302.0,271.0,,https://sra-downloadb.be-md.ncbi.nlm.nih.gov/sos3/sra-pub-zq-24/ERR009/9992/ERR9992728/ERR9992728.lite.1,ERX9533135,"UH01071789. CTB/NICD - South Africa, South Africa. UH01071789. 359",WGS,RANDOM,GENOMIC,PAIRED,0.0,0.0,ILLUMINA,Illumina NovaSeq 6000,ERP139874,PRJEB55007,,862850.0,ERS12518161,SAMEA110420086,simple,1773.0,Mycobacterium tuberculosis,SAMEA110420086,,,,,,,no,,,,,"CTB/NICD - SOUTH AFRICA, SOUTH AFRICA",ERA16499304,,public,FAACA769A3DE99836347F25368FAD7EF,4D0343C1A8BF7532D9B6E8F54014DCAC
SAMEA110420085,ERR9992727,2022-07-27 21:28:39,2022-08-10 14:21:22,2438909.0,736550518.0,2438909.0,302.0,225.0,,https://sra-downloadb.be-md.ncbi.nlm.nih.gov/sos2/sra-pub-zq-20/ERR009/9992/ERR9992727/ERR9992727.lite.1,ERX9533134,"UH01041411. CTB/NICD - South Africa, South Africa. UH01041411. 357",WGS,RANDOM,GENOMIC,PAIRED,0.0,0.0,ILLUMINA,Illumina NovaSeq 6000,ERP139874,PRJEB55007,,862850.0,ERS12518160,SAMEA110420085,simple,1773.0,Mycobacterium tuberculosis,SAMEA110420085,,,,,,,no,,,,,"CTB/NICD - SOUTH AFRICA, SOUTH AFRICA",ERA16499303,,public,61C16B070D930A3C2E2C9567D274FBF7,F3C379B36AF5DF3EBA70C8A4D7D41A38
SAMEA110420084,ERR9992726,2022-07-27 21:28:39,2022-08-10 14:20:55,2363163.0,713675226.0,2363163.0,302.0,220.0,,https://sra-downloadb.be-md.ncbi.nlm.nih.gov/sos3/sra-pub-zq-24/ERR009/9992/ERR9992726/ERR9992726.lite.1,ERX9533133,"UH01038017. CTB/NICD - South Africa, South Africa. UH01038017. 356",WGS,RANDOM,GENOMIC,PAIRED,0.0,0.0,ILLUMINA,Illumina NovaSeq 6000,ERP139874,PRJEB55007,,862850.0,ERS12518159,SAMEA110420084,simple,1773.0,Mycobacterium tuberculosis,SAMEA110420084,,,,,,,no,,,,,"CTB/NICD - SOUTH AFRICA, SOUTH AFRICA",ERA16499302,,public,98E6493A196BFCD4F1A7BD3FE7FB0D13,7B3DA780DF321FD1E2243E448EC1C432
SAMEA110420083,ERR9992725,2022-07-27 21:28:39,2022-08-10 14:21:23,2424776.0,732282352.0,2424776.0,302.0,231.0,,https://sra-downloadb.be-md.ncbi.nlm.nih.gov/sos3/sra-pub-zq-24/ERR009/9992/ERR9992725/ERR9992725.lite.1,ERX9533132,"UG00287154. CTB/NICD - South Africa, South Africa. UG00287154. 354",WGS,RANDOM,GENOMIC,PAIRED,0.0,0.0,ILLUMINA,Illumina NovaSeq 6000,ERP139874,PRJEB55007,,862850.0,ERS12518158,SAMEA110420083,simple,1773.0,Mycobacterium tuberculosis,SAMEA110420083,,,,,,,no,,,,,"CTB/NICD - SOUTH AFRICA, SOUTH AFRICA",ERA16499301,,public,2EC60846A2848EA2969400A389628E06,3E95DD2C0734E533617FA5095F7EC4D9
SAMEA110420082,ERR9992724,2022-07-27 21:28:39,2022-08-10 14:21:10,1913961.0,578016222.0,1913961.0,302.0,183.0,,https://sra-downloadb.be-md.ncbi.nlm.nih.gov/sos1/sra-pub-zq-38/ERR009/9992/ERR9992724/ERR9992724.lite.1,ERX9533131,"UB01015772. CTB/NICD - South Africa, South Africa. UB01015772. 353",WGS,RANDOM,GENOMIC,PAIRED,0.0,0.0,ILLUMINA,Illumina NovaSeq 6000,ERP139874,PRJEB55007,,862850.0,ERS12518157,SAMEA110420082,simple,1773.0,Mycobacterium tuberculosis,SAMEA110420082,,,,,,,no,,,,,"CTB/NICD - SOUTH AFRICA, SOUTH AFRICA",ERA16499300,,public,F4FF2829DA3B9542B78AD5ED43C2293E,D2B4CC621C1B2EB944AB60626B6AE5C0
SAMEA110420081,ERR9992723,2022-07-27 21:28:39,2022-08-10 14:20:53,2070843.0,625394586.0,2070843.0,302.0,198.0,,https://sra-downloadb.be-md.ncbi.nlm.nih.gov/sos3/sra-pub-zq-22/ERR009/9992/ERR9992723/ERR9992723.lite.1,ERX9533130,"UA00281234. CTB/NICD - South Africa, South Africa. UA00281234. 352",WGS,RANDOM,GENOMIC,PAIRED,0.0,0.0,ILLUMINA,Illumina NovaSeq 6000,ERP139874,PRJEB55007,,862850.0,ERS12518156,SAMEA110420081,simple,1773.0,Mycobacterium tuberculosis,SAMEA110420081,,,,,,,no,,,,,"CTB/NICD - SOUTH AFRICA, SOUTH AFRICA",ERA16499299,,public,9AAC148546357B464618FDCD5DFB1D66,6175B6FE042CB834F2DDA4295E50681C
SAMEA110420080,ERR9992722,2022-07-27 21:28:39,2022-08-10 14:21:35,3514924.0,1061507048.0,3514924.0,302.0,331.0,,https://sra-downloadb.be-md.ncbi.nlm.nih.gov/sos2/sra-pub-zq-20/ERR009/9992/ERR9992722/ERR9992722.lite.1,ERX9533129,"TJ00207043. CTB/NICD - South Africa, South Africa. TJ00207043. 351",WGS,RANDOM,GENOMIC,PAIRED,0.0,0.0,ILLUMINA,Illumina NovaSeq 6000,ERP139874,PRJEB55007,,862850.0,ERS12518155,SAMEA110420080,simple,1773.0,Mycobacterium tuberculosis,SAMEA110420080,,,,,,,no,,,,,"CTB/NICD - SOUTH AFRICA, SOUTH AFRICA",ERA16499298,,public,294FBE736F2D0D1FE0BA3A302D4804B2,CCA3D274D1F993518CDB5A8808555F85
SAMEA110420079,ERR9992721,2022-07-27 21:28:39,2022-08-10 14:21:08,2718548.0,821001496.0,2718548.0,302.0,259.0,,https://sra-downloadb.be-md.ncbi.nlm.nih.gov/sos3/sra-pub-zq-24/ERR009/9992/ERR9992721/ERR9992721.lite.1,ERX9533128,"TD03213438. CTB/NICD - South Africa, South Africa. TD03213438. 349",WGS,RANDOM,GENOMIC,PAIRED,0.0,0.0,ILLUMINA,Illumina NovaSeq 6000,ERP139874,PRJEB55007,,862850.0,ERS12518154,SAMEA110420079,simple,1773.0,Mycobacterium tuberculosis,SAMEA110420079,,,,,,,no,,,,,"CTB/NICD - SOUTH AFRICA, SOUTH AFRICA",ERA16499297,,public,330A0941A864C071E4B9F163EE764DB9,616742A195BAF83FADC8245283885EF5
SAMEA110420078,ERR9992720,2022-07-27 21:28:39,2022-08-10 14:21:09,2450876.0,740164552.0,2450876.0,302.0,227.0,,https://sra-downloadb.be-md.ncbi.nlm.nih.gov/sos1/sra-pub-zq-38/ERR009/9992/ERR9992720/ERR9992720.lite.1,ERX9533127,"TD03066346. CTB/NICD - South Africa, South Africa. TD03066346. 348",WGS,RANDOM,GENOMIC,PAIRED,0.0,0.0,ILLUMINA,Illumina NovaSeq 6000,ERP139874,PRJEB55007,,862850.0,ERS12518153,SAMEA110420078,simple,1773.0,Mycobacterium tuberculosis,SAMEA110420078,,,,,,,no,,,,,"CTB/NICD - SOUTH AFRICA, SOUTH AFRICA",ERA16499296,,public,D56C739A8ECDFB1E5E2FA587F123A1F2,755CE6496C6FE798B90BD09D09FD5FBE
SAMEA110420077,ERR9992719,2022-07-27 21:28:39,2022-08-10 14:21:12,2415793.0,729569486.0,2415793.0,302.0,224.0,,https://sra-downloadb.be-md.ncbi.nlm.nih.gov/sos2/sra-pub-zq-20/ERR009/9992/ERR9992719/ERR9992719.lite.1,ERX9533126,"TD02705420. CTB/NICD - South Africa, South Africa. TD02705420. 347",WGS,RANDOM,GENOMIC,PAIRED,0.0,0.0,ILLUMINA,Illumina NovaSeq 6000,ERP139874,PRJEB55007,,862850.0,ERS12518152,SAMEA110420077,simple,1773.0,Mycobacterium tuberculosis,SAMEA110420077,,,,,,,no,,,,,"CTB/NICD - SOUTH AFRICA, SOUTH AFRICA",ERA16499295,,public,91EED8C269A6C1AAF30A44BB8CE575BC,3E5534034F32BE7BD9398B4EF02A490F
SAMEA110420076,ERR9992718,2022-07-27 21:28:39,2022-08-10 14:21:16,2623719.0,792363138.0,2623719.0,302.0,244.0,,https://sra-downloadb.be-md.ncbi.nlm.nih.gov/sos3/sra-pub-zq-22/ERR009/9992/ERR9992718/ERR9992718.lite.1,ERX9533125,"TD02624056. CTB/NICD - South Africa, South Africa. TD02624056. 346",WGS,RANDOM,GENOMIC,PAIRED,0.0,0.0,ILLUMINA,Illumina NovaSeq 6000,ERP139874,PRJEB55007,,862850.0,ERS12518151,SAMEA110420076,simple,1773.0,Mycobacterium tuberculosis,SAMEA110420076,,,,,,,no,,,,,"CTB/NICD - SOUTH AFRICA, SOUTH AFRICA",ERA16499294,,public,A88C9CD6777B154626DB9E450997D881,7A5E5E91C588F37B07555E4474CF56EC
SAMEA110420075,ERR9992717,2022-07-27 21:28:39,2022-08-10 14:21:55,2708574.0,817989348.0,2708574.0,302.0,251.0,,https://sra-downloadb.be-md.ncbi.nlm.nih.gov/sos2/sra-pub-zq-20/ERR009/9992/ERR9992717/ERR9992717.lite.1,ERX9533124,"IE00653455. CTB/NICD - South Africa, South Africa. IE00653455. 342",WGS,RANDOM,GENOMIC,PAIRED,0.0,0.0,ILLUMINA,Illumina NovaSeq 6000,ERP139874,PRJEB55007,,862850.0,ERS12518150,SAMEA110420075,simple,1773.0,Mycobacterium tuberculosis,SAMEA110420075,,,,,,,no,,,,,"CTB/NICD - SOUTH AFRICA, SOUTH AFRICA",ERA16499293,,public,BBC38ADEDF3D458DC43D557E18994A47,94B66A3D4964A439C98737AC684E04AB
SAMEA110420074,ERR9992716,2022-07-27 21:28:39,2022-08-10 14:21:38,2771490.0,836989980.0,2771490.0,302.0,257.0,,https://sra-downloadb.be-md.ncbi.nlm.nih.gov/sos3/sra-pub-zq-22/ERR009/9992/ERR9992716/ERR9992716.lite.1,ERX9533123,"TD02495757. CTB/NICD - South Africa, South Africa. TD02495757. 341",WGS,RANDOM,GENOMIC,PAIRED,0.0,0.0,ILLUMINA,Illumina NovaSeq 6000,ERP139874,PRJEB55007,,862850.0,ERS12518149,SAMEA110420074,simple,1773.0,Mycobacterium tuberculosis,SAMEA110420074,,,,,,,no,,,,,"CTB/NICD - SOUTH AFRICA, SOUTH AFRICA",ERA16499292,,public,928E1C43398D7F09BBF198E89F93B831,C156E18B4441F7BCB52BA56682CD2A22
SAMEA110420073,ERR9992715,2022-07-27 21:28:39,2022-08-10 14:20:53,2322443.0,701377786.0,2322443.0,302.0,220.0,,https://sra-downloadb.be-md.ncbi.nlm.nih.gov/sos2/sra-pub-zq-20/ERR009/9992/ERR9992715/ERR9992715.lite.1,ERX9533122,"TD02398492. CTB/NICD - South Africa, South Africa. TD02398492. 340",WGS,RANDOM,GENOMIC,PAIRED,0.0,0.0,ILLUMINA,Illumina NovaSeq 6000,ERP139874,PRJEB55007,,862850.0,ERS12518148,SAMEA110420073,simple,1773.0,Mycobacterium tuberculosis,SAMEA110420073,,,,,,,no,,,,,"CTB/NICD - SOUTH AFRICA, SOUTH AFRICA",ERA16499291,,public,51F46C25C6082EAFC8667421805ED3BF,9549F95744E87E7E0B5B53CCE9E2FF56
SAMEA110420072,ERR9992714,2022-07-27 21:28:39,2022-08-10 14:21:15,2273092.0,686473784.0,2273092.0,302.0,215.0,,https://sra-downloadb.be-md.ncbi.nlm.nih.gov/sos3/sra-pub-zq-22/ERR009/9992/ERR9992714/ERR9992714.lite.1,ERX9533121,"TD02392513. CTB/NICD - South Africa, South Africa. TD02392513. 339",WGS,RANDOM,GENOMIC,PAIRED,0.0,0.0,ILLUMINA,Illumina NovaSeq 6000,ERP139874,PRJEB55007,,862850.0,ERS12518147,SAMEA110420072,simple,1773.0,Mycobacterium tuberculosis,SAMEA110420072,,,,,,,no,,,,,"CTB/NICD - SOUTH AFRICA, SOUTH AFRICA",ERA16499290,,public,66216CCB7816E1F85D32EB090A75C1F2,F8145C72401C1AC8A007330819EF8023
SAMEA110420071,ERR9992713,2022-07-27 21:28:39,2022-08-10 14:20:54,2398296.0,724285392.0,2398296.0,302.0,231.0,,https://sra-downloadb.be-md.ncbi.nlm.nih.gov/sos1/sra-pub-zq-38/ERR009/9992/ERR9992713/ERR9992713.lite.1,ERX9533120,"TC00993018. CTB/NICD - South Africa, South Africa. TC00993018. 338",WGS,RANDOM,GENOMIC,PAIRED,0.0,0.0,ILLUMINA,Illumina NovaSeq 6000,ERP139874,PRJEB55007,,862850.0,ERS12518146,SAMEA110420071,simple,1773.0,Mycobacterium tuberculosis,SAMEA110420071,,,,,,,no,,,,,"CTB/NICD - SOUTH AFRICA, SOUTH AFRICA",ERA16499289,,public,1584929DF8AF17AD2A471F52E7C88853,45A9C066E5FDD912A096A9B69A5EB24F
SAMEA110420070,ERR9992712,2022-07-27 21:28:39,2022-08-10 14:21:11,2326338.0,702554076.0,2326338.0,302.0,226.0,,https://sra-downloadb.be-md.ncbi.nlm.nih.gov/sos2/sra-pub-zq-20/ERR009/9992/ERR9992712/ERR9992712.lite.1,ERX9533119,"TC00956235. CTB/NICD - South Africa, South Africa. TC00956235. 337",WGS,RANDOM,GENOMIC,PAIRED,0.0,0.0,ILLUMINA,Illumina NovaSeq 6000,ERP139874,PRJEB55007,,862850.0,ERS12518145,SAMEA110420070,simple,1773.0,Mycobacterium tuberculosis,SAMEA110420070,,,,,,,no,,,,,"CTB/NICD - SOUTH AFRICA, SOUTH AFRICA",ERA16499288,,public,82355320C42588366C1BBF8E3348FDBB,DCCE5D3D6F989D81E81506C53C1BA9E1
SAMEA110420069,ERR9992711,2022-07-27 21:28:39,2022-08-10 14:22:52,2451384.0,740317968.0,2451384.0,302.0,233.0,,https://sra-downloadb.be-md.ncbi.nlm.nih.gov/sos1/sra-pub-zq-38/ERR009/9992/ERR9992711/ERR9992711.lite.1,ERX9533118,"NF01033597. CTB/NICD - South Africa, South Africa. NF01033597. 336",WGS,RANDOM,GENOMIC,PAIRED,0.0,0.0,ILLUMINA,Illumina NovaSeq 6000,ERP139874,PRJEB55007,,862850.0,ERS12518144,SAMEA110420069,simple,1773.0,Mycobacterium tuberculosis,SAMEA110420069,,,,,,,no,,,,,"CTB/NICD - SOUTH AFRICA, SOUTH AFRICA",ERA16499287,,public,14A106C772A7790FEBA9950730118AF5,0CF61AD84D3F5E77DBF262684581BB44
SAMEA110420068,ERR9992710,2022-07-27 21:28:39,2022-08-10 14:21:07,2196268.0,663272936.0,2196268.0,302.0,215.0,,https://sra-downloadb.be-md.ncbi.nlm.nih.gov/sos3/sra-pub-zq-24/ERR009/9992/ERR9992710/ERR9992710.lite.1,ERX9533117,"ND00516366. CTB/NICD - South Africa, South Africa. ND00516366. 335",WGS,RANDOM,GENOMIC,PAIRED,0.0,0.0,ILLUMINA,Illumina NovaSeq 6000,ERP139874,PRJEB55007,,862850.0,ERS12518143,SAMEA110420068,simple,1773.0,Mycobacterium tuberculosis,SAMEA110420068,,,,,,,no,,,,,"CTB/NICD - SOUTH AFRICA, SOUTH AFRICA",ERA16499286,,public,A2F83FAA228BE4958AAC40921D3E7B2C,D6341A7AD3C882330C6854C495F3B045
SAMEA110420067,ERR9992709,2022-07-27 21:28:39,2022-08-10 14:21:08,2326938.0,702735276.0,2326938.0,302.0,219.0,,https://sra-downloadb.be-md.ncbi.nlm.nih.gov/sos1/sra-pub-zq-38/ERR009/9992/ERR9992709/ERR9992709.lite.1,ERX9533116,"ND00478360. CTB/NICD - South Africa, South Africa. ND00478360. 334",WGS,RANDOM,GENOMIC,PAIRED,0.0,0.0,ILLUMINA,Illumina NovaSeq 6000,ERP139874,PRJEB55007,,862850.0,ERS12518142,SAMEA110420067,simple,1773.0,Mycobacterium tuberculosis,SAMEA110420067,,,,,,,no,,,,,"CTB/NICD - SOUTH AFRICA, SOUTH AFRICA",ERA16499285,,public,970E12DCB62C3EEC556181095D76239A,BE1F097B20DD8A427935ACB464FF7C3A
SAMEA110420066,ERR9992708,2022-07-27 21:28:39,2022-08-10 14:21:00,2807791.0,847952882.0,2807791.0,302.0,265.0,,https://sra-downloadb.be-md.ncbi.nlm.nih.gov/sos3/sra-pub-zq-24/ERR009/9992/ERR9992708/ERR9992708.lite.1,ERX9533115,"ND00379247. CTB/NICD - South Africa, South Africa. ND00379247. 333",WGS,RANDOM,GENOMIC,PAIRED,0.0,0.0,ILLUMINA,Illumina NovaSeq 6000,ERP139874,PRJEB55007,,862850.0,ERS12518141,SAMEA110420066,simple,1773.0,Mycobacterium tuberculosis,SAMEA110420066,,,,,,,no,,,,,"CTB/NICD - SOUTH AFRICA, SOUTH AFRICA",ERA16499284,,public,25213D49B18C02033C1F2DB548D0953B,7012F894C93E328C4F9DB87C5F225A39
SAMEA110420065,ERR9992707,2022-07-27 21:28:39,2022-08-10 14:21:20,2486038.0,750783476.0,2486038.0,302.0,233.0,,https://sra-downloadb.be-md.ncbi.nlm.nih.gov/sos2/sra-pub-zq-20/ERR009/9992/ERR9992707/ERR9992707.lite.1,ERX9533114,"IF02620005. CTB/NICD - South Africa, South Africa. IF02620005. 331",WGS,RANDOM,GENOMIC,PAIRED,0.0,0.0,ILLUMINA,Illumina NovaSeq 6000,ERP139874,PRJEB55007,,862850.0,ERS12518140,SAMEA110420065,simple,1773.0,Mycobacterium tuberculosis,SAMEA110420065,,,,,,,no,,,,,"CTB/NICD - SOUTH AFRICA, SOUTH AFRICA",ERA16499283,,public,500DD97AE4E5BCBCCBC68F3C4D5E1BF1,C501D4EEF42622F5A7822AD03842073E
SAMEA110420064,ERR9992706,2022-07-27 21:28:39,2022-08-10 14:21:13,2382100.0,719394200.0,2382100.0,302.0,224.0,,https://sra-downloadb.be-md.ncbi.nlm.nih.gov/sos2/sra-pub-zq-20/ERR009/9992/ERR9992706/ERR9992706.lite.1,ERX9533113,"LC00923488. CTB/NICD - South Africa, South Africa. LC00923488. 330",WGS,RANDOM,GENOMIC,PAIRED,0.0,0.0,ILLUMINA,Illumina NovaSeq 6000,ERP139874,PRJEB55007,,862850.0,ERS12518139,SAMEA110420064,simple,1773.0,Mycobacterium tuberculosis,SAMEA110420064,,,,,,,no,,,,,"CTB/NICD - SOUTH AFRICA, SOUTH AFRICA",ERA16499282,,public,FC0710C92FBB1D2307A25E23F35893DA,5296623E4414ED2FB4E16A8B163DD07D
SAMEA110420063,ERR9992705,2022-07-27 21:28:39,2022-08-10 14:20:55,2014061.0,608246422.0,2014061.0,302.0,190.0,,https://sra-downloadb.be-md.ncbi.nlm.nih.gov/sos3/sra-pub-zq-22/ERR009/9992/ERR9992705/ERR9992705.lite.1,ERX9533112,"LA00866864. CTB/NICD - South Africa, South Africa. LA00866864. 329",WGS,RANDOM,GENOMIC,PAIRED,0.0,0.0,ILLUMINA,Illumina NovaSeq 6000,ERP139874,PRJEB55007,,862850.0,ERS12518138,SAMEA110420063,simple,1773.0,Mycobacterium tuberculosis,SAMEA110420063,,,,,,,no,,,,,"CTB/NICD - SOUTH AFRICA, SOUTH AFRICA",ERA16499281,,public,A0B501984ED5FF3881A318D728D48A19,6DC0F264CF24FBBA7FB10D6389FA4A19
SAMEA110420062,ERR9992704,2022-07-27 21:28:39,2022-08-10 14:21:13,2202022.0,665010644.0,2202022.0,302.0,212.0,,https://sra-downloadb.be-md.ncbi.nlm.nih.gov/sos1/sra-pub-zq-38/ERR009/9992/ERR9992704/ERR9992704.lite.1,ERX9533111,"LA00835170. CTB/NICD - South Africa, South Africa. LA00835170. 328",WGS,RANDOM,GENOMIC,PAIRED,0.0,0.0,ILLUMINA,Illumina NovaSeq 6000,ERP139874,PRJEB55007,,862850.0,ERS12518137,SAMEA110420062,simple,1773.0,Mycobacterium tuberculosis,SAMEA110420062,,,,,,,no,,,,,"CTB/NICD - SOUTH AFRICA, SOUTH AFRICA",ERA16499280,,public,7B5C696A1D449B7A8856120807EDC538,E765050598980244FF02144D5746F669
SAMEA110420061,ERR9992703,2022-07-27 21:28:39,2022-08-10 14:21:09,2337716.0,705990232.0,2337716.0,302.0,222.0,,https://sra-downloadb.be-md.ncbi.nlm.nih.gov/sos3/sra-pub-zq-24/ERR009/9992/ERR9992703/ERR9992703.lite.1,ERX9533110,"LA00773714. CTB/NICD - South Africa, South Africa. LA00773714. 327",WGS,RANDOM,GENOMIC,PAIRED,0.0,0.0,ILLUMINA,Illumina NovaSeq 6000,ERP139874,PRJEB55007,,862850.0,ERS12518136,SAMEA110420061,simple,1773.0,Mycobacterium tuberculosis,SAMEA110420061,,,,,,,no,,,,,"CTB/NICD - SOUTH AFRICA, SOUTH AFRICA",ERA16499279,,public,17F4BD61D0A5D63D713A9237B31BFF65,DEE5E3FF8E635940C1C483F8AAAAED0F
SAMEA110420060,ERR9992702,2022-07-27 21:28:39,2022-08-10 14:20:54,2337691.0,705982682.0,2337691.0,302.0,217.0,,https://sra-downloadb.be-md.ncbi.nlm.nih.gov/sos3/sra-pub-zq-24/ERR009/9992/ERR9992702/ERR9992702.lite.1,ERX9533109,"LA00760042. CTB/NICD - South Africa, South Africa. LA00760042. 326",WGS,RANDOM,GENOMIC,PAIRED,0.0,0.0,ILLUMINA,Illumina NovaSeq 6000,ERP139874,PRJEB55007,,862850.0,ERS12518135,SAMEA110420060,simple,1773.0,Mycobacterium tuberculosis,SAMEA110420060,,,,,,,no,,,,,"CTB/NICD - SOUTH AFRICA, SOUTH AFRICA",ERA16499278,,public,0A0B790D6ECABD060858BE9C611FD75F,3C2C9FF1F5E76BEA882CE3BD109986B4
SAMEA110420059,ERR9992701,2022-07-27 21:28:39,2022-08-10 14:20:59,2270565.0,685710630.0,2270565.0,302.0,215.0,,https://sra-downloadb.be-md.ncbi.nlm.nih.gov/sos2/sra-pub-zq-20/ERR009/9992/ERR9992701/ERR9992701.lite.1,ERX9533108,"LA00709293. CTB/NICD - South Africa, South Africa. LA00709293. 325",WGS,RANDOM,GENOMIC,PAIRED,0.0,0.0,ILLUMINA,Illumina NovaSeq 6000,ERP139874,PRJEB55007,,862850.0,ERS12518134,SAMEA110420059,simple,1773.0,Mycobacterium tuberculosis,SAMEA110420059,,,,,,,no,,,,,"CTB/NICD - SOUTH AFRICA, SOUTH AFRICA",ERA16499277,,public,7377E78497EB2B4C5EC4E594577E037D,2F5616311C1A2D1613220987721631DF
SAMEA110420058,ERR9992700,2022-07-27 21:28:39,2022-08-10 14:21:10,2703766.0,816537332.0,2703766.0,302.0,258.0,,https://sra-downloadb.be-md.ncbi.nlm.nih.gov/sos2/sra-pub-zq-20/ERR009/9992/ERR9992700/ERR9992700.lite.1,ERX9533107,"LA00677490. CTB/NICD - South Africa, South Africa. LA00677490. 324",WGS,RANDOM,GENOMIC,PAIRED,0.0,0.0,ILLUMINA,Illumina NovaSeq 6000,ERP139874,PRJEB55007,,862850.0,ERS12518133,SAMEA110420058,simple,1773.0,Mycobacterium tuberculosis,SAMEA110420058,,,,,,,no,,,,,"CTB/NICD - SOUTH AFRICA, SOUTH AFRICA",ERA16499276,,public,92D3BCC36C7DAE5B10DA551BE233931C,67ACD1E0C9E24AC7C8D4F5BACD24D0D9
SAMEA110420057,ERR9992699,2022-07-27 21:28:39,2022-08-10 14:21:06,2912254.0,879500708.0,2912254.0,302.0,274.0,,https://sra-downloadb.be-md.ncbi.nlm.nih.gov/sos1/sra-pub-zq-38/ERR009/9992/ERR9992699/ERR9992699.lite.1,ERX9533106,"LA00657321. CTB/NICD - South Africa, South Africa. LA00657321. 323",WGS,RANDOM,GENOMIC,PAIRED,0.0,0.0,ILLUMINA,Illumina NovaSeq 6000,ERP139874,PRJEB55007,,862850.0,ERS12518132,SAMEA110420057,simple,1773.0,Mycobacterium tuberculosis,SAMEA110420057,,,,,,,no,,,,,"CTB/NICD - SOUTH AFRICA, SOUTH AFRICA",ERA16499275,,public,D18E6ECFC54A6A8E3BB4BB35D31E442E,6397F2D77DC76410059299FD8372C7B2
SAMEA110420056,ERR9992698,2022-07-27 21:28:39,2022-08-10 14:20:54,2290193.0,691638286.0,2290193.0,302.0,217.0,,https://sra-downloadb.be-md.ncbi.nlm.nih.gov/sos2/sra-pub-zq-20/ERR009/9992/ERR9992698/ERR9992698.lite.1,ERX9533105,"IA00894462. CTB/NICD - South Africa, South Africa. IA00894462. 322",WGS,RANDOM,GENOMIC,PAIRED,0.0,0.0,ILLUMINA,Illumina NovaSeq 6000,ERP139874,PRJEB55007,,862850.0,ERS12518131,SAMEA110420056,simple,1773.0,Mycobacterium tuberculosis,SAMEA110420056,,,,,,,no,,,,,"CTB/NICD - SOUTH AFRICA, SOUTH AFRICA",ERA16499274,,public,9C4448423E36BAA561959F5ED0F33AE4,46D70907DC35BFC0297EE1A2EBF9F39F
SAMEA110420055,ERR9992697,2022-07-27 21:28:39,2022-08-10 14:20:54,2133882.0,644432364.0,2133882.0,302.0,201.0,,https://sra-downloadb.be-md.ncbi.nlm.nih.gov/sos2/sra-pub-zq-20/ERR009/9992/ERR9992697/ERR9992697.lite.1,ERX9533104,"LA00638008. CTB/NICD - South Africa, South Africa. LA00638008. 321",WGS,RANDOM,GENOMIC,PAIRED,0.0,0.0,ILLUMINA,Illumina NovaSeq 6000,ERP139874,PRJEB55007,,862850.0,ERS12518130,SAMEA110420055,simple,1773.0,Mycobacterium tuberculosis,SAMEA110420055,,,,,,,no,,,,,"CTB/NICD - SOUTH AFRICA, SOUTH AFRICA",ERA16499273,,public,256448D82408FEF14F4E1137834807CC,9BF69DE1DF40A27FCD4E8E472A544411
SAMEA110420054,ERR9992696,2022-07-27 21:28:39,2022-08-10 14:20:59,2219902.0,670410404.0,2219902.0,302.0,211.0,,https://sra-downloadb.be-md.ncbi.nlm.nih.gov/sos3/sra-pub-zq-24/ERR009/9992/ERR9992696/ERR9992696.lite.1,ERX9533103,"LA00632400. CTB/NICD - South Africa, South Africa. LA00632400. 320",WGS,RANDOM,GENOMIC,PAIRED,0.0,0.0,ILLUMINA,Illumina NovaSeq 6000,ERP139874,PRJEB55007,,862850.0,ERS12518129,SAMEA110420054,simple,1773.0,Mycobacterium tuberculosis,SAMEA110420054,,,,,,,no,,,,,"CTB/NICD - SOUTH AFRICA, SOUTH AFRICA",ERA16499272,,public,95159B2329F6659AA8570E599DDAA335,AB2D63EB6F9D54CB1C24278BE385B4BC
SAMEA110420053,ERR9992695,2022-07-27 21:28:39,2022-08-10 14:20:56,2429300.0,733648600.0,2429300.0,302.0,230.0,,https://sra-downloadb.be-md.ncbi.nlm.nih.gov/sos3/sra-pub-zq-24/ERR009/9992/ERR9992695/ERR9992695.lite.1,ERX9533102,"LA00619412. CTB/NICD - South Africa, South Africa. LA00619412. 319",WGS,RANDOM,GENOMIC,PAIRED,0.0,0.0,ILLUMINA,Illumina NovaSeq 6000,ERP139874,PRJEB55007,,862850.0,ERS12518128,SAMEA110420053,simple,1773.0,Mycobacterium tuberculosis,SAMEA110420053,,,,,,,no,,,,,"CTB/NICD - SOUTH AFRICA, SOUTH AFRICA",ERA16499271,,public,5A9ECB21FE472D17C5294AF675A0B8A5,B1DF7286EEE011F54A578B12A579DD6E
SAMEA110420052,ERR9992694,2022-07-27 21:28:39,2022-08-10 14:21:11,2476505.0,747904510.0,2476505.0,302.0,235.0,,https://sra-downloadb.be-md.ncbi.nlm.nih.gov/sos2/sra-pub-zq-20/ERR009/9992/ERR9992694/ERR9992694.lite.1,ERX9533101,"KH00598395. CTB/NICD - South Africa, South Africa. KH00598395. 318",WGS,RANDOM,GENOMIC,PAIRED,0.0,0.0,ILLUMINA,Illumina NovaSeq 6000,ERP139874,PRJEB55007,,862850.0,ERS12518127,SAMEA110420052,simple,1773.0,Mycobacterium tuberculosis,SAMEA110420052,,,,,,,no,,,,,"CTB/NICD - SOUTH AFRICA, SOUTH AFRICA",ERA16499270,,public,009FADC1CB9EAC39DBDFFBFA375EF2D3,1BD4D16BB8F70C42F43D1B05FDA5AB16
SAMEA110420051,ERR9992693,2022-07-27 21:28:39,2022-08-10 14:21:02,1772743.0,535368386.0,1772743.0,302.0,169.0,,https://sra-downloadb.be-md.ncbi.nlm.nih.gov/sos3/sra-pub-zq-24/ERR009/9992/ERR9992693/ERR9992693.lite.1,ERX9533100,"KG00809582. CTB/NICD - South Africa, South Africa. KG00809582. 317",WGS,RANDOM,GENOMIC,PAIRED,0.0,0.0,ILLUMINA,Illumina NovaSeq 6000,ERP139874,PRJEB55007,,862850.0,ERS12518126,SAMEA110420051,simple,1773.0,Mycobacterium tuberculosis,SAMEA110420051,,,,,,,no,,,,,"CTB/NICD - SOUTH AFRICA, SOUTH AFRICA",ERA16499269,,public,388ADCEB2B4A3387FD70A7E30F7EA6AB,CEBBA0345E8CAB53DAD4F52320F0E94C
SAMEA110420050,ERR9992692,2022-07-27 21:28:39,2022-08-10 14:21:07,2147324.0,648491848.0,2147324.0,302.0,206.0,,https://sra-downloadb.be-md.ncbi.nlm.nih.gov/sos3/sra-pub-zq-24/ERR009/9992/ERR9992692/ERR9992692.lite.1,ERX9533099,"KG00766037. CTB/NICD - South Africa, South Africa. KG00766037. 316",WGS,RANDOM,GENOMIC,PAIRED,0.0,0.0,ILLUMINA,Illumina NovaSeq 6000,ERP139874,PRJEB55007,,862850.0,ERS12518125,SAMEA110420050,simple,1773.0,Mycobacterium tuberculosis,SAMEA110420050,,,,,,,no,,,,,"CTB/NICD - SOUTH AFRICA, SOUTH AFRICA",ERA16499268,,public,3DEAF16773617877664AD2087C7B3ED0,1A925749B47841533A74FDF33DBC538D
SAMEA110420049,ERR9992691,2022-07-27 21:28:39,2022-08-10 14:20:52,2316065.0,699451630.0,2316065.0,302.0,221.0,,https://sra-downloadb.be-md.ncbi.nlm.nih.gov/sos3/sra-pub-zq-22/ERR009/9992/ERR9992691/ERR9992691.lite.1,ERX9533098,"JG01483576. CTB/NICD - South Africa, South Africa. JG01483576. 315",WGS,RANDOM,GENOMIC,PAIRED,0.0,0.0,ILLUMINA,Illumina NovaSeq 6000,ERP139874,PRJEB55007,,862850.0,ERS12518124,SAMEA110420049,simple,1773.0,Mycobacterium tuberculosis,SAMEA110420049,,,,,,,no,,,,,"CTB/NICD - SOUTH AFRICA, SOUTH AFRICA",ERA16499267,,public,C79605DF2F76BE76CF31CE1435F4858F,98C26AD5D51C7F401D6DFC0D43985994
SAMEA110420048,ERR9992690,2022-07-27 21:28:39,2022-08-10 14:21:06,2863386.0,864742572.0,2863386.0,302.0,266.0,,https://sra-downloadb.be-md.ncbi.nlm.nih.gov/sos3/sra-pub-zq-22/ERR009/9992/ERR9992690/ERR9992690.lite.1,ERX9533097,"JE02113527. CTB/NICD - South Africa, South Africa. JE02113527. 314",WGS,RANDOM,GENOMIC,PAIRED,0.0,0.0,ILLUMINA,Illumina NovaSeq 6000,ERP139874,PRJEB55007,,862850.0,ERS12518123,SAMEA110420048,simple,1773.0,Mycobacterium tuberculosis,SAMEA110420048,,,,,,,no,,,,,"CTB/NICD - SOUTH AFRICA, SOUTH AFRICA",ERA16499266,,public,8E17308099B8953FF417E4D842548E9F,BD375B5E23BF8B380C83E32B91074939
SAMEA110420047,ERR9992689,2022-07-27 21:28:39,2022-08-10 14:20:49,2149352.0,649104304.0,2149352.0,302.0,200.0,,https://sra-downloadb.be-md.ncbi.nlm.nih.gov/sos2/sra-pub-zq-20/ERR009/9992/ERR9992689/ERR9992689.lite.1,ERX9533096,"JB00620858. CTB/NICD - South Africa, South Africa. JB00620858. 313",WGS,RANDOM,GENOMIC,PAIRED,0.0,0.0,ILLUMINA,Illumina NovaSeq 6000,ERP139874,PRJEB55007,,862850.0,ERS12518122,SAMEA110420047,simple,1773.0,Mycobacterium tuberculosis,SAMEA110420047,,,,,,,no,,,,,"CTB/NICD - SOUTH AFRICA, SOUTH AFRICA",ERA16499265,,public,4F1BB86F422180ED10216C5278AAF958,639C1A5E2CB4FC61698E9CC29FAF115A
SAMEA110420046,ERR9992688,2022-07-27 21:28:39,2022-08-10 14:21:01,2054231.0,620377762.0,2054231.0,302.0,195.0,,https://sra-downloadb.be-md.ncbi.nlm.nih.gov/sos3/sra-pub-zq-24/ERR009/9992/ERR9992688/ERR9992688.lite.1,ERX9533095,"IE00889190. CTB/NICD - South Africa, South Africa. IE00889190. 281",WGS,RANDOM,GENOMIC,PAIRED,0.0,0.0,ILLUMINA,Illumina NovaSeq 6000,ERP139874,PRJEB55007,,862850.0,ERS12518121,SAMEA110420046,simple,1773.0,Mycobacterium tuberculosis,SAMEA110420046,,,,,,,no,,,,,"CTB/NICD - SOUTH AFRICA, SOUTH AFRICA",ERA16499264,,public,5267B43C63584ABE794B777F75317C7E,86A4EF8C3C608B25DE9C21D7AD86A4A5
SAMEA110420045,ERR9992687,2022-07-27 21:28:39,2022-08-10 14:20:55,2508811.0,757660922.0,2508811.0,302.0,236.0,,https://sra-downloadb.be-md.ncbi.nlm.nih.gov/sos3/sra-pub-zq-22/ERR009/9992/ERR9992687/ERR9992687.lite.1,ERX9533094,"NP00851694. CTB/NICD - South Africa, South Africa. NP00851694. 270",WGS,RANDOM,GENOMIC,PAIRED,0.0,0.0,ILLUMINA,Illumina NovaSeq 6000,ERP139874,PRJEB55007,,862850.0,ERS12518120,SAMEA110420045,simple,1773.0,Mycobacterium tuberculosis,SAMEA110420045,,,,,,,no,,,,,"CTB/NICD - SOUTH AFRICA, SOUTH AFRICA",ERA16499263,,public,7443D14904561B3239601BC7CC4D0C87,ACCD3C63F6C04320113A5F98BE619EC0
SAMEA110420042,ERR9992684,2022-07-27 21:28:39,2022-08-10 14:21:09,2623810.0,792390620.0,2623810.0,302.0,241.0,,https://sra-downloadb.be-md.ncbi.nlm.nih.gov/sos1/sra-pub-zq-38/ERR009/9992/ERR9992684/ERR9992684.lite.1,ERX9533091,"LA01002963. CTB/NICD - South Africa, South Africa. LA01002963. 162",WGS,RANDOM,GENOMIC,PAIRED,0.0,0.0,ILLUMINA,Illumina NovaSeq 6000,ERP139874,PRJEB55007,,862850.0,ERS12518117,SAMEA110420042,simple,1773.0,Mycobacterium tuberculosis,SAMEA110420042,,,,,,,no,,,,,"CTB/NICD - SOUTH AFRICA, SOUTH AFRICA",ERA16499260,,public,229E928E315AD4A0B99AB8AC3F41E801,6331340CF8467DFE92B4D93C9A9BC21A
SAMEA110420041,ERR9992683,2022-07-27 21:28:39,2022-08-10 14:21:09,2596818.0,784239036.0,2596818.0,302.0,243.0,,https://sra-downloadb.be-md.ncbi.nlm.nih.gov/sos3/sra-pub-zq-24/ERR009/9992/ERR9992683/ERR9992683.lite.1,ERX9533090,"KF00453264. CTB/NICD - South Africa, South Africa. KF00453264. 157",WGS,RANDOM,GENOMIC,PAIRED,0.0,0.0,ILLUMINA,Illumina NovaSeq 6000,ERP139874,PRJEB55007,,862850.0,ERS12518116,SAMEA110420041,simple,1773.0,Mycobacterium tuberculosis,SAMEA110420041,,,,,,,no,,,,,"CTB/NICD - SOUTH AFRICA, SOUTH AFRICA",ERA16499259,,public,E0D274D7353349BABB036DB7475637A2,69C33314DBD9682C862A9FD8EFDE246F
SAMEA110420040,ERR9992682,2022-07-27 21:28:38,2022-08-10 14:21:08,2179283.0,658143466.0,2179283.0,302.0,203.0,,https://sra-downloadb.be-md.ncbi.nlm.nih.gov/sos3/sra-pub-zq-22/ERR009/9992/ERR9992682/ERR9992682.lite.1,ERX9533089,"IJ01928071. CTB/NICD - South Africa, South Africa. IJ01928071. 155",WGS,RANDOM,GENOMIC,PAIRED,0.0,0.0,ILLUMINA,Illumina NovaSeq 6000,ERP139874,PRJEB55007,,862850.0,ERS12518115,SAMEA110420040,simple,1773.0,Mycobacterium tuberculosis,SAMEA110420040,,,,,,,no,,,,,"CTB/NICD - SOUTH AFRICA, SOUTH AFRICA",ERA16499258,,public,16991423001DCBBABF6023820CAC972C,E90C6C6B22F0F62E9FBD49B0F73289FB
SAMEA110420039,ERR9992681,2022-07-27 21:28:38,2022-08-10 14:21:48,2400532.0,724960664.0,2400532.0,302.0,221.0,,https://sra-downloadb.be-md.ncbi.nlm.nih.gov/sos3/sra-pub-zq-24/ERR009/9992/ERR9992681/ERR9992681.lite.1,ERX9533088,"IK02737061. CTB/NICD - South Africa, South Africa. IK02737061. 150",WGS,RANDOM,GENOMIC,PAIRED,0.0,0.0,ILLUMINA,Illumina NovaSeq 6000,ERP139874,PRJEB55007,,862850.0,ERS12518114,SAMEA110420039,simple,1773.0,Mycobacterium tuberculosis,SAMEA110420039,,,,,,,no,,,,,"CTB/NICD - SOUTH AFRICA, SOUTH AFRICA",ERA16499257,,public,EC6EBA1DB7CE640F8ECC6B0312FACB27,0D1D4843F44CC5F2A9B1D9494BFF7C45
SAMEA110420038,ERR9992680,2022-07-27 21:28:38,2022-08-10 14:21:05,2259127.0,682256354.0,2259127.0,302.0,209.0,,https://sra-downloadb.be-md.ncbi.nlm.nih.gov/sos4/sra-pub-zq-1/ERR009/9992/ERR9992680/ERR9992680.lite.1,ERX9533087,"IL02724864. CTB/NICD - South Africa, South Africa. IL02724864. 125",WGS,RANDOM,GENOMIC,PAIRED,0.0,0.0,ILLUMINA,Illumina NovaSeq 6000,ERP139874,PRJEB55007,,862850.0,ERS12518113,SAMEA110420038,simple,1773.0,Mycobacterium tuberculosis,SAMEA110420038,,,,,,,no,,,,,"CTB/NICD - SOUTH AFRICA, SOUTH AFRICA",ERA16499256,,public,0C5067951FCEECB5D7CC8E78B7F1B276,4144ACC3CCD7A77F251E321B8C09553F
SAMEA110420037,ERR9992679,2022-07-27 21:28:38,2022-08-10 14:20:56,2355238.0,711281876.0,2355238.0,302.0,218.0,,https://sra-downloadb.be-md.ncbi.nlm.nih.gov/sos3/sra-pub-zq-22/ERR009/9992/ERR9992679/ERR9992679.lite.1,ERX9533086,"IC00620587. CTB/NICD - South Africa, South Africa. IC00620587. 106",WGS,RANDOM,GENOMIC,PAIRED,0.0,0.0,ILLUMINA,Illumina NovaSeq 6000,ERP139874,PRJEB55007,,862850.0,ERS12518112,SAMEA110420037,simple,1773.0,Mycobacterium tuberculosis,SAMEA110420037,,,,,,,no,,,,,"CTB/NICD - SOUTH AFRICA, SOUTH AFRICA",ERA16499255,,public,6425EC8E14C3CDEB99151F7897E3F25B,9CE64D4B039E0EB50B2364494D770B5C
SAMEA110420036,ERR9992678,2022-07-27 21:28:38,2022-08-10 14:20:56,2526480.0,762996960.0,2526480.0,302.0,237.0,,https://sra-downloadb.be-md.ncbi.nlm.nih.gov/sos1/sra-pub-zq-38/ERR009/9992/ERR9992678/ERR9992678.lite.1,ERX9533085,"LA00796538. CTB/NICD - South Africa, South Africa. LA00796538. 95",WGS,RANDOM,GENOMIC,PAIRED,0.0,0.0,ILLUMINA,Illumina NovaSeq 6000,ERP139874,PRJEB55007,,862850.0,ERS12518111,SAMEA110420036,simple,1773.0,Mycobacterium tuberculosis,SAMEA110420036,,,,,,,no,,,,,"CTB/NICD - SOUTH AFRICA, SOUTH AFRICA",ERA16499254,,public,E91308E8EA36B719AA9C06DDD048BA31,21A6EAA73FE9C3E19D8E016C98A39A21
SAMEA110420035,ERR9992677,2022-07-27 21:28:38,2022-08-10 14:20:59,2404555.0,726175610.0,2404555.0,302.0,227.0,,https://sra-downloadb.be-md.ncbi.nlm.nih.gov/sos1/sra-pub-zq-38/ERR009/9992/ERR9992677/ERR9992677.lite.1,ERX9533084,"JE02685990. CTB/NICD - South Africa, South Africa. JE02685990. 72",WGS,RANDOM,GENOMIC,PAIRED,0.0,0.0,ILLUMINA,Illumina NovaSeq 6000,ERP139874,PRJEB55007,,862850.0,ERS12518110,SAMEA110420035,simple,1773.0,Mycobacterium tuberculosis,SAMEA110420035,,,,,,,no,,,,,"CTB/NICD - SOUTH AFRICA, SOUTH AFRICA",ERA16499253,,public,D5F140B66D4618693868C1C49E06D226,7F35ECB8CBB8B41411BC4A63883B3B0A
SAMEA110420034,ERR9992676,2022-07-27 21:28:38,2022-08-10 14:21:46,2402052.0,725419704.0,2402052.0,302.0,227.0,,https://sra-downloadb.be-md.ncbi.nlm.nih.gov/sos3/sra-pub-zq-24/ERR009/9992/ERR9992676/ERR9992676.lite.1,ERX9533083,"JE02434287. CTB/NICD - South Africa, South Africa. JE02434287. 71",WGS,RANDOM,GENOMIC,PAIRED,0.0,0.0,ILLUMINA,Illumina NovaSeq 6000,ERP139874,PRJEB55007,,862850.0,ERS12518109,SAMEA110420034,simple,1773.0,Mycobacterium tuberculosis,SAMEA110420034,,,,,,,no,,,,,"CTB/NICD - SOUTH AFRICA, SOUTH AFRICA",ERA16499252,,public,A6A2FC6EAFD0BF976B681F81BCB970C9,5E6BE54C4AA4AFE4FEA14D00E9E3D8BD
SAMEA110420033,ERR9992675,2022-07-27 21:28:38,2022-08-10 14:21:09,2522857.0,761902814.0,2522857.0,302.0,236.0,,https://sra-downloadb.be-md.ncbi.nlm.nih.gov/sos2/sra-pub-zq-20/ERR009/9992/ERR9992675/ERR9992675.lite.1,ERX9533082,"JE01904973. CTB/NICD - South Africa, South Africa. JE01904973. 70",WGS,RANDOM,GENOMIC,PAIRED,0.0,0.0,ILLUMINA,Illumina NovaSeq 6000,ERP139874,PRJEB55007,,862850.0,ERS12518108,SAMEA110420033,simple,1773.0,Mycobacterium tuberculosis,SAMEA110420033,,,,,,,no,,,,,"CTB/NICD - SOUTH AFRICA, SOUTH AFRICA",ERA16499251,,public,F9DDA6655614762A4E74242515C49FB3,29A2C5E9DF4F2A6FA4DCF9B041604516
SAMEA110420032,ERR9992674,2022-07-27 21:28:38,2022-08-10 14:20:59,2434834.0,735319868.0,2434834.0,302.0,228.0,,https://sra-downloadb.be-md.ncbi.nlm.nih.gov/sos4/sra-pub-zq-1/ERR009/9992/ERR9992674/ERR9992674.lite.1,ERX9533081,"LA00836720. CTB/NICD - South Africa, South Africa. LA00836720. 69",WGS,RANDOM,GENOMIC,PAIRED,0.0,0.0,ILLUMINA,Illumina NovaSeq 6000,ERP139874,PRJEB55007,,862850.0,ERS12518107,SAMEA110420032,simple,1773.0,Mycobacterium tuberculosis,SAMEA110420032,,,,,,,no,,,,,"CTB/NICD - SOUTH AFRICA, SOUTH AFRICA",ERA16499250,,public,E3986204B84046D5CBBCA13314F226D1,53BEA237A0CFC88018E5EB8B0561E6C9
SAMEA110420031,ERR9992673,2022-07-27 21:28:38,2022-08-10 14:21:01,2325643.0,702344186.0,2325643.0,302.0,220.0,,https://sra-downloadb.be-md.ncbi.nlm.nih.gov/sos3/sra-pub-zq-24/ERR009/9992/ERR9992673/ERR9992673.lite.1,ERX9533080,"JD00824015. CTB/NICD - South Africa, South Africa. JD00824015. 67",WGS,RANDOM,GENOMIC,PAIRED,0.0,0.0,ILLUMINA,Illumina NovaSeq 6000,ERP139874,PRJEB55007,,862850.0,ERS12518106,SAMEA110420031,simple,1773.0,Mycobacterium tuberculosis,SAMEA110420031,,,,,,,no,,,,,"CTB/NICD - SOUTH AFRICA, SOUTH AFRICA",ERA16499249,,public,2A02787E6E6590B7E024E6105C9B3469,805993CBC7B296D2FDFD8882BA0C457C
SAMEA110420030,ERR9992672,2022-07-27 21:28:38,2022-08-10 14:21:01,2756651.0,832508602.0,2756651.0,302.0,257.0,,https://sra-downloadb.be-md.ncbi.nlm.nih.gov/sos1/sra-pub-zq-38/ERR009/9992/ERR9992672/ERR9992672.lite.1,ERX9533079,"JD00874584. CTB/NICD - South Africa, South Africa. JD00874584. 66",WGS,RANDOM,GENOMIC,PAIRED,0.0,0.0,ILLUMINA,Illumina NovaSeq 6000,ERP139874,PRJEB55007,,862850.0,ERS12518105,SAMEA110420030,simple,1773.0,Mycobacterium tuberculosis,SAMEA110420030,,,,,,,no,,,,,"CTB/NICD - SOUTH AFRICA, SOUTH AFRICA",ERA16499248,,public,665537E88BE0BD80B9FBCF6DC4B6DFD1,C04EAEF05C4AC0744BFEDF832758A8EE
SAMEA110420029,ERR9992671,2022-07-27 21:28:38,2022-08-10 14:21:22,2437786.0,736211372.0,2437786.0,302.0,228.0,,https://sra-downloadb.be-md.ncbi.nlm.nih.gov/sos2/sra-pub-zq-20/ERR009/9992/ERR9992671/ERR9992671.lite.1,ERX9533078,"JC00987973. CTB/NICD - South Africa, South Africa. JC00987973. 65",WGS,RANDOM,GENOMIC,PAIRED,0.0,0.0,ILLUMINA,Illumina NovaSeq 6000,ERP139874,PRJEB55007,,862850.0,ERS12518104,SAMEA110420029,simple,1773.0,Mycobacterium tuberculosis,SAMEA110420029,,,,,,,no,,,,,"CTB/NICD - SOUTH AFRICA, SOUTH AFRICA",ERA16499247,,public,ABA62A0117AE42BE4B6E54920A2DC402,1958F56F288ABE864D6BF01DF83C38FC
SAMEA110420028,ERR9992670,2022-07-27 21:28:38,2022-08-10 14:21:01,2099689.0,634106078.0,2099689.0,302.0,198.0,,https://sra-downloadb.be-md.ncbi.nlm.nih.gov/sos2/sra-pub-zq-20/ERR009/9992/ERR9992670/ERR9992670.lite.1,ERX9533077,"JB00767773. CTB/NICD - South Africa, South Africa. JB00767773. 64",WGS,RANDOM,GENOMIC,PAIRED,0.0,0.0,ILLUMINA,Illumina NovaSeq 6000,ERP139874,PRJEB55007,,862850.0,ERS12518103,SAMEA110420028,simple,1773.0,Mycobacterium tuberculosis,SAMEA110420028,,,,,,,no,,,,,"CTB/NICD - SOUTH AFRICA, SOUTH AFRICA",ERA16499246,,public,E9A097B3A0414C74AA355F1900678EBC,61BB37281D668633FC079AE371728B34
SAMEA110420027,ERR9992669,2022-07-27 21:28:38,2022-08-10 14:21:03,2147584.0,648570368.0,2147584.0,302.0,204.0,,https://sra-downloadb.be-md.ncbi.nlm.nih.gov/sos4/sra-pub-zq-1/ERR009/9992/ERR9992669/ERR9992669.lite.1,ERX9533076,"JB00742314. CTB/NICD - South Africa, South Africa. JB00742314. 63",WGS,RANDOM,GENOMIC,PAIRED,0.0,0.0,ILLUMINA,Illumina NovaSeq 6000,ERP139874,PRJEB55007,,862850.0,ERS12518102,SAMEA110420027,simple,1773.0,Mycobacterium tuberculosis,SAMEA110420027,,,,,,,no,,,,,"CTB/NICD - SOUTH AFRICA, SOUTH AFRICA",ERA16499245,,public,61EB0CD6C732D611A5A4953332E2E18E,B40A239BCE60F5B0C01AABB2B29E9352
SAMEA110420026,ERR9992668,2022-07-27 21:28:38,2022-08-10 14:21:09,2624161.0,792496622.0,2624161.0,302.0,242.0,,https://sra-downloadb.be-md.ncbi.nlm.nih.gov/sos1/sra-pub-zq-38/ERR009/9992/ERR9992668/ERR9992668.lite.1,ERX9533075,"JB00739405. CTB/NICD - South Africa, South Africa. JB00739405. 62",WGS,RANDOM,GENOMIC,PAIRED,0.0,0.0,ILLUMINA,Illumina NovaSeq 6000,ERP139874,PRJEB55007,,862850.0,ERS12518101,SAMEA110420026,simple,1773.0,Mycobacterium tuberculosis,SAMEA110420026,,,,,,,no,,,,,"CTB/NICD - SOUTH AFRICA, SOUTH AFRICA",ERA16499244,,public,C511DAEB537945855084FFD15702D701,BCC768772F94D15A43D8E4180872D574
SAMEA110420025,ERR9992667,2022-07-27 21:28:38,2022-08-10 14:21:11,2320515.0,700795530.0,2320515.0,302.0,221.0,,https://sra-downloadb.be-md.ncbi.nlm.nih.gov/sos3/sra-pub-zq-24/ERR009/9992/ERR9992667/ERR9992667.lite.1,ERX9533074,"JB00594596. CTB/NICD - South Africa, South Africa. JB00594596. 61",WGS,RANDOM,GENOMIC,PAIRED,0.0,0.0,ILLUMINA,Illumina NovaSeq 6000,ERP139874,PRJEB55007,,862850.0,ERS12518100,SAMEA110420025,simple,1773.0,Mycobacterium tuberculosis,SAMEA110420025,,,,,,,no,,,,,"CTB/NICD - SOUTH AFRICA, SOUTH AFRICA",ERA16499243,,public,D07C10A09EC14F9158DD83AF0D49B8BB,7F18B66857E923304D96230BA7C6F6CB
SAMEA110420024,ERR9992666,2022-07-27 21:28:38,2022-08-10 14:20:50,1984978.0,599463356.0,1984978.0,302.0,188.0,,https://sra-downloadb.be-md.ncbi.nlm.nih.gov/sos4/sra-pub-zq-1/ERR009/9992/ERR9992666/ERR9992666.lite.1,ERX9533073,"JA00796310. CTB/NICD - South Africa, South Africa. JA00796310. 60",WGS,RANDOM,GENOMIC,PAIRED,0.0,0.0,ILLUMINA,Illumina NovaSeq 6000,ERP139874,PRJEB55007,,862850.0,ERS12518099,SAMEA110420024,simple,1773.0,Mycobacterium tuberculosis,SAMEA110420024,,,,,,,no,,,,,"CTB/NICD - SOUTH AFRICA, SOUTH AFRICA",ERA16499242,,public,6EB79BE29CB8213CE88C59A9C1513242,829DE553633AF12E6D27E5C67D0801A5
SAMEA110420023,ERR9992665,2022-07-27 21:28:38,2022-08-10 14:20:55,2544521.0,768445342.0,2544521.0,302.0,239.0,,https://sra-downloadb.be-md.ncbi.nlm.nih.gov/sos3/sra-pub-zq-22/ERR009/9992/ERR9992665/ERR9992665.lite.1,ERX9533072,"IK02978822. CTB/NICD - South Africa, South Africa. IK02978822. 59",WGS,RANDOM,GENOMIC,PAIRED,0.0,0.0,ILLUMINA,Illumina NovaSeq 6000,ERP139874,PRJEB55007,,862850.0,ERS12518098,SAMEA110420023,simple,1773.0,Mycobacterium tuberculosis,SAMEA110420023,,,,,,,no,,,,,"CTB/NICD - SOUTH AFRICA, SOUTH AFRICA",ERA16499241,,public,F2BA95D15B21787A5E52095F6768C2B2,5D7A95C5CB7A3916844C485F5EA235D8
SAMEA110420022,ERR9992664,2022-07-27 21:28:38,2022-08-10 14:21:08,2316410.0,699555820.0,2316410.0,302.0,219.0,,https://sra-downloadb.be-md.ncbi.nlm.nih.gov/sos2/sra-pub-zq-20/ERR009/9992/ERR9992664/ERR9992664.lite.1,ERX9533071,"IH00534256. CTB/NICD - South Africa, South Africa. IH00534256. 58",WGS,RANDOM,GENOMIC,PAIRED,0.0,0.0,ILLUMINA,Illumina NovaSeq 6000,ERP139874,PRJEB55007,,862850.0,ERS12518097,SAMEA110420022,simple,1773.0,Mycobacterium tuberculosis,SAMEA110420022,,,,,,,no,,,,,"CTB/NICD - SOUTH AFRICA, SOUTH AFRICA",ERA16499240,,public,F0C189ED0AB26CE205E839054780B253,806A1ABAF222DEE5616E84E72CF65ADE
SAMEA110420021,ERR9992663,2022-07-27 21:28:38,2022-08-10 14:20:59,2211856.0,667980512.0,2211856.0,302.0,207.0,,https://sra-downloadb.be-md.ncbi.nlm.nih.gov/sos1/sra-pub-zq-38/ERR009/9992/ERR9992663/ERR9992663.lite.1,ERX9533070,"IG02063784. CTB/NICD - South Africa, South Africa. IG02063784. 57",WGS,RANDOM,GENOMIC,PAIRED,0.0,0.0,ILLUMINA,Illumina NovaSeq 6000,ERP139874,PRJEB55007,,862850.0,ERS12518096,SAMEA110420021,simple,1773.0,Mycobacterium tuberculosis,SAMEA110420021,,,,,,,no,,,,,"CTB/NICD - SOUTH AFRICA, SOUTH AFRICA",ERA16499239,,public,9FDE21B1C9F36368FCB680136FA52C70,D0EEF1DDA0791F94CEAAD62420F8EBD0
SAMEA110420020,ERR9992662,2022-07-27 21:28:38,2022-08-10 14:21:12,2332848.0,704520096.0,2332848.0,302.0,218.0,,https://sra-downloadb.be-md.ncbi.nlm.nih.gov/sos3/sra-pub-zq-24/ERR009/9992/ERR9992662/ERR9992662.lite.1,ERX9533069,"IF02701910. CTB/NICD - South Africa, South Africa. IF02701910. 56",WGS,RANDOM,GENOMIC,PAIRED,0.0,0.0,ILLUMINA,Illumina NovaSeq 6000,ERP139874,PRJEB55007,,862850.0,ERS12518095,SAMEA110420020,simple,1773.0,Mycobacterium tuberculosis,SAMEA110420020,,,,,,,no,,,,,"CTB/NICD - SOUTH AFRICA, SOUTH AFRICA",ERA16499238,,public,92DC7ACC5FE97FF650F26260EE274446,CD81C2B142B26C44911A5076A30FBC9E
SAMEA110420019,ERR9992661,2022-07-27 21:28:38,2022-08-10 14:20:48,1772283.0,535229466.0,1772283.0,302.0,170.0,,https://sra-downloadb.be-md.ncbi.nlm.nih.gov/sos3/sra-pub-zq-24/ERR009/9992/ERR9992661/ERR9992661.lite.1,ERX9533068,"IE00879462. CTB/NICD - South Africa, South Africa. IE00879462. 55",WGS,RANDOM,GENOMIC,PAIRED,0.0,0.0,ILLUMINA,Illumina NovaSeq 6000,ERP139874,PRJEB55007,,862850.0,ERS12518094,SAMEA110420019,simple,1773.0,Mycobacterium tuberculosis,SAMEA110420019,,,,,,,no,,,,,"CTB/NICD - SOUTH AFRICA, SOUTH AFRICA",ERA16499237,,public,C9CDAA4CB65E1660B2D6673224F698A5,AE8488FEDAAD867549E27739B9375547
SAMEA110420018,ERR9992660,2022-07-27 21:28:38,2022-08-10 14:20:48,2095766.0,632921332.0,2095766.0,302.0,194.0,,https://sra-downloadb.be-md.ncbi.nlm.nih.gov/sos3/sra-pub-zq-22/ERR009/9992/ERR9992660/ERR9992660.lite.1,ERX9533067,"IE00806700. CTB/NICD - South Africa, South Africa. IE00806700. 54",WGS,RANDOM,GENOMIC,PAIRED,0.0,0.0,ILLUMINA,Illumina NovaSeq 6000,ERP139874,PRJEB55007,,862850.0,ERS12518093,SAMEA110420018,simple,1773.0,Mycobacterium tuberculosis,SAMEA110420018,,,,,,,no,,,,,"CTB/NICD - SOUTH AFRICA, SOUTH AFRICA",ERA16499236,,public,B928F54EFCF305ECA879085C9CAECA23,91A0ABA3665277781646AE12A8FB0E55
SAMEA110420017,ERR9992659,2022-07-27 21:28:38,2022-08-10 14:21:04,2129462.0,643097524.0,2129462.0,302.0,196.0,,https://sra-downloadb.be-md.ncbi.nlm.nih.gov/sos1/sra-pub-zq-38/ERR009/9992/ERR9992659/ERR9992659.lite.1,ERX9533066,"IE00802261. CTB/NICD - South Africa, South Africa. IE00802261. 53",WGS,RANDOM,GENOMIC,PAIRED,0.0,0.0,ILLUMINA,Illumina NovaSeq 6000,ERP139874,PRJEB55007,,862850.0,ERS12518092,SAMEA110420017,simple,1773.0,Mycobacterium tuberculosis,SAMEA110420017,,,,,,,no,,,,,"CTB/NICD - SOUTH AFRICA, SOUTH AFRICA",ERA16499235,,public,D395501CAB51760D771B8DC697471D37,03DFA1FD91B8AFBFB256A334A51FBA08
SAMEA110420015,ERR9992657,2022-07-27 21:28:38,2022-08-10 14:20:55,2210195.0,667478890.0,2210195.0,302.0,209.0,,https://sra-downloadb.be-md.ncbi.nlm.nih.gov/sos4/sra-pub-zq-1/ERR009/9992/ERR9992657/ERR9992657.lite.1,ERX9533064,"IA00777143. CTB/NICD - South Africa, South Africa. IA00777143. 51",WGS,RANDOM,GENOMIC,PAIRED,0.0,0.0,ILLUMINA,Illumina NovaSeq 6000,ERP139874,PRJEB55007,,862850.0,ERS12518090,SAMEA110420015,simple,1773.0,Mycobacterium tuberculosis,SAMEA110420015,,,,,,,no,,,,,"CTB/NICD - SOUTH AFRICA, SOUTH AFRICA",ERA16499233,,public,412A43DB558B36060DD810D6F6FF7CE0,6822368A3330C17795A98DA981207A71
SAMEA110420014,ERR9992656,2022-07-27 21:28:38,2022-08-10 14:20:53,2571277.0,776525654.0,2571277.0,302.0,243.0,,https://sra-downloadb.be-md.ncbi.nlm.nih.gov/sos3/sra-pub-zq-22/ERR009/9992/ERR9992656/ERR9992656.lite.1,ERX9533063,"GH01099138. CTB/NICD - South Africa, South Africa. GH01099138. 50",WGS,RANDOM,GENOMIC,PAIRED,0.0,0.0,ILLUMINA,Illumina NovaSeq 6000,ERP139874,PRJEB55007,,862850.0,ERS12518089,SAMEA110420014,simple,1773.0,Mycobacterium tuberculosis,SAMEA110420014,,,,,,,no,,,,,"CTB/NICD - SOUTH AFRICA, SOUTH AFRICA",ERA16499232,,public,861E8CB45D56830F02A340557411AF4F,F509C9DC28150A310594302179CB1819
SAMEA110420013,ERR9992655,2022-07-27 21:28:38,2022-08-10 14:21:02,2136830.0,645322660.0,2136830.0,302.0,199.0,,https://sra-downloadb.be-md.ncbi.nlm.nih.gov/sos1/sra-pub-zq-38/ERR009/9992/ERR9992655/ERR9992655.lite.1,ERX9533062,"GF00440670. CTB/NICD - South Africa, South Africa. GF00440670. 49",WGS,RANDOM,GENOMIC,PAIRED,0.0,0.0,ILLUMINA,Illumina NovaSeq 6000,ERP139874,PRJEB55007,,862850.0,ERS12518088,SAMEA110420013,simple,1773.0,Mycobacterium tuberculosis,SAMEA110420013,,,,,,,no,,,,,"CTB/NICD - SOUTH AFRICA, SOUTH AFRICA",ERA16499231,,public,8F54F8CF97D084680B33036C4E10C9F6,8AB5E42D9DFF87324179C78FD3548C59
SAMEA110420012,ERR9992654,2022-07-27 21:28:38,2022-08-10 14:20:44,2037450.0,615309900.0,2037450.0,302.0,195.0,,https://sra-downloadb.be-md.ncbi.nlm.nih.gov/sos3/sra-pub-zq-22/ERR009/9992/ERR9992654/ERR9992654.lite.1,ERX9533061,"GA01166628. CTB/NICD - South Africa, South Africa. GA01166628. 48",WGS,RANDOM,GENOMIC,PAIRED,0.0,0.0,ILLUMINA,Illumina NovaSeq 6000,ERP139874,PRJEB55007,,862850.0,ERS12518087,SAMEA110420012,simple,1773.0,Mycobacterium tuberculosis,SAMEA110420012,,,,,,,no,,,,,"CTB/NICD - SOUTH AFRICA, SOUTH AFRICA",ERA16499230,,public,44EC8C50A2DD0381080AAA6B18BAC5F5,196EBC56259BFC0D8331BCA6BC925FB3
SAMEA110420011,ERR9992653,2022-07-27 21:28:38,2022-08-10 14:20:44,2099500.0,634049000.0,2099500.0,302.0,199.0,,https://sra-downloadb.be-md.ncbi.nlm.nih.gov/sos3/sra-pub-zq-24/ERR009/9992/ERR9992653/ERR9992653.lite.1,ERX9533060,"HN02761793. CTB/NICD - South Africa, South Africa. HN02761793. 47",WGS,RANDOM,GENOMIC,PAIRED,0.0,0.0,ILLUMINA,Illumina NovaSeq 6000,ERP139874,PRJEB55007,,862850.0,ERS12518086,SAMEA110420011,simple,1773.0,Mycobacterium tuberculosis,SAMEA110420011,,,,,,,no,,,,,"CTB/NICD - SOUTH AFRICA, SOUTH AFRICA",ERA16499229,,public,061DDF85CAF8D1714851B4BB18D9A3C0,B8679B67C29E978FE84EB6C7A73F6757
SAMEA110420010,ERR9992652,2022-07-27 21:28:38,2022-08-10 14:20:58,2589286.0,781964372.0,2589286.0,302.0,242.0,,https://sra-downloadb.be-md.ncbi.nlm.nih.gov/sos3/sra-pub-zq-24/ERR009/9992/ERR9992652/ERR9992652.lite.1,ERX9533059,"HG06466547. CTB/NICD - South Africa, South Africa. HG06466547. 46",WGS,RANDOM,GENOMIC,PAIRED,0.0,0.0,ILLUMINA,Illumina NovaSeq 6000,ERP139874,PRJEB55007,,862850.0,ERS12518085,SAMEA110420010,simple,1773.0,Mycobacterium tuberculosis,SAMEA110420010,,,,,,,no,,,,,"CTB/NICD - SOUTH AFRICA, SOUTH AFRICA",ERA16499228,,public,C26763C06A3BFB3FB72FF671ED21D5AE,D6A713063D528409A4837B7D5AA6435C
SAMEA110420009,ERR9992651,2022-07-27 21:28:38,2022-08-10 14:20:36,1987871.0,600337042.0,1987871.0,302.0,185.0,,https://sra-downloadb.be-md.ncbi.nlm.nih.gov/sos2/sra-pub-zq-20/ERR009/9992/ERR9992651/ERR9992651.lite.1,ERX9533058,"EB00612224. CTB/NICD - South Africa, South Africa. EB00612224. 45",WGS,RANDOM,GENOMIC,PAIRED,0.0,0.0,ILLUMINA,Illumina NovaSeq 6000,ERP139874,PRJEB55007,,862850.0,ERS12518084,SAMEA110420009,simple,1773.0,Mycobacterium tuberculosis,SAMEA110420009,,,,,,,no,,,,,"CTB/NICD - SOUTH AFRICA, SOUTH AFRICA",ERA16499227,,public,0F9BC4CDF87383AC43F9FB20982EB86F,E57AE5DE64538E9247FFAAF67D85F238
SAMEA110420008,ERR9992650,2022-07-27 21:28:38,2022-08-10 14:20:50,2044305.0,617380110.0,2044305.0,302.0,192.0,,https://sra-downloadb.be-md.ncbi.nlm.nih.gov/sos1/sra-pub-zq-38/ERR009/9992/ERR9992650/ERR9992650.lite.1,ERX9533057,"CG05374575. CTB/NICD - South Africa, South Africa. CG05374575. 44",WGS,RANDOM,GENOMIC,PAIRED,0.0,0.0,ILLUMINA,Illumina NovaSeq 6000,ERP139874,PRJEB55007,,862850.0,ERS12518083,SAMEA110420008,simple,1773.0,Mycobacterium tuberculosis,SAMEA110420008,,,,,,,no,,,,,"CTB/NICD - SOUTH AFRICA, SOUTH AFRICA",ERA16499226,,public,70257EA071C4CDDC22A500159ABD05EB,43D073C34D6A86BBB125B0434634B551
SAMEA110420007,ERR9992649,2022-07-27 21:28:38,2022-08-10 14:20:57,2078648.0,627751696.0,2078648.0,302.0,199.0,,https://sra-downloadb.be-md.ncbi.nlm.nih.gov/sos1/sra-pub-zq-38/ERR009/9992/ERR9992649/ERR9992649.lite.1,ERX9533056,"CC00576464. CTB/NICD - South Africa, South Africa. CC00576464. 43",WGS,RANDOM,GENOMIC,PAIRED,0.0,0.0,ILLUMINA,Illumina NovaSeq 6000,ERP139874,PRJEB55007,,862850.0,ERS12518082,SAMEA110420007,simple,1773.0,Mycobacterium tuberculosis,SAMEA110420007,,,,,,,no,,,,,"CTB/NICD - SOUTH AFRICA, SOUTH AFRICA",ERA16499225,,public,37D785A00B6068721F0C1359E3399A8C,857EAA2F8ED759029138BA6EA5A09D68
SAMEA110420006,ERR9992648,2022-07-27 21:28:38,2022-08-10 14:20:55,2044803.0,617530506.0,2044803.0,302.0,190.0,,https://sra-downloadb.be-md.ncbi.nlm.nih.gov/sos1/sra-pub-zq-38/ERR009/9992/ERR9992648/ERR9992648.lite.1,ERX9533055,"NJ00352365. CTB/NICD - South Africa, South Africa. NJ00352365. 42",WGS,RANDOM,GENOMIC,PAIRED,0.0,0.0,ILLUMINA,Illumina NovaSeq 6000,ERP139874,PRJEB55007,,862850.0,ERS12518081,SAMEA110420006,simple,1773.0,Mycobacterium tuberculosis,SAMEA110420006,,,,,,,no,,,,,"CTB/NICD - SOUTH AFRICA, SOUTH AFRICA",ERA16499224,,public,58F0EC313160E4C47FBEB613496A6C28,8757C83E708C32E219D4BE8752855438
SAMEA110420005,ERR9992647,2022-07-27 21:28:38,2022-08-10 14:21:12,2216398.0,669352196.0,2216398.0,302.0,212.0,,https://sra-downloadb.be-md.ncbi.nlm.nih.gov/sos3/sra-pub-zq-24/ERR009/9992/ERR9992647/ERR9992647.lite.1,ERX9533054,"CH01002604. CTB/NICD - South Africa, South Africa. CH01002604. 41",WGS,RANDOM,GENOMIC,PAIRED,0.0,0.0,ILLUMINA,Illumina NovaSeq 6000,ERP139874,PRJEB55007,,862850.0,ERS12518080,SAMEA110420005,simple,1773.0,Mycobacterium tuberculosis,SAMEA110420005,,,,,,,no,,,,,"CTB/NICD - SOUTH AFRICA, SOUTH AFRICA",ERA16499223,,public,E06C6480F10FE43F830AC5DB13FA24DC,3674E4FAC2CF0EC25B52986DE9918FE6
SAMEA110420004,ERR9992646,2022-07-27 21:28:38,2022-08-10 14:20:46,2212340.0,668126680.0,2212340.0,302.0,214.0,,https://sra-downloadb.be-md.ncbi.nlm.nih.gov/sos2/sra-pub-zq-20/ERR009/9992/ERR9992646/ERR9992646.lite.1,ERX9533053,"CE05211917. CTB/NICD - South Africa, South Africa. CE05211917. 40",WGS,RANDOM,GENOMIC,PAIRED,0.0,0.0,ILLUMINA,Illumina NovaSeq 6000,ERP139874,PRJEB55007,,862850.0,ERS12518079,SAMEA110420004,simple,1773.0,Mycobacterium tuberculosis,SAMEA110420004,,,,,,,no,,,,,"CTB/NICD - SOUTH AFRICA, SOUTH AFRICA",ERA16499222,,public,50AA25C3A181E8C9E9B47FE1E611E40D,2222365875C28B3AF8A98FCA565EE726
SAMEA110420002,ERR9992645,2022-07-27 21:28:38,2022-08-10 14:20:59,2205893.0,666179686.0,2205893.0,302.0,204.0,,https://sra-downloadb.be-md.ncbi.nlm.nih.gov/sos3/sra-pub-zq-24/ERR009/9992/ERR9992645/ERR9992645.lite.1,ERX9533052,"NO00367629. CTB/NICD - South Africa, South Africa. NO00367629. 39",WGS,RANDOM,GENOMIC,PAIRED,0.0,0.0,ILLUMINA,Illumina NovaSeq 6000,ERP139874,PRJEB55007,,862850.0,ERS12518078,SAMEA110420002,simple,1773.0,Mycobacterium tuberculosis,SAMEA110420002,,,,,,,no,,,,,"CTB/NICD - SOUTH AFRICA, SOUTH AFRICA",ERA16499221,,public,D607840E75597A94659CAB7CC6D4AB8E,A27CD699CD287175849E09C633A24506
SAMEA110420001,ERR9992644,2022-07-27 21:28:38,2022-08-10 14:20:40,2149358.0,649106116.0,2149358.0,302.0,203.0,,https://sra-downloadb.be-md.ncbi.nlm.nih.gov/sos3/sra-pub-zq-24/ERR009/9992/ERR9992644/ERR9992644.lite.1,ERX9533051,"CC00666803. CTB/NICD - South Africa, South Africa. CC00666803. 38",WGS,RANDOM,GENOMIC,PAIRED,0.0,0.0,ILLUMINA,Illumina NovaSeq 6000,ERP139874,PRJEB55007,,862850.0,ERS12518077,SAMEA110420001,simple,1773.0,Mycobacterium tuberculosis,SAMEA110420001,,,,,,,no,,,,,"CTB/NICD - SOUTH AFRICA, SOUTH AFRICA",ERA16499220,,public,BAF7FA09555105FD0802D401FF57B904,3E62B0FB2BCF0DF8E57BF3B8431BD39D
SAMEA110420000,ERR9992643,2022-07-27 21:28:38,2022-08-10 14:20:23,2287584.0,690850368.0,2287584.0,302.0,212.0,,https://sra-downloadb.be-md.ncbi.nlm.nih.gov/sos1/sra-pub-zq-38/ERR009/9992/ERR9992643/ERR9992643.lite.1,ERX9533050,"LA01286645. CTB/NICD - South Africa, South Africa. LA01286645. 37",WGS,RANDOM,GENOMIC,PAIRED,0.0,0.0,ILLUMINA,Illumina NovaSeq 6000,ERP139874,PRJEB55007,,862850.0,ERS12518076,SAMEA110420000,simple,1773.0,Mycobacterium tuberculosis,SAMEA110420000,,,,,,,no,,,,,"CTB/NICD - SOUTH AFRICA, SOUTH AFRICA",ERA16499219,,public,4AF980FB602080A743C39FBEC3597EE4,BC84CEC2A8D80A5433E44FCDC84801A4
SAMEA110419999,ERR9992642,2022-07-27 21:28:38,2022-08-10 14:19:54,1927318.0,582050036.0,1927318.0,302.0,181.0,,https://sra-downloadb.be-md.ncbi.nlm.nih.gov/sos3/sra-pub-zq-24/ERR009/9992/ERR9992642/ERR9992642.lite.1,ERX9533049,"CE04366774. CTB/NICD - South Africa, South Africa. CE04366774. 36",WGS,RANDOM,GENOMIC,PAIRED,0.0,0.0,ILLUMINA,Illumina NovaSeq 6000,ERP139874,PRJEB55007,,862850.0,ERS12518075,SAMEA110419999,simple,1773.0,Mycobacterium tuberculosis,SAMEA110419999,,,,,,,no,,,,,"CTB/NICD - SOUTH AFRICA, SOUTH AFRICA",ERA16499218,,public,F2BDABFD7412705A6A11342CE6461F42,C923E8AD4200FBC43E096147D71C04AB
SAMEA110419998,ERR9992641,2022-07-27 21:28:38,2022-08-10 14:19:58,2030254.0,613136708.0,2030254.0,302.0,193.0,,https://sra-downloadb.be-md.ncbi.nlm.nih.gov/sos1/sra-pub-zq-38/ERR009/9992/ERR9992641/ERR9992641.lite.1,ERX9533048,"CA03221261. CTB/NICD - South Africa, South Africa. CA03221261. 35",WGS,RANDOM,GENOMIC,PAIRED,0.0,0.0,ILLUMINA,Illumina NovaSeq 6000,ERP139874,PRJEB55007,,862850.0,ERS12518074,SAMEA110419998,simple,1773.0,Mycobacterium tuberculosis,SAMEA110419998,,,,,,,no,,,,,"CTB/NICD - SOUTH AFRICA, SOUTH AFRICA",ERA16499217,,public,089BF6E3E163918B05DA477F6B6EA939,6D39711169DEAA151011434F92F7AAA6
SAMEA110419997,ERR9992640,2022-07-27 21:28:38,2022-08-10 14:19:42,1965528.0,593589456.0,1965528.0,302.0,187.0,,https://sra-downloadb.be-md.ncbi.nlm.nih.gov/sos1/sra-pub-zq-38/ERR009/9992/ERR9992640/ERR9992640.lite.1,ERX9533047,"BH02607653. CTB/NICD - South Africa, South Africa. BH02607653. 33",WGS,RANDOM,GENOMIC,PAIRED,0.0,0.0,ILLUMINA,Illumina NovaSeq 6000,ERP139874,PRJEB55007,,862850.0,ERS12518073,SAMEA110419997,simple,1773.0,Mycobacterium tuberculosis,SAMEA110419997,,,,,,,no,,,,,"CTB/NICD - SOUTH AFRICA, SOUTH AFRICA",ERA16499216,,public,D31160D4FEF8931FD667FF2AC7678476,D3910EC7272AE3C1EDD7B8A1898E93F1
SAMEA110419996,ERR9992639,2022-07-27 21:28:38,2022-08-10 14:20:00,2100623.0,634388146.0,2100623.0,302.0,196.0,,https://sra-downloadb.be-md.ncbi.nlm.nih.gov/sos2/sra-pub-zq-20/ERR009/9992/ERR9992639/ERR9992639.lite.1,ERX9533046,"BH03153642. CTB/NICD - South Africa, South Africa. BH03153642. 32",WGS,RANDOM,GENOMIC,PAIRED,0.0,0.0,ILLUMINA,Illumina NovaSeq 6000,ERP139874,PRJEB55007,,862850.0,ERS12518072,SAMEA110419996,simple,1773.0,Mycobacterium tuberculosis,SAMEA110419996,,,,,,,no,,,,,"CTB/NICD - SOUTH AFRICA, SOUTH AFRICA",ERA16499215,,public,00F326A6E9476EAF41FD406CF77DF439,8428C7C684165B88E090ECE1B57DAEFB
SAMEA110419995,ERR9992638,2022-07-27 21:28:38,2022-08-10 14:19:51,2056239.0,620984178.0,2056239.0,302.0,191.0,,https://sra-downloadb.be-md.ncbi.nlm.nih.gov/sos1/sra-pub-zq-38/ERR009/9992/ERR9992638/ERR9992638.lite.1,ERX9533045,"BF03623418. CTB/NICD - South Africa, South Africa. BF03623418. 31",WGS,RANDOM,GENOMIC,PAIRED,0.0,0.0,ILLUMINA,Illumina NovaSeq 6000,ERP139874,PRJEB55007,,862850.0,ERS12518071,SAMEA110419995,simple,1773.0,Mycobacterium tuberculosis,SAMEA110419995,,,,,,,no,,,,,"CTB/NICD - SOUTH AFRICA, SOUTH AFRICA",ERA16499214,,public,2A1C399CAC740A340526891937500EF3,04EDE5E2A1BB306475A90DB44FDD28FA
SAMEA110419994,ERR9992637,2022-07-27 21:28:38,2022-08-10 14:20:09,1828392.0,552174384.0,1828392.0,302.0,175.0,,https://sra-downloadb.be-md.ncbi.nlm.nih.gov/sos4/sra-pub-zq-1/ERR009/9992/ERR9992637/ERR9992637.lite.1,ERX9533044,"BC01832123. CTB/NICD - South Africa, South Africa. BC01832123. 30",WGS,RANDOM,GENOMIC,PAIRED,0.0,0.0,ILLUMINA,Illumina NovaSeq 6000,ERP139874,PRJEB55007,,862850.0,ERS12518070,SAMEA110419994,simple,1773.0,Mycobacterium tuberculosis,SAMEA110419994,,,,,,,no,,,,,"CTB/NICD - SOUTH AFRICA, SOUTH AFRICA",ERA16499213,,public,1C09A5E432D4088FFBB854AAB43CB441,11A83CFEE10A6ED3E4144FB3755F25FD
SAMEA110419993,ERR9992636,2022-07-27 21:28:38,2022-08-10 14:20:06,1824423.0,550975746.0,1824423.0,302.0,183.0,,https://sra-downloadb.be-md.ncbi.nlm.nih.gov/sos3/sra-pub-zq-24/ERR009/9992/ERR9992636/ERR9992636.lite.1,ERX9533043,"BC01820023. CTB/NICD - South Africa, South Africa. BC01820023. 29",WGS,RANDOM,GENOMIC,PAIRED,0.0,0.0,ILLUMINA,Illumina NovaSeq 6000,ERP139874,PRJEB55007,,862850.0,ERS12518069,SAMEA110419993,simple,1773.0,Mycobacterium tuberculosis,SAMEA110419993,,,,,,,no,,,,,"CTB/NICD - SOUTH AFRICA, SOUTH AFRICA",ERA16499212,,public,D29EA8A8E628088AB950A609D982EE38,855BA9FF4826514F7A7A91EF047D8136
SAMEA110419992,ERR9992635,2022-07-27 21:28:38,2022-08-10 14:19:54,2087308.0,630367016.0,2087308.0,302.0,194.0,,https://sra-downloadb.be-md.ncbi.nlm.nih.gov/sos1/sra-pub-zq-38/ERR009/9992/ERR9992635/ERR9992635.lite.1,ERX9533042,"BC01775339. CTB/NICD - South Africa, South Africa. BC01775339. 28",WGS,RANDOM,GENOMIC,PAIRED,0.0,0.0,ILLUMINA,Illumina NovaSeq 6000,ERP139874,PRJEB55007,,862850.0,ERS12518068,SAMEA110419992,simple,1773.0,Mycobacterium tuberculosis,SAMEA110419992,,,,,,,no,,,,,"CTB/NICD - SOUTH AFRICA, SOUTH AFRICA",ERA16499211,,public,E01E558B05B91A0BC4425D1076E9DDBA,29D5D3FDB7A004EF945C5386FB448193
SAMEA110419991,ERR9992634,2022-07-27 21:28:38,2022-08-10 14:19:54,2068401.0,624657102.0,2068401.0,302.0,194.0,,https://sra-downloadb.be-md.ncbi.nlm.nih.gov/sos1/sra-pub-zq-38/ERR009/9992/ERR9992634/ERR9992634.lite.1,ERX9533041,"BC01805806. CTB/NICD - South Africa, South Africa. BC01805806. 27",WGS,RANDOM,GENOMIC,PAIRED,0.0,0.0,ILLUMINA,Illumina NovaSeq 6000,ERP139874,PRJEB55007,,862850.0,ERS12518067,SAMEA110419991,simple,1773.0,Mycobacterium tuberculosis,SAMEA110419991,,,,,,,no,,,,,"CTB/NICD - SOUTH AFRICA, SOUTH AFRICA",ERA16499210,,public,958EB7D250D3606EB8B00CC89C765933,389A0DBAFF1F42519F9365DAA6B311E8
SAMEA110419990,ERR9992633,2022-07-27 21:28:38,2022-08-10 14:28:14,2254231.0,680777762.0,2254231.0,302.0,211.0,,https://sra-downloadb.be-md.ncbi.nlm.nih.gov/sos1/sra-pub-zq-38/ERR009/9992/ERR9992633/ERR9992633.lite.1,ERX9533040,"BC01767829. CTB/NICD - South Africa, South Africa. BC01767829. 26",WGS,RANDOM,GENOMIC,PAIRED,0.0,0.0,ILLUMINA,Illumina NovaSeq 6000,ERP139874,PRJEB55007,,862850.0,ERS12518066,SAMEA110419990,simple,1773.0,Mycobacterium tuberculosis,SAMEA110419990,,,,,,,no,,,,,"CTB/NICD - SOUTH AFRICA, SOUTH AFRICA",ERA16499209,,public,4EFCB2F172E6F5195F7D2D1ED6B03EDF,0452C0D8E2AF6F04612CEEB320A43A8F
SAMEA110419989,ERR9992632,2022-07-27 21:28:38,2022-08-10 14:19:56,1811794.0,547161788.0,1811794.0,302.0,173.0,,https://sra-downloadb.be-md.ncbi.nlm.nih.gov/sos1/sra-pub-zq-38/ERR009/9992/ERR9992632/ERR9992632.lite.1,ERX9533039,"BH02556883. CTB/NICD - South Africa, South Africa. BH02556883. 25",WGS,RANDOM,GENOMIC,PAIRED,0.0,0.0,ILLUMINA,Illumina NovaSeq 6000,ERP139874,PRJEB55007,,862850.0,ERS12518065,SAMEA110419989,simple,1773.0,Mycobacterium tuberculosis,SAMEA110419989,,,,,,,no,,,,,"CTB/NICD - SOUTH AFRICA, SOUTH AFRICA",ERA16499208,,public,D7D8120ED96A3A9B5162DA4DD4653495,22AC1905E8FCD91D302FB3A3EBA49E09
SAMEA110419988,ERR9992631,2022-07-27 21:28:38,2022-08-10 14:19:51,2002136.0,604645072.0,2002136.0,302.0,192.0,,https://sra-downloadb.be-md.ncbi.nlm.nih.gov/sos3/sra-pub-zq-22/ERR009/9992/ERR9992631/ERR9992631.lite.1,ERX9533038,"BC01687215. CTB/NICD - South Africa, South Africa. BC01687215. 24",WGS,RANDOM,GENOMIC,PAIRED,0.0,0.0,ILLUMINA,Illumina NovaSeq 6000,ERP139874,PRJEB55007,,862850.0,ERS12518064,SAMEA110419988,simple,1773.0,Mycobacterium tuberculosis,SAMEA110419988,,,,,,,no,,,,,"CTB/NICD - SOUTH AFRICA, SOUTH AFRICA",ERA16499207,,public,F32868E6222B8343CE59CBCB35EA5124,FF363C1224FECE5792BED418A23FE694
SAMEA110419987,ERR9992630,2022-07-27 21:28:38,2022-08-10 14:19:48,1594547.0,481553194.0,1594547.0,302.0,151.0,,https://sra-downloadb.be-md.ncbi.nlm.nih.gov/sos1/sra-pub-zq-38/ERR009/9992/ERR9992630/ERR9992630.lite.1,ERX9533037,"JE02500721. CTB/NICD - South Africa, South Africa. JE02500721. 23",WGS,RANDOM,GENOMIC,PAIRED,0.0,0.0,ILLUMINA,Illumina NovaSeq 6000,ERP139874,PRJEB55007,,862850.0,ERS12518063,SAMEA110419987,simple,1773.0,Mycobacterium tuberculosis,SAMEA110419987,,,,,,,no,,,,,"CTB/NICD - SOUTH AFRICA, SOUTH AFRICA",ERA16499206,,public,9F7E5559D08D5E63BF028810D97C7113,1E8DC928A33656AC64400FE4437C82E9
SAMEA110419986,ERR9992629,2022-07-27 21:28:38,2022-08-10 14:19:51,2088516.0,630731832.0,2088516.0,302.0,197.0,,https://sra-downloadb.be-md.ncbi.nlm.nih.gov/sos3/sra-pub-zq-24/ERR009/9992/ERR9992629/ERR9992629.lite.1,ERX9533036,"EH00403955. CTB/NICD - South Africa, South Africa. EH00403955. 22",WGS,RANDOM,GENOMIC,PAIRED,0.0,0.0,ILLUMINA,Illumina NovaSeq 6000,ERP139874,PRJEB55007,,862850.0,ERS12518062,SAMEA110419986,simple,1773.0,Mycobacterium tuberculosis,SAMEA110419986,,,,,,,no,,,,,"CTB/NICD - SOUTH AFRICA, SOUTH AFRICA",ERA16499205,,public,B52CF8B967ED54906071E2809EB9910E,A0FCBB0EF6AFD2750DE8E22B64A48D13
SAMEA110419985,ERR9992628,2022-07-27 21:28:38,2022-08-10 14:19:46,2048147.0,618540394.0,2048147.0,302.0,192.0,,https://sra-downloadb.be-md.ncbi.nlm.nih.gov/sos3/sra-pub-zq-22/ERR009/9992/ERR9992628/ERR9992628.lite.1,ERX9533035,"BC01604157. CTB/NICD - South Africa, South Africa. BC01604157. 21",WGS,RANDOM,GENOMIC,PAIRED,0.0,0.0,ILLUMINA,Illumina NovaSeq 6000,ERP139874,PRJEB55007,,862850.0,ERS12518061,SAMEA110419985,simple,1773.0,Mycobacterium tuberculosis,SAMEA110419985,,,,,,,no,,,,,"CTB/NICD - SOUTH AFRICA, SOUTH AFRICA",ERA16499204,,public,9ECBEE625FC65EF50C93E432E4F95EC0,1195784D138604F01E4263953E20F2F3
SAMEA110419984,ERR9992627,2022-07-27 21:28:38,2022-08-10 14:19:44,2128926.0,642935652.0,2128926.0,302.0,198.0,,https://sra-downloadb.be-md.ncbi.nlm.nih.gov/sos3/sra-pub-zq-22/ERR009/9992/ERR9992627/ERR9992627.lite.1,ERX9533034,"BC01694967. CTB/NICD - South Africa, South Africa. BC01694967. 17",WGS,RANDOM,GENOMIC,PAIRED,0.0,0.0,ILLUMINA,Illumina NovaSeq 6000,ERP139874,PRJEB55007,,862850.0,ERS12518060,SAMEA110419984,simple,1773.0,Mycobacterium tuberculosis,SAMEA110419984,,,,,,,no,,,,,"CTB/NICD - SOUTH AFRICA, SOUTH AFRICA",ERA16499203,,public,B19C47F788F78141F6F0EF60F413E55E,7A90B27331C1B8838A9570F10A11ECE1
SAMEA110419983,ERR9992626,2022-07-27 21:28:38,2022-08-10 14:19:42,1567718.0,473450836.0,1567718.0,302.0,151.0,,https://sra-downloadb.be-md.ncbi.nlm.nih.gov/sos2/sra-pub-zq-20/ERR009/9992/ERR9992626/ERR9992626.lite.1,ERX9533033,"BC02069165. CTB/NICD - South Africa, South Africa. BC02069165. 16",WGS,RANDOM,GENOMIC,PAIRED,0.0,0.0,ILLUMINA,Illumina NovaSeq 6000,ERP139874,PRJEB55007,,862850.0,ERS12518059,SAMEA110419983,simple,1773.0,Mycobacterium tuberculosis,SAMEA110419983,,,,,,,no,,,,,"CTB/NICD - SOUTH AFRICA, SOUTH AFRICA",ERA16499202,,public,83179E23F2492AC0808BD9B35D34A85D,8C86D29900C46E081EB5ED2569186147
SAMEA110419982,ERR9992625,2022-07-27 21:28:38,2022-08-10 14:20:32,2082460.0,628902920.0,2082460.0,302.0,195.0,,https://sra-downloadb.be-md.ncbi.nlm.nih.gov/sos1/sra-pub-zq-38/ERR009/9992/ERR9992625/ERR9992625.lite.1,ERX9533032,"BC02047635. CTB/NICD - South Africa, South Africa. BC02047635. 15",WGS,RANDOM,GENOMIC,PAIRED,0.0,0.0,ILLUMINA,Illumina NovaSeq 6000,ERP139874,PRJEB55007,,862850.0,ERS12518058,SAMEA110419982,simple,1773.0,Mycobacterium tuberculosis,SAMEA110419982,,,,,,,no,,,,,"CTB/NICD - SOUTH AFRICA, SOUTH AFRICA",ERA16499201,,public,B4A98A0CF82C3CB18ED94AFE3E37947E,30995476E6867349154CD8EFA88C354C
SAMEA110419981,ERR9992624,2022-07-27 21:28:38,2022-08-10 14:20:04,2053125.0,620043750.0,2053125.0,302.0,195.0,,https://sra-downloadb.be-md.ncbi.nlm.nih.gov/sos4/sra-pub-zq-1/ERR009/9992/ERR9992624/ERR9992624.lite.1,ERX9533031,"BC02037604. CTB/NICD - South Africa, South Africa. BC02037604. 14",WGS,RANDOM,GENOMIC,PAIRED,0.0,0.0,ILLUMINA,Illumina NovaSeq 6000,ERP139874,PRJEB55007,,862850.0,ERS12518057,SAMEA110419981,simple,1773.0,Mycobacterium tuberculosis,SAMEA110419981,,,,,,,no,,,,,"CTB/NICD - SOUTH AFRICA, SOUTH AFRICA",ERA16499200,,public,4939E9B9CEF0C74242CC53A90DEBC02A,8E6925EA91AF526D222B0DBBD0F5168C
SAMEA110419980,ERR9992623,2022-07-27 21:28:38,2022-08-10 14:19:59,2072035.0,625754570.0,2072035.0,302.0,198.0,,https://sra-downloadb.be-md.ncbi.nlm.nih.gov/sos1/sra-pub-zq-38/ERR009/9992/ERR9992623/ERR9992623.lite.1,ERX9533030,"BC02084778. CTB/NICD - South Africa, South Africa. BC02084778. 13",WGS,RANDOM,GENOMIC,PAIRED,0.0,0.0,ILLUMINA,Illumina NovaSeq 6000,ERP139874,PRJEB55007,,862850.0,ERS12518056,SAMEA110419980,simple,1773.0,Mycobacterium tuberculosis,SAMEA110419980,,,,,,,no,,,,,"CTB/NICD - SOUTH AFRICA, SOUTH AFRICA",ERA16499199,,public,2C1AD923CEBE4A6F0F14BEF3C22AACD8,7C6C9C833F601312F249C396E3F4EAB6
SAMEA110419979,ERR9992622,2022-07-27 21:28:38,2022-08-10 14:19:56,2298716.0,694212232.0,2298716.0,302.0,215.0,,https://sra-downloadb.be-md.ncbi.nlm.nih.gov/sos3/sra-pub-zq-22/ERR009/9992/ERR9992622/ERR9992622.lite.1,ERX9533029,"EK00480575. CTB/NICD - South Africa, South Africa. EK00480575. 12",WGS,RANDOM,GENOMIC,PAIRED,0.0,0.0,ILLUMINA,Illumina NovaSeq 6000,ERP139874,PRJEB55007,,862850.0,ERS12518055,SAMEA110419979,simple,1773.0,Mycobacterium tuberculosis,SAMEA110419979,,,,,,,no,,,,,"CTB/NICD - SOUTH AFRICA, SOUTH AFRICA",ERA16499198,,public,55929F5F2CC7ECE159CDAA40E0D8AF11,77B56CC30E31F27DD21E597B40AAB753
SAMEA110419978,ERR9992621,2022-07-27 21:28:38,2022-08-10 14:20:18,2116818.0,639279036.0,2116818.0,302.0,198.0,,https://sra-downloadb.be-md.ncbi.nlm.nih.gov/sos3/sra-pub-zq-24/ERR009/9992/ERR9992621/ERR9992621.lite.1,ERX9533028,"BE04386104. CTB/NICD - South Africa, South Africa. BE04386104. 11",WGS,RANDOM,GENOMIC,PAIRED,0.0,0.0,ILLUMINA,Illumina NovaSeq 6000,ERP139874,PRJEB55007,,862850.0,ERS12518054,SAMEA110419978,simple,1773.0,Mycobacterium tuberculosis,SAMEA110419978,,,,,,,no,,,,,"CTB/NICD - SOUTH AFRICA, SOUTH AFRICA",ERA16499197,,public,135A55160D0F0CC988B868CD56E9B4D1,B28442C0701F5D4378DE403FECB7DF0B
SAMEA110419977,ERR9992620,2022-07-27 21:28:38,2022-08-10 14:19:44,2126655.0,642249810.0,2126655.0,302.0,202.0,,https://sra-downloadb.be-md.ncbi.nlm.nih.gov/sos1/sra-pub-zq-38/ERR009/9992/ERR9992620/ERR9992620.lite.1,ERX9533027,"BE04462138. CTB/NICD - South Africa, South Africa. BE04462138. 10",WGS,RANDOM,GENOMIC,PAIRED,0.0,0.0,ILLUMINA,Illumina NovaSeq 6000,ERP139874,PRJEB55007,,862850.0,ERS12518053,SAMEA110419977,simple,1773.0,Mycobacterium tuberculosis,SAMEA110419977,,,,,,,no,,,,,"CTB/NICD - SOUTH AFRICA, SOUTH AFRICA",ERA16499196,,public,8891011F0375E3CD372B905C2F8BF70B,190F611949B09330DAC07992106643F6
SAMEA110419976,ERR9992619,2022-07-27 21:28:38,2022-08-10 14:19:59,2203226.0,665374252.0,2203226.0,302.0,205.0,,https://sra-downloadb.be-md.ncbi.nlm.nih.gov/sos3/sra-pub-zq-22/ERR009/9992/ERR9992619/ERR9992619.lite.1,ERX9533026,"IF03598350. CTB/NICD - South Africa, South Africa. IF03598350. 9",WGS,RANDOM,GENOMIC,PAIRED,0.0,0.0,ILLUMINA,Illumina NovaSeq 6000,ERP139874,PRJEB55007,,862850.0,ERS12518052,SAMEA110419976,simple,1773.0,Mycobacterium tuberculosis,SAMEA110419976,,,,,,,no,,,,,"CTB/NICD - SOUTH AFRICA, SOUTH AFRICA",ERA16499195,,public,332FD3E03DE152A647EA26DDEDD794A4,C8FF2F69CFF06F5DC85E091B3B82033D
SAMEA110419975,ERR9992618,2022-07-27 21:28:38,2022-08-10 14:19:48,2295298.0,693179996.0,2295298.0,302.0,220.0,,https://sra-downloadb.be-md.ncbi.nlm.nih.gov/sos1/sra-pub-zq-38/ERR009/9992/ERR9992618/ERR9992618.lite.1,ERX9533025,"JE02464038. CTB/NICD - South Africa, South Africa. JE02464038. 8",WGS,RANDOM,GENOMIC,PAIRED,0.0,0.0,ILLUMINA,Illumina NovaSeq 6000,ERP139874,PRJEB55007,,862850.0,ERS12518051,SAMEA110419975,simple,1773.0,Mycobacterium tuberculosis,SAMEA110419975,,,,,,,no,,,,,"CTB/NICD - SOUTH AFRICA, SOUTH AFRICA",ERA16499194,,public,EA174DF1111E39C170FD20CFC94111FA,17200DC08E974BA6CC9D82389925DE59
SAMEA110419974,ERR9992617,2022-07-27 21:28:38,2022-08-10 14:19:55,2027478.0,612298356.0,2027478.0,302.0,193.0,,https://sra-downloadb.be-md.ncbi.nlm.nih.gov/sos2/sra-pub-zq-20/ERR009/9992/ERR9992617/ERR9992617.lite.1,ERX9533024,"FA00729512. CTB/NICD - South Africa, South Africa. FA00729512. 7",WGS,RANDOM,GENOMIC,PAIRED,0.0,0.0,ILLUMINA,Illumina NovaSeq 6000,ERP139874,PRJEB55007,,862850.0,ERS12518050,SAMEA110419974,simple,1773.0,Mycobacterium tuberculosis,SAMEA110419974,,,,,,,no,,,,,"CTB/NICD - SOUTH AFRICA, SOUTH AFRICA",ERA16499193,,public,8B9B946B0D105C7852E750C7BD8124DE,CEB44CCA319671D80137BCDD078DDA0B
SAMEA110419973,ERR9992616,2022-07-27 21:28:38,2022-08-10 14:19:50,1958296.0,591405392.0,1958296.0,302.0,183.0,,https://sra-downloadb.be-md.ncbi.nlm.nih.gov/sos3/sra-pub-zq-24/ERR009/9992/ERR9992616/ERR9992616.lite.1,ERX9533023,"BC01859780. CTB/NICD - South Africa, South Africa. BC01859780. 6",WGS,RANDOM,GENOMIC,PAIRED,0.0,0.0,ILLUMINA,Illumina NovaSeq 6000,ERP139874,PRJEB55007,,862850.0,ERS12518049,SAMEA110419973,simple,1773.0,Mycobacterium tuberculosis,SAMEA110419973,,,,,,,no,,,,,"CTB/NICD - SOUTH AFRICA, SOUTH AFRICA",ERA16499192,,public,E5A22CB416F53C1D65A88F3C40A4E3CA,F15ABF7E6C3844193601E26D50BDB22E
SAMEA110419972,ERR9992615,2022-07-27 21:28:38,2022-08-10 14:19:54,1899914.0,573774028.0,1899914.0,302.0,182.0,,https://sra-downloadb.be-md.ncbi.nlm.nih.gov/sos2/sra-pub-zq-20/ERR009/9992/ERR9992615/ERR9992615.lite.1,ERX9533022,"BC01876667. CTB/NICD - South Africa, South Africa. BC01876667. 5",WGS,RANDOM,GENOMIC,PAIRED,0.0,0.0,ILLUMINA,Illumina NovaSeq 6000,ERP139874,PRJEB55007,,862850.0,ERS12518048,SAMEA110419972,simple,1773.0,Mycobacterium tuberculosis,SAMEA110419972,,,,,,,no,,,,,"CTB/NICD - SOUTH AFRICA, SOUTH AFRICA",ERA16499191,,public,55EE0F42AC494D27BEE7FC4965EF2DA5,81FB09622AA0F6F41D00CA0D3E4EECEE
SAMEA110419971,ERR9992614,2022-07-27 21:28:38,2022-08-10 14:20:04,2409150.0,727563300.0,2409150.0,302.0,225.0,,https://sra-downloadb.be-md.ncbi.nlm.nih.gov/sos1/sra-pub-zq-38/ERR009/9992/ERR9992614/ERR9992614.lite.1,ERX9533021,"BC01929739. CTB/NICD - South Africa, South Africa. BC01929739. 4",WGS,RANDOM,GENOMIC,PAIRED,0.0,0.0,ILLUMINA,Illumina NovaSeq 6000,ERP139874,PRJEB55007,,862850.0,ERS12518047,SAMEA110419971,simple,1773.0,Mycobacterium tuberculosis,SAMEA110419971,,,,,,,no,,,,,"CTB/NICD - SOUTH AFRICA, SOUTH AFRICA",ERA16499190,,public,D43EE75BE44E87AC52AEE853EB24FCD5,0B6A08EA69ABC48554B8D9DB6ACE35AC
SAMEA110419970,ERR9992613,2022-07-27 21:28:38,2022-08-10 14:28:29,2451857.0,740460814.0,2451857.0,302.0,227.0,,https://sra-downloadb.be-md.ncbi.nlm.nih.gov/sos3/sra-pub-zq-24/ERR009/9992/ERR9992613/ERR9992613.lite.1,ERX9533020,"BC02011010. CTB/NICD - South Africa, South Africa. BC02011010. 3",WGS,RANDOM,GENOMIC,PAIRED,0.0,0.0,ILLUMINA,Illumina NovaSeq 6000,ERP139874,PRJEB55007,,862850.0,ERS12518046,SAMEA110419970,simple,1773.0,Mycobacterium tuberculosis,SAMEA110419970,,,,,,,no,,,,,"CTB/NICD - SOUTH AFRICA, SOUTH AFRICA",ERA16499189,,public,5A058C23F5A108B65E82F6685734CA67,D18883A464E674242F65EB190677DD42
SAMEA110419968,ERR9992611,2022-07-27 21:28:38,2022-08-10 14:19:46,2012718.0,607840836.0,2012718.0,302.0,184.0,,https://sra-downloadb.be-md.ncbi.nlm.nih.gov/sos3/sra-pub-zq-24/ERR009/9992/ERR9992611/ERR9992611.lite.1,ERX9533018,"BC02023023. CTB/NICD - South Africa, South Africa. BC02023023. 1",WGS,RANDOM,GENOMIC,PAIRED,0.0,0.0,ILLUMINA,Illumina NovaSeq 6000,ERP139874,PRJEB55007,,862850.0,ERS12518044,SAMEA110419968,simple,1773.0,Mycobacterium tuberculosis,SAMEA110419968,,,,,,,no,,,,,"CTB/NICD - SOUTH AFRICA, SOUTH AFRICA",ERA16499187,,public,4CA028D457F14B742BC1293750759F52,0794DF079538C349E2837B39E8976483
SAMN41685680,SRR29289127,2024-06-05 06:47:39,2024-06-05 06:38:23,1924459.0,535923908.0,1924459.0,278.0,224.0,,https://sra-downloadb.be-md.ncbi.nlm.nih.gov/sos6/sra-pub-zq-40/SRR029/29289/SRR29289127/SRR29289127.lite.1,SRX24806533,D-0502-22_135-22,WGS,RANDOM,GENOMIC,PAIRED,0.0,0.0,ILLUMINA,Illumina HiSeq 2000,SRP511884,PRJNA1120243,,1120243.0,SRS21521416,SAMN41685680,simple,1773.0,Mycobacterium tuberculosis,D-0502-22,,,,,,,no,,,,,"FIND, THE FOUNDATION FOR INNOVATIVE NEW DIAGNOSTICS",SRA1889652,,public,A7569B223FF716BF4277CAA457575075,45649B4100A59DDA9610A260BAA67097
SAMN41685681,SRR29289125,2024-06-05 06:47:39,2024-06-05 06:38:46,1809780.0,528187850.0,1809780.0,291.0,219.0,,https://sra-downloadb.be-md.ncbi.nlm.nih.gov/sos6/sra-pub-zq-40/SRR029/29289/SRR29289125/SRR29289125.lite.1,SRX24806535,D-0505-22_136-22,WGS,RANDOM,GENOMIC,PAIRED,0.0,0.0,ILLUMINA,Illumina HiSeq 2000,SRP511884,PRJNA1120243,,1120243.0,SRS21521417,SAMN41685681,simple,1773.0,Mycobacterium tuberculosis,D-0505-22,,,,,,,no,,,,,"FIND, THE FOUNDATION FOR INNOVATIVE NEW DIAGNOSTICS",SRA1889652,,public,1BD66BF6E2FEBB283717F6CC6C4717A7,65C96A707D8F0F936CBCE6D27994540B
SAMN41685682,SRR29289213,2024-06-05 06:47:38,2024-06-05 06:38:46,1573487.0,460319435.0,1573487.0,292.0,191.0,,https://sra-downloadb.be-md.ncbi.nlm.nih.gov/sos6/sra-pub-zq-40/SRR029/29289/SRR29289213/SRR29289213.lite.1,SRX24806447,D-2349-21_137-22,WGS,RANDOM,GENOMIC,PAIRED,0.0,0.0,ILLUMINA,Illumina HiSeq 2000,SRP511884,PRJNA1120243,,1120243.0,SRS21521330,SAMN41685682,simple,1773.0,Mycobacterium tuberculosis,D-2349-21,,,,,,,no,,,,,"FIND, THE FOUNDATION FOR INNOVATIVE NEW DIAGNOSTICS",SRA1889652,,public,F5DBB90889660055B2A25DF77B8BDFC2,EFA7A618B0E4535B8A7CFBC75746F086
SAMN41685683,SRR29289206,2024-06-05 06:47:38,2024-06-05 06:38:07,1134387.0,330799151.0,1134387.0,291.0,137.0,,https://sra-downloadb.be-md.ncbi.nlm.nih.gov/sos6/sra-pub-zq-40/SRR029/29289/SRR29289206/SRR29289206.lite.1,SRX24806454,D-2580-21_138-22,WGS,RANDOM,GENOMIC,PAIRED,0.0,0.0,ILLUMINA,Illumina HiSeq 2000,SRP511884,PRJNA1120243,,1120243.0,SRS21521337,SAMN41685683,simple,1773.0,Mycobacterium tuberculosis,D-2580-21,,,,,,,no,,,,,"FIND, THE FOUNDATION FOR INNOVATIVE NEW DIAGNOSTICS",SRA1889652,,public,7A27474FF0464073EBA4418FC2FCB472,4CA99B81BBA684F1291DFA7FCD0B5230
SAMN41685684,SRR29289252,2024-06-05 06:47:37,2024-06-05 06:38:26,1289939.0,360097644.0,1289939.0,279.0,150.0,,https://sra-downloadb.be-md.ncbi.nlm.nih.gov/sos6/sra-pub-zq-40/SRR029/29289/SRR29289252/SRR29289252.lite.1,SRX24806408,D-0721-21_140-22,WGS,RANDOM,GENOMIC,PAIRED,0.0,0.0,ILLUMINA,Illumina HiSeq 2000,SRP511884,PRJNA1120243,,1120243.0,SRS21521291,SAMN41685684,simple,1773.0,Mycobacterium tuberculosis,D-0721-21,,,,,,,no,,,,,"FIND, THE FOUNDATION FOR INNOVATIVE NEW DIAGNOSTICS",SRA1889652,,public,43B0975470E79FF7648CD2A5A6C9ABD6,9DB6F2F306986289E3AB385BE694E073
SAMN41685685,SRR29289239,2024-06-05 06:47:37,2024-06-05 06:38:22,945556.0,277240890.0,945556.0,293.0,116.0,,https://sra-downloadb.be-md.ncbi.nlm.nih.gov/sos6/sra-pub-zq-40/SRR029/29289/SRR29289239/SRR29289239.lite.1,SRX24806421,D-0815-21_141-22,WGS,RANDOM,GENOMIC,PAIRED,0.0,0.0,ILLUMINA,Illumina HiSeq 2000,SRP511884,PRJNA1120243,,1120243.0,SRS21521304,SAMN41685685,simple,1773.0,Mycobacterium tuberculosis,D-0815-21,,,,,,,no,,,,,"FIND, THE FOUNDATION FOR INNOVATIVE NEW DIAGNOSTICS",SRA1889652,,public,7D27B88CAC3936103B95DC56858DAA28,6C672521A129B4E458888AF0139B9737
SAMN41685686,SRR29289249,2024-06-05 06:47:37,2024-06-05 06:38:08,1559804.0,452664189.0,1559804.0,290.0,188.0,,https://sra-downloadb.be-md.ncbi.nlm.nih.gov/sos6/sra-pub-zq-40/SRR029/29289/SRR29289249/SRR29289249.lite.1,SRX24806411,D-0736-21_142-22,WGS,RANDOM,GENOMIC,PAIRED,0.0,0.0,ILLUMINA,Illumina HiSeq 2000,SRP511884,PRJNA1120243,,1120243.0,SRS21521294,SAMN41685686,simple,1773.0,Mycobacterium tuberculosis,D-0736-21,,,,,,,no,,,,,"FIND, THE FOUNDATION FOR INNOVATIVE NEW DIAGNOSTICS",SRA1889652,,public,19DF53E1E1659D6437EEBCFE72C37407,8CCB72C1F6BF7BD3C03CF0F551D13392
SAMN41685687,SRR29289333,2024-06-05 06:47:36,2024-06-05 06:38:37,1322844.0,383324857.0,1322844.0,289.0,161.0,,https://sra-downloadb.be-md.ncbi.nlm.nih.gov/sos6/sra-pub-zq-40/SRR029/29289/SRR29289333/SRR29289333.lite.1,SRX24806327,D-0867-21_143-22,WGS,RANDOM,GENOMIC,PAIRED,0.0,0.0,ILLUMINA,Illumina HiSeq 2000,SRP511884,PRJNA1120243,,1120243.0,SRS21521210,SAMN41685687,simple,1773.0,Mycobacterium tuberculosis,D-0867-21,,,,,,,no,,,,,"FIND, THE FOUNDATION FOR INNOVATIVE NEW DIAGNOSTICS",SRA1889652,,public,BF5386D9C00F0EE6716AA21F4542EC40,D84378CE806A34B073A947FE3EC2123C
SAMN41685688,SRR29289212,2024-06-05 06:47:38,2024-06-05 06:38:22,1696113.0,493622267.0,1696113.0,291.0,210.0,,https://sra-downloadb.be-md.ncbi.nlm.nih.gov/sos6/sra-pub-zq-40/SRR029/29289/SRR29289212/SRR29289212.lite.1,SRX24806448,D-2369-21_144-22,WGS,RANDOM,GENOMIC,PAIRED,0.0,0.0,ILLUMINA,Illumina HiSeq 2000,SRP511884,PRJNA1120243,,1120243.0,SRS21521332,SAMN41685688,simple,1773.0,Mycobacterium tuberculosis,D-2369-21,,,,,,,no,,,,,"FIND, THE FOUNDATION FOR INNOVATIVE NEW DIAGNOSTICS",SRA1889652,,public,0D8911DFFD9ACBAE878C7F86E7218764,42EBE2AB4EC580C316646070C2017D52
SAMN41685689,SRR29289415,2024-06-05 06:47:34,2024-06-05 06:39:37,3880677.0,999767185.0,3880677.0,257.0,407.0,,https://sra-downloadb.be-md.ncbi.nlm.nih.gov/sos6/sra-pub-zq-40/SRR029/29289/SRR29289415/SRR29289415.lite.1,SRX24806245,D-0924-21_145-22,WGS,RANDOM,GENOMIC,PAIRED,0.0,0.0,ILLUMINA,Illumina HiSeq 2000,SRP511884,PRJNA1120243,,1120243.0,SRS21521128,SAMN41685689,simple,1773.0,Mycobacterium tuberculosis,D-0924-21,,,,,,,no,,,,,"FIND, THE FOUNDATION FOR INNOVATIVE NEW DIAGNOSTICS",SRA1889652,,public,82ACDF94566C4E1BD46897BE0F754FBA,03E6A062EF2DC52847B18B1F36488981
SAMN41685691,SRR29289422,2024-06-05 06:47:33,2024-06-05 06:39:03,1513249.0,427607615.0,1513249.0,282.0,179.0,,https://sra-downloadb.be-md.ncbi.nlm.nih.gov/sos6/sra-pub-zq-40/SRR029/29289/SRR29289422/SRR29289422.lite.1,SRX24806238,D-0918-21_147-22,WGS,RANDOM,GENOMIC,PAIRED,0.0,0.0,ILLUMINA,Illumina HiSeq 2000,SRP511884,PRJNA1120243,,1120243.0,SRS21521121,SAMN41685691,simple,1773.0,Mycobacterium tuberculosis,D-0918-21,,,,,,,no,,,,,"FIND, THE FOUNDATION FOR INNOVATIVE NEW DIAGNOSTICS",SRA1889652,,public,E44AC8567CCDD71C103023E8CDC88D0F,23AE56B12C7A1B84A65DFC1A1E037EDB
SAMN41685692,SRR29289419,2024-06-05 06:47:34,2024-06-05 06:38:53,1162168.0,338887539.0,1162168.0,291.0,142.0,,https://sra-downloadb.be-md.ncbi.nlm.nih.gov/sos6/sra-pub-zq-40/SRR029/29289/SRR29289419/SRR29289419.lite.1,SRX24806241,D-0921-21_148-22,WGS,RANDOM,GENOMIC,PAIRED,0.0,0.0,ILLUMINA,Illumina HiSeq 2000,SRP511884,PRJNA1120243,,1120243.0,SRS21521124,SAMN41685692,simple,1773.0,Mycobacterium tuberculosis,D-0921-21,,,,,,,no,,,,,"FIND, THE FOUNDATION FOR INNOVATIVE NEW DIAGNOSTICS",SRA1889652,,public,A0FDBE81CF78D4B3DFDE769214704159,ADE86E5460E0B95EEF05FED832B13C05
SAMN41685693,SRR29289418,2024-06-05 06:47:34,2024-06-05 06:38:54,1166406.0,336116219.0,1166406.0,288.0,140.0,,https://sra-downloadb.be-md.ncbi.nlm.nih.gov/sos6/sra-pub-zq-40/SRR029/29289/SRR29289418/SRR29289418.lite.1,SRX24806242,D-0922-21_149-22,WGS,RANDOM,GENOMIC,PAIRED,0.0,0.0,ILLUMINA,Illumina HiSeq 2000,SRP511884,PRJNA1120243,,1120243.0,SRS21521125,SAMN41685693,simple,1773.0,Mycobacterium tuberculosis,D-0922-21,,,,,,,no,,,,,"FIND, THE FOUNDATION FOR INNOVATIVE NEW DIAGNOSTICS",SRA1889652,,public,CDB52110657480DED5FAC3832F90E04D,7A3A17AB8003A1E614119FD93573B7B0
SAMN41685694,SRR29289410,2024-06-05 06:47:34,2024-06-05 06:38:41,1357607.0,396339880.0,1357607.0,291.0,165.0,,https://sra-downloadb.be-md.ncbi.nlm.nih.gov/sos6/sra-pub-zq-40/SRR029/29289/SRR29289410/SRR29289410.lite.1,SRX24806250,D-0948-21_150-22,WGS,RANDOM,GENOMIC,PAIRED,0.0,0.0,ILLUMINA,Illumina HiSeq 2000,SRP511884,PRJNA1120243,,1120243.0,SRS21521133,SAMN41685694,simple,1773.0,Mycobacterium tuberculosis,D-0948-21,,,,,,,no,,,,,"FIND, THE FOUNDATION FOR INNOVATIVE NEW DIAGNOSTICS",SRA1889652,,public,94CA312E5F0CA612F03F075D29F05628,9C3142DA2FD912734CF134DDD263FCC1
SAMN41685695,SRR29289407,2024-06-05 06:47:34,2024-06-05 06:38:35,1658462.0,471104442.0,1658462.0,284.0,198.0,,https://sra-downloadb.be-md.ncbi.nlm.nih.gov/sos6/sra-pub-zq-40/SRR029/29289/SRR29289407/SRR29289407.lite.1,SRX24806253,D-0969-21_151-22,WGS,RANDOM,GENOMIC,PAIRED,0.0,0.0,ILLUMINA,Illumina HiSeq 2000,SRP511884,PRJNA1120243,,1120243.0,SRS21521136,SAMN41685695,simple,1773.0,Mycobacterium tuberculosis,D-0969-21,,,,,,,no,,,,,"FIND, THE FOUNDATION FOR INNOVATIVE NEW DIAGNOSTICS",SRA1889652,,public,AEAB7FA8C38F159B512E4B8869BB6E77,571724FA93EC605D820AFDFB7FAF25D3
SAMN41685697,SRR29289126,2024-06-05 06:47:39,2024-06-05 06:37:53,1535567.0,444830571.0,1535567.0,289.0,184.0,,https://sra-downloadb.be-md.ncbi.nlm.nih.gov/sos6/sra-pub-zq-40/SRR029/29289/SRR29289126/SRR29289126.lite.1,SRX24806534,D-0503-22_153-22,WGS,RANDOM,GENOMIC,PAIRED,0.0,0.0,ILLUMINA,Illumina HiSeq 2000,SRP511884,PRJNA1120243,,1120243.0,SRS21521419,SAMN41685697,simple,1773.0,Mycobacterium tuberculosis,D-0503-22,,,,,,,no,,,,,"FIND, THE FOUNDATION FOR INNOVATIVE NEW DIAGNOSTICS",SRA1889652,,public,72A64C13C0028AA74B330FAD8CBBF190,F9E70DBAD610C0EBC7527CA6121977E3
SAMN41685699,SRR29289330,2024-06-05 06:47:36,2024-06-05 06:38:09,1083852.0,290039786.0,1083852.0,267.0,119.0,,https://sra-downloadb.be-md.ncbi.nlm.nih.gov/sos6/sra-pub-zq-40/SRR029/29289/SRR29289330/SRR29289330.lite.1,SRX24806330,D-1153-21_155-22,WGS,RANDOM,GENOMIC,PAIRED,0.0,0.0,ILLUMINA,Illumina HiSeq 2000,SRP511884,PRJNA1120243,,1120243.0,SRS21521213,SAMN41685699,simple,1773.0,Mycobacterium tuberculosis,D-1153-21,,,,,,,no,,,,,"FIND, THE FOUNDATION FOR INNOVATIVE NEW DIAGNOSTICS",SRA1889652,,public,39561A6A103E0679D604E9DA153B3C82,D9583EE8BCAAEDDD942E486ADA59194A
SAMN41685700,SRR29289324,2024-06-05 06:47:36,2024-06-05 06:38:41,863307.0,249239930.0,863307.0,288.0,105.0,,https://sra-downloadb.be-md.ncbi.nlm.nih.gov/sos6/sra-pub-zq-40/SRR029/29289/SRR29289324/SRR29289324.lite.1,SRX24806336,D-1239-21_156-22,WGS,RANDOM,GENOMIC,PAIRED,0.0,0.0,ILLUMINA,Illumina HiSeq 2000,SRP511884,PRJNA1120243,,1120243.0,SRS21521219,SAMN41685700,simple,1773.0,Mycobacterium tuberculosis,D-1239-21,,,,,,,no,,,,,"FIND, THE FOUNDATION FOR INNOVATIVE NEW DIAGNOSTICS",SRA1889652,,public,3A48CA6786A26CEBC675E07CA578CAE9,E4A465BF21C5F73A9766D34BD47DD8CF
SAMN41685701,SRR29289323,2024-06-05 06:47:36,2024-06-05 06:38:50,1338953.0,391789937.0,1338953.0,292.0,165.0,,https://sra-downloadb.be-md.ncbi.nlm.nih.gov/sos6/sra-pub-zq-40/SRR029/29289/SRR29289323/SRR29289323.lite.1,SRX24806337,D-1244-21_157-22,WGS,RANDOM,GENOMIC,PAIRED,0.0,0.0,ILLUMINA,Illumina HiSeq 2000,SRP511884,PRJNA1120243,,1120243.0,SRS21521221,SAMN41685701,simple,1773.0,Mycobacterium tuberculosis,D-1244-21,,,,,,,no,,,,,"FIND, THE FOUNDATION FOR INNOVATIVE NEW DIAGNOSTICS",SRA1889652,,public,C31AF44D55B0DD0C3A6DCAC124B27713,7CDA94C66DB7DD430F89E4F09E64E292
SAMN41685702,SRR29289319,2024-06-05 06:47:36,2024-06-05 06:38:43,1892816.0,536770032.0,1892816.0,283.0,222.0,,https://sra-downloadb.be-md.ncbi.nlm.nih.gov/sos6/sra-pub-zq-40/SRR029/29289/SRR29289319/SRR29289319.lite.1,SRX24806341,D-1348-21_158-22,WGS,RANDOM,GENOMIC,PAIRED,0.0,0.0,ILLUMINA,Illumina HiSeq 2000,SRP511884,PRJNA1120243,,1120243.0,SRS21521224,SAMN41685702,simple,1773.0,Mycobacterium tuberculosis,D-1348-21,,,,,,,no,,,,,"FIND, THE FOUNDATION FOR INNOVATIVE NEW DIAGNOSTICS",SRA1889652,,public,458133158C15804BDD67DA65468AE43C,36C996DF7BE2E7F5F5F19212298FE368
SAMN41685703,SRR29289329,2024-06-05 06:47:36,2024-06-05 06:39:04,1578880.0,446480959.0,1578880.0,282.0,187.0,,https://sra-downloadb.be-md.ncbi.nlm.nih.gov/sos6/sra-pub-zq-40/SRR029/29289/SRR29289329/SRR29289329.lite.1,SRX24806331,D-1185-21_159-22,WGS,RANDOM,GENOMIC,PAIRED,0.0,0.0,ILLUMINA,Illumina HiSeq 2000,SRP511884,PRJNA1120243,,1120243.0,SRS21521214,SAMN41685703,simple,1773.0,Mycobacterium tuberculosis,D-1185-21,,,,,,,no,,,,,"FIND, THE FOUNDATION FOR INNOVATIVE NEW DIAGNOSTICS",SRA1889652,,public,D32D243E11B49E2533AE0C11E4F1176C,1D50922E3C60D748E9992D8C6C40E837
SAMN41685704,SRR29289316,2024-06-05 06:47:36,2024-06-05 06:38:40,1383362.0,405161624.0,1383362.0,292.0,169.0,,https://sra-downloadb.be-md.ncbi.nlm.nih.gov/sos6/sra-pub-zq-40/SRR029/29289/SRR29289316/SRR29289316.lite.1,SRX24806344,D-1387-21_160-22,WGS,RANDOM,GENOMIC,PAIRED,0.0,0.0,ILLUMINA,Illumina HiSeq 2000,SRP511884,PRJNA1120243,,1120243.0,SRS21521227,SAMN41685704,simple,1773.0,Mycobacterium tuberculosis,D-1387-21,,,,,,,no,,,,,"FIND, THE FOUNDATION FOR INNOVATIVE NEW DIAGNOSTICS",SRA1889652,,public,A5DFF907D51CFE709D4C6BEF026C4BF6,55DFD26930B1011558E84852662909E8
SAMN41685705,SRR29289314,2024-06-05 06:47:36,2024-06-05 06:38:56,1908381.0,558305560.0,1908381.0,292.0,232.0,,https://sra-downloadb.be-md.ncbi.nlm.nih.gov/sos6/sra-pub-zq-40/SRR029/29289/SRR29289314/SRR29289314.lite.1,SRX24806346,D-1409-21_161-22,WGS,RANDOM,GENOMIC,PAIRED,0.0,0.0,ILLUMINA,Illumina HiSeq 2000,SRP511884,PRJNA1120243,,1120243.0,SRS21521229,SAMN41685705,simple,1773.0,Mycobacterium tuberculosis,D-1409-21,,,,,,,no,,,,,"FIND, THE FOUNDATION FOR INNOVATIVE NEW DIAGNOSTICS",SRA1889652,,public,DEFFCF2363474B93A83BC99E7EA37079,904844B338D9D0888EB34ED0A1EC30EC
SAMN41685706,SRR29289310,2024-06-05 06:47:36,2024-06-05 06:38:41,2233306.0,648743116.0,2233306.0,290.0,267.0,,https://sra-downloadb.be-md.ncbi.nlm.nih.gov/sos6/sra-pub-zq-40/SRR029/29289/SRR29289310/SRR29289310.lite.1,SRX24806350,D-1446-21_162-22,WGS,RANDOM,GENOMIC,PAIRED,0.0,0.0,ILLUMINA,Illumina HiSeq 2000,SRP511884,PRJNA1120243,,1120243.0,SRS21521233,SAMN41685706,simple,1773.0,Mycobacterium tuberculosis,D-1446-21,,,,,,,no,,,,,"FIND, THE FOUNDATION FOR INNOVATIVE NEW DIAGNOSTICS",SRA1889652,,public,A66CD3A105EF03E5D961AE35FDF38691,0F57C5B438F07EBDC96046519B6CD635
SAMN41685707,SRR29289129,2024-06-05 06:47:39,2024-06-05 06:38:40,1390689.0,399119072.0,1390689.0,286.0,168.0,,https://sra-downloadb.be-md.ncbi.nlm.nih.gov/sos6/sra-pub-zq-40/SRR029/29289/SRR29289129/SRR29289129.lite.1,SRX24806531,D-0498-22_163-22,WGS,RANDOM,GENOMIC,PAIRED,0.0,0.0,ILLUMINA,Illumina HiSeq 2000,SRP511884,PRJNA1120243,,1120243.0,SRS21521414,SAMN41685707,simple,1773.0,Mycobacterium tuberculosis,D-0498-22,,,,,,,no,,,,,"FIND, THE FOUNDATION FOR INNOVATIVE NEW DIAGNOSTICS",SRA1889652,,public,3F142F49F128C92CBF9FA3C8BFFF2219,9BD0E7ED0AAC207C9821F7C1390C4CD3
SAMN41685708,SRR29289308,2024-06-05 06:47:36,2024-06-05 06:38:30,1579882.0,454810820.0,1579882.0,287.0,191.0,,https://sra-downloadb.be-md.ncbi.nlm.nih.gov/sos6/sra-pub-zq-40/SRR029/29289/SRR29289308/SRR29289308.lite.1,SRX24806352,D-1467-21_164-22,WGS,RANDOM,GENOMIC,PAIRED,0.0,0.0,ILLUMINA,Illumina HiSeq 2000,SRP511884,PRJNA1120243,,1120243.0,SRS21521234,SAMN41685708,simple,1773.0,Mycobacterium tuberculosis,D-1467-21,,,,,,,no,,,,,"FIND, THE FOUNDATION FOR INNOVATIVE NEW DIAGNOSTICS",SRA1889652,,public,E417DE88691BC3C902282620DE0329E8,B6C06A9B07B3BAD0BF9DAA54E48AA613
SAMN41685709,SRR29289301,2024-06-05 06:47:36,2024-06-05 06:38:40,1661419.0,486499796.0,1661419.0,292.0,202.0,,https://sra-downloadb.be-md.ncbi.nlm.nih.gov/sos6/sra-pub-zq-40/SRR029/29289/SRR29289301/SRR29289301.lite.1,SRX24806359,D-1538-21_165-22,WGS,RANDOM,GENOMIC,PAIRED,0.0,0.0,ILLUMINA,Illumina HiSeq 2000,SRP511884,PRJNA1120243,,1120243.0,SRS21521242,SAMN41685709,simple,1773.0,Mycobacterium tuberculosis,D-1538-21,,,,,,,no,,,,,"FIND, THE FOUNDATION FOR INNOVATIVE NEW DIAGNOSTICS",SRA1889652,,public,24340FC76DA8CE8D05E8DEF71C24219A,5D141D57BD2D4D7FFE0CF340405D95A3
SAMN41685710,SRR29289318,2024-06-05 06:47:36,2024-06-05 06:38:47,1301096.0,383100457.0,1301096.0,294.0,159.0,,https://sra-downloadb.be-md.ncbi.nlm.nih.gov/sos6/sra-pub-zq-40/SRR029/29289/SRR29289318/SRR29289318.lite.1,SRX24806342,D-1362-21_166-22,WGS,RANDOM,GENOMIC,PAIRED,0.0,0.0,ILLUMINA,Illumina HiSeq 2000,SRP511884,PRJNA1120243,,1120243.0,SRS21521225,SAMN41685710,simple,1773.0,Mycobacterium tuberculosis,D-1362-21,,,,,,,no,,,,,"FIND, THE FOUNDATION FOR INNOVATIVE NEW DIAGNOSTICS",SRA1889652,,public,7BFDA58E1AF3D72712E99ABCE549404C,B9856839EFEEFE7BC15941DC05699C2E
SAMN41685711,SRR29289397,2024-06-05 06:47:34,2024-06-05 06:38:51,1118129.0,323768566.0,1118129.0,289.0,135.0,,https://sra-downloadb.be-md.ncbi.nlm.nih.gov/sos6/sra-pub-zq-40/SRR029/29289/SRR29289397/SRR29289397.lite.1,SRX24806263,D-1586-21_167-22,WGS,RANDOM,GENOMIC,PAIRED,0.0,0.0,ILLUMINA,Illumina HiSeq 2000,SRP511884,PRJNA1120243,,1120243.0,SRS21521146,SAMN41685711,simple,1773.0,Mycobacterium tuberculosis,D-1586-21,,,,,,,no,,,,,"FIND, THE FOUNDATION FOR INNOVATIVE NEW DIAGNOSTICS",SRA1889652,,public,CFAFD2BF3D418DC8D292BF99946CA8B5,F49E09FB08489FFF7E99C8B6A375BFF3
SAMN41685715,SRR29289315,2024-06-05 06:47:36,2024-06-05 06:38:45,1144580.0,333767939.0,1144580.0,291.0,139.0,,https://sra-downloadb.be-md.ncbi.nlm.nih.gov/sos6/sra-pub-zq-40/SRR029/29289/SRR29289315/SRR29289315.lite.1,SRX24806345,D-1395-21_173-22,WGS,RANDOM,GENOMIC,PAIRED,0.0,0.0,ILLUMINA,Illumina HiSeq 2000,SRP511884,PRJNA1120243,,1120243.0,SRS21521228,SAMN41685715,simple,1773.0,Mycobacterium tuberculosis,D-1395-21,,,,,,,no,,,,,"FIND, THE FOUNDATION FOR INNOVATIVE NEW DIAGNOSTICS",SRA1889652,,public,4DAA0BDFEF0CF8E036B7144E1183EA2B,71917A6EB0153F8637453021F4E65935
SAMN41685716,SRR29289385,2024-06-05 06:47:35,2024-06-05 06:38:38,888057.0,258051937.0,888057.0,290.0,108.0,,https://sra-downloadb.be-md.ncbi.nlm.nih.gov/sos6/sra-pub-zq-40/SRR029/29289/SRR29289385/SRR29289385.lite.1,SRX24806275,D-1701-21_174-22,WGS,RANDOM,GENOMIC,PAIRED,0.0,0.0,ILLUMINA,Illumina HiSeq 2000,SRP511884,PRJNA1120243,,1120243.0,SRS21521158,SAMN41685716,simple,1773.0,Mycobacterium tuberculosis,D-1701-21,,,,,,,no,,,,,"FIND, THE FOUNDATION FOR INNOVATIVE NEW DIAGNOSTICS",SRA1889652,,public,8E0F19F010B732A32B9DC20566BE4C3F,CB8A53B7CD513F270EDD4DF97A7F4A3D
SAMN41685717,SRR29289135,2024-06-05 06:47:39,2024-06-05 06:38:19,984785.0,286680803.0,984785.0,291.0,120.0,,https://sra-downloadb.be-md.ncbi.nlm.nih.gov/sos6/sra-pub-zq-40/SRR029/29289/SRR29289135/SRR29289135.lite.1,SRX24806525,D-0451-22_175-22,WGS,RANDOM,GENOMIC,PAIRED,0.0,0.0,ILLUMINA,Illumina HiSeq 2000,SRP511884,PRJNA1120243,,1120243.0,SRS21521408,SAMN41685717,simple,1773.0,Mycobacterium tuberculosis,D-0451-22,,,,,,,no,,,,,"FIND, THE FOUNDATION FOR INNOVATIVE NEW DIAGNOSTICS",SRA1889652,,public,3A5598632D38D71D258B6F833F0C7F83,FF546228D8B3EA81F4782ABF15360CB0
SAMN41685718,SRR29289313,2024-06-05 06:47:36,2024-06-05 06:38:30,1424117.0,418430038.0,1424117.0,293.0,174.0,,https://sra-downloadb.be-md.ncbi.nlm.nih.gov/sos6/sra-pub-zq-40/SRR029/29289/SRR29289313/SRR29289313.lite.1,SRX24806347,D-1418-21_177-22,WGS,RANDOM,GENOMIC,PAIRED,0.0,0.0,ILLUMINA,Illumina HiSeq 2000,SRP511884,PRJNA1120243,,1120243.0,SRS21521230,SAMN41685718,simple,1773.0,Mycobacterium tuberculosis,D-1418-21,,,,,,,no,,,,,"FIND, THE FOUNDATION FOR INNOVATIVE NEW DIAGNOSTICS",SRA1889652,,public,9B5C53F9C3A582B58B802CD770BA0C7E,DB34DD262A2E6424E6B4AEEA55BFF7B0
SAMN41685719,SRR29289251,2024-06-05 06:47:37,2024-06-05 06:38:15,1236468.0,356711643.0,1236468.0,288.0,148.0,,https://sra-downloadb.be-md.ncbi.nlm.nih.gov/sos6/sra-pub-zq-40/SRR029/29289/SRR29289251/SRR29289251.lite.1,SRX24806409,D-0727-21_178-22,WGS,RANDOM,GENOMIC,PAIRED,0.0,0.0,ILLUMINA,Illumina HiSeq 2000,SRP511884,PRJNA1120243,,1120243.0,SRS21521292,SAMN41685719,simple,1773.0,Mycobacterium tuberculosis,D-0727-21,,,,,,,no,,,,,"FIND, THE FOUNDATION FOR INNOVATIVE NEW DIAGNOSTICS",SRA1889652,,public,681172E0BABBABF7698EFECC7925C3C5,8BA8B99B833369480E985739F4CFE7C4
SAMN41685721,SRR29289317,2024-06-05 06:47:36,2024-06-05 06:38:48,2645339.0,774044266.0,2645339.0,292.0,328.0,,https://sra-downloadb.be-md.ncbi.nlm.nih.gov/sos6/sra-pub-zq-40/SRR029/29289/SRR29289317/SRR29289317.lite.1,SRX24806343,D-0115-22_180-22,WGS,RANDOM,GENOMIC,PAIRED,0.0,0.0,ILLUMINA,Illumina HiSeq 2000,SRP511884,PRJNA1120243,,1120243.0,SRS21521226,SAMN41685721,simple,1773.0,Mycobacterium tuberculosis,D-0115-22,,,,,,,no,,,,,"FIND, THE FOUNDATION FOR INNOVATIVE NEW DIAGNOSTICS",SRA1889652,,public,7EA23E15413A999577CDB687E50E3E84,62F50FBF9BF16C1DB3DB272CA2010EE3
SAMN41685722,SRR29289369,2024-06-05 06:47:35,2024-06-05 06:38:58,2571066.0,738391989.0,2571066.0,287.0,309.0,,https://sra-downloadb.be-md.ncbi.nlm.nih.gov/sos6/sra-pub-zq-40/SRR029/29289/SRR29289369/SRR29289369.lite.1,SRX24806291,D-1868-21_181-22,WGS,RANDOM,GENOMIC,PAIRED,0.0,0.0,ILLUMINA,Illumina HiSeq 2000,SRP511884,PRJNA1120243,,1120243.0,SRS21521174,SAMN41685722,simple,1773.0,Mycobacterium tuberculosis,D-1868-21,,,,,,,no,,,,,"FIND, THE FOUNDATION FOR INNOVATIVE NEW DIAGNOSTICS",SRA1889652,,public,65E7048243443703FB85E34503848064,5CBED3DEAC772641C5F0E696F504BA95
SAMN41685723,SRR29289235,2024-06-05 06:47:37,2024-06-05 06:39:23,3264433.0,942274691.0,3264433.0,288.0,394.0,,https://sra-downloadb.be-md.ncbi.nlm.nih.gov/sos6/sra-pub-zq-40/SRR029/29289/SRR29289235/SRR29289235.lite.1,SRX24806425,D-1971-21_183-22,WGS,RANDOM,GENOMIC,PAIRED,0.0,0.0,ILLUMINA,Illumina HiSeq 2000,SRP511884,PRJNA1120243,,1120243.0,SRS21521308,SAMN41685723,simple,1773.0,Mycobacterium tuberculosis,D-1971-21,,,,,,,no,,,,,"FIND, THE FOUNDATION FOR INNOVATIVE NEW DIAGNOSTICS",SRA1889652,,public,F5051CF3F43B931EA6579007C1254E12,86EC8EFDF0E1C22B0BC48B5EB681564D
SAMN41685724,SRR29289111,2024-06-05 06:47:39,2024-06-05 06:38:41,2261889.0,638766447.0,2261889.0,282.0,269.0,,https://sra-downloadb.be-md.ncbi.nlm.nih.gov/sos6/sra-pub-zq-40/SRR029/29289/SRR29289111/SRR29289111.lite.1,SRX24806549,D-0608-22_184-22,WGS,RANDOM,GENOMIC,PAIRED,0.0,0.0,ILLUMINA,Illumina HiSeq 2000,SRP511884,PRJNA1120243,,1120243.0,SRS21521432,SAMN41685724,simple,1773.0,Mycobacterium tuberculosis,D-0608-22,,,,,,,no,,,,,"FIND, THE FOUNDATION FOR INNOVATIVE NEW DIAGNOSTICS",SRA1889652,,public,501F8267232C7CB612A63D3ABCD5DFB9,1D0D09075405F7EF338D42D1D19590BB
SAMN41685725,SRR29289234,2024-06-05 06:47:38,2024-06-05 06:38:44,2520669.0,727412315.0,2520669.0,288.0,305.0,,https://sra-downloadb.be-md.ncbi.nlm.nih.gov/sos6/sra-pub-zq-40/SRR029/29289/SRR29289234/SRR29289234.lite.1,SRX24806426,D-2002-21_185-22,WGS,RANDOM,GENOMIC,PAIRED,0.0,0.0,ILLUMINA,Illumina HiSeq 2000,SRP511884,PRJNA1120243,,1120243.0,SRS21521309,SAMN41685725,simple,1773.0,Mycobacterium tuberculosis,D-2002-21,,,,,,,no,,,,,"FIND, THE FOUNDATION FOR INNOVATIVE NEW DIAGNOSTICS",SRA1889652,,public,F8AE7647C96EDAF3E40256F9E1E5A7A6,020A784F4BCF4214D39DD66D4A624F73
SAMN41685726,SRR29289176,2024-06-05 06:47:38,2024-06-05 06:38:35,3163146.0,896332455.0,3163146.0,283.0,376.0,,https://sra-downloadb.be-md.ncbi.nlm.nih.gov/sos6/sra-pub-zq-40/SRR029/29289/SRR29289176/SRR29289176.lite.1,SRX24806484,D-0353-22_186-22,WGS,RANDOM,GENOMIC,PAIRED,0.0,0.0,ILLUMINA,Illumina HiSeq 2000,SRP511884,PRJNA1120243,,1120243.0,SRS21521367,SAMN41685726,simple,1773.0,Mycobacterium tuberculosis,D-0353-22,,,,,,,no,,,,,"FIND, THE FOUNDATION FOR INNOVATIVE NEW DIAGNOSTICS",SRA1889652,,public,755C65AA3AEC2FB5B53205FAF614F0B8,0EE90078CC6748DD2D7B7588B5916983
SAMN41685727,SRR29289112,2024-06-05 06:47:39,2024-06-05 06:38:14,3002545.0,871137251.0,3002545.0,290.0,365.0,,https://sra-downloadb.be-md.ncbi.nlm.nih.gov/sos6/sra-pub-zq-40/SRR029/29289/SRR29289112/SRR29289112.lite.1,SRX24806548,D-0598-22_188-22,WGS,RANDOM,GENOMIC,PAIRED,0.0,0.0,ILLUMINA,Illumina HiSeq 2000,SRP511884,PRJNA1120243,,1120243.0,SRS21521431,SAMN41685727,simple,1773.0,Mycobacterium tuberculosis,D-0598-22,,,,,,,no,,,,,"FIND, THE FOUNDATION FOR INNOVATIVE NEW DIAGNOSTICS",SRA1889652,,public,F6BFB3B75874B94578EF7CCAABEAF459,A6A831A82AFC549AE74BDFF0ECC5C4E1
SAMN41685728,SRR29289229,2024-06-05 06:47:38,2024-06-05 06:38:50,2973214.0,848145751.0,2973214.0,285.0,356.0,,https://sra-downloadb.be-md.ncbi.nlm.nih.gov/sos6/sra-pub-zq-40/SRR029/29289/SRR29289229/SRR29289229.lite.1,SRX24806431,D-2113-21_189-22,WGS,RANDOM,GENOMIC,PAIRED,0.0,0.0,ILLUMINA,Illumina HiSeq 2000,SRP511884,PRJNA1120243,,1120243.0,SRS21521315,SAMN41685728,simple,1773.0,Mycobacterium tuberculosis,D-2113-21,,,,,,,no,,,,,"FIND, THE FOUNDATION FOR INNOVATIVE NEW DIAGNOSTICS",SRA1889652,,public,152AD772942D84920957D432EFCDC1D0,C66A8F798CC62B67079256D7E0C40341
SAMN41685730,SRR29289367,2024-06-05 06:47:35,2024-06-05 06:39:33,3667206.0,1019707376.0,3667206.0,278.0,429.0,,https://sra-downloadb.be-md.ncbi.nlm.nih.gov/sos6/sra-pub-zq-40/SRR029/29289/SRR29289367/SRR29289367.lite.1,SRX24806293,D-1906-21_191-22,WGS,RANDOM,GENOMIC,PAIRED,0.0,0.0,ILLUMINA,Illumina HiSeq 2000,SRP511884,PRJNA1120243,,1120243.0,SRS21521176,SAMN41685730,simple,1773.0,Mycobacterium tuberculosis,D-1906-21,,,,,,,no,,,,,"FIND, THE FOUNDATION FOR INNOVATIVE NEW DIAGNOSTICS",SRA1889652,,public,2C6B93C0B82762648D1A2D0A6B0ED0B7,9C2B39DAECC20A312516B71CA8E85650
SAMN41685731,SRR29289215,2024-06-05 06:47:38,2024-06-05 06:38:56,2697938.0,757382880.0,2697938.0,280.0,318.0,,https://sra-downloadb.be-md.ncbi.nlm.nih.gov/sos6/sra-pub-zq-40/SRR029/29289/SRR29289215/SRR29289215.lite.1,SRX24806445,D-2304-21_192-22,WGS,RANDOM,GENOMIC,PAIRED,0.0,0.0,ILLUMINA,Illumina HiSeq 2000,SRP511884,PRJNA1120243,,1120243.0,SRS21521328,SAMN41685731,simple,1773.0,Mycobacterium tuberculosis,D-2304-21,,,,,,,no,,,,,"FIND, THE FOUNDATION FOR INNOVATIVE NEW DIAGNOSTICS",SRA1889652,,public,0430945A43CE8459CE29D836B32FBA99,B3038D764D95E265D57559BB49842CFD
SAMN41685732,SRR29289214,2024-06-05 06:47:38,2024-06-05 06:38:40,2121565.0,625509732.0,2121565.0,294.0,263.0,,https://sra-downloadb.be-md.ncbi.nlm.nih.gov/sos6/sra-pub-zq-40/SRR029/29289/SRR29289214/SRR29289214.lite.1,SRX24806446,D-2305-21_193-22,WGS,RANDOM,GENOMIC,PAIRED,0.0,0.0,ILLUMINA,Illumina HiSeq 2000,SRP511884,PRJNA1120243,,1120243.0,SRS21521329,SAMN41685732,simple,1773.0,Mycobacterium tuberculosis,D-2305-21,,,,,,,no,,,,,"FIND, THE FOUNDATION FOR INNOVATIVE NEW DIAGNOSTICS",SRA1889652,,public,04EDEA3E5DC2C2A92F3950E0D11FDC63,242792B396D2BFF04C238D22F0E193DE
SAMN41685733,SRR29289227,2024-06-05 06:47:38,2024-06-05 06:38:41,2579735.0,740836315.0,2579735.0,287.0,308.0,,https://sra-downloadb.be-md.ncbi.nlm.nih.gov/sos6/sra-pub-zq-40/SRR029/29289/SRR29289227/SRR29289227.lite.1,SRX24806433,D-2125-21_194-22,WGS,RANDOM,GENOMIC,PAIRED,0.0,0.0,ILLUMINA,Illumina HiSeq 2000,SRP511884,PRJNA1120243,,1120243.0,SRS21521316,SAMN41685733,simple,1773.0,Mycobacterium tuberculosis,D-2125-21,,,,,,,no,,,,,"FIND, THE FOUNDATION FOR INNOVATIVE NEW DIAGNOSTICS",SRA1889652,,public,E4F55427D0C5AF93D512632D0E671DB5,F1B99304BB27E0AA54F263AA12B7A8B4
SAMN41685734,SRR29289211,2024-06-05 06:47:38,2024-06-05 06:38:14,1951796.0,568376230.0,1951796.0,291.0,240.0,,https://sra-downloadb.be-md.ncbi.nlm.nih.gov/sos6/sra-pub-zq-40/SRR029/29289/SRR29289211/SRR29289211.lite.1,SRX24806449,D-2373-21_195-22,WGS,RANDOM,GENOMIC,PAIRED,0.0,0.0,ILLUMINA,Illumina HiSeq 2000,SRP511884,PRJNA1120243,,1120243.0,SRS21521331,SAMN41685734,simple,1773.0,Mycobacterium tuberculosis,D-2373-21,,,,,,,no,,,,,"FIND, THE FOUNDATION FOR INNOVATIVE NEW DIAGNOSTICS",SRA1889652,,public,BE8A66A2922CD94EB4DB2374E7640F95,9381857852D81194A817467FF4FB2F7F
SAMN41685735,SRR29289210,2024-06-05 06:47:38,2024-06-05 06:38:46,3411957.0,975408673.0,3411957.0,285.0,409.0,,https://sra-downloadb.be-md.ncbi.nlm.nih.gov/sos6/sra-pub-zq-40/SRR029/29289/SRR29289210/SRR29289210.lite.1,SRX24806450,D-2383-21_196-22,WGS,RANDOM,GENOMIC,PAIRED,0.0,0.0,ILLUMINA,Illumina HiSeq 2000,SRP511884,PRJNA1120243,,1120243.0,SRS21521333,SAMN41685735,simple,1773.0,Mycobacterium tuberculosis,D-2383-21,,,,,,,no,,,,,"FIND, THE FOUNDATION FOR INNOVATIVE NEW DIAGNOSTICS",SRA1889652,,public,B675E5CB0417D84F3624F8300DFE24A9,F5CDAA7B18BFB353CA4F63BA9F8D69E8
SAMN41685737,SRR29289266,2024-06-05 06:47:37,2024-06-05 06:39:06,3004342.0,848775964.0,3004342.0,282.0,355.0,,https://sra-downloadb.be-md.ncbi.nlm.nih.gov/sos6/sra-pub-zq-40/SRR029/29289/SRR29289266/SRR29289266.lite.1,SRX24806394,D-0038-22_198-22,WGS,RANDOM,GENOMIC,PAIRED,0.0,0.0,ILLUMINA,Illumina HiSeq 2000,SRP511884,PRJNA1120243,,1120243.0,SRS21521278,SAMN41685737,simple,1773.0,Mycobacterium tuberculosis,D-0038-22,,,,,,,no,,,,,"FIND, THE FOUNDATION FOR INNOVATIVE NEW DIAGNOSTICS",SRA1889652,,public,5F02E8EF1FFA425F8BAEBDEC105F6636,7975BF5AD3F8DD44FD6C73184CA7ED89
SAMN41685738,SRR29289405,2024-06-05 06:47:34,2024-06-05 06:39:32,2761004.0,789152693.0,2761004.0,285.0,333.0,,https://sra-downloadb.be-md.ncbi.nlm.nih.gov/sos6/sra-pub-zq-40/SRR029/29289/SRR29289405/SRR29289405.lite.1,SRX24806255,D-0103-22_199-22,WGS,RANDOM,GENOMIC,PAIRED,0.0,0.0,ILLUMINA,Illumina HiSeq 2000,SRP511884,PRJNA1120243,,1120243.0,SRS21521138,SAMN41685738,simple,1773.0,Mycobacterium tuberculosis,D-0103-22,,,,,,,no,,,,,"FIND, THE FOUNDATION FOR INNOVATIVE NEW DIAGNOSTICS",SRA1889652,,public,86ABEDA9F137DDAAC0246486BE99D29B,39C66BC468989A5FEA114A7583901304
SAMN41685741,SRR29289124,2024-06-05 06:47:39,2024-06-05 06:39:09,3362342.0,962072157.0,3362342.0,286.0,400.0,,https://sra-downloadb.be-md.ncbi.nlm.nih.gov/sos6/sra-pub-zq-40/SRR029/29289/SRR29289124/SRR29289124.lite.1,SRX24806536,D-0506-22_202-22,WGS,RANDOM,GENOMIC,PAIRED,0.0,0.0,ILLUMINA,Illumina HiSeq 2000,SRP511884,PRJNA1120243,,1120243.0,SRS21521418,SAMN41685741,simple,1773.0,Mycobacterium tuberculosis,D-0506-22,,,,,,,no,,,,,"FIND, THE FOUNDATION FOR INNOVATIVE NEW DIAGNOSTICS",SRA1889652,,public,EB57F7A57502FE330041FE8392037FB2,F12752E5D86ED15EDFD463CAE0FEE6CC
SAMN41685742,SRR29289118,2024-06-05 06:47:39,2024-06-05 06:39:14,3648543.0,1000278119.0,3648543.0,274.0,423.0,,https://sra-downloadb.be-md.ncbi.nlm.nih.gov/sos6/sra-pub-zq-40/SRR029/29289/SRR29289118/SRR29289118.lite.1,SRX24806542,D-0575-22_203-22,WGS,RANDOM,GENOMIC,PAIRED,0.0,0.0,ILLUMINA,Illumina HiSeq 2000,SRP511884,PRJNA1120243,,1120243.0,SRS21521425,SAMN41685742,simple,1773.0,Mycobacterium tuberculosis,D-0575-22,,,,,,,no,,,,,"FIND, THE FOUNDATION FOR INNOVATIVE NEW DIAGNOSTICS",SRA1889652,,public,3B910DB311502262BB9E1FBCF2596F1C,FD46300D53E73A5D5B03D4A9A781603C
SAMN41685743,SRR29289123,2024-06-05 06:47:39,2024-06-05 06:39:06,4260001.0,1151285093.0,4260001.0,270.0,483.0,,https://sra-downloadb.be-md.ncbi.nlm.nih.gov/sos6/sra-pub-zq-40/SRR029/29289/SRR29289123/SRR29289123.lite.1,SRX24806537,D-0508-22_204-22,WGS,RANDOM,GENOMIC,PAIRED,0.0,0.0,ILLUMINA,Illumina HiSeq 2000,SRP511884,PRJNA1120243,,1120243.0,SRS21521420,SAMN41685743,simple,1773.0,Mycobacterium tuberculosis,D-0508-22,,,,,,,no,,,,,"FIND, THE FOUNDATION FOR INNOVATIVE NEW DIAGNOSTICS",SRA1889652,,public,FB9BA92F871C98336549E3ABD8077F64,E78BC3FDA780F20B2DDB0DEA03697CDA
SAMN41685744,SRR29289121,2024-06-05 06:47:39,2024-06-05 06:39:41,4207522.0,1132580360.0,4207522.0,269.0,480.0,,https://sra-downloadb.be-md.ncbi.nlm.nih.gov/sos6/sra-pub-zq-40/SRR029/29289/SRR29289121/SRR29289121.lite.1,SRX24806539,D-0541-22_205-22,WGS,RANDOM,GENOMIC,PAIRED,0.0,0.0,ILLUMINA,Illumina HiSeq 2000,SRP511884,PRJNA1120243,,1120243.0,SRS21521421,SAMN41685744,simple,1773.0,Mycobacterium tuberculosis,D-0541-22,,,,,,,no,,,,,"FIND, THE FOUNDATION FOR INNOVATIVE NEW DIAGNOSTICS",SRA1889652,,public,A3926F0F60C2C5280AD734EF2AB86141,E08F25F5A20F12C20DC6593F3DCE0C3F
SAMN41685746,SRR29289133,2024-06-05 06:47:39,2024-06-05 06:38:46,7019237.0,2047377812.0,7019237.0,291.0,875.0,,https://sra-downloadb.be-md.ncbi.nlm.nih.gov/sos6/sra-pub-zq-40/SRR029/29289/SRR29289133/SRR29289133.lite.1,SRX24806527,D-0458-22_207-22,WGS,RANDOM,GENOMIC,PAIRED,0.0,0.0,ILLUMINA,Illumina HiSeq 2000,SRP511884,PRJNA1120243,,1120243.0,SRS21521410,SAMN41685746,simple,1773.0,Mycobacterium tuberculosis,D-0458-22,,,,,,,no,,,,,"FIND, THE FOUNDATION FOR INNOVATIVE NEW DIAGNOSTICS",SRA1889652,,public,DF4936A27142BC8860ECC959EA286B6A,1B9974AB2C1C3435B77EE741AB7164B8
SAMN41685747,SRR29289134,2024-06-05 06:47:39,2024-06-05 06:38:25,1208236.0,354483789.0,1208236.0,293.0,149.0,,https://sra-downloadb.be-md.ncbi.nlm.nih.gov/sos6/sra-pub-zq-40/SRR029/29289/SRR29289134/SRR29289134.lite.1,SRX24806526,D-0456-22_208-22,WGS,RANDOM,GENOMIC,PAIRED,0.0,0.0,ILLUMINA,Illumina HiSeq 2000,SRP511884,PRJNA1120243,,1120243.0,SRS21521409,SAMN41685747,simple,1773.0,Mycobacterium tuberculosis,D-0456-22,,,,,,,no,,,,,"FIND, THE FOUNDATION FOR INNOVATIVE NEW DIAGNOSTICS",SRA1889652,,public,87CCFD396BC05A3C857BFD334BF19375,71F8F65E5975AFC6A425CEB74C582B10
SAMN41685749,SRR29289142,2024-06-05 06:47:39,2024-06-05 06:38:37,2409243.0,671948393.0,2409243.0,278.0,282.0,,https://sra-downloadb.be-md.ncbi.nlm.nih.gov/sos6/sra-pub-zq-40/SRR029/29289/SRR29289142/SRR29289142.lite.1,SRX24806518,D-0215-22_210-22,WGS,RANDOM,GENOMIC,PAIRED,0.0,0.0,ILLUMINA,Illumina HiSeq 2000,SRP511884,PRJNA1120243,,1120243.0,SRS21521401,SAMN41685749,simple,1773.0,Mycobacterium tuberculosis,D-0215-22,,,,,,,no,,,,,"FIND, THE FOUNDATION FOR INNOVATIVE NEW DIAGNOSTICS",SRA1889652,,public,F898188A576F4FA946B4F449735E9A84,3A6775C811905A513D5A714DE61CFBF4
SAMN41685751,SRR29289254,2024-06-05 06:47:37,2024-06-05 06:39:06,1247804.0,365764107.0,1247804.0,293.0,156.0,,https://sra-downloadb.be-md.ncbi.nlm.nih.gov/sos6/sra-pub-zq-40/SRR029/29289/SRR29289254/SRR29289254.lite.1,SRX24806406,D-0703-22_213-22,WGS,RANDOM,GENOMIC,PAIRED,0.0,0.0,ILLUMINA,Illumina HiSeq 2000,SRP511884,PRJNA1120243,,1120243.0,SRS21521289,SAMN41685751,simple,1773.0,Mycobacterium tuberculosis,D-0703-22,,,,,,,no,,,,,"FIND, THE FOUNDATION FOR INNOVATIVE NEW DIAGNOSTICS",SRA1889652,,public,082854581CCB9E65AE9C393A6F7B2895,8346D363E5B10EFD8E598ADA6BDA2780
SAMN41685752,SRR29289253,2024-06-05 06:47:37,2024-06-05 06:38:54,3115832.0,864257759.0,3115832.0,277.0,377.0,,https://sra-downloadb.be-md.ncbi.nlm.nih.gov/sos6/sra-pub-zq-40/SRR029/29289/SRR29289253/SRR29289253.lite.1,SRX24806407,D-0706-22_214-22,WGS,RANDOM,GENOMIC,PAIRED,0.0,0.0,ILLUMINA,Illumina HiSeq 2000,SRP511884,PRJNA1120243,,1120243.0,SRS21521290,SAMN41685752,simple,1773.0,Mycobacterium tuberculosis,D-0706-22,,,,,,,no,,,,,"FIND, THE FOUNDATION FOR INNOVATIVE NEW DIAGNOSTICS",SRA1889652,,public,152591E0A70359FFA3917118E6F4710F,67D7A33404EA8DBABE816EECA5076CED
SAMN41685753,SRR29289259,2024-06-05 06:47:37,2024-06-05 06:38:54,1840953.0,539119346.0,1840953.0,292.0,229.0,,https://sra-downloadb.be-md.ncbi.nlm.nih.gov/sos6/sra-pub-zq-40/SRR029/29289/SRR29289259/SRR29289259.lite.1,SRX24806401,D-0700-22_215-22,WGS,RANDOM,GENOMIC,PAIRED,0.0,0.0,ILLUMINA,Illumina HiSeq 2000,SRP511884,PRJNA1120243,,1120243.0,SRS21521283,SAMN41685753,simple,1773.0,Mycobacterium tuberculosis,D-0700-22,,,,,,,no,,,,,"FIND, THE FOUNDATION FOR INNOVATIVE NEW DIAGNOSTICS",SRA1889652,,public,D8A6CD9E3DFCD5CB31547BC94DCDBC29,D00C091DBDF102CA5DBDA10E2F0A90C3
SAMN41685754,SRR29289247,2024-06-05 06:47:37,2024-06-05 06:39:01,2039495.0,604196303.0,2039495.0,296.0,255.0,,https://sra-downloadb.be-md.ncbi.nlm.nih.gov/sos6/sra-pub-zq-40/SRR029/29289/SRR29289247/SRR29289247.lite.1,SRX24806413,D-0745-22_216-22,WGS,RANDOM,GENOMIC,PAIRED,0.0,0.0,ILLUMINA,Illumina HiSeq 2000,SRP511884,PRJNA1120243,,1120243.0,SRS21521296,SAMN41685754,simple,1773.0,Mycobacterium tuberculosis,D-0745-22,,,,,,,no,,,,,"FIND, THE FOUNDATION FOR INNOVATIVE NEW DIAGNOSTICS",SRA1889652,,public,CEB72D57D497D889079CA2322B58A8A1,158821790387C281A9CC0B993DD41948
SAMN41685755,SRR29289257,2024-06-05 06:47:37,2024-06-05 06:39:02,2365847.0,671362283.0,2365847.0,283.0,280.0,,https://sra-downloadb.be-md.ncbi.nlm.nih.gov/sos6/sra-pub-zq-40/SRR029/29289/SRR29289257/SRR29289257.lite.1,SRX24806403,D-0701-22_217-22,WGS,RANDOM,GENOMIC,PAIRED,0.0,0.0,ILLUMINA,Illumina HiSeq 2000,SRP511884,PRJNA1120243,,1120243.0,SRS21521286,SAMN41685755,simple,1773.0,Mycobacterium tuberculosis,D-0701-22,,,,,,,no,,,,,"FIND, THE FOUNDATION FOR INNOVATIVE NEW DIAGNOSTICS",SRA1889652,,public,23034865ECC2B3C4979E6C80F7D8542C,AFE35F9344E3C5111483A199AADE8D3E
SAMN41685756,SRR29289241,2024-06-05 06:47:37,2024-06-05 06:38:42,2013728.0,568429815.0,2013728.0,282.0,239.0,,https://sra-downloadb.be-md.ncbi.nlm.nih.gov/sos6/sra-pub-zq-40/SRR029/29289/SRR29289241/SRR29289241.lite.1,SRX24806419,D-0784-22_218-22,WGS,RANDOM,GENOMIC,PAIRED,0.0,0.0,ILLUMINA,Illumina HiSeq 2000,SRP511884,PRJNA1120243,,1120243.0,SRS21521302,SAMN41685756,simple,1773.0,Mycobacterium tuberculosis,D-0784-22,,,,,,,no,,,,,"FIND, THE FOUNDATION FOR INNOVATIVE NEW DIAGNOSTICS",SRA1889652,,public,81FD8BBE4071894D6E1F494BC1E936A8,B0D2A35CECD21F8FD4F749E9310D8D02
SAMN41685757,SRR29289242,2024-06-05 06:47:37,2024-06-05 06:39:06,2835072.0,794421737.0,2835072.0,280.0,333.0,,https://sra-downloadb.be-md.ncbi.nlm.nih.gov/sos6/sra-pub-zq-40/SRR029/29289/SRR29289242/SRR29289242.lite.1,SRX24806418,D-0774-22_219-22,WGS,RANDOM,GENOMIC,PAIRED,0.0,0.0,ILLUMINA,Illumina HiSeq 2000,SRP511884,PRJNA1120243,,1120243.0,SRS21521301,SAMN41685757,simple,1773.0,Mycobacterium tuberculosis,D-0774-22,,,,,,,no,,,,,"FIND, THE FOUNDATION FOR INNOVATIVE NEW DIAGNOSTICS",SRA1889652,,public,26C5958EABB784C8609829E5282F74B5,9BBC00DA35D4EADEEF1044028755C3D8
SAMN41685758,SRR29289240,2024-06-05 06:47:37,2024-06-05 06:38:49,1481936.0,433918783.0,1481936.0,292.0,182.0,,https://sra-downloadb.be-md.ncbi.nlm.nih.gov/sos6/sra-pub-zq-40/SRR029/29289/SRR29289240/SRR29289240.lite.1,SRX24806420,D-0786-22_220-22,WGS,RANDOM,GENOMIC,PAIRED,0.0,0.0,ILLUMINA,Illumina HiSeq 2000,SRP511884,PRJNA1120243,,1120243.0,SRS21521303,SAMN41685758,simple,1773.0,Mycobacterium tuberculosis,D-0786-22,,,,,,,no,,,,,"FIND, THE FOUNDATION FOR INNOVATIVE NEW DIAGNOSTICS",SRA1889652,,public,3DB1DCB8684278B6412134FBA708FCA5,81CE542B2198F7EEE2018115774035DB
SAMN41685759,SRR29289236,2024-06-05 06:47:37,2024-06-05 06:38:41,2463557.0,705472851.0,2463557.0,286.0,296.0,,https://sra-downloadb.be-md.ncbi.nlm.nih.gov/sos6/sra-pub-zq-40/SRR029/29289/SRR29289236/SRR29289236.lite.1,SRX24806424,D-0852-22_221-22,WGS,RANDOM,GENOMIC,PAIRED,0.0,0.0,ILLUMINA,Illumina HiSeq 2000,SRP511884,PRJNA1120243,,1120243.0,SRS21521305,SAMN41685759,simple,1773.0,Mycobacterium tuberculosis,D-0852-22,,,,,,,no,,,,,"FIND, THE FOUNDATION FOR INNOVATIVE NEW DIAGNOSTICS",SRA1889652,,public,11512C988421BC2FC453F40B6EEDAE06,C9CC265608D548488CC377B4760C2847
SAMN41685760,SRR29289423,2024-06-05 06:47:33,2024-06-05 06:39:00,1513579.0,430241524.0,1513579.0,284.0,180.0,,https://sra-downloadb.be-md.ncbi.nlm.nih.gov/sos6/sra-pub-zq-40/SRR029/29289/SRR29289423/SRR29289423.lite.1,SRX24806237,D-0906-22_222-22,WGS,RANDOM,GENOMIC,PAIRED,0.0,0.0,ILLUMINA,Illumina HiSeq 2000,SRP511884,PRJNA1120243,,1120243.0,SRS21521120,SAMN41685760,simple,1773.0,Mycobacterium tuberculosis,D-0906-22,,,,,,,no,,,,,"FIND, THE FOUNDATION FOR INNOVATIVE NEW DIAGNOSTICS",SRA1889652,,public,94B8C60FF107665CC23DCE05B9DE592A,431908956A699064FE6C9A394ABF9925
SAMN41685761,SRR29289421,2024-06-05 06:47:33,2024-06-05 06:39:06,2149755.0,596414168.0,2149755.0,277.0,251.0,,https://sra-downloadb.be-md.ncbi.nlm.nih.gov/sos6/sra-pub-zq-40/SRR029/29289/SRR29289421/SRR29289421.lite.1,SRX24806239,D-0919-22_223-22,WGS,RANDOM,GENOMIC,PAIRED,0.0,0.0,ILLUMINA,Illumina HiSeq 2000,SRP511884,PRJNA1120243,,1120243.0,SRS21521122,SAMN41685761,simple,1773.0,Mycobacterium tuberculosis,D-0919-22,,,,,,,no,,,,,"FIND, THE FOUNDATION FOR INNOVATIVE NEW DIAGNOSTICS",SRA1889652,,public,3030CC7DCDAB92CE9468AA3245EB0B11,76F33ACA33976CB55AE0118A217B9792
SAMN41685762,SRR29289420,2024-06-05 06:47:33,2024-06-05 06:39:30,3328249.0,901501341.0,3328249.0,270.0,392.0,,https://sra-downloadb.be-md.ncbi.nlm.nih.gov/sos6/sra-pub-zq-40/SRR029/29289/SRR29289420/SRR29289420.lite.1,SRX24806240,D-0920-22_224-22,WGS,RANDOM,GENOMIC,PAIRED,0.0,0.0,ILLUMINA,Illumina HiSeq 2000,SRP511884,PRJNA1120243,,1120243.0,SRS21521123,SAMN41685762,simple,1773.0,Mycobacterium tuberculosis,D-0920-22,,,,,,,no,,,,,"FIND, THE FOUNDATION FOR INNOVATIVE NEW DIAGNOSTICS",SRA1889652,,public,82E3EF92783BECFDD3BBA8ACE54A4565,D05D10725DD7E8FBA4263E2E0191C5BD
SAMN41685763,SRR29289414,2024-06-05 06:47:34,2024-06-05 06:38:42,1271625.0,373088699.0,1271625.0,293.0,156.0,,https://sra-downloadb.be-md.ncbi.nlm.nih.gov/sos6/sra-pub-zq-40/SRR029/29289/SRR29289414/SRR29289414.lite.1,SRX24806246,D-0926-22_225-22,WGS,RANDOM,GENOMIC,PAIRED,0.0,0.0,ILLUMINA,Illumina HiSeq 2000,SRP511884,PRJNA1120243,,1120243.0,SRS21521129,SAMN41685763,simple,1773.0,Mycobacterium tuberculosis,D-0926-22,,,,,,,no,,,,,"FIND, THE FOUNDATION FOR INNOVATIVE NEW DIAGNOSTICS",SRA1889652,,public,0B8EF83CDB18A1BB2DBC41603ADB2CA0,DE3318C47B0975F0EE96E8BDDB8B8D74
SAMN41685764,SRR29289412,2024-06-05 06:47:34,2024-06-05 06:38:37,1391429.0,408811816.0,1391429.0,293.0,173.0,,https://sra-downloadb.be-md.ncbi.nlm.nih.gov/sos6/sra-pub-zq-40/SRR029/29289/SRR29289412/SRR29289412.lite.1,SRX24806248,D-0928-22_226-22,WGS,RANDOM,GENOMIC,PAIRED,0.0,0.0,ILLUMINA,Illumina HiSeq 2000,SRP511884,PRJNA1120243,,1120243.0,SRS21521131,SAMN41685764,simple,1773.0,Mycobacterium tuberculosis,D-0928-22,,,,,,,no,,,,,"FIND, THE FOUNDATION FOR INNOVATIVE NEW DIAGNOSTICS",SRA1889652,,public,7AE46058B292171621689E6AA6DB76F8,2A106E2C4B561406F62E1505758E35CD
SAMN41685765,SRR29289409,2024-06-05 06:47:34,2024-06-05 06:38:47,833289.0,242893306.0,833289.0,291.0,102.0,,https://sra-downloadb.be-md.ncbi.nlm.nih.gov/sos6/sra-pub-zq-40/SRR029/29289/SRR29289409/SRR29289409.lite.1,SRX24806251,D-0959-22_227-22,WGS,RANDOM,GENOMIC,PAIRED,0.0,0.0,ILLUMINA,Illumina HiSeq 2000,SRP511884,PRJNA1120243,,1120243.0,SRS21521134,SAMN41685765,simple,1773.0,Mycobacterium tuberculosis,D-0959-22,,,,,,,no,,,,,"FIND, THE FOUNDATION FOR INNOVATIVE NEW DIAGNOSTICS",SRA1889652,,public,5C409FBFD01474220971B88BDAEDF01A,A0BC9572C4AE1EFF736DB008DCFAC1DD
SAMN43780441,SRR30673235,2024-09-17 12:16:54,2024-09-16 04:55:15,4919098.0,1485567596.0,4919098.0,302.0,531.0,,https://sra-downloadb.be-md.ncbi.nlm.nih.gov/sos6/sra-pub-zq-40/SRR030/30673/SRR30673235/SRR30673235.lite.1,SRX26091726,TB038050327-WGS,WGS,RANDOM,GENOMIC,PAIRED,0.0,0.0,ILLUMINA,Illumina HiSeq X,SRP532857,PRJNA1160005,,1160005.0,SRS22658044,SAMN43780441,simple,1773.0,Mycobacterium tuberculosis,TB038050327,,,,,,,no,,,,,"FIND, THE FOUNDATION FOR INNOVATIVE NEW DIAGNOSTICS",SRA1972785,,public,F2DA06F25FFC2CA14FCDE2F8F9B7E14C,F5DF6580C6FEF784F9D48ED8DB2AAE9A
SAMN43780441,SRR31249019,2024-11-06 13:20:03,2024-11-06 13:11:19,236136.0,69437416.0,236136.0,294.0,40.0,,https://sra-downloadb.be-md.ncbi.nlm.nih.gov/sos2/sra-pub-zq-20/SRR031/31249/SRR31249019/SRR31249019.lite.1,SRX26629043,TB038050327-GS,AMPLICON,PCR,GENOMIC,PAIRED,0.0,0.0,ILLUMINA,Illumina MiSeq,SRP532857,PRJNA1160005,,1160005.0,SRS22658044,SAMN43780441,simple,1773.0,Mycobacterium tuberculosis,TB038050327,,,,,,,no,,,,,"FIND, THE FOUNDATION FOR INNOVATIVE NEW DIAGNOSTICS",SRA2008967,,public,304556F7BE217E601F40C26E127AAB84,FA2B154A84A78E32B3434C611B6E4F7D
SAMN43780441,SRR31554224,2024-11-29 15:32:33,2024-11-29 14:28:51,103169.0,55636291.0,0.0,539.0,51.0,,https://sra-pub-run-odp.s3.amazonaws.com/sra/SRR31554224/SRR31554224,SRX26920418,TB038050327-ONT,AMPLICON,PCR,GENOMIC,SINGLE,0.0,0.0,OXFORD_NANOPORE,MinION,SRP532857,PRJNA1160005,,1160005.0,SRS22658044,SAMN43780441,simple,1773.0,Mycobacterium tuberculosis,TB038050327,,,,,,,no,,,,,"FIND, THE FOUNDATION FOR INNOVATIVE NEW DIAGNOSTICS",SRA2024402,,public,7DBE956F141E7C26420516CADD5EA8BC,DECE8B7370401FDD29F61CF75E608DAB
SAMN43780449,SRR30673226,2024-09-17 12:16:47,2024-09-16 04:54:32,5312881.0,1604490062.0,5312881.0,302.0,573.0,,https://sra-downloadb.be-md.ncbi.nlm.nih.gov/sos6/sra-pub-zq-40/SRR030/30673/SRR30673226/SRR30673226.lite.1,SRX26091735,TB038050335-WGS,WGS,RANDOM,GENOMIC,PAIRED,0.0,0.0,ILLUMINA,Illumina HiSeq X,SRP532857,PRJNA1160005,,1160005.0,SRS22658053,SAMN43780449,simple,1773.0,Mycobacterium tuberculosis,TB038050335,,,,,,,no,,,,,"FIND, THE FOUNDATION FOR INNOVATIVE NEW DIAGNOSTICS",SRA1972785,,public,D4353A0718759B702601A1C37D64B816,7A2A9A2CD0FD77B9733A65962E076474
SAMN43780449,SRR31249010,2024-11-06 13:20:02,2024-11-06 13:11:24,521079.0,148693679.0,521079.0,285.0,82.0,,https://sra-downloadb.be-md.ncbi.nlm.nih.gov/sos2/sra-pub-zq-20/SRR031/31249/SRR31249010/SRR31249010.lite.1,SRX26629052,TB038050335-GS,AMPLICON,PCR,GENOMIC,PAIRED,0.0,0.0,ILLUMINA,Illumina MiSeq,SRP532857,PRJNA1160005,,1160005.0,SRS22658053,SAMN43780449,simple,1773.0,Mycobacterium tuberculosis,TB038050335,,,,,,,no,,,,,"FIND, THE FOUNDATION FOR INNOVATIVE NEW DIAGNOSTICS",SRA2008967,,public,DDA1FB6CD2747E4EC6B26371684C9116,B923454D78E660E6E413D30EEB3CE7B5
SAMN43780449,SRR31553614,2024-11-29 15:49:01,2024-11-29 13:59:09,28887.0,15949440.0,0.0,552.0,14.0,,https://sra-pub-run-odp.s3.amazonaws.com/sra/SRR31553614/SRR31553614,SRX26919836,TB038050335-ONT,AMPLICON,PCR,GENOMIC,SINGLE,0.0,0.0,OXFORD_NANOPORE,MinION,SRP532857,PRJNA1160005,,1160005.0,SRS22658053,SAMN43780449,simple,1773.0,Mycobacterium tuberculosis,TB038050335,,,,,,,no,,,,,"FIND, THE FOUNDATION FOR INNOVATIVE NEW DIAGNOSTICS",SRA2024402,,public,CEE432FC756786C3A10F31B9453A7961,AE2E035B18602469283468AB9B0CE125
SAMN43780466,SRR30673767,2024-09-17 12:17:20,2024-09-16 05:02:12,4903456.0,1480843712.0,4903456.0,302.0,535.0,,https://sra-downloadb.be-md.ncbi.nlm.nih.gov/sos6/sra-pub-zq-40/SRR030/30673/SRR30673767/SRR30673767.lite.1,SRX26092256,TB038050352-WGS,WGS,RANDOM,GENOMIC,PAIRED,0.0,0.0,ILLUMINA,Illumina HiSeq X,SRP532857,PRJNA1160005,,1160005.0,SRS22658576,SAMN43780466,simple,1773.0,Mycobacterium tuberculosis,TB038050352,,,,,,,no,,,,,"FIND, THE FOUNDATION FOR INNOVATIVE NEW DIAGNOSTICS",SRA1972785,,public,66692D542C850968357CC1C4E737AFEB,DA7C67BCA6BD4487FFDCD1B95545FA2F
SAMN43780466,SRR31248991,2024-11-06 13:26:23,2024-11-06 13:11:13,186518.0,53472719.0,186518.0,286.0,30.0,,https://sra-downloadb.be-md.ncbi.nlm.nih.gov/sos2/sra-pub-zq-20/SRR031/31248/SRR31248991/SRR31248991.lite.1,SRX26628663,TB038050352-GS,AMPLICON,PCR,GENOMIC,PAIRED,0.0,0.0,ILLUMINA,Illumina MiSeq,SRP532857,PRJNA1160005,,1160005.0,SRS22658576,SAMN43780466,simple,1773.0,Mycobacterium tuberculosis,TB038050352,,,,,,,no,,,,,"FIND, THE FOUNDATION FOR INNOVATIVE NEW DIAGNOSTICS",SRA2008967,,public,39677952572217778402ABFDD7789B3A,FC523659D34A65962B0CDB8BF3BDC9C3
SAMN43780466,SRR31554118,2024-11-29 15:32:47,2024-11-29 14:16:49,73355.0,39805751.0,0.0,542.0,36.0,,https://sra-downloadb.be-md.ncbi.nlm.nih.gov/sos7/sra-pub-run-38/SRR031/31554/SRR31554118/SRR31554118.1,SRX26920244,TB038050352-ONT,AMPLICON,PCR,GENOMIC,SINGLE,0.0,0.0,OXFORD_NANOPORE,MinION,SRP532857,PRJNA1160005,,1160005.0,SRS22658576,SAMN43780466,simple,1773.0,Mycobacterium tuberculosis,TB038050352,,,,,,,no,,,,,"FIND, THE FOUNDATION FOR INNOVATIVE NEW DIAGNOSTICS",SRA2024402,,public,1F427A87939EB60025AD57BF27D0994D,9428D7CCFE9FA5AD52D6F2B45D02280D
SAMN43780497,SRR30673055,2024-09-17 11:53:06,2024-09-16 04:54:20,7207987.0,2176812074.0,7207987.0,302.0,789.0,,https://sra-downloadb.be-md.ncbi.nlm.nih.gov/sos6/sra-pub-zq-40/SRR030/30673/SRR30673055/SRR30673055.lite.1,SRX26091906,TB038050383-WGS,WGS,RANDOM,GENOMIC,PAIRED,0.0,0.0,ILLUMINA,Illumina HiSeq X,SRP532857,PRJNA1160005,,1160005.0,SRS22658224,SAMN43780497,simple,1773.0,Mycobacterium tuberculosis,TB038050383,,,,,,,no,,,,,"FIND, THE FOUNDATION FOR INNOVATIVE NEW DIAGNOSTICS",SRA1972785,,public,D2B9B392F334517EB065CADEC9A5CC55,9B5D988849330D0A2DDFC9910FDA721A
SAMN43780497,SRR31248793,2024-11-06 13:26:13,2024-11-06 13:11:40,341128.0,97262568.0,341128.0,285.0,48.0,,https://sra-downloadb.be-md.ncbi.nlm.nih.gov/sos2/sra-pub-zq-20/SRR031/31248/SRR31248793/SRR31248793.lite.1,SRX26628453,TB038050383-GS,AMPLICON,PCR,GENOMIC,PAIRED,0.0,0.0,ILLUMINA,Illumina MiSeq,SRP532857,PRJNA1160005,,1160005.0,SRS22658224,SAMN43780497,simple,1773.0,Mycobacterium tuberculosis,TB038050383,,,,,,,no,,,,,"FIND, THE FOUNDATION FOR INNOVATIVE NEW DIAGNOSTICS",SRA2008967,,public,A80FB0AC82C25CD535542780D6F507BC,4EF217118D8A9BC1C12422BD5B99E588
SAMN43780497,SRR31554113,2024-11-29 15:32:46,2024-11-29 14:14:50,54401.0,28569599.0,0.0,525.0,26.0,,https://sra-downloadb.be-md.ncbi.nlm.nih.gov/sos7/sra-pub-run-38/SRR031/31554/SRR31554113/SRR31554113.1,SRX26920250,TB038050383-ONT,AMPLICON,PCR,GENOMIC,SINGLE,0.0,0.0,OXFORD_NANOPORE,MinION,SRP532857,PRJNA1160005,,1160005.0,SRS22658224,SAMN43780497,simple,1773.0,Mycobacterium tuberculosis,TB038050383,,,,,,,no,,,,,"FIND, THE FOUNDATION FOR INNOVATIVE NEW DIAGNOSTICS",SRA2024402,,public,94378E63FA8205CBF282A1A192507052,63F7123BD08A1BB3EDF10FDF994EA94F
SAMN43780505,SRR30673046,2024-09-17 11:52:51,2024-09-16 04:52:50,5125669.0,1547952038.0,5125669.0,302.0,567.0,,https://sra-downloadb.be-md.ncbi.nlm.nih.gov/sos6/sra-pub-zq-40/SRR030/30673/SRR30673046/SRR30673046.lite.1,SRX26091915,TB038050391-WGS,WGS,RANDOM,GENOMIC,PAIRED,0.0,0.0,ILLUMINA,Illumina HiSeq X,SRP532857,PRJNA1160005,,1160005.0,SRS22658234,SAMN43780505,simple,1773.0,Mycobacterium tuberculosis,TB038050391,,,,,,,no,,,,,"FIND, THE FOUNDATION FOR INNOVATIVE NEW DIAGNOSTICS",SRA1972785,,public,07DC047B06D8BD4BDCF779B40295EEE0,88A24FAB79729BDCA71B4F9835F91843
SAMN43780505,SRR31248783,2024-11-06 13:26:20,2024-11-06 13:11:03,326662.0,91909220.0,326662.0,281.0,49.0,,https://sra-downloadb.be-md.ncbi.nlm.nih.gov/sos2/sra-pub-zq-20/SRR031/31248/SRR31248783/SRR31248783.lite.1,SRX26628463,TB038050391-GS,AMPLICON,PCR,GENOMIC,PAIRED,0.0,0.0,ILLUMINA,Illumina MiSeq,SRP532857,PRJNA1160005,,1160005.0,SRS22658234,SAMN43780505,simple,1773.0,Mycobacterium tuberculosis,TB038050391,,,,,,,no,,,,,"FIND, THE FOUNDATION FOR INNOVATIVE NEW DIAGNOSTICS",SRA2008967,,public,CDA43FDA516B2989157D72EDB8EB5183,463813C1070F67CE16464072C474F305
SAMN43780505,SRR31554104,2024-11-29 15:32:46,2024-11-29 14:16:13,65811.0,34092170.0,0.0,518.0,31.0,,https://sra-downloadb.be-md.ncbi.nlm.nih.gov/sos7/sra-pub-run-38/SRR031/31554/SRR31554104/SRR31554104.1,SRX26920260,TB038050391-ONT,AMPLICON,PCR,GENOMIC,SINGLE,0.0,0.0,OXFORD_NANOPORE,MinION,SRP532857,PRJNA1160005,,1160005.0,SRS22658234,SAMN43780505,simple,1773.0,Mycobacterium tuberculosis,TB038050391,,,,,,,no,,,,,"FIND, THE FOUNDATION FOR INNOVATIVE NEW DIAGNOSTICS",SRA2024402,,public,4D1C46CB900E57C837168032F324AC86,372D5B86B18E4347AF6E06B14042AC0B
SAMN43780635,SRR30673716,2024-09-17 12:17:10,2024-09-16 05:01:53,1289673.0,354644918.0,1289673.0,274.0,90.0,,https://sra-downloadb.be-md.ncbi.nlm.nih.gov/sos6/sra-pub-zq-40/SRR030/30673/SRR30673716/SRR30673716.lite.1,SRX26092307,TB038060157-WGS,WGS,RANDOM,GENOMIC,PAIRED,0.0,0.0,ILLUMINA,NextSeq 500,SRP532857,PRJNA1160005,,1160005.0,SRS22658625,SAMN43780635,simple,1773.0,Mycobacterium tuberculosis,TB038060157,,,,,,,no,,,,,"FIND, THE FOUNDATION FOR INNOVATIVE NEW DIAGNOSTICS",SRA1972785,,public,14039E43E0B0C342704EF55E9C6AE724,3B252139A744951619D000ABC0DB01D1
SAMN43780635,SRR31249330,2024-11-06 13:20:08,2024-11-06 13:12:17,419161.0,119331633.0,419161.0,284.0,61.0,,https://sra-downloadb.be-md.ncbi.nlm.nih.gov/sos2/sra-pub-zq-20/SRR031/31249/SRR31249330/SRR31249330.lite.1,SRX26628732,TB038060157-GS,AMPLICON,PCR,GENOMIC,PAIRED,0.0,0.0,ILLUMINA,Illumina MiSeq,SRP532857,PRJNA1160005,,1160005.0,SRS22658625,SAMN43780635,simple,1773.0,Mycobacterium tuberculosis,TB038060157,,,,,,,no,,,,,"FIND, THE FOUNDATION FOR INNOVATIVE NEW DIAGNOSTICS",SRA2008967,,public,43833D66090091BD5C65D1AF2420B917,2FF74D87926232F711CF7FEB79F7F891
SAMN43780635,SRR31553889,2024-11-29 15:32:59,2024-11-29 14:12:49,7482.0,3361066.0,0.0,449.0,3.0,,https://sra-downloadb.be-md.ncbi.nlm.nih.gov/sos7/sra-pub-run-38/SRR031/31553/SRR31553889/SRR31553889.1,SRX26919901,TB038060157-ONT,AMPLICON,PCR,GENOMIC,SINGLE,0.0,0.0,OXFORD_NANOPORE,MinION,SRP532857,PRJNA1160005,,1160005.0,SRS22658625,SAMN43780635,simple,1773.0,Mycobacterium tuberculosis,TB038060157,,,,,,,no,,,,,"FIND, THE FOUNDATION FOR INNOVATIVE NEW DIAGNOSTICS",SRA2024402,,public,4E04196CEB4DFA7D206D236B46991FEB,1FFE70A97630BCB5FBA32AA487D02E04
SAMN43780642,SRR30673215,2024-09-17 12:16:48,2024-09-16 05:24:51,1404742.0,388953695.0,1404742.0,276.0,98.0,,https://sra-downloadb.be-md.ncbi.nlm.nih.gov/sos6/sra-pub-zq-40/SRR030/30673/SRR30673215/SRR30673215.lite.1,SRX26091746,TB038060164-WGS,WGS,RANDOM,GENOMIC,PAIRED,0.0,0.0,ILLUMINA,NextSeq 500,SRP532857,PRJNA1160005,,1160005.0,SRS22658064,SAMN43780642,simple,1773.0,Mycobacterium tuberculosis,TB038060164,,,,,,,no,,,,,"FIND, THE FOUNDATION FOR INNOVATIVE NEW DIAGNOSTICS",SRA1972785,,public,B6F97BD543EF754147800D1740A35B33,072477D902A1E9D7E7EB9CA591C08C12
SAMN43780642,SRR31249325,2024-11-06 13:20:08,2024-11-06 13:12:00,366509.0,105502346.0,366509.0,287.0,57.0,,https://sra-downloadb.be-md.ncbi.nlm.nih.gov/sos2/sra-pub-zq-20/SRR031/31249/SRR31249325/SRR31249325.lite.1,SRX26628737,TB038060164-GS,AMPLICON,PCR,GENOMIC,PAIRED,0.0,0.0,ILLUMINA,Illumina MiSeq,SRP532857,PRJNA1160005,,1160005.0,SRS22658064,SAMN43780642,simple,1773.0,Mycobacterium tuberculosis,TB038060164,,,,,,,no,,,,,"FIND, THE FOUNDATION FOR INNOVATIVE NEW DIAGNOSTICS",SRA2008967,,public,B2997FC2EE2F21DE7787E1B61A672986,281B6B8E5A7219ED8F004186FBEB2D48
SAMN43780642,SRR31554023,2024-11-29 15:49:01,2024-11-29 14:12:50,6841.0,3004684.0,0.0,439.0,2.0,,https://sra-pub-run-odp.s3.amazonaws.com/sra/SRR31554023/SRR31554023,SRX26920008,TB038060164-ONT,AMPLICON,PCR,GENOMIC,SINGLE,0.0,0.0,OXFORD_NANOPORE,MinION,SRP532857,PRJNA1160005,,1160005.0,SRS22658064,SAMN43780642,simple,1773.0,Mycobacterium tuberculosis,TB038060164,,,,,,,no,,,,,"FIND, THE FOUNDATION FOR INNOVATIVE NEW DIAGNOSTICS",SRA2024402,,public,71DC37B18227587ACC20C7666626A1E2,00AA6C13BB07DC5EE52F0AB32D2DFA6F
SAMN43780645,SRR30673212,2024-09-17 12:16:48,2024-09-16 04:53:45,1305939.0,351880876.0,1305939.0,269.0,89.0,,https://sra-downloadb.be-md.ncbi.nlm.nih.gov/sos6/sra-pub-zq-40/SRR030/30673/SRR30673212/SRR30673212.lite.1,SRX26091749,TB038060167-WGS,WGS,RANDOM,GENOMIC,PAIRED,0.0,0.0,ILLUMINA,NextSeq 500,SRP532857,PRJNA1160005,,1160005.0,SRS22658068,SAMN43780645,simple,1773.0,Mycobacterium tuberculosis,TB038060167,,,,,,,no,,,,,"FIND, THE FOUNDATION FOR INNOVATIVE NEW DIAGNOSTICS",SRA1972785,,public,7DCDBB2A14E749270CF8242886B74A6A,B9BFCA2699311F63778A57AE4A98568A
SAMN43780645,SRR31249321,2024-11-06 13:20:08,2024-11-06 13:12:04,513037.0,150296315.0,513037.0,292.0,80.0,,https://sra-downloadb.be-md.ncbi.nlm.nih.gov/sos2/sra-pub-zq-20/SRR031/31249/SRR31249321/SRR31249321.lite.1,SRX26628741,TB038060167-GS,AMPLICON,PCR,GENOMIC,PAIRED,0.0,0.0,ILLUMINA,Illumina MiSeq,SRP532857,PRJNA1160005,,1160005.0,SRS22658068,SAMN43780645,simple,1773.0,Mycobacterium tuberculosis,TB038060167,,,,,,,no,,,,,"FIND, THE FOUNDATION FOR INNOVATIVE NEW DIAGNOSTICS",SRA2008967,,public,2B4797CBA940A41A227743195DB7DEA5,9BE40A98632444269799CF3ED46836B4
SAMN43780645,SRR31554130,2024-11-29 15:33:00,2024-11-29 14:12:50,8538.0,5316523.0,0.0,622.0,4.0,,https://sra-downloadb.be-md.ncbi.nlm.nih.gov/sos7/sra-pub-run-38/SRR031/31554/SRR31554130/SRR31554130.1,SRX26919879,TB038060167-ONT,AMPLICON,PCR,GENOMIC,SINGLE,0.0,0.0,OXFORD_NANOPORE,MinION,SRP532857,PRJNA1160005,,1160005.0,SRS22658068,SAMN43780645,simple,1773.0,Mycobacterium tuberculosis,TB038060167,,,,,,,no,,,,,"FIND, THE FOUNDATION FOR INNOVATIVE NEW DIAGNOSTICS",SRA2024402,,public,4F55936CEA7D77CD46ECA03E45868DEB,F3D1133B607D7A0964F7685896125648
SAMN43780652,SRR30673205,2024-09-17 12:16:48,2024-09-16 04:54:19,1419367.0,379852753.0,1419367.0,267.0,96.0,,https://sra-downloadb.be-md.ncbi.nlm.nih.gov/sos6/sra-pub-zq-40/SRR030/30673/SRR30673205/SRR30673205.lite.1,SRX26091756,TB038060174-WGS,WGS,RANDOM,GENOMIC,PAIRED,0.0,0.0,ILLUMINA,NextSeq 500,SRP532857,PRJNA1160005,,1160005.0,SRS22658073,SAMN43780652,simple,1773.0,Mycobacterium tuberculosis,TB038060174,,,,,,,no,,,,,"FIND, THE FOUNDATION FOR INNOVATIVE NEW DIAGNOSTICS",SRA1972785,,public,499374829BA2C94CC7C56D17CC398812,CDB7F78656B9E8768E591826DB212D6B
SAMN43780652,SRR31249314,2024-11-06 13:20:07,2024-11-06 13:12:00,429760.0,124167563.0,429760.0,288.0,62.0,,https://sra-downloadb.be-md.ncbi.nlm.nih.gov/sos2/sra-pub-zq-20/SRR031/31249/SRR31249314/SRR31249314.lite.1,SRX26628748,TB038060174-GS,AMPLICON,PCR,GENOMIC,PAIRED,0.0,0.0,ILLUMINA,Illumina MiSeq,SRP532857,PRJNA1160005,,1160005.0,SRS22658073,SAMN43780652,simple,1773.0,Mycobacterium tuberculosis,TB038060174,,,,,,,no,,,,,"FIND, THE FOUNDATION FOR INNOVATIVE NEW DIAGNOSTICS",SRA2008967,,public,B2EF85BF99687AF15B1262E855D3E3AA,52F5CBE8A54716C71AAF7EA50DCD2E9B
SAMN43780652,SRR31553742,2024-11-29 15:33:01,2024-11-29 14:07:40,2370.0,1138732.0,0.0,480.0,1.0,,https://sra-downloadb.be-md.ncbi.nlm.nih.gov/sos7/sra-pub-run-38/SRR031/31553/SRR31553742/SRR31553742.1,SRX26919880,TB038060174-ONT,AMPLICON,PCR,GENOMIC,SINGLE,0.0,0.0,OXFORD_NANOPORE,MinION,SRP532857,PRJNA1160005,,1160005.0,SRS22658073,SAMN43780652,simple,1773.0,Mycobacterium tuberculosis,TB038060174,,,,,,,no,,,,,"FIND, THE FOUNDATION FOR INNOVATIVE NEW DIAGNOSTICS",SRA2024402,,public,92E1B1AD95237E85C51378BA0D8DBF7D,C73B3C025DB22D40B2C0B0415BE8DC99
SAMN43780650,SRR30673207,2024-09-17 12:16:48,2024-09-16 04:53:48,1502234.0,421707780.0,1502234.0,280.0,106.0,,https://sra-downloadb.be-md.ncbi.nlm.nih.gov/sos6/sra-pub-zq-40/SRR030/30673/SRR30673207/SRR30673207.lite.1,SRX26091754,TB038060172-WGS,WGS,RANDOM,GENOMIC,PAIRED,0.0,0.0,ILLUMINA,NextSeq 500,SRP532857,PRJNA1160005,,1160005.0,SRS22658072,SAMN43780650,simple,1773.0,Mycobacterium tuberculosis,TB038060172,,,,,,,no,,,,,"FIND, THE FOUNDATION FOR INNOVATIVE NEW DIAGNOSTICS",SRA1972785,,public,72E9255983C2009E4920418C1C204A6C,4139641B8B330A4B7E3B8F1AE3836833
SAMN43780650,SRR31249316,2024-11-06 13:20:07,2024-11-06 13:12:25,469259.0,135485559.0,469259.0,288.0,69.0,,https://sra-downloadb.be-md.ncbi.nlm.nih.gov/sos2/sra-pub-zq-20/SRR031/31249/SRR31249316/SRR31249316.lite.1,SRX26628746,TB038060172-GS,AMPLICON,PCR,GENOMIC,PAIRED,0.0,0.0,ILLUMINA,Illumina MiSeq,SRP532857,PRJNA1160005,,1160005.0,SRS22658072,SAMN43780650,simple,1773.0,Mycobacterium tuberculosis,TB038060172,,,,,,,no,,,,,"FIND, THE FOUNDATION FOR INNOVATIVE NEW DIAGNOSTICS",SRA2008967,,public,2AD27DEC715ED530F34A2319174710CD,91B570122DF0D33EECC4970DA50138F5
SAMN43780650,SRR31554252,2024-11-29 15:32:40,2024-11-29 14:25:57,4779.0,2289908.0,0.0,479.0,2.0,,https://sra-pub-run-odp.s3.amazonaws.com/sra/SRR31554252/SRR31554252,SRX26920439,TB038060172-ONT,AMPLICON,PCR,GENOMIC,SINGLE,0.0,0.0,OXFORD_NANOPORE,MinION,SRP532857,PRJNA1160005,,1160005.0,SRS22658072,SAMN43780650,simple,1773.0,Mycobacterium tuberculosis,TB038060172,,,,,,,no,,,,,"FIND, THE FOUNDATION FOR INNOVATIVE NEW DIAGNOSTICS",SRA2024402,,public,CB1EE43D71E711DE3E97C4BF4DF7A538,AD1F6B7BDEAFB448767F00FD4C9CDC15
SAMN43780654,SRR30673202,2024-09-17 12:16:49,2024-09-16 04:53:45,1295614.0,357731857.0,1295614.0,276.0,90.0,,https://sra-downloadb.be-md.ncbi.nlm.nih.gov/sos6/sra-pub-zq-40/SRR030/30673/SRR30673202/SRR30673202.lite.1,SRX26091759,TB038060176-WGS,WGS,RANDOM,GENOMIC,PAIRED,0.0,0.0,ILLUMINA,NextSeq 500,SRP532857,PRJNA1160005,,1160005.0,SRS22658077,SAMN43780654,simple,1773.0,Mycobacterium tuberculosis,TB038060176,,,,,,,no,,,,,"FIND, THE FOUNDATION FOR INNOVATIVE NEW DIAGNOSTICS",SRA1972785,,public,828BD09154DB979132832159AF6C19FE,820AAA0D5594A1ABEB082FEDEAC49151
SAMN43780654,SRR31249147,2024-11-06 13:19:49,2024-11-06 13:11:51,386099.0,112563595.0,386099.0,291.0,57.0,,https://sra-downloadb.be-md.ncbi.nlm.nih.gov/sos2/sra-pub-zq-20/SRR031/31249/SRR31249147/SRR31249147.lite.1,SRX26628915,TB038060176-GS,AMPLICON,PCR,GENOMIC,PAIRED,0.0,0.0,ILLUMINA,Illumina MiSeq,SRP532857,PRJNA1160005,,1160005.0,SRS22658077,SAMN43780654,simple,1773.0,Mycobacterium tuberculosis,TB038060176,,,,,,,no,,,,,"FIND, THE FOUNDATION FOR INNOVATIVE NEW DIAGNOSTICS",SRA2008967,,public,0CD3030F8FFFF11AF9EC61D9619D2709,719176A2892013FE47716E8B0C0AE275
SAMN43780654,SRR31553892,2024-11-29 15:32:42,2024-11-29 14:16:57,71644.0,33032312.0,0.0,461.0,31.0,,https://sra-downloadb.be-md.ncbi.nlm.nih.gov/sos7/sra-pub-run-38/SRR031/31553/SRR31553892/SRR31553892.1,SRX26920193,TB038060176-ONT,AMPLICON,PCR,GENOMIC,SINGLE,0.0,0.0,OXFORD_NANOPORE,MinION,SRP532857,PRJNA1160005,,1160005.0,SRS22658077,SAMN43780654,simple,1773.0,Mycobacterium tuberculosis,TB038060176,,,,,,,no,,,,,"FIND, THE FOUNDATION FOR INNOVATIVE NEW DIAGNOSTICS",SRA2024402,,public,FFB06AD5708FBB59B06132E0AF64DCBF,25D78385D318C0E57E8C4872F0655F9C
SAMN43780668,SRR30673188,2024-09-17 12:16:49,2024-09-16 04:54:40,2884010.0,808805283.0,2884010.0,280.0,251.0,,https://sra-downloadb.be-md.ncbi.nlm.nih.gov/sos6/sra-pub-zq-40/SRR030/30673/SRR30673188/SRR30673188.lite.1,SRX26091773,TB038060190-WGS,WGS,RANDOM,GENOMIC,PAIRED,0.0,0.0,ILLUMINA,NextSeq 500,SRP532857,PRJNA1160005,,1160005.0,SRS22658091,SAMN43780668,simple,1773.0,Mycobacterium tuberculosis,TB038060190,,,,,,,no,,,,,"FIND, THE FOUNDATION FOR INNOVATIVE NEW DIAGNOSTICS",SRA1972785,,public,84FBD266C25AFEBF84F9121A7E27E752,05CC93B7FED527DEB4AEB92BC8306737
SAMN43780668,SRR31249134,2024-11-06 13:19:48,2024-11-06 13:11:48,212923.0,60780210.0,212923.0,285.0,31.0,,https://sra-downloadb.be-md.ncbi.nlm.nih.gov/sos2/sra-pub-zq-20/SRR031/31249/SRR31249134/SRR31249134.lite.1,SRX26628928,TB038060190-GS,AMPLICON,PCR,GENOMIC,PAIRED,0.0,0.0,ILLUMINA,Illumina MiSeq,SRP532857,PRJNA1160005,,1160005.0,SRS22658091,SAMN43780668,simple,1773.0,Mycobacterium tuberculosis,TB038060190,,,,,,,no,,,,,"FIND, THE FOUNDATION FOR INNOVATIVE NEW DIAGNOSTICS",SRA2008967,,public,1797665BD70BE0C8D534EF436BA57C1D,88FD382ADA1CD06FBD98C55D0733E132
SAMN43780668,SRR31554257,2024-11-29 15:33:00,2024-11-29 14:25:48,2517.0,1231961.0,0.0,489.0,1.0,,https://sra-pub-run-odp.s3.amazonaws.com/sra/SRR31554257/SRR31554257,SRX26919907,TB038060190-ONT,AMPLICON,PCR,GENOMIC,SINGLE,0.0,0.0,OXFORD_NANOPORE,MinION,SRP532857,PRJNA1160005,,1160005.0,SRS22658091,SAMN43780668,simple,1773.0,Mycobacterium tuberculosis,TB038060190,,,,,,,no,,,,,"FIND, THE FOUNDATION FOR INNOVATIVE NEW DIAGNOSTICS",SRA2024402,,public,91FF14499E259C0FEA9B29A850DD56AA,1FC2D479979E4C8F6123B38FA21C736B
SAMN43780672,SRR30673674,2024-09-17 12:17:12,2024-09-16 05:02:06,2411747.0,669784658.0,2411747.0,277.0,209.0,,https://sra-downloadb.be-md.ncbi.nlm.nih.gov/sos6/sra-pub-zq-40/SRR030/30673/SRR30673674/SRR30673674.lite.1,SRX26091959,TB038060194-WGS,WGS,RANDOM,GENOMIC,PAIRED,0.0,0.0,ILLUMINA,NextSeq 500,SRP532857,PRJNA1160005,,1160005.0,SRS22658277,SAMN43780672,simple,1773.0,Mycobacterium tuberculosis,TB038060194,,,,,,,no,,,,,"FIND, THE FOUNDATION FOR INNOVATIVE NEW DIAGNOSTICS",SRA1972785,,public,9FFF3B6066A26113D83C04C123DB352E,8ED6975AF35A28CC0BDA8BA019FD9D53
SAMN43780672,SRR31249130,2024-11-06 13:19:48,2024-11-06 13:12:20,309520.0,78874654.0,309520.0,254.0,39.0,,https://sra-downloadb.be-md.ncbi.nlm.nih.gov/sos2/sra-pub-zq-20/SRR031/31249/SRR31249130/SRR31249130.lite.1,SRX26628932,TB038060194-GS,AMPLICON,PCR,GENOMIC,PAIRED,0.0,0.0,ILLUMINA,Illumina MiSeq,SRP532857,PRJNA1160005,,1160005.0,SRS22658277,SAMN43780672,simple,1773.0,Mycobacterium tuberculosis,TB038060194,,,,,,,no,,,,,"FIND, THE FOUNDATION FOR INNOVATIVE NEW DIAGNOSTICS",SRA2008967,,public,4347DF95BAFC81AB3FC25954F85D9917,4BD64351D426F59F9312C27740DEFB4A
SAMN43780672,SRR31553984,2024-11-29 15:32:51,2024-11-29 14:12:44,241.0,28420.0,0.0,117.0,0.0,,https://sra-downloadb.be-md.ncbi.nlm.nih.gov/sos7/sra-pub-run-38/SRR031/31553/SRR31553984/SRR31553984.1,SRX26920089,TB038060194-ONT,AMPLICON,PCR,GENOMIC,SINGLE,0.0,0.0,OXFORD_NANOPORE,MinION,SRP532857,PRJNA1160005,,1160005.0,SRS22658277,SAMN43780672,simple,1773.0,Mycobacterium tuberculosis,TB038060194,,,,,,,no,,,,,"FIND, THE FOUNDATION FOR INNOVATIVE NEW DIAGNOSTICS",SRA2024402,,public,5C66BCEB2B2712362D2AF8CEA2AA02C8,0550EA5205B1DDDF26C8F0D24B1E2031
SAMN43780674,SRR30673672,2024-09-17 12:17:21,2024-09-16 05:01:33,3476140.0,980900690.0,3476140.0,282.0,304.0,,https://sra-downloadb.be-md.ncbi.nlm.nih.gov/sos6/sra-pub-zq-40/SRR030/30673/SRR30673672/SRR30673672.lite.1,SRX26091961,TB038060196-WGS,WGS,RANDOM,GENOMIC,PAIRED,0.0,0.0,ILLUMINA,NextSeq 500,SRP532857,PRJNA1160005,,1160005.0,SRS22658279,SAMN43780674,simple,1773.0,Mycobacterium tuberculosis,TB038060196,,,,,,,no,,,,,"FIND, THE FOUNDATION FOR INNOVATIVE NEW DIAGNOSTICS",SRA1972785,,public,BF6B7293161163AAFE0F1A508B45E4B3,095791619F99E30C5436C1F9E729E1A6
SAMN43780674,SRR31249128,2024-11-06 13:19:47,2024-11-06 13:11:48,274176.0,79391194.0,274176.0,289.0,40.0,,https://sra-downloadb.be-md.ncbi.nlm.nih.gov/sos2/sra-pub-zq-20/SRR031/31249/SRR31249128/SRR31249128.lite.1,SRX26628934,TB038060196-GS,AMPLICON,PCR,GENOMIC,PAIRED,0.0,0.0,ILLUMINA,Illumina MiSeq,SRP532857,PRJNA1160005,,1160005.0,SRS22658279,SAMN43780674,simple,1773.0,Mycobacterium tuberculosis,TB038060196,,,,,,,no,,,,,"FIND, THE FOUNDATION FOR INNOVATIVE NEW DIAGNOSTICS",SRA2008967,,public,4CA2FF6DAE7B3AE1E0AFCD6EB89EADA0,D54A385450D2A02189C4DA9C2B770A19
SAMN43780674,SRR31553601,2024-11-29 15:49:01,2024-11-29 13:58:51,44.0,7580.0,0.0,172.0,0.0,,https://sra-pub-run-odp.s3.amazonaws.com/sra/SRR31553601/SRR31553601,SRX26919852,TB038060196-ONT,AMPLICON,PCR,GENOMIC,SINGLE,0.0,0.0,OXFORD_NANOPORE,MinION,SRP532857,PRJNA1160005,,1160005.0,SRS22658279,SAMN43780674,simple,1773.0,Mycobacterium tuberculosis,TB038060196,,,,,,,no,,,,,"FIND, THE FOUNDATION FOR INNOVATIVE NEW DIAGNOSTICS",SRA2024402,,public,2FC64E6F7D984E07BC9B0B28CEE1544F,6346B836A52E3B5E1C4F923954B913CD
SAMN43780683,SRR30673662,2024-09-17 12:17:16,2024-09-16 05:01:59,1599592.0,457451670.0,1599592.0,285.0,143.0,,https://sra-downloadb.be-md.ncbi.nlm.nih.gov/sos6/sra-pub-zq-40/SRR030/30673/SRR30673662/SRR30673662.lite.1,SRX26091971,TB038060205-WGS,WGS,RANDOM,GENOMIC,PAIRED,0.0,0.0,ILLUMINA,NextSeq 500,SRP532857,PRJNA1160005,,1160005.0,SRS22658289,SAMN43780683,simple,1773.0,Mycobacterium tuberculosis,TB038060205,,,,,,,no,,,,,"FIND, THE FOUNDATION FOR INNOVATIVE NEW DIAGNOSTICS",SRA1972785,,public,78941CB51FF1A795CF2480BAB7442C2C,F77C3A3C601B3CCEC46A52909019D265
SAMN43780683,SRR31249118,2024-11-06 13:26:10,2024-11-06 13:11:42,268660.0,75375848.0,268660.0,280.0,37.0,,https://sra-downloadb.be-md.ncbi.nlm.nih.gov/sos2/sra-pub-zq-20/SRR031/31249/SRR31249118/SRR31249118.lite.1,SRX26628944,TB038060205-GS,AMPLICON,PCR,GENOMIC,PAIRED,0.0,0.0,ILLUMINA,Illumina MiSeq,SRP532857,PRJNA1160005,,1160005.0,SRS22658289,SAMN43780683,simple,1773.0,Mycobacterium tuberculosis,TB038060205,,,,,,,no,,,,,"FIND, THE FOUNDATION FOR INNOVATIVE NEW DIAGNOSTICS",SRA2008967,,public,DDFEB9C58BD77C1C461675E5A4B73161,C09F3AD22FBBD1E8A6D1DC01F35BEDF7
SAMN43780683,SRR31553974,2024-11-29 15:32:52,2024-11-29 14:17:20,120107.0,58103921.0,0.0,483.0,54.0,,https://sra-downloadb.be-md.ncbi.nlm.nih.gov/sos7/sra-pub-run-38/SRR031/31553/SRR31553974/SRR31553974.1,SRX26920096,TB038060205-ONT,AMPLICON,PCR,GENOMIC,SINGLE,0.0,0.0,OXFORD_NANOPORE,MinION,SRP532857,PRJNA1160005,,1160005.0,SRS22658289,SAMN43780683,simple,1773.0,Mycobacterium tuberculosis,TB038060205,,,,,,,no,,,,,"FIND, THE FOUNDATION FOR INNOVATIVE NEW DIAGNOSTICS",SRA2024402,,public,0B012FCDB36351F0C2B1C49C1EFC5C50,A1A4A07DC1BD1DFDC4B3FE0A1B33EF8F
SAMN43780687,SRR30673660,2024-09-17 12:17:17,2024-09-16 05:02:17,3223151.0,883714387.0,3223151.0,274.0,274.0,,https://sra-downloadb.be-md.ncbi.nlm.nih.gov/sos6/sra-pub-zq-40/SRR030/30673/SRR30673660/SRR30673660.lite.1,SRX26091973,TB038060209-WGS,WGS,RANDOM,GENOMIC,PAIRED,0.0,0.0,ILLUMINA,NextSeq 500,SRP532857,PRJNA1160005,,1160005.0,SRS22658292,SAMN43780687,simple,1773.0,Mycobacterium tuberculosis,TB038060209,,,,,,,no,,,,,"FIND, THE FOUNDATION FOR INNOVATIVE NEW DIAGNOSTICS",SRA1972785,,public,7894C93C465D9EBB2869B7D8F492ABAE,51CCAC725281BB56661532EC13EDE18D
SAMN43780687,SRR31248956,2024-11-06 13:26:08,2024-11-06 13:11:43,263197.0,73182000.0,263197.0,278.0,37.0,,https://sra-downloadb.be-md.ncbi.nlm.nih.gov/sos2/sra-pub-zq-20/SRR031/31248/SRR31248956/SRR31248956.lite.1,SRX26628698,TB038060209-GS,AMPLICON,PCR,GENOMIC,PAIRED,0.0,0.0,ILLUMINA,Illumina MiSeq,SRP532857,PRJNA1160005,,1160005.0,SRS22658292,SAMN43780687,simple,1773.0,Mycobacterium tuberculosis,TB038060209,,,,,,,no,,,,,"FIND, THE FOUNDATION FOR INNOVATIVE NEW DIAGNOSTICS",SRA2008967,,public,3CE30F1B3761B997A9DEA6ECF0CB2BE6,7C9C5D93071F36566044561B7103AF2E
SAMN43780687,SRR31554082,2024-11-29 15:32:37,2024-11-29 14:17:16,146702.0,82460758.0,0.0,562.0,76.0,,https://sra-downloadb.be-md.ncbi.nlm.nih.gov/sos7/sra-pub-run-38/SRR031/31554/SRR31554082/SRR31554082.1,SRX26920277,TB038060209-ONT,AMPLICON,PCR,GENOMIC,SINGLE,0.0,0.0,OXFORD_NANOPORE,MinION,SRP532857,PRJNA1160005,,1160005.0,SRS22658292,SAMN43780687,simple,1773.0,Mycobacterium tuberculosis,TB038060209,,,,,,,no,,,,,"FIND, THE FOUNDATION FOR INNOVATIVE NEW DIAGNOSTICS",SRA2024402,,public,1621B6540A64E6F7476F2A6B8DC35C2F,2496C916B47083C150F33F6C1639FC5F
SAMN43780689,SRR30673658,2024-09-17 12:17:15,2024-09-16 05:01:52,1856611.0,553270078.0,1856611.0,298.0,243.0,,https://sra-downloadb.be-md.ncbi.nlm.nih.gov/sos6/sra-pub-zq-40/SRR030/30673/SRR30673658/SRR30673658.lite.1,SRX26091975,TB038060211-WGS,WGS,RANDOM,GENOMIC,PAIRED,0.0,0.0,ILLUMINA,NextSeq 500,SRP532857,PRJNA1160005,,1160005.0,SRS22658291,SAMN43780689,simple,1773.0,Mycobacterium tuberculosis,TB038060211,,,,,,,no,,,,,"FIND, THE FOUNDATION FOR INNOVATIVE NEW DIAGNOSTICS",SRA1972785,,public,451E28DCD5C5A4D2E06B58FA9466F59A,BAC3C5D079ED80B392E6D4B374F0A5A3
SAMN43780689,SRR31248954,2024-11-06 13:26:07,2024-11-06 13:11:37,430428.0,118110351.0,430428.0,274.0,57.0,,https://sra-downloadb.be-md.ncbi.nlm.nih.gov/sos2/sra-pub-zq-20/SRR031/31248/SRR31248954/SRR31248954.lite.1,SRX26628700,TB038060211-GS,AMPLICON,PCR,GENOMIC,PAIRED,0.0,0.0,ILLUMINA,Illumina MiSeq,SRP532857,PRJNA1160005,,1160005.0,SRS22658291,SAMN43780689,simple,1773.0,Mycobacterium tuberculosis,TB038060211,,,,,,,no,,,,,"FIND, THE FOUNDATION FOR INNOVATIVE NEW DIAGNOSTICS",SRA2008967,,public,762EC93AE180EFEC23A0C8BE6747FAC4,05C3296F930963BCCC1F3986B927950D
SAMN43780689,SRR31554083,2024-11-29 15:32:43,2024-11-29 14:17:05,93183.0,42471461.0,0.0,455.0,40.0,,https://sra-downloadb.be-md.ncbi.nlm.nih.gov/sos7/sra-pub-run-38/SRR031/31554/SRR31554083/SRR31554083.1,SRX26920268,TB038060211-ONT,AMPLICON,PCR,GENOMIC,SINGLE,0.0,0.0,OXFORD_NANOPORE,MinION,SRP532857,PRJNA1160005,,1160005.0,SRS22658291,SAMN43780689,simple,1773.0,Mycobacterium tuberculosis,TB038060211,,,,,,,no,,,,,"FIND, THE FOUNDATION FOR INNOVATIVE NEW DIAGNOSTICS",SRA2024402,,public,BE8B17B7FA1A4A85B684452F8E827AAA,2EC8163E3A8242D04BB28166030EDAA8
SAMN43780695,SRR30673653,2024-09-17 12:17:09,2024-09-16 05:01:50,2261951.0,674061398.0,2261951.0,298.0,297.0,,https://sra-downloadb.be-md.ncbi.nlm.nih.gov/sos6/sra-pub-zq-40/SRR030/30673/SRR30673653/SRR30673653.lite.1,SRX26091980,TB038060217-WGS,WGS,RANDOM,GENOMIC,PAIRED,0.0,0.0,ILLUMINA,NextSeq 500,SRP532857,PRJNA1160005,,1160005.0,SRS22658298,SAMN43780695,simple,1773.0,Mycobacterium tuberculosis,TB038060217,,,,,,,no,,,,,"FIND, THE FOUNDATION FOR INNOVATIVE NEW DIAGNOSTICS",SRA1972785,,public,798BF9E38EEE3A48E6DD5CA4A736F8D5,164D17706BC9DE59DFB1219AD2CB98BE
SAMN43780695,SRR31248949,2024-11-06 13:26:22,2024-11-06 13:11:13,281066.0,81603893.0,281066.0,290.0,39.0,,https://sra-downloadb.be-md.ncbi.nlm.nih.gov/sos2/sra-pub-zq-20/SRR031/31248/SRR31248949/SRR31248949.lite.1,SRX26628705,TB038060217-GS,AMPLICON,PCR,GENOMIC,PAIRED,0.0,0.0,ILLUMINA,Illumina MiSeq,SRP532857,PRJNA1160005,,1160005.0,SRS22658298,SAMN43780695,simple,1773.0,Mycobacterium tuberculosis,TB038060217,,,,,,,no,,,,,"FIND, THE FOUNDATION FOR INNOVATIVE NEW DIAGNOSTICS",SRA2008967,,public,922343D458503F3A711F553029D148F3,AC25A0AC8B77A4EB25F0D8B691B77F49
SAMN43780695,SRR31553986,2024-11-29 15:32:52,2024-11-29 14:19:57,166459.0,114133489.0,0.0,685.0,103.0,,https://sra-downloadb.be-md.ncbi.nlm.nih.gov/sos7/sra-pub-run-38/SRR031/31553/SRR31553986/SRR31553986.1,SRX26920087,TB038060217-ONT,AMPLICON,PCR,GENOMIC,SINGLE,0.0,0.0,OXFORD_NANOPORE,MinION,SRP532857,PRJNA1160005,,1160005.0,SRS22658298,SAMN43780695,simple,1773.0,Mycobacterium tuberculosis,TB038060217,,,,,,,no,,,,,"FIND, THE FOUNDATION FOR INNOVATIVE NEW DIAGNOSTICS",SRA2024402,,public,C7B9AAF172B9ED93AC100E37AB72A897,698DBD728C760ADB7197B222085BB464
