sample_id,phenotypic_category,phenotype
6993,ALL,0
8598,ALL,0
9490,WHO,0
14103,WHO,0
15779,WHO,0
16045,WHO,0
16735,WHO,0
17171,WHO,0
17853,WHO,1
18194,WHO,0
18712,WHO,0
19263,WHO,0
19633,WHO,0
19969,WHO,1
45421,WHO,1
45428,WHO,0
45474,WHO,0
45606,WHO,1
50061,WHO,1
52707,WHO,0
52721,WHO,0
53669,WHO,1
53684,WHO,0
53929,WHO,1
54922,WHO,0
54960,WHO,0
55042,WHO,0
55073,WHO,0
55171,WHO,0
55239,WHO,0
55282,WHO,0
55485,WHO,0
55781,WHO,0
55786,WHO,0
55847,WHO,0
55963,WHO,0
56045,WHO,0
56673,WHO,0
56728,WHO,0
57376,WHO,0
57436,WHO,0
57692,WHO,0
57784,WHO,1
61756,WHO,0
62098,WHO,0
64622,WHO,0
64718,WHO,0
64780,WHO,0
65009,WHO,0
65078,WHO,0
65117,WHO,0
65173,WHO,0
65441,WHO,0
65647,WHO,0
65782,WHO,0
76236,WHO,1
77931,WHO,0
78327,WHO,0
88113,WHO,1
97104,WHO,0
97423,WHO,0
97877,WHO,0
107574,WHO,1
107604,WHO,1
126403,WHO,0
135012,WHO,0
135272,WHO,0
135607,WHO,0
136291,WHO,0
136302,WHO,0
136497,WHO,0
136578,WHO,0
136626,WHO,0
136724,WHO,0
137201,WHO,1
137291,WHO,0
137518,WHO,0
137654,WHO,1
138718,WHO,1
139716,WHO,0
139866,WHO,0
139877,WHO,0
140344,WHO,1
140503,WHO,0
147613,ALL,1
147723,ALL,0
147772,ALL,0
147873,ALL,0
147911,ALL,0
148020,ALL,0
148084,ALL,0
148351,ALL,0
148490,ALL,1
150566,WHO,0
151691,WHO,0
151863,WHO,0
155010,ALL,1
155520,WHO,1
164466,WHO,0
165140,WHO,1
165404,WHO,1
165500,WHO,1
166332,WHO,0
167489,WHO,0
167761,WHO,0
167771,WHO,1
169121,WHO,0
169505,WHO,0
169603,WHO,0
169682,WHO,0
169696,WHO,0
169705,WHO,1
169788,WHO,0
170072,WHO,0
170116,WHO,0
171593,WHO,0
171873,WHO,0
171931,WHO,0
173260,WHO,0
173389,WHO,0
173473,WHO,0
174825,ALL,0
179010,WHO,1
179542,WHO,0
179664,WHO,0
179773,WHO,0
179934,WHO,0
181200,WHO,0
181382,WHO,0
181455,WHO,0
181559,WHO,0
181596,WHO,0
374676,ALL,0
699931,WHO,0
699998,WHO,0
700003,WHO,0
705492,WHO,1
705575,WHO,1
729398,WHO,0
739124,WHO,1
739242,WHO,1
810006,WHO,0
810101,WHO,0
810122,WHO,0
810354,WHO,0
810403,WHO,0
812530,WHO,1
812640,WHO,0
812643,WHO,1
812683,WHO,1
820901,WHO,1
888292,WHO,0
900,WHO,0
13528,WHO,0
14356,WHO,0
14607,WHO,0
15974,WHO,0
16497,WHO,0
16921,WHO,0
17279,WHO,0
19605,WHO,0
19792,WHO,0
19826,WHO,0
45554,WHO,0
45609,WHO,1
50032,WHO,1
50381,WHO,1
52458,WHO,0
52634,WHO,0
52660,WHO,0
52755,WHO,0
53310,WHO,1
53791,WHO,0
54276,WHO,1
54399,WHO,0
54636,WHO,0
54996,WHO,0
55245,WHO,0
55289,WHO,0
55552,WHO,0
55645,WHO,0
55854,WHO,0
56245,WHO,0
56337,WHO,0
56472,WHO,0
56606,WHO,0
56712,WHO,0
57122,WHO,0
57329,WHO,0
57491,WHO,0
57527,WHO,0
57563,WHO,0
57780,WHO,1
64715,WHO,1
64922,WHO,0
65018,WHO,0
65112,WHO,0
65174,WHO,0
65353,WHO,0
65412,WHO,0
65422,WHO,0
65494,WHO,0
76139,WHO,0
76159,WHO,0
77901,WHO,0
78113,WHO,0
78126,WHO,0
78187,WHO,0
78208,WHO,0
88115,WHO,1
98044,WHO,0
98147,WHO,0
101780,WHO,1
117728,WHO,0
135396,WHO,0
136218,WHO,0
136535,WHO,0
136730,WHO,0
136754,WHO,0
137445,WHO,0
137480,WHO,0
137744,WHO,0
137830,WHO,0
137990,WHO,1
138158,WHO,0
139511,WHO,0
139553,WHO,0
139800,WHO,0
139839,WHO,0
140573,WHO,0
140716,WHO,0
140760,WHO,0
140772,WHO,0
141239,WHO,1
141400,WHO,0
146863,WHO,1
147213,ALL,1
147572,ALL,1
148380,ALL,1
148397,ALL,1
150678,WHO,0
151346,WHO,0
155638,WHO,1
155662,WHO,0
166085,WHO,0
166309,WHO,1
167777,WHO,1
168411,WHO,0
168747,WHO,0
169993,WHO,0
171344,WHO,0
171572,WHO,0
171578,WHO,1
171876,WHO,0
178061,WHO,0
178112,WHO,1
178354,WHO,1
178436,WHO,1
178568,WHO,0
178594,WHO,1
178612,WHO,0
179519,WHO,0
179563,WHO,0
179769,WHO,0
179904,WHO,0
180410,WHO,1
181244,WHO,0
181278,WHO,0
181626,WHO,0
707407,WHO,0
729483,WHO,0
729484,WHO,0
739196,WHO,0
808396,WHO,1
808722,WHO,0
810356,WHO,0
812521,WHO,0
812534,WHO,0
843034,WHO,0
888340,WHO,1
892537,WHO,0
6955,ALL,0
8583,ALL,1
9468,WHO,1
12221,WHO,0
13304,WHO,0
15917,WHO,0
16120,WHO,0
17656,WHO,0
34733,WHO,0
34763,WHO,1
36878,WHO,0
45427,WHO,1
45541,WHO,0
45562,WHO,0
50374,WHO,0
52350,WHO,0
52647,WHO,0
52794,WHO,0
53503,WHO,1
53715,WHO,0
53999,WHO,0
54133,WHO,0
54634,WHO,0
54674,WHO,0
54988,WHO,0
55020,WHO,0
55062,WHO,0
55116,WHO,0
55281,WHO,0
55359,WHO,0
55683,WHO,0
56087,WHO,0
56219,WHO,0
56480,WHO,0
57278,WHO,0
57391,WHO,0
57426,WHO,0
57654,WHO,0
57672,WHO,0
64616,WHO,0
64673,WHO,0
64700,WHO,0
64707,WHO,0
64850,WHO,0
64983,WHO,0
65023,WHO,0
65191,WHO,0
65308,WHO,0
65379,WHO,0
65516,WHO,1
65536,WHO,0
65587,WHO,0
65623,WHO,0
78119,WHO,0
96660,WHO,0
96806,WHO,0
96875,WHO,0
117576,WHO,0
119645,WHO,1
122171,ALL,1
124846,WHO,0
128664,WHO,1
135657,WHO,0
136385,WHO,0
136722,WHO,0
136917,WHO,0
136924,WHO,0
136925,WHO,0
137022,WHO,0
137280,WHO,0
137343,WHO,1
138042,WHO,0
139719,WHO,0
139856,WHO,0
140572,WHO,0
140799,WHO,0
141382,WHO,0
147230,ALL,0
147597,ALL,1
148218,ALL,0
150205,WHO,0
150504,WHO,0
150529,WHO,0
150568,WHO,1
150579,WHO,0
150855,WHO,0
151313,WHO,0
151371,WHO,0
151806,WHO,0
155682,WHO,1
164996,WHO,0
165406,WHO,0
165437,WHO,1
167946,WHO,0
168436,WHO,0
168566,WHO,0
168715,WHO,0
168928,WHO,0
169634,WHO,0
169665,WHO,0
169748,WHO,0
170203,WHO,0
171382,WHO,0
171476,WHO,0
171533,WHO,0
171665,WHO,0
177604,WHO,1
177975,WHO,0
178948,WHO,0
178982,WHO,0
179753,WHO,0
180369,WHO,1
181303,WHO,0
182105,WHO,0
705474,WHO,0
705554,WHO,0
705562,WHO,0
705576,WHO,0
713452,WHO,1
713459,WHO,0
725681,WHO,1
729304,WHO,0
729390,WHO,0
808752,WHO,1
810117,WHO,0
810481,WHO,0
812617,WHO,1
812654,WHO,0
828772,WHO,0
906,WHO,0
8570,ALL,1
9515,WHO,0
12174,WHO,0
12504,WHO,0
12666,WHO,1
13572,WHO,0
14172,WHO,0
14862,WHO,0
16320,WHO,0
16549,WHO,0
17715,WHO,0
19118,WHO,0
19443,WHO,0
19680,WHO,0
22237,ALL,0
46790,WHO,1
50057,WHO,1
52322,WHO,0
52525,WHO,1
52531,WHO,0
52821,WHO,0
53453,WHO,0
53655,WHO,0
53741,WHO,0
53815,WHO,0
53936,WHO,0
54211,WHO,0
54405,WHO,0
54579,WHO,0
54997,WHO,1
55736,WHO,0
55873,WHO,0
56007,WHO,0
56385,WHO,0
56394,WHO,0
56547,WHO,0
56767,WHO,0
56838,WHO,0
56910,WHO,0
57058,WHO,0
57311,WHO,0
57466,WHO,0
61749,WHO,1
62147,WHO,1
64859,WHO,0
65096,WHO,1
65462,WHO,0
65541,WHO,1
65625,WHO,0
76149,WHO,0
77930,WHO,0
79983,WHO,0
85434,WHO,1
96720,WHO,0
98148,WHO,0
101554,WHO,0
107272,WHO,0
135328,WHO,0
136709,WHO,1
136800,WHO,0
137015,WHO,0
137024,WHO,0
137760,WHO,1
137879,WHO,0
138166,WHO,0
139569,WHO,0
139700,WHO,0
140528,WHO,0
140625,WHO,0
140629,WHO,0
140678,WHO,0
147225,ALL,1
147238,ALL,1
147470,ALL,1
147531,ALL,1
147820,ALL,0
147930,ALL,1
147978,ALL,1
148180,ALL,0
150207,WHO,0
150240,WHO,0
150481,WHO,0
150516,WHO,0
150600,WHO,0
150719,WHO,0
150742,WHO,0
150839,WHO,0
151858,WHO,0
151869,WHO,0
155485,WHO,1
155550,WHO,1
164415,WHO,0
164804,WHO,1
165020,WHO,1
165722,WHO,0
165925,WHO,1
166123,WHO,1
166355,WHO,0
166576,WHO,1
168289,WHO,0
168523,WHO,0
169135,WHO,0
169187,WHO,0
169212,WHO,0
169909,WHO,0
169925,WHO,0
169990,WHO,0
170064,WHO,0
170103,WHO,0
170273,WHO,0
171380,WHO,0
171546,WHO,0
171574,WHO,0
171865,WHO,0
173400,WHO,0
173482,WHO,0
178379,WHO,0
178425,WHO,0
178526,WHO,0
178575,WHO,0
178648,WHO,0
179469,WHO,0
179693,WHO,0
180454,WHO,0
180531,WHO,1
181142,WHO,0
181309,WHO,0
181343,WHO,0
181478,WHO,0
182114,WHO,0
182321,WHO,0
182359,WHO,0
705450,WHO,1
739123,WHO,0
739173,WHO,1
808363,WHO,0
808389,WHO,0
808397,WHO,0
810020,WHO,0
810094,WHO,0
810260,WHO,0
810371,WHO,0
812547,WHO,1
820861,WHO,0
914,WHO,0
12473,WHO,0
16791,WHO,0
17355,WHO,0
18039,WHO,0
18955,WHO,0
19798,WHO,0
34285,WHO,1
45513,WHO,0
50372,WHO,0
52396,WHO,0
52407,WHO,0
52480,WHO,0
52524,WHO,0
52623,WHO,0
52800,WHO,0
52813,WHO,0
53416,WHO,1
54209,WHO,1
54307,WHO,0
54343,WHO,0
54365,WHO,0
55385,WHO,0
55599,WHO,0
55738,WHO,0
55778,WHO,0
55869,WHO,0
55900,WHO,0
55915,WHO,0
55965,WHO,0
56260,WHO,0
56384,WHO,0
56434,WHO,0
56531,WHO,0
56545,WHO,0
56558,WHO,0
56652,WHO,0
56661,WHO,0
57143,WHO,0
57156,WHO,0
57175,WHO,0
57177,WHO,0
57230,WHO,0
57315,WHO,0
57479,WHO,0
57532,WHO,0
57665,WHO,0
57729,WHO,0
58563,WHO,1
58618,WHO,1
62016,WHO,1
64918,WHO,0
64995,WHO,0
65024,WHO,1
65043,WHO,0
65086,WHO,0
65171,WHO,0
65480,WHO,0
65539,WHO,0
65545,WHO,1
78217,WHO,0
79927,WHO,0
88124,WHO,1
96810,WHO,0
97443,WHO,0
98200,WHO,0
107430,WHO,0
107583,WHO,1
124728,WHO,0
124804,WHO,1
124911,WHO,0
124961,WHO,0
126361,WHO,0
135492,WHO,0
135776,WHO,0
136395,WHO,1
136711,WHO,0
137018,WHO,0
137039,WHO,0
137162,WHO,0
137198,WHO,0
137304,WHO,1
137414,WHO,0
138646,WHO,1
139550,WHO,0
139698,WHO,0
139764,WHO,0
139790,WHO,0
147201,ALL,0
147427,ALL,1
147505,ALL,0
147908,ALL,1
147964,ALL,1
148021,ALL,0
148029,ALL,1
148191,ALL,0
148268,ALL,1
150067,WHO,0
150147,WHO,0
150492,WHO,0
150684,WHO,0
150708,WHO,0
150784,WHO,0
150879,WHO,0
151099,WHO,0
151118,WHO,0
151140,WHO,0
151307,WHO,0
155476,WHO,1
155603,WHO,1
166579,WHO,1
166633,WHO,0
167287,WHO,0
168128,WHO,1
168686,WHO,0
168995,WHO,0
169720,WHO,0
169995,WHO,0
170169,WHO,0
171406,WHO,0
171416,WHO,0
171475,WHO,0
171800,WHO,0
171883,WHO,0
171919,WHO,0
173408,WHO,0
173422,WHO,0
173446,WHO,0
173576,WHO,0
174396,WHO,0
174870,ALL,0
177608,WHO,0
177940,WHO,1
178408,WHO,0
178451,WHO,0
179709,WHO,0
180433,WHO,0
181162,WHO,0
181173,WHO,0
181487,WHO,0
182941,WHO,0
182945,WHO,0
705359,WHO,0
705382,WHO,0
705392,WHO,0
708253,WHO,1
810017,WHO,0
810171,WHO,0
810245,WHO,0
810292,WHO,0
810349,WHO,0
810551,WHO,0
812701,WHO,1
6915,ALL,0
8604,ALL,0
13277,WHO,0
13827,WHO,0
16561,WHO,0
17666,WHO,0
18728,WHO,0
19300,WHO,0
19750,WHO,0
34791,WHO,1
45454,WHO,0
47502,WHO,0
52431,WHO,0
52468,WHO,0
52808,WHO,0
53474,WHO,1
53631,WHO,1
53954,WHO,0
53971,WHO,0
54346,WHO,1
54373,WHO,0
54609,WHO,1
54820,WHO,0
54823,WHO,1
54962,WHO,0
55114,WHO,0
55250,WHO,0
55535,WHO,0
56317,WHO,0
56530,WHO,0
56534,WHO,0
56603,WHO,0
56608,WHO,0
56753,WHO,0
56813,WHO,0
56820,WHO,0
57035,WHO,0
57067,WHO,0
57366,WHO,0
57437,WHO,0
57486,WHO,0
57553,WHO,0
58557,WHO,1
62099,WHO,0
64643,WHO,0
64680,WHO,0
64839,WHO,0
65219,WHO,0
65653,WHO,0
78321,WHO,0
79908,WHO,0
96679,WHO,0
96774,WHO,0
97301,WHO,0
97326,WHO,0
107277,WHO,0
107563,WHO,0
117581,WHO,0
122155,WHO,0
124807,WHO,0
135342,WHO,0
136639,WHO,0
137008,WHO,0
137230,WHO,1
137952,WHO,0
139663,WHO,0
139779,WHO,0
140771,WHO,0
147487,ALL,1
147758,ALL,0
147883,ALL,1
148119,ALL,0
148337,ALL,0
150423,WHO,0
150840,WHO,0
151057,WHO,0
151320,WHO,0
151874,WHO,0
154923,ALL,1
154996,ALL,1
155569,WHO,0
164448,WHO,1
165727,WHO,0
165810,WHO,0
165917,WHO,1
166335,WHO,1
167149,WHO,1
167280,WHO,1
167382,WHO,0
167413,WHO,0
168532,WHO,0
169071,WHO,0
169537,WHO,0
169615,WHO,0
170126,WHO,0
171311,WHO,0
171418,WHO,0
171947,WHO,0
174375,WHO,0
177965,WHO,1
178044,WHO,0
178143,WHO,0
178454,WHO,0
179704,WHO,0
179746,WHO,0
179983,WHO,0
180425,WHO,0
181260,WHO,0
181264,WHO,0
181633,WHO,0
699982,WHO,0
700055,WHO,0
705351,WHO,1
705520,WHO,0
739205,WHO,1
810301,WHO,0
810324,WHO,0
810335,WHO,0
810402,WHO,0
810524,WHO,1
812577,WHO,1
812660,WHO,1
812684,WHO,1
843084,WHO,0
888267,WHO,1
888285,WHO,1
892512,WHO,1
828,WHO,1
6877,ALL,0
9494,WHO,0
13517,WHO,0
15769,WHO,0
16181,WHO,0
16579,WHO,0
17654,WHO,1
18325,WHO,0
34336,WHO,0
34595,WHO,0
45425,WHO,0
45547,WHO,0
52327,WHO,0
52346,WHO,0
52393,WHO,0
52413,WHO,1
52417,WHO,0
53873,WHO,0
53902,WHO,0
54116,WHO,0
54708,WHO,1
54838,WHO,0
54890,WHO,0
55521,WHO,0
56025,WHO,0
56130,WHO,0
56183,WHO,0
56199,WHO,0
56364,WHO,0
56573,WHO,0
56724,WHO,0
56998,WHO,1
57332,WHO,0
57462,WHO,0
57718,WHO,1
58608,WHO,0
61886,WHO,0
64487,WHO,0
64695,WHO,0
64740,WHO,0
64793,WHO,0
64840,WHO,0
64982,WHO,0
65003,WHO,0
65260,WHO,0
65287,WHO,0
65381,WHO,0
65566,WHO,0
65715,WHO,0
65733,WHO,0
78369,WHO,1
79920,WHO,0
97200,WHO,0
97434,WHO,0
98062,WHO,0
101695,WHO,0
117681,WHO,1
117750,WHO,1
135178,WHO,0
135536,WHO,0
135541,WHO,0
136257,WHO,1
136544,WHO,1
136611,WHO,0
136771,WHO,0
137332,WHO,0
137536,WHO,0
137636,WHO,0
138515,WHO,0
139753,WHO,0
139799,WHO,0
139872,WHO,0
147517,ALL,0
147847,ALL,0
147868,ALL,0
147984,ALL,0
148079,ALL,0
148155,ALL,1
148222,ALL,0
148401,ALL,0
150066,WHO,1
150530,WHO,0
150615,WHO,0
151123,WHO,0
155606,WHO,1
155668,WHO,1
164400,WHO,1
165385,WHO,0
165508,WHO,0
165918,WHO,0
166610,WHO,1
167079,WHO,0
167822,WHO,0
169057,WHO,0
169104,WHO,0
169630,WHO,0
169643,WHO,0
169869,WHO,0
169931,WHO,0
170145,WHO,0
170441,WHO,1
171316,WHO,0
171368,WHO,0
171383,WHO,0
171507,WHO,1
171658,WHO,0
171879,WHO,0
171889,WHO,0
173263,WHO,0
173369,WHO,0
173427,WHO,0
177971,WHO,1
178414,WHO,0
178994,WHO,0
179507,WHO,1
179701,WHO,0
179714,WHO,0
181545,WHO,0
181638,WHO,0
182090,WHO,0
182426,WHO,0
375053,ALL,1
699961,WHO,0
699979,WHO,0
705522,WHO,1
708229,WHO,0
725675,WHO,0
729306,WHO,0
729309,WHO,0
729464,WHO,1
810133,WHO,0
810201,WHO,0
810332,WHO,0
810367,WHO,0
810467,WHO,1
812641,WHO,1
843144,WHO,0
888323,WHO,0
6876,ALL,0
6935,ALL,0
13280,WHO,0
13352,WHO,1
14202,WHO,0
16613,WHO,0
17082,WHO,0
17892,WHO,0
21267,ALL,1
22319,ALL,1
45459,WHO,1
45469,WHO,1
45571,WHO,1
50365,WHO,1
50423,WHO,1
52476,WHO,0
52637,WHO,0
52644,WHO,0
52689,WHO,0
53352,WHO,0
53409,WHO,0
53630,WHO,0
54012,WHO,1
54195,WHO,0
54196,WHO,0
54487,WHO,0
54950,WHO,0
55110,WHO,0
55142,WHO,0
55242,WHO,0
55794,WHO,0
56049,WHO,0
56054,WHO,0
56093,WHO,0
56186,WHO,0
56526,WHO,0
56895,WHO,0
57121,WHO,0
57139,WHO,0
57265,WHO,0
57321,WHO,0
57489,WHO,0
57515,WHO,0
57656,WHO,0
57775,WHO,1
58631,WHO,1
61807,WHO,1
62034,WHO,0
64645,WHO,0
65528,WHO,0
65584,WHO,0
77952,WHO,0
78050,WHO,1
78075,WHO,0
78090,WHO,0
78110,WHO,0
78185,WHO,0
78360,WHO,0
79812,WHO,0
97031,WHO,0
97966,WHO,0
98022,WHO,0
101705,WHO,0
117575,WHO,0
117688,WHO,0
119756,WHO,0
120046,WHO,1
124820,WHO,0
124956,WHO,0
126383,WHO,0
135165,WHO,0
135185,WHO,0
135456,WHO,0
135608,WHO,0
135716,WHO,0
135737,WHO,0
135750,WHO,1
136146,WHO,0
136160,WHO,0
136787,WHO,0
136975,WHO,0
137902,WHO,0
139512,WHO,0
139701,WHO,0
140590,WHO,0
147924,ALL,0
147992,ALL,0
148014,ALL,0
148054,ALL,0
148107,ALL,1
148114,ALL,1
148272,ALL,0
148285,ALL,0
148306,ALL,1
150114,WHO,0
150821,WHO,0
151097,WHO,0
151155,WHO,0
151222,WHO,0
151288,WHO,0
155574,WHO,0
155633,WHO,0
164389,WHO,0
164416,WHO,0
164455,WHO,0
165429,WHO,0
166933,WHO,0
166940,WHO,1
167220,WHO,1
168064,WHO,0
168469,WHO,0
169079,WHO,0
169614,WHO,0
169745,WHO,1
170039,WHO,0
170091,WHO,0
170112,WHO,0
171728,WHO,0
171731,WHO,0
171875,WHO,0
173378,WHO,0
176294,WHO,0
178581,WHO,0
179856,WHO,1
179977,WHO,0
181261,WHO,0
181530,WHO,0
182207,WHO,0
182290,WHO,0
182324,WHO,0
182507,WHO,0
182527,WHO,0
183213,WHO,0
375023,ALL,0
705398,WHO,0
790246,WHO,1
808741,WHO,1
808782,WHO,1
808817,WHO,1
810513,WHO,1
811273,WHO,0
812657,WHO,1
820963,WHO,0
843088,WHO,0
843115,WHO,0
892547,WHO,0
887,WHO,1
893,WHO,0
908,WHO,1
6879,ALL,0
6924,ALL,0
6939,ALL,0
14168,WHO,0
15484,WHO,0
17277,WHO,0
18091,WHO,1
34160,WHO,1
34422,WHO,1
42129,WHO,1
50023,WHO,1
50036,WHO,1
52367,WHO,0
52555,WHO,0
52614,WHO,0
52621,WHO,0
53237,WHO,1
53618,WHO,0
53698,WHO,1
53750,WHO,0
53766,WHO,0
53788,WHO,0
53816,WHO,0
54294,WHO,0
54342,WHO,0
54659,WHO,0
55972,WHO,0
56004,WHO,0
56027,WHO,0
56040,WHO,0
56065,WHO,0
56085,WHO,0
56196,WHO,0
56367,WHO,0
56455,WHO,0
56488,WHO,0
56616,WHO,0
56713,WHO,0
57137,WHO,0
57522,WHO,0
57605,WHO,1
57646,WHO,0
62108,WHO,1
62195,WHO,1
64813,WHO,0
65215,WHO,0
65240,WHO,0
65320,WHO,1
65430,WHO,0
65449,WHO,0
65517,WHO,0
65656,WHO,0
65770,WHO,0
78000,WHO,0
78025,WHO,0
78081,WHO,0
78116,WHO,0
78172,WHO,0
78381,WHO,1
96596,WHO,0
96899,WHO,0
97332,WHO,0
98238,WHO,0
107233,WHO,1
135249,WHO,0
135323,WHO,0
135653,WHO,0
136215,WHO,0
136236,WHO,0
136845,WHO,0
136869,WHO,0
137618,WHO,1
137804,WHO,0
137827,WHO,0
137957,WHO,1
139688,WHO,1
139810,WHO,0
140578,WHO,0
140640,WHO,0
147206,ALL,1
147352,ALL,0
147946,ALL,0
147948,ALL,0
148033,ALL,1
148241,ALL,1
148300,ALL,1
148320,ALL,1
150199,WHO,0
150406,WHO,0
150508,WHO,0
150902,WHO,0
151185,WHO,0
151302,WHO,0
151357,WHO,0
151668,WHO,0
153703,ALL,0
155556,WHO,1
155587,WHO,0
165970,WHO,1
166193,WHO,0
166799,WHO,0
166970,WHO,1
167551,WHO,0
168093,WHO,0
168367,WHO,0
168524,WHO,0
169184,WHO,0
169190,WHO,0
169469,WHO,0
169540,WHO,0
169582,WHO,0
169625,WHO,0
169769,WHO,0
169846,WHO,0
170096,WHO,0
171480,WHO,1
171596,WHO,0
171608,WHO,0
171682,WHO,0
171945,WHO,0
173414,WHO,0
177999,WHO,0
178463,WHO,0
178517,WHO,0
178987,WHO,0
179508,WHO,0
179654,WHO,0
179744,WHO,1
179766,WHO,0
179880,WHO,0
179931,WHO,0
179969,WHO,0
180390,WHO,0
180465,WHO,0
181326,WHO,0
181373,WHO,0
181407,WHO,0
181482,WHO,0
181546,WHO,0
183201,WHO,0
699910,WHO,0
705577,WHO,1
708219,WHO,0
739193,WHO,0
739204,WHO,0
739255,WHO,1
790044,WHO,0
810206,WHO,0
810358,WHO,0
820902,WHO,0
820962,WHO,0
9316,WHO,0
12629,WHO,0
13429,WHO,0
13690,WHO,0
15022,WHO,0
15328,WHO,0
16605,WHO,0
16672,WHO,0
17357,WHO,0
34830,WHO,1
45550,WHO,1
50402,WHO,1
52448,WHO,0
52505,WHO,0
53695,WHO,0
53817,WHO,0
54038,WHO,0
54384,WHO,0
54484,WHO,0
54582,WHO,0
54667,WHO,0
54769,WHO,1
54770,WHO,0
54919,WHO,0
54976,WHO,0
55179,WHO,0
55228,WHO,0
55247,WHO,0
55333,WHO,0
55750,WHO,0
55895,WHO,0
56283,WHO,0
56414,WHO,0
56484,WHO,0
56505,WHO,0
56575,WHO,0
56825,WHO,0
57176,WHO,0
57349,WHO,0
58565,WHO,0
61949,WHO,1
62017,WHO,0
62083,WHO,0
62089,WHO,1
64752,WHO,0
64831,WHO,0
65061,WHO,1
65235,WHO,0
65314,WHO,0
65458,WHO,0
65544,WHO,0
65577,WHO,0
76141,WHO,1
96611,WHO,0
97083,WHO,0
97925,WHO,0
120079,WHO,1
123506,WHO,0
126377,WHO,0
126419,WHO,0
135219,WHO,0
135725,WHO,1
137105,WHO,0
137448,WHO,0
138109,WHO,0
139781,WHO,0
140549,WHO,0
140679,WHO,0
140749,WHO,0
140754,WHO,1
141227,WHO,1
147438,ALL,0
148323,ALL,0
150263,WHO,0
150353,WHO,1
150646,WHO,0
150650,WHO,0
150715,WHO,0
150739,WHO,0
150943,WHO,0
151107,WHO,0
151212,WHO,0
151332,WHO,0
151338,WHO,0
151368,WHO,0
151377,WHO,0
151734,WHO,0
155660,WHO,0
163184,WHO,0
164456,WHO,0
164635,WHO,0
164970,WHO,0
165389,WHO,0
165979,WHO,0
165984,WHO,0
166360,WHO,1
167145,WHO,0
167309,WHO,1
169183,WHO,0
169762,WHO,0
169979,WHO,0
170199,WHO,0
170223,WHO,0
171264,WHO,0
171510,WHO,0
171521,WHO,0
171694,WHO,0
171901,WHO,0
174394,WHO,0
177601,WHO,0
177932,WHO,1
177962,WHO,1
179024,WHO,0
179063,WHO,1
179073,WHO,0
181421,WHO,0
181501,WHO,0
181541,WHO,0
181635,WHO,0
182212,WHO,0
374904,ALL,0
699936,WHO,0
699963,WHO,0
707414,WHO,0
729326,WHO,0
729427,WHO,0
812595,WHO,0
812636,WHO,1
812665,WHO,1
812702,WHO,1
820879,WHO,0
888291,WHO,0
892514,WHO,0
6864,ALL,1
9293,WHO,0
9491,WHO,1
12324,WHO,0
13722,WHO,0
14173,WHO,0
14229,WHO,0
14556,WHO,0
15243,WHO,0
15653,WHO,0
17090,WHO,0
17322,WHO,0
17888,WHO,0
18078,WHO,0
18936,WHO,0
21994,ALL,0
34802,WHO,1
45538,WHO,0
45545,WHO,1
50353,WHO,1
50404,WHO,1
52339,WHO,0
52371,WHO,0
52453,WHO,0
52641,WHO,0
52694,WHO,0
52733,WHO,0
53238,WHO,0
53400,WHO,1
53478,WHO,1
53529,WHO,1
53718,WHO,0
53861,WHO,0
55191,WHO,0
55362,WHO,0
55370,WHO,0
55800,WHO,0
55938,WHO,0
55994,WHO,0
56188,WHO,0
56198,WHO,0
56253,WHO,0
56359,WHO,0
56879,WHO,0
57101,WHO,0
57387,WHO,0
64914,WHO,0
65119,WHO,0
65263,WHO,0
65354,WHO,0
65500,WHO,0
78375,WHO,0
79790,WHO,0
88121,WHO,1
97825,WHO,0
98112,WHO,0
107479,WHO,1
107491,WHO,1
135047,WHO,0
135186,WHO,0
136813,WHO,0
136865,WHO,0
137216,WHO,0
137279,WHO,1
137516,WHO,0
137752,WHO,0
138493,WHO,0
139712,WHO,0
139747,WHO,1
147460,ALL,0
147753,ALL,0
147832,ALL,0
148171,ALL,1
148209,ALL,1
148242,ALL,1
150215,WHO,0
150502,WHO,0
150549,WHO,0
150550,WHO,0
150831,WHO,0
150919,WHO,0
151256,WHO,0
151610,WHO,0
151672,WHO,0
154974,ALL,1
164436,WHO,0
164460,WHO,0
164585,WHO,0
165927,WHO,1
166023,WHO,1
167942,WHO,0
168119,WHO,0
169024,WHO,0
169922,WHO,0
169963,WHO,0
170184,WHO,0
170251,WHO,0
171429,WHO,0
171435,WHO,0
171718,WHO,0
171902,WHO,0
173377,WHO,0
173556,WHO,0
173566,WHO,1
177945,WHO,1
178091,WHO,0
178952,WHO,0
179604,WHO,1
179893,WHO,1
180555,WHO,0
181246,WHO,0
181587,WHO,0
181650,WHO,0
373623,WHO,0
705528,WHO,0
708212,WHO,1
708237,WHO,0
713458,WHO,0
808763,WHO,1
808813,WHO,1
810139,WHO,0
810212,WHO,0
946365,WHO,0
826,WHO,1
855,WHO,0
7023,ALL,1
8610,ALL,1
9493,WHO,0
12296,WHO,0
12350,WHO,0
12519,WHO,1
14538,WHO,0
16861,WHO,0
17259,WHO,0
18317,WHO,0
19236,WHO,0
19457,WHO,0
22311,ALL,0
34228,WHO,1
45588,WHO,1
50022,WHO,0
52668,WHO,0
53634,WHO,0
53765,WHO,0
54010,WHO,0
54023,WHO,0
54091,WHO,0
54248,WHO,0
54477,WHO,0
54773,WHO,0
55094,WHO,0
55545,WHO,0
55776,WHO,0
55803,WHO,0
56508,WHO,0
56766,WHO,0
56955,WHO,0
57131,WHO,0
57448,WHO,0
61684,WHO,0
61862,WHO,0
62215,WHO,1
65107,WHO,0
65404,WHO,0
65772,WHO,0
78309,WHO,0
79768,WHO,0
79885,WHO,0
79968,WHO,0
80021,WHO,0
96872,WHO,0
97424,WHO,0
97462,WHO,0
97490,WHO,0
97955,WHO,0
98142,WHO,0
101647,WHO,0
117640,WHO,1
124709,WHO,1
124959,WHO,0
126731,WHO,0
135093,WHO,0
135422,WHO,0
135525,WHO,1
135655,WHO,0
135795,WHO,0
136195,WHO,0
136203,WHO,0
136368,WHO,0
136587,WHO,0
136643,WHO,0
136725,WHO,0
136862,WHO,0
136878,WHO,0
136967,WHO,1
137329,WHO,0
137658,WHO,0
137848,WHO,0
138098,WHO,0
139694,WHO,0
140648,WHO,0
140788,WHO,0
147357,ALL,1
147457,ALL,0
147530,ALL,0
148349,ALL,0
151087,WHO,0
151128,WHO,0
151142,WHO,0
151172,WHO,0
151327,WHO,0
151399,WHO,0
151511,WHO,0
151557,WHO,0
151791,WHO,0
164494,WHO,1
166070,WHO,1
166074,WHO,1
166314,WHO,1
166629,WHO,1
167283,WHO,1
167336,WHO,0
168575,WHO,0
169578,WHO,0
169628,WHO,0
169670,WHO,0
169838,WHO,0
171307,WHO,0
171490,WHO,0
171516,WHO,0
171552,WHO,0
171667,WHO,0
171809,WHO,0
171871,WHO,0
171888,WHO,0
171908,WHO,0
174368,WHO,0
177941,WHO,0
177952,WHO,1
178093,WHO,0
178108,WHO,0
178539,WHO,0
179549,WHO,0
179852,WHO,0
179858,WHO,1
179992,WHO,1
179997,WHO,0
181174,WHO,0
181242,WHO,0
181283,WHO,0
181330,WHO,0
181414,WHO,0
181428,WHO,0
181630,WHO,0
182309,WHO,1
182368,WHO,0
705428,WHO,1
705430,WHO,1
708216,WHO,1
708236,WHO,0
725688,WHO,0
739239,WHO,1
741005,WHO,0
790045,WHO,0
808739,WHO,1
810043,WHO,0
810072,WHO,0
810248,WHO,0
810256,WHO,0
812668,WHO,1
828773,WHO,0
888334,WHO,1
892499,WHO,0
6946,ALL,0
12805,WHO,0
12859,WHO,0
15553,WHO,0
16297,WHO,0
16428,WHO,0
17420,WHO,0
18981,WHO,0
19532,WHO,0
34329,WHO,0
50024,WHO,1
50064,WHO,1
50161,WHO,1
50361,WHO,1
52348,WHO,0
52461,WHO,0
52507,WHO,0
52586,WHO,0
52664,WHO,0
52734,WHO,1
52777,WHO,0
53621,WHO,1
53825,WHO,1
53927,WHO,0
54103,WHO,0
54515,WHO,0
54828,WHO,0
54909,WHO,0
55194,WHO,0
55227,WHO,0
55252,WHO,0
55440,WHO,0
55542,WHO,0
55581,WHO,0
55642,WHO,0
55710,WHO,0
55866,WHO,0
55904,WHO,0
56014,WHO,0
56039,WHO,0
56243,WHO,0
56469,WHO,0
56493,WHO,0
56718,WHO,0
57136,WHO,0
57161,WHO,0
57290,WHO,0
57360,WHO,0
57768,WHO,0
62199,WHO,1
65147,WHO,0
65198,WHO,0
65253,WHO,0
65401,WHO,1
78027,WHO,0
78213,WHO,0
80016,WHO,0
96851,WHO,0
97028,WHO,0
97035,WHO,0
97670,WHO,0
97707,WHO,0
97789,WHO,0
97914,WHO,0
107238,WHO,1
119692,WHO,0
124877,WHO,0
126400,WHO,0
135023,WHO,0
135032,WHO,0
135168,WHO,0
135409,WHO,0
136187,WHO,0
136294,WHO,0
136555,WHO,0
136941,WHO,0
136963,WHO,0
137002,WHO,0
137119,WHO,0
137257,WHO,1
137515,WHO,0
137982,WHO,0
139518,WHO,1
139737,WHO,0
140533,WHO,0
140658,WHO,0
147233,ALL,1
147743,ALL,1
148311,ALL,1
148404,ALL,1
150660,WHO,0
150745,WHO,0
150747,WHO,0
151216,WHO,0
151217,WHO,0
151218,WHO,0
151247,WHO,0
151248,WHO,0
151303,WHO,0
151342,WHO,0
151556,WHO,0
151767,WHO,0
151821,WHO,0
154924,ALL,0
164485,WHO,1
164739,WHO,0
165304,WHO,0
165497,WHO,0
166316,WHO,0
166585,WHO,0
166783,WHO,0
166984,WHO,0
167493,WHO,0
167591,WHO,0
168646,WHO,0
168997,WHO,1
169096,WHO,0
169594,WHO,0
169698,WHO,0
169906,WHO,0
170001,WHO,0
170008,WHO,0
170097,WHO,0
170204,WHO,0
170238,WHO,0
170440,WHO,0
171421,WHO,0
171563,WHO,0
171611,WHO,0
173510,WHO,0
173581,WHO,0
177944,WHO,0
178607,WHO,0
178981,WHO,0
178989,WHO,1
179627,WHO,1
179655,WHO,0
180363,WHO,0
181161,WHO,0
181259,WHO,0
182336,WHO,0
373601,WHO,0
375085,ALL,0
699959,WHO,0
700048,WHO,0
739237,WHO,1
739246,WHO,1
810109,WHO,0
810137,WHO,0
810269,WHO,0
810517,WHO,1
812539,WHO,0
812601,WHO,1
812662,WHO,1
812688,WHO,1
812704,WHO,1
820838,WHO,0
843095,WHO,0
892536,WHO,0
8565,ALL,0
9438,WHO,1
12253,WHO,0
12501,WHO,0
12650,WHO,0
13732,WHO,0
14235,WHO,0
14699,WHO,0
14959,WHO,0
16071,WHO,0
16175,WHO,0
17584,WHO,0
17738,WHO,0
18549,WHO,0
19895,WHO,0
34163,WHO,0
34316,WHO,1
34599,WHO,0
45464,WHO,0
52399,WHO,0
52538,WHO,0
53340,WHO,0
53513,WHO,1
53557,WHO,0
53596,WHO,1
53632,WHO,0
53868,WHO,0
54119,WHO,0
54139,WHO,0
54954,WHO,0
55033,WHO,0
55277,WHO,0
55429,WHO,0
55533,WHO,0
55832,WHO,0
56098,WHO,0
56349,WHO,0
56372,WHO,0
56643,WHO,0
56680,WHO,0
56770,WHO,0
56886,WHO,0
56948,WHO,0
57078,WHO,0
57199,WHO,0
57377,WHO,0
58633,WHO,1
61778,WHO,1
61835,WHO,1
61848,WHO,1
65152,WHO,1
65178,WHO,0
65454,WHO,0
65478,WHO,0
77986,WHO,0
78109,WHO,0
96493,WHO,0
96980,WHO,0
107433,WHO,1
115394,WHO,0
133262,WHO,1
135468,WHO,0
135491,WHO,0
135506,WHO,0
135659,WHO,0
136242,WHO,0
136418,WHO,0
136573,WHO,0
136898,WHO,0
137583,WHO,0
137786,WHO,0
138081,WHO,0
139854,WHO,1
140645,WHO,0
140738,WHO,0
147242,ALL,1
147975,ALL,1
148101,ALL,1
151088,WHO,0
151269,WHO,0
151816,WHO,0
155530,WHO,0
164989,WHO,0
165391,WHO,1
165502,WHO,1
165936,WHO,1
165964,WHO,0
167296,WHO,1
167960,WHO,0
168103,WHO,0
168280,WHO,0
168571,WHO,0
169471,WHO,0
170347,WHO,0
171438,WHO,0
171493,WHO,0
171564,WHO,0
171635,WHO,0
171647,WHO,0
171686,WHO,0
171786,WHO,0
171866,WHO,0
171900,WHO,0
171926,WHO,0
173472,WHO,0
177602,WHO,1
178011,WHO,0
178081,WHO,1
178082,WHO,1
178453,WHO,1
178590,WHO,0
178640,WHO,0
178949,WHO,0
179040,WHO,0
179513,WHO,0
179751,WHO,0
179805,WHO,0
179877,WHO,1
180373,WHO,1
180564,WHO,0
181255,WHO,0
181346,WHO,0
181349,WHO,0
181350,WHO,0
181493,WHO,0
181586,WHO,0
182237,WHO,0
700041,WHO,0
705383,WHO,0
705444,WHO,1
707401,WHO,1
708228,WHO,0
729481,WHO,0
739230,WHO,0
739245,WHO,1
740985,WHO,0
810018,WHO,0
810217,WHO,0
810330,WHO,0
810344,WHO,0
812520,WHO,0
820857,WHO,1
828775,WHO,1
843085,WHO,0
892522,WHO,0
9315,WHO,0
15411,WHO,0
16479,WHO,0
17837,WHO,0
18028,WHO,0
19012,WHO,0
34216,WHO,1
34561,WHO,1
34768,WHO,1
46766,WHO,0
52548,WHO,0
52691,WHO,0
52744,WHO,0
52751,WHO,0
53357,WHO,0
53833,WHO,0
53849,WHO,0
54230,WHO,0
54429,WHO,0
54573,WHO,0
54620,WHO,0
54644,WHO,1
54799,WHO,0
54883,WHO,0
55076,WHO,0
55248,WHO,0
55323,WHO,0
55380,WHO,0
55459,WHO,0
55463,WHO,0
55565,WHO,0
55583,WHO,0
55720,WHO,0
55844,WHO,0
55876,WHO,0
56043,WHO,0
56046,WHO,0
56061,WHO,0
56579,WHO,0
56810,WHO,0
56930,WHO,0
57039,WHO,0
57046,WHO,0
57081,WHO,0
57326,WHO,0
57540,WHO,0
57610,WHO,1
60364,WHO,1
61693,WHO,1
61945,WHO,1
62084,WHO,0
64626,WHO,0
64904,WHO,0
64915,WHO,0
64941,WHO,0
65211,WHO,0
65231,WHO,0
77905,WHO,0
79448,WHO,0
79504,WHO,0
79888,WHO,0
97846,WHO,0
107231,WHO,1
107499,WHO,1
119533,WHO,1
120069,WHO,1
120082,WHO,1
124800,WHO,0
126412,WHO,0
131849,WHO,0
135719,WHO,1
135746,WHO,0
136439,WHO,0
136469,WHO,0
136490,WHO,0
136840,WHO,0
136993,WHO,0
137912,WHO,1
138027,WHO,1
138179,WHO,0
139717,WHO,0
140624,WHO,0
140628,WHO,1
140743,WHO,1
147226,ALL,1
147582,ALL,1
150355,WHO,0
150419,WHO,0
150626,WHO,0
151238,WHO,0
151350,WHO,0
151879,WHO,0
151939,WHO,0
155611,WHO,1
165139,WHO,1
165485,WHO,1
166093,WHO,0
166636,WHO,1
167408,WHO,0
167841,WHO,1
167864,WHO,0
168321,WHO,0
169029,WHO,0
169642,WHO,0
170081,WHO,0
170218,WHO,0
171286,WHO,1
171335,WHO,0
171350,WHO,0
171412,WHO,0
171653,WHO,0
171663,WHO,0
171829,WHO,0
173255,WHO,0
173524,WHO,0
173575,WHO,0
173616,WHO,0
173625,WHO,0
174851,ALL,0
178006,WHO,0
178953,WHO,0
178955,WHO,1
178975,WHO,1
179062,WHO,1
180500,WHO,0
180532,WHO,1
181209,WHO,0
181490,WHO,0
181532,WHO,0
374498,ALL,0
375061,ALL,0
705443,WHO,0
740977,WHO,1
741004,WHO,1
790043,WHO,0
808726,WHO,1
810468,WHO,1
811260,WHO,1
812598,WHO,1
843145,WHO,0
933855,WHO,1
9294,WHO,0
14084,WHO,0
15186,WHO,0
15525,WHO,0
16975,WHO,0
17107,WHO,0
17830,WHO,0
18506,WHO,0
18757,WHO,0
19014,WHO,0
19381,WHO,0
19672,WHO,0
19948,WHO,1
45577,WHO,0
52521,WHO,0
52666,WHO,0
53421,WHO,0
53921,WHO,0
54115,WHO,0
54394,WHO,0
54507,WHO,0
54717,WHO,0
54733,WHO,0
54879,WHO,0
55201,WHO,0
55222,WHO,0
55325,WHO,0
55605,WHO,0
55863,WHO,0
55867,WHO,0
56191,WHO,0
56302,WHO,0
56358,WHO,0
56479,WHO,0
56550,WHO,0
56590,WHO,0
56594,WHO,0
56749,WHO,0
56862,WHO,0
56918,WHO,1
56931,WHO,0
57135,WHO,0
57184,WHO,0
57303,WHO,0
57353,WHO,0
64619,WHO,0
64705,WHO,0
64843,WHO,0
64992,WHO,0
65059,WHO,1
65213,WHO,0
65224,WHO,0
65360,WHO,0
65530,WHO,0
65611,WHO,0
78298,WHO,1
79515,WHO,0
79766,WHO,0
88081,WHO,0
98077,WHO,0
119526,WHO,1
119723,WHO,0
120081,WHO,1
124830,WHO,1
126129,WHO,0
126362,WHO,0
135053,WHO,0
135259,WHO,0
135734,WHO,1
136217,WHO,0
136369,WHO,0
136372,WHO,0
136534,WHO,0
136707,WHO,0
136763,WHO,0
136874,WHO,0
136877,WHO,0
137157,WHO,0
137217,WHO,1
137300,WHO,1
137697,WHO,1
137867,WHO,1
137917,WHO,0
138143,WHO,0
139795,WHO,1
140736,WHO,0
147626,ALL,1
147991,ALL,1
150539,WHO,0
150670,WHO,0
150705,WHO,0
150770,WHO,0
150776,WHO,0
150973,WHO,0
151202,WHO,0
151499,WHO,0
151510,WHO,0
151585,WHO,0
151688,WHO,0
155479,WHO,1
166117,WHO,1
166333,WHO,0
167953,WHO,0
168982,WHO,1
169083,WHO,0
169489,WHO,0
169717,WHO,0
169742,WHO,0
169854,WHO,0
169950,WHO,0
170101,WHO,0
170162,WHO,0
170196,WHO,0
171275,WHO,0
171571,WHO,0
171589,WHO,0
171707,WHO,0
173423,WHO,0
173464,WHO,0
173496,WHO,0
173586,WHO,0
174868,ALL,0
177977,WHO,0
179467,WHO,0
179482,WHO,0
179547,WHO,1
179787,WHO,0
180394,WHO,0
180430,WHO,0
181393,WHO,0
181473,WHO,0
181522,WHO,0
182119,WHO,0
373615,WHO,0
374558,ALL,0
374875,ALL,1
374948,ALL,0
699926,WHO,0
739115,WHO,0
808730,WHO,1
810366,WHO,0
810447,WHO,1
812713,WHO,1
820855,WHO,0
5459,WHO,1
9488,WHO,0
12175,WHO,0
13546,WHO,0
13643,WHO,0
14120,WHO,0
14370,WHO,0
14549,WHO,0
15803,WHO,0
17110,WHO,0
18519,WHO,0
19590,WHO,0
22303,ALL,1
52323,WHO,0
52561,WHO,0
52582,WHO,0
53388,WHO,1
53523,WHO,0
53577,WHO,0
53635,WHO,0
53751,WHO,1
53857,WHO,0
54054,WHO,0
54149,WHO,0
54175,WHO,0
54274,WHO,0
54431,WHO,0
54701,WHO,0
54744,WHO,1
54886,WHO,0
54972,WHO,0
54993,WHO,0
55001,WHO,0
55007,WHO,0
55133,WHO,0
55364,WHO,0
55376,WHO,0
55391,WHO,0
55461,WHO,0
55488,WHO,0
55812,WHO,0
56018,WHO,0
56277,WHO,0
56404,WHO,0
56562,WHO,0
56678,WHO,0
56872,WHO,0
56911,WHO,0
57050,WHO,0
57273,WHO,0
57787,WHO,0
58572,WHO,1
61902,WHO,0
64606,WHO,0
64782,WHO,0
64836,WHO,0
64990,WHO,0
65005,WHO,0
65029,WHO,0
65200,WHO,0
65413,WHO,0
65735,WHO,0
77938,WHO,0
78223,WHO,0
79794,WHO,0
96869,WHO,0
97383,WHO,0
98122,WHO,0
107217,WHO,0
107342,WHO,1
107400,WHO,1
115328,WHO,1
117600,WHO,1
117719,WHO,1
120059,WHO,1
122064,WHO,1
124947,WHO,0
126353,WHO,0
135389,WHO,0
135518,WHO,0
136325,WHO,0
136366,WHO,1
136662,WHO,0
137286,WHO,1
137541,WHO,1
137868,WHO,0
138030,WHO,0
139589,WHO,0
139592,WHO,0
139714,WHO,1
140521,WHO,0
140659,WHO,0
140683,WHO,0
141278,WHO,1
146948,WHO,1
147373,ALL,1
147483,ALL,1
147735,ALL,0
147882,ALL,1
148039,ALL,0
148165,ALL,1
148201,ALL,1
150462,WHO,0
150661,WHO,0
150930,WHO,0
151074,WHO,0
151108,WHO,0
151367,WHO,0
151592,WHO,0
151671,WHO,0
151737,WHO,0
155496,WHO,1
155500,WHO,1
155532,WHO,1
155572,WHO,1
166986,WHO,0
167404,WHO,0
167549,WHO,0
168193,WHO,0
168330,WHO,0
168926,WHO,0
169124,WHO,0
169546,WHO,0
169761,WHO,0
170048,WHO,0
170153,WHO,0
170259,WHO,0
170343,WHO,0
171400,WHO,0
171492,WHO,0
171921,WHO,0
172104,WHO,0
173528,WHO,0
174346,WHO,0
178400,WHO,0
178637,WHO,0
178999,WHO,1
179460,WHO,0
179567,WHO,0
179868,WHO,0
179887,WHO,0
179925,WHO,1
179940,WHO,1
180364,WHO,0
180416,WHO,0
181225,WHO,0
181291,WHO,0
181300,WHO,0
181395,WHO,0
182209,WHO,0
182615,WHO,0
373603,WHO,0
698632,WHO,1
705369,WHO,0
707393,WHO,0
810128,WHO,1
810172,WHO,1
812536,WHO,1
812645,WHO,1
9462,WHO,1
9506,WHO,0
10082,ALL,0
12391,WHO,1
12568,WHO,0
13101,WHO,1
13244,WHO,0
13668,WHO,1
18368,WHO,0
19900,WHO,0
34479,WHO,0
45456,WHO,1
45504,WHO,1
45510,WHO,1
45533,WHO,0
45555,WHO,1
50045,WHO,0
50409,WHO,0
52391,WHO,0
52712,WHO,0
52752,WHO,0
53336,WHO,1
53667,WHO,0
53924,WHO,0
54566,WHO,0
54672,WHO,0
54729,WHO,0
54784,WHO,0
54826,WHO,0
55089,WHO,0
55117,WHO,0
55124,WHO,0
55426,WHO,0
55713,WHO,0
55974,WHO,0
56226,WHO,0
56449,WHO,0
56703,WHO,0
56937,WHO,0
57236,WHO,0
57544,WHO,0
58578,WHO,1
58610,WHO,0
62176,WHO,0
64528,WHO,0
64633,WHO,0
64701,WHO,0
64970,WHO,0
65204,WHO,0
65383,WHO,1
65561,WHO,0
65754,WHO,0
65771,WHO,0
77898,WHO,0
78355,WHO,1
79810,WHO,0
79814,WHO,0
97703,WHO,0
101810,WHO,1
107469,WHO,1
117720,WHO,0
126405,WHO,0
136380,WHO,0
137171,WHO,0
137212,WHO,1
137993,WHO,1
138176,WHO,0
138504,WHO,1
139498,WHO,0
139523,WHO,1
139577,WHO,0
139769,WHO,0
140642,WHO,0
140692,WHO,0
140704,WHO,0
147507,ALL,0
147515,ALL,1
147551,ALL,0
147864,ALL,0
148137,ALL,1
150681,WHO,0
151009,WHO,0
151281,WHO,0
151717,WHO,0
151750,WHO,0
154986,ALL,0
155648,WHO,1
164384,WHO,0
166122,WHO,1
167323,WHO,0
167791,WHO,0
168791,WHO,0
168883,WHO,0
169460,WHO,1
169475,WHO,0
169524,WHO,0
169612,WHO,0
169679,WHO,0
169953,WHO,0
170069,WHO,0
170086,WHO,0
170254,WHO,0
171278,WHO,0
171280,WHO,1
171531,WHO,0
171782,WHO,0
171817,WHO,0
173371,WHO,0
173375,WHO,0
178556,WHO,0
179548,WHO,0
179711,WHO,1
179817,WHO,0
180384,WHO,0
180412,WHO,0
180542,WHO,0
181192,WHO,0
373612,WHO,0
374643,ALL,0
700012,WHO,0
700031,WHO,0
700033,WHO,0
705480,WHO,1
705573,WHO,1
739225,WHO,1
740984,WHO,0
808412,WHO,0
808746,WHO,1
810197,WHO,0
810322,WHO,0
812514,WHO,0
812618,WHO,1
834,WHO,1
7005,ALL,0
7006,ALL,1
15989,WHO,1
17253,WHO,0
17870,WHO,0
18154,WHO,0
18510,WHO,0
18826,WHO,0
19106,WHO,0
22418,ALL,1
52654,WHO,1
52775,WHO,0
52805,WHO,0
53434,WHO,0
53520,WHO,1
53734,WHO,1
53749,WHO,0
53875,WHO,0
53945,WHO,0
53960,WHO,0
54177,WHO,0
54361,WHO,0
54809,WHO,0
55013,WHO,0
55135,WHO,0
55291,WHO,0
55418,WHO,0
55835,WHO,0
56370,WHO,0
56794,WHO,0
57119,WHO,0
57296,WHO,0
57500,WHO,0
61727,WHO,1
61748,WHO,1
61824,WHO,1
61901,WHO,1
62149,WHO,0
64607,WHO,0
64987,WHO,1
65105,WHO,0
65568,WHO,1
65632,WHO,0
78319,WHO,1
79471,WHO,0
97311,WHO,0
97574,WHO,0
98034,WHO,0
107372,WHO,1
126331,WHO,0
126359,WHO,0
135095,WHO,0
135557,WHO,0
135790,WHO,1
136492,WHO,0
136712,WHO,0
137099,WHO,0
137652,WHO,0
139536,WHO,0
139723,WHO,0
139773,WHO,0
139792,WHO,0
139807,WHO,0
140531,WHO,0
140621,WHO,0
147468,ALL,1
147625,ALL,1
150351,WHO,0
150704,WHO,0
150716,WHO,0
151759,WHO,0
155038,ALL,0
155559,WHO,1
155593,WHO,0
164320,WHO,0
164395,WHO,1
166987,WHO,1
167000,WHO,0
167127,WHO,1
167423,WHO,0
168399,WHO,0
168491,WHO,0
169294,WHO,1
169484,WHO,0
169763,WHO,0
169776,WHO,0
169840,WHO,0
169857,WHO,0
170067,WHO,0
170189,WHO,0
170210,WHO,0
171726,WHO,0
173259,WHO,0
173534,WHO,0
173622,WHO,0
177955,WHO,1
178964,WHO,0
179703,WHO,0
179762,WHO,0
180483,WHO,0
180494,WHO,0
181157,WHO,0
181280,WHO,0
181301,WHO,0
181452,WHO,0
182405,WHO,0
373594,WHO,0
374627,ALL,0
374968,ALL,0
375005,ALL,0
699914,WHO,0
699999,WHO,0
700028,WHO,0
705470,WHO,1
705471,WHO,1
741014,WHO,0
790027,WHO,1
790041,WHO,0
808385,WHO,0
808402,WHO,0
808419,WHO,0
810010,WHO,0
810199,WHO,0
810287,WHO,0
810388,WHO,0
810464,WHO,1
811143,WHO,0
812548,WHO,1
820968,WHO,1
843111,WHO,0
888321,WHO,1
15470,WHO,0
16806,WHO,0
18558,WHO,0
21816,ALL,0
34607,WHO,0
34782,WHO,0
45412,WHO,0
52506,WHO,0
52577,WHO,0
53278,WHO,1
53660,WHO,0
54060,WHO,0
54167,WHO,0
54435,WHO,0
54585,WHO,0
54607,WHO,0
55024,WHO,0
55159,WHO,0
55193,WHO,0
55811,WHO,0
55864,WHO,0
55973,WHO,0
56166,WHO,1
56230,WHO,0
56330,WHO,0
56775,WHO,0
56913,WHO,0
56951,WHO,0
56999,WHO,0
57166,WHO,0
57316,WHO,0
57459,WHO,0
57632,WHO,0
57668,WHO,0
57739,WHO,1
57758,WHO,0
58583,WHO,1
61705,WHO,0
61814,WHO,1
61834,WHO,1
62040,WHO,1
64794,WHO,0
64837,WHO,0
65187,WHO,0
65365,WHO,0
65501,WHO,0
65774,WHO,0
78346,WHO,1
79751,WHO,0
97273,WHO,0
98093,WHO,0
107250,WHO,0
117577,WHO,1
136140,WHO,0
136335,WHO,0
136388,WHO,0
136628,WHO,0
136666,WHO,1
136718,WHO,0
136726,WHO,0
136922,WHO,0
137080,WHO,0
137270,WHO,0
137426,WHO,0
137899,WHO,0
137933,WHO,0
138136,WHO,0
138342,WHO,1
138649,WHO,1
139631,WHO,0
139863,WHO,0
140697,WHO,0
146879,WHO,0
147497,ALL,1
147763,ALL,0
151139,WHO,0
151252,WHO,0
151254,WHO,0
151266,WHO,0
151404,WHO,0
151534,WHO,0
151871,WHO,0
151926,WHO,0
155652,WHO,1
164431,WHO,1
165172,WHO,0
165193,WHO,0
165421,WHO,1
165499,WHO,0
166319,WHO,1
166598,WHO,0
167288,WHO,1
168102,WHO,1
168904,WHO,0
168968,WHO,0
169112,WHO,1
169579,WHO,0
169881,WHO,1
169974,WHO,0
170009,WHO,0
170038,WHO,0
170233,WHO,0
170257,WHO,0
171535,WHO,1
171780,WHO,0
172372,WHO,1
173540,WHO,0
174863,ALL,0
177948,WHO,0
177967,WHO,0
178092,WHO,0
179573,WHO,0
179741,WHO,1
179793,WHO,0
179861,WHO,0
179962,WHO,1
180264,WHO,0
180353,WHO,1
180357,WHO,0
180368,WHO,0
180519,WHO,0
181115,WHO,0
181180,WHO,0
181579,WHO,0
182226,WHO,0
182457,WHO,0
374615,ALL,0
374983,ALL,0
699922,WHO,0
705411,WHO,1
705517,WHO,1
705521,WHO,1
705530,WHO,1
739187,WHO,0
741002,WHO,1
808807,WHO,1
810044,WHO,0
810126,WHO,0
810401,WHO,0
810527,WHO,1
812518,WHO,0
812587,WHO,1
843086,WHO,0
888337,WHO,1
9513,WHO,0
14582,WHO,0
14771,WHO,0
17286,WHO,1
18192,WHO,0
18436,WHO,1
18915,WHO,0
19439,WHO,0
34667,WHO,0
34829,WHO,1
45461,WHO,1
50035,WHO,1
52331,WHO,0
52633,WHO,0
52780,WHO,0
53703,WHO,0
53963,WHO,1
54682,WHO,0
55022,WHO,0
55265,WHO,0
55672,WHO,0
55679,WHO,0
55733,WHO,0
56103,WHO,0
56412,WHO,0
56438,WHO,0
56460,WHO,0
56497,WHO,0
56543,WHO,0
56584,WHO,0
56725,WHO,0
56923,WHO,0
56970,WHO,0
57002,WHO,0
57224,WHO,0
57279,WHO,0
57314,WHO,0
57731,WHO,1
57796,WHO,1
61843,WHO,1
61928,WHO,0
62158,WHO,0
64452,WHO,0
64651,WHO,0
65077,WHO,0
65245,WHO,0
65250,WHO,0
65522,WHO,0
65624,WHO,0
79753,WHO,0
80004,WHO,0
97483,WHO,0
97933,WHO,0
107558,WHO,1
117567,WHO,0
117629,WHO,0
128658,WHO,0
135074,WHO,0
135303,WHO,0
135476,WHO,0
136525,WHO,0
136888,WHO,0
137021,WHO,0
137075,WHO,0
138070,WHO,0
139480,WHO,0
139530,WHO,0
139538,WHO,1
139665,WHO,0
140592,WHO,1
140603,WHO,1
140618,WHO,0
140731,WHO,0
147362,ALL,0
147447,ALL,1
147532,ALL,0
147979,ALL,1
147988,ALL,0
148059,ALL,0
148188,ALL,0
150128,WHO,0
150845,WHO,0
151168,WHO,0
151258,WHO,0
151402,WHO,0
151851,WHO,0
154939,ALL,1
155535,WHO,1
155637,WHO,1
166969,WHO,1
167281,WHO,1
168169,WHO,0
168558,WHO,0
168902,WHO,0
169557,WHO,0
170007,WHO,0
170191,WHO,0
170194,WHO,0
171303,WHO,0
171441,WHO,0
171626,WHO,0
171898,WHO,0
171899,WHO,0
171932,WHO,0
172377,WHO,0
173394,WHO,0
173502,WHO,0
179014,WHO,0
179046,WHO,1
179853,WHO,0
179944,WHO,0
180469,WHO,0
374647,ALL,0
374896,ALL,1
705542,WHO,0
729425,WHO,0
739127,WHO,1
739211,WHO,1
740971,WHO,1
790023,WHO,1
810174,WHO,0
810479,WHO,1
812560,WHO,0
812603,WHO,0
812664,WHO,1
888278,WHO,1
933858,WHO,1
6947,ALL,0
6965,ALL,0
9287,WHO,0
9503,WHO,0
13612,WHO,0
13964,WHO,0
14096,WHO,0
14437,WHO,0
15874,WHO,0
19414,WHO,0
34809,WHO,1
45442,WHO,0
52395,WHO,0
52599,WHO,0
52639,WHO,0
52795,WHO,1
53719,WHO,0
53735,WHO,0
53949,WHO,0
54107,WHO,0
54605,WHO,0
54721,WHO,0
55008,WHO,0
55151,WHO,0
55211,WHO,0
55469,WHO,1
55769,WHO,0
55987,WHO,0
56033,WHO,0
56037,WHO,0
56162,WHO,0
56882,WHO,0
56973,WHO,1
56979,WHO,0
57057,WHO,0
57167,WHO,0
57170,WHO,0
57293,WHO,0
57405,WHO,0
57418,WHO,0
57547,WHO,0
57721,WHO,1
60363,WHO,1
61707,WHO,0
61813,WHO,1
64765,WHO,0
64766,WHO,0
64835,WHO,0
64993,WHO,0
65042,WHO,0
65212,WHO,0
65284,WHO,0
65321,WHO,0
65346,WHO,1
65373,WHO,0
65488,WHO,0
65523,WHO,0
65740,WHO,1
65745,WHO,0
77971,WHO,0
78098,WHO,0
79813,WHO,0
96352,WHO,1
96484,WHO,0
96723,WHO,0
96861,WHO,0
97087,WHO,0
97599,WHO,0
97963,WHO,0
107215,WHO,1
120063,WHO,1
124747,WHO,1
135511,WHO,0
135708,WHO,1
136745,WHO,0
136782,WHO,0
136890,WHO,0
137483,WHO,0
137730,WHO,0
137751,WHO,0
137890,WHO,0
137906,WHO,0
138011,WHO,1
138431,WHO,1
139602,WHO,0
139901,WHO,1
140556,WHO,0
140652,WHO,0
147440,ALL,1
147467,ALL,1
147862,ALL,0
147950,ALL,1
148255,ALL,1
150256,WHO,0
150766,WHO,0
150815,WHO,0
151381,WHO,0
151604,WHO,0
151648,WHO,0
154969,ALL,0
155561,WHO,1
155625,WHO,1
165135,WHO,1
165972,WHO,1
166025,WHO,0
166095,WHO,1
166621,WHO,0
167080,WHO,0
168178,WHO,0
169085,WHO,0
169673,WHO,0
169852,WHO,0
169933,WHO,0
170166,WHO,0
171634,WHO,0
171717,WHO,0
171907,WHO,0
174364,WHO,0
178435,WHO,0
179826,WHO,1
179843,WHO,0
180381,WHO,0
181188,WHO,0
181410,WHO,0
181622,WHO,0
374945,ALL,0
374986,ALL,1
790028,WHO,1
809994,WHO,0
810342,WHO,0
810495,WHO,1
811261,WHO,1
888328,WHO,0
892575,WHO,0
857,WHO,1
7013,ALL,1
9278,WHO,0
12894,WHO,0
15106,WHO,0
15380,WHO,1
15837,WHO,0
16810,WHO,1
17867,WHO,0
17883,WHO,0
19668,WHO,0
19886,WHO,0
34220,WHO,1
34426,WHO,0
45595,WHO,1
50020,WHO,0
50029,WHO,1
50154,WHO,0
50385,WHO,0
52347,WHO,0
52466,WHO,1
53683,WHO,0
53845,WHO,0
54189,WHO,0
54895,WHO,0
55409,WHO,0
55500,WHO,0
55510,WHO,0
55697,WHO,0
55765,WHO,0
56140,WHO,0
56220,WHO,0
56274,WHO,0
56553,WHO,0
56612,WHO,0
56701,WHO,0
56742,WHO,0
56875,WHO,0
57061,WHO,0
57099,WHO,0
57496,WHO,0
57652,WHO,0
57653,WHO,1
57797,WHO,1
62056,WHO,1
64709,WHO,0
64795,WHO,0
64930,WHO,0
64937,WHO,0
64942,WHO,0
65440,WHO,0
65444,WHO,0
65499,WHO,0
65612,WHO,0
77969,WHO,0
80020,WHO,0
80026,WHO,0
95544,WHO,1
95608,WHO,0
96503,WHO,0
96713,WHO,0
97591,WHO,1
97760,WHO,0
107241,WHO,0
135359,WHO,0
135566,WHO,0
136153,WHO,0
136488,WHO,0
136532,WHO,0
137315,WHO,0
137644,WHO,0
137678,WHO,1
137731,WHO,0
137840,WHO,0
139525,WHO,0
139587,WHO,0
139732,WHO,0
140638,WHO,0
140766,WHO,0
140795,WHO,0
147334,ALL,0
147795,ALL,0
147903,ALL,1
148093,ALL,0
148280,ALL,1
150051,WHO,0
150697,WHO,0
150877,WHO,0
151339,WHO,0
151398,WHO,0
151828,WHO,0
151853,WHO,0
155613,WHO,1
165440,WHO,0
165487,WHO,0
165971,WHO,1
166581,WHO,1
166593,WHO,1
167279,WHO,0
167298,WHO,0
167855,WHO,1
169724,WHO,0
170070,WHO,0
170108,WHO,0
170136,WHO,0
170159,WHO,0
170221,WHO,0
171456,WHO,0
171562,WHO,0
173443,WHO,0
177555,WHO,1
179050,WHO,0
179738,WHO,0
179804,WHO,0
180568,WHO,0
181230,WHO,0
181243,WHO,0
181323,WHO,0
181355,WHO,0
182085,WHO,0
182423,WHO,0
705538,WHO,0
708260,WHO,0
808719,WHO,0
808756,WHO,0
808780,WHO,0
810346,WHO,0
810448,WHO,1
810462,WHO,1
828781,WHO,1
843054,WHO,0
912,WHO,0
6933,ALL,0
12694,WHO,0
20003,WHO,0
34317,WHO,1
45502,WHO,0
50153,WHO,1
52440,WHO,0
52492,WHO,0
52520,WHO,0
52769,WHO,0
53255,WHO,1
54169,WHO,0
54182,WHO,0
54240,WHO,0
54270,WHO,0
54379,WHO,0
54748,WHO,0
54898,WHO,0
55340,WHO,0
55986,WHO,0
56005,WHO,0
56035,WHO,0
56086,WHO,0
56131,WHO,0
56470,WHO,0
56581,WHO,0
56631,WHO,0
56695,WHO,0
56696,WHO,0
56870,WHO,0
57201,WHO,0
57226,WHO,0
57251,WHO,0
57252,WHO,1
57670,WHO,0
57710,WHO,0
61939,WHO,1
61983,WHO,0
62082,WHO,1
64712,WHO,0
64754,WHO,0
64925,WHO,1
64959,WHO,0
65031,WHO,0
65038,WHO,1
65063,WHO,0
65206,WHO,0
65391,WHO,0
78280,WHO,1
79765,WHO,0
96828,WHO,0
97787,WHO,0
107431,WHO,1
107561,WHO,1
117621,WHO,1
124716,WHO,0
135066,WHO,0
135134,WHO,0
135397,WHO,0
135434,WHO,0
136129,WHO,0
136665,WHO,0
136971,WHO,0
137507,WHO,1
137720,WHO,0
137874,WHO,0
137995,WHO,0
138149,WHO,0
139515,WHO,0
139831,WHO,1
139841,WHO,0
140502,WHO,1
140614,WHO,0
140664,WHO,0
146910,WHO,0
147372,ALL,1
147442,ALL,0
147564,ALL,1
147842,ALL,0
148080,ALL,1
148097,ALL,1
148263,ALL,1
148307,ALL,0
148353,ALL,1
148411,ALL,0
150210,WHO,0
150365,WHO,0
150603,WHO,0
150750,WHO,0
151086,WHO,0
151171,WHO,0
151593,WHO,0
151703,WHO,0
151783,WHO,0
151875,WHO,0
154977,ALL,0
155040,ALL,0
164391,WHO,0
164976,WHO,0
165944,WHO,1
166343,WHO,1
166919,WHO,0
167268,WHO,0
167497,WHO,0
168276,WHO,0
168432,WHO,0
168776,WHO,0
169042,WHO,0
169189,WHO,0
169513,WHO,0
169898,WHO,0
171272,WHO,0
171273,WHO,0
171331,WHO,0
171488,WHO,0
171644,WHO,0
171772,WHO,0
171803,WHO,0
171833,WHO,1
173089,WHO,0
177607,WHO,0
177954,WHO,1
178452,WHO,1
179453,WHO,0
179462,WHO,0
179554,WHO,0
179571,WHO,0
179700,WHO,0
179811,WHO,1
180544,WHO,0
181207,WHO,0
181497,WHO,0
181521,WHO,0
181557,WHO,0
182152,WHO,0
183153,WHO,0
708249,WHO,0
729291,WHO,1
729406,WHO,0
739235,WHO,0
808371,WHO,1
808720,WHO,1
808793,WHO,1
810004,WHO,0
810081,WHO,0
810496,WHO,0
810530,WHO,1
828783,WHO,1
892524,WHO,1
866,WHO,0
9440,WHO,0
9492,WHO,0
12486,WHO,0
14520,WHO,0
15002,WHO,0
15311,WHO,0
15906,WHO,0
15975,WHO,0
17089,WHO,0
17153,WHO,0
18211,WHO,0
18521,WHO,0
18905,WHO,0
19643,WHO,0
50368,WHO,1
50371,WHO,0
50411,WHO,0
50431,WHO,1
52403,WHO,0
52494,WHO,0
52542,WHO,0
53314,WHO,1
53371,WHO,0
53440,WHO,0
53754,WHO,1
54179,WHO,0
54259,WHO,0
54633,WHO,0
54720,WHO,0
55074,WHO,0
55307,WHO,0
55524,WHO,0
55857,WHO,0
56733,WHO,0
56878,WHO,0
57117,WHO,0
57223,WHO,0
57228,WHO,0
57301,WHO,0
57400,WHO,0
57401,WHO,0
64940,WHO,0
65054,WHO,1
65128,WHO,0
65244,WHO,0
65270,WHO,0
65328,WHO,1
65350,WHO,0
65362,WHO,0
65386,WHO,0
78017,WHO,0
78060,WHO,0
78111,WHO,0
78212,WHO,0
79935,WHO,0
97004,WHO,0
97126,WHO,0
97281,WHO,0
98081,WHO,0
107229,WHO,1
107338,WHO,1
109657,WHO,1
115319,WHO,0
135718,WHO,0
135846,WHO,1
136286,WHO,0
136318,WHO,0
136407,WHO,0
136487,WHO,0
136531,WHO,0
136781,WHO,0
136824,WHO,0
137324,WHO,1
137440,WHO,0
138193,WHO,0
140602,WHO,1
140611,WHO,0
146934,WHO,1
147248,ALL,1
147514,ALL,0
147855,ALL,0
150090,WHO,0
150596,WHO,0
151102,WHO,0
151263,WHO,0
151268,WHO,0
151309,WHO,0
151599,WHO,0
151753,WHO,0
151787,WHO,0
151842,WHO,0
151923,WHO,0
151927,WHO,0
155519,WHO,1
155635,WHO,1
155666,WHO,0
165405,WHO,1
165450,WHO,0
166338,WHO,0
166924,WHO,0
166968,WHO,1
166983,WHO,1
167453,WHO,0
168437,WHO,0
169658,WHO,0
169706,WHO,0
169777,WHO,0
169895,WHO,0
169936,WHO,0
170125,WHO,0
170370,WHO,0
170402,WHO,0
171265,WHO,0
171291,WHO,0
171397,WHO,0
171404,WHO,0
171432,WHO,0
171582,WHO,0
171678,WHO,0
171691,WHO,0
171766,WHO,0
171770,WHO,0
171779,WHO,0
171864,WHO,0
174894,ALL,0
178090,WHO,0
178101,WHO,1
178104,WHO,0
179047,WHO,1
179078,WHO,1
179641,WHO,1
179722,WHO,0
179732,WHO,1
179956,WHO,0
180463,WHO,0
180540,WHO,0
181139,WHO,0
181296,WHO,0
181415,WHO,0
373476,WHO,1
699915,WHO,0
699985,WHO,0
705355,WHO,0
705415,WHO,1
705491,WHO,1
725689,WHO,0
739209,WHO,1
808777,WHO,1
810025,WHO,0
810271,WHO,1
810291,WHO,0
810364,WHO,0
810425,WHO,1
810449,WHO,1
810498,WHO,1
812686,WHO,0
820978,WHO,0
868,WHO,1
12308,WHO,0
12942,WHO,0
13124,WHO,0
13807,WHO,0
14861,WHO,0
15032,WHO,0
15218,WHO,0
15709,WHO,0
16919,WHO,0
18101,WHO,0
18804,WHO,0
18991,WHO,0
19856,WHO,0
21442,ALL,1
36088,WHO,1
52337,WHO,0
52504,WHO,0
52760,WHO,0
53316,WHO,1
53414,WHO,1
53424,WHO,0
53428,WHO,1
53495,WHO,1
53706,WHO,1
53707,WHO,0
54076,WHO,0
54122,WHO,0
54247,WHO,1
54905,WHO,0
54908,WHO,0
55066,WHO,0
55152,WHO,0
55314,WHO,0
55536,WHO,0
55577,WHO,0
55588,WHO,0
55627,WHO,0
55703,WHO,0
55894,WHO,0
56138,WHO,0
56265,WHO,0
56450,WHO,0
56736,WHO,0
56777,WHO,0
56996,WHO,1
57037,WHO,0
57096,WHO,0
57207,WHO,0
57245,WHO,0
58592,WHO,1
58626,WHO,0
61699,WHO,1
61882,WHO,1
62127,WHO,1
64675,WHO,0
64679,WHO,0
64878,WHO,1
65159,WHO,0
65589,WHO,0
65752,WHO,0
65764,WHO,1
78022,WHO,0
78024,WHO,0
78069,WHO,0
78140,WHO,0
79809,WHO,0
96747,WHO,0
96796,WHO,0
96903,WHO,0
97270,WHO,0
97498,WHO,0
107295,WHO,0
120053,WHO,1
126390,WHO,0
135167,WHO,0
135592,WHO,0
135830,WHO,0
136227,WHO,0
136564,WHO,0
136588,WHO,0
136719,WHO,0
136775,WHO,1
136838,WHO,0
136973,WHO,0
137074,WHO,0
137177,WHO,0
137190,WHO,1
137294,WHO,0
137390,WHO,1
138048,WHO,0
139611,WHO,0
139752,WHO,0
139900,WHO,1
140506,WHO,0
140702,WHO,0
140797,WHO,0
147465,ALL,0
147730,ALL,0
147796,ALL,0
148011,ALL,1
148047,ALL,1
148358,ALL,0
148373,ALL,1
150354,WHO,0
150567,WHO,0
150959,WHO,0
151148,WHO,0
151392,WHO,0
155617,WHO,0
155671,WHO,1
155674,WHO,1
165428,WHO,1
165435,WHO,0
165460,WHO,1
165978,WHO,1
166064,WHO,1
166100,WHO,0
166102,WHO,1
167412,WHO,0
167550,WHO,0
167810,WHO,0
167871,WHO,0
168490,WHO,0
168567,WHO,0
169783,WHO,0
171470,WHO,0
171822,WHO,0
171906,WHO,0
174356,WHO,1
178060,WHO,0
178072,WHO,0
178482,WHO,0
179569,WHO,0
179828,WHO,1
179972,WHO,0
180356,WHO,0
180518,WHO,0
181247,WHO,0
181583,WHO,0
181588,WHO,0
374642,ALL,0
699912,WHO,0
699990,WHO,0
705519,WHO,0
708230,WHO,0
739214,WHO,1
740967,WHO,0
790032,WHO,1
808766,WHO,0
810030,WHO,0
810308,WHO,0
811259,WHO,0
812670,WHO,1
892543,WHO,1
896,WHO,0
904,WHO,0
9284,WHO,0
9296,WHO,0
13629,WHO,0
14431,WHO,0
15249,WHO,0
16118,WHO,0
16271,WHO,0
17871,WHO,1
18498,WHO,0
19858,WHO,0
34188,WHO,1
34438,WHO,1
34546,WHO,0
34626,WHO,0
50046,WHO,0
50360,WHO,0
52533,WHO,0
52612,WHO,1
52727,WHO,0
52753,WHO,0
53497,WHO,1
53501,WHO,1
53576,WHO,0
53598,WHO,0
53645,WHO,0
53781,WHO,0
53866,WHO,0
54016,WHO,0
54051,WHO,0
54486,WHO,0
55065,WHO,1
55240,WHO,0
55358,WHO,0
55928,WHO,0
56181,WHO,0
56596,WHO,0
56600,WHO,1
56711,WHO,1
56761,WHO,0
56901,WHO,0
56952,WHO,0
56977,WHO,1
57358,WHO,0
57397,WHO,0
57490,WHO,0
57570,WHO,0
62186,WHO,1
65084,WHO,0
65179,WHO,0
65205,WHO,0
65439,WHO,0
65574,WHO,0
76368,WHO,1
77999,WHO,0
78349,WHO,1
79447,WHO,0
79468,WHO,0
79866,WHO,0
97783,WHO,0
98129,WHO,0
98205,WHO,0
107332,WHO,0
119829,WHO,0
120068,WHO,1
124810,WHO,0
124816,WHO,0
135131,WHO,0
135851,WHO,1
136266,WHO,0
136282,WHO,0
136786,WHO,0
137297,WHO,0
137499,WHO,0
137580,WHO,1
137665,WHO,0
137980,WHO,1
138044,WHO,1
138113,WHO,0
139561,WHO,0
139670,WHO,1
139705,WHO,0
139801,WHO,0
139836,WHO,0
139855,WHO,0
140514,WHO,0
140526,WHO,0
140626,WHO,1
140778,WHO,0
147607,ALL,1
147844,ALL,0
147849,ALL,0
147914,ALL,1
147955,ALL,1
148234,ALL,1
148367,ALL,1
150108,WHO,0
150558,WHO,0
151365,WHO,0
151607,WHO,0
151817,WHO,0
151932,WHO,0
164394,WHO,1
166345,WHO,0
167543,WHO,0
167852,WHO,1
168895,WHO,0
169106,WHO,0
169730,WHO,0
169744,WHO,0
170068,WHO,0
170139,WHO,0
170155,WHO,1
170231,WHO,0
171540,WHO,0
171761,WHO,0
173398,WHO,0
173448,WHO,0
177938,WHO,0
178481,WHO,0
179080,WHO,1
179509,WHO,0
179530,WHO,0
179914,WHO,1
179980,WHO,0
180479,WHO,0
180490,WHO,0
180583,WHO,0
181172,WHO,0
181176,WHO,0
181385,WHO,0
181540,WHO,0
181568,WHO,0
374972,ALL,0
374993,ALL,0
707386,WHO,1
708251,WHO,0
729459,WHO,0
739219,WHO,0
739247,WHO,1
808384,WHO,0
810014,WHO,0
810414,WHO,1
810485,WHO,1
810536,WHO,1
812553,WHO,0
812555,WHO,0
812611,WHO,0
820854,WHO,0
892525,WHO,1
6967,ALL,0
7004,ALL,1
12562,WHO,0
16131,WHO,0
16797,WHO,0
18099,WHO,0
18333,WHO,0
18478,WHO,0
19743,WHO,0
34532,WHO,0
52361,WHO,0
52822,WHO,0
53265,WHO,0
53688,WHO,0
53744,WHO,0
54334,WHO,0
54719,WHO,0
54921,WHO,0
54933,WHO,0
55006,WHO,0
55382,WHO,0
55699,WHO,0
55785,WHO,0
55985,WHO,0
56231,WHO,0
56403,WHO,0
56857,WHO,0
57128,WHO,0
57130,WHO,0
57154,WHO,0
57534,WHO,0
57792,WHO,0
58574,WHO,0
61782,WHO,1
62156,WHO,0
62165,WHO,0
64668,WHO,1
65141,WHO,0
65221,WHO,0
65603,WHO,1
65737,WHO,0
78337,WHO,0
79918,WHO,0
88092,WHO,1
96709,WHO,0
97250,WHO,0
97379,WHO,0
124963,WHO,0
126324,WHO,0
126389,WHO,0
135017,WHO,0
135504,WHO,0
135769,WHO,1
136431,WHO,0
136997,WHO,0
137114,WHO,0
137425,WHO,1
137623,WHO,0
137699,WHO,0
137816,WHO,0
137978,WHO,0
139539,WHO,0
139704,WHO,0
139822,WHO,1
139832,WHO,0
140501,WHO,0
140600,WHO,0
140769,WHO,0
147227,ALL,1
147251,ALL,1
147381,ALL,1
147518,ALL,0
148013,ALL,1
148077,ALL,1
148112,ALL,1
148299,ALL,1
150065,WHO,0
150179,WHO,0
150636,WHO,0
150917,WHO,0
151126,WHO,0
151162,WHO,0
151233,WHO,0
151395,WHO,0
151760,WHO,0
155577,WHO,1
164906,WHO,0
167102,WHO,0
167230,WHO,0
167647,WHO,0
167813,WHO,0
168422,WHO,0
168547,WHO,0
169013,WHO,0
169052,WHO,0
170220,WHO,0
170260,WHO,0
170344,WHO,0
170350,WHO,0
171348,WHO,0
171413,WHO,0
171487,WHO,1
171742,WHO,0
171824,WHO,0
171933,WHO,0
173403,WHO,0
173546,WHO,0
173569,WHO,0
173584,WHO,0
174160,WHO,0
174338,WHO,0
174385,WHO,0
178041,WHO,0
178089,WHO,0
179028,WHO,0
179720,WHO,1
179759,WHO,0
181336,WHO,0
181553,WHO,0
373624,WHO,0
699916,WHO,0
705567,WHO,1
707417,WHO,0
707425,WHO,0
739170,WHO,1
739254,WHO,1
808418,WHO,1
808736,WHO,0
810051,WHO,0
810096,WHO,1
810422,WHO,1
811139,WHO,0
812551,WHO,0
812697,WHO,1
820865,WHO,0
843072,WHO,0
843132,WHO,0
12276,WHO,0
15030,WHO,0
16323,WHO,0
17505,WHO,0
17976,WHO,0
18885,WHO,0
19243,WHO,0
34303,WHO,0
34738,WHO,0
50063,WHO,1
52798,WHO,0
52809,WHO,0
53651,WHO,0
54318,WHO,0
54433,WHO,0
54517,WHO,0
54570,WHO,0
55234,WHO,0
55849,WHO,0
55933,WHO,0
55988,WHO,0
56000,WHO,0
56019,WHO,0
56889,WHO,0
56900,WHO,0
57092,WHO,0
57109,WHO,0
57189,WHO,0
57253,WHO,0
57330,WHO,0
57526,WHO,0
60351,WHO,1
62200,WHO,0
64599,WHO,1
64787,WHO,0
65514,WHO,0
65758,WHO,0
77981,WHO,0
78021,WHO,0
78115,WHO,0
85435,WHO,0
96554,WHO,0
96629,WHO,0
96845,WHO,0
97681,WHO,0
97761,WHO,0
107249,WHO,1
107331,WHO,0
107555,WHO,1
115270,WHO,0
117685,WHO,1
126417,WHO,0
135022,WHO,0
136473,WHO,0
137172,WHO,1
138161,WHO,0
138185,WHO,1
138745,WHO,0
139516,WHO,0
139648,WHO,0
139775,WHO,0
140558,WHO,0
140655,WHO,0
147229,ALL,0
147431,ALL,1
147580,ALL,1
147618,ALL,0
147888,ALL,1
147940,ALL,1
150378,WHO,0
150532,WHO,0
150709,WHO,0
150737,WHO,0
151077,WHO,0
151094,WHO,0
151124,WHO,0
151586,WHO,0
151660,WHO,0
165488,WHO,1
166325,WHO,0
166759,WHO,0
166973,WHO,0
167022,WHO,0
167471,WHO,0
167723,WHO,0
169486,WHO,0
169501,WHO,0
169754,WHO,0
169928,WHO,0
170130,WHO,0
170148,WHO,0
170256,WHO,0
170302,WHO,0
171457,WHO,0
171542,WHO,0
171577,WHO,0
171720,WHO,0
171939,WHO,0
171956,WHO,0
173410,WHO,0
173475,WHO,0
173552,WHO,0
174374,WHO,0
178370,WHO,0
178576,WHO,1
178601,WHO,0
179645,WHO,0
179677,WHO,0
179824,WHO,1
179891,WHO,0
179898,WHO,0
179974,WHO,0
180000,WHO,0
180375,WHO,1
180528,WHO,1
181146,WHO,0
181412,WHO,0
181604,WHO,0
182295,WHO,0
182371,WHO,0
182381,WHO,0
698639,WHO,0
700042,WHO,0
705436,WHO,0
739194,WHO,1
810140,WHO,0
810196,WHO,0
810331,WHO,0
810426,WHO,0
828777,WHO,0
843061,WHO,0
843093,WHO,0
892532,WHO,0
6871,ALL,0
7039,ALL,0
12423,WHO,0
14498,WHO,1
15861,WHO,0
16302,WHO,0
16515,WHO,0
16913,WHO,0
16960,WHO,0
17016,WHO,1
17905,WHO,0
18435,WHO,0
19220,WHO,0
19292,WHO,0
34159,WHO,0
45580,WHO,1
50043,WHO,1
52488,WHO,0
52495,WHO,0
52670,WHO,0
52711,WHO,0
53432,WHO,1
53602,WHO,0
53895,WHO,0
54450,WHO,0
54695,WHO,0
54713,WHO,0
54983,WHO,0
55118,WHO,0
55187,WHO,0
55423,WHO,0
55662,WHO,0
56053,WHO,0
56285,WHO,0
56339,WHO,0
56473,WHO,0
56528,WHO,0
56555,WHO,0
56565,WHO,0
56706,WHO,0
56961,WHO,0
57152,WHO,0
57275,WHO,0
57453,WHO,0
57793,WHO,1
61889,WHO,1
62010,WHO,1
62078,WHO,0
64776,WHO,1
64796,WHO,0
65104,WHO,0
65176,WHO,0
65368,WHO,0
65661,WHO,0
65775,WHO,0
78082,WHO,0
79767,WHO,0
79965,WHO,0
80015,WHO,0
96654,WHO,0
97540,WHO,0
97704,WHO,0
98079,WHO,0
107292,WHO,1
107513,WHO,0
119855,WHO,0
120062,WHO,1
124909,WHO,0
124962,WHO,0
135620,WHO,0
135632,WHO,0
136250,WHO,0
137111,WHO,0
137246,WHO,0
137586,WHO,1
137809,WHO,1
137814,WHO,0
137915,WHO,0
138154,WHO,0
139622,WHO,0
139740,WHO,0
140690,WHO,0
140775,WHO,0
140801,WHO,1
141199,WHO,0
147445,ALL,0
147726,ALL,1
147876,ALL,0
147912,ALL,1
147976,ALL,1
148074,ALL,0
148215,ALL,1
148288,ALL,1
148375,ALL,0
150177,WHO,0
150468,WHO,0
150691,WHO,0
150870,WHO,0
151119,WHO,0
151181,WHO,0
151344,WHO,0
151388,WHO,0
151801,WHO,0
154926,ALL,0
154955,ALL,1
154991,ALL,0
155670,WHO,1
164490,WHO,1
165690,WHO,1
166928,WHO,0
166935,WHO,1
167812,WHO,0
167866,WHO,0
168104,WHO,0
169109,WHO,0
169577,WHO,0
169627,WHO,0
169726,WHO,0
169732,WHO,0
169849,WHO,0
169888,WHO,0
170222,WHO,0
171785,WHO,1
171895,WHO,0
171936,WHO,0
173579,WHO,0
174918,ALL,0
174931,ALL,0
177943,WHO,0
178592,WHO,0
178624,WHO,0
178641,WHO,0
179552,WHO,0
179591,WHO,0
179603,WHO,1
179632,WHO,1
179790,WHO,0
180347,WHO,0
181107,WHO,0
181186,WHO,0
181340,WHO,0
182545,WHO,0
705458,WHO,0
739244,WHO,1
739250,WHO,0
808751,WHO,1
810021,WHO,0
810102,WHO,0
810211,WHO,0
810506,WHO,0
812529,WHO,1
812532,WHO,0
812549,WHO,0
812588,WHO,1
843045,WHO,0
843117,WHO,0
892561,WHO,1
809,WHO,0
7030,ALL,1
14921,WHO,0
15066,WHO,0
15461,WHO,0
17129,WHO,0
17693,WHO,0
17857,WHO,0
19940,WHO,1
50388,WHO,1
50414,WHO,0
52376,WHO,0
52434,WHO,0
52766,WHO,1
53293,WHO,1
53315,WHO,1
53319,WHO,1
53552,WHO,1
53623,WHO,0
53717,WHO,1
53736,WHO,0
53782,WHO,0
53787,WHO,0
53991,WHO,0
54979,WHO,0
55342,WHO,0
55439,WHO,0
55541,WHO,0
55598,WHO,0
55612,WHO,0
55676,WHO,0
55830,WHO,0
56026,WHO,0
56051,WHO,0
56101,WHO,0
56299,WHO,0
56941,WHO,0
56958,WHO,0
57393,WHO,0
57647,WHO,0
57682,WHO,0
57798,WHO,1
58602,WHO,0
61951,WHO,1
62086,WHO,0
62187,WHO,0
64618,WHO,0
64950,WHO,1
65103,WHO,0
65256,WHO,0
65277,WHO,0
65385,WHO,0
65414,WHO,0
65468,WHO,0
65503,WHO,0
65757,WHO,0
78026,WHO,0
79769,WHO,0
79823,WHO,0
79907,WHO,0
97778,WHO,0
101709,WHO,0
107257,WHO,0
107523,WHO,0
107544,WHO,1
107554,WHO,0
115329,WHO,0
117756,WHO,0
119579,WHO,1
136373,WHO,0
136571,WHO,0
137164,WHO,0
138175,WHO,1
139724,WHO,0
140782,WHO,1
147386,ALL,1
147475,ALL,0
147485,ALL,0
148116,ALL,1
150689,WHO,0
150694,WHO,0
150883,WHO,0
150939,WHO,0
151794,WHO,0
151840,WHO,0
165436,WHO,1
166361,WHO,0
167289,WHO,1
167407,WHO,0
168304,WHO,0
168731,WHO,0
168903,WHO,1
169107,WHO,0
169739,WHO,0
169961,WHO,0
170102,WHO,0
170246,WHO,0
170268,WHO,0
171239,WHO,0
171250,WHO,0
171347,WHO,0
171477,WHO,0
171628,WHO,0
171685,WHO,0
171738,WHO,0
171808,WHO,0
173257,WHO,0
173380,WHO,0
173428,WHO,0
173458,WHO,0
174365,WHO,0
177983,WHO,1
178099,WHO,0
178456,WHO,1
178587,WHO,0
179021,WHO,0
179510,WHO,0
179710,WHO,0
179715,WHO,0
179953,WHO,0
180407,WHO,0
180414,WHO,0
180572,WHO,0
181201,WHO,0
181354,WHO,0
181519,WHO,0
181590,WHO,0
699993,WHO,0
705511,WHO,1
708223,WHO,1
708246,WHO,0
739243,WHO,0
808750,WHO,1
808808,WHO,1
810015,WHO,0
810023,WHO,0
810060,WHO,1
810068,WHO,1
810077,WHO,0
810243,WHO,0
810247,WHO,1
810253,WHO,0
810553,WHO,0
812522,WHO,0
888290,WHO,0
892558,WHO,1
840,WHO,1
6932,ALL,0
9290,WHO,0
9518,WHO,0
12741,WHO,0
12902,WHO,0
13238,WHO,0
14459,WHO,1
15496,WHO,0
15537,WHO,0
15669,WHO,0
18071,WHO,1
45506,WHO,1
50141,WHO,0
50351,WHO,1
52643,WHO,0
52773,WHO,0
53593,WHO,1
53795,WHO,0
53909,WHO,0
54686,WHO,0
55011,WHO,0
55059,WHO,0
55253,WHO,0
55254,WHO,0
55368,WHO,0
55625,WHO,0
55870,WHO,0
57281,WHO,0
57434,WHO,0
57643,WHO,0
57764,WHO,0
64634,WHO,0
64723,WHO,0
64854,WHO,0
65572,WHO,0
65579,WHO,1
65744,WHO,0
77915,WHO,0
78125,WHO,0
79472,WHO,0
79833,WHO,0
79855,WHO,0
79914,WHO,0
80003,WHO,0
83925,WHO,1
96882,WHO,0
97292,WHO,0
97341,WHO,0
98215,WHO,0
119682,WHO,1
126394,WHO,0
135425,WHO,0
136839,WHO,0
137081,WHO,1
137134,WHO,0
137359,WHO,0
137806,WHO,0
138097,WHO,0
138141,WHO,1
139817,WHO,0
139826,WHO,0
147374,ALL,1
147513,ALL,0
147566,ALL,1
147773,ALL,0
148091,ALL,0
148174,ALL,1
148194,ALL,1
150554,WHO,0
151067,WHO,0
155511,WHO,0
155589,WHO,1
155659,WHO,0
164406,WHO,0
165394,WHO,1
166101,WHO,0
167078,WHO,0
167081,WHO,1
167203,WHO,1
167319,WHO,1
169889,WHO,0
170109,WHO,0
170118,WHO,0
170245,WHO,1
170294,WHO,0
171257,WHO,0
171320,WHO,0
171472,WHO,0
171503,WHO,1
171769,WHO,0
171913,WHO,0
171949,WHO,0
173434,WHO,0
178380,WHO,1
179863,WHO,0
180351,WHO,0
180405,WHO,0
180417,WHO,0
180441,WHO,0
181089,WHO,0
181292,WHO,0
181364,WHO,0
181444,WHO,0
181550,WHO,0
181599,WHO,0
182079,WHO,0
182208,WHO,0
739177,WHO,1
790036,WHO,1
810063,WHO,0
810191,WHO,1
810316,WHO,0
810337,WHO,0
810372,WHO,0
892565,WHO,0
7028,ALL,1
14164,WHO,0
14237,WHO,0
15275,WHO,0
15885,WHO,0
16368,WHO,0
17346,WHO,0
34795,WHO,1
45537,WHO,0
45548,WHO,1
45576,WHO,0
45583,WHO,1
50037,WHO,0
50140,WHO,0
52447,WHO,0
53777,WHO,1
54015,WHO,0
54306,WHO,0
55027,WHO,0
55197,WHO,0
55422,WHO,0
55689,WHO,0
55768,WHO,0
55957,WHO,0
56032,WHO,0
56388,WHO,1
57147,WHO,0
57320,WHO,0
57409,WHO,0
57712,WHO,0
58625,WHO,0
62122,WHO,1
64677,WHO,0
64911,WHO,1
64939,WHO,0
65531,WHO,0
65707,WHO,0
76164,WHO,0
78194,WHO,0
78353,WHO,0
96732,WHO,0
96754,WHO,1
97538,WHO,0
97892,WHO,0
98190,WHO,0
119728,WHO,0
124854,WHO,0
135301,WHO,0
135728,WHO,0
136170,WHO,0
136649,WHO,0
136766,WHO,1
137793,WHO,0
138000,WHO,0
138012,WHO,1
138033,WHO,0
139634,WHO,0
139676,WHO,1
139708,WHO,0
139847,WHO,0
141247,WHO,0
147556,ALL,0
147737,ALL,0
147840,ALL,0
147875,ALL,0
148034,ALL,1
148145,ALL,1
148159,ALL,1
150271,WHO,0
150620,WHO,0
150860,WHO,0
151289,WHO,0
155651,WHO,1
155667,WHO,1
165399,WHO,1
165913,WHO,0
168447,WHO,0
169045,WHO,1
169060,WHO,0
169101,WHO,0
169111,WHO,0
169636,WHO,0
169686,WHO,0
169887,WHO,0
170085,WHO,0
170180,WHO,0
170232,WHO,0
170415,WHO,0
171246,WHO,0
171285,WHO,1
171461,WHO,0
171549,WHO,0
171690,WHO,0
172381,WHO,0
173273,WHO,0
173430,WHO,0
173504,WHO,0
177564,WHO,0
178544,WHO,1
178582,WHO,1
179658,WHO,0
179831,WHO,0
179886,WHO,0
179985,WHO,1
180506,WHO,0
180523,WHO,1
181511,WHO,0
182460,WHO,0
699983,WHO,0
708250,WHO,0
713447,WHO,0
810016,WHO,0
810090,WHO,0
810276,WHO,0
810470,WHO,1
812609,WHO,1
8615,ALL,1
14518,WHO,0
15045,WHO,0
15050,WHO,1
16203,WHO,0
17008,WHO,0
17064,WHO,0
18640,WHO,1
18679,WHO,0
22443,ALL,0
46758,WHO,0
50060,WHO,1
52370,WHO,0
52554,WHO,0
53284,WHO,0
53724,WHO,0
54035,WHO,0
54728,WHO,0
54952,WHO,0
55203,WHO,0
55303,WHO,0
55405,WHO,0
55410,WHO,0
55982,WHO,0
56008,WHO,0
56108,WHO,0
56442,WHO,0
56458,WHO,0
56517,WHO,0
57052,WHO,0
57053,WHO,0
57181,WHO,0
57190,WHO,0
57421,WHO,0
57545,WHO,0
57564,WHO,0
57606,WHO,1
61692,WHO,0
64926,WHO,1
64946,WHO,1
65021,WHO,0
65093,WHO,0
79469,WHO,0
85442,WHO,0
95453,WHO,1
97354,WHO,0
97910,WHO,0
98000,WHO,0
107260,WHO,1
117602,WHO,0
117699,WHO,1
117753,WHO,1
126393,WHO,0
135138,WHO,0
135701,WHO,0
136191,WHO,0
136422,WHO,0
136463,WHO,0
136756,WHO,0
136789,WHO,0
136858,WHO,0
137136,WHO,0
137460,WHO,1
137482,WHO,0
137509,WHO,0
137862,WHO,1
138152,WHO,1
139578,WHO,0
139853,WHO,0
140762,WHO,0
147343,ALL,1
147349,ALL,1
147402,ALL,1
147591,ALL,1
148225,ALL,1
148390,ALL,0
150165,WHO,0
150555,WHO,0
150634,WHO,0
150680,WHO,0
150693,WHO,0
150904,WHO,0
151072,WHO,0
151328,WHO,0
154953,ALL,0
165442,WHO,1
165455,WHO,1
165924,WHO,1
166051,WHO,0
166097,WHO,1
166975,WHO,1
167468,WHO,0
167490,WHO,0
167635,WHO,0
167789,WHO,0
168829,WHO,0
169558,WHO,0
169587,WHO,0
169661,WHO,0
169669,WHO,1
169707,WHO,0
170211,WHO,0
171469,WHO,1
171583,WHO,0
171820,WHO,0
173383,WHO,0
174881,ALL,0
177933,WHO,1
178071,WHO,0
179490,WHO,0
179528,WHO,0
179736,WHO,0
179872,WHO,0
181360,WHO,0
181555,WHO,0
373502,WHO,0
705435,WHO,0
705445,WHO,1
808382,WHO,1
810031,WHO,1
810108,WHO,0
810178,WHO,0
810294,WHO,0
810443,WHO,0
812516,WHO,0
812605,WHO,0
812614,WHO,1
820841,WHO,0
843116,WHO,0
933863,WHO,0
6909,ALL,0
9288,WHO,0
9495,WHO,0
12600,WHO,0
13568,WHO,0
14025,WHO,0
15752,WHO,0
15825,WHO,0
16597,WHO,0
16963,WHO,0
17006,WHO,0
17237,WHO,0
17273,WHO,0
17414,WHO,0
17868,WHO,0
18006,WHO,0
18170,WHO,0
19140,WHO,1
45495,WHO,0
45539,WHO,0
52522,WHO,0
53408,WHO,0
53732,WHO,0
53803,WHO,0
54008,WHO,1
54278,WHO,1
54332,WHO,0
54724,WHO,0
55158,WHO,0
55407,WHO,1
55520,WHO,0
56189,WHO,0
56254,WHO,0
56559,WHO,0
56663,WHO,0
57054,WHO,0
57628,WHO,0
57662,WHO,0
61711,WHO,1
61816,WHO,0
62144,WHO,0
64886,WHO,0
65130,WHO,0
65335,WHO,0
65558,WHO,1
65619,WHO,0
65712,WHO,0
78345,WHO,1
78389,WHO,1
79901,WHO,0
79937,WHO,0
96359,WHO,0
97152,WHO,0
97429,WHO,0
97951,WHO,0
120070,WHO,1
126326,WHO,0
135019,WHO,0
135254,WHO,0
135521,WHO,0
135565,WHO,0
135604,WHO,0
136696,WHO,1
136698,WHO,0
136746,WHO,0
137376,WHO,1
138007,WHO,1
139726,WHO,0
139785,WHO,0
139812,WHO,0
140520,WHO,0
140709,WHO,0
147224,ALL,1
147907,ALL,0
147985,ALL,0
148028,ALL,1
150313,WHO,0
150641,WHO,0
150938,WHO,0
151306,WHO,0
151340,WHO,0
151370,WHO,0
151720,WHO,0
154937,ALL,0
155493,WHO,1
166112,WHO,0
166635,WHO,0
166963,WHO,1
167284,WHO,1
167308,WHO,0
167464,WHO,0
169014,WHO,0
169089,WHO,1
169502,WHO,0
169799,WHO,0
169872,WHO,0
169943,WHO,0
170023,WHO,0
171276,WHO,0
171417,WHO,0
171430,WHO,0
171910,WHO,0
173530,WHO,0
174347,WHO,0
174865,ALL,0
177951,WHO,0
178023,WHO,0
178533,WHO,0
178622,WHO,1
179544,WHO,0
179570,WHO,0
179774,WHO,0
179776,WHO,0
179857,WHO,0
179889,WHO,0
180446,WHO,0
181123,WHO,0
181418,WHO,0
181495,WHO,0
181549,WHO,0
182168,WHO,0
182936,WHO,0
373609,WHO,0
374588,ALL,0
375002,ALL,0
375016,ALL,0
705354,WHO,0
705475,WHO,1
705555,WHO,0
708207,WHO,1
708221,WHO,0
713453,WHO,0
725690,WHO,1
729405,WHO,0
790021,WHO,0
790047,WHO,0
810127,WHO,0
810154,WHO,0
810173,WHO,1
810430,WHO,1
820896,WHO,1
843043,WHO,0
843108,WHO,0
888268,WHO,1
823,WHO,1
856,WHO,1
9524,WHO,0
14666,WHO,0
14986,WHO,0
15596,WHO,0
16075,WHO,0
16230,WHO,0
16268,WHO,1
16411,WHO,0
17583,WHO,0
17608,WHO,0
17797,WHO,0
18308,WHO,0
19489,WHO,0
45415,WHO,0
45528,WHO,0
45529,WHO,1
52374,WHO,0
52444,WHO,0
52489,WHO,0
52675,WHO,0
52737,WHO,0
52793,WHO,0
52832,WHO,0
53337,WHO,0
53479,WHO,0
53537,WHO,0
53540,WHO,0
53604,WHO,0
53851,WHO,0
53926,WHO,0
54043,WHO,0
54227,WHO,0
54736,WHO,0
54867,WHO,0
55482,WHO,0
55499,WHO,0
55586,WHO,0
55674,WHO,0
55814,WHO,0
55932,WHO,0
55958,WHO,1
55980,WHO,0
55992,WHO,0
56178,WHO,0
56431,WHO,0
56538,WHO,0
56628,WHO,0
57169,WHO,0
57684,WHO,0
57688,WHO,0
57743,WHO,1
60276,WHO,1
60362,WHO,1
61822,WHO,1
62112,WHO,0
62197,WHO,1
64685,WHO,0
64748,WHO,1
64833,WHO,0
65186,WHO,0
65261,WHO,0
65429,WHO,0
65551,WHO,0
65642,WHO,0
78089,WHO,0
78179,WHO,0
78278,WHO,1
78312,WHO,1
78368,WHO,1
79796,WHO,0
88116,WHO,1
97929,WHO,0
98074,WHO,0
98227,WHO,0
107226,WHO,0
109627,WHO,1
117690,WHO,0
119799,WHO,0
137167,WHO,0
137298,WHO,1
137427,WHO,0
137569,WHO,0
147429,ALL,0
147949,ALL,1
148345,ALL,1
150606,WHO,0
150676,WHO,0
151543,WHO,0
151702,WHO,0
151824,WHO,0
155023,ALL,0
165418,WHO,1
165777,WHO,0
166567,WHO,1
166803,WHO,0
167143,WHO,1
167285,WHO,0
167921,WHO,0
168476,WHO,0
169061,WHO,1
169108,WHO,0
169561,WHO,0
169674,WHO,0
169930,WHO,0
169948,WHO,0
169958,WHO,0
169959,WHO,0
171377,WHO,0
171942,WHO,0
173268,WHO,0
173374,WHO,0
173397,WHO,0
173538,WHO,0
173572,WHO,0
177922,WHO,0
178051,WHO,0
178083,WHO,0
178976,WHO,0
179697,WHO,1
179988,WHO,0
181113,WHO,0
181265,WHO,0
181477,WHO,0
181534,WHO,0
181560,WHO,0
181580,WHO,0
181625,WHO,0
373613,WHO,1
374947,ALL,0
705349,WHO,0
705404,WHO,1
707410,WHO,0
739188,WHO,0
810412,WHO,1
810445,WHO,1
810510,WHO,0
810542,WHO,1
892572,WHO,0
8581,ALL,0
13050,WHO,0
14884,WHO,0
17924,WHO,0
17936,WHO,0
17948,WHO,0
18844,WHO,0
19253,WHO,0
19476,WHO,0
45476,WHO,0
52443,WHO,1
52518,WHO,1
53373,WHO,0
53393,WHO,0
53585,WHO,0
53682,WHO,0
53701,WHO,0
53702,WHO,0
53843,WHO,0
54069,WHO,0
54238,WHO,0
54338,WHO,1
54606,WHO,0
54637,WHO,0
54751,WHO,0
54910,WHO,1
54929,WHO,0
55021,WHO,0
55394,WHO,0
55686,WHO,0
55874,WHO,0
56462,WHO,0
56670,WHO,0
56799,WHO,0
57123,WHO,0
57237,WHO,0
57422,WHO,0
57445,WHO,0
61730,WHO,1
61970,WHO,1
62028,WHO,0
64735,WHO,1
64743,WHO,0
65037,WHO,0
65087,WHO,0
65146,WHO,0
65460,WHO,0
76246,WHO,1
78047,WHO,0
78062,WHO,0
78100,WHO,0
78102,WHO,0
79992,WHO,0
97459,WHO,0
97831,WHO,0
101458,WHO,0
101678,WHO,0
124853,WHO,1
126791,WHO,0
135025,WHO,0
135727,WHO,1
135739,WHO,0
136530,WHO,0
136750,WHO,0
136799,WHO,0
136939,WHO,0
137781,WHO,0
137788,WHO,0
137815,WHO,1
137951,WHO,0
138125,WHO,0
138155,WHO,1
139521,WHO,0
139682,WHO,0
139806,WHO,0
140509,WHO,0
140513,WHO,1
147368,ALL,0
147879,ALL,0
147943,ALL,1
147968,ALL,1
147973,ALL,1
148026,ALL,1
148211,ALL,1
148279,ALL,1
148297,ALL,1
148410,ALL,1
150673,WHO,0
151157,WHO,0
151722,WHO,0
151781,WHO,0
151877,WHO,0
155509,WHO,0
155612,WHO,0
165393,WHO,0
166137,WHO,0
166322,WHO,1
166339,WHO,0
167620,WHO,0
167950,WHO,0
168534,WHO,0
169099,WHO,0
169476,WHO,0
169864,WHO,0
170371,WHO,0
171309,WHO,0
171425,WHO,0
171481,WHO,1
171744,WHO,0
171870,WHO,0
171950,WHO,0
172453,WHO,0
178397,WHO,0
179477,WHO,0
179592,WHO,0
179642,WHO,0
179669,WHO,1
179959,WHO,0
179976,WHO,0
181169,WHO,0
373599,WHO,1
699991,WHO,0
705376,WHO,0
725762,WHO,0
808734,WHO,1
810362,WHO,1
811211,WHO,1
820872,WHO,0
843164,WHO,0
892526,WHO,0
869,WHO,1
7041,ALL,1
13149,WHO,0
13200,WHO,0
13984,WHO,0
14266,WHO,0
17881,WHO,0
18715,WHO,0
19449,WHO,0
20028,WHO,0
34767,WHO,0
34837,WHO,0
42125,WHO,0
45610,WHO,0
52572,WHO,0
53422,WHO,1
53457,WHO,1
53575,WHO,0
53847,WHO,0
54266,WHO,0
54412,WHO,0
54752,WHO,1
55004,WHO,1
55319,WHO,1
55762,WHO,0
56123,WHO,0
56139,WHO,0
56145,WHO,0
56410,WHO,0
56592,WHO,0
56611,WHO,0
56772,WHO,0
56832,WHO,0
56834,WHO,0
56849,WHO,0
56916,WHO,0
57371,WHO,0
60368,WHO,1
62054,WHO,0
62218,WHO,0
64477,WHO,0
64750,WHO,0
64913,WHO,0
65067,WHO,1
65341,WHO,0
65637,WHO,0
65749,WHO,0
77985,WHO,0
78005,WHO,0
78065,WHO,0
78108,WHO,0
78151,WHO,0
78800,WHO,0
79995,WHO,0
96895,WHO,0
97248,WHO,0
98064,WHO,0
98132,WHO,0
115299,WHO,1
124901,WHO,0
126354,WHO,0
135612,WHO,0
136349,WHO,0
136903,WHO,0
137261,WHO,0
137547,WHO,0
137921,WHO,0
139546,WHO,0
147859,ALL,1
148144,ALL,1
150050,WHO,0
150104,WHO,0
150250,WHO,0
150741,WHO,0
151316,WHO,0
151769,WHO,0
155598,WHO,1
155679,WHO,1
164423,WHO,1
165452,WHO,0
165960,WHO,1
167132,WHO,0
167312,WHO,1
167314,WHO,1
168520,WHO,0
169116,WHO,0
170271,WHO,0
170349,WHO,0
171762,WHO,0
173462,WHO,0
173519,WHO,0
173804,WHO,0
174798,ALL,0
177923,WHO,0
178008,WHO,1
178501,WHO,1
178532,WHO,1
179662,WHO,0
179783,WHO,0
179975,WHO,0
180388,WHO,1
180392,WHO,0
181422,WHO,0
182206,WHO,0
698645,WHO,1
699964,WHO,0
700054,WHO,0
700056,WHO,0
705427,WHO,1
725678,WHO,1
729439,WHO,0
739208,WHO,1
790025,WHO,0
810003,WHO,0
810033,WHO,0
810099,WHO,0
810179,WHO,0
810252,WHO,0
810293,WHO,0
810459,WHO,0
812561,WHO,0
843101,WHO,0
843163,WHO,0
888272,WHO,1
6912,ALL,1
12461,WHO,0
14606,WHO,0
15144,WHO,0
15777,WHO,0
15958,WHO,0
18217,WHO,0
18974,WHO,0
34283,WHO,0
34325,WHO,0
34842,WHO,0
45482,WHO,1
45551,WHO,1
50038,WHO,0
50050,WHO,1
52475,WHO,0
52583,WHO,0
52602,WHO,0
53257,WHO,0
53562,WHO,1
53582,WHO,0
53730,WHO,1
53764,WHO,1
53778,WHO,1
53863,WHO,0
54876,WHO,0
54877,WHO,0
55338,WHO,0
55371,WHO,0
55487,WHO,0
55532,WHO,0
55707,WHO,0
56193,WHO,0
56357,WHO,0
56499,WHO,0
56630,WHO,0
57045,WHO,0
57250,WHO,0
57432,WHO,0
58622,WHO,0
61737,WHO,1
61955,WHO,0
64628,WHO,0
64841,WHO,0
65019,WHO,0
65053,WHO,0
65070,WHO,1
65188,WHO,1
65309,WHO,0
65343,WHO,1
65431,WHO,0
65718,WHO,0
76144,WHO,1
77911,WHO,0
78018,WHO,0
78218,WHO,0
79532,WHO,0
85443,WHO,1
96562,WHO,0
96602,WHO,0
97274,WHO,0
97405,WHO,0
122066,WHO,1
124718,WHO,0
126340,WHO,0
135710,WHO,0
136844,WHO,0
136859,WHO,1
136970,WHO,0
137647,WHO,0
137736,WHO,0
137939,WHO,0
139507,WHO,0
139619,WHO,0
140794,WHO,1
146828,WHO,1
147541,ALL,0
147818,ALL,0
148164,ALL,1
148286,ALL,0
148322,ALL,1
148357,ALL,1
148394,ALL,1
150194,WHO,0
150220,WHO,0
150674,WHO,0
150914,WHO,0
151135,WHO,0
151509,WHO,0
151852,WHO,0
154971,ALL,1
164439,WHO,1
165457,WHO,0
166098,WHO,1
166153,WHO,0
167419,WHO,0
167462,WHO,0
167823,WHO,0
167870,WHO,0
168894,WHO,0
168980,WHO,0
169088,WHO,0
169198,WHO,0
169205,WHO,0
169478,WHO,0
169482,WHO,1
169596,WHO,0
170165,WHO,0
170424,WHO,0
171630,WHO,0
171641,WHO,0
171659,WHO,0
171706,WHO,0
172383,WHO,0
173261,WHO,0
177958,WHO,0
178536,WHO,0
179470,WHO,0
179609,WHO,0
179802,WHO,0
179832,WHO,0
179941,WHO,0
180488,WHO,0
180491,WHO,0
180567,WHO,0
181234,WHO,0
181284,WHO,0
182824,WHO,0
374655,ALL,0
698646,WHO,1
705451,WHO,1
705563,WHO,1
729367,WHO,0
808759,WHO,1
810145,WHO,0
810268,WHO,1
810334,WHO,0
888333,WHO,1
892521,WHO,0
862,WHO,1
13115,WHO,0
16026,WHO,0
16552,WHO,0
17548,WHO,0
18644,WHO,0
19839,WHO,0
22403,ALL,0
34691,WHO,1
40654,WHO,0
45503,WHO,0
45599,WHO,0
53266,WHO,0
54537,WHO,0
54778,WHO,0
55300,WHO,0
55428,WHO,0
55546,WHO,0
55746,WHO,0
55797,WHO,0
55829,WHO,0
56067,WHO,0
56116,WHO,0
56338,WHO,0
56494,WHO,0
56715,WHO,0
57444,WHO,0
58573,WHO,1
61696,WHO,1
61709,WHO,0
61728,WHO,1
62037,WHO,1
65048,WHO,0
65056,WHO,0
76237,WHO,1
76358,WHO,0
77959,WHO,0
78066,WHO,0
78186,WHO,0
97412,WHO,0
97631,WHO,0
98138,WHO,0
101573,WHO,0
101576,WHO,0
101603,WHO,0
107210,WHO,0
107293,WHO,0
117612,WHO,0
117725,WHO,1
135024,WHO,0
135405,WHO,0
135628,WHO,0
135707,WHO,0
136139,WHO,0
136163,WHO,0
136323,WHO,0
136476,WHO,0
136702,WHO,0
137314,WHO,0
137785,WHO,1
138101,WHO,1
138144,WHO,0
138417,WHO,0
138619,WHO,0
139605,WHO,0
140555,WHO,0
140560,WHO,0
140757,WHO,0
147598,ALL,1
147819,ALL,0
147897,ALL,1
148064,ALL,0
148120,ALL,0
148350,ALL,1
150145,WHO,0
150211,WHO,0
150734,WHO,0
150772,WHO,0
150920,WHO,0
150921,WHO,0
151526,WHO,0
154933,ALL,0
155521,WHO,1
164806,WHO,0
164986,WHO,0
165030,WHO,0
165465,WHO,0
165482,WHO,1
165483,WHO,1
166305,WHO,1
166956,WHO,0
168300,WHO,0
168569,WHO,0
168951,WHO,0
169117,WHO,0
169470,WHO,0
169477,WHO,0
169485,WHO,0
169703,WHO,0
169808,WHO,0
169873,WHO,0
169886,WHO,0
170092,WHO,0
170457,WHO,1
171277,WHO,0
171310,WHO,0
171386,WHO,0
171387,WHO,0
171426,WHO,0
171556,WHO,0
171569,WHO,0
171736,WHO,0
173265,WHO,0
173379,WHO,0
173404,WHO,0
178360,WHO,0
178442,WHO,0
178597,WHO,0
178956,WHO,0
179457,WHO,1
179483,WHO,1
179565,WHO,1
179756,WHO,0
179854,WHO,1
179885,WHO,1
181149,WHO,0
181362,WHO,0
181413,WHO,0
181494,WHO,0
181523,WHO,0
181535,WHO,0
181600,WHO,0
182355,WHO,0
182373,WHO,0
182384,WHO,0
182439,WHO,0
373491,WHO,0
374607,ALL,0
699937,WHO,0
700051,WHO,0
705381,WHO,0
705419,WHO,1
790224,WHO,1
808729,WHO,1
810091,WHO,0
810186,WHO,0
820868,WHO,0
820907,WHO,0
888325,WHO,0
892508,WHO,1
12557,WHO,0
13120,WHO,0
13356,WHO,0
13957,WHO,0
15416,WHO,0
15626,WHO,0
17319,WHO,0
17838,WHO,0
34312,WHO,1
34826,WHO,0
50054,WHO,1
50426,WHO,1
52729,WHO,0
53344,WHO,0
53346,WHO,0
53390,WHO,1
53581,WHO,0
53737,WHO,0
54176,WHO,0
54284,WHO,0
54407,WHO,0
54604,WHO,0
54774,WHO,0
55209,WHO,0
55345,WHO,0
55389,WHO,0
55531,WHO,0
55902,WHO,0
56114,WHO,0
56601,WHO,0
56699,WHO,0
56797,WHO,0
56906,WHO,0
57043,WHO,0
57075,WHO,0
57267,WHO,0
57282,WHO,0
57331,WHO,0
58584,WHO,1
64640,WHO,0
64659,WHO,0
64774,WHO,0
64862,WHO,0
64905,WHO,0
65549,WHO,0
65785,WHO,0
78304,WHO,0
95606,WHO,0
96572,WHO,0
96627,WHO,0
96820,WHO,0
98024,WHO,0
101635,WHO,0
117579,WHO,0
117747,WHO,0
122167,WHO,0
124844,WHO,0
135021,WHO,0
135221,WHO,0
135317,WHO,0
135593,WHO,0
135765,WHO,0
136299,WHO,0
136554,WHO,0
136904,WHO,0
137640,WHO,0
139558,WHO,0
139746,WHO,1
139761,WHO,0
139791,WHO,1
140554,WHO,0
140698,WHO,1
147218,ALL,0
147387,ALL,0
147476,ALL,1
147503,ALL,1
147534,ALL,0
147606,ALL,0
147779,ALL,0
147785,ALL,0
150155,WHO,0
150471,WHO,0
150723,WHO,0
150916,WHO,0
151110,WHO,0
151159,WHO,0
151431,WHO,0
151565,WHO,0
151690,WHO,0
155498,WHO,1
155558,WHO,1
155653,WHO,1
155656,WHO,1
164960,WHO,0
165981,WHO,0
167135,WHO,1
167767,WHO,0
168536,WHO,0
168867,WHO,0
169544,WHO,0
169567,WHO,0
169593,WHO,0
169701,WHO,0
169752,WHO,0
169900,WHO,0
170272,WHO,0
171668,WHO,0
171712,WHO,0
171725,WHO,0
171916,WHO,0
173444,WHO,0
173479,WHO,0
178962,WHO,0
179075,WHO,1
179535,WHO,0
179583,WHO,0
179586,WHO,0
179600,WHO,0
179869,WHO,1
181196,WHO,0
181325,WHO,0
181408,WHO,0
181503,WHO,0
181513,WHO,0
182190,WHO,0
182304,WHO,0
375000,ALL,0
705368,WHO,0
705479,WHO,0
705549,WHO,1
790235,WHO,0
790256,WHO,1
843065,WHO,0
7003,ALL,1
15163,WHO,0
15707,WHO,0
17252,WHO,0
18158,WHO,0
19050,WHO,0
19500,WHO,0
34640,WHO,1
34673,WHO,1
50139,WHO,0
52565,WHO,0
53250,WHO,1
53330,WHO,1
53675,WHO,1
53878,WHO,0
53923,WHO,0
54588,WHO,0
54669,WHO,0
54851,WHO,0
55043,WHO,0
55317,WHO,0
55363,WHO,0
55383,WHO,0
55514,WHO,0
56041,WHO,0
56216,WHO,0
56241,WHO,0
56532,WHO,0
56593,WHO,0
56647,WHO,0
56730,WHO,0
56859,WHO,0
56942,WHO,0
57205,WHO,0
57268,WHO,0
57430,WHO,0
57554,WHO,0
60365,WHO,1
61706,WHO,0
61713,WHO,0
61869,WHO,1
62030,WHO,0
64603,WHO,0
64716,WHO,0
65249,WHO,1
65317,WHO,0
65763,WHO,1
79743,WHO,0
96483,WHO,0
97189,WHO,0
97648,WHO,0
107251,WHO,1
107329,WHO,0
117609,WHO,1
117618,WHO,0
117626,WHO,0
124813,WHO,0
126058,WHO,0
126388,WHO,0
135051,WHO,0
135174,WHO,0
135279,WHO,0
136235,WHO,0
136673,WHO,0
136735,WHO,0
136894,WHO,0
136897,WHO,0
136929,WHO,0
137029,WHO,0
137087,WHO,0
137287,WHO,1
137417,WHO,0
139552,WHO,0
139606,WHO,0
139720,WHO,0
139750,WHO,0
147395,ALL,1
147437,ALL,0
148088,ALL,1
148099,ALL,0
148157,ALL,1
148253,ALL,1
150698,WHO,0
150827,WHO,0
151117,WHO,0
151735,WHO,0
151784,WHO,0
151804,WHO,0
154985,ALL,0
155673,WHO,1
164636,WHO,1
167083,WHO,0
167636,WHO,0
168379,WHO,0
169823,WHO,0
169875,WHO,0
169892,WHO,0
170036,WHO,0
170045,WHO,0
170149,WHO,0
170163,WHO,0
170269,WHO,0
170423,WHO,0
171288,WHO,0
171428,WHO,0
171519,WHO,0
171814,WHO,0
173618,WHO,0
179066,WHO,1
179616,WHO,0
179964,WHO,1
180496,WHO,0
180548,WHO,0
180941,WHO,0
181223,WHO,0
181272,WHO,0
182177,WHO,0
182366,WHO,0
182503,WHO,0
699917,WHO,0
699933,WHO,0
699975,WHO,0
699981,WHO,0
700027,WHO,0
707382,WHO,0
713435,WHO,0
808754,WHO,1
810045,WHO,0
810052,WHO,0
810103,WHO,0
810216,WHO,0
810220,WHO,0
810355,WHO,0
811215,WHO,1
812528,WHO,0
812590,WHO,1
812596,WHO,1
820972,WHO,0
828776,WHO,0
843154,WHO,0
888330,WHO,1
6952,ALL,0
12495,WHO,1
15775,WHO,0
19175,WHO,0
19686,WHO,0
19709,WHO,0
19876,WHO,0
22447,ALL,0
34158,WHO,0
34307,WHO,1
34334,WHO,0
34701,WHO,0
34820,WHO,0
34852,WHO,1
52589,WHO,0
52596,WHO,0
53239,WHO,1
53505,WHO,1
53539,WHO,0
53808,WHO,0
53832,WHO,0
53864,WHO,0
54208,WHO,0
54255,WHO,1
54466,WHO,1
54469,WHO,0
54551,WHO,0
54597,WHO,0
55029,WHO,0
55030,WHO,0
55041,WHO,0
55051,WHO,0
55354,WHO,0
55493,WHO,0
55788,WHO,0
55872,WHO,0
55945,WHO,0
56228,WHO,0
56374,WHO,0
56755,WHO,0
56763,WHO,0
57374,WHO,0
57550,WHO,0
61803,WHO,0
62081,WHO,1
62193,WHO,1
64646,WHO,0
64884,WHO,0
64981,WHO,0
65369,WHO,0
65424,WHO,0
65588,WHO,0
65641,WHO,1
76265,WHO,0
77904,WHO,0
80008,WHO,0
96880,WHO,0
97345,WHO,1
97403,WHO,0
97652,WHO,0
98243,WHO,0
107599,WHO,1
117687,WHO,1
119791,WHO,0
124756,WHO,0
126704,WHO,0
128665,WHO,0
135623,WHO,0
135839,WHO,1
136563,WHO,0
137163,WHO,1
137564,WHO,1
137593,WHO,0
138201,WHO,0
139662,WHO,0
139672,WHO,0
139825,WHO,1
139904,WHO,0
140499,WHO,0
140650,WHO,1
147207,ALL,1
147544,ALL,0
147798,ALL,0
147811,ALL,0
147830,ALL,1
148224,ALL,1
150454,WHO,0
150897,WHO,0
150912,WHO,0
151016,WHO,0
151071,WHO,0
151214,WHO,0
151241,WHO,0
151384,WHO,0
151492,WHO,0
151778,WHO,0
155620,WHO,1
164401,WHO,0
166930,WHO,0
167301,WHO,0
168398,WHO,0
168728,WHO,0
168992,WHO,0
169072,WHO,1
169086,WHO,0
169779,WHO,0
169791,WHO,0
169817,WHO,0
169850,WHO,0
169855,WHO,0
169975,WHO,0
169998,WHO,0
170207,WHO,0
170372,WHO,0
171281,WHO,0
171371,WHO,0
171385,WHO,0
171570,WHO,0
171893,WHO,0
173508,WHO,0
173533,WHO,0
177147,WHO,0
178010,WHO,0
178427,WHO,1
178603,WHO,0
179598,WHO,0
179626,WHO,1
179765,WHO,1
181120,WHO,0
181514,WHO,0
181517,WHO,0
182092,WHO,0
182153,WHO,0
373617,WHO,1
374652,ALL,0
705409,WHO,1
705559,WHO,0
708218,WHO,0
790022,WHO,0
812546,WHO,1
812550,WHO,0
812586,WHO,1
812675,WHO,1
820965,WHO,1
888269,WHO,0
888304,WHO,1
933864,WHO,1
946362,WHO,1
915,WHO,0
9475,WHO,0
12976,WHO,0
15255,WHO,0
15292,WHO,0
15340,WHO,0
15559,WHO,0
16308,WHO,1
16997,WHO,0
34311,WHO,1
34827,WHO,1
40424,WHO,1
45492,WHO,0
45590,WHO,0
52383,WHO,0
52719,WHO,0
52759,WHO,0
52787,WHO,0
53426,WHO,1
53799,WHO,1
54128,WHO,0
54281,WHO,0
54408,WHO,1
54798,WHO,0
54994,WHO,0
55053,WHO,0
55172,WHO,0
55207,WHO,0
55356,WHO,0
55462,WHO,0
55504,WHO,0
55655,WHO,0
55783,WHO,0
56221,WHO,0
56389,WHO,0
56492,WHO,1
56586,WHO,0
56836,WHO,0
57160,WHO,0
57264,WHO,0
57386,WHO,0
62166,WHO,1
62184,WHO,0
64613,WHO,0
64877,WHO,0
64894,WHO,0
64928,WHO,1
65121,WHO,1
65311,WHO,0
65512,WHO,0
77921,WHO,0
77941,WHO,0
79750,WHO,0
79785,WHO,0
79962,WHO,0
79964,WHO,0
96364,WHO,1
101525,WHO,0
117757,WHO,0
124794,WHO,0
126404,WHO,0
135104,WHO,0
135139,WHO,0
135544,WHO,0
135717,WHO,1
136409,WHO,0
136429,WHO,0
136896,WHO,0
137228,WHO,1
137288,WHO,0
137558,WHO,0
137844,WHO,0
137970,WHO,0
138054,WHO,1
139537,WHO,0
139613,WHO,0
139615,WHO,0
139674,WHO,0
140756,WHO,0
147396,ALL,1
147418,ALL,1
147555,ALL,0
147608,ALL,0
148109,ALL,1
148214,ALL,0
148304,ALL,1
148348,ALL,1
148366,ALL,1
150287,WHO,1
150422,WHO,0
151095,WHO,0
151324,WHO,0
151325,WHO,0
151385,WHO,0
151782,WHO,0
154949,ALL,1
155024,ALL,0
164917,WHO,1
164939,WHO,0
165010,WHO,0
165956,WHO,1
166124,WHO,0
167237,WHO,0
169574,WHO,0
169655,WHO,0
169741,WHO,0
169750,WHO,1
169796,WHO,1
169815,WHO,0
170011,WHO,0
170073,WHO,0
170082,WHO,0
170113,WHO,0
170198,WHO,0
170310,WHO,1
171485,WHO,1
171629,WHO,0
171760,WHO,0
171905,WHO,0
171920,WHO,0
171946,WHO,0
177972,WHO,0
177973,WHO,1
178350,WHO,1
179459,WHO,0
181094,WHO,0
181375,WHO,0
181456,WHO,0
181581,WHO,0
181597,WHO,0
181628,WHO,0
182320,WHO,0
182506,WHO,0
374967,ALL,0
374969,ALL,0
699994,WHO,0
705523,WHO,0
705541,WHO,0
708220,WHO,1
729340,WHO,0
729430,WHO,0
729456,WHO,0
739238,WHO,1
739249,WHO,1
790223,WHO,1
810042,WHO,1
810132,WHO,0
812674,WHO,0
812703,WHO,1
888296,WHO,1
888324,WHO,1
892528,WHO,0
858,WHO,1
14422,WHO,0
14918,WHO,0
15077,WHO,0
16661,WHO,0
17042,WHO,0
17195,WHO,0
19333,WHO,0
19450,WHO,0
34302,WHO,1
34321,WHO,0
36087,WHO,1
40425,WHO,0
45417,WHO,1
50152,WHO,1
52738,WHO,0
52754,WHO,0
53260,WHO,0
53637,WHO,0
54155,WHO,0
54299,WHO,0
54308,WHO,0
54735,WHO,0
54814,WHO,0
54824,WHO,1
55255,WHO,0
55301,WHO,0
55344,WHO,0
55361,WHO,0
55528,WHO,0
55551,WHO,0
55592,WHO,0
55919,WHO,0
55959,WHO,0
56322,WHO,0
56694,WHO,0
56714,WHO,0
56720,WHO,0
56899,WHO,0
56946,WHO,0
57249,WHO,0
57786,WHO,0
58571,WHO,1
60361,WHO,1
61781,WHO,1
61823,WHO,1
62051,WHO,1
62132,WHO,1
64739,WHO,0
64900,WHO,0
64956,WHO,0
64998,WHO,0
65225,WHO,0
65397,WHO,0
76178,WHO,0
77908,WHO,0
78076,WHO,0
78325,WHO,0
78336,WHO,0
79527,WHO,0
96770,WHO,0
98163,WHO,0
107472,WHO,1
107501,WHO,1
124798,WHO,0
135073,WHO,0
135484,WHO,0
136834,WHO,0
137047,WHO,0
137113,WHO,1
137169,WHO,0
137456,WHO,0
137544,WHO,0
137714,WHO,1
137944,WHO,1
138085,WHO,0
139584,WHO,0
139850,WHO,0
140644,WHO,0
141215,WHO,1
147565,ALL,0
147632,ALL,0
147718,ALL,1
147781,ALL,0
147808,ALL,1
147828,ALL,1
147860,ALL,0
148383,ALL,1
150682,WHO,0
150712,WHO,0
150756,WHO,0
150924,WHO,0
151121,WHO,0
151251,WHO,0
151291,WHO,0
151401,WHO,0
151745,WHO,0
151754,WHO,0
155604,WHO,0
155657,WHO,1
164451,WHO,0
165170,WHO,0
165486,WHO,1
166078,WHO,1
166946,WHO,1
167118,WHO,1
167418,WHO,1
168583,WHO,0
168838,WHO,0
169545,WHO,0
169683,WHO,0
169756,WHO,0
170051,WHO,0
170078,WHO,0
170400,WHO,0
171561,WHO,0
171662,WHO,0
173509,WHO,0
173531,WHO,0
174817,ALL,0
177920,WHO,0
177935,WHO,0
177982,WHO,0
178474,WHO,0
178531,WHO,0
179003,WHO,1
179770,WHO,0
180391,WHO,0
181106,WHO,0
181117,WHO,0
181526,WHO,0
181592,WHO,0
182311,WHO,0
182532,WHO,0
183212,WHO,0
374587,ALL,0
705350,WHO,0
705389,WHO,0
707424,WHO,0
739236,WHO,1
741026,WHO,0
808372,WHO,0
810205,WHO,0
810235,WHO,0
810304,WHO,0
810325,WHO,0
810391,WHO,0
810413,WHO,0
811263,WHO,0
812699,WHO,1
7032,ALL,0
12071,WHO,0
13639,WHO,0
13640,WHO,0
14627,WHO,0
14933,WHO,1
15185,WHO,0
17255,WHO,0
18347,WHO,0
45414,WHO,0
45511,WHO,0
52580,WHO,0
52656,WHO,0
52723,WHO,0
53289,WHO,1
53555,WHO,1
53579,WHO,0
53733,WHO,0
54007,WHO,0
54355,WHO,0
54368,WHO,0
54473,WHO,0
54656,WHO,0
54791,WHO,1
54966,WHO,0
55143,WHO,0
55327,WHO,0
55543,WHO,0
56107,WHO,0
56249,WHO,0
56282,WHO,0
56333,WHO,0
56336,WHO,0
56536,WHO,0
56627,WHO,0
56822,WHO,0
56888,WHO,0
56908,WHO,0
57144,WHO,0
57475,WHO,0
61806,WHO,1
62217,WHO,1
64986,WHO,0
65280,WHO,1
65356,WHO,0
65408,WHO,0
65411,WHO,0
65427,WHO,0
77929,WHO,1
78197,WHO,0
78292,WHO,0
79748,WHO,0
79788,WHO,0
79906,WHO,0
95601,WHO,1
96361,WHO,1
96802,WHO,0
96834,WHO,0
97024,WHO,0
97188,WHO,0
98126,WHO,0
107206,WHO,1
107334,WHO,1
115399,WHO,0
117710,WHO,1
124840,WHO,0
124847,WHO,0
126367,WHO,0
128656,WHO,1
135224,WHO,0
135828,WHO,0
136297,WHO,0
136361,WHO,0
136518,WHO,0
136660,WHO,0
136667,WHO,0
137090,WHO,1
138568,WHO,0
139594,WHO,1
140518,WHO,0
140546,WHO,0
140632,WHO,0
140676,WHO,0
141242,WHO,1
147408,ALL,0
147409,ALL,1
147492,ALL,1
147570,ALL,0
147638,ALL,1
148075,ALL,0
148078,ALL,0
150175,WHO,0
150203,WHO,0
150231,WHO,0
150813,WHO,0
150814,WHO,0
150941,WHO,0
151264,WHO,0
151364,WHO,0
151682,WHO,0
151752,WHO,0
151757,WHO,0
151771,WHO,0
151856,WHO,0
155608,WHO,1
155639,WHO,0
165449,WHO,1
165453,WHO,0
165928,WHO,1
166605,WHO,0
166626,WHO,1
167112,WHO,0
167868,WHO,0
168573,WHO,0
168742,WHO,0
168815,WHO,0
169098,WHO,0
169497,WHO,0
169573,WHO,0
169795,WHO,0
169919,WHO,0
169951,WHO,0
170029,WHO,0
170158,WHO,0
171245,WHO,0
171436,WHO,0
171584,WHO,0
171586,WHO,0
178467,WHO,0
179855,WHO,1
179979,WHO,0
181122,WHO,0
181152,WHO,0
181236,WHO,0
181287,WHO,0
181366,WHO,0
182897,WHO,0
374925,ALL,0
375007,ALL,0
699952,WHO,0
708222,WHO,0
740970,WHO,1
810097,WHO,0
810224,WHO,0
810281,WHO,0
810493,WHO,1
812602,WHO,1
812712,WHO,1
820869,WHO,0
888264,WHO,0
888322,WHO,1
909,WHO,0
6941,ALL,0
6942,ALL,0
6957,ALL,0
15057,WHO,0
15425,WHO,0
16078,WHO,0
17228,WHO,0
17378,WHO,0
18083,WHO,0
18861,WHO,0
18897,WHO,0
19701,WHO,0
20027,WHO,0
22291,ALL,0
34650,WHO,0
45525,WHO,0
50157,WHO,0
52328,WHO,0
52363,WHO,0
52628,WHO,1
52635,WHO,0
53568,WHO,0
53835,WHO,0
53850,WHO,0
53918,WHO,0
54430,WHO,0
54465,WHO,0
54888,WHO,0
54903,WHO,0
55082,WHO,0
55141,WHO,0
55202,WHO,0
55206,WHO,0
55243,WHO,0
55302,WHO,0
55479,WHO,0
55678,WHO,0
55688,WHO,0
55790,WHO,0
56255,WHO,0
56361,WHO,0
56626,WHO,0
56778,WHO,0
56826,WHO,1
56853,WHO,0
57021,WHO,1
57407,WHO,0
57468,WHO,0
57651,WHO,0
57678,WHO,0
57776,WHO,0
58555,WHO,1
61854,WHO,1
62004,WHO,1
62063,WHO,0
64639,WHO,0
64678,WHO,0
64846,WHO,0
65007,WHO,0
65050,WHO,0
65312,WHO,1
65432,WHO,0
65617,WHO,0
77916,WHO,0
78221,WHO,0
78310,WHO,0
79534,WHO,0
79763,WHO,0
79849,WHO,0
80013,WHO,0
97071,WHO,0
97075,WHO,0
97450,WHO,0
97739,WHO,0
97860,WHO,0
107343,WHO,0
109640,WHO,1
119678,WHO,0
124724,WHO,1
124946,WHO,1
135322,WHO,0
135622,WHO,0
136783,WHO,0
136937,WHO,0
137168,WHO,0
139760,WHO,0
139793,WHO,0
147491,ALL,1
147504,ALL,1
147728,ALL,0
147893,ALL,1
148025,ALL,1
148061,ALL,0
148065,ALL,1
150154,WHO,0
150665,WHO,0
150743,WHO,0
150890,WHO,0
151701,WHO,0
155049,ALL,0
155482,WHO,1
164397,WHO,1
165770,WHO,1
165929,WHO,0
165977,WHO,1
166978,WHO,1
167074,WHO,1
167908,WHO,0
168069,WHO,0
168374,WHO,0
168814,WHO,0
169150,WHO,0
169646,WHO,0
169755,WHO,1
171620,WHO,0
171624,WHO,0
171727,WHO,0
173521,WHO,0
174366,WHO,0
178388,WHO,0
178993,WHO,1
179670,WHO,1
179696,WHO,0
179742,WHO,0
179797,WHO,0
179911,WHO,0
180345,WHO,0
180406,WHO,0
180524,WHO,1
180580,WHO,0
181100,WHO,0
181164,WHO,0
181543,WHO,0
182289,WHO,0
182310,WHO,0
373597,WHO,0
374960,ALL,0
699913,WHO,0
699984,WHO,0
699988,WHO,0
705397,WHO,1
705487,WHO,1
705570,WHO,1
708252,WHO,0
729402,WHO,0
739210,WHO,1
740961,WHO,0
790053,WHO,0
810221,WHO,0
810333,WHO,0
810392,WHO,1
812527,WHO,0
812651,WHO,1
820867,WHO,0
820979,WHO,0
892563,WHO,0
6928,ALL,0
9291,WHO,0
12415,WHO,0
13024,WHO,0
16260,WHO,0
19268,WHO,0
34211,WHO,0
50031,WHO,1
52512,WHO,0
52673,WHO,0
53727,WHO,0
54578,WHO,0
54702,WHO,1
55036,WHO,0
55038,WHO,0
55155,WHO,0
55566,WHO,0
55718,WHO,0
56423,WHO,0
56748,WHO,0
56975,WHO,0
57129,WHO,0
57289,WHO,0
57504,WHO,0
57700,WHO,0
57716,WHO,1
64637,WHO,0
64834,WHO,0
65127,WHO,0
65313,WHO,0
65563,WHO,0
65753,WHO,0
78084,WHO,0
79520,WHO,0
96813,WHO,0
96996,WHO,0
97180,WHO,0
97338,WHO,0
97655,WHO,0
98050,WHO,0
101509,WHO,0
119742,WHO,1
126366,WHO,0
135232,WHO,0
135288,WHO,0
136462,WHO,0
137019,WHO,0
137211,WHO,1
137621,WHO,0
138130,WHO,0
139565,WHO,0
139623,WHO,0
139628,WHO,1
139728,WHO,0
140496,WHO,0
140722,WHO,0
147421,ALL,1
147635,ALL,1
147824,ALL,0
147854,ALL,0
150663,WHO,0
150818,WHO,0
151129,WHO,0
151396,WHO,0
151598,WHO,0
151700,WHO,0
151935,WHO,0
155548,WHO,1
164471,WHO,0
164629,WHO,1
164896,WHO,0
164901,WHO,1
165141,WHO,0
165961,WHO,0
166294,WHO,0
166577,WHO,1
166780,WHO,0
167365,WHO,0
168559,WHO,0
169516,WHO,0
169531,WHO,0
169605,WHO,0
169681,WHO,0
169804,WHO,0
169899,WHO,0
169967,WHO,0
170141,WHO,0
170281,WHO,0
171423,WHO,0
171427,WHO,0
171890,WHO,0
171925,WHO,0
178117,WHO,0
178349,WHO,1
178499,WHO,1
181153,WHO,0
181231,WHO,0
181267,WHO,0
181460,WHO,0
181525,WHO,0
183119,WHO,1
374891,ALL,0
699924,WHO,0
705384,WHO,0
705468,WHO,1
705547,WHO,0
739198,WHO,0
739253,WHO,1
810285,WHO,0
843020,WHO,1
843155,WHO,1
843166,WHO,0
888329,WHO,1
892517,WHO,1
892531,WHO,1
6930,ALL,1
9309,WHO,0
12734,WHO,0
14493,WHO,1
14509,WHO,0
16063,WHO,0
17015,WHO,1
17365,WHO,0
18487,WHO,0
34219,WHO,0
34340,WHO,0
42126,WHO,0
45426,WHO,0
50400,WHO,1
52562,WHO,0
52701,WHO,0
52761,WHO,0
53361,WHO,1
53532,WHO,0
53583,WHO,0
53721,WHO,1
53794,WHO,1
53798,WHO,0
54428,WHO,0
54508,WHO,0
54822,WHO,0
55192,WHO,0
55348,WHO,0
55452,WHO,0
55609,WHO,0
55656,WHO,0
55671,WHO,0
56126,WHO,0
56148,WHO,0
56257,WHO,0
56375,WHO,0
56615,WHO,0
56700,WHO,0
56880,WHO,0
57072,WHO,0
57141,WHO,0
57336,WHO,0
57365,WHO,0
57648,WHO,0
61679,WHO,0
64757,WHO,0
64889,WHO,0
65036,WHO,0
65226,WHO,0
65294,WHO,0
65326,WHO,0
65355,WHO,0
65538,WHO,1
65765,WHO,0
78128,WHO,0
79986,WHO,0
80027,WHO,0
96788,WHO,0
98143,WHO,0
107236,WHO,1
107420,WHO,1
117754,WHO,0
120072,WHO,1
126793,WHO,0
135029,WHO,0
135113,WHO,0
135256,WHO,0
136508,WHO,0
136641,WHO,0
136694,WHO,0
136723,WHO,0
137176,WHO,1
138010,WHO,0
138055,WHO,0
139532,WHO,0
139702,WHO,0
139868,WHO,0
140491,WHO,0
140609,WHO,1
147359,ALL,1
147933,ALL,1
148009,ALL,0
148070,ALL,0
148083,ALL,0
148094,ALL,1
148156,ALL,1
148346,ALL,1
150092,WHO,0
150134,WHO,0
150536,WHO,0
150631,WHO,0
150765,WHO,0
151056,WHO,0
151223,WHO,0
151369,WHO,0
151501,WHO,0
151525,WHO,0
151608,WHO,0
155515,WHO,1
155527,WHO,1
166604,WHO,0
167129,WHO,0
167399,WHO,0
167622,WHO,0
167662,WHO,0
167906,WHO,0
169206,WHO,0
169510,WHO,0
169731,WHO,0
169814,WHO,0
169847,WHO,0
169904,WHO,0
170071,WHO,0
171321,WHO,0
171353,WHO,0
171356,WHO,0
171642,WHO,0
171880,WHO,0
173580,WHO,0
177917,WHO,0
179001,WHO,1
179750,WHO,0
179807,WHO,1
181226,WHO,0
181319,WHO,0
181381,WHO,0
181419,WHO,0
181558,WHO,0
182386,WHO,0
374563,ALL,0
705386,WHO,0
705442,WHO,1
725680,WHO,0
729363,WHO,0
739179,WHO,1
741017,WHO,0
808408,WHO,1
810019,WHO,0
810165,WHO,1
810274,WHO,0
810380,WHO,0
810476,WHO,1
810538,WHO,1
6888,ALL,0
6896,ALL,0
7042,ALL,1
12777,WHO,0
12812,WHO,0
19791,WHO,0
19915,WHO,0
20022,WHO,0
45435,WHO,1
45549,WHO,0
50392,WHO,1
52575,WHO,0
52658,WHO,0
53403,WHO,1
53947,WHO,0
54298,WHO,1
54341,WHO,0
54544,WHO,1
54711,WHO,0
54925,WHO,0
55339,WHO,0
55458,WHO,0
55715,WHO,0
55730,WHO,0
56217,WHO,0
56422,WHO,0
56426,WHO,0
56487,WHO,0
56634,WHO,0
57116,WHO,0
57623,WHO,0
57766,WHO,1
61800,WHO,1
64762,WHO,1
64818,WHO,1
64842,WHO,0
64994,WHO,0
65339,WHO,0
65359,WHO,0
65409,WHO,0
65464,WHO,0
78121,WHO,0
78138,WHO,0
78281,WHO,1
124775,WHO,0
136421,WHO,0
136679,WHO,0
136850,WHO,0
136875,WHO,0
137307,WHO,1
137487,WHO,0
137545,WHO,1
137602,WHO,0
137657,WHO,1
139596,WHO,0
139696,WHO,0
139803,WHO,0
139835,WHO,0
140753,WHO,1
140792,WHO,0
147981,ALL,0
148158,ALL,0
148160,ALL,0
148264,ALL,0
148271,ALL,0
148303,ALL,0
148308,ALL,0
148318,ALL,1
150171,WHO,0
150403,WHO,0
150783,WHO,0
151300,WHO,0
151729,WHO,0
154921,ALL,1
155003,ALL,1
164386,WHO,1
165470,WHO,1
166105,WHO,0
167414,WHO,0
168107,WHO,0
168221,WHO,0
168599,WHO,0
168730,WHO,0
168927,WHO,0
168945,WHO,0
169697,WHO,0
169902,WHO,0
170033,WHO,0
170206,WHO,0
171372,WHO,0
171645,WHO,0
171733,WHO,0
173274,WHO,0
174886,ALL,0
178478,WHO,0
179673,WHO,1
179800,WHO,0
179874,WHO,1
181118,WHO,0
181134,WHO,0
181273,WHO,0
181396,WHO,1
181502,WHO,0
181613,WHO,0
182436,WHO,0
182528,WHO,0
374914,ALL,0
699962,WHO,0
708232,WHO,0
790054,WHO,0
808755,WHO,0
810203,WHO,0
810559,WHO,1
812567,WHO,0
843052,WHO,0
888298,WHO,1
892491,WHO,1
6883,ALL,0
12335,WHO,1
12578,WHO,0
13247,WHO,0
14006,WHO,0
15195,WHO,0
15567,WHO,0
15600,WHO,0
17445,WHO,0
19722,WHO,0
19772,WHO,0
19932,WHO,0
50059,WHO,1
52545,WHO,0
52699,WHO,0
52767,WHO,0
53277,WHO,0
53290,WHO,0
53402,WHO,1
53566,WHO,1
53571,WHO,0
53900,WHO,0
54045,WHO,0
54287,WHO,0
54679,WHO,0
54737,WHO,0
54833,WHO,0
54942,WHO,0
55012,WHO,0
55099,WHO,0
55176,WHO,0
55273,WHO,0
55527,WHO,0
56060,WHO,0
56104,WHO,0
56109,WHO,0
56421,WHO,0
56518,WHO,0
56726,WHO,0
56744,WHO,0
56805,WHO,0
56932,WHO,0
57055,WHO,0
57234,WHO,1
57446,WHO,0
57523,WHO,0
57677,WHO,0
57693,WHO,0
60370,WHO,1
61844,WHO,1
64713,WHO,0
65271,WHO,0
65423,WHO,0
65595,WHO,0
65600,WHO,0
65732,WHO,0
78054,WHO,0
78157,WHO,0
78326,WHO,0
97065,WHO,0
97199,WHO,0
97598,WHO,0
107401,WHO,0
115370,WHO,0
135643,WHO,0
135766,WHO,0
136449,WHO,0
136477,WHO,0
136540,WHO,0
137122,WHO,1
137127,WHO,1
137459,WHO,0
137700,WHO,1
137712,WHO,1
137845,WHO,0
139484,WHO,0
139678,WHO,0
140522,WHO,0
140750,WHO,0
140752,WHO,0
147516,ALL,1
147523,ALL,1
147720,ALL,0
147794,ALL,1
148162,ALL,1
148185,ALL,0
148343,ALL,1
150364,WHO,0
150447,WHO,0
150607,WHO,0
150752,WHO,0
150762,WHO,0
151195,WHO,0
151597,WHO,0
151681,WHO,0
151712,WHO,0
151811,WHO,0
165018,WHO,0
165467,WHO,1
165469,WHO,1
165501,WHO,0
165941,WHO,0
166087,WHO,0
166608,WHO,0
166614,WHO,1
168082,WHO,0
168378,WHO,0
168425,WHO,0
168721,WHO,0
168868,WHO,0
169562,WHO,0
169695,WHO,0
169699,WHO,0
169803,WHO,0
169927,WHO,0
170016,WHO,0
170173,WHO,0
171374,WHO,0
171511,WHO,1
171719,WHO,0
171768,WHO,0
171957,WHO,0
173527,WHO,0
174382,WHO,0
177395,WHO,0
178068,WHO,0
178390,WHO,1
178585,WHO,0
179551,WHO,1
179606,WHO,0
179652,WHO,0
179692,WHO,0
179771,WHO,0
179993,WHO,1
180561,WHO,0
181128,WHO,0
181179,WHO,0
181527,WHO,0
181606,WHO,0
182459,WHO,0
374994,ALL,0
375058,ALL,0
698636,WHO,1
705446,WHO,1
705560,WHO,1
707392,WHO,0
708205,WHO,1
790226,WHO,1
808724,WHO,1
810141,WHO,0
810157,WHO,0
810231,WHO,0
810272,WHO,0
810275,WHO,0
810368,WHO,0
810521,WHO,1
820866,WHO,0
820958,WHO,0
888286,WHO,1
888327,WHO,1
946361,WHO,0
9295,WHO,0
12192,WHO,0
12848,WHO,0
12970,WHO,0
16436,WHO,0
16543,WHO,0
19286,WHO,0
34195,WHO,1
50156,WHO,1
50390,WHO,1
50427,WHO,0
52632,WHO,0
53656,WHO,0
53700,WHO,0
54142,WHO,0
54499,WHO,1
54608,WHO,0
54749,WHO,1
55331,WHO,0
55430,WHO,0
55484,WHO,0
56577,WHO,0
57300,WHO,0
57324,WHO,0
57772,WHO,0
62027,WHO,1
62096,WHO,0
64624,WHO,0
65073,WHO,0
65129,WHO,0
65162,WHO,0
65230,WHO,0
65290,WHO,0
65376,WHO,0
65486,WHO,0
65506,WHO,1
65633,WHO,0
76169,WHO,1
78101,WHO,0
78131,WHO,0
78388,WHO,0
78799,WHO,0
79977,WHO,0
80005,WHO,0
96496,WHO,0
96649,WHO,0
117707,WHO,1
136574,WHO,0
136732,WHO,0
136921,WHO,0
137242,WHO,0
137386,WHO,0
137741,WHO,0
137754,WHO,0
139510,WHO,0
139575,WHO,0
139820,WHO,0
141225,WHO,1
147255,ALL,1
147407,ALL,1
147432,ALL,0
147589,ALL,1
147636,ALL,0
147952,ALL,1
148115,ALL,1
148261,ALL,1
150129,WHO,0
150222,WHO,0
150398,WHO,0
150510,WHO,0
150823,WHO,0
150861,WHO,0
151011,WHO,0
151718,WHO,0
151732,WHO,0
151873,WHO,0
155649,WHO,0
165143,WHO,0
166351,WHO,0
166600,WHO,1
167122,WHO,0
167869,WHO,0
169547,WHO,0
169645,WHO,0
169654,WHO,0
169713,WHO,0
169727,WHO,0
169740,WHO,0
169916,WHO,0
170066,WHO,0
170111,WHO,0
170311,WHO,0
171466,WHO,0
171681,WHO,0
173456,WHO,0
174361,WHO,0
179538,WHO,0
179550,WHO,0
179788,WHO,1
180378,WHO,1
180404,WHO,0
180409,WHO,0
180457,WHO,0
180475,WHO,0
181317,WHO,0
181571,WHO,0
182236,WHO,0
373598,WHO,0
374583,ALL,1
698630,WHO,0
705462,WHO,1
705512,WHO,0
725693,WHO,1
808769,WHO,1
810048,WHO,0
810286,WHO,0
810315,WHO,0
810419,WHO,1
810446,WHO,1
810516,WHO,1
810520,WHO,1
888300,WHO,1
933869,WHO,1
6910,ALL,0
9514,WHO,0
12413,WHO,0
14125,WHO,0
14461,WHO,0
15164,WHO,1
16669,WHO,0
17158,WHO,0
17646,WHO,0
18163,WHO,0
18289,WHO,0
18592,WHO,0
19110,WHO,0
19214,WHO,0
19257,WHO,0
19809,WHO,1
34517,WHO,1
52750,WHO,0
53353,WHO,1
53419,WHO,1
53455,WHO,0
53841,WHO,0
53916,WHO,0
53998,WHO,0
54949,WHO,0
55149,WHO,0
55249,WHO,0
55310,WHO,0
55623,WHO,0
55664,WHO,0
55714,WHO,0
55745,WHO,0
55807,WHO,0
56091,WHO,0
56218,WHO,0
56457,WHO,0
56865,WHO,0
56917,WHO,0
56962,WHO,0
57019,WHO,0
57094,WHO,0
57193,WHO,0
57219,WHO,0
57497,WHO,0
61954,WHO,1
64652,WHO,0
64932,WHO,0
64949,WHO,0
65010,WHO,0
65650,WHO,1
65657,WHO,0
78297,WHO,1
78385,WHO,1
79845,WHO,0
79868,WHO,0
80007,WHO,0
96561,WHO,0
96822,WHO,0
97040,WHO,0
97140,WHO,0
97621,WHO,0
97657,WHO,0
97960,WHO,0
107374,WHO,1
115372,WHO,0
122082,WHO,0
126703,WHO,0
135070,WHO,0
135170,WHO,0
135352,WHO,0
135863,WHO,1
136199,WHO,0
136505,WHO,1
136759,WHO,0
136855,WHO,0
136913,WHO,0
137150,WHO,0
137194,WHO,1
137527,WHO,0
137717,WHO,0
137743,WHO,0
138147,WHO,1
139543,WHO,0
139597,WHO,1
139744,WHO,0
140627,WHO,1
147208,ALL,0
147333,ALL,1
147350,ALL,1
147480,ALL,0
147630,ALL,0
147896,ALL,1
147958,ALL,0
147990,ALL,0
148236,ALL,0
150428,WHO,0
150760,WHO,0
151568,WHO,0
151689,WHO,0
151742,WHO,0
151776,WHO,0
151938,WHO,0
155549,WHO,1
155592,WHO,0
155630,WHO,1
166121,WHO,0
167429,WHO,0
167449,WHO,0
168003,WHO,0
168726,WHO,0
168729,WHO,0
168795,WHO,0
168830,WHO,0
169136,WHO,0
169519,WHO,0
169522,WHO,1
169774,WHO,0
171468,WHO,0
171506,WHO,0
171627,WHO,0
171696,WHO,0
172376,WHO,0
173407,WHO,0
174344,WHO,0
178550,WHO,0
178608,WHO,0
178611,WHO,1
178963,WHO,0
178971,WHO,0
179496,WHO,0
179671,WHO,1
180413,WHO,0
181238,WHO,0
181388,WHO,0
181556,WHO,0
182098,WHO,0
374981,ALL,0
699899,WHO,0
700009,WHO,0
705370,WHO,1
725679,WHO,1
739171,WHO,1
739212,WHO,1
808775,WHO,0
810181,WHO,0
812525,WHO,0
812655,WHO,1
820908,WHO,0
888339,WHO,1
6913,ALL,0
6945,ALL,0
6963,ALL,0
13147,WHO,0
13584,WHO,0
15038,WHO,0
15464,WHO,0
16113,WHO,1
16713,WHO,0
18771,WHO,0
19336,WHO,0
34315,WHO,0
34765,WHO,0
52392,WHO,1
53874,WHO,0
54030,WHO,0
54613,WHO,0
55045,WHO,0
55170,WHO,0
55321,WHO,0
55365,WHO,0
55537,WHO,0
55639,WHO,0
55652,WHO,0
55716,WHO,0
55822,WHO,0
56044,WHO,0
56072,WHO,0
56386,WHO,0
57093,WHO,0
57150,WHO,0
57340,WHO,0
57598,WHO,1
57711,WHO,0
57746,WHO,0
61935,WHO,1
61971,WHO,1
64936,WHO,1
64979,WHO,0
65015,WHO,0
65064,WHO,0
65092,WHO,0
65472,WHO,0
78086,WHO,0
78299,WHO,1
78335,WHO,1
97935,WHO,0
97953,WHO,0
107347,WHO,0
119792,WHO,0
124720,WHO,1
124805,WHO,0
136454,WHO,0
136542,WHO,0
136762,WHO,0
136780,WHO,0
136868,WHO,0
136933,WHO,0
137026,WHO,0
137356,WHO,1
139557,WHO,0
139625,WHO,0
139778,WHO,0
140512,WHO,0
140588,WHO,1
140740,WHO,0
147241,ALL,1
147508,ALL,1
147633,ALL,1
147752,ALL,0
147810,ALL,0
148038,ALL,1
148051,ALL,0
148198,ALL,0
148231,ALL,0
150109,WHO,1
150227,WHO,0
150478,WHO,0
150946,WHO,0
151090,WHO,0
151244,WHO,0
151335,WHO,0
151829,WHO,0
151868,WHO,0
155634,WHO,1
164425,WHO,1
165162,WHO,0
165194,WHO,0
165439,WHO,1
165937,WHO,0
166312,WHO,0
166337,WHO,1
167923,WHO,0
168451,WHO,0
168946,WHO,0
169186,WHO,0
169224,WHO,1
169719,WHO,0
169910,WHO,0
169924,WHO,0
169944,WHO,0
170201,WHO,0
170295,WHO,0
171411,WHO,0
171500,WHO,1
171524,WHO,1
171759,WHO,0
171801,WHO,0
171831,WHO,0
171887,WHO,0
171896,WHO,0
171943,WHO,0
173435,WHO,0
173583,WHO,0
173615,WHO,1
178057,WHO,1
178128,WHO,0
178369,WHO,0
179546,WHO,0
180424,WHO,0
180554,WHO,0
181103,WHO,0
181203,WHO,0
181208,WHO,1
181335,WHO,0
181358,WHO,0
181431,WHO,0
181603,WHO,0
182128,WHO,0
182370,WHO,0
182514,WHO,0
374585,ALL,0
739223,WHO,1
740969,WHO,0
808376,WHO,0
808400,WHO,0
808725,WHO,1
808796,WHO,0
810146,WHO,0
810458,WHO,0
810487,WHO,1
843091,WHO,0
892562,WHO,0
878,WHO,1
6904,ALL,0
6950,ALL,0
9452,WHO,0
13198,WHO,0
13857,WHO,0
14275,WHO,0
17270,WHO,0
17550,WHO,0
19870,WHO,0
24913,ALL,0
45531,WHO,0
50406,WHO,0
52400,WHO,0
52597,WHO,0
52791,WHO,0
53468,WHO,1
53476,WHO,0
53677,WHO,0
53869,WHO,1
54304,WHO,0
54730,WHO,0
54750,WHO,0
54967,WHO,0
55304,WHO,0
55328,WHO,0
55416,WHO,0
55898,WHO,0
55913,WHO,0
56094,WHO,0
56248,WHO,0
56298,WHO,0
56454,WHO,0
56959,WHO,0
57004,WHO,0
57168,WHO,0
57194,WHO,0
57297,WHO,0
57338,WHO,0
57556,WHO,0
57558,WHO,0
61721,WHO,1
61870,WHO,1
62116,WHO,1
64503,WHO,0
65004,WHO,0
65046,WHO,0
65323,WHO,0
65421,WHO,0
65716,WHO,0
65788,WHO,0
79854,WHO,0
96511,WHO,0
96606,WHO,0
96864,WHO,0
97464,WHO,0
107242,WHO,1
107319,WHO,1
107443,WHO,1
107571,WHO,1
115327,WHO,0
136499,WHO,0
137381,WHO,0
137833,WHO,0
137863,WHO,0
138025,WHO,0
138065,WHO,0
139735,WHO,0
147493,ALL,0
147553,ALL,1
147722,ALL,0
147994,ALL,1
148050,ALL,0
148082,ALL,0
150511,WHO,0
150730,WHO,0
151188,WHO,0
151372,WHO,0
151378,WHO,0
151524,WHO,0
155007,ALL,0
155536,WHO,1
165218,WHO,0
165471,WHO,1
165493,WHO,1
166611,WHO,0
166952,WHO,1
166972,WHO,0
167311,WHO,1
167338,WHO,0
167912,WHO,0
169568,WHO,0
169640,WHO,0
169876,WHO,0
169984,WHO,0
170035,WHO,0
170052,WHO,0
170209,WHO,0
170333,WHO,0
171778,WHO,0
171952,WHO,0
173421,WHO,0
174843,ALL,0
178036,WHO,0
179580,WHO,0
179719,WHO,0
179829,WHO,1
180365,WHO,0
180432,WHO,0
181147,WHO,0
181411,WHO,0
181567,WHO,0
182429,WHO,0
373608,WHO,0
375429,ALL,1
699929,WHO,0
729426,WHO,1
729454,WHO,0
739180,WHO,1
808735,WHO,0
810194,WHO,0
810200,WHO,1
810389,WHO,0
810525,WHO,1
812568,WHO,1
843036,WHO,0
892515,WHO,0
886,WHO,0
7001,ALL,1
7043,ALL,0
9476,WHO,0
12605,WHO,0
13168,WHO,0
15651,WHO,0
16789,WHO,0
17747,WHO,0
18210,WHO,0
19041,WHO,0
34168,WHO,0
34735,WHO,0
45596,WHO,1
45608,WHO,0
52657,WHO,1
52762,WHO,0
52782,WHO,1
52786,WHO,0
53273,WHO,1
53611,WHO,1
53676,WHO,0
53755,WHO,0
53818,WHO,0
53834,WHO,0
54001,WHO,0
54256,WHO,0
54842,WHO,1
54904,WHO,0
54955,WHO,0
54959,WHO,0
54977,WHO,0
55977,WHO,0
56513,WHO,0
56648,WHO,0
56985,WHO,0
57100,WHO,0
57213,WHO,0
57412,WHO,0
57589,WHO,1
57698,WHO,0
57736,WHO,1
61710,WHO,0
64676,WHO,0
64770,WHO,0
65720,WHO,0
65746,WHO,0
76243,WHO,0
77932,WHO,0
78035,WHO,0
78279,WHO,0
78320,WHO,1
79910,WHO,0
107505,WHO,1
107537,WHO,1
124972,WHO,0
126794,WHO,0
135146,WHO,0
135498,WHO,0
136486,WHO,0
136569,WHO,0
136592,WHO,0
136695,WHO,1
136829,WHO,0
137675,WHO,1
137691,WHO,0
137910,WHO,0
138194,WHO,0
139659,WHO,0
139675,WHO,0
139828,WHO,0
147420,ALL,1
147430,ALL,1
147439,ALL,0
147801,ALL,0
147987,ALL,0
148312,ALL,0
148381,ALL,0
148407,ALL,1
150669,WHO,0
150764,WHO,0
150768,WHO,0
150857,WHO,0
151076,WHO,0
151314,WHO,0
154932,ALL,0
165940,WHO,0
166052,WHO,0
166966,WHO,1
167498,WHO,0
168296,WHO,0
168467,WHO,0
168672,WHO,0
169078,WHO,0
169685,WHO,0
169709,WHO,0
169765,WHO,0
169841,WHO,0
169891,WHO,0
169973,WHO,0
169991,WHO,0
170006,WHO,0
170083,WHO,0
170252,WHO,1
170342,WHO,0
171666,WHO,0
173486,WHO,0
174400,WHO,0
177980,WHO,1
178346,WHO,1
178446,WHO,0
178470,WHO,0
178960,WHO,1
179032,WHO,0
180418,WHO,0
182151,WHO,0
182356,WHO,0
374888,ALL,1
374978,ALL,0
699945,WHO,0
700021,WHO,0
705387,WHO,1
707398,WHO,0
708214,WHO,0
739201,WHO,1
739234,WHO,1
810082,WHO,1
810160,WHO,0
810170,WHO,0
888317,WHO,1
861,WHO,1
5455,WHO,0
6872,ALL,0
6889,ALL,1
9517,WHO,0
12095,WHO,0
15437,WHO,0
17221,WHO,0
17804,WHO,0
18862,WHO,1
19083,WHO,0
19231,WHO,0
34433,WHO,0
34741,WHO,0
45540,WHO,1
45546,WHO,1
52418,WHO,0
53538,WHO,1
53542,WHO,1
53692,WHO,0
53758,WHO,0
54345,WHO,1
54461,WHO,0
54892,WHO,0
55063,WHO,0
55226,WHO,0
55549,WHO,0
55604,WHO,0
55700,WHO,0
55792,WHO,0
56232,WHO,1
56496,WHO,0
56675,WHO,0
56734,WHO,0
56746,WHO,0
56803,WHO,0
56915,WHO,0
57027,WHO,0
57208,WHO,0
57241,WHO,0
57473,WHO,0
58564,WHO,0
61763,WHO,1
62038,WHO,0
64671,WHO,0
65028,WHO,1
65156,WHO,0
65453,WHO,1
65459,WHO,0
65540,WHO,0
65557,WHO,0
65769,WHO,0
76173,WHO,0
78083,WHO,0
78190,WHO,0
101583,WHO,0
107424,WHO,1
107459,WHO,0
123626,WHO,0
135129,WHO,0
135332,WHO,0
135514,WHO,0
135591,WHO,0
135704,WHO,0
136689,WHO,0
137154,WHO,0
137532,WHO,1
137953,WHO,0
137955,WHO,0
137967,WHO,0
139554,WHO,0
139865,WHO,0
140543,WHO,0
140576,WHO,0
147729,ALL,0
147920,ALL,1
148022,ALL,1
148089,ALL,0
148207,ALL,0
148260,ALL,1
148379,ALL,0
148387,ALL,1
151230,WHO,0
151764,WHO,0
151841,WHO,0
155478,WHO,0
155645,WHO,0
165387,WHO,0
165430,WHO,1
166961,WHO,1
168727,WHO,0
168981,WHO,0
169494,WHO,0
169563,WHO,0
169664,WHO,0
169766,WHO,0
169877,WHO,0
170128,WHO,0
170193,WHO,0
170219,WHO,0
171390,WHO,0
171443,WHO,0
171587,WHO,0
171680,WHO,0
171711,WHO,0
171812,WHO,0
173269,WHO,0
173376,WHO,0
173417,WHO,0
174883,ALL,0
178460,WHO,0
179006,WHO,0
180437,WHO,0
180553,WHO,0
181098,WHO,0
181160,WHO,0
181202,WHO,0
374561,ALL,0
374641,ALL,0
374950,ALL,1
705372,WHO,0
707405,WHO,0
729354,WHO,0
739184,WHO,0
810066,WHO,0
810151,WHO,0
810195,WHO,0
810250,WHO,1
812667,WHO,1
820960,WHO,0
892549,WHO,0
892576,WHO,0
815,WHO,0
6873,ALL,0
12574,WHO,0
12746,WHO,0
13113,WHO,0
14337,WHO,0
14690,WHO,0
15115,WHO,0
15829,WHO,0
16318,WHO,0
17525,WHO,0
17825,WHO,0
17952,WHO,0
18458,WHO,0
18677,WHO,0
34605,WHO,1
36989,WHO,0
50034,WHO,1
50056,WHO,0
50428,WHO,1
52513,WHO,0
52606,WHO,0
52680,WHO,0
52726,WHO,0
52788,WHO,0
52817,WHO,0
53245,WHO,0
53534,WHO,0
53574,WHO,0
53586,WHO,0
53811,WHO,0
54011,WHO,0
54168,WHO,0
54381,WHO,0
54439,WHO,0
54445,WHO,0
55002,WHO,0
55257,WHO,0
55275,WHO,0
55308,WHO,0
55316,WHO,0
55351,WHO,0
55378,WHO,0
55477,WHO,0
55670,WHO,0
55903,WHO,0
55998,WHO,0
56664,WHO,0
57132,WHO,0
57299,WHO,0
57495,WHO,0
57520,WHO,0
57584,WHO,1
61715,WHO,0
61998,WHO,1
65081,WHO,0
65163,WHO,0
65301,WHO,0
65327,WHO,0
65417,WHO,0
65533,WHO,0
65639,WHO,0
76200,WHO,1
77949,WHO,0
78117,WHO,0
78123,WHO,0
79881,WHO,0
97327,WHO,0
97350,WHO,0
97947,WHO,0
98155,WHO,0
117632,WHO,1
124827,WHO,1
128660,WHO,1
135388,WHO,0
135700,WHO,1
136316,WHO,0
137042,WHO,0
137260,WHO,0
137330,WHO,0
137342,WHO,1
137633,WHO,0
137673,WHO,1
141207,WHO,0
141268,WHO,0
147568,ALL,0
147619,ALL,0
147628,ALL,0
147640,ALL,1
147759,ALL,1
147761,ALL,0
147887,ALL,1
147889,ALL,1
147999,ALL,1
150058,WHO,0
150906,WHO,0
151101,WHO,0
151286,WHO,0
151349,WHO,0
151865,WHO,0
154945,ALL,0
155576,WHO,1
164273,WHO,0
164411,WHO,1
166572,WHO,1
168592,WHO,0
168878,WHO,0
169211,WHO,0
169556,WHO,0
169609,WHO,1
169982,WHO,0
170144,WHO,0
170255,WHO,0
171465,WHO,0
171784,WHO,0
171861,WHO,0
174900,ALL,0
178038,WHO,0
178135,WHO,1
179413,WHO,0
179473,WHO,0
179526,WHO,1
179706,WHO,0
179860,WHO,1
179915,WHO,1
180386,WHO,0
180402,WHO,0
180510,WHO,0
182400,WHO,0
182640,WHO,0
374672,ALL,0
699942,WHO,0
700038,WHO,0
700057,WHO,0
705413,WHO,1
708215,WHO,0
729385,WHO,0
739189,WHO,1
739192,WHO,1
790039,WHO,0
808364,WHO,0
808781,WHO,1
808784,WHO,0
808797,WHO,1
810013,WHO,0
810064,WHO,0
810207,WHO,0
810453,WHO,1
888297,WHO,0
837,WHO,1
864,WHO,1
12167,WHO,0
12749,WHO,0
14045,WHO,0
16176,WHO,0
16353,WHO,0
17225,WHO,0
18773,WHO,0
19632,WHO,0
34257,WHO,1
45418,WHO,0
50376,WHO,1
52358,WHO,0
52372,WHO,0
52463,WHO,0
52477,WHO,0
53251,WHO,1
53252,WHO,0
53445,WHO,0
53600,WHO,0
53978,WHO,1
54072,WHO,0
54874,WHO,0
55077,WHO,0
55081,WHO,0
55145,WHO,0
55224,WHO,0
55312,WHO,0
55495,WHO,0
55547,WHO,0
55636,WHO,0
56413,WHO,0
56476,WHO,0
57047,WHO,0
57114,WHO,1
57220,WHO,1
57231,WHO,0
57313,WHO,0
57456,WHO,0
57666,WHO,0
57673,WHO,0
58569,WHO,0
58629,WHO,1
62201,WHO,1
64672,WHO,0
64733,WHO,0
65083,WHO,0
65143,WHO,1
65451,WHO,1
65728,WHO,0
76203,WHO,0
77912,WHO,0
78023,WHO,0
78118,WHO,1
78120,WHO,0
79759,WHO,0
79861,WHO,0
79893,WHO,0
97718,WHO,0
107254,WHO,1
107489,WHO,0
120075,WHO,1
124849,WHO,0
136403,WHO,0
136500,WHO,0
136541,WHO,0
136630,WHO,0
136876,WHO,0
136910,WHO,0
136919,WHO,0
137053,WHO,0
137095,WHO,0
137160,WHO,0
137484,WHO,0
137878,WHO,0
139528,WHO,0
139535,WHO,0
139643,WHO,0
139649,WHO,0
139765,WHO,0
139819,WHO,1
140350,WHO,1
140665,WHO,0
140730,WHO,1
141267,WHO,1
147760,ALL,0
147780,ALL,1
147851,ALL,0
148024,ALL,0
150137,WHO,0
150191,WHO,0
150316,WHO,0
150501,WHO,0
150630,WHO,0
150744,WHO,0
150838,WHO,0
151060,WHO,0
151106,WHO,0
151150,WHO,0
151205,WHO,0
151293,WHO,0
151554,WHO,0
155514,WHO,1
155555,WHO,1
155597,WHO,0
164454,WHO,1
164475,WHO,0
164486,WHO,0
164980,WHO,0
165183,WHO,0
165797,WHO,1
166920,WHO,0
167291,WHO,0
167313,WHO,0
167445,WHO,0
168512,WHO,0
168549,WHO,0
169162,WHO,0
169182,WHO,0
169483,WHO,0
169509,WHO,0
169601,WHO,1
169618,WHO,0
169782,WHO,0
169947,WHO,0
169972,WHO,0
170120,WHO,0
171775,WHO,0
171826,WHO,0
173457,WHO,0
173469,WHO,0
179996,WHO,0
180411,WHO,1
180522,WHO,1
180527,WHO,1
181148,WHO,0
181295,WHO,0
181629,WHO,0
182136,WHO,0
182179,WHO,0
182339,WHO,0
182387,WHO,0
705356,WHO,0
705432,WHO,0
810104,WHO,0
810155,WHO,0
810215,WHO,0
810218,WHO,0
810376,WHO,0
820827,WHO,0
820884,WHO,1
843153,WHO,0
933865,WHO,0
6918,ALL,0
14636,WHO,0
17063,WHO,0
19282,WHO,0
34402,WHO,0
34700,WHO,1
45423,WHO,0
50387,WHO,1
52649,WHO,0
52778,WHO,0
53515,WHO,0
53535,WHO,1
54689,WHO,1
55274,WHO,0
55286,WHO,1
55885,WHO,0
56066,WHO,0
56486,WHO,0
56587,WHO,0
57725,WHO,1
64734,WHO,0
64811,WHO,0
64903,WHO,0
65006,WHO,0
65055,WHO,0
65337,WHO,0
65374,WHO,0
65377,WHO,0
65510,WHO,0
78130,WHO,0
79764,WHO,0
97322,WHO,0
97384,WHO,0
97811,WHO,0
107425,WHO,1
120071,WHO,1
124721,WHO,0
126370,WHO,0
135036,WHO,0
135217,WHO,0
136461,WHO,0
136483,WHO,0
136729,WHO,0
136889,WHO,0
136982,WHO,0
137155,WHO,0
137165,WHO,0
137355,WHO,0
137408,WHO,1
137757,WHO,1
137800,WHO,0
137940,WHO,0
138004,WHO,1
139487,WHO,0
139549,WHO,1
140803,WHO,0
146814,WHO,0
147455,ALL,1
147643,ALL,0
147748,ALL,0
147757,ALL,0
147836,ALL,0
147852,ALL,0
147861,ALL,0
147967,ALL,1
150688,WHO,0
150761,WHO,0
150767,WHO,0
150837,WHO,0
150925,WHO,0
151730,WHO,0
151832,WHO,0
151872,WHO,0
154948,ALL,1
155529,WHO,1
155541,WHO,1
164417,WHO,0
165496,WHO,1
166310,WHO,0
167500,WHO,0
169487,WHO,0
169620,WHO,0
169621,WHO,1
170075,WHO,0
170282,WHO,0
171247,WHO,0
171336,WHO,0
171601,WHO,0
173412,WHO,0
178040,WHO,0
178113,WHO,0
178359,WHO,0
178439,WHO,0
178563,WHO,0
179521,WHO,0
179763,WHO,0
179850,WHO,0
179900,WHO,0
179909,WHO,0
180408,WHO,0
180486,WHO,0
180529,WHO,1
182239,WHO,0
182340,WHO,1
182648,WHO,0
373616,WHO,0
374999,ALL,0
375056,ALL,1
707421,WHO,1
808398,WHO,0
808794,WHO,1
810028,WHO,0
810061,WHO,0
810100,WHO,0
810148,WHO,0
810251,WHO,1
810451,WHO,1
811255,WHO,1
922,WHO,0
13481,WHO,0
16767,WHO,0
19028,WHO,1
22320,ALL,0
34221,WHO,0
50033,WHO,1
52355,WHO,0
52442,WHO,0
52493,WHO,0
52669,WHO,0
53300,WHO,1
53355,WHO,0
53573,WHO,1
53646,WHO,0
53662,WHO,0
53664,WHO,0
53670,WHO,0
53679,WHO,1
53757,WHO,0
53826,WHO,0
54350,WHO,0
54420,WHO,0
54641,WHO,0
54963,WHO,0
54999,WHO,0
55278,WHO,0
55448,WHO,0
55513,WHO,0
55752,WHO,0
55793,WHO,0
56084,WHO,0
56115,WHO,0
56474,WHO,0
56489,WHO,0
56685,WHO,0
56883,WHO,0
57531,WHO,0
61961,WHO,1
61981,WHO,1
62070,WHO,0
64540,WHO,0
64767,WHO,0
65065,WHO,0
65113,WHO,0
65471,WHO,1
65645,WHO,0
78275,WHO,1
78290,WHO,1
78317,WHO,0
78342,WHO,1
79896,WHO,0
96486,WHO,0
97166,WHO,0
98171,WHO,0
126317,WHO,0
135702,WHO,0
136539,WHO,0
136608,WHO,0
136615,WHO,0
137296,WHO,0
137396,WHO,0
137433,WHO,0
137454,WHO,0
137525,WHO,0
138091,WHO,0
138177,WHO,0
139497,WHO,0
139796,WHO,0
140671,WHO,0
140684,WHO,0
147415,ALL,0
147605,ALL,1
148110,ALL,1
148398,ALL,1
150057,WHO,0
150093,WHO,0
150281,WHO,0
150475,WHO,0
150732,WHO,0
151331,WHO,0
151383,WHO,0
151780,WHO,0
151835,WHO,0
154946,ALL,1
155517,WHO,1
165407,WHO,1
165425,WHO,0
165473,WHO,1
166331,WHO,0
167075,WHO,0
168344,WHO,0
168531,WHO,0
169259,WHO,1
169480,WHO,0
169517,WHO,0
169737,WHO,0
170239,WHO,0
171364,WHO,1
171874,WHO,0
173178,WHO,0
178016,WHO,1
178065,WHO,0
178114,WHO,0
178118,WHO,0
178512,WHO,1
179076,WHO,0
179505,WHO,1
179523,WHO,0
179527,WHO,0
179846,WHO,1
179965,WHO,0
181215,WHO,0
181461,WHO,0
181623,WHO,0
374616,ALL,0
375054,ALL,1
700025,WHO,0
705361,WHO,0
707431,WHO,0
708204,WHO,0
739222,WHO,1
740975,WHO,1
808379,WHO,0
810311,WHO,0
810431,WHO,1
810463,WHO,1
810500,WHO,1
811262,WHO,1
820898,WHO,0
888274,WHO,1
898,WHO,0
6861,ALL,0
9277,WHO,0
9311,WHO,0
12871,WHO,1
13160,WHO,0
13424,WHO,0
14142,WHO,0
14603,WHO,1
15277,WHO,0
15281,WHO,0
16279,WHO,0
16949,WHO,0
18321,WHO,0
18565,WHO,0
52423,WHO,0
52474,WHO,0
52487,WHO,0
52549,WHO,0
52756,WHO,0
53362,WHO,0
53968,WHO,0
54081,WHO,0
54138,WHO,0
54712,WHO,0
55052,WHO,0
55061,WHO,0
55335,WHO,0
55494,WHO,0
55584,WHO,0
55950,WHO,0
55970,WHO,0
56010,WHO,0
56945,WHO,0
56981,WHO,0
57124,WHO,0
57260,WHO,0
57406,WHO,0
57723,WHO,0
57745,WHO,1
61760,WHO,1
61825,WHO,1
61873,WHO,1
61918,WHO,0
62065,WHO,1
64763,WHO,0
64895,WHO,0
65149,WHO,0
65293,WHO,0
65629,WHO,0
65729,WHO,0
76155,WHO,1
77980,WHO,0
78043,WHO,0
78803,WHO,1
79524,WHO,0
79883,WHO,0
97584,WHO,0
97891,WHO,0
97921,WHO,0
101588,WHO,0
107209,WHO,1
107297,WHO,0
123520,WHO,0
136142,WHO,0
136443,WHO,0
136663,WHO,1
137265,WHO,0
137733,WHO,1
139788,WHO,0
139821,WHO,1
139876,WHO,0
139915,WHO,1
140527,WHO,0
140631,WHO,1
140633,WHO,1
140777,WHO,1
140787,WHO,0
147370,ALL,0
147378,ALL,0
147489,ALL,1
147521,ALL,0
147724,ALL,1
148163,ALL,1
148166,ALL,1
148226,ALL,1
148230,ALL,1
148302,ALL,1
150266,WHO,0
150386,WHO,0
150458,WHO,0
150589,WHO,0
150677,WHO,0
150841,WHO,0
150888,WHO,0
151545,WHO,0
151546,WHO,0
151650,WHO,0
155595,WHO,1
155601,WHO,1
155643,WHO,1
166099,WHO,1
166297,WHO,0
166350,WHO,0
166618,WHO,1
167274,WHO,1
167295,WHO,0
167981,WHO,0
168421,WHO,0
168919,WHO,0
169134,WHO,0
169839,WHO,0
169965,WHO,0
169978,WHO,0
170024,WHO,0
170127,WHO,0
170170,WHO,0
171243,WHO,0
171366,WHO,0
171958,WHO,0
173271,WHO,0
173459,WHO,0
177990,WHO,0
178411,WHO,0
178988,WHO,0
179071,WHO,1
179529,WHO,0
179612,WHO,1
179707,WHO,0
179801,WHO,0
181110,WHO,0
181199,WHO,0
181290,WHO,0
181398,WHO,0
181430,WHO,0
181489,WHO,0
181504,WHO,0
182531,WHO,0
183172,WHO,0
708209,WHO,0
790231,WHO,0
790261,WHO,0
810002,WHO,0
811213,WHO,1
812594,WHO,1
894,WHO,0
6948,ALL,1
9489,WHO,0
12847,WHO,0
14904,WHO,0
15642,WHO,0
15925,WHO,0
15943,WHO,0
18296,WHO,0
34756,WHO,0
38987,WHO,0
45526,WHO,0
45586,WHO,1
52816,WHO,0
53222,WHO,1
53957,WHO,0
54280,WHO,0
54457,WHO,0
55049,WHO,0
55324,WHO,0
55377,WHO,0
55467,WHO,0
55764,WHO,0
56017,WHO,0
56088,WHO,0
56267,WHO,0
56379,WHO,0
56605,WHO,0
56689,WHO,0
56871,WHO,0
57020,WHO,0
57033,WHO,0
57038,WHO,0
57779,WHO,0
60357,WHO,1
64509,WHO,0
65098,WHO,0
65140,WHO,1
65241,WHO,0
65502,WHO,0
76189,WHO,1
77917,WHO,0
77979,WHO,0
78338,WHO,0
96640,WHO,0
97021,WHO,0
97041,WHO,0
97141,WHO,0
97174,WHO,0
97826,WHO,0
107414,WHO,0
115289,WHO,1
117601,WHO,0
120073,WHO,1
124739,WHO,0
135172,WHO,0
135448,WHO,0
135597,WHO,0
135735,WHO,1
136237,WHO,0
136426,WHO,0
136445,WHO,0
136621,WHO,0
136646,WHO,0
136998,WHO,0
137368,WHO,0
137539,WHO,0
138022,WHO,0
138190,WHO,0
139601,WHO,0
140547,WHO,0
140682,WHO,0
140811,WHO,0
147404,ALL,1
147405,ALL,0
147562,ALL,1
147963,ALL,0
150293,WHO,0
150927,WHO,0
151075,WHO,0
151199,WHO,0
151226,WHO,0
151662,WHO,0
151870,WHO,0
155610,WHO,1
168433,WHO,1
168468,WHO,0
169049,WHO,0
169204,WHO,0
169526,WHO,0
169602,WHO,0
169649,WHO,0
169858,WHO,0
170088,WHO,0
170234,WHO,0
171324,WHO,0
171378,WHO,0
171450,WHO,0
171560,WHO,0
171697,WHO,0
171722,WHO,0
171885,WHO,0
173411,WHO,0
178376,WHO,0
178967,WHO,0
179057,WHO,0
179491,WHO,0
179876,WHO,0
181248,WHO,0
181256,WHO,0
181282,WHO,0
181608,WHO,0
182229,WHO,0
182372,WHO,0
374468,ALL,0
699930,WHO,0
705393,WHO,0
705482,WHO,1
707385,WHO,1
713441,WHO,1
729465,WHO,0
739206,WHO,0
790056,WHO,0
808392,WHO,0
810214,WHO,0
810234,WHO,0
810503,WHO,0
811145,WHO,0
811147,WHO,0
811216,WHO,1
820856,WHO,0
835,WHO,1
12772,WHO,0
13371,WHO,0
13644,WHO,0
14119,WHO,0
14675,WHO,0
14695,WHO,0
14930,WHO,1
15360,WHO,0
16112,WHO,0
19661,WHO,0
34391,WHO,1
45544,WHO,1
50148,WHO,0
50393,WHO,0
50407,WHO,1
52412,WHO,0
52478,WHO,0
52685,WHO,1
53232,WHO,1
53853,WHO,0
54070,WHO,0
54374,WHO,0
55357,WHO,0
56112,WHO,0
56309,WHO,0
56466,WHO,0
56686,WHO,0
56739,WHO,0
56752,WHO,0
57157,WHO,0
57192,WHO,0
57195,WHO,0
57361,WHO,1
57367,WHO,0
57385,WHO,0
57414,WHO,0
57460,WHO,0
57549,WHO,0
57749,WHO,1
64666,WHO,1
64792,WHO,0
64830,WHO,0
64920,WHO,0
64967,WHO,0
65183,WHO,0
65259,WHO,0
65300,WHO,1
65398,WHO,0
65592,WHO,0
76360,WHO,0
78013,WHO,0
78273,WHO,0
78344,WHO,1
79530,WHO,0
79793,WHO,0
79795,WHO,0
79905,WHO,0
79915,WHO,0
80030,WHO,0
96488,WHO,0
96599,WHO,0
98210,WHO,0
124966,WHO,0
136348,WHO,0
136841,WHO,0
136962,WHO,0
137025,WHO,0
137077,WHO,0
137115,WHO,0
137118,WHO,0
137392,WHO,0
137551,WHO,1
137802,WHO,0
137872,WHO,1
138090,WHO,0
139505,WHO,1
139745,WHO,0
140537,WHO,1
140646,WHO,0
140701,WHO,1
141223,WHO,1
141233,WHO,1
147481,ALL,1
147547,ALL,0
147603,ALL,1
147815,ALL,0
148177,ALL,0
148193,ALL,0
150152,WHO,0
150847,WHO,0
151130,WHO,0
151260,WHO,0
151490,WHO,0
151619,WHO,0
151755,WHO,0
154968,ALL,1
154995,ALL,1
155005,ALL,0
155646,WHO,1
166595,WHO,1
167276,WHO,1
167508,WHO,0
168614,WHO,0
168648,WHO,0
169037,WHO,0
169058,WHO,0
169092,WHO,0
169862,WHO,0
170270,WHO,0
171395,WHO,0
171486,WHO,1
171633,WHO,0
171922,WHO,0
175033,WHO,0
177597,WHO,0
178495,WHO,1
178565,WHO,1
179838,WHO,0
179862,WHO,0
180495,WHO,0
181104,WHO,0
181251,WHO,0
181312,WHO,0
181462,WHO,0
181572,WHO,0
182083,WHO,0
182131,WHO,1
374556,ALL,0
698633,WHO,1
699971,WHO,0
705385,WHO,1
705525,WHO,1
705527,WHO,1
705558,WHO,0
707416,WHO,0
708201,WHO,0
708231,WHO,0
729436,WHO,0
739233,WHO,1
790222,WHO,1
808747,WHO,0
808805,WHO,1
810046,WHO,0
810289,WHO,0
810302,WHO,0
810347,WHO,0
810397,WHO,0
810541,WHO,0
810556,WHO,1
812653,WHO,1
828786,WHO,1
843114,WHO,0
933866,WHO,1
6959,ALL,0
13745,WHO,0
13829,WHO,0
15184,WHO,0
15737,WHO,0
16249,WHO,0
16820,WHO,0
17460,WHO,0
17541,WHO,0
18457,WHO,0
20887,ALL,0
34294,WHO,0
52714,WHO,0
52790,WHO,0
52801,WHO,0
52820,WHO,0
54058,WHO,0
54232,WHO,0
54262,WHO,0
54322,WHO,0
54453,WHO,0
54459,WHO,0
54485,WHO,0
54576,WHO,0
54858,WHO,0
54875,WHO,0
55069,WHO,0
55134,WHO,0
55196,WHO,0
55218,WHO,0
55802,WHO,0
55850,WHO,0
56020,WHO,0
56076,WHO,0
56390,WHO,0
56446,WHO,0
56638,WHO,0
56950,WHO,0
61895,WHO,1
64476,WHO,0
64897,WHO,0
64924,WHO,0
65075,WHO,0
65393,WHO,0
65547,WHO,0
76254,WHO,0
78144,WHO,0
78341,WHO,1
79533,WHO,0
96719,WHO,0
97172,WHO,0
97207,WHO,0
97226,WHO,0
97533,WHO,0
107267,WHO,0
107483,WHO,0
115410,WHO,0
117671,WHO,0
120047,WHO,1
124730,WHO,1
124891,WHO,0
135106,WHO,0
135261,WHO,0
135633,WHO,0
137057,WHO,0
137175,WHO,1
139501,WHO,1
139736,WHO,0
139743,WHO,0
139763,WHO,0
141200,WHO,0
147212,ALL,1
147747,ALL,0
147843,ALL,0
147874,ALL,0
147902,ALL,0
147941,ALL,1
148096,ALL,1
148276,ALL,1
150124,WHO,0
150296,WHO,0
150858,WHO,0
150905,WHO,0
151326,WHO,0
151405,WHO,0
151617,WHO,0
151766,WHO,0
155032,ALL,1
164402,WHO,0
164480,WHO,0
166949,WHO,0
166971,WHO,0
167324,WHO,1
167396,WHO,0
167568,WHO,0
167765,WHO,0
167821,WHO,0
168332,WHO,0
169046,WHO,0
169151,WHO,0
169553,WHO,0
169688,WHO,0
170077,WHO,0
170205,WHO,0
170331,WHO,0
171474,WHO,0
171805,WHO,0
171912,WHO,0
175627,WHO,0
178417,WHO,0
178521,WHO,1
180359,WHO,0
181096,WHO,0
181124,WHO,0
181150,WHO,0
181308,WHO,0
181321,WHO,0
181391,WHO,0
181484,WHO,0
373484,WHO,0
705405,WHO,1
705441,WHO,0
708199,WHO,1
713451,WHO,1
741020,WHO,1
809997,WHO,0
810241,WHO,1
810327,WHO,0
810418,WHO,0
892555,WHO,1
902,WHO,0
12747,WHO,0
13348,WHO,0
15800,WHO,0
16769,WHO,0
17004,WHO,0
19193,WHO,0
45420,WHO,0
45568,WHO,1
45591,WHO,0
47514,WHO,0
50051,WHO,1
50062,WHO,1
50155,WHO,0
50419,WHO,1
52469,WHO,0
52598,WHO,0
52785,WHO,0
52812,WHO,0
53785,WHO,1
53950,WHO,0
54279,WHO,0
54792,WHO,0
55233,WHO,0
55288,WHO,0
55478,WHO,0
55574,WHO,0
55743,WHO,0
55983,WHO,0
56128,WHO,0
56262,WHO,0
56331,WHO,0
56365,WHO,0
56533,WHO,0
56731,WHO,1
56774,WHO,0
57702,WHO,0
57735,WHO,1
60352,WHO,0
61724,WHO,1
64653,WHO,0
64808,WHO,1
64880,WHO,0
65082,WHO,0
65125,WHO,0
65605,WHO,0
65750,WHO,0
76224,WHO,1
79754,WHO,0
79799,WHO,0
79897,WHO,0
88096,WHO,1
96356,WHO,0
96673,WHO,0
97154,WHO,0
97245,WHO,0
97950,WHO,0
117667,WHO,1
124793,WHO,1
124889,WHO,0
126330,WHO,0
135757,WHO,0
136267,WHO,1
136434,WHO,0
137096,WHO,0
138183,WHO,0
139766,WHO,0
139770,WHO,0
140672,WHO,0
140765,WHO,0
141224,WHO,0
147506,ALL,1
147545,ALL,0
147784,ALL,0
147890,ALL,1
147959,ALL,0
148049,ALL,1
148132,ALL,0
148152,ALL,1
148339,ALL,1
150184,WHO,0
150278,WHO,0
151100,WHO,0
151191,WHO,0
151310,WHO,0
151677,WHO,0
151687,WHO,0
151765,WHO,0
164410,WHO,0
164905,WHO,0
165014,WHO,0
165490,WHO,1
167120,WHO,0
167510,WHO,0
168626,WHO,0
168714,WHO,0
169207,WHO,0
169539,WHO,0
169890,WHO,0
169894,WHO,0
170046,WHO,0
170135,WHO,0
170177,WHO,0
170237,WHO,0
170437,WHO,0
171496,WHO,0
171747,WHO,0
173384,WHO,0
173402,WHO,0
173425,WHO,0
173544,WHO,0
177603,WHO,1
177969,WHO,0
178029,WHO,1
178032,WHO,0
178403,WHO,0
179702,WHO,0
179932,WHO,1
180379,WHO,0
180426,WHO,0
181387,WHO,0
181524,WHO,0
181542,WHO,0
182458,WHO,0
375447,ALL,1
705425,WHO,1
741009,WHO,1
790052,WHO,0
808789,WHO,1
809999,WHO,0
810259,WHO,0
810295,WHO,0
810427,WHO,1
812569,WHO,0
888277,WHO,1
892520,WHO,1
12680,WHO,0
14031,WHO,1
14099,WHO,0
14350,WHO,0
14618,WHO,0
15604,WHO,1
15909,WHO,0
16995,WHO,0
17313,WHO,0
17855,WHO,1
18646,WHO,0
18925,WHO,0
19908,WHO,0
34258,WHO,1
34284,WHO,1
34459,WHO,1
34702,WHO,1
45467,WHO,1
50150,WHO,0
50151,WHO,1
50367,WHO,0
50382,WHO,1
52498,WHO,0
52510,WHO,0
52640,WHO,0
52697,WHO,0
53399,WHO,0
53510,WHO,0
53776,WHO,0
53831,WHO,0
53846,WHO,0
53872,WHO,0
54603,WHO,0
54709,WHO,0
54931,WHO,0
54986,WHO,0
55123,WHO,0
55311,WHO,0
55966,WHO,0
56153,WHO,0
56247,WHO,0
56263,WHO,0
56273,WHO,0
56896,WHO,0
56949,WHO,0
57408,WHO,0
57457,WHO,1
61766,WHO,0
62050,WHO,1
64621,WHO,0
64973,WHO,0
64978,WHO,0
65315,WHO,0
65370,WHO,0
65479,WHO,0
65652,WHO,0
77984,WHO,0
78046,WHO,0
96617,WHO,0
96705,WHO,0
97519,WHO,0
97642,WHO,0
97752,WHO,0
97927,WHO,0
107245,WHO,1
107463,WHO,1
115246,WHO,0
115284,WHO,1
115418,WHO,1
120057,WHO,1
135125,WHO,0
135133,WHO,1
135181,WHO,0
136489,WHO,0
136653,WHO,0
137882,WHO,1
138031,WHO,0
138355,WHO,0
139654,WHO,0
139661,WHO,0
139859,WHO,0
148042,ALL,0
148140,ALL,0
148203,ALL,0
148227,ALL,1
148284,ALL,0
148402,ALL,1
150045,WHO,0
150551,WHO,0
150648,WHO,0
150834,WHO,0
151710,WHO,0
155477,WHO,0
164408,WHO,1
164918,WHO,0
165416,WHO,1
166617,WHO,1
167409,WHO,0
167880,WHO,0
167979,WHO,0
169663,WHO,0
169692,WHO,0
169824,WHO,0
169905,WHO,0
170132,WHO,0
170176,WHO,0
170182,WHO,0
170229,WHO,0
171354,WHO,0
171447,WHO,0
171848,WHO,0
171882,WHO,0
173515,WHO,0
174351,WHO,0
174388,WHO,0
178445,WHO,1
178490,WHO,1
178525,WHO,0
178972,WHO,0
179946,WHO,0
180421,WHO,0
180440,WHO,0
181158,WHO,0
181204,WHO,0
181254,WHO,0
181263,WHO,0
181274,WHO,0
182360,WHO,0
182509,WHO,0
182512,WHO,0
183360,WHO,0
708208,WHO,0
725677,WHO,1
739169,WHO,0
739199,WHO,1
739207,WHO,1
790057,WHO,0
810192,WHO,0
810305,WHO,0
810514,WHO,0
811131,WHO,1
812696,WHO,1
820985,WHO,0
851,WHO,1
6901,ALL,0
8606,ALL,0
8624,ALL,1
12982,WHO,0
15020,WHO,0
15529,WHO,0
15619,WHO,0
15982,WHO,0
16712,WHO,0
19688,WHO,0
34190,WHO,0
34559,WHO,0
52464,WHO,0
53648,WHO,0
53658,WHO,1
54031,WHO,0
54285,WHO,0
54325,WHO,0
54387,WHO,0
54464,WHO,0
54627,WHO,0
54630,WHO,0
55369,WHO,1
55826,WHO,0
55953,WHO,0
56120,WHO,0
56238,WHO,0
56515,WHO,0
56544,WHO,1
56831,WHO,0
57254,WHO,0
57484,WHO,0
57508,WHO,0
57709,WHO,1
57741,WHO,1
58614,WHO,1
60373,WHO,1
64702,WHO,0
64756,WHO,0
64791,WHO,0
64802,WHO,0
64871,WHO,0
64901,WHO,1
64947,WHO,0
65165,WHO,0
65194,WHO,0
65202,WHO,0
65255,WHO,0
65282,WHO,0
65443,WHO,0
65738,WHO,0
77993,WHO,0
78003,WHO,0
78177,WHO,0
78801,WHO,0
79974,WHO,0
96373,WHO,0
96907,WHO,1
97803,WHO,0
107344,WHO,1
117723,WHO,1
119559,WHO,0
124969,WHO,0
135459,WHO,0
135553,WHO,0
135558,WHO,0
136435,WHO,0
136686,WHO,0
136705,WHO,0
137490,WHO,0
138112,WHO,0
138399,WHO,1
139580,WHO,0
139646,WHO,0
139870,WHO,0
139878,WHO,0
147239,ALL,1
147458,ALL,0
147463,ALL,1
147590,ALL,0
147639,ALL,0
148170,ALL,1
150113,WHO,0
150153,WHO,0
150435,WHO,0
150488,WHO,1
150623,WHO,0
151113,WHO,0
151278,WHO,0
151296,WHO,0
151359,WHO,0
151649,WHO,0
151850,WHO,0
155009,ALL,1
155483,WHO,1
155644,WHO,1
164457,WHO,1
165480,WHO,1
165491,WHO,1
166569,WHO,1
166634,WHO,0
167322,WHO,0
167411,WHO,0
167552,WHO,0
167596,WHO,1
168192,WHO,1
169103,WHO,0
169842,WHO,0
169917,WHO,0
169999,WHO,0
170179,WHO,0
170240,WHO,0
171424,WHO,0
171543,WHO,0
171558,WHO,0
171834,WHO,0
171924,WHO,0
173267,WHO,0
173501,WHO,0
174391,WHO,0
174878,ALL,0
178631,WHO,0
179045,WHO,0
179454,WHO,0
179515,WHO,0
179649,WHO,0
179796,WHO,0
180399,WHO,0
180569,WHO,0
181211,WHO,0
181442,WHO,0
181510,WHO,0
181570,WHO,0
181605,WHO,0
182296,WHO,0
182308,WHO,0
374628,ALL,0
375028,ALL,0
700010,WHO,0
700011,WHO,0
705396,WHO,1
705439,WHO,1
707430,WHO,0
729310,WHO,0
739202,WHO,1
739229,WHO,1
808758,WHO,0
810049,WHO,0
810136,WHO,0
810343,WHO,1
810454,WHO,1
810473,WHO,1
810509,WHO,1
811140,WHO,0
812566,WHO,1
820900,WHO,0
888320,WHO,1
822,WHO,0
8571,ALL,0
8618,ALL,0
12821,WHO,0
15330,WHO,0
15618,WHO,0
15655,WHO,0
15718,WHO,0
17840,WHO,0
17956,WHO,0
18017,WHO,0
19815,WHO,0
45556,WHO,1
52433,WHO,0
52593,WHO,1
53413,WHO,1
53462,WHO,0
53769,WHO,1
54181,WHO,0
54327,WHO,0
54812,WHO,0
55360,WHO,0
55374,WHO,0
55576,WHO,0
55687,WHO,0
55711,WHO,0
55910,WHO,0
55916,WHO,0
56121,WHO,1
56192,WHO,0
56264,WHO,0
56316,WHO,0
56397,WHO,0
56459,WHO,0
56624,WHO,0
57362,WHO,0
57389,WHO,0
57476,WHO,0
58630,WHO,0
61764,WHO,0
62048,WHO,0
64772,WHO,0
65032,WHO,0
65160,WHO,0
65382,WHO,0
65654,WHO,0
77954,WHO,0
78097,WHO,0
78308,WHO,0
78318,WHO,0
79517,WHO,0
88102,WHO,1
95505,WHO,0
96933,WHO,0
97743,WHO,0
97888,WHO,0
98123,WHO,0
115305,WHO,1
124740,WHO,0
133279,WHO,1
135160,WHO,0
136744,WHO,0
137058,WHO,0
137721,WHO,0
138156,WHO,0
138178,WHO,1
139875,WHO,0
139918,WHO,0
140538,WHO,0
140598,WHO,0
146904,WHO,0
147222,ALL,1
147482,ALL,1
147496,ALL,0
147528,ALL,1
147574,ALL,0
147642,ALL,1
147826,ALL,0
148192,ALL,1
148290,ALL,1
150277,WHO,0
150571,WHO,0
151092,WHO,0
151170,WHO,0
151176,WHO,0
151201,WHO,0
151333,WHO,0
151680,WHO,0
151830,WHO,0
155602,WHO,1
164393,WHO,1
167328,WHO,1
167397,WHO,0
167424,WHO,0
168689,WHO,0
169090,WHO,1
169095,WHO,0
170019,WHO,1
170300,WHO,0
171300,WHO,0
171508,WHO,0
173390,WHO,0
174071,WHO,0
177959,WHO,0
178621,WHO,0
179012,WHO,0
179468,WHO,0
179471,WHO,0
179638,WHO,1
179648,WHO,0
179657,WHO,0
179821,WHO,0
181130,WHO,0
181459,WHO,0
182111,WHO,0
699951,WHO,0
729400,WHO,0
810282,WHO,0
810290,WHO,0
810374,WHO,0
810406,WHO,1
820844,WHO,0
843094,WHO,0
888319,WHO,1
892511,WHO,0
6867,ALL,0
6917,ALL,0
6968,ALL,1
7014,ALL,1
15722,WHO,0
16847,WHO,0
16942,WHO,1
17506,WHO,0
17913,WHO,0
22404,ALL,1
34183,WHO,1
34707,WHO,1
34713,WHO,0
34737,WHO,0
34762,WHO,1
40651,WHO,0
45498,WHO,1
52430,WHO,0
52435,WHO,0
52568,WHO,0
53387,WHO,1
53464,WHO,1
53810,WHO,0
54105,WHO,0
54291,WHO,0
54344,WHO,0
54648,WHO,0
54834,WHO,0
54835,WHO,0
54918,WHO,0
55387,WHO,0
55464,WHO,0
55526,WHO,0
56355,WHO,0
56525,WHO,0
56585,WHO,0
56651,WHO,0
57071,WHO,0
57089,WHO,0
57470,WHO,0
57757,WHO,0
58603,WHO,1
62114,WHO,1
62212,WHO,1
64711,WHO,0
64882,WHO,0
65295,WHO,1
65582,WHO,0
65591,WHO,0
65658,WHO,0
65760,WHO,0
79531,WHO,0
79819,WHO,0
79959,WHO,0
88095,WHO,1
96472,WHO,0
96589,WHO,0
96772,WHO,0
97573,WHO,0
97756,WHO,0
97821,WHO,0
107458,WHO,0
115405,WHO,0
117731,WHO,1
119536,WHO,0
136254,WHO,0
136374,WHO,0
136389,WHO,0
136954,WHO,0
137283,WHO,0
137838,WHO,0
137907,WHO,0
138017,WHO,0
139645,WHO,0
140511,WHO,0
140516,WHO,0
141203,WHO,1
147337,ALL,0
147384,ALL,1
147502,ALL,1
147799,ALL,0
148087,ALL,0
150854,WHO,0
150940,WHO,0
151054,WHO,0
151055,WHO,0
151144,WHO,0
151156,WHO,0
151198,WHO,0
151301,WHO,0
151361,WHO,0
151386,WHO,0
151743,WHO,0
151777,WHO,0
155054,ALL,0
164633,WHO,1
165131,WHO,1
165423,WHO,0
166076,WHO,1
166336,WHO,1
167330,WHO,1
167455,WHO,0
167518,WHO,0
167523,WHO,0
168756,WHO,1
169051,WHO,0
169467,WHO,0
169757,WHO,0
169786,WHO,0
169816,WHO,0
169860,WHO,0
169946,WHO,0
170147,WHO,0
170214,WHO,0
170248,WHO,0
171464,WHO,0
171923,WHO,0
173253,WHO,0
173567,WHO,0
179015,WHO,0
179016,WHO,0
179506,WHO,0
179520,WHO,0
179737,WHO,1
179739,WHO,0
179752,WHO,0
179764,WHO,1
179935,WHO,1
180444,WHO,0
180509,WHO,0
180570,WHO,0
181085,WHO,0
181119,WHO,0
181156,WHO,0
373611,WHO,1
713444,WHO,0
739174,WHO,0
790035,WHO,1
810112,WHO,0
810303,WHO,0
810378,WHO,0
811218,WHO,0
812582,WHO,1
820959,WHO,0
843027,WHO,0
843046,WHO,0
892578,WHO,0
892580,WHO,1
13751,WHO,0
13802,WHO,0
14423,WHO,0
17748,WHO,0
19113,WHO,0
19289,WHO,0
19320,WHO,1
34680,WHO,0
34796,WHO,1
52451,WHO,0
52557,WHO,0
52688,WHO,0
53699,WHO,1
53804,WHO,0
53891,WHO,1
54024,WHO,0
54190,WHO,0
54503,WHO,0
54532,WHO,0
54631,WHO,0
54643,WHO,0
54906,WHO,0
55153,WHO,0
55267,WHO,0
55486,WHO,0
55570,WHO,0
55912,WHO,0
56030,WHO,0
56165,WHO,0
56203,WHO,0
56250,WHO,0
56437,WHO,0
56571,WHO,0
56656,WHO,0
56887,WHO,0
57008,WHO,0
57410,WHO,0
57438,WHO,0
57494,WHO,0
57592,WHO,0
57599,WHO,1
61976,WHO,1
64781,WHO,0
64809,WHO,0
65168,WHO,0
65329,WHO,0
78166,WHO,0
78210,WHO,0
79960,WHO,0
97289,WHO,0
97449,WHO,0
107399,WHO,1
115411,WHO,0
117639,WHO,0
117697,WHO,1
119671,WHO,0
135797,WHO,0
136259,WHO,0
136697,WHO,0
136907,WHO,1
136914,WHO,0
137256,WHO,1
137258,WHO,1
137328,WHO,1
137471,WHO,0
137601,WHO,1
137630,WHO,0
137746,WHO,1
138087,WHO,0
139492,WHO,0
139609,WHO,0
139677,WHO,1
139838,WHO,0
140673,WHO,0
140786,WHO,0
148220,ALL,1
148371,ALL,0
150612,WHO,0
150683,WHO,0
150755,WHO,0
151084,WHO,0
151093,WHO,0
151169,WHO,0
151173,WHO,0
151517,WHO,0
151596,WHO,0
151929,WHO,0
166915,WHO,0
167856,WHO,0
168081,WHO,0
168380,WHO,0
168449,WHO,1
168677,WHO,0
169466,WHO,0
169652,WHO,1
169810,WHO,0
169818,WHO,0
170062,WHO,0
170181,WHO,0
171606,WHO,0
171723,WHO,0
171862,WHO,0
173549,WHO,0
174399,WHO,0
178634,WHO,0
179007,WHO,0
179819,WHO,0
180346,WHO,0
180477,WHO,0
181232,WHO,0
181250,WHO,0
181627,WHO,0
374467,ALL,0
700008,WHO,0
705410,WHO,0
708226,WHO,0
708244,WHO,0
729420,WHO,0
790026,WHO,0
810059,WHO,0
810093,WHO,0
810353,WHO,0
810438,WHO,0
810486,WHO,1
812700,WHO,0
820845,WHO,1
837187,WHO,0
888308,WHO,1
892550,WHO,0
12766,WHO,0
14433,WHO,0
15754,WHO,0
16514,WHO,0
17930,WHO,0
18967,WHO,0
19111,WHO,0
24922,ALL,0
34290,WHO,0
34516,WHO,1
45585,WHO,1
50027,WHO,1
52465,WHO,0
52537,WHO,0
52730,WHO,0
52828,WHO,0
52835,WHO,0
53412,WHO,0
53526,WHO,1
53564,WHO,1
53687,WHO,1
53786,WHO,0
53829,WHO,0
53958,WHO,0
53986,WHO,1
54383,WHO,1
54684,WHO,0
55299,WHO,0
55631,WHO,0
55659,WHO,0
55684,WHO,0
55737,WHO,0
55975,WHO,0
56135,WHO,0
56173,WHO,0
56286,WHO,0
56291,WHO,0
56305,WHO,0
56351,WHO,0
56629,WHO,0
56919,WHO,0
57222,WHO,1
57341,WHO,0
57561,WHO,0
57636,WHO,0
62014,WHO,1
64515,WHO,0
64615,WHO,0
64751,WHO,0
64999,WHO,0
65079,WHO,0
65184,WHO,0
65222,WHO,0
65278,WHO,1
78314,WHO,1
78354,WHO,1
78364,WHO,0
107208,WHO,1
107280,WHO,0
117627,WHO,0
124719,WHO,0
124960,WHO,0
126369,WHO,0
126421,WHO,0
135028,WHO,0
135294,WHO,0
135636,WHO,0
136375,WHO,0
136742,WHO,0
136777,WHO,0
136995,WHO,0
137116,WHO,1
137275,WHO,1
137470,WHO,1
137626,WHO,0
137828,WHO,0
137834,WHO,1
137842,WHO,0
138486,WHO,1
140529,WHO,0
140630,WHO,0
140636,WHO,1
140742,WHO,0
147453,ALL,1
147522,ALL,0
147614,ALL,0
147742,ALL,1
147841,ALL,0
147884,ALL,1
147989,ALL,1
148123,ALL,0
150060,WHO,0
150514,WHO,0
150690,WHO,0
150718,WHO,0
150733,WHO,0
150929,WHO,0
151232,WHO,0
151603,WHO,0
151698,WHO,0
151785,WHO,0
155534,WHO,1
155654,WHO,1
164900,WHO,0
165692,WHO,0
167820,WHO,0
167829,WHO,1
167941,WHO,1
168560,WHO,0
168572,WHO,0
169690,WHO,0
169820,WHO,0
169866,WHO,0
169937,WHO,0
170021,WHO,0
170041,WHO,0
170065,WHO,0
170262,WHO,1
170267,WHO,1
171304,WHO,0
171437,WHO,0
171448,WHO,0
171473,WHO,0
171648,WHO,0
172382,WHO,0
173571,WHO,0
179724,WHO,1
179779,WHO,0
179782,WHO,0
179981,WHO,0
180552,WHO,0
181313,WHO,0
373588,WHO,0
700006,WHO,0
705568,WHO,1
708200,WHO,1
739226,WHO,1
808728,WHO,1
808792,WHO,0
810167,WHO,1
810193,WHO,0
810309,WHO,0
810326,WHO,0
810369,WHO,0
810381,WHO,0
811144,WHO,0
828784,WHO,0
828785,WHO,0
837185,WHO,0
6887,ALL,0
6911,ALL,0
6934,ALL,0
9519,WHO,0
13285,WHO,0
14403,WHO,0
14994,WHO,0
16507,WHO,0
16979,WHO,1
19170,WHO,0
19317,WHO,0
19542,WHO,1
45597,WHO,0
50429,WHO,1
53317,WHO,0
53377,WHO,1
53456,WHO,1
53567,WHO,0
53771,WHO,1
54002,WHO,0
54041,WHO,0
54860,WHO,0
54987,WHO,0
55322,WHO,0
55346,WHO,0
55626,WHO,0
55907,WHO,0
55929,WHO,0
55935,WHO,0
55937,WHO,0
56301,WHO,0
56557,WHO,0
56640,WHO,0
56698,WHO,0
56800,WHO,0
56807,WHO,0
56846,WHO,0
56947,WHO,0
57056,WHO,0
57134,WHO,0
57342,WHO,0
57368,WHO,0
57541,WHO,0
62061,WHO,0
62104,WHO,0
64968,WHO,0
64974,WHO,1
65276,WHO,0
65345,WHO,0
65438,WHO,0
65550,WHO,0
65575,WHO,1
65604,WHO,1
76291,WHO,1
77957,WHO,0
78004,WHO,0
78124,WHO,0
78291,WHO,0
79523,WHO,0
79870,WHO,0
79988,WHO,0
79996,WHO,0
88123,WHO,1
96479,WHO,0
96577,WHO,0
96681,WHO,0
97683,WHO,0
98113,WHO,0
98237,WHO,0
107387,WHO,0
117622,WHO,1
124967,WHO,0
126364,WHO,0
135241,WHO,0
135788,WHO,0
136565,WHO,0
136794,WHO,0
136812,WHO,0
137613,WHO,0
138034,WHO,0
138059,WHO,1
138060,WHO,0
139489,WHO,0
140688,WHO,0
146824,WHO,1
147240,ALL,1
147837,ALL,0
147838,ALL,1
147998,ALL,1
148023,ALL,1
148239,ALL,0
148256,ALL,1
148258,ALL,1
150139,WHO,1
150174,WHO,0
150311,WHO,0
150944,WHO,0
151114,WHO,0
151165,WHO,0
151211,WHO,0
151362,WHO,0
153697,WHO,0
155490,WHO,1
155528,WHO,1
155547,WHO,1
155655,WHO,1
155676,WHO,1
164911,WHO,0
166291,WHO,1
167123,WHO,1
167307,WHO,0
168390,WHO,0
169040,WHO,0
169043,WHO,0
169081,WHO,0
169507,WHO,0
169729,WHO,0
169882,WHO,0
170236,WHO,0
171365,WHO,0
171527,WHO,0
171618,WHO,0
171675,WHO,0
171730,WHO,0
171867,WHO,0
173401,WHO,0
173442,WHO,0
174889,ALL,0
178549,WHO,0
178951,WHO,1
179611,WHO,1
179618,WHO,0
179646,WHO,1
179789,WHO,0
180001,WHO,0
181191,WHO,0
181394,WHO,0
181417,WHO,0
181420,WHO,0
181457,WHO,0
181470,WHO,0
182369,WHO,0
373618,WHO,0
375017,ALL,0
705535,WHO,0
708234,WHO,0
740998,WHO,0
808809,WHO,1
810123,WHO,0
810283,WHO,0
810379,WHO,0
811258,WHO,1
812575,WHO,1
812689,WHO,1
892539,WHO,0
899,WHO,0
901,WHO,0
9280,WHO,0
9449,WHO,0
9521,WHO,0
12464,WHO,1
12721,WHO,0
14331,WHO,0
15519,WHO,0
15919,WHO,0
16596,WHO,0
17091,WHO,0
17524,WHO,0
19389,WHO,0
19942,WHO,0
45592,WHO,0
50019,WHO,1
50044,WHO,1
52485,WHO,0
52497,WHO,0
52803,WHO,0
52826,WHO,0
53394,WHO,0
54452,WHO,0
54938,WHO,0
54953,WHO,0
55148,WHO,0
55398,WHO,0
55615,WHO,0
55825,WHO,0
55859,WHO,0
56143,WHO,0
56233,WHO,0
56348,WHO,0
56769,WHO,0
56817,WHO,0
57363,WHO,0
57481,WHO,0
57701,WHO,0
64657,WHO,1
64710,WHO,1
64768,WHO,0
64881,WHO,0
65120,WHO,0
65636,WHO,0
78170,WHO,1
96685,WHO,0
97053,WHO,0
97920,WHO,0
97936,WHO,0
98027,WHO,0
101543,WHO,0
117630,WHO,0
117740,WHO,0
135537,WHO,0
135631,WHO,0
135641,WHO,0
135736,WHO,1
136671,WHO,0
137084,WHO,1
137493,WHO,1
137581,WHO,1
137599,WHO,0
138018,WHO,1
138395,WHO,1
139533,WHO,0
139582,WHO,0
139604,WHO,0
139627,WHO,0
140575,WHO,0
140619,WHO,0
140620,WHO,0
148315,ALL,1
150887,WHO,0
150907,WHO,0
151125,WHO,0
151253,WHO,0
151746,WHO,0
151809,WHO,0
166582,WHO,0
166596,WHO,1
166953,WHO,1
167113,WHO,0
167303,WHO,0
167458,WHO,0
167542,WHO,0
168017,WHO,1
169026,WHO,0
169041,WHO,0
169050,WHO,0
169461,WHO,0
169554,WHO,0
169608,WHO,0
169657,WHO,0
169662,WHO,0
169753,WHO,0
169767,WHO,0
170122,WHO,0
170274,WHO,0
171505,WHO,0
171836,WHO,0
173409,WHO,0
173471,WHO,0
173478,WHO,0
179002,WHO,0
179049,WHO,1
179923,WHO,0
180387,WHO,0
180438,WHO,0
181111,WHO,0
181333,WHO,0
181342,WHO,0
181390,WHO,0
181475,WHO,0
181539,WHO,0
182081,WHO,0
182189,WHO,0
182689,WHO,0
375444,ALL,1
698643,WHO,1
705403,WHO,1
705574,WHO,1
707397,WHO,1
708224,WHO,1
739257,WHO,1
740994,WHO,0
790034,WHO,0
808774,WHO,1
810375,WHO,0
810531,WHO,1
811133,WHO,1
821008,WHO,1
888313,WHO,1
854,WHO,1
6951,ALL,0
9507,WHO,0
9520,WHO,0
13048,WHO,0
13950,WHO,0
13977,WHO,1
13999,WHO,0
14547,WHO,0
15158,WHO,0
15959,WHO,0
16559,WHO,0
16843,WHO,0
19610,WHO,0
45448,WHO,1
45449,WHO,1
45500,WHO,1
45600,WHO,1
52749,WHO,0
53275,WHO,0
53496,WHO,1
53790,WHO,0
53877,WHO,0
54497,WHO,0
54587,WHO,0
54639,WHO,0
55068,WHO,0
55258,WHO,0
55295,WHO,0
55620,WHO,0
55780,WHO,0
55840,WHO,0
55921,WHO,0
56207,WHO,0
56318,WHO,0
56495,WHO,0
56677,WHO,0
56782,WHO,0
56850,WHO,0
57355,WHO,0
57597,WHO,0
57703,WHO,0
57724,WHO,1
57767,WHO,0
58091,WHO,1
61905,WHO,0
61992,WHO,0
62087,WHO,0
64664,WHO,1
64803,WHO,0
64892,WHO,1
64980,WHO,0
65095,WHO,1
65296,WHO,0
65305,WHO,0
65319,WHO,0
65476,WHO,0
65602,WHO,0
65776,WHO,1
76387,WHO,1
78007,WHO,0
78029,WHO,0
78107,WHO,0
78315,WHO,1
79483,WHO,0
79752,WHO,0
79808,WHO,0
79811,WHO,0
95572,WHO,1
96375,WHO,0
96837,WHO,0
97016,WHO,0
117674,WHO,1
120064,WHO,1
120074,WHO,1
122074,WHO,0
135013,WHO,0
135473,WHO,0
135815,WHO,1
136213,WHO,0
136327,WHO,0
136736,WHO,0
136823,WHO,0
136827,WHO,0
137264,WHO,0
137604,WHO,0
139576,WHO,0
139633,WHO,0
139864,WHO,0
147361,ALL,1
147962,ALL,1
147995,ALL,1
148063,ALL,1
148073,ALL,0
150629,WHO,0
151116,WHO,0
151122,WHO,0
151514,WHO,0
155524,WHO,0
155669,WHO,1
164409,WHO,1
164468,WHO,0
164940,WHO,0
165451,WHO,1
166053,WHO,0
167294,WHO,1
167378,WHO,0
167519,WHO,0
167531,WHO,0
167649,WHO,0
168061,WHO,0
168247,WHO,0
168401,WHO,0
168947,WHO,0
169479,WHO,0
169506,WHO,0
169945,WHO,0
170160,WHO,0
171268,WHO,0
171318,WHO,0
171446,WHO,0
171471,WHO,0
171777,WHO,0
173373,WHO,0
173418,WHO,0
173466,WHO,0
173537,WHO,0
174353,WHO,0
174849,ALL,0
177591,WHO,1
178534,WHO,1
179042,WHO,1
179939,WHO,0
180370,WHO,1
180452,WHO,0
180505,WHO,0
181129,WHO,1
182287,WHO,0
182555,WHO,0
375012,ALL,0
700017,WHO,0
729477,WHO,0
739167,WHO,0
808802,WHO,1
810130,WHO,0
810328,WHO,0
810387,WHO,0
810507,WHO,1
810552,WHO,0
811279,WHO,0
812616,WHO,1
820899,WHO,0
6992,ALL,1
9448,WHO,0
9469,WHO,0
12255,WHO,0
13815,WHO,1
13994,WHO,0
14784,WHO,0
16108,WHO,0
16599,WHO,1
17118,WHO,0
18112,WHO,0
18179,WHO,0
18225,WHO,0
18717,WHO,0
45499,WHO,0
45587,WHO,1
47509,WHO,1
52432,WHO,0
52579,WHO,0
52834,WHO,0
53435,WHO,1
53590,WHO,0
53641,WHO,0
53644,WHO,1
53674,WHO,0
53775,WHO,0
53854,WHO,0
54090,WHO,0
54212,WHO,0
54321,WHO,0
54398,WHO,0
54542,WHO,0
54622,WHO,0
54782,WHO,0
54947,WHO,0
55241,WHO,0
55279,WHO,0
55491,WHO,0
55567,WHO,0
55920,WHO,0
56319,WHO,0
56329,WHO,0
56399,WHO,0
56582,WHO,0
56597,WHO,0
56684,WHO,0
56944,WHO,0
56974,WHO,0
57480,WHO,0
57488,WHO,0
57542,WHO,0
61805,WHO,1
61986,WHO,1
62135,WHO,0
64696,WHO,0
64961,WHO,1
64976,WHO,0
65400,WHO,1
78105,WHO,0
78219,WHO,0
78294,WHO,0
79749,WHO,0
97510,WHO,0
97904,WHO,0
97970,WHO,0
117696,WHO,0
126320,WHO,0
135132,WHO,0
135189,WHO,1
135233,WHO,0
135246,WHO,0
136402,WHO,0
136455,WHO,0
136821,WHO,0
136943,WHO,0
136950,WHO,0
137038,WHO,0
137073,WHO,0
138100,WHO,0
139636,WHO,0
141275,WHO,0
147338,ALL,0
147441,ALL,0
147524,ALL,0
147770,ALL,0
147822,ALL,0
148154,ALL,1
148200,ALL,1
148221,ALL,1
148232,ALL,1
148316,ALL,0
150200,WHO,0
150556,WHO,1
150753,WHO,0
150898,WHO,0
150926,WHO,0
151175,WHO,0
151387,WHO,0
151567,WHO,0
151670,WHO,0
154956,ALL,1
155499,WHO,1
166308,WHO,1
167131,WHO,1
167141,WHO,1
169164,WHO,0
169641,WHO,0
169884,WHO,0
170060,WHO,0
170225,WHO,0
170261,WHO,0
171342,WHO,0
171398,WHO,0
171754,WHO,0
174816,ALL,0
176983,WHO,0
177598,WHO,0
177968,WHO,0
179481,WHO,0
179968,WHO,0
180447,WHO,0
180481,WHO,0
181097,WHO,0
181598,WHO,0
182490,WHO,0
183307,WHO,0
373596,WHO,0
699974,WHO,0
705367,WHO,0
739129,WHO,1
740979,WHO,1
740990,WHO,1
808409,WHO,1
808413,WHO,0
808723,WHO,0
810472,WHO,1
810505,WHO,1
811129,WHO,1
811217,WHO,0
892544,WHO,0
897,WHO,0
12967,WHO,0
13129,WHO,0
13170,WHO,0
13222,WHO,0
13490,WHO,0
14074,WHO,0
14144,WHO,0
15758,WHO,0
19597,WHO,0
45455,WHO,0
50039,WHO,1
50389,WHO,1
50410,WHO,1
52807,WHO,0
52819,WHO,0
53546,WHO,1
53547,WHO,0
53649,WHO,1
53685,WHO,0
53767,WHO,0
53855,WHO,0
53931,WHO,0
53959,WHO,0
54317,WHO,1
55055,WHO,0
55208,WHO,0
55375,WHO,0
55446,WHO,0
55669,WHO,0
55727,WHO,0
56141,WHO,1
56344,WHO,1
56393,WHO,0
56542,WHO,0
56737,WHO,0
56845,WHO,0
56993,WHO,0
57369,WHO,0
57512,WHO,1
57573,WHO,1
57602,WHO,0
57738,WHO,1
61978,WHO,1
64644,WHO,0
64817,WHO,1
65166,WHO,0
65252,WHO,0
65298,WHO,0
65455,WHO,1
65470,WHO,0
65482,WHO,0
65599,WHO,1
78340,WHO,0
78352,WHO,0
79892,WHO,0
88083,WHO,0
96784,WHO,0
96977,WHO,0
97432,WHO,0
97511,WHO,0
98218,WHO,0
124841,WHO,0
126319,WHO,0
126416,WHO,0
135568,WHO,0
135569,WHO,0
135584,WHO,0
136276,WHO,0
136491,WHO,0
136620,WHO,0
136721,WHO,0
136761,WHO,0
136776,WHO,0
136895,WHO,0
136965,WHO,0
137232,WHO,0
137530,WHO,1
138026,WHO,0
138093,WHO,0
138123,WHO,0
139689,WHO,0
139749,WHO,0
140744,WHO,0
147738,ALL,0
147806,ALL,0
148040,ALL,1
150172,WHO,0
151192,WHO,0
151193,WHO,0
155578,WHO,0
166120,WHO,1
166154,WHO,0
166591,WHO,1
167333,WHO,1
167548,WHO,0
168446,WHO,0
168907,WHO,0
169811,WHO,0
169867,WHO,0
169941,WHO,0
169983,WHO,0
170079,WHO,0
170157,WHO,0
171379,WHO,0
171420,WHO,0
171525,WHO,0
172375,WHO,0
173481,WHO,0
177605,WHO,1
179019,WHO,0
179480,WHO,0
179553,WHO,0
179644,WHO,0
179942,WHO,0
179987,WHO,0
181240,WHO,0
181397,WHO,0
374697,ALL,0
374957,ALL,0
699923,WHO,0
699953,WHO,0
705380,WHO,1
729339,WHO,0
739262,WHO,0
740966,WHO,1
741021,WHO,1
808787,WHO,1
810011,WHO,0
810110,WHO,0
810261,WHO,0
810384,WHO,0
810539,WHO,1
811267,WHO,0
888335,WHO,1
892554,WHO,1
933875,WHO,1
827,WHO,1
6893,ALL,1
6906,ALL,1
12146,WHO,0
13013,WHO,0
13070,WHO,0
13172,WHO,0
13405,WHO,0
14402,WHO,0
16296,WHO,0
17488,WHO,0
17556,WHO,0
18062,WHO,0
18079,WHO,0
18272,WHO,0
22413,ALL,0
34547,WHO,0
34748,WHO,0
50424,WHO,0
52326,WHO,0
52336,WHO,0
52414,WHO,0
52462,WHO,0
52591,WHO,0
53225,WHO,0
53694,WHO,0
53886,WHO,0
54377,WHO,1
54521,WHO,0
54595,WHO,0
54978,WHO,0
55246,WHO,0
55334,WHO,0
55744,WHO,0
55748,WHO,0
55846,WHO,0
55909,WHO,0
56307,WHO,0
56433,WHO,0
56447,WHO,0
56754,WHO,0
56969,WHO,0
57063,WHO,0
57221,WHO,0
57262,WHO,0
57583,WHO,0
57609,WHO,0
57728,WHO,1
61989,WHO,0
62043,WHO,0
64510,WHO,0
64819,WHO,0
64820,WHO,0
64945,WHO,0
65223,WHO,0
65388,WHO,0
65513,WHO,1
65640,WHO,1
78356,WHO,1
78367,WHO,1
80023,WHO,0
97453,WHO,0
107221,WHO,0
107246,WHO,0
119574,WHO,1
120065,WHO,1
122163,WHO,1
126329,WHO,0
126338,WHO,0
135577,WHO,0
136260,WHO,0
136521,WHO,0
136928,WHO,0
137178,WHO,0
137388,WHO,1
137542,WHO,0
137577,WHO,0
137622,WHO,0
137632,WHO,0
138003,WHO,1
139493,WHO,0
140779,WHO,0
147451,ALL,1
147601,ALL,1
147777,ALL,1
147831,ALL,0
148100,ALL,0
148325,ALL,1
148329,ALL,0
148376,ALL,0
148391,ALL,1
149984,WHO,1
150196,WHO,0
150320,WHO,0
150856,WHO,0
151053,WHO,0
151667,WHO,0
151925,WHO,0
155522,WHO,0
164459,WHO,1
164649,WHO,1
165821,WHO,0
165911,WHO,0
166574,WHO,1
166588,WHO,0
167297,WHO,1
167491,WHO,0
167632,WHO,0
168331,WHO,0
168753,WHO,0
169122,WHO,0
169490,WHO,0
169635,WHO,0
169710,WHO,0
169828,WHO,0
169907,WHO,0
169915,WHO,0
169980,WHO,0
170017,WHO,0
170057,WHO,0
170124,WHO,0
170161,WHO,0
171314,WHO,0
171334,WHO,0
171515,WHO,0
171714,WHO,0
171816,WHO,0
171878,WHO,0
173275,WHO,0
173465,WHO,0
173585,WHO,1
178004,WHO,1
179082,WHO,0
179659,WHO,1
181222,WHO,0
181299,WHO,0
181347,WHO,0
181614,WHO,0
373592,WHO,0
708240,WHO,0
739259,WHO,1
740999,WHO,1
808771,WHO,1
808810,WHO,1
810131,WHO,0
810475,WHO,1
810501,WHO,1
843176,WHO,1
888266,WHO,1
16554,WHO,0
16947,WHO,0
17563,WHO,0
19242,WHO,0
19618,WHO,0
34541,WHO,1
34557,WHO,0
34770,WHO,0
34772,WHO,0
34775,WHO,0
45451,WHO,0
45463,WHO,1
52320,WHO,0
52619,WHO,0
52804,WHO,0
53296,WHO,1
54219,WHO,0
54362,WHO,0
54601,WHO,0
54856,WHO,0
55009,WHO,0
55091,WHO,0
55140,WHO,0
55451,WHO,0
55507,WHO,0
55635,WHO,0
55749,WHO,0
55931,WHO,0
56001,WHO,0
56160,WHO,0
56380,WHO,0
56395,WHO,0
56614,WHO,0
56785,WHO,0
56867,WHO,0
56939,WHO,0
57107,WHO,0
57511,WHO,0
57557,WHO,0
57791,WHO,1
60358,WHO,0
61826,WHO,0
64623,WHO,0
64632,WHO,0
64665,WHO,0
64728,WHO,0
64991,WHO,0
64997,WHO,0
65051,WHO,0
65196,WHO,0
65358,WHO,0
76150,WHO,0
78376,WHO,0
79997,WHO,0
96833,WHO,0
98053,WHO,0
101605,WHO,0
115324,WHO,0
115347,WHO,0
119513,WHO,0
119776,WHO,0
126762,WHO,0
135391,WHO,0
136576,WHO,0
136687,WHO,0
136902,WHO,0
137229,WHO,0
137446,WHO,1
137615,WHO,0
137968,WHO,0
138165,WHO,0
138488,WHO,0
139559,WHO,0
140551,WHO,0
140597,WHO,0
140622,WHO,0
147210,ALL,0
147412,ALL,0
147622,ALL,0
147623,ALL,1
148105,ALL,0
148281,ALL,1
148292,ALL,1
148314,ALL,0
148340,ALL,0
150453,WHO,0
150497,WHO,0
150726,WHO,0
150811,WHO,0
150829,WHO,0
150882,WHO,0
151231,WHO,0
151275,WHO,0
151574,WHO,0
155557,WHO,0
164461,WHO,1
164643,WHO,1
166113,WHO,0
166116,WHO,1
166321,WHO,0
167255,WHO,0
167545,WHO,0
167689,WHO,0
168582,WHO,0
168597,WHO,0
168630,WHO,0
169639,WHO,0
170133,WHO,0
170138,WHO,0
171254,WHO,0
171329,WHO,0
171478,WHO,1
171609,WHO,0
171828,WHO,0
173370,WHO,0
173467,WHO,0
174895,ALL,0
178402,WHO,0
178635,WHO,0
179522,WHO,1
179588,WHO,0
179803,WHO,0
179823,WHO,1
179989,WHO,0
180175,WHO,0
181080,WHO,0
181166,WHO,0
181185,WHO,0
181337,WHO,0
181405,WHO,0
181505,WHO,0
182074,WHO,0
182463,WHO,0
374582,ALL,1
699989,WHO,0
705374,WHO,1
705449,WHO,1
707403,WHO,0
708203,WHO,1
713450,WHO,1
739191,WHO,1
739231,WHO,1
739241,WHO,0
810296,WHO,0
810423,WHO,1
810440,WHO,1
812678,WHO,1
828778,WHO,0
6895,ALL,1
6961,ALL,0
14336,WHO,0
14696,WHO,0
16248,WHO,0
16458,WHO,1
17075,WHO,0
17614,WHO,1
19601,WHO,0
19687,WHO,1
19909,WHO,0
34194,WHO,1
34759,WHO,1
50357,WHO,0
52377,WHO,0
52676,WHO,0
52739,WHO,0
52748,WHO,0
53229,WHO,1
54022,WHO,0
54092,WHO,0
54413,WHO,0
54526,WHO,0
54785,WHO,0
55080,WHO,0
55102,WHO,0
55453,WHO,0
55585,WHO,0
55621,WHO,0
55761,WHO,1
56047,WHO,0
56082,WHO,0
56195,WHO,0
56315,WHO,0
56408,WHO,0
56427,WHO,0
56510,WHO,0
56580,WHO,0
56687,WHO,0
56927,WHO,0
56983,WHO,0
57173,WHO,0
57211,WHO,0
57607,WHO,1
57707,WHO,0
61689,WHO,1
64693,WHO,0
64758,WHO,0
64821,WHO,1
65209,WHO,0
65233,WHO,1
65238,WHO,0
65349,WHO,0
65543,WHO,0
65614,WHO,0
65644,WHO,0
65789,WHO,0
76241,WHO,0
77897,WHO,0
77968,WHO,0
78383,WHO,1
96733,WHO,0
96736,WHO,0
97416,WHO,0
98216,WHO,0
101676,WHO,0
107308,WHO,1
115390,WHO,1
117597,WHO,1
120076,WHO,0
124738,WHO,0
124795,WHO,0
135180,WHO,0
135369,WHO,0
135384,WHO,0
135430,WHO,0
135477,WHO,0
135572,WHO,0
136268,WHO,0
136572,WHO,0
136964,WHO,0
137181,WHO,0
137316,WHO,0
137590,WHO,0
137758,WHO,0
138099,WHO,0
138107,WHO,0
139725,WHO,0
139814,WHO,0
139815,WHO,1
140542,WHO,0
147731,ALL,1
147848,ALL,0
147922,ALL,1
148090,ALL,0
148147,ALL,1
150372,WHO,0
150498,WHO,0
150621,WHO,0
150627,WHO,0
151397,WHO,0
151573,WHO,0
155501,WHO,0
164481,WHO,1
164625,WHO,1
165448,WHO,1
165503,WHO,0
167299,WHO,0
167405,WHO,0
167509,WHO,1
167547,WHO,0
167999,WHO,1
169340,WHO,0
169550,WHO,0
169597,WHO,0
169623,WHO,0
169735,WHO,0
169989,WHO,0
170258,WHO,0
171306,WHO,0
171741,WHO,0
171940,WHO,0
179005,WHO,0
179023,WHO,0
179456,WHO,0
179531,WHO,0
179643,WHO,0
179754,WHO,0
179929,WHO,0
180550,WHO,0
181178,WHO,0
181367,WHO,0
181404,WHO,0
181537,WHO,0
181551,WHO,0
182502,WHO,1
374942,ALL,0
374979,ALL,0
698648,WHO,0
699950,WHO,0
700060,WHO,0
729471,WHO,0
790232,WHO,0
810120,WHO,0
810147,WHO,0
810158,WHO,1
810176,WHO,1
810411,WHO,0
812583,WHO,1
888332,WHO,1
946366,WHO,0
859,WHO,1
12811,WHO,0
12870,WHO,0
13606,WHO,0
13810,WHO,0
14157,WHO,0
16824,WHO,0
17094,WHO,1
22166,ALL,0
34322,WHO,1
34331,WHO,0
34500,WHO,0
50380,WHO,1
52311,WHO,0
52544,WHO,0
52603,WHO,0
52620,WHO,0
52764,WHO,0
53305,WHO,0
53548,WHO,0
53653,WHO,1
54245,WHO,0
54857,WHO,0
54871,WHO,0
54884,WHO,0
55005,WHO,0
55177,WHO,0
55183,WHO,0
55332,WHO,0
55367,WHO,0
55454,WHO,0
55560,WHO,0
55702,WHO,0
55853,WHO,0
56155,WHO,0
56164,WHO,0
56177,WHO,0
56200,WHO,0
56272,WHO,0
56567,WHO,0
56960,WHO,0
56972,WHO,0
57007,WHO,0
57066,WHO,0
57149,WHO,0
57174,WHO,0
57238,WHO,0
57255,WHO,0
58620,WHO,1
60354,WHO,1
61919,WHO,0
64902,WHO,0
64971,WHO,0
65214,WHO,0
65372,WHO,0
65405,WHO,0
65606,WHO,0
77919,WHO,0
79802,WHO,0
80022,WHO,0
83922,WHO,0
88098,WHO,1
96730,WHO,0
97151,WHO,0
97741,WHO,0
97978,WHO,0
107253,WHO,0
107258,WHO,0
107361,WHO,1
115250,WHO,0
119686,WHO,0
128655,WHO,1
135299,WHO,0
135467,WHO,0
136196,WHO,0
136609,WHO,0
136651,WHO,0
137317,WHO,0
137729,WHO,0
137755,WHO,0
138089,WHO,0
138134,WHO,1
139542,WHO,0
139544,WHO,0
139784,WHO,0
141257,WHO,1
147347,ALL,1
147557,ALL,1
147573,ALL,0
147816,ALL,0
147898,ALL,1
148035,ALL,0
148382,ALL,1
150340,WHO,0
150349,WHO,0
150635,WHO,0
151250,WHO,0
151382,WHO,0
154927,ALL,1
155502,WHO,0
155518,WHO,1
155615,WHO,1
155616,WHO,1
163530,WHO,0
165445,WHO,1
165454,WHO,1
165728,WHO,0
167300,WHO,1
167457,WHO,0
167731,WHO,0
169149,WHO,0
169504,WHO,0
169806,WHO,0
169821,WHO,0
169865,WHO,0
169880,WHO,0
170000,WHO,0
170224,WHO,0
171453,WHO,0
171555,WHO,0
171757,WHO,0
171758,WHO,1
171929,WHO,0
179051,WHO,1
179466,WHO,0
179488,WHO,0
179607,WHO,1
179806,WHO,0
180366,WHO,0
180558,WHO,0
181480,WHO,0
373614,WHO,0
699948,WHO,0
700030,WHO,0
700050,WHO,0
705431,WHO,1
705503,WHO,1
707419,WHO,0
729290,WHO,1
808403,WHO,1
810114,WHO,0
810143,WHO,0
810313,WHO,0
810484,WHO,0
812554,WHO,1
812573,WHO,1
812599,WHO,1
812709,WHO,1
888303,WHO,1
830,WHO,0
6922,ALL,0
8578,ALL,1
8596,ALL,1
8613,ALL,0
12854,WHO,0
13486,WHO,0
14529,WHO,0
14989,WHO,0
15073,WHO,0
16508,WHO,0
17168,WHO,0
17354,WHO,0
18108,WHO,0
18475,WHO,0
18554,WHO,0
19972,WHO,0
22409,ALL,0
34732,WHO,0
52324,WHO,0
52429,WHO,0
52471,WHO,0
53379,WHO,0
53492,WHO,0
53592,WHO,0
53720,WHO,0
54186,WHO,0
54520,WHO,0
55157,WHO,0
55166,WHO,0
55450,WHO,0
55821,WHO,0
56064,WHO,0
56119,WHO,0
56134,WHO,0
56464,WHO,0
56504,WHO,0
56790,WHO,0
56943,WHO,0
57203,WHO,0
57559,WHO,0
57586,WHO,1
57608,WHO,0
57671,WHO,0
57706,WHO,0
57781,WHO,1
61771,WHO,1
62190,WHO,1
64655,WHO,0
64721,WHO,0
64845,WHO,0
64870,WHO,0
65040,WHO,0
65115,WHO,0
65237,WHO,0
65330,WHO,0
65420,WHO,1
65535,WHO,0
65762,WHO,0
77937,WHO,0
78067,WHO,0
97500,WHO,0
107294,WHO,0
107382,WHO,1
107448,WHO,1
117623,WHO,0
126792,WHO,0
135039,WHO,0
135443,WHO,0
136556,WHO,0
136798,WHO,0
136860,WHO,0
136884,WHO,0
137597,WHO,0
137775,WHO,0
137965,WHO,0
138135,WHO,0
139509,WHO,0
139630,WHO,0
139780,WHO,0
139899,WHO,1
147348,ALL,0
147983,ALL,1
148143,ALL,1
148204,ALL,1
148287,ALL,1
148355,ALL,0
150178,WHO,0
150412,WHO,0
150884,WHO,0
150937,WHO,0
151146,WHO,0
155677,WHO,1
164631,WHO,0
164931,WHO,0
166069,WHO,1
167316,WHO,0
167540,WHO,0
168463,WHO,0
169114,WHO,0
169472,WHO,0
169581,WHO,0
169908,WHO,0
169986,WHO,1
170014,WHO,0
170243,WHO,0
170401,WHO,0
171449,WHO,0
171495,WHO,0
171654,WHO,0
171677,WHO,0
171739,WHO,0
174371,WHO,0
178998,WHO,0
179636,WHO,0
179672,WHO,0
179721,WHO,1
179922,WHO,0
180507,WHO,0
181277,WHO,0
181279,WHO,0
181348,WHO,0
181425,WHO,0
181565,WHO,0
373621,WHO,0
375001,ALL,0
700058,WHO,0
705357,WHO,1
708247,WHO,0
741003,WHO,1
808745,WHO,1
810087,WHO,0
810116,WHO,0
810258,WHO,0
810336,WHO,0
810549,WHO,0
812646,WHO,0
848,WHO,1
889,WHO,1
916,WHO,0
919,WHO,0
9439,WHO,0
13351,WHO,1
13734,WHO,0
13812,WHO,0
14578,WHO,0
14769,WHO,0
17125,WHO,0
17759,WHO,0
20014,WHO,0
34270,WHO,1
34510,WHO,0
34873,WHO,1
45598,WHO,1
52315,WHO,0
52595,WHO,0
54490,WHO,0
54577,WHO,0
54832,WHO,0
54932,WHO,0
55408,WHO,0
55611,WHO,0
55712,WHO,1
55798,WHO,0
55816,WHO,0
56251,WHO,0
56382,WHO,0
56444,WHO,0
56471,WHO,0
58562,WHO,1
61788,WHO,0
61943,WHO,1
64610,WHO,0
64810,WHO,0
64868,WHO,0
64891,WHO,0
65097,WHO,0
65216,WHO,0
65274,WHO,0
65310,WHO,0
65403,WHO,0
78136,WHO,0
78182,WHO,0
79526,WHO,0
97125,WHO,0
97440,WHO,1
107252,WHO,1
117764,WHO,0
124736,WHO,0
124803,WHO,1
126322,WHO,0
126408,WHO,0
135326,WHO,1
136427,WHO,0
136502,WHO,0
136785,WHO,0
136818,WHO,0
139707,WHO,0
139754,WHO,0
140523,WHO,1
140643,WHO,0
140783,WHO,0
146880,WHO,0
147371,ALL,1
147443,ALL,1
147736,ALL,0
147768,ALL,1
147872,ALL,0
147899,ALL,1
148067,ALL,0
148249,ALL,1
148374,ALL,0
150559,WHO,0
150867,WHO,0
151550,WHO,0
151775,WHO,0
151831,WHO,0
155584,WHO,0
165167,WHO,1
166295,WHO,1
166570,WHO,1
168298,WHO,0
169113,WHO,1
169213,WHO,0
169566,WHO,0
169570,WHO,0
169897,WHO,0
169992,WHO,0
170049,WHO,0
170168,WHO,0
170172,WHO,0
170190,WHO,0
170215,WHO,0
170312,WHO,0
171240,WHO,0
171284,WHO,0
171941,WHO,0
171955,WHO,0
173449,WHO,0
177946,WHO,0
178109,WHO,0
178373,WHO,0
178410,WHO,0
179061,WHO,0
179502,WHO,0
179836,WHO,1
179919,WHO,0
180428,WHO,0
181144,WHO,0
181352,WHO,0
182180,WHO,0
374995,ALL,0
700053,WHO,0
703022,WHO,1
705477,WHO,1
725684,WHO,0
740996,WHO,1
790040,WHO,0
808783,WHO,1
808790,WHO,1
810115,WHO,0
810236,WHO,0
812545,WHO,0
843100,WHO,0
888311,WHO,1
6863,ALL,0
6962,ALL,0
8563,ALL,1
12936,WHO,0
13086,WHO,0
15691,WHO,0
16912,WHO,0
17363,WHO,0
17898,WHO,0
19059,WHO,0
19186,WHO,1
19525,WHO,0
19980,WHO,0
45589,WHO,1
52553,WHO,1
52569,WHO,0
52682,WHO,0
52811,WHO,0
53288,WHO,0
53425,WHO,0
53436,WHO,1
53502,WHO,1
53746,WHO,1
53752,WHO,0
53789,WHO,0
53906,WHO,0
53984,WHO,0
54615,WHO,0
54937,WHO,0
55468,WHO,0
55503,WHO,0
55777,WHO,0
56163,WHO,0
56246,WHO,0
56552,WHO,0
56649,WHO,0
56903,WHO,0
57235,WHO,0
57482,WHO,0
58560,WHO,0
62170,WHO,1
64824,WHO,0
64865,WHO,0
64953,WHO,0
65116,WHO,0
65220,WHO,0
65251,WHO,0
65254,WHO,0
65410,WHO,0
65597,WHO,0
65726,WHO,0
76244,WHO,0
78009,WHO,0
78302,WHO,0
78374,WHO,0
79984,WHO,0
95540,WHO,1
95598,WHO,0
96632,WHO,0
96707,WHO,0
124895,WHO,0
135054,WHO,1
135162,WHO,0
136238,WHO,0
136329,WHO,0
136330,WHO,0
136545,WHO,0
136807,WHO,0
137034,WHO,0
137180,WHO,0
137739,WHO,0
137820,WHO,0
137861,WHO,0
139485,WHO,1
139588,WHO,0
139907,WHO,1
140437,WHO,1
140617,WHO,1
140747,WHO,0
147388,ALL,1
148282,ALL,1
150237,WHO,0
150258,WHO,0
150647,WHO,0
150686,WHO,0
151078,WHO,0
151091,WHO,0
151196,WHO,0
151246,WHO,0
151319,WHO,0
151355,WHO,0
151609,WHO,0
154966,ALL,0
165088,WHO,1
165476,WHO,1
165477,WHO,1
166342,WHO,0
166603,WHO,0
166757,WHO,1
167521,WHO,0
168426,WHO,0
169555,WHO,1
169606,WHO,0
169689,WHO,0
169830,WHO,0
169868,WHO,0
170063,WHO,0
170076,WHO,0
170098,WHO,0
170104,WHO,0
170151,WHO,0
171249,WHO,0
171528,WHO,1
171745,WHO,0
171802,WHO,0
171891,WHO,0
177065,WHO,0
178413,WHO,0
178985,WHO,0
179635,WHO,0
179775,WHO,0
179785,WHO,0
179816,WHO,0
180002,WHO,0
180350,WHO,0
180398,WHO,0
181221,WHO,0
181294,WHO,0
181331,WHO,0
181402,WHO,0
181454,WHO,0
181498,WHO,0
181520,WHO,0
181575,WHO,0
182228,WHO,0
182520,WHO,0
182944,WHO,0
374958,ALL,0
699940,WHO,0
700052,WHO,0
705510,WHO,1
729435,WHO,0
810163,WHO,1
810361,WHO,0
810399,WHO,0
811130,WHO,1
811285,WHO,0
812517,WHO,0
812538,WHO,0
812559,WHO,1
812656,WHO,1
843089,WHO,0
892516,WHO,1
892557,WHO,0
892566,WHO,1
13613,WHO,0
14584,WHO,1
15324,WHO,0
15912,WHO,0
16693,WHO,0
16795,WHO,0
18512,WHO,0
34834,WHO,1
45578,WHO,1
46757,WHO,0
50397,WHO,0
52333,WHO,0
52802,WHO,0
53461,WHO,1
53595,WHO,1
54109,WHO,0
54352,WHO,0
54614,WHO,0
55112,WHO,0
55175,WHO,0
55182,WHO,0
55396,WHO,0
55657,WHO,0
55888,WHO,0
56052,WHO,0
56096,WHO,0
56400,WHO,0
56416,WHO,0
56540,WHO,0
56704,WHO,0
56705,WHO,0
56818,WHO,0
56869,WHO,0
56921,WHO,0
57212,WHO,0
57214,WHO,0
57717,WHO,1
61798,WHO,1
65142,WHO,0
65487,WHO,0
65511,WHO,0
65627,WHO,0
76238,WHO,1
77914,WHO,0
78143,WHO,0
78214,WHO,0
78386,WHO,1
95554,WHO,0
96867,WHO,0
96881,WHO,0
96931,WHO,0
97608,WHO,0
97784,WHO,0
115249,WHO,1
115323,WHO,0
117614,WHO,1
120055,WHO,1
124948,WHO,0
126761,WHO,0
135064,WHO,0
135285,WHO,0
135665,WHO,0
136404,WHO,0
136642,WHO,0
137013,WHO,0
137049,WHO,0
137573,WHO,0
138186,WHO,0
139499,WHO,0
139562,WHO,0
139621,WHO,0
139641,WHO,0
141243,WHO,1
147377,ALL,1
147403,ALL,1
147425,ALL,1
147428,ALL,1
147620,ALL,1
147915,ALL,1
148196,ALL,1
148321,ALL,0
148341,ALL,1
150131,WHO,0
150208,WHO,1
150675,WHO,0
150891,WHO,0
151083,WHO,0
151213,WHO,0
151257,WHO,0
151390,WHO,0
151576,WHO,0
151836,WHO,0
164639,WHO,1
165017,WHO,0
165181,WHO,0
165411,WHO,0
165462,WHO,0
165912,WHO,1
167085,WHO,0
167125,WHO,0
167310,WHO,0
169003,WHO,0
169503,WHO,0
169595,WHO,0
169607,WHO,0
169861,WHO,0
169964,WHO,0
170200,WHO,0
171235,WHO,0
171551,WHO,0
171599,WHO,0
171724,WHO,0
171881,WHO,0
173385,WHO,0
173474,WHO,0
178459,WHO,1
178493,WHO,0
178968,WHO,0
179018,WHO,0
180439,WHO,0
180493,WHO,0
181220,WHO,0
181311,WHO,0
181441,WHO,1
181573,WHO,0
182257,WHO,0
182449,WHO,0
705507,WHO,1
705536,WHO,0
810385,WHO,0
810424,WHO,0
812537,WHO,0
812574,WHO,1
837186,WHO,0
843048,WHO,0
888265,WHO,1
8574,ALL,0
9454,WHO,0
13831,WHO,0
16280,WHO,0
18530,WHO,0
20037,WHO,1
34553,WHO,0
45607,WHO,0
47510,WHO,1
50396,WHO,0
52559,WHO,0
52792,WHO,0
53231,WHO,0
53626,WHO,0
53691,WHO,0
53716,WHO,0
53722,WHO,0
54019,WHO,0
54025,WHO,0
54089,WHO,0
54495,WHO,0
54640,WHO,0
54957,WHO,0
54973,WHO,1
55210,WHO,0
55216,WHO,0
55256,WHO,0
55767,WHO,0
55880,WHO,0
55942,WHO,0
56352,WHO,0
56398,WHO,0
56599,WHO,0
56660,WHO,0
56671,WHO,0
56676,WHO,0
56788,WHO,0
56798,WHO,0
56924,WHO,0
56956,WHO,0
57372,WHO,0
58556,WHO,1
61910,WHO,0
62202,WHO,0
64779,WHO,0
64851,WHO,1
64866,WHO,0
65203,WHO,1
65248,WHO,0
65730,WHO,0
78020,WHO,0
78058,WHO,0
78339,WHO,1
97660,WHO,0
101564,WHO,0
101632,WHO,0
107279,WHO,1
117620,WHO,1
117732,WHO,1
126376,WHO,0
135191,WHO,0
135366,WHO,0
136137,WHO,0
136814,WHO,0
137236,WHO,0
137635,WHO,0
138601,WHO,0
138681,WHO,0
139514,WHO,0
139603,WHO,0
148324,ALL,0
150279,WHO,0
150595,WHO,0
150853,WHO,0
151203,WHO,0
151403,WHO,0
165007,WHO,1
165220,WHO,0
165498,WHO,0
165965,WHO,0
166934,WHO,1
167842,WHO,0
168329,WHO,0
168581,WHO,0
168584,WHO,0
169711,WHO,0
169778,WHO,0
169883,WHO,0
169918,WHO,0
169956,WHO,0
169985,WHO,0
170022,WHO,0
170242,WHO,0
171293,WHO,0
171807,WHO,0
171811,WHO,0
171819,WHO,0
171894,WHO,0
173577,WHO,0
174373,WHO,0
178030,WHO,1
179614,WHO,0
179745,WHO,0
179879,WHO,0
181406,WHO,0
374618,ALL,0
374970,ALL,1
699967,WHO,0
705400,WHO,1
705490,WHO,1
705539,WHO,0
707406,WHO,1
708206,WHO,0
708211,WHO,0
713455,WHO,1
729428,WHO,1
729453,WHO,1
739176,WHO,1
739181,WHO,0
740974,WHO,1
808791,WHO,1
810490,WHO,1
811257,WHO,1
811271,WHO,0
812680,WHO,0
812682,WHO,0
820870,WHO,0
875,WHO,1
6884,ALL,0
12336,WHO,0
12897,WHO,1
17697,WHO,0
18229,WHO,0
18444,WHO,0
18597,WHO,0
18799,WHO,0
19840,WHO,0
34261,WHO,0
52426,WHO,0
52516,WHO,0
52720,WHO,0
52740,WHO,0
53395,WHO,0
53561,WHO,1
53609,WHO,0
53712,WHO,0
53759,WHO,0
53773,WHO,0
53801,WHO,0
54589,WHO,0
54710,WHO,0
54946,WHO,0
55161,WHO,0
55633,WHO,0
55772,WHO,0
55923,WHO,0
55989,WHO,0
56197,WHO,0
56632,WHO,0
56667,WHO,0
56897,WHO,0
57009,WHO,0
57187,WHO,0
57257,WHO,0
57317,WHO,0
57375,WHO,0
57435,WHO,0
57680,WHO,0
64908,WHO,0
64972,WHO,0
65428,WHO,0
65463,WHO,0
65469,WHO,0
65643,WHO,0
65739,WHO,0
78001,WHO,1
78328,WHO,0
97396,WHO,0
97496,WHO,0
97727,WHO,0
101514,WHO,0
135852,WHO,0
136437,WHO,0
136741,WHO,0
137826,WHO,0
138061,WHO,1
139581,WHO,0
139644,WHO,0
139697,WHO,0
139811,WHO,0
140544,WHO,0
140808,WHO,0
146944,WHO,0
147450,ALL,0
147734,ALL,0
147787,ALL,0
147812,ALL,0
147980,ALL,1
148182,ALL,1
148243,ALL,1
148384,ALL,1
150141,WHO,1
150383,WHO,0
150923,WHO,0
151070,WHO,0
151098,WHO,0
151267,WHO,0
151360,WHO,0
151878,WHO,0
165494,WHO,1
166067,WHO,0
166568,WHO,1
166637,WHO,1
167286,WHO,1
167442,WHO,0
168097,WHO,0
168357,WHO,0
168561,WHO,0
168701,WHO,0
169631,WHO,1
169714,WHO,0
169790,WHO,1
169793,WHO,0
169794,WHO,0
169949,WHO,0
169960,WHO,0
170287,WHO,0
171393,WHO,0
171452,WHO,0
171536,WHO,0
171656,WHO,0
171815,WHO,1
171915,WHO,0
171961,WHO,0
173395,WHO,0
178978,WHO,1
179027,WHO,0
179067,WHO,0
179537,WHO,1
181195,WHO,0
181213,WHO,0
181595,WHO,1
182428,WHO,0
182519,WHO,0
182630,WHO,0
374593,ALL,0
374873,ALL,0
699978,WHO,0
699986,WHO,0
705440,WHO,1
705540,WHO,1
705551,WHO,0
713433,WHO,0
729478,WHO,0
739252,WHO,0
740976,WHO,1
741011,WHO,1
810297,WHO,0
812642,WHO,1
820905,WHO,0
888284,WHO,1
888299,WHO,0
892533,WHO,0
933874,WHO,1
924,WHO,0
12403,WHO,0
14098,WHO,0
14315,WHO,0
14329,WHO,0
14594,WHO,0
15436,WHO,0
16241,WHO,0
16522,WHO,0
17002,WHO,1
34305,WHO,1
45443,WHO,0
45569,WHO,1
45605,WHO,1
52473,WHO,0
52672,WHO,0
53321,WHO,0
53329,WHO,0
53370,WHO,0
53382,WHO,1
53578,WHO,1
54223,WHO,0
54560,WHO,0
54569,WHO,0
55016,WHO,0
55701,WHO,0
55848,WHO,0
55871,WHO,0
56224,WHO,0
56304,WHO,0
56549,WHO,0
56609,WHO,0
57028,WHO,0
57172,WHO,0
57186,WHO,0
57472,WHO,0
57516,WHO,0
57543,WHO,0
57565,WHO,0
57755,WHO,1
60371,WHO,1
64654,WHO,0
65201,WHO,0
65208,WHO,0
65232,WHO,0
65493,WHO,0
65585,WHO,0
78282,WHO,0
97105,WHO,0
97116,WHO,0
97472,WHO,0
98023,WHO,0
98097,WHO,0
98189,WHO,0
107220,WHO,0
124799,WHO,0
124949,WHO,0
135509,WHO,0
136209,WHO,0
136315,WHO,0
137091,WHO,1
137126,WHO,0
137309,WHO,0
137504,WHO,1
138191,WHO,0
139541,WHO,0
139570,WHO,0
139583,WHO,0
140566,WHO,0
147584,ALL,1
147756,ALL,0
147793,ALL,0
147870,ALL,0
147909,ALL,1
147932,ALL,1
147951,ALL,1
147966,ALL,1
148127,ALL,0
148252,ALL,1
150046,WHO,0
150616,WHO,0
150945,WHO,0
151178,WHO,0
151207,WHO,0
151299,WHO,0
151334,WHO,0
151555,WHO,0
151845,WHO,0
151920,WHO,0
154938,ALL,1
155513,WHO,1
165957,WHO,1
165992,WHO,0
166111,WHO,0
167304,WHO,1
167494,WHO,0
168725,WHO,0
169647,WHO,0
170040,WHO,0
170115,WHO,0
170188,WHO,0
171357,WHO,0
171363,WHO,1
171523,WHO,0
171767,WHO,0
171930,WHO,0
173623,WHO,0
173715,WHO,0
179000,WHO,0
179593,WHO,0
179699,WHO,0
179840,WHO,0
181481,WHO,1
181616,WHO,0
181632,WHO,0
182403,WHO,1
182489,WHO,0
374952,ALL,0
699969,WHO,0
699997,WHO,0
708238,WHO,0
713438,WHO,0
810075,WHO,0
810263,WHO,1
810298,WHO,0
820860,WHO,0
820981,WHO,0
9464,WHO,0
12311,WHO,0
12365,WHO,0
12851,WHO,1
13053,WHO,0
13446,WHO,1
13929,WHO,0
14022,WHO,1
17750,WHO,0
18087,WHO,0
19916,WHO,0
52325,WHO,0
52420,WHO,0
52556,WHO,0
53261,WHO,1
53323,WHO,0
53612,WHO,0
53665,WHO,0
54083,WHO,0
54197,WHO,0
54297,WHO,0
54492,WHO,0
54572,WHO,0
54675,WHO,0
55614,WHO,0
55890,WHO,0
56823,WHO,0
56914,WHO,0
56967,WHO,0
56987,WHO,0
57012,WHO,0
57146,WHO,0
57347,WHO,0
57450,WHO,0
57634,WHO,0
60367,WHO,1
61881,WHO,1
61927,WHO,0
64725,WHO,0
78271,WHO,0
78272,WHO,1
78391,WHO,1
79864,WHO,0
79916,WHO,0
80001,WHO,0
96605,WHO,0
96751,WHO,0
97559,WHO,0
107270,WHO,0
107305,WHO,0
107379,WHO,1
115295,WHO,1
119545,WHO,0
120051,WHO,0
135440,WHO,0
136870,WHO,0
137186,WHO,0
139524,WHO,0
139733,WHO,0
147863,ALL,0
150074,WHO,0
150537,WHO,0
151105,WHO,0
154960,ALL,1
155507,WHO,1
155599,WHO,1
166298,WHO,1
167128,WHO,1
167133,WHO,1
167315,WHO,1
167410,WHO,0
167522,WHO,0
169738,WHO,0
171253,WHO,0
171419,WHO,0
171445,WHO,0
171565,WHO,0
171959,WHO,0
178127,WHO,0
178479,WHO,0
179059,WHO,0
179084,WHO,0
179562,WHO,1
180400,WHO,0
180451,WHO,0
181578,WHO,0
181636,WHO,0
182401,WHO,0
183369,WHO,1
374605,ALL,0
374644,ALL,0
375024,ALL,0
375432,ALL,0
705375,WHO,1
739130,WHO,0
808733,WHO,0
810029,WHO,0
810058,WHO,0
810092,WHO,0
810161,WHO,0
810164,WHO,0
810417,WHO,1
810491,WHO,1
811141,WHO,0
812513,WHO,1
812648,WHO,1
812649,WHO,0
843147,WHO,1
888288,WHO,1
9283,WHO,0
12389,WHO,0
12950,WHO,0
13915,WHO,0
14712,WHO,0
19458,WHO,0
22151,ALL,1
34533,WHO,0
45445,WHO,0
50373,WHO,0
50399,WHO,1
50421,WHO,1
52362,WHO,0
52408,WHO,0
52416,WHO,0
52422,WHO,0
52509,WHO,0
52768,WHO,0
53262,WHO,0
53318,WHO,0
53471,WHO,0
53907,WHO,0
54056,WHO,0
54793,WHO,0
54827,WHO,0
54913,WHO,0
55050,WHO,0
55198,WHO,0
55215,WHO,0
55276,WHO,0
55292,WHO,0
55455,WHO,0
55665,WHO,0
55789,WHO,0
56681,WHO,0
56835,WHO,0
57065,WHO,0
57083,WHO,0
57298,WHO,0
57708,WHO,0
61858,WHO,1
62162,WHO,0
64703,WHO,0
64899,WHO,0
65001,WHO,0
65406,WHO,0
65573,WHO,0
65777,WHO,0
76161,WHO,0
77902,WHO,0
78014,WHO,1
78196,WHO,0
78332,WHO,1
97135,WHO,0
97284,WHO,0
98183,WHO,0
98191,WHO,0
117646,WHO,0
124965,WHO,0
135361,WHO,0
135404,WHO,0
135483,WHO,0
135724,WHO,0
136326,WHO,0
137106,WHO,0
137540,WHO,0
137660,WHO,0
138023,WHO,1
138533,WHO,0
139638,WHO,0
139802,WHO,0
139805,WHO,0
139824,WHO,0
140674,WHO,0
140759,WHO,0
147221,ALL,0
147336,ALL,1
147581,ALL,0
147621,ALL,0
147754,ALL,1
148331,ALL,0
148400,ALL,1
150233,WHO,0
150820,WHO,0
150936,WHO,0
151161,WHO,0
151229,WHO,0
151625,WHO,0
151738,WHO,0
151800,WHO,0
151942,WHO,0
155609,WHO,0
165432,WHO,0
165504,WHO,0
167018,WHO,0
167733,WHO,0
168389,WHO,0
169208,WHO,0
169610,WHO,0
169952,WHO,0
170351,WHO,0
170386,WHO,0
171267,WHO,0
171389,WHO,0
171643,WHO,0
171825,WHO,0
171884,WHO,0
173391,WHO,0
174343,WHO,0
174357,WHO,0
174925,ALL,0
177950,WHO,0
179512,WHO,0
179561,WHO,0
179575,WHO,0
179613,WHO,0
179772,WHO,0
179908,WHO,1
180376,WHO,0
180397,WHO,0
180442,WHO,0
180571,WHO,0
181023,WHO,0
181285,WHO,0
181298,WHO,0
181306,WHO,0
181446,WHO,0
181447,WHO,0
181449,WHO,0
181488,WHO,0
182109,WHO,0
182238,WHO,0
182412,WHO,0
182948,WHO,0
183344,WHO,0
699980,WHO,0
700015,WHO,0
705447,WHO,1
707402,WHO,1
713454,WHO,0
739258,WHO,1
810223,WHO,0
810262,WHO,0
810393,WHO,0
810471,WHO,1
810497,WHO,1
810499,WHO,1
820969,WHO,0
820977,WHO,0
837190,WHO,1
6870,ALL,0
12480,WHO,0
14544,WHO,0
15649,WHO,0
15859,WHO,0
18248,WHO,0
45496,WHO,0
50391,WHO,0
52421,WHO,0
52815,WHO,0
53243,WHO,1
53997,WHO,0
54193,WHO,0
54513,WHO,0
54831,WHO,0
54882,WHO,0
55126,WHO,0
55616,WHO,0
55875,WHO,0
56168,WHO,0
56905,WHO,0
57084,WHO,0
57333,WHO,0
57555,WHO,0
57674,WHO,0
58607,WHO,1
64608,WHO,0
64687,WHO,0
64732,WHO,0
64764,WHO,0
64826,WHO,0
64827,WHO,0
65322,WHO,0
65364,WHO,0
65743,WHO,0
76191,WHO,0
78307,WHO,0
79460,WHO,0
79921,WHO,0
83926,WHO,0
95506,WHO,0
97353,WHO,0
98231,WHO,0
107225,WHO,0
117692,WHO,1
117733,WHO,1
117734,WHO,1
124831,WHO,0
126379,WHO,0
135099,WHO,0
135475,WHO,0
136261,WHO,0
136273,WHO,0
136293,WHO,0
136324,WHO,0
136472,WHO,0
136619,WHO,0
137089,WHO,1
138133,WHO,0
147219,ALL,0
147366,ALL,1
148048,ALL,1
148081,ALL,0
148142,ALL,1
150162,WHO,0
150173,WHO,0
150543,WHO,0
150638,WHO,0
150722,WHO,0
150736,WHO,0
150881,WHO,0
154930,ALL,1
155631,WHO,1
164493,WHO,1
165464,WHO,1
166072,WHO,0
166108,WHO,0
167439,WHO,0
168522,WHO,0
168746,WHO,0
169093,WHO,0
169496,WHO,0
169785,WHO,0
169831,WHO,0
170154,WHO,0
170264,WHO,0
170284,WHO,0
171330,WHO,0
171431,WHO,0
171513,WHO,1
171538,WHO,0
171605,WHO,0
171612,WHO,0
171636,WHO,0
171651,WHO,0
171740,WHO,1
173621,WHO,0
174730,WHO,0
178455,WHO,0
178543,WHO,0
179492,WHO,1
179620,WHO,1
179695,WHO,1
180382,WHO,0
181081,WHO,0
181374,WHO,0
181548,WHO,0
181607,WHO,0
182118,WHO,0
373620,WHO,0
374562,ALL,0
375010,ALL,0
375020,ALL,0
699934,WHO,0
699996,WHO,0
700023,WHO,0
707391,WHO,0
708254,WHO,0
729315,WHO,0
729321,WHO,0
810008,WHO,0
810142,WHO,0
810340,WHO,0
810373,WHO,0
810383,WHO,0
9313,WHO,0
9526,WHO,0
14007,WHO,0
15302,WHO,0
16289,WHO,0
16454,WHO,0
17213,WHO,0
34437,WHO,1
34600,WHO,1
52428,WHO,0
52702,WHO,0
53551,WHO,1
53753,WHO,1
54226,WHO,0
54840,WHO,0
55132,WHO,0
55231,WHO,0
55379,WHO,0
55434,WHO,0
55784,WHO,0
55842,WHO,0
56097,WHO,0
56223,WHO,0
56468,WHO,0
56641,WHO,0
56759,WHO,0
56773,WHO,0
56780,WHO,0
56837,WHO,0
56864,WHO,0
56866,WHO,0
57325,WHO,0
57620,WHO,0
61988,WHO,0
62007,WHO,1
62049,WHO,1
62180,WHO,0
64617,WHO,0
64852,WHO,0
64969,WHO,0
65138,WHO,1
65190,WHO,0
65234,WHO,1
65371,WHO,0
65380,WHO,0
65484,WHO,0
65659,WHO,0
65717,WHO,0
65790,WHO,0
77922,WHO,0
78088,WHO,0
79452,WHO,0
79513,WHO,0
85409,WHO,1
88126,WHO,1
96725,WHO,0
97320,WHO,0
107262,WHO,1
107307,WHO,1
107569,WHO,1
135574,WHO,0
136159,WHO,0
136548,WHO,1
136828,WHO,0
137153,WHO,0
137161,WHO,0
137276,WHO,0
139555,WHO,0
140810,WHO,1
141162,WHO,0
147339,ALL,1
147520,ALL,1
147546,ALL,1
147571,ALL,1
148060,ALL,0
148129,ALL,0
148167,ALL,1
148178,ALL,1
150047,WHO,0
150457,WHO,0
150541,WHO,0
150915,WHO,0
151311,WHO,0
151673,WHO,0
151728,WHO,0
155552,WHO,1
165186,WHO,0
165962,WHO,1
166057,WHO,1
167231,WHO,0
168085,WHO,0
168948,WHO,0
169000,WHO,0
169768,WHO,0
169800,WHO,0
169911,WHO,0
169969,WHO,0
170093,WHO,0
170099,WHO,0
170426,WHO,1
171351,WHO,0
171554,WHO,0
171765,WHO,0
171838,WHO,0
173433,WHO,0
178426,WHO,0
179564,WHO,0
179599,WHO,0
179713,WHO,0
179794,WHO,0
179814,WHO,1
179892,WHO,0
180403,WHO,0
180536,WHO,0
181135,WHO,1
181216,WHO,0
181552,WHO,0
182427,WHO,0
374626,ALL,0
374975,ALL,0
699976,WHO,0
700004,WHO,0
705352,WHO,1
705407,WHO,0
705543,WHO,1
705578,WHO,1
713443,WHO,0
725691,WHO,0
740983,WHO,0
790058,WHO,0
790205,WHO,1
808718,WHO,1
810050,WHO,0
810118,WHO,0
810156,WHO,0
810428,WHO,0
810478,WHO,1
812608,WHO,0
812695,WHO,1
843049,WHO,0
892545,WHO,1
13035,WHO,0
13342,WHO,0
14065,WHO,0
14521,WHO,0
15155,WHO,0
15326,WHO,0
15648,WHO,0
15955,WHO,0
16623,WHO,0
17084,WHO,0
17212,WHO,0
17662,WHO,0
18300,WHO,0
18392,WHO,0
19392,WHO,0
19953,WHO,0
34773,WHO,1
52678,WHO,0
52708,WHO,0
53508,WHO,0
53549,WHO,0
53628,WHO,0
53762,WHO,0
53865,WHO,0
54079,WHO,0
54117,WHO,0
54120,WHO,0
54151,WHO,0
54705,WHO,1
54811,WHO,0
55113,WHO,0
55163,WHO,0
55178,WHO,0
55432,WHO,0
55643,WHO,0
55695,WHO,0
56083,WHO,0
56175,WHO,0
56392,WHO,0
56420,WHO,0
56607,WHO,0
56672,WHO,0
57049,WHO,0
57180,WHO,0
57271,WHO,0
57392,WHO,0
61785,WHO,0
62033,WHO,0
64857,WHO,0
64960,WHO,0
64985,WHO,0
65164,WHO,1
65236,WHO,0
65242,WHO,0
65527,WHO,0
76204,WHO,0
78132,WHO,0
78148,WHO,0
78378,WHO,0
79762,WHO,0
79991,WHO,0
97340,WHO,0
97588,WHO,0
98150,WHO,0
107378,WHO,1
107409,WHO,1
107536,WHO,1
115291,WHO,1
115383,WHO,1
117761,WHO,1
126337,WHO,0
135027,WHO,0
135300,WHO,0
135362,WHO,0
135493,WHO,0
136416,WHO,0
136474,WHO,0
136501,WHO,0
137469,WHO,1
137575,WHO,1
138009,WHO,0
138118,WHO,0
138180,WHO,0
139590,WHO,0
139637,WHO,0
139692,WHO,0
139840,WHO,0
139909,WHO,1
147536,ALL,0
147829,ALL,0
147904,ALL,1
147953,ALL,1
148216,ALL,1
150056,WHO,0
150535,WHO,0
150934,WHO,0
150935,WHO,0
151085,WHO,0
151234,WHO,0
151318,WHO,0
151507,WHO,0
151639,WHO,0
151756,WHO,0
155642,WHO,1
165403,WHO,1
166103,WHO,0
166359,WHO,1
167047,WHO,0
167853,WHO,0
168509,WHO,0
168684,WHO,0
168854,WHO,0
169914,WHO,0
169988,WHO,1
170167,WHO,0
170247,WHO,0
171367,WHO,0
171460,WHO,0
171573,WHO,0
171585,WHO,0
171713,WHO,0
173388,WHO,0
177995,WHO,0
178625,WHO,0
179729,WHO,0
180361,WHO,0
180401,WHO,0
181339,WHO,0
181500,WHO,0
181564,WHO,0
182133,WHO,0
182504,WHO,0
183259,WHO,0
374894,ALL,1
700034,WHO,0
705395,WHO,0
705529,WHO,0
808394,WHO,0
810038,WHO,0
810228,WHO,0
810404,WHO,1
812661,WHO,1
837189,WHO,1
892497,WHO,1
892568,WHO,1
12106,WHO,0
12457,WHO,0
14631,WHO,0
17787,WHO,0
17950,WHO,0
17969,WHO,0
18567,WHO,1
18647,WHO,0
19376,WHO,0
34769,WHO,0
47500,WHO,0
50358,WHO,0
52552,WHO,0
52715,WHO,0
53331,WHO,0
53365,WHO,0
53386,WHO,0
53449,WHO,1
53486,WHO,0
53638,WHO,0
53725,WHO,0
53966,WHO,0
53990,WHO,0
54201,WHO,1
54331,WHO,0
54693,WHO,1
55221,WHO,0
55236,WHO,0
55999,WHO,0
56475,WHO,0
56990,WHO,1
57113,WHO,1
57179,WHO,0
57507,WHO,0
57533,WHO,1
61688,WHO,1
65030,WHO,0
65307,WHO,0
65336,WHO,0
65567,WHO,0
65646,WHO,0
78205,WHO,0
79761,WHO,0
95542,WHO,0
96362,WHO,1
96911,WHO,0
97018,WHO,0
97547,WHO,0
98149,WHO,0
115378,WHO,0
117608,WHO,1
126356,WHO,0
135267,WHO,0
135463,WHO,0
135603,WHO,0
135605,WHO,0
137274,WHO,0
137353,WHO,0
139491,WHO,0
139591,WHO,0
139616,WHO,0
139668,WHO,0
139713,WHO,0
139748,WHO,0
140557,WHO,0
140563,WHO,0
140596,WHO,0
140703,WHO,1
147945,ALL,1
147993,ALL,0
150327,WHO,0
150687,WHO,0
150701,WHO,0
150771,WHO,0
150779,WHO,0
150822,WHO,0
151221,WHO,0
151255,WHO,0
151536,WHO,0
151544,WHO,0
151789,WHO,0
151807,WHO,0
155020,ALL,1
155512,WHO,1
164428,WHO,1
164646,WHO,1
165479,WHO,1
167117,WHO,0
167260,WHO,0
168510,WHO,0
168570,WHO,0
168611,WHO,0
169082,WHO,0
169084,WHO,0
169473,WHO,0
169932,WHO,0
171325,WHO,1
171534,WHO,0
171541,WHO,0
171773,WHO,0
171962,WHO,0
173463,WHO,0
174348,WHO,0
174854,ALL,0
178503,WHO,0
178518,WHO,0
179497,WHO,0
179734,WHO,0
179967,WHO,1
181109,WHO,0
181476,WHO,0
373488,WHO,0
373607,WHO,0
374457,ALL,0
374946,ALL,0
374966,ALL,0
375013,ALL,0
699939,WHO,0
740991,WHO,1
808798,WHO,1
810065,WHO,0
810545,WHO,1
810555,WHO,1
812542,WHO,0
812666,WHO,1
812687,WHO,0
820834,WHO,0
820863,WHO,0
843058,WHO,0
946364,WHO,0
6936,ALL,0
9501,WHO,0
13467,WHO,0
14230,WHO,0
14319,WHO,0
14831,WHO,0
15263,WHO,0
17526,WHO,0
18190,WHO,0
18813,WHO,0
20039,WHO,0
45434,WHO,0
50028,WHO,0
52445,WHO,0
52584,WHO,0
52706,WHO,0
53349,WHO,0
54516,WHO,0
54766,WHO,0
54776,WHO,0
55003,WHO,0
55017,WHO,0
55384,WHO,0
55427,WHO,0
55508,WHO,0
55649,WHO,0
55891,WHO,0
55947,WHO,0
55990,WHO,0
56635,WHO,0
56682,WHO,0
56953,WHO,0
56986,WHO,0
57074,WHO,1
57085,WHO,0
57233,WHO,0
57269,WHO,0
57697,WHO,0
61765,WHO,1
61977,WHO,0
64629,WHO,0
64669,WHO,0
64858,WHO,0
64864,WHO,0
64869,WHO,0
65014,WHO,0
65155,WHO,0
78145,WHO,0
78222,WHO,0
78390,WHO,1
79467,WHO,0
96368,WHO,1
96783,WHO,0
97586,WHO,0
97842,WHO,0
117611,WHO,1
119813,WHO,0
124952,WHO,0
126381,WHO,0
135202,WHO,0
135357,WHO,0
135392,WHO,0
136173,WHO,1
136559,WHO,0
137076,WHO,1
137121,WHO,1
137817,WHO,0
138029,WHO,0
147354,ALL,1
147364,ALL,1
147391,ALL,1
147401,ALL,0
147774,ALL,0
147858,ALL,0
147919,ALL,1
147928,ALL,0
148106,ALL,1
150710,WHO,0
151394,WHO,0
151564,WHO,0
151749,WHO,0
154922,ALL,0
164802,WHO,1
166110,WHO,1
168837,WHO,0
169070,WHO,0
169073,WHO,0
169159,WHO,0
169511,WHO,1
169819,WHO,0
170094,WHO,0
170143,WHO,0
171442,WHO,0
171559,WHO,1
171927,WHO,0
173437,WHO,0
173497,WHO,0
174383,WHO,0
179733,WHO,0
180396,WHO,0
180859,WHO,0
181184,WHO,0
181297,WHO,0
181318,WHO,0
698634,WHO,1
705416,WHO,0
705417,WHO,0
705532,WHO,1
708255,WHO,0
790233,WHO,0
810105,WHO,0
810249,WHO,0
810341,WHO,0
812519,WHO,0
843109,WHO,0
933856,WHO,0
821,WHO,0
824,WHO,1
12517,WHO,0
13418,WHO,0
15694,WHO,0
15792,WHO,0
16959,WHO,0
17180,WHO,0
18067,WHO,0
18859,WHO,0
19484,WHO,0
34335,WHO,0
38990,WHO,1
45505,WHO,0
45535,WHO,0
52375,WHO,0
52543,WHO,0
52687,WHO,0
52779,WHO,0
53246,WHO,0
53376,WHO,0
53392,WHO,0
53481,WHO,0
53599,WHO,1
53686,WHO,0
53797,WHO,0
53956,WHO,0
54144,WHO,0
54246,WHO,0
54417,WHO,0
54509,WHO,1
54829,WHO,0
54862,WHO,0
55100,WHO,0
55195,WHO,0
55548,WHO,0
55594,WHO,0
55637,WHO,0
56709,WHO,0
57263,WHO,0
57354,WHO,0
57394,WHO,0
57524,WHO,0
57567,WHO,0
61929,WHO,0
62169,WHO,1
62216,WHO,0
64605,WHO,0
64612,WHO,0
64690,WHO,0
64738,WHO,0
64778,WHO,0
64934,WHO,0
64996,WHO,1
65039,WHO,0
65450,WHO,0
65756,WHO,0
65780,WHO,1
76123,WHO,0
78155,WHO,0
78270,WHO,0
79747,WHO,0
88110,WHO,1
95527,WHO,0
97531,WHO,0
97786,WHO,0
97868,WHO,0
120052,WHO,1
124802,WHO,0
124955,WHO,0
135382,WHO,0
135859,WHO,1
136457,WHO,0
136506,WHO,0
136519,WHO,0
136625,WHO,0
136900,WHO,0
137238,WHO,0
137560,WHO,1
138066,WHO,0
138067,WHO,0
138114,WHO,0
139579,WHO,0
139703,WHO,0
139816,WHO,0
139912,WHO,0
140615,WHO,1
147254,ALL,0
147466,ALL,0
147472,ALL,0
148010,ALL,1
150288,WHO,0
150618,WHO,0
150911,WHO,0
151187,WHO,0
151209,WHO,0
151298,WHO,0
151793,WHO,0
151941,WHO,0
155629,WHO,1
164427,WHO,0
166080,WHO,0
166303,WHO,1
166977,WHO,0
166981,WHO,0
167302,WHO,1
167415,WHO,0
167452,WHO,0
167544,WHO,0
168533,WHO,0
169588,WHO,0
169624,WHO,0
170129,WHO,0
171262,WHO,0
171319,WHO,0
171338,WHO,1
171384,WHO,0
171872,WHO,0
171904,WHO,0
173489,WHO,0
174814,ALL,0
177928,WHO,0
177994,WHO,0
178516,WHO,0
178627,WHO,0
179578,WHO,1
179870,WHO,1
180352,WHO,0
181177,WHO,0
373600,WHO,0
374586,ALL,0
375006,ALL,0
700059,WHO,0
707408,WHO,1
708210,WHO,0
741025,WHO,0
790033,WHO,0
810095,WHO,0
810360,WHO,1
810511,WHO,1
810512,WHO,1
812563,WHO,1
820840,WHO,0
888309,WHO,0
892540,WHO,1
6914,ALL,0
6929,ALL,0
9282,WHO,0
12661,WHO,0
13638,WHO,0
14320,WHO,0
14362,WHO,0
14896,WHO,0
18147,WHO,0
18570,WHO,0
19526,WHO,1
19594,WHO,0
22417,ALL,1
34214,WHO,1
34306,WHO,0
45604,WHO,0
50042,WHO,0
52378,WHO,0
52536,WHO,1
52648,WHO,0
53661,WHO,0
54085,WHO,0
54349,WHO,0
54354,WHO,1
55057,WHO,0
55070,WHO,0
55474,WHO,0
55481,WHO,0
55654,WHO,0
55734,WHO,0
55801,WHO,0
55837,WHO,0
55896,WHO,0
56073,WHO,0
56332,WHO,0
56463,WHO,0
56483,WHO,0
56498,WHO,0
56576,WHO,0
56827,WHO,0
56933,WHO,0
57097,WHO,0
57681,WHO,0
57726,WHO,0
57760,WHO,0
58627,WHO,1
61780,WHO,0
61863,WHO,1
62036,WHO,0
64635,WHO,0
64867,WHO,0
65519,WHO,0
76214,WHO,1
77895,WHO,0
78142,WHO,0
78295,WHO,0
79838,WHO,0
79839,WHO,0
97045,WHO,0
97854,WHO,0
120049,WHO,1
126325,WHO,0
135067,WHO,0
135124,WHO,0
135638,WHO,0
136664,WHO,0
136701,WHO,0
136737,WHO,0
136796,WHO,0
136974,WHO,0
137338,WHO,0
137402,WHO,0
137535,WHO,0
139506,WHO,0
139710,WHO,1
147537,ALL,0
147791,ALL,0
147901,ALL,1
147937,ALL,1
148005,ALL,0
148030,ALL,1
148086,ALL,1
148111,ALL,1
148296,ALL,1
150186,WHO,0
150642,WHO,0
150654,WHO,0
150880,WHO,0
151058,WHO,0
151179,WHO,0
151184,WHO,0
151197,WHO,0
151239,WHO,0
151337,WHO,0
151376,WHO,0
151658,WHO,0
151924,WHO,0
155566,WHO,1
155575,WHO,0
165392,WHO,1
165414,WHO,1
166300,WHO,0
167386,WHO,0
168279,WHO,0
168386,WHO,0
169508,WHO,0
169921,WHO,0
170056,WHO,0
173262,WHO,0
173499,WHO,0
174339,WHO,0
178443,WHO,0
180589,WHO,1
181082,WHO,0
181170,WHO,0
181224,WHO,0
181328,WHO,0
181508,WHO,0
182826,WHO,1
373591,WHO,0
373595,WHO,1
707383,WHO,0
708202,WHO,0
725687,WHO,1
740972,WHO,1
741010,WHO,0
808411,WHO,0
810159,WHO,0
810307,WHO,0
810348,WHO,0
810370,WHO,0
810492,WHO,1
892534,WHO,0
6880,ALL,0
6882,ALL,0
6940,ALL,0
8568,ALL,0
16283,WHO,0
16473,WHO,0
17149,WHO,0
18068,WHO,0
18119,WHO,0
18314,WHO,1
18882,WHO,0
18952,WHO,0
19430,WHO,0
34295,WHO,1
34488,WHO,1
45473,WHO,1
50384,WHO,1
52308,WHO,0
52309,WHO,0
52541,WHO,0
53287,WHO,1
53326,WHO,0
53333,WHO,0
53594,WHO,0
53729,WHO,0
53882,WHO,0
54448,WHO,1
54494,WHO,0
54534,WHO,0
54703,WHO,0
55107,WHO,0
55230,WHO,0
55397,WHO,0
55544,WHO,0
55590,WHO,0
55613,WHO,0
55805,WHO,0
55839,WHO,0
56016,WHO,0
56117,WHO,1
56154,WHO,0
56639,WHO,0
56795,WHO,0
57424,WHO,0
57449,WHO,0
57458,WHO,0
57517,WHO,0
57551,WHO,0
57552,WHO,0
58621,WHO,1
60374,WHO,1
61838,WHO,0
62085,WHO,0
62095,WHO,1
64896,WHO,0
64906,WHO,0
64938,WHO,0
65088,WHO,0
65781,WHO,0
78316,WHO,1
88090,WHO,1
95531,WHO,1
97389,WHO,0
107283,WHO,0
119796,WHO,1
120050,WHO,0
124883,WHO,0
135031,WHO,0
135140,WHO,0
135380,WHO,0
135546,WHO,0
136133,WHO,0
136252,WHO,0
136901,WHO,0
136979,WHO,0
137259,WHO,0
137395,WHO,1
137476,WHO,0
137801,WHO,0
138002,WHO,0
139496,WHO,0
139598,WHO,0
139699,WHO,0
139768,WHO,0
139910,WHO,1
140635,WHO,0
140804,WHO,0
141226,WHO,1
147413,ALL,0
147426,ALL,0
147479,ALL,0
147853,ALL,0
150624,WHO,0
150780,WHO,0
151861,WHO,0
155560,WHO,1
155680,WHO,1
165390,WHO,1
165730,WHO,0
166599,WHO,1
167148,WHO,0
168113,WHO,0
168201,WHO,0
168521,WHO,0
169087,WHO,0
169520,WHO,0
169938,WHO,0
170084,WHO,0
170146,WHO,0
170244,WHO,0
171537,WHO,0
171699,WHO,0
173266,WHO,0
174360,WHO,1
178087,WHO,0
178447,WHO,0
178595,WHO,0
179022,WHO,0
179458,WHO,0
180385,WHO,1
180551,WHO,0
181108,WHO,0
181617,WHO,0
182211,WHO,0
182307,WHO,0
182909,WHO,0
183283,WHO,0
373503,WHO,0
374984,ALL,0
705423,WHO,0
707404,WHO,0
739215,WHO,1
740989,WHO,0
741008,WHO,1
808762,WHO,0
808786,WHO,1
810005,WHO,0
810442,WHO,1
810465,WHO,0
810502,WHO,1
810534,WHO,1
892542,WHO,0
7011,ALL,1
9504,WHO,0
13087,WHO,1
13179,WHO,0
14701,WHO,0
15027,WHO,0
34213,WHO,1
34443,WHO,1
34569,WHO,0
34708,WHO,1
45493,WHO,0
52316,WHO,0
52332,WHO,0
53230,WHO,1
53396,WHO,1
53615,WHO,1
53783,WHO,1
53951,WHO,0
54282,WHO,0
54663,WHO,0
54896,WHO,0
54940,WHO,0
55294,WHO,0
55572,WHO,0
55578,WHO,0
55831,WHO,0
56258,WHO,0
56633,WHO,0
56743,WHO,0
56787,WHO,0
57079,WHO,0
57292,WHO,0
58197,WHO,1
58567,WHO,0
61850,WHO,0
64797,WHO,0
65026,WHO,0
65199,WHO,1
65395,WHO,0
77990,WHO,0
78323,WHO,1
97439,WHO,0
97709,WHO,0
98181,WHO,0
107222,WHO,0
115281,WHO,0
115365,WHO,1
117652,WHO,1
117689,WHO,1
124913,WHO,0
135510,WHO,0
135563,WHO,0
135580,WHO,0
135799,WHO,0
135847,WHO,1
136143,WHO,0
136208,WHO,0
136264,WHO,0
136274,WHO,0
136480,WHO,0
136790,WHO,0
136848,WHO,0
136940,WHO,0
137723,WHO,0
139607,WHO,0
140519,WHO,0
140608,WHO,1
140826,WHO,0
147243,ALL,0
147540,ALL,1
147624,ALL,1
147717,ALL,1
147957,ALL,0
148071,ALL,0
148103,ALL,0
148131,ALL,0
148412,ALL,1
150538,WHO,0
150577,WHO,0
150619,WHO,0
150652,WHO,0
150671,WHO,0
150758,WHO,0
151066,WHO,0
151312,WHO,0
151348,WHO,0
151606,WHO,0
155537,WHO,0
155571,WHO,0
155650,WHO,1
165409,WHO,1
165959,WHO,0
166922,WHO,1
167269,WHO,0
167472,WHO,1
169091,WHO,0
169492,WHO,0
169600,WHO,0
169863,WHO,0
170013,WHO,0
170142,WHO,0
171287,WHO,0
171410,WHO,0
171625,WHO,0
171700,WHO,0
174349,WHO,0
174803,ALL,0
178088,WHO,0
178366,WHO,1
179081,WHO,1
179650,WHO,0
179810,WHO,0
179963,WHO,0
180462,WHO,0
181371,WHO,0
181509,WHO,0
182461,WHO,0
699946,WHO,0
700020,WHO,0
705463,WHO,1
708233,WHO,0
729457,WHO,0
739114,WHO,0
739260,WHO,0
740982,WHO,1
741015,WHO,0
790221,WHO,1
808378,WHO,0
808416,WHO,1
810240,WHO,0
810318,WHO,0
810474,WHO,0
811287,WHO,0
933859,WHO,0
829,WHO,1
910,WHO,0
6991,ALL,1
9279,WHO,0
13689,WHO,1
14028,WHO,0
16910,WHO,0
17743,WHO,0
18423,WHO,0
45475,WHO,0
45534,WHO,0
53348,WHO,0
53543,WHO,1
53756,WHO,0
54032,WHO,0
54359,WHO,0
54654,WHO,0
55174,WHO,0
55184,WHO,0
55220,WHO,0
55313,WHO,0
55403,WHO,0
55465,WHO,1
55693,WHO,0
55723,WHO,0
55833,WHO,0
56266,WHO,0
56511,WHO,0
56693,WHO,0
56994,WHO,0
57070,WHO,1
57225,WHO,0
57285,WHO,0
57423,WHO,0
57443,WHO,0
57733,WHO,0
57747,WHO,1
64807,WHO,1
65124,WHO,0
65139,WHO,1
65363,WHO,0
65722,WHO,0
65723,WHO,0
65741,WHO,0
76177,WHO,1
78201,WHO,0
78331,WHO,0
78371,WHO,1
79771,WHO,0
79874,WHO,0
83927,WHO,1
96124,WHO,1
96843,WHO,0
97530,WHO,0
97636,WHO,0
107380,WHO,1
126375,WHO,0
135269,WHO,0
135327,WHO,0
135570,WHO,0
136245,WHO,0
136246,WHO,0
136401,WHO,0
136546,WHO,0
136577,WHO,1
136655,WHO,0
137637,WHO,1
137811,WHO,1
139680,WHO,0
139729,WHO,1
139759,WHO,0
139849,WHO,0
140670,WHO,0
141260,WHO,1
147209,ALL,1
147214,ALL,1
147448,ALL,0
147519,ALL,1
148121,ALL,0
148251,ALL,1
150773,WHO,0
151249,WHO,0
154992,ALL,0
155022,ALL,0
155564,WHO,1
155647,WHO,1
165495,WHO,1
165771,WHO,1
166165,WHO,0
166609,WHO,0
166923,WHO,1
167278,WHO,1
167383,WHO,0
167436,WHO,0
167597,WHO,0
169115,WHO,0
169733,WHO,0
169970,WHO,0
170059,WHO,0
170090,WHO,0
170100,WHO,0
170117,WHO,0
170202,WHO,1
171405,WHO,0
171701,WHO,0
171783,WHO,0
173276,WHO,0
178096,WHO,0
178142,WHO,0
178367,WHO,1
178405,WHO,0
178450,WHO,0
178567,WHO,1
179543,WHO,0
179557,WHO,0
179730,WHO,1
179799,WHO,0
180422,WHO,0
180455,WHO,0
180559,WHO,0
181432,WHO,0
181438,WHO,0
181451,WHO,0
181512,WHO,0
181645,WHO,0
182409,WHO,0
373619,WHO,0
705401,WHO,1
705508,WHO,1
708227,WHO,0
713436,WHO,0
741001,WHO,1
790030,WHO,0
810078,WHO,0
810190,WHO,1
810329,WHO,0
812526,WHO,0
812685,WHO,1
843090,WHO,0
892551,WHO,0
12042,WHO,0
13046,WHO,0
13621,WHO,0
15670,WHO,0
19419,WHO,0
34187,WHO,0
52425,WHO,0
52482,WHO,0
53268,WHO,0
53294,WHO,1
54071,WHO,0
54244,WHO,0
54249,WHO,0
54360,WHO,0
54519,WHO,0
55046,WHO,0
55075,WHO,0
55709,WHO,0
55845,WHO,0
55922,WHO,0
55949,WHO,0
55996,WHO,0
56080,WHO,0
56242,WHO,0
56313,WHO,0
56490,WHO,0
56821,WHO,0
57015,WHO,0
57352,WHO,0
57373,WHO,0
57619,WHO,1
57669,WHO,0
64674,WHO,1
64697,WHO,0
64773,WHO,0
64828,WHO,0
64954,WHO,0
65033,WHO,0
65101,WHO,0
65445,WHO,0
65559,WHO,0
65571,WHO,0
78042,WHO,0
78313,WHO,1
78351,WHO,0
78373,WHO,1
78377,WHO,1
96734,WHO,0
97210,WHO,0
97603,WHO,0
101512,WHO,0
117631,WHO,1
117635,WHO,1
135061,WHO,0
136419,WHO,0
136815,WHO,0
136849,WHO,0
136857,WHO,0
137501,WHO,0
137614,WHO,0
137966,WHO,0
138582,WHO,0
139531,WHO,0
139640,WHO,0
139827,WHO,0
140637,WHO,0
140675,WHO,0
140763,WHO,0
140789,WHO,0
141250,WHO,1
147365,ALL,1
147406,ALL,1
147764,ALL,0
147802,ALL,0
148012,ALL,0
148181,ALL,1
148336,ALL,0
149725,WHO,0
150707,WHO,0
150769,WHO,0
150885,WHO,0
150928,WHO,0
150948,WHO,0
151136,WHO,0
151138,WHO,0
151220,WHO,0
151273,WHO,0
151330,WHO,0
155581,WHO,1
164387,WHO,1
168596,WHO,0
169592,WHO,0
169659,WHO,0
169784,WHO,0
169901,WHO,0
169957,WHO,0
170054,WHO,0
171322,WHO,0
171520,WHO,0
171613,WHO,0
171756,WHO,1
171914,WHO,0
173476,WHO,0
173617,WHO,0
177960,WHO,0
178046,WHO,0
178076,WHO,0
178464,WHO,1
179518,WHO,0
179895,WHO,0
179933,WHO,0
180389,WHO,1
180530,WHO,1
180631,WHO,1
181307,WHO,0
181403,WHO,0
181576,WHO,0
181640,WHO,0
181642,WHO,0
181643,WHO,0
182382,WHO,0
182844,WHO,0
373606,WHO,1
374953,ALL,0
374974,ALL,0
700022,WHO,0
700045,WHO,0
707384,WHO,0
729323,WHO,0
729431,WHO,0
729458,WHO,0
741012,WHO,1
790019,WHO,0
808365,WHO,1
808814,WHO,0
810080,WHO,0
811128,WHO,0
812543,WHO,0
820871,WHO,0
884,WHO,0
9450,WHO,0
12297,WHO,0
12434,WHO,1
13991,WHO,0
14940,WHO,0
15042,WHO,0
15623,WHO,0
15757,WHO,0
16351,WHO,0
17926,WHO,0
18009,WHO,0
18389,WHO,0
19281,WHO,0
22248,ALL,0
45470,WHO,0
50048,WHO,1
50366,WHO,1
52381,WHO,0
52382,WHO,0
52472,WHO,0
53460,WHO,1
53465,WHO,1
53475,WHO,1
53480,WHO,1
53740,WHO,1
53761,WHO,1
53880,WHO,0
53934,WHO,1
53982,WHO,0
54102,WHO,0
54147,WHO,0
54251,WHO,0
54315,WHO,0
54395,WHO,0
54558,WHO,0
54787,WHO,0
55447,WHO,0
55460,WHO,0
55473,WHO,0
56038,WHO,0
56095,WHO,0
56312,WHO,0
56350,WHO,0
56781,WHO,0
57034,WHO,0
57188,WHO,0
57244,WHO,0
57256,WHO,0
57307,WHO,0
57380,WHO,0
57454,WHO,0
57501,WHO,0
57658,WHO,0
57778,WHO,1
57992,WHO,1
58570,WHO,1
61871,WHO,1
64600,WHO,0
64730,WHO,0
64753,WHO,0
64966,WHO,1
65387,WHO,0
65399,WHO,0
65434,WHO,1
78071,WHO,0
78168,WHO,0
78274,WHO,0
78301,WHO,0
78306,WHO,1
79519,WHO,0
79840,WHO,0
79999,WHO,0
85419,WHO,1
96668,WHO,0
124712,WHO,0
135428,WHO,0
136692,WHO,0
137285,WHO,0
137625,WHO,0
139608,WHO,0
139629,WHO,0
139771,WHO,0
140508,WHO,1
140806,WHO,0
147228,ALL,1
147385,ALL,1
147776,ALL,0
147797,ALL,0
147839,ALL,0
147944,ALL,1
147971,ALL,1
148212,ALL,0
148413,ALL,1
150214,WHO,0
150724,WHO,0
150775,WHO,0
150894,WHO,0
150903,WHO,0
151228,WHO,0
151620,WHO,0
151628,WHO,0
151637,WHO,0
151719,WHO,0
151797,WHO,0
155494,WHO,1
165398,WHO,0
166061,WHO,1
169712,WHO,1
169926,WHO,0
171401,WHO,0
171623,WHO,0
171918,WHO,0
178009,WHO,0
178085,WHO,1
178538,WHO,1
179758,WHO,1
179978,WHO,0
181450,WHO,0
181577,WHO,0
182137,WHO,0
182167,WHO,1
374956,ALL,0
729333,WHO,0
729364,WHO,0
729393,WHO,0
739183,WHO,1
810222,WHO,0
810267,WHO,1
810558,WHO,0
6866,ALL,1
12822,WHO,0
16486,WHO,1
16643,WHO,0
16677,WHO,0
17071,WHO,0
17450,WHO,1
34535,WHO,0
34798,WHO,1
34853,WHO,1
45508,WHO,0
45603,WHO,1
50143,WHO,0
50422,WHO,1
52410,WHO,0
52491,WHO,0
52530,WHO,0
52709,WHO,0
53467,WHO,1
53696,WHO,1
53745,WHO,1
54243,WHO,0
54403,WHO,0
54425,WHO,0
54456,WHO,0
54550,WHO,0
54961,WHO,0
55084,WHO,0
55268,WHO,0
55381,WHO,0
55496,WHO,0
55766,WHO,0
56184,WHO,0
56259,WHO,0
56717,WHO,0
56808,WHO,0
57142,WHO,0
57384,WHO,0
57566,WHO,0
57679,WHO,0
61797,WHO,1
62209,WHO,0
64692,WHO,0
64853,WHO,0
64965,WHO,0
65144,WHO,0
65333,WHO,0
65419,WHO,0
65532,WHO,0
76205,WHO,0
78064,WHO,0
79451,WHO,0
79817,WHO,0
79830,WHO,0
79835,WHO,0
96538,WHO,0
97198,WHO,1
97616,WHO,0
97869,WHO,0
107207,WHO,1
117698,WHO,1
119602,WHO,0
124711,WHO,0
135377,WHO,0
135831,WHO,1
136165,WHO,1
136367,WHO,0
136413,WHO,0
136669,WHO,0
136674,WHO,0
136714,WHO,0
137668,WHO,0
137813,WHO,1
138140,WHO,0
139642,WHO,0
140487,WHO,0
140594,WHO,0
140807,WHO,0
141217,WHO,0
147749,ALL,0
147751,ALL,0
147762,ALL,1
147833,ALL,0
148169,ALL,0
150103,WHO,0
150350,WHO,0
150388,WHO,0
150427,WHO,0
150852,WHO,0
151164,WHO,0
151215,WHO,0
151866,WHO,0
155505,WHO,1
155614,WHO,1
165132,WHO,0
165413,WHO,1
165446,WHO,0
166362,WHO,0
168099,WHO,0
168388,WHO,0
169075,WHO,0
169564,WHO,0
169718,WHO,0
169807,WHO,0
169845,WHO,0
169856,WHO,0
169879,WHO,0
170025,WHO,0
170123,WHO,0
171522,WHO,1
171530,WHO,0
171796,WHO,0
172193,WHO,0
173368,WHO,0
174362,WHO,0
174398,WHO,0
177926,WHO,0
178431,WHO,0
178558,WHO,0
179068,WHO,1
179249,WHO,0
179555,WHO,0
179610,WHO,1
179718,WHO,0
179865,WHO,1
179928,WHO,0
179955,WHO,1
180521,WHO,1
180546,WHO,0
180578,WHO,0
181194,WHO,0
181249,WHO,0
181320,WHO,0
181392,WHO,0
181507,WHO,1
182148,WHO,0
182448,WHO,0
182715,WHO,0
183092,WHO,0
374828,ALL,0
374922,ALL,0
699901,WHO,0
700002,WHO,0
705565,WHO,1
739240,WHO,1
739261,WHO,1
740986,WHO,1
790031,WHO,0
808812,WHO,0
810039,WHO,0
810246,WHO,0
810390,WHO,0
810456,WHO,1
810508,WHO,1
812673,WHO,1
812698,WHO,1
837184,WHO,0
933873,WHO,1
6865,ALL,0
9292,WHO,0
9314,WHO,0
12115,WHO,0
12963,WHO,0
16040,WHO,0
16606,WHO,1
17035,WHO,0
17214,WHO,0
17945,WHO,0
18424,WHO,0
19062,WHO,0
34715,WHO,0
38988,WHO,1
45419,WHO,1
50378,WHO,1
52799,WHO,0
53483,WHO,1
53697,WHO,1
53806,WHO,0
53862,WHO,0
53903,WHO,1
54104,WHO,0
54336,WHO,0
54467,WHO,0
54747,WHO,0
54927,WHO,0
54951,WHO,0
55136,WHO,0
55162,WHO,0
55169,WHO,0
55421,WHO,0
55862,WHO,0
55906,WHO,0
56125,WHO,0
56409,WHO,0
57064,WHO,0
57095,WHO,0
57474,WHO,0
57759,WHO,1
64724,WHO,0
65052,WHO,0
65058,WHO,0
65089,WHO,0
65108,WHO,0
65475,WHO,0
65504,WHO,0
65620,WHO,0
65725,WHO,0
65727,WHO,0
76160,WHO,1
76186,WHO,1
78056,WHO,0
78180,WHO,0
79760,WHO,0
79807,WHO,0
79831,WHO,0
97934,WHO,0
97975,WHO,0
107545,WHO,0
117610,WHO,0
124971,WHO,0
135014,WHO,0
135507,WHO,0
135630,WHO,0
136289,WHO,0
136334,WHO,0
136362,WHO,1
136371,WHO,0
136377,WHO,0
136688,WHO,0
136942,WHO,0
137333,WHO,0
137358,WHO,0
138142,WHO,0
138747,WHO,1
139574,WHO,1
139626,WHO,0
139731,WHO,0
139798,WHO,0
139804,WHO,0
140613,WHO,0
140770,WHO,0
146831,WHO,0
147223,ALL,0
147335,ALL,1
147525,ALL,1
147644,ALL,0
147807,ALL,0
147917,ALL,0
147996,ALL,1
148062,ALL,0
148117,ALL,1
148153,ALL,0
148278,ALL,1
150223,WHO,0
150318,WHO,0
150328,WHO,0
150659,WHO,0
150950,WHO,0
151103,WHO,0
151629,WHO,0
155661,WHO,0
166948,WHO,0
167282,WHO,1
167401,WHO,0
168562,WHO,0
168666,WHO,0
168713,WHO,0
169560,WHO,0
169923,WHO,0
169981,WHO,0
170183,WHO,0
170334,WHO,0
171615,WHO,0
171892,WHO,0
171944,WHO,0
173468,WHO,0
173547,WHO,0
177963,WHO,1
178385,WHO,0
178437,WHO,0
179465,WHO,0
179533,WHO,0
179640,WHO,1
179792,WHO,0
179907,WHO,1
179948,WHO,1
179995,WHO,1
180367,WHO,1
180459,WHO,0
180512,WHO,0
180515,WHO,0
180602,WHO,0
181133,WHO,0
181386,WHO,0
181471,WHO,0
181528,WHO,0
181639,WHO,0
182434,WHO,0
182929,WHO,0
374752,ALL,1
375060,ALL,0
375087,ALL,1
698637,WHO,0
705365,WHO,1
705424,WHO,1
708261,WHO,0
729338,WHO,0
741019,WHO,1
741024,WHO,1
808753,WHO,1
808776,WHO,0
809995,WHO,0
810001,WHO,0
810057,WHO,0
810270,WHO,0
820961,WHO,0
888275,WHO,0
888287,WHO,1
888301,WHO,1
6868,ALL,0
6878,ALL,0
6899,ALL,0
12716,WHO,0
15101,WHO,0
15104,WHO,0
15511,WHO,0
15891,WHO,0
15930,WHO,0
16740,WHO,0
17677,WHO,0
18332,WHO,0
22296,ALL,0
34177,WHO,1
34485,WHO,0
34779,WHO,1
52318,WHO,0
52508,WHO,0
53431,WHO,0
53512,WHO,0
53652,WHO,1
53844,WHO,0
53987,WHO,0
54014,WHO,0
54218,WHO,0
54498,WHO,0
55122,WHO,0
55259,WHO,0
55471,WHO,0
55539,WHO,0
55632,WHO,0
55648,WHO,0
55704,WHO,0
55731,WHO,0
56006,WHO,0
56147,WHO,0
56157,WHO,0
56261,WHO,0
56527,WHO,0
56855,WHO,0
57062,WHO,0
57112,WHO,0
57115,WHO,0
57505,WHO,0
57641,WHO,0
61950,WHO,1
64630,WHO,0
64788,WHO,0
64952,WHO,0
65072,WHO,0
65133,WHO,0
65170,WHO,0
65257,WHO,1
65285,WHO,0
65306,WHO,0
65378,WHO,0
65461,WHO,1
65755,WHO,0
65768,WHO,0
76338,WHO,0
76388,WHO,0
78370,WHO,0
79865,WHO,0
79926,WHO,0
95529,WHO,1
135561,WHO,0
136624,WHO,0
136915,WHO,0
137078,WHO,1
137128,WHO,1
137434,WHO,0
137866,WHO,0
139494,WHO,0
139566,WHO,0
139686,WHO,0
140661,WHO,1
140708,WHO,0
146813,WHO,1
147436,ALL,1
147478,ALL,0
147732,ALL,0
147813,ALL,0
147869,ALL,0
148000,ALL,1
148031,ALL,1
148274,ALL,1
150685,WHO,0
150816,WHO,0
151152,WHO,0
151277,WHO,0
151380,WHO,0
151867,WHO,0
151916,WHO,0
155640,WHO,1
155658,WHO,0
164318,WHO,0
164385,WHO,0
164398,WHO,1
164488,WHO,0
164808,WHO,1
166092,WHO,1
166320,WHO,1
168574,WHO,0
168685,WHO,0
169462,WHO,0
169488,WHO,0
169611,WHO,0
169734,WHO,0
169773,WHO,0
170044,WHO,0
170105,WHO,0
170277,WHO,0
170403,WHO,0
170425,WHO,0
171463,WHO,0
171479,WHO,1
171661,WHO,1
171737,WHO,0
171792,WHO,0
171897,WHO,0
171964,WHO,0
173272,WHO,0
173440,WHO,0
173513,WHO,0
174378,WHO,0
178002,WHO,1
178444,WHO,0
178614,WHO,0
178647,WHO,0
178996,WHO,1
179474,WHO,0
179516,WHO,0
179566,WHO,0
179579,WHO,0
179619,WHO,1
179890,WHO,1
179896,WHO,0
179910,WHO,1
180429,WHO,0
180448,WHO,0
181479,WHO,0
181483,WHO,0
705453,WHO,1
705504,WHO,1
729332,WHO,0
808415,WHO,0
808737,WHO,1
810074,WHO,0
812515,WHO,1
820843,WHO,0
892553,WHO,1
913,WHO,0
6853,ALL,1
6862,ALL,0
13391,WHO,0
13628,WHO,0
14515,WHO,0
17001,WHO,0
17592,WHO,0
19096,WHO,0
19329,WHO,0
19556,WHO,0
34581,WHO,0
52483,WHO,0
52484,WHO,0
52692,WHO,0
52735,WHO,0
52818,WHO,0
53258,WHO,0
53437,WHO,1
53527,WHO,0
53569,WHO,1
53625,WHO,1
53713,WHO,0
53852,WHO,0
53904,WHO,0
54018,WHO,0
54239,WHO,0
54850,WHO,0
55329,WHO,0
55663,WHO,0
55808,WHO,1
55855,WHO,0
55967,WHO,0
56022,WHO,0
56058,WHO,0
56136,WHO,0
56150,WHO,0
56300,WHO,0
56448,WHO,0
56520,WHO,0
56637,WHO,0
56659,WHO,0
56847,WHO,0
56984,WHO,0
64670,WHO,0
64726,WHO,0
64775,WHO,0
64860,WHO,0
64963,WHO,0
65100,WHO,0
65102,WHO,0
65791,WHO,1
78010,WHO,0
78311,WHO,0
79458,WHO,0
79801,WHO,0
79894,WHO,0
96608,WHO,0
101521,WHO,0
107350,WHO,1
117715,WHO,1
135436,WHO,0
135850,WHO,0
136161,WHO,0
136656,WHO,0
136676,WHO,0
136779,WHO,0
136981,WHO,0
137302,WHO,1
137369,WHO,0
137587,WHO,1
137771,WHO,1
137924,WHO,0
139486,WHO,0
139635,WHO,0
139685,WHO,0
139742,WHO,0
139755,WHO,0
140796,WHO,0
141205,WHO,1
141385,WHO,0
147353,ALL,0
147446,ALL,1
147835,ALL,0
147938,ALL,1
148008,ALL,0
148036,ALL,0
148055,ALL,0
148118,ALL,0
148208,ALL,0
148309,ALL,1
148344,ALL,1
150052,WHO,0
150824,WHO,0
150825,WHO,0
151640,WHO,0
155543,WHO,1
155579,WHO,1
155618,WHO,1
164902,WHO,0
165424,WHO,1
167076,WHO,1
167400,WHO,0
167441,WHO,0
168101,WHO,0
168511,WHO,0
168548,WHO,0
169138,WHO,0
169575,WHO,1
169801,WHO,0
169827,WHO,0
170119,WHO,0
171283,WHO,1
171514,WHO,0
171545,WHO,0
171704,WHO,0
171934,WHO,0
171960,WHO,0
173416,WHO,0
173619,WHO,0
178345,WHO,0
178378,WHO,1
178508,WHO,1
178983,WHO,1
179894,WHO,0
179954,WHO,0
180464,WHO,0
180549,WHO,0
181092,WHO,0
181433,WHO,0
182508,WHO,0
375057,ALL,1
699941,WHO,0
705399,WHO,0
729383,WHO,0
739178,WHO,1
739227,WHO,1
790046,WHO,1
808368,WHO,0
808768,WHO,1
808795,WHO,0
810121,WHO,0
810209,WHO,0
810310,WHO,1
812544,WHO,1
812644,WHO,1
820848,WHO,0
892509,WHO,1
9516,WHO,0
15139,WHO,0
16622,WHO,0
34435,WHO,0
34456,WHO,0
34851,WHO,0
45532,WHO,1
52456,WHO,0
52532,WHO,0
52630,WHO,0
52833,WHO,0
53256,WHO,1
53367,WHO,1
53613,WHO,1
53704,WHO,1
53812,WHO,0
54162,WHO,1
54165,WHO,0
54347,WHO,0
55014,WHO,0
55232,WHO,0
55235,WHO,0
55559,WHO,0
55740,WHO,0
55941,WHO,0
56089,WHO,0
56106,WHO,0
56133,WHO,0
56360,WHO,0
56366,WHO,0
56432,WHO,0
56436,WHO,0
56830,WHO,0
56841,WHO,0
57158,WHO,0
57328,WHO,0
57441,WHO,0
57645,WHO,0
60372,WHO,1
61729,WHO,1
64661,WHO,0
64708,WHO,0
64717,WHO,0
64815,WHO,0
65181,WHO,1
65246,WHO,0
65638,WHO,0
76280,WHO,1
78181,WHO,0
78366,WHO,1
96642,WHO,0
97050,WHO,0
97687,WHO,0
97781,WHO,0
97844,WHO,0
97930,WHO,0
107212,WHO,1
107247,WHO,1
107446,WHO,1
117607,WHO,0
117625,WHO,0
117628,WHO,1
119540,WHO,1
120060,WHO,1
124723,WHO,0
124881,WHO,0
124890,WHO,0
135225,WHO,0
135616,WHO,0
135660,WHO,0
136337,WHO,0
136806,WHO,0
136946,WHO,0
136992,WHO,0
137282,WHO,1
137303,WHO,1
139517,WHO,1
139545,WHO,0
139571,WHO,0
139843,WHO,0
141220,WHO,1
147454,ALL,1
147538,ALL,0
148138,ALL,0
148197,ALL,0
148289,ALL,0
148372,ALL,1
150495,WHO,0
151497,WHO,0
151857,WHO,0
151928,WHO,0
151944,WHO,0
155596,WHO,1
165955,WHO,1
165973,WHO,0
166068,WHO,1
166347,WHO,1
166632,WHO,1
167106,WHO,0
167582,WHO,0
169797,WHO,1
170185,WHO,0
170213,WHO,0
170241,WHO,0
171256,WHO,0
171282,WHO,0
171323,WHO,0
171362,WHO,0
173526,WHO,0
174345,WHO,0
174354,WHO,0
174927,ALL,0
178037,WHO,1
178475,WHO,0
179478,WHO,1
179494,WHO,0
179690,WHO,0
179849,WHO,1
180393,WHO,0
180516,WHO,0
181219,WHO,0
181327,WHO,1
182258,WHO,0
182326,WHO,0
374850,ALL,0
699947,WHO,0
705556,WHO,1
729359,WHO,0
810036,WHO,0
810150,WHO,0
810238,WHO,0
810300,WHO,1
812585,WHO,1
812606,WHO,1
933860,WHO,0
933868,WHO,0
832,WHO,1
12417,WHO,0
13525,WHO,0
15942,WHO,0
16413,WHO,0
17834,WHO,0
18326,WHO,0
18365,WHO,0
18710,WHO,0
18979,WHO,0
19090,WHO,0
19804,WHO,0
21656,ALL,0
34309,WHO,0
34666,WHO,0
47512,WHO,0
50040,WHO,0
52341,WHO,0
52387,WHO,0
52404,WHO,0
52514,WHO,0
52558,WHO,0
52626,WHO,0
52659,WHO,0
53282,WHO,1
53748,WHO,0
53859,WHO,0
54021,WHO,0
54188,WHO,0
54894,WHO,0
54943,WHO,0
54991,WHO,0
55150,WHO,0
55470,WHO,0
55658,WHO,0
55696,WHO,0
55706,WHO,0
55964,WHO,0
56240,WHO,0
56791,WHO,0
56811,WHO,0
56829,WHO,0
57090,WHO,0
57370,WHO,0
57461,WHO,0
57498,WHO,0
57601,WHO,1
57612,WHO,0
64916,WHO,1
64948,WHO,1
65106,WHO,0
65158,WHO,0
65265,WHO,0
65266,WHO,0
65390,WHO,0
65448,WHO,0
65784,WHO,0
78224,WHO,0
78348,WHO,1
79528,WHO,0
79827,WHO,0
79844,WHO,0
79877,WHO,0
96874,WHO,0
97310,WHO,0
98052,WHO,0
107261,WHO,1
107375,WHO,1
107392,WHO,1
107406,WHO,1
107426,WHO,1
117596,WHO,1
117738,WHO,1
119593,WHO,0
119603,WHO,0
120077,WHO,0
124950,WHO,0
135037,WHO,0
135586,WHO,0
135720,WHO,0
136436,WHO,0
136464,WHO,0
137031,WHO,0
137412,WHO,0
137531,WHO,1
137627,WHO,1
138187,WHO,0
139706,WHO,0
140570,WHO,1
140710,WHO,0
146878,WHO,0
147782,ALL,0
147827,ALL,0
147866,ALL,0
148134,ALL,1
148291,ALL,1
148301,ALL,1
148369,ALL,1
148396,ALL,0
150720,WHO,0
150830,WHO,0
150868,WHO,0
151141,WHO,0
151279,WHO,0
151726,WHO,0
151943,WHO,0
155055,ALL,0
164652,WHO,1
166077,WHO,0
167434,WHO,0
167739,WHO,0
167787,WHO,0
168427,WHO,0
169514,WHO,0
169527,WHO,0
169549,WHO,0
169559,WHO,0
169598,WHO,0
169758,WHO,0
170012,WHO,0
170026,WHO,0
170186,WHO,0
171396,WHO,0
171575,WHO,0
171869,WHO,0
173264,WHO,0
178064,WHO,0
178075,WHO,0
178441,WHO,0
179594,WHO,0
179966,WHO,0
179982,WHO,0
180511,WHO,0
181099,WHO,0
181270,WHO,0
181499,WHO,0
182084,WHO,0
182414,WHO,0
183225,WHO,0
373610,WHO,0
374654,ALL,0
700000,WHO,0
700029,WHO,0
700039,WHO,0
725789,WHO,0
808367,WHO,1
808732,WHO,0
810138,WHO,0
810166,WHO,0
812557,WHO,1
820847,WHO,0
820964,WHO,0
888281,WHO,1
6958,ALL,0
6972,ALL,0
8588,ALL,1
12760,WHO,0
13138,WHO,0
13450,WHO,0
13702,WHO,0
13822,WHO,0
14512,WHO,0
15620,WHO,0
15652,WHO,0
15806,WHO,0
17332,WHO,0
17545,WHO,0
18138,WHO,0
19006,WHO,0
19112,WHO,0
19278,WHO,0
34651,WHO,1
50362,WHO,0
50401,WHO,1
52585,WHO,0
52662,WHO,0
53285,WHO,1
53328,WHO,1
53563,WHO,1
53807,WHO,0
53914,WHO,0
54378,WHO,0
54422,WHO,0
54423,WHO,0
55349,WHO,0
55472,WHO,0
55580,WHO,0
55861,WHO,0
56075,WHO,0
56100,WHO,0
56137,WHO,0
56381,WHO,0
56708,WHO,0
56935,WHO,0
57048,WHO,0
57159,WHO,0
57305,WHO,1
58122,WHO,1
61876,WHO,1
61946,WHO,1
64890,WHO,0
65025,WHO,0
65247,WHO,0
65425,WHO,0
65456,WHO,1
78152,WHO,0
78296,WHO,0
79529,WHO,0
79898,WHO,0
80000,WHO,0
95603,WHO,1
96518,WHO,0
96558,WHO,0
97323,WHO,0
97896,WHO,0
107274,WHO,1
107402,WHO,0
124819,WHO,0
135347,WHO,0
136835,WHO,0
137043,WHO,0
137413,WHO,0
137935,WHO,0
138211,WHO,0
138364,WHO,0
139681,WHO,0
140589,WHO,0
140657,WHO,0
140721,WHO,0
141255,WHO,0
146931,WHO,0
147543,ALL,1
147578,ALL,0
147767,ALL,1
148085,ALL,0
148186,ALL,0
150206,WHO,0
150356,WHO,0
150426,WHO,0
150466,WHO,0
150578,WHO,0
150655,WHO,0
150672,WHO,0
150862,WHO,0
151773,WHO,0
151802,WHO,0
155488,WHO,1
155495,WHO,0
155533,WHO,1
164624,WHO,0
164798,WHO,1
165431,WHO,0
165743,WHO,0
167091,WHO,0
167124,WHO,0
167790,WHO,0
168967,WHO,0
168983,WHO,0
169001,WHO,0
169529,WHO,1
169543,WHO,0
169702,WHO,0
169725,WHO,0
169764,WHO,0
169920,WHO,0
170050,WHO,0
170131,WHO,0
170171,WHO,0
170178,WHO,0
170208,WHO,0
171340,WHO,0
171721,WHO,0
171793,WHO,0
178401,WHO,0
178440,WHO,1
178541,WHO,0
179503,WHO,0
180482,WHO,0
181088,WHO,0
181095,WHO,1
181140,WHO,0
181205,WHO,0
181269,WHO,0
182539,WHO,0
183280,WHO,0
373593,WHO,0
374622,ALL,0
375011,ALL,0
699992,WHO,0
705402,WHO,1
713446,WHO,1
729386,WHO,0
739218,WHO,1
740973,WHO,0
790255,WHO,1
808785,WHO,1
810085,WHO,1
810299,WHO,0
812604,WHO,1
820873,WHO,0
843083,WHO,0
888282,WHO,1
888289,WHO,1
12730,WHO,0
13022,WHO,0
13592,WHO,0
16759,WHO,0
19060,WHO,0
19343,WHO,0
20892,ALL,0
34613,WHO,1
34710,WHO,1
52454,WHO,0
52690,WHO,0
53597,WHO,0
53607,WHO,0
54200,WHO,0
54328,WHO,0
54690,WHO,1
54818,WHO,0
54845,WHO,0
55078,WHO,0
55087,WHO,0
55186,WHO,0
55341,WHO,0
55540,WHO,0
55597,WHO,0
55823,WHO,0
56211,WHO,0
56237,WHO,0
56281,WHO,0
56343,WHO,0
56353,WHO,0
56529,WHO,0
56764,WHO,0
56784,WHO,0
56844,WHO,0
57259,WHO,0
57622,WHO,0
57690,WHO,0
57742,WHO,1
62052,WHO,1
64614,WHO,0
64731,WHO,0
64874,WHO,0
64935,WHO,1
64943,WHO,0
65011,WHO,0
65150,WHO,1
65177,WHO,0
65348,WHO,0
65634,WHO,0
76217,WHO,1
79499,WHO,0
79912,WHO,0
97611,WHO,0
97884,WHO,0
97938,WHO,0
98223,WHO,0
107570,WHO,1
124822,WHO,1
126339,WHO,0
135309,WHO,0
135335,WHO,0
135578,WHO,0
135842,WHO,0
137382,WHO,0
137563,WHO,0
137836,WHO,0
139534,WHO,0
139906,WHO,1
146903,WHO,0
147231,ALL,1
147252,ALL,1
147253,ALL,1
147399,ALL,1
147444,ALL,1
147596,ALL,1
148032,ALL,1
148149,ALL,0
150094,WHO,0
150125,WHO,0
150445,WHO,0
150572,WHO,0
150608,WHO,0
150639,WHO,0
151120,WHO,0
151149,WHO,0
151315,WHO,0
151374,WHO,0
151512,WHO,0
151542,WHO,0
151786,WHO,0
151792,WHO,0
165456,WHO,1
167305,WHO,0
167553,WHO,0
167758,WHO,0
168053,WHO,0
169027,WHO,1
169463,WHO,0
169812,WHO,0
169837,WHO,0
169954,WHO,0
170020,WHO,0
170345,WHO,1
171279,WHO,1
171317,WHO,0
171409,WHO,0
171539,WHO,0
171595,WHO,0
171735,WHO,0
171751,WHO,1
171839,WHO,1
173455,WHO,0
174846,ALL,0
178116,WHO,0
178121,WHO,1
178489,WHO,0
179500,WHO,1
179602,WHO,1
179615,WHO,1
179656,WHO,1
181445,WHO,0
182292,WHO,0
182402,WHO,0
182856,WHO,0
374955,ALL,0
374996,ALL,0
374998,ALL,0
375003,ALL,0
375008,ALL,0
700032,WHO,0
707423,WHO,0
713437,WHO,1
713442,WHO,0
739224,WHO,0
808366,WHO,0
810047,WHO,0
810180,WHO,0
810202,WHO,0
810227,WHO,0
810317,WHO,0
810540,WHO,1
812565,WHO,0
812570,WHO,0
892577,WHO,1
5449,WHO,1
9286,WHO,0
12117,WHO,0
12310,WHO,0
12639,WHO,0
13416,WHO,0
14328,WHO,0
14341,WHO,0
15018,WHO,0
15790,WHO,0
16763,WHO,1
17014,WHO,0
34189,WHO,1
52360,WHO,0
52424,WHO,0
52671,WHO,0
53274,WHO,1
53383,WHO,0
53406,WHO,1
53441,WHO,0
53550,WHO,0
53827,WHO,0
53996,WHO,0
55775,WHO,0
55782,WHO,0
55878,WHO,0
56110,WHO,0
56296,WHO,1
56391,WHO,0
56524,WHO,1
56564,WHO,0
57171,WHO,0
62181,WHO,1
64458,WHO,0
64627,WHO,0
64689,WHO,0
64741,WHO,0
65258,WHO,0
65447,WHO,0
65613,WHO,0
65621,WHO,0
76355,WHO,0
77998,WHO,0
95550,WHO,1
97359,WHO,0
97649,WHO,0
97931,WHO,0
101501,WHO,0
107410,WHO,0
124825,WHO,0
126406,WHO,0
135367,WHO,0
135381,WHO,0
136529,WHO,0
136627,WHO,0
137361,WHO,0
137362,WHO,1
137522,WHO,0
137851,WHO,0
139647,WHO,1
139653,WHO,0
147645,ALL,1
147972,ALL,0
148044,ALL,0
148217,ALL,1
149726,WHO,0
150236,WHO,0
150359,WHO,0
150430,WHO,0
150533,WHO,0
150662,WHO,0
150713,WHO,0
150810,WHO,0
150844,WHO,0
150901,WHO,0
150910,WHO,0
151563,WHO,0
151709,WHO,0
155516,WHO,1
155554,WHO,1
155681,WHO,1
166096,WHO,1
166354,WHO,1
166356,WHO,1
166945,WHO,0
169536,WHO,0
169653,WHO,0
169749,WHO,0
169966,WHO,0
169987,WHO,0
170058,WHO,0
170249,WHO,1
170276,WHO,0
171261,WHO,1
171313,WHO,0
171355,WHO,0
171732,WHO,0
171750,WHO,0
171886,WHO,0
173386,WHO,0
173415,WHO,0
174370,WHO,0
178483,WHO,1
179074,WHO,1
179634,WHO,0
179686,WHO,0
179768,WHO,0
179884,WHO,1
179916,WHO,1
179950,WHO,0
181268,WHO,0
181357,WHO,0
181377,WHO,0
181448,WHO,0
181496,WHO,0
181544,WHO,0
182333,WHO,0
182924,WHO,0
183148,WHO,0
705390,WHO,0
707387,WHO,0
708245,WHO,0
729334,WHO,0
808770,WHO,0
810187,WHO,0
810523,WHO,1
812531,WHO,1
812612,WHO,0
888293,WHO,1
888306,WHO,1
8614,ALL,0
9500,WHO,0
14447,WHO,0
14716,WHO,0
16676,WHO,0
18030,WHO,0
45441,WHO,1
50413,WHO,1
52313,WHO,0
52349,WHO,0
52409,WHO,0
52655,WHO,0
52710,WHO,0
53671,WHO,1
53774,WHO,0
54718,WHO,0
54727,WHO,1
54753,WHO,0
55060,WHO,0
55064,WHO,0
55106,WHO,0
55425,WHO,0
55512,WHO,0
55556,WHO,0
55901,WHO,0
55956,WHO,0
55979,WHO,0
56002,WHO,0
56063,WHO,0
56346,WHO,0
56507,WHO,0
57312,WHO,0
57390,WHO,0
57538,WHO,0
57633,WHO,0
57683,WHO,0
60366,WHO,1
61853,WHO,1
64872,WHO,1
65012,WHO,0
65111,WHO,1
65157,WHO,0
65269,WHO,0
65548,WHO,0
65648,WHO,0
65767,WHO,0
78343,WHO,1
96374,WHO,1
97378,WHO,0
97583,WHO,0
98110,WHO,0
122086,WHO,1
124851,WHO,0
124964,WHO,0
136520,WHO,0
136622,WHO,0
136955,WHO,0
137335,WHO,0
137415,WHO,1
137550,WHO,0
137983,WHO,0
138607,WHO,0
139522,WHO,0
139540,WHO,0
139829,WHO,0
140604,WHO,0
140687,WHO,0
140748,WHO,0
146908,WHO,1
146909,WHO,0
147459,ALL,1
147494,ALL,1
147586,ALL,1
147926,ALL,0
147947,ALL,0
148007,ALL,1
148125,ALL,0
148269,ALL,0
148392,ALL,1
150076,WHO,0
150605,WHO,0
150653,WHO,0
150774,WHO,0
151154,WHO,0
151190,WHO,0
151919,WHO,0
155046,ALL,1
165016,WHO,0
165396,WHO,1
165803,WHO,0
166156,WHO,0
167321,WHO,0
167974,WHO,0
168690,WHO,0
168855,WHO,0
168921,WHO,0
169002,WHO,0
169069,WHO,0
169677,WHO,0
169684,WHO,0
171302,WHO,0
171328,WHO,0
171458,WHO,0
171594,WHO,0
171646,WHO,0
171673,WHO,0
174853,ALL,0
177930,WHO,0
178472,WHO,0
178979,WHO,0
179536,WHO,0
179559,WHO,1
179605,WHO,1
180415,WHO,0
181181,WHO,0
181289,WHO,0
182095,WHO,1
182135,WHO,0
182478,WHO,0
182505,WHO,0
183011,WHO,0
374608,ALL,0
699968,WHO,1
707428,WHO,0
708258,WHO,0
713460,WHO,0
729382,WHO,0
739175,WHO,0
739263,WHO,1
810040,WHO,0
810134,WHO,0
810162,WHO,1
810319,WHO,0
810345,WHO,0
810466,WHO,1
811132,WHO,1
820881,WHO,0
888310,WHO,1
863,WHO,1
6885,ALL,0
9467,WHO,0
16625,WHO,0
16650,WHO,0
17514,WHO,0
18304,WHO,0
19629,WHO,0
34579,WHO,1
45501,WHO,0
52547,WHO,0
52564,WHO,0
52825,WHO,0
53442,WHO,0
53587,WHO,1
53876,WHO,0
54870,WHO,0
55373,WHO,0
55399,WHO,0
56347,WHO,0
56376,WHO,0
56541,WHO,0
56561,WHO,0
56572,WHO,0
56839,WHO,0
56912,WHO,0
56922,WHO,0
57016,WHO,0
57145,WHO,0
57248,WHO,0
57306,WHO,0
57696,WHO,0
61677,WHO,0
64844,WHO,0
64951,WHO,0
65090,WHO,0
65197,WHO,1
65607,WHO,1
65626,WHO,0
65766,WHO,0
78372,WHO,1
79843,WHO,0
80018,WHO,0
97585,WHO,0
97595,WHO,0
107199,WHO,1
107364,WHO,1
117746,WHO,0
119529,WHO,1
119786,WHO,1
119833,WHO,0
126323,WHO,0
126387,WHO,0
126415,WHO,0
135175,WHO,0
135220,WHO,0
135666,WHO,0
136517,WHO,0
136758,WHO,0
136832,WHO,0
137455,WHO,0
137555,WHO,0
137925,WHO,0
138056,WHO,0
138078,WHO,0
138372,WHO,0
138592,WHO,0
138653,WHO,0
139556,WHO,0
139586,WHO,0
139741,WHO,0
139758,WHO,0
139772,WHO,0
139808,WHO,0
139833,WHO,0
140666,WHO,0
140726,WHO,0
140758,WHO,0
147423,ALL,0
147575,ALL,1
147611,ALL,1
148095,ALL,0
148151,ALL,0
148184,ALL,1
148210,ALL,1
148254,ALL,1
148333,ALL,0
148388,ALL,1
148409,ALL,0
149976,WHO,1
150238,WHO,0
150692,WHO,0
150886,WHO,0
151206,WHO,0
151308,WHO,0
151630,WHO,0
154931,ALL,1
155675,WHO,0
164653,WHO,0
165386,WHO,0
166583,WHO,0
166767,WHO,0
168508,WHO,0
168880,WHO,0
170055,WHO,0
171394,WHO,0
171509,WHO,0
171650,WHO,0
171710,WHO,0
171749,WHO,0
171877,WHO,0
178145,WHO,0
178394,WHO,0
178537,WHO,0
178577,WHO,0
178639,WHO,0
179651,WHO,1
179851,WHO,0
180372,WHO,0
181316,WHO,0
181338,WHO,0
181443,WHO,0
181624,WHO,0
182078,WHO,1
374576,ALL,0
700046,WHO,0
705377,WHO,0
705391,WHO,0
705429,WHO,1
729446,WHO,0
740993,WHO,0
790049,WHO,0
808727,WHO,1
810007,WHO,1
810071,WHO,0
810314,WHO,0
810408,WHO,0
810532,WHO,1
812615,WHO,1
812711,WHO,1
12916,WHO,0
13288,WHO,0
16135,WHO,0
17131,WHO,0
19234,WHO,0
19927,WHO,0
20886,ALL,0
34291,WHO,0
34436,WHO,0
34675,WHO,0
52449,WHO,0
52747,WHO,0
52830,WHO,0
53560,WHO,1
53636,WHO,0
53705,WHO,1
53772,WHO,1
54061,WHO,0
54140,WHO,0
54545,WHO,1
54902,WHO,0
54912,WHO,0
55180,WHO,0
55505,WHO,0
56146,WHO,0
56268,WHO,0
56401,WHO,0
56873,WHO,0
56940,WHO,0
57162,WHO,0
61903,WHO,0
65017,WHO,0
65049,WHO,0
65227,WHO,0
65281,WHO,0
65492,WHO,0
65586,WHO,0
77976,WHO,0
78055,WHO,0
78329,WHO,1
79445,WHO,0
79994,WHO,0
88111,WHO,1
96924,WHO,0
96984,WHO,0
97481,WHO,0
97587,WHO,0
97976,WHO,0
119770,WHO,1
124781,WHO,0
126395,WHO,0
135314,WHO,0
136547,WHO,0
137737,WHO,1
137831,WHO,0
137932,WHO,1
137948,WHO,0
139857,WHO,0
139873,WHO,0
139916,WHO,1
140579,WHO,0
147410,ALL,1
147542,ALL,0
147741,ALL,0
148072,ALL,0
148136,ALL,1
148332,ALL,1
150444,WHO,0
150759,WHO,0
151081,WHO,0
151200,WHO,0
151747,WHO,0
155486,WHO,1
155523,WHO,1
155538,WHO,1
155619,WHO,1
155622,WHO,0
164795,WHO,1
165434,WHO,1
165751,WHO,0
165933,WHO,0
166615,WHO,1
167104,WHO,0
167108,WHO,0
167476,WHO,0
168423,WHO,0
169132,WHO,0
169656,WHO,0
169676,WHO,0
169825,WHO,0
170028,WHO,0
170263,WHO,0
171242,WHO,0
171399,WHO,0
171462,WHO,0
171467,WHO,0
171774,WHO,0
171835,WHO,0
173365,WHO,0
173573,WHO,0
178058,WHO,0
178100,WHO,0
178546,WHO,0
179038,WHO,1
179725,WHO,0
179740,WHO,0
179749,WHO,0
179905,WHO,0
180508,WHO,0
180630,WHO,1
181087,WHO,0
181116,WHO,0
181190,WHO,0
181241,WHO,0
181363,WHO,0
181365,WHO,0
181370,WHO,0
181409,WHO,0
181458,WHO,0
181611,WHO,0
182322,WHO,0
374964,ALL,0
375428,ALL,1
700024,WHO,0
700043,WHO,0
705544,WHO,0
725674,WHO,0
729330,WHO,0
739166,WHO,1
741000,WHO,1
808375,WHO,1
810350,WHO,0
811219,WHO,0
812705,WHO,1
820910,WHO,1
888262,WHO,1
888271,WHO,1
892523,WHO,1
907,WHO,0
6926,ALL,0
9525,WHO,0
15731,WHO,1
16069,WHO,0
16236,WHO,0
16262,WHO,0
16354,WHO,0
17623,WHO,1
17773,WHO,0
18313,WHO,1
18346,WHO,0
34254,WHO,1
34584,WHO,1
45432,WHO,1
45564,WHO,1
45593,WHO,1
50142,WHO,0
50383,WHO,1
52535,WHO,0
52540,WHO,0
52587,WHO,0
52713,WHO,0
53338,WHO,0
53341,WHO,1
53470,WHO,1
53498,WHO,1
53666,WHO,0
53708,WHO,1
53823,WHO,0
53870,WHO,0
54260,WHO,0
54326,WHO,0
54722,WHO,0
54759,WHO,0
55058,WHO,0
55154,WHO,0
55190,WHO,0
55229,WHO,0
55251,WHO,0
55269,WHO,0
55272,WHO,0
55315,WHO,0
55352,WHO,0
55650,WHO,0
55708,WHO,0
55804,WHO,0
55806,WHO,0
56124,WHO,0
56127,WHO,0
56159,WHO,0
56292,WHO,0
56535,WHO,0
56610,WHO,0
56738,WHO,0
56904,WHO,0
57569,WHO,1
57595,WHO,0
61680,WHO,0
62088,WHO,1
64682,WHO,0
65131,WHO,0
65136,WHO,0
65189,WHO,0
65207,WHO,0
65490,WHO,0
65635,WHO,1
78070,WHO,0
78363,WHO,1
79756,WHO,0
79858,WHO,0
96946,WHO,0
97147,WHO,0
97487,WHO,0
98096,WHO,0
98105,WHO,0
98178,WHO,0
98211,WHO,0
107296,WHO,1
119584,WHO,0
120067,WHO,1
128662,WHO,1
133260,WHO,0
135068,WHO,0
137174,WHO,0
137449,WHO,0
137579,WHO,0
138122,WHO,0
139495,WHO,0
139513,WHO,0
139709,WHO,0
140510,WHO,0
140569,WHO,1
140815,WHO,0
148019,ALL,1
148041,ALL,1
148233,ALL,1
148326,ALL,1
148395,ALL,0
150245,WHO,0
150331,WHO,0
150565,WHO,1
150617,WHO,0
150729,WHO,0
150782,WHO,0
151725,WHO,0
151847,WHO,0
165180,WHO,0
165419,WHO,1
167053,WHO,0
168466,WHO,0
169133,WHO,0
169191,WHO,0
169637,WHO,0
169715,WHO,0
169775,WHO,0
170043,WHO,0
170235,WHO,0
170422,WHO,1
171343,WHO,0
171592,WHO,0
173574,WHO,0
174358,WHO,0
174873,ALL,0
178545,WHO,1
179451,WHO,0
179525,WHO,0
180427,WHO,0
180565,WHO,0
181165,WHO,0
181271,WHO,1
181429,WHO,0
181491,WHO,1
181585,WHO,0
181602,WHO,0
182087,WHO,1
373605,WHO,0
374621,ALL,0
374943,ALL,0
700005,WHO,0
705422,WHO,0
705433,WHO,1
708235,WHO,0
708257,WHO,0
790024,WHO,0
808393,WHO,0
808740,WHO,1
810076,WHO,0
810086,WHO,0
810088,WHO,0
810277,WHO,0
810546,WHO,0
812690,WHO,1
888314,WHO,1
933870,WHO,0
841,WHO,0
6886,ALL,0
6949,ALL,0
13089,WHO,0
14640,WHO,0
15151,WHO,0
15256,WHO,1
15763,WHO,1
16258,WHO,1
16444,WHO,0
19742,WHO,0
34440,WHO,0
45527,WHO,1
50425,WHO,0
52502,WHO,0
52743,WHO,0
52806,WHO,0
53351,WHO,0
53429,WHO,1
53647,WHO,1
54000,WHO,0
54411,WHO,0
54488,WHO,1
54616,WHO,0
54653,WHO,1
54743,WHO,0
54924,WHO,0
55025,WHO,0
55754,WHO,0
55756,WHO,0
55936,WHO,0
55984,WHO,0
56989,WHO,0
56995,WHO,0
57197,WHO,1
58568,WHO,0
61829,WHO,1
61868,WHO,1
61985,WHO,1
65094,WHO,0
65596,WHO,0
77909,WHO,0
78080,WHO,0
78188,WHO,0
78189,WHO,0
79829,WHO,0
79913,WHO,0
96367,WHO,0
96929,WHO,0
97922,WHO,0
101625,WHO,0
107203,WHO,1
107235,WHO,1
107464,WHO,1
107485,WHO,1
122045,WHO,1
126374,WHO,0
126730,WHO,0
135500,WHO,0
135767,WHO,1
136390,WHO,0
136661,WHO,0
137263,WHO,0
137339,WHO,0
137397,WHO,0
137643,WHO,1
138117,WHO,0
139908,WHO,0
140577,WHO,0
140587,WHO,0
140653,WHO,0
140677,WHO,0
140695,WHO,0
140739,WHO,1
141228,WHO,1
147346,ALL,1
147380,ALL,0
147721,ALL,0
147905,ALL,1
148146,ALL,1
148294,ALL,1
150649,WHO,0
151225,WHO,0
151379,WHO,0
151692,WHO,0
151761,WHO,0
151862,WHO,0
155590,WHO,0
164474,WHO,1
165136,WHO,1
166334,WHO,1
167204,WHO,0
168667,WHO,0
168704,WHO,1
169512,WHO,0
169805,WHO,0
169859,WHO,0
170140,WHO,0
170175,WHO,0
171248,WHO,1
171403,WHO,0
171568,WHO,0
171672,WHO,0
171684,WHO,0
171708,WHO,0
171755,WHO,0
171810,WHO,0
173441,WHO,0
173484,WHO,0
173523,WHO,0
173578,WHO,0
174372,WHO,0
178130,WHO,1
179037,WHO,0
179524,WHO,0
179540,WHO,0
179683,WHO,0
179791,WHO,0
179818,WHO,1
180342,WHO,0
180581,WHO,0
181090,WHO,0
181093,WHO,0
181193,WHO,0
181281,WHO,0
181286,WHO,0
181332,WHO,0
181368,WHO,0
374653,ALL,0
699987,WHO,0
700018,WHO,0
708241,WHO,0
808390,WHO,0
808406,WHO,1
808818,WHO,1
810026,WHO,0
810084,WHO,0
810169,WHO,1
810239,WHO,0
810264,WHO,0
810543,WHO,1
820853,WHO,1
888316,WHO,1
920,WHO,0
6874,ALL,0
9297,WHO,0
12586,WHO,0
13439,WHO,0
13963,WHO,0
14112,WHO,0
15414,WHO,0
15867,WHO,0
18102,WHO,0
19255,WHO,0
34709,WHO,1
45437,WHO,0
52344,WHO,1
52824,WHO,0
53302,WHO,1
53303,WHO,0
53366,WHO,0
53427,WHO,1
53763,WHO,0
53793,WHO,1
53856,WHO,0
53973,WHO,0
54662,WHO,0
54732,WHO,0
55103,WHO,0
55167,WHO,0
55534,WHO,0
55667,WHO,1
55918,WHO,0
55940,WHO,0
55969,WHO,0
56456,WHO,0
57335,WHO,0
57359,WHO,0
57433,WHO,0
57788,WHO,1
64658,WHO,1
64681,WHO,0
64799,WHO,1
64923,WHO,0
65002,WHO,0
65594,WHO,1
96524,WHO,0
96573,WHO,0
97578,WHO,0
98046,WHO,0
115255,WHO,1
117755,WHO,0
126392,WHO,0
136331,WHO,0
137048,WHO,0
137055,WHO,0
137234,WHO,1
137671,WHO,1
137770,WHO,0
139667,WHO,0
139782,WHO,0
139823,WHO,0
140559,WHO,0
140663,WHO,0
146830,WHO,1
147358,ALL,1
147382,ALL,0
147715,ALL,0
147892,ALL,0
148368,ALL,1
148386,ALL,1
150552,WHO,0
150706,WHO,0
151062,WHO,0
151758,WHO,0
155506,WHO,1
164973,WHO,0
165507,WHO,1
165942,WHO,1
165997,WHO,0
166974,WHO,0
167525,WHO,0
168377,WHO,0
168403,WHO,0
168613,WHO,0
169885,WHO,0
170266,WHO,0
171764,WHO,0
174359,WHO,0
174386,WHO,0
178419,WHO,1
178457,WHO,0
178506,WHO,1
179331,WHO,0
179726,WHO,1
179952,WHO,1
180539,WHO,0
181341,WHO,0
181436,WHO,0
181506,WHO,0
181531,WHO,0
181601,WHO,0
182235,WHO,0
182337,WHO,0
182513,WHO,0
182542,WHO,0
182696,WHO,0
739172,WHO,1
739186,WHO,1
740997,WHO,0
810416,WHO,0
810436,WHO,1
811269,WHO,0
812632,WHO,1
820862,WHO,0
888307,WHO,1
888331,WHO,0
892564,WHO,0
946367,WHO,0
872,WHO,1
8625,ALL,0
12142,WHO,0
13297,WHO,0
13379,WHO,0
14024,WHO,1
15611,WHO,0
19531,WHO,0
19582,WHO,0
19646,WHO,0
22389,ALL,0
34243,WHO,1
34615,WHO,1
38992,WHO,0
52384,WHO,0
52438,WHO,1
53591,WHO,0
53830,WHO,0
53908,WHO,0
54009,WHO,0
54037,WHO,0
54152,WHO,0
54340,WHO,0
54594,WHO,0
54661,WHO,1
54995,WHO,0
55165,WHO,0
55431,WHO,0
55433,WHO,0
55951,WHO,0
56428,WHO,0
56613,WHO,0
56719,WHO,0
56762,WHO,0
56938,WHO,0
57108,WHO,0
57404,WHO,0
57744,WHO,1
57782,WHO,1
57789,WHO,0
61904,WHO,1
64601,WHO,0
64749,WHO,0
64760,WHO,1
64804,WHO,0
64917,WHO,0
64929,WHO,0
64955,WHO,0
65020,WHO,0
65076,WHO,0
65154,WHO,0
65169,WHO,0
65297,WHO,0
65416,WHO,0
65437,WHO,1
65518,WHO,0
78387,WHO,1
79516,WHO,0
88118,WHO,1
97236,WHO,0
97272,WHO,0
97872,WHO,0
101545,WHO,0
107228,WHO,0
107269,WHO,1
107507,WHO,1
115308,WHO,0
119547,WHO,0
126126,WHO,0
126380,WHO,0
135383,WHO,0
136606,WHO,0
136715,WHO,0
136830,WHO,0
136920,WHO,0
136927,WHO,0
137045,WHO,0
137125,WHO,0
137179,WHO,1
137481,WHO,0
137566,WHO,1
137592,WHO,1
137631,WHO,0
137725,WHO,1
137794,WHO,0
138164,WHO,1
139585,WHO,0
139730,WHO,0
139844,WHO,0
140593,WHO,0
140680,WHO,0
140816,WHO,0
147434,ALL,1
147778,ALL,0
148133,ALL,1
150135,WHO,0
150148,WHO,0
150344,WHO,0
150392,WHO,0
150865,WHO,0
151356,WHO,0
151581,WHO,0
151659,WHO,0
151741,WHO,0
151823,WHO,0
164626,WHO,1
166363,WHO,0
167138,WHO,0
167361,WHO,0
167865,WHO,0
168464,WHO,0
168676,WHO,0
168950,WHO,0
169660,WHO,1
169704,WHO,0
170174,WHO,0
171444,WHO,0
171504,WHO,1
171715,WHO,0
171776,WHO,0
171781,WHO,0
173452,WHO,0
177599,WHO,1
177991,WHO,0
177998,WHO,1
178015,WHO,1
178466,WHO,0
178591,WHO,1
178619,WHO,1
179639,WHO,1
179798,WHO,0
179808,WHO,0
179999,WHO,0
181151,WHO,0
181288,WHO,0
181302,WHO,0
181369,WHO,0
181427,WHO,0
181464,WHO,0
181591,WHO,0
181594,WHO,0
182288,WHO,0
375062,ALL,0
699932,WHO,0
705537,WHO,0
725673,WHO,0
729305,WHO,0
808370,WHO,0
808804,WHO,1
810198,WHO,0
810461,WHO,1
810533,WHO,1
812681,WHO,1
812708,WHO,1
892535,WHO,0
891,WHO,1
6966,ALL,0
13243,WHO,0
13396,WHO,0
14586,WHO,0
18173,WHO,0
18278,WHO,0
19734,WHO,0
34204,WHO,1
34212,WHO,0
52674,WHO,0
52679,WHO,0
53236,WHO,1
53335,WHO,1
53447,WHO,1
53531,WHO,0
53739,WHO,0
54026,WHO,0
54224,WHO,0
54382,WHO,0
54664,WHO,0
54671,WHO,0
54848,WHO,0
54880,WHO,0
54881,WHO,0
54887,WHO,0
54914,WHO,0
54968,WHO,0
54981,WHO,0
54985,WHO,0
55047,WHO,0
55417,WHO,0
55758,WHO,0
55914,WHO,0
56055,WHO,0
56971,WHO,0
57294,WHO,0
57350,WHO,0
57402,WHO,0
57463,WHO,0
57667,WHO,0
57740,WHO,1
58577,WHO,1
61690,WHO,1
64625,WHO,0
64719,WHO,0
64737,WHO,0
64786,WHO,0
64825,WHO,0
65027,WHO,1
65045,WHO,1
65275,WHO,0
65283,WHO,0
65302,WHO,0
65324,WHO,1
65555,WHO,0
65581,WHO,0
65615,WHO,0
78002,WHO,0
78041,WHO,0
78051,WHO,0
79521,WHO,0
88104,WHO,1
95578,WHO,0
96555,WHO,1
97119,WHO,0
97168,WHO,0
98071,WHO,0
98197,WHO,0
107248,WHO,1
107439,WHO,1
136271,WHO,0
136515,WHO,0
136644,WHO,0
136851,WHO,0
137000,WHO,0
137441,WHO,0
137797,WHO,1
139503,WHO,0
139504,WHO,0
139617,WHO,1
139651,WHO,0
139656,WHO,0
139695,WHO,0
140599,WHO,1
140800,WHO,0
141258,WHO,1
147495,ALL,1
147803,ALL,0
147929,ALL,1
147961,ALL,1
147965,ALL,0
148128,ALL,0
150149,WHO,0
150507,WHO,0
150628,WHO,0
150702,WHO,0
151538,WHO,0
151699,WHO,0
151946,WHO,0
154958,ALL,0
155491,WHO,0
155641,WHO,1
164472,WHO,0
165443,WHO,0
166941,WHO,1
167215,WHO,0
167293,WHO,1
167417,WHO,0
167920,WHO,0
168106,WHO,0
168649,WHO,0
168991,WHO,1
169119,WHO,0
169576,WHO,0
169826,WHO,0
169848,WHO,0
170061,WHO,0
170095,WHO,0
170137,WHO,0
170388,WHO,0
171327,WHO,0
171590,WHO,0
171652,WHO,0
171753,WHO,0
171832,WHO,0
177976,WHO,0
178048,WHO,0
178428,WHO,1
178461,WHO,0
179039,WHO,1
179576,WHO,0
179970,WHO,0
180538,WHO,0
180547,WHO,0
181127,WHO,0
181359,WHO,0
181384,WHO,0
374889,ALL,1
700026,WHO,0
705420,WHO,1
707390,WHO,0
740988,WHO,0
808743,WHO,0
808800,WHO,1
810067,WHO,0
810519,WHO,1
812578,WHO,1
888270,WHO,1
888295,WHO,1
883,WHO,1
905,WHO,0
6903,ALL,0
7040,ALL,1
12713,WHO,0
19206,WHO,0
34288,WHO,1
34586,WHO,1
45516,WHO,1
50052,WHO,0
52716,WHO,0
53614,WHO,0
53738,WHO,0
53760,WHO,0
54033,WHO,0
54046,WHO,0
54891,WHO,0
55101,WHO,0
55139,WHO,0
55326,WHO,0
55366,WHO,0
55502,WHO,0
55529,WHO,0
55629,WHO,0
56204,WHO,0
56354,WHO,0
56796,WHO,0
56856,WHO,0
57439,WHO,0
57519,WHO,0
57537,WHO,0
57548,WHO,0
61896,WHO,0
62046,WHO,0
64931,WHO,0
65060,WHO,1
65110,WHO,0
65537,WHO,0
78057,WHO,0
78358,WHO,1
107276,WHO,1
119636,WHO,1
122115,WHO,1
124785,WHO,0
124811,WHO,1
124832,WHO,0
135278,WHO,0
135417,WHO,0
136281,WHO,0
136333,WHO,0
136557,WHO,0
136748,WHO,0
137496,WHO,0
137565,WHO,0
137763,WHO,1
138124,WHO,0
139673,WHO,0
140505,WHO,0
146940,WHO,1
147599,ALL,0
147786,ALL,0
147885,ALL,0
148052,ALL,0
148173,ALL,1
148356,ALL,0
150832,WHO,0
150866,WHO,0
150895,WHO,0
151143,WHO,0
151194,WHO,0
151322,WHO,0
151569,WHO,0
151618,WHO,0
151636,WHO,0
151642,WHO,0
151661,WHO,0
151748,WHO,0
154929,ALL,1
154954,ALL,1
155021,ALL,0
155531,WHO,1
165417,WHO,0
165433,WHO,0
165510,WHO,1
165915,WHO,1
166571,WHO,1
167121,WHO,0
167275,WHO,0
167433,WHO,0
168652,WHO,0
168700,WHO,0
168925,WHO,1
169622,WHO,0
169829,WHO,0
169912,WHO,0
170293,WHO,0
170301,WHO,0
171271,WHO,0
171376,WHO,0
171434,WHO,0
171483,WHO,0
171532,WHO,0
171703,WHO,0
173381,WHO,0
173445,WHO,0
178045,WHO,0
178386,WHO,1
178500,WHO,0
179479,WHO,0
180371,WHO,1
180473,WHO,0
181132,WHO,0
181472,WHO,0
181621,WHO,0
699928,WHO,0
705366,WHO,0
705426,WHO,1
705473,WHO,0
725683,WHO,0
741006,WHO,0
810124,WHO,0
810339,WHO,0
810352,WHO,0
810480,WHO,1
811212,WHO,1
812524,WHO,0
812669,WHO,1
843030,WHO,0
843112,WHO,0
923,WHO,0
6954,ALL,0
12279,WHO,0
12895,WHO,0
13210,WHO,0
14280,WHO,0
14938,WHO,0
14977,WHO,0
16648,WHO,0
16691,WHO,1
16853,WHO,0
17619,WHO,0
17836,WHO,0
18776,WHO,1
19463,WHO,0
50053,WHO,1
50398,WHO,0
52335,WHO,0
52397,WHO,0
53299,WHO,0
53312,WHO,1
53415,WHO,1
53747,WHO,1
54676,WHO,0
54765,WHO,0
54923,WHO,0
55127,WHO,0
55442,WHO,0
56644,WHO,0
56666,WHO,0
57287,WHO,0
62379,WHO,0
64611,WHO,0
64742,WHO,1
64893,WHO,1
64909,WHO,0
65114,WHO,1
65264,WHO,0
65787,WHO,0
78175,WHO,0
79787,WHO,0
85425,WHO,0
88114,WHO,1
95535,WHO,1
96684,WHO,0
97143,WHO,0
97335,WHO,0
97343,WHO,0
97504,WHO,0
97762,WHO,1
107602,WHO,1
117675,WHO,1
136223,WHO,0
136370,WHO,0
136743,WHO,0
137009,WHO,0
137262,WHO,0
137506,WHO,0
137612,WHO,0
138173,WHO,1
139786,WHO,0
140507,WHO,0
140634,WHO,0
146838,WHO,0
147236,ALL,1
147344,ALL,1
147356,ALL,1
147845,ALL,0
147969,ALL,1
150204,WHO,0
150305,WHO,0
151127,WHO,0
151236,WHO,0
151669,WHO,0
155683,WHO,0
164438,WHO,1
165025,WHO,0
167317,WHO,1
169028,WHO,0
169613,WHO,0
169708,WHO,0
169760,WHO,0
170004,WHO,0
170015,WHO,0
170107,WHO,1
171292,WHO,0
171433,WHO,0
171512,WHO,0
173392,WHO,0
173420,WHO,0
173539,WHO,0
178505,WHO,0
179464,WHO,0
179501,WHO,0
179708,WHO,1
179761,WHO,1
179888,WHO,0
179917,WHO,0
179945,WHO,0
180575,WHO,0
181434,WHO,0
183132,WHO,0
375022,ALL,0
699921,WHO,0
700013,WHO,0
705533,WHO,0
739197,WHO,1
739221,WHO,0
808788,WHO,1
808806,WHO,0
810034,WHO,1
810153,WHO,0
810219,WHO,0
810306,WHO,0
810515,WHO,1
812511,WHO,1
933871,WHO,1
12743,WHO,1
13165,WHO,0
14742,WHO,0
16381,WHO,0
19617,WHO,0
34814,WHO,1
52366,WHO,0
52415,WHO,0
52731,WHO,0
52789,WHO,0
54113,WHO,0
54174,WHO,0
54402,WHO,0
54505,WHO,0
54624,WHO,0
54757,WHO,0
54807,WHO,1
54907,WHO,0
54982,WHO,0
55238,WHO,0
55298,WHO,0
55760,WHO,0
55820,WHO,0
55884,WHO,0
55978,WHO,0
56275,WHO,0
56340,WHO,0
56833,WHO,0
56874,WHO,0
57042,WHO,0
57334,WHO,0
65134,WHO,0
65167,WHO,0
65351,WHO,0
65552,WHO,0
65565,WHO,0
78085,WHO,0
79800,WHO,0
80006,WHO,0
85441,WHO,1
117572,WHO,1
117718,WHO,0
119781,WHO,0
123532,WHO,0
124850,WHO,0
135016,WHO,0
136566,WHO,0
136623,WHO,0
136738,WHO,0
137017,WHO,1
137938,WHO,1
139657,WHO,0
139693,WHO,0
140581,WHO,0
140651,WHO,0
140712,WHO,0
147351,ALL,1
147595,ALL,1
147878,ALL,0
148037,ALL,1
148213,ALL,1
148250,ALL,1
150334,WHO,0
150604,WHO,0
150711,WHO,0
150778,WHO,0
155585,WHO,0
164484,WHO,0
165388,WHO,1
165466,WHO,0
167788,WHO,0
168754,WHO,0
168993,WHO,0
169065,WHO,0
169468,WHO,0
169548,WHO,0
169751,WHO,0
170053,WHO,0
170089,WHO,0
171270,WHO,1
171752,WHO,0
171868,WHO,0
172371,WHO,0
174389,WHO,0
174852,ALL,0
178007,WHO,1
178125,WHO,0
178389,WHO,0
179596,WHO,1
179601,WHO,1
179757,WHO,0
181114,WHO,0
181518,WHO,0
182117,WHO,1
182291,WHO,1
182479,WHO,0
374977,ALL,0
374990,ALL,0
705466,WHO,0
705501,WHO,0
705524,WHO,0
705531,WHO,0
707399,WHO,0
729452,WHO,0
790055,WHO,0
808748,WHO,1
810055,WHO,0
810189,WHO,0
810435,WHO,1
810452,WHO,0
810504,WHO,1
810526,WHO,1
810548,WHO,1
811280,WHO,0
812635,WHO,1
820980,WHO,0
843031,WHO,0
843039,WHO,0
12183,WHO,0
13944,WHO,0
14273,WHO,0
15474,WHO,0
16888,WHO,0
17070,WHO,0
18446,WHO,0
18797,WHO,0
19341,WHO,0
34734,WHO,0
45483,WHO,1
50144,WHO,0
52379,WHO,0
52467,WHO,0
53404,WHO,0
53606,WHO,0
53608,WHO,1
54157,WHO,0
55200,WHO,0
55522,WHO,0
55673,WHO,0
55721,WHO,0
56201,WHO,0
56222,WHO,0
56288,WHO,0
56453,WHO,0
56716,WHO,0
56868,WHO,0
57077,WHO,0
57242,WHO,0
57525,WHO,0
57562,WHO,0
57785,WHO,1
58605,WHO,1
58612,WHO,1
64514,WHO,0
64694,WHO,0
64727,WHO,0
64769,WHO,0
64876,WHO,1
64898,WHO,0
65161,WHO,0
65521,WHO,0
78154,WHO,1
79473,WHO,0
79900,WHO,0
79936,WHO,0
97557,WHO,0
97907,WHO,0
98224,WHO,0
117598,WHO,0
117677,WHO,1
124823,WHO,0
135007,WHO,0
135627,WHO,0
135709,WHO,0
136871,WHO,0
137271,WHO,0
137384,WHO,0
137443,WHO,0
137554,WHO,0
137676,WHO,0
137783,WHO,0
139526,WHO,1
139624,WHO,0
139718,WHO,0
140610,WHO,0
140623,WHO,1
140784,WHO,0
147577,ALL,0
147800,ALL,0
147814,ALL,0
148408,ALL,0
150163,WHO,0
150397,WHO,0
150668,WHO,0
150942,WHO,0
151294,WHO,0
151305,WHO,0
151321,WHO,0
151515,WHO,0
151731,WHO,0
151827,WHO,0
155008,ALL,1
155665,WHO,1
164479,WHO,1
164904,WHO,0
165408,WHO,1
165426,WHO,0
165427,WHO,1
165444,WHO,1
165463,WHO,1
165753,WHO,0
166625,WHO,0
167028,WHO,0
169813,WHO,0
169834,WHO,0
170042,WHO,0
170106,WHO,0
171637,WHO,0
171683,WHO,0
173393,WHO,0
173436,WHO,0
174376,WHO,0
178074,WHO,0
178487,WHO,0
178583,WHO,0
179004,WHO,0
179493,WHO,0
179778,WHO,1
179883,WHO,0
181334,WHO,0
181353,WHO,0
181610,WHO,0
183316,WHO,0
373604,WHO,1
705358,WHO,0
705379,WHO,0
705493,WHO,0
810012,WHO,0
810037,WHO,0
810113,WHO,0
810175,WHO,0
810230,WHO,0
810320,WHO,0
812650,WHO,1
892541,WHO,0
12663,WHO,0
13480,WHO,0
13968,WHO,0
14249,WHO,0
14484,WHO,0
14762,WHO,0
15166,WHO,0
15250,WHO,1
16191,WHO,0
16640,WHO,0
16690,WHO,0
16898,WHO,0
18360,WHO,0
34286,WHO,1
45458,WHO,0
52439,WHO,0
52511,WHO,0
52519,WHO,0
52704,WHO,0
53345,WHO,0
53356,WHO,0
53358,WHO,0
53541,WHO,0
54027,WHO,1
54145,WHO,0
54889,WHO,0
54915,WHO,0
54934,WHO,0
55040,WHO,0
55048,WHO,0
55343,WHO,0
55595,WHO,0
56279,WHO,0
56522,WHO,0
56756,WHO,0
56758,WHO,1
56997,WHO,0
57200,WHO,0
57420,WHO,0
57660,WHO,0
61802,WHO,0
61926,WHO,0
62161,WHO,0
62203,WHO,1
64461,WHO,0
64759,WHO,1
64798,WHO,0
65008,WHO,0
65286,WHO,0
65361,WHO,0
65489,WHO,0
65553,WHO,0
65554,WHO,0
65593,WHO,1
76308,WHO,1
78289,WHO,0
79746,WHO,0
95500,WHO,1
96871,WHO,0
97084,WHO,0
98085,WHO,0
98115,WHO,0
98236,WHO,0
107230,WHO,1
107271,WHO,0
107394,WHO,1
115306,WHO,1
117599,WHO,1
119766,WHO,0
122089,WHO,1
124838,WHO,1
126357,WHO,0
126360,WHO,0
135298,WHO,0
135339,WHO,0
135508,WHO,1
135555,WHO,0
136560,WHO,0
136886,WHO,0
137650,WHO,0
137653,WHO,0
137761,WHO,1
137903,WHO,0
137945,WHO,0
138062,WHO,0
138200,WHO,0
139666,WHO,0
139690,WHO,0
139774,WHO,0
139861,WHO,0
140662,WHO,0
140668,WHO,1
140767,WHO,0
147714,ALL,0
147918,ALL,0
148229,ALL,1
150303,WHO,0
150645,WHO,0
150695,WHO,0
150699,WHO,0
150703,WHO,0
151109,WHO,0
151400,WHO,0
151533,WHO,0
151846,WHO,0
151931,WHO,0
155481,WHO,1
155562,WHO,0
164473,WHO,1
165798,WHO,0
165949,WHO,0
166062,WHO,1
166587,WHO,0
167086,WHO,1
167144,WHO,0
169054,WHO,0
169105,WHO,0
169651,WHO,0
169996,WHO,0
171298,WHO,0
171454,WHO,0
171494,WHO,1
171632,WHO,0
171671,WHO,0
172373,WHO,0
174390,WHO,0
174393,WHO,0
174912,ALL,0
178042,WHO,0
178351,WHO,0
178473,WHO,0
179452,WHO,0
179484,WHO,0
179504,WHO,1
179514,WHO,0
179705,WHO,1
179717,WHO,0
179830,WHO,1
179902,WHO,0
179984,WHO,0
180343,WHO,0
180419,WHO,0
180563,WHO,0
180577,WHO,0
181125,WHO,0
181237,WHO,0
181257,WHO,0
181538,WHO,0
182641,WHO,0
183049,WHO,0
374973,ALL,0
374976,ALL,0
699927,WHO,0
699938,WHO,0
699995,WHO,0
707420,WHO,0
740987,WHO,1
790216,WHO,1
810182,WHO,0
810188,WHO,0
810229,WHO,0
810377,WHO,0
810455,WHO,1
810522,WHO,0
812631,WHO,1
812706,WHO,1
820970,WHO,0
892548,WHO,0
911,WHO,1
12917,WHO,0
13218,WHO,0
13954,WHO,0
15282,WHO,1
18014,WHO,1
18201,WHO,0
18461,WHO,0
19248,WHO,0
34161,WHO,0
45460,WHO,1
52419,WHO,0
52551,WHO,0
52567,WHO,0
52772,WHO,0
52774,WHO,0
53292,WHO,1
53469,WHO,1
53624,WHO,1
53742,WHO,0
54048,WHO,0
54146,WHO,0
54611,WHO,0
54646,WHO,0
54958,WHO,0
54965,WHO,0
54992,WHO,0
55270,WHO,0
55666,WHO,0
55753,WHO,0
56227,WHO,0
56377,WHO,0
56383,WHO,0
56478,WHO,0
56963,WHO,0
57025,WHO,0
57163,WHO,0
60355,WHO,1
61953,WHO,1
61975,WHO,1
61997,WHO,1
64662,WHO,0
64729,WHO,0
64771,WHO,1
65041,WHO,0
65123,WHO,0
65148,WHO,0
65331,WHO,0
65392,WHO,0
65396,WHO,1
65466,WHO,0
78350,WHO,0
96506,WHO,0
96887,WHO,0
97542,WHO,0
98072,WHO,0
107243,WHO,0
107315,WHO,0
107325,WHO,0
107480,WHO,1
135102,WHO,0
135255,WHO,0
135363,WHO,0
135590,WHO,0
136553,WHO,0
136731,WHO,0
136822,WHO,0
137011,WHO,0
137383,WHO,0
137420,WHO,0
137603,WHO,1
137738,WHO,1
137994,WHO,0
139560,WHO,0
139679,WHO,0
139767,WHO,0
139777,WHO,0
139789,WHO,0
139830,WHO,0
140689,WHO,0
140707,WHO,1
147462,ALL,0
147464,ALL,1
147612,ALL,1
147894,ALL,1
148130,ALL,0
148179,ALL,1
150363,WHO,0
150658,WHO,0
150878,WHO,0
150899,WHO,0
151243,WHO,0
151341,WHO,0
151393,WHO,0
151506,WHO,0
151535,WHO,0
155034,ALL,1
155489,WHO,1
155570,WHO,0
155586,WHO,1
164430,WHO,0
165932,WHO,1
166340,WHO,0
166597,WHO,1
167341,WHO,0
169789,WHO,0
170030,WHO,0
170197,WHO,0
171526,WHO,0
171567,WHO,0
171693,WHO,0
171966,WHO,0
172378,WHO,0
173626,WHO,0
174911,ALL,0
177970,WHO,0
178031,WHO,1
181440,WHO,0
181474,WHO,0
373481,WHO,0
373487,WHO,1
374940,ALL,0
374944,ALL,0
375055,ALL,1
536354,WHO,1
698647,WHO,1
705406,WHO,0
705502,WHO,0
725682,WHO,0
729419,WHO,0
739248,WHO,1
808404,WHO,0
810394,WHO,0
812556,WHO,1
812581,WHO,1
7034,ALL,1
8601,ALL,1
9289,WHO,0
14917,WHO,1
15305,WHO,0
17096,WHO,1
17470,WHO,0
17607,WHO,1
17889,WHO,1
17979,WHO,0
18253,WHO,0
18834,WHO,0
18968,WHO,0
34185,WHO,1
34854,WHO,1
45512,WHO,1
50021,WHO,1
52310,WHO,0
52321,WHO,0
52354,WHO,0
52457,WHO,0
52601,WHO,0
52681,WHO,0
52698,WHO,0
53322,WHO,1
53580,WHO,0
53588,WHO,0
53673,WHO,1
53779,WHO,1
54047,WHO,0
54312,WHO,0
54836,WHO,0
54854,WHO,0
54893,WHO,0
55261,WHO,0
55309,WHO,0
55661,WHO,0
56071,WHO,0
56092,WHO,0
56142,WHO,0
56167,WHO,0
56418,WHO,0
56619,WHO,0
56964,WHO,0
56968,WHO,0
57088,WHO,0
57417,WHO,0
57600,WHO,1
57761,WHO,1
57773,WHO,1
60360,WHO,1
62060,WHO,0
64746,WHO,0
64883,WHO,0
64885,WHO,0
64977,WHO,0
65126,WHO,0
65367,WHO,0
65394,WHO,0
65497,WHO,0
65742,WHO,0
96771,WHO,1
96914,WHO,0
97211,WHO,0
97336,WHO,0
97486,WHO,0
97639,WHO,0
107259,WHO,0
107266,WHO,1
128657,WHO,0
135451,WHO,0
135497,WHO,0
135621,WHO,0
136383,WHO,0
136410,WHO,0
136552,WHO,0
136842,WHO,0
137344,WHO,0
137897,WHO,0
137989,WHO,1
139520,WHO,0
139527,WHO,0
140493,WHO,0
141249,WHO,0
147215,ALL,0
147509,ALL,1
147602,ALL,1
147604,ALL,1
147719,ALL,0
148098,ALL,1
148124,ALL,1
148305,ALL,1
148385,ALL,1
150389,WHO,0
150487,WHO,0
150721,WHO,0
150781,WHO,0
150863,WHO,0
151280,WHO,0
151290,WHO,0
151635,WHO,0
151813,WHO,0
155563,WHO,1
155583,WHO,1
155627,WHO,1
164491,WHO,1
167416,WHO,0
167454,WHO,0
167463,WHO,0
168450,WHO,0
168634,WHO,0
169055,WHO,0
169535,WHO,0
169935,WHO,0
169977,WHO,0
170298,WHO,0
170439,WHO,0
171341,WHO,0
171370,WHO,0
171388,WHO,0
171440,WHO,0
171639,WHO,0
171640,WHO,0
172282,WHO,0
173413,WHO,0
177929,WHO,0
178001,WHO,1
178398,WHO,1
178561,WHO,0
179476,WHO,0
179485,WHO,0
179486,WHO,0
179532,WHO,0
179784,WHO,0
179986,WHO,1
180478,WHO,0
181159,WHO,0
181252,WHO,0
181416,WHO,0
181469,WHO,0
181485,WHO,0
181536,WHO,0
374661,ALL,0
700037,WHO,0
708248,WHO,0
725692,WHO,0
739182,WHO,1
810098,WHO,0
810265,WHO,1
810437,WHO,1
810528,WHO,1
918,WHO,0
7015,ALL,1
7017,ALL,1
12647,WHO,0
16966,WHO,0
17640,WHO,0
18279,WHO,0
34378,WHO,0
45567,WHO,0
50370,WHO,0
52345,WHO,1
52528,WHO,0
52683,WHO,0
53249,WHO,0
53271,WHO,0
53473,WHO,0
53482,WHO,1
53977,WHO,0
54143,WHO,0
54275,WHO,0
54468,WHO,1
55147,WHO,0
55435,WHO,0
55634,WHO,0
55690,WHO,0
55726,WHO,0
55905,WHO,0
55955,WHO,0
56042,WHO,0
56079,WHO,0
56430,WHO,0
57068,WHO,0
57133,WHO,0
57451,WHO,0
57493,WHO,0
61770,WHO,0
61789,WHO,0
64683,WHO,0
64699,WHO,0
64714,WHO,0
64736,WHO,0
64747,WHO,0
64806,WHO,0
65109,WHO,1
65185,WHO,0
65217,WHO,1
65759,WHO,0
65773,WHO,0
76292,WHO,0
77906,WHO,0
78112,WHO,0
78167,WHO,0
79779,WHO,0
96743,WHO,0
96777,WHO,0
96811,WHO,0
96927,WHO,0
97425,WHO,0
97791,WHO,0
98004,WHO,0
120058,WHO,1
126382,WHO,0
126420,WHO,0
135209,WHO,0
135545,WHO,0
135721,WHO,0
135729,WHO,0
136206,WHO,0
136424,WHO,0
136854,WHO,0
137462,WHO,1
138079,WHO,1
139845,WHO,0
139874,WHO,0
140729,WHO,0
147367,ALL,0
147500,ALL,0
147616,ALL,1
147727,ALL,0
147766,ALL,0
148317,ALL,1
148354,ALL,1
148405,ALL,1
150433,WHO,0
150569,WHO,0
150633,WHO,0
151104,WHO,0
151147,WHO,0
151494,WHO,0
155567,WHO,1
165178,WHO,0
165489,WHO,0
165740,WHO,0
166575,WHO,1
166580,WHO,1
167335,WHO,0
167661,WHO,0
168434,WHO,0
168448,WHO,0
169499,WHO,0
169534,WHO,0
169723,WHO,0
170216,WHO,0
171579,WHO,0
171616,WHO,0
173387,WHO,0
173405,WHO,0
178070,WHO,1
178382,WHO,0
178605,WHO,0
179748,WHO,0
180355,WHO,0
180541,WHO,0
180585,WHO,0
181112,WHO,0
181401,WHO,0
181468,WHO,0
182325,WHO,0
182480,WHO,0
374954,ALL,0
703021,WHO,1
705371,WHO,0
708213,WHO,0
713449,WHO,0
739168,WHO,1
739190,WHO,1
810035,WHO,1
810233,WHO,1
810284,WHO,0
810398,WHO,0
810477,WHO,1
892529,WHO,0
917,WHO,0
6925,ALL,0
7019,ALL,1
7022,ALL,1
8562,ALL,1
13565,WHO,0
13885,WHO,0
14034,WHO,1
14430,WHO,0
15362,WHO,0
15440,WHO,1
16227,WHO,0
16746,WHO,0
19154,WHO,0
34298,WHO,1
34544,WHO,0
45563,WHO,0
45584,WHO,1
52427,WHO,0
52645,WHO,0
53443,WHO,1
53605,WHO,0
53643,WHO,0
53925,WHO,0
54095,WHO,0
54199,WHO,0
54397,WHO,0
54969,WHO,0
55018,WHO,0
55035,WHO,0
55516,WHO,0
55717,WHO,0
55796,WHO,0
55946,WHO,0
56036,WHO,0
56747,WHO,0
56982,WHO,0
57026,WHO,0
57783,WHO,1
61725,WHO,0
61879,WHO,1
61916,WHO,1
62039,WHO,1
62138,WHO,0
64812,WHO,0
64848,WHO,0
64907,WHO,0
65122,WHO,0
65192,WHO,0
65366,WHO,0
65465,WHO,0
65485,WHO,0
65578,WHO,0
77913,WHO,0
79755,WHO,0
85422,WHO,1
88105,WHO,1
97871,WHO,0
98041,WHO,0
107521,WHO,1
135182,WHO,0
135533,WHO,0
137193,WHO,0
137277,WHO,0
137791,WHO,0
137894,WHO,0
138043,WHO,0
138053,WHO,0
139548,WHO,0
139618,WHO,0
139620,WHO,0
140691,WHO,0
147886,ALL,0
147921,ALL,0
147956,ALL,1
148313,ALL,1
148486,ALL,1
150241,WHO,0
150570,WHO,0
150644,WHO,0
150725,WHO,0
150740,WHO,0
150864,WHO,0
151595,WHO,0
155623,WHO,0
164352,WHO,1
164469,WHO,0
164483,WHO,1
165963,WHO,0
166157,WHO,0
166307,WHO,1
166951,WHO,0
167052,WHO,1
168129,WHO,0
168224,WHO,1
168435,WHO,1
168853,WHO,0
169691,WHO,0
171597,WHO,0
171692,WHO,0
171729,WHO,0
171813,WHO,0
174363,WHO,0
174377,WHO,0
174392,WHO,0
178144,WHO,0
178356,WHO,0
179011,WHO,1
179560,WHO,0
179755,WHO,0
179781,WHO,0
179947,WHO,0
180474,WHO,0
181315,WHO,0
375014,ALL,0
375019,ALL,0
375021,ALL,0
699935,WHO,0
699977,WHO,0
705353,WHO,1
705476,WHO,0
705550,WHO,0
708217,WHO,0
725777,WHO,0
729292,WHO,1
739217,WHO,0
740963,WHO,0
808779,WHO,1
810363,WHO,0
812579,WHO,0
821021,WHO,0
871,WHO,1
9512,WHO,0
12319,WHO,0
12800,WHO,1
13759,WHO,0
15726,WHO,1
16317,WHO,0
17315,WHO,0
17447,WHO,0
17595,WHO,0
19115,WHO,0
19348,WHO,0
22435,ALL,0
36089,WHO,1
50355,WHO,1
52314,WHO,0
52340,WHO,0
52402,WHO,0
52686,WHO,0
53359,WHO,0
53488,WHO,1
54426,WHO,0
54670,WHO,1
55097,WHO,0
55104,WHO,0
55237,WHO,0
55318,WHO,0
55608,WHO,0
55617,WHO,0
55995,WHO,0
56256,WHO,0
56727,WHO,0
56876,WHO,0
56928,WHO,0
57246,WHO,0
57343,WHO,0
57396,WHO,0
57471,WHO,0
61761,WHO,0
61940,WHO,1
62092,WHO,0
64656,WHO,0
64816,WHO,0
65013,WHO,0
65062,WHO,0
65182,WHO,1
65318,WHO,0
65325,WHO,0
65436,WHO,1
65590,WHO,0
65655,WHO,0
65701,WHO,0
65721,WHO,0
65747,WHO,0
76274,WHO,1
79880,WHO,0
79895,WHO,0
80024,WHO,0
96856,WHO,0
97157,WHO,0
97305,WHO,0
97624,WHO,0
97694,WHO,0
107216,WHO,0
107304,WHO,1
107503,WHO,0
117634,WHO,1
126333,WHO,0
135215,WHO,0
136364,WHO,0
136672,WHO,0
136957,WHO,0
137552,WHO,1
137949,WHO,0
138073,WHO,0
138151,WHO,0
138171,WHO,1
139500,WHO,0
139738,WHO,0
140612,WHO,0
140686,WHO,0
140774,WHO,0
141201,WHO,1
141238,WHO,1
147461,ALL,0
147471,ALL,1
147477,ALL,1
150077,WHO,0
150252,WHO,0
150307,WHO,0
150542,WHO,0
150751,WHO,0
150846,WHO,0
151353,WHO,0
151561,WHO,0
154978,ALL,0
155497,WHO,0
155544,WHO,0
155565,WHO,1
166352,WHO,1
167444,WHO,0
167501,WHO,0
167847,WHO,0
169515,WHO,0
169632,WHO,0
169722,WHO,0
169780,WHO,1
169903,WHO,0
170134,WHO,1
170228,WHO,0
171269,WHO,0
171315,WHO,0
171602,WHO,0
171748,WHO,0
171911,WHO,0
171954,WHO,0
174367,WHO,0
178005,WHO,0
178642,WHO,1
179043,WHO,0
179498,WHO,0
179539,WHO,0
179558,WHO,0
179647,WHO,1
180383,WHO,0
181163,WHO,0
181183,WHO,0
181439,WHO,0
181547,WHO,0
181644,WHO,0
182323,WHO,0
374939,ALL,0
699970,WHO,0
707388,WHO,0
808738,WHO,0
810106,WHO,0
810135,WHO,0
810255,WHO,1
810357,WHO,0
810439,WHO,1
810494,WHO,1
812512,WHO,0
812523,WHO,0
843173,WHO,0
888302,WHO,1
892518,WHO,0
892556,WHO,0
892567,WHO,0
7007,ALL,1
8569,ALL,1
12862,WHO,0
13319,WHO,0
13412,WHO,0
13435,WHO,0
13509,WHO,0
15133,WHO,0
18737,WHO,0
18916,WHO,0
18921,WHO,0
19492,WHO,0
19833,WHO,0
22173,ALL,0
34300,WHO,1
34813,WHO,1
45542,WHO,0
47507,WHO,0
52745,WHO,0
53657,WHO,0
53953,WHO,0
54531,WHO,1
54941,WHO,0
55019,WHO,0
55125,WHO,0
55296,WHO,0
55638,WHO,0
55729,WHO,0
55834,WHO,0
56369,WHO,0
56674,WHO,0
56683,WHO,0
56697,WHO,0
57398,WHO,0
57579,WHO,1
58566,WHO,1
58600,WHO,0
58615,WHO,1
60359,WHO,1
61959,WHO,0
62018,WHO,1
64722,WHO,0
64829,WHO,0
65044,WHO,0
65347,WHO,0
65442,WHO,0
65457,WHO,1
65546,WHO,0
65576,WHO,0
65598,WHO,0
65651,WHO,0
65736,WHO,0
76271,WHO,0
78305,WHO,0
78334,WHO,0
78361,WHO,1
79777,WHO,0
79789,WHO,0
79872,WHO,0
79875,WHO,0
79998,WHO,0
96485,WHO,0
97148,WHO,0
97711,WHO,0
98007,WHO,0
98040,WHO,0
98103,WHO,0
101478,WHO,0
101681,WHO,0
107273,WHO,0
117702,WHO,1
135069,WHO,0
135193,WHO,1
135206,WHO,0
135427,WHO,0
136147,WHO,1
137571,WHO,1
137726,WHO,1
137937,WHO,1
139568,WHO,0
140497,WHO,0
140564,WHO,0
140821,WHO,0
147783,ALL,0
147856,ALL,0
147916,ALL,1
148046,ALL,1
148141,ALL,1
148183,ALL,0
148187,ALL,0
148265,ALL,0
150087,WHO,0
150357,WHO,0
150598,WHO,0
150657,WHO,0
150667,WHO,0
151079,WHO,0
151204,WHO,0
151265,WHO,0
151285,WHO,0
151329,WHO,0
151575,WHO,0
151711,WHO,0
155026,ALL,0
155480,WHO,1
155582,WHO,1
165090,WHO,1
165420,WHO,0
165741,WHO,0
165946,WHO,1
166088,WHO,1
166090,WHO,1
166954,WHO,1
167520,WHO,0
169059,WHO,0
169694,WHO,0
169787,WHO,0
169843,WHO,0
169929,WHO,0
170275,WHO,0
171346,WHO,0
171550,WHO,0
171937,WHO,0
173493,WHO,0
177229,WHO,0
178050,WHO,0
178572,WHO,0
179013,WHO,0
179587,WHO,0
179665,WHO,0
179839,WHO,1
180449,WHO,0
180504,WHO,0
180579,WHO,0
181210,WHO,0
181304,WHO,0
182077,WHO,0
182185,WHO,0
182413,WHO,0
182477,WHO,0
739228,WHO,1
808369,WHO,0
810226,WHO,0
6956,ALL,0
12049,WHO,0
13440,WHO,0
13895,WHO,0
14682,WHO,0
16858,WHO,0
18486,WHO,1
19195,WHO,1
34210,WHO,1
34235,WHO,0
45484,WHO,1
52338,WHO,0
52351,WHO,0
52479,WHO,0
52604,WHO,1
53565,WHO,0
53603,WHO,0
54124,WHO,0
54449,WHO,0
54563,WHO,0
55015,WHO,0
55606,WHO,0
55628,WHO,0
55640,WHO,0
55739,WHO,0
55886,WHO,0
56482,WHO,0
56602,WHO,0
56920,WHO,0
57521,WHO,0
57529,WHO,0
61914,WHO,1
62062,WHO,1
64686,WHO,0
64910,WHO,0
65135,WHO,0
65534,WHO,0
65562,WHO,0
65569,WHO,0
65706,WHO,0
78183,WHO,0
79776,WHO,0
79940,WHO,0
96692,WHO,0
97228,WHO,0
97447,WHO,0
98039,WHO,0
101636,WHO,0
107213,WHO,1
107265,WHO,1
107282,WHO,1
107330,WHO,1
117694,WHO,1
124954,WHO,0
135199,WHO,0
135205,WHO,0
135824,WHO,1
136198,WHO,0
136248,WHO,0
136612,WHO,0
137131,WHO,0
137549,WHO,0
138094,WHO,1
138150,WHO,1
139851,WHO,0
140539,WHO,0
141246,WHO,1
147211,ALL,1
147217,ALL,0
147634,ALL,0
147910,ALL,0
148015,ALL,1
148017,ALL,1
148295,ALL,1
150063,WHO,0
150393,WHO,0
150828,WHO,0
151219,WHO,0
151227,WHO,0
151389,WHO,0
151559,WHO,0
151736,WHO,0
151837,WHO,0
164642,WHO,1
165441,WHO,1
165472,WHO,1
166937,WHO,0
167210,WHO,0
168317,WHO,0
169617,WHO,1
169675,WHO,0
169743,WHO,1
169874,WHO,0
170156,WHO,0
170299,WHO,0
171244,WHO,0
171414,WHO,0
171517,WHO,0
171580,WHO,0
171909,WHO,0
174384,WHO,0
174893,ALL,0
177989,WHO,0
178013,WHO,0
178115,WHO,0
178502,WHO,0
178548,WHO,0
178615,WHO,1
178961,WHO,1
178997,WHO,1
179036,WHO,0
179574,WHO,0
179971,WHO,1
180453,WHO,0
180514,WHO,0
180574,WHO,0
181091,WHO,0
181187,WHO,0
181276,WHO,0
181424,WHO,0
181533,WHO,0
181593,WHO,1
182306,WHO,0
182357,WHO,0
182438,WHO,0
374650,ALL,0
374890,ALL,1
374920,ALL,1
374941,ALL,0
374989,ALL,0
699944,WHO,0
705363,WHO,0
739200,WHO,1
790042,WHO,0
808803,WHO,0
810069,WHO,0
810083,WHO,0
810279,WHO,1
843092,WHO,0
816,WHO,0
6920,ALL,0
6990,ALL,1
8595,ALL,1
12471,WHO,0
12682,WHO,0
12693,WHO,0
13421,WHO,0
13711,WHO,0
13884,WHO,0
15325,WHO,0
16295,WHO,1
16595,WHO,0
16652,WHO,0
17774,WHO,0
18426,WHO,0
18474,WHO,0
18781,WHO,0
22412,ALL,1
34191,WHO,1
34778,WHO,1
50149,WHO,0
52330,WHO,0
53792,WHO,0
53917,WHO,1
54583,WHO,1
54786,WHO,0
55336,WHO,0
55337,WHO,0
55406,WHO,0
55607,WHO,0
55618,WHO,0
55677,WHO,0
55705,WHO,0
55787,WHO,0
55799,WHO,0
56278,WHO,0
56702,WHO,0
56740,WHO,0
56828,WHO,0
56992,WHO,0
57022,WHO,0
57318,WHO,0
57383,WHO,0
57539,WHO,0
57626,WHO,0
57722,WHO,1
57790,WHO,0
61893,WHO,0
64620,WHO,0
64957,WHO,0
65071,WHO,1
65342,WHO,1
65375,WHO,1
65709,WHO,1
78078,WHO,1
78380,WHO,1
79876,WHO,0
85448,WHO,1
96355,WHO,0
96614,WHO,0
96646,WHO,0
96956,WHO,0
117717,WHO,0
119837,WHO,0
126407,WHO,0
135517,WHO,0
136154,WHO,0
136406,WHO,0
137281,WHO,0
137400,WHO,0
137740,WHO,0
137810,WHO,0
137860,WHO,0
138182,WHO,0
139490,WHO,0
139879,WHO,0
140488,WHO,1
140727,WHO,0
141204,WHO,0
147501,ALL,0
147559,ALL,1
147789,ALL,0
147792,ALL,1
147880,ALL,1
148016,ALL,0
148018,ALL,0
148076,ALL,0
148190,ALL,1
148262,ALL,0
148275,ALL,1
148283,ALL,1
148359,ALL,0
148393,ALL,0
148403,ALL,0
150217,WHO,0
150666,WHO,0
150869,WHO,0
151111,WHO,0
151579,WHO,0
151762,WHO,0
151818,WHO,0
155484,WHO,1
165415,WHO,1
167422,WHO,0
167567,WHO,0
168413,WHO,0
168535,WHO,0
168792,WHO,0
169053,WHO,0
169590,WHO,0
169853,WHO,0
169871,WHO,1
169971,WHO,0
170080,WHO,0
170414,WHO,0
171349,WHO,0
171369,WHO,0
171375,WHO,0
171484,WHO,1
171622,WHO,0
171823,WHO,0
171917,WHO,0
173480,WHO,0
178365,WHO,0
178606,WHO,1
178623,WHO,0
178957,WHO,0
179056,WHO,0
179065,WHO,0
179487,WHO,0
179534,WHO,0
179572,WHO,0
179577,WHO,1
179723,WHO,0
179951,WHO,1
180348,WHO,0
180362,WHO,0
180576,WHO,0
181175,WHO,0
181344,WHO,0
181351,WHO,0
181399,WHO,0
181467,WHO,0
181554,WHO,0
181637,WHO,0
182163,WHO,0
182186,WHO,0
374698,ALL,0
705437,WHO,0
707415,WHO,0
708239,WHO,0
810125,WHO,0
810184,WHO,0
810273,WHO,0
810410,WHO,0
810450,WHO,1
810460,WHO,1
811136,WHO,0
811142,WHO,0
812676,WHO,1
843033,WHO,0
842,WHO,1
9463,WHO,0
14587,WHO,1
17360,WHO,0
17540,WHO,0
17801,WHO,0
18216,WHO,0
19410,WHO,0
19872,WHO,0
22207,ALL,0
34178,WHO,1
34714,WHO,0
52455,WHO,0
52529,WHO,0
52550,WHO,0
52810,WHO,1
53619,WHO,0
54471,WHO,0
54512,WHO,0
54772,WHO,1
54837,WHO,0
55138,WHO,0
55490,WHO,0
55561,WHO,0
55603,WHO,0
55630,WHO,0
55653,WHO,0
55668,WHO,0
55770,WHO,0
55841,WHO,0
56284,WHO,0
56429,WHO,0
56750,WHO,0
57076,WHO,0
57138,WHO,0
57506,WHO,0
61783,WHO,0
64432,WHO,0
64647,WHO,0
64720,WHO,0
64777,WHO,0
64863,WHO,0
65316,WHO,0
65524,WHO,0
65702,WHO,0
76390,WHO,0
77900,WHO,0
78048,WHO,0
78276,WHO,0
79450,WHO,0
79878,WHO,0
96815,WHO,0
97235,WHO,0
97634,WHO,0
107365,WHO,1
115393,WHO,1
117617,WHO,1
117693,WHO,1
117768,WHO,0
126764,WHO,0
135216,WHO,0
135302,WHO,0
136228,WHO,0
136277,WHO,0
136352,WHO,0
136359,WHO,0
136693,WHO,0
136734,WHO,0
137059,WHO,0
137092,WHO,0
137351,WHO,0
138020,WHO,0
138137,WHO,0
138157,WHO,1
139502,WHO,0
139595,WHO,0
139655,WHO,0
139776,WHO,0
140751,WHO,1
140809,WHO,0
141221,WHO,0
146884,WHO,0
148238,ALL,1
148319,ALL,1
150089,WHO,0
150850,WHO,0
151272,WHO,0
151354,WHO,0
151363,WHO,0
155539,WHO,1
164447,WHO,0
164489,WHO,1
165938,WHO,0
166592,WHO,0
167114,WHO,0
167150,WHO,1
167334,WHO,0
167456,WHO,0
167770,WHO,0
168445,WHO,0
169569,WHO,0
169604,WHO,0
169671,WHO,1
169772,WHO,1
171361,WHO,0
171491,WHO,0
171529,WHO,0
171948,WHO,0
173254,WHO,0
173454,WHO,0
174395,WHO,0
174882,ALL,0
178449,WHO,0
179511,WHO,0
179631,WHO,0
179637,WHO,1
179825,WHO,0
179937,WHO,0
181101,WHO,0
181168,WHO,1
373590,WHO,0
373622,WHO,1
374617,ALL,0
374951,ALL,0
725676,WHO,0
741016,WHO,0
808744,WHO,0
808767,WHO,1
808801,WHO,1
810079,WHO,0
810111,WHO,0
810421,WHO,0
820971,WHO,0
888326,WHO,0
6919,ALL,0
6953,ALL,0
12038,WHO,0
12060,WHO,1
12283,WHO,0
13042,WHO,0
13931,WHO,0
14153,WHO,1
14429,WHO,0
15052,WHO,0
15557,WHO,0
16034,WHO,0
16332,WHO,1
16896,WHO,0
17046,WHO,1
38991,WHO,1
50047,WHO,0
50379,WHO,1
52380,WHO,0
52611,WHO,0
52625,WHO,0
52725,WHO,0
53768,WHO,0
53796,WHO,0
53802,WHO,0
53820,WHO,0
54418,WHO,1
54482,WHO,0
54575,WHO,0
54815,WHO,0
55651,WHO,0
55851,WHO,0
56012,WHO,0
56213,WHO,0
56560,WHO,0
57266,WHO,0
57663,WHO,0
57777,WHO,1
61678,WHO,0
64494,WHO,0
64648,WHO,1
64755,WHO,0
64785,WHO,0
64944,WHO,0
65292,WHO,0
65435,WHO,0
65483,WHO,0
65608,WHO,0
65628,WHO,0
65631,WHO,0
65704,WHO,0
65710,WHO,0
78164,WHO,0
78359,WHO,0
79847,WHO,0
79919,WHO,0
88125,WHO,1
95455,WHO,1
97356,WHO,0
97427,WHO,0
97664,WHO,1
97705,WHO,0
98038,WHO,0
98213,WHO,0
101696,WHO,0
107566,WHO,0
120066,WHO,1
124727,WHO,1
135020,WHO,0
135740,WHO,1
136225,WHO,0
136239,WHO,0
137326,WHO,1
137352,WHO,0
137600,WHO,0
137750,WHO,0
138071,WHO,0
138199,WHO,1
139572,WHO,0
139573,WHO,0
139721,WHO,0
139809,WHO,0
140490,WHO,0
140741,WHO,0
140785,WHO,0
141451,WHO,0
147550,ALL,0
147563,ALL,0
147587,ALL,0
147775,ALL,0
147805,ALL,0
147927,ALL,1
148267,ALL,0
148334,ALL,1
150931,WHO,0
151158,WHO,0
151274,WHO,0
151358,WHO,0
151591,WHO,0
155503,WHO,1
155663,WHO,0
164404,WHO,1
165034,WHO,0
165993,WHO,0
166578,WHO,1
167406,WHO,0
168195,WHO,0
168601,WHO,0
169131,WHO,0
169185,WHO,0
169210,WHO,0
169317,WHO,0
169498,WHO,0
169530,WHO,0
169591,WHO,0
169798,WHO,0
169968,WHO,0
170032,WHO,0
171391,WHO,0
171657,WHO,0
171670,WHO,0
171935,WHO,0
172379,WHO,0
172380,WHO,0
173545,WHO,0
173570,WHO,0
174249,WHO,0
174872,ALL,0
175709,WHO,0
178509,WHO,0
178520,WHO,1
178586,WHO,0
178974,WHO,1
179927,WHO,0
180450,WHO,0
181121,WHO,0
181167,WHO,0
181245,WHO,0
181620,WHO,0
182143,WHO,1
374499,ALL,0
705360,WHO,0
708243,WHO,0
740992,WHO,1
810032,WHO,0
810225,WHO,0
810396,WHO,0
810547,WHO,1
812607,WHO,1
843038,WHO,0
892519,WHO,0
817,WHO,1
6907,ALL,0
6908,ALL,0
14154,WHO,0
14729,WHO,0
14916,WHO,0
15062,WHO,0
15153,WHO,0
15431,WHO,0
16246,WHO,0
17050,WHO,0
19580,WHO,0
34608,WHO,1
34731,WHO,0
45509,WHO,0
50055,WHO,1
52592,WHO,0
52613,WHO,0
52629,WHO,0
52765,WHO,0
52829,WHO,0
53411,WHO,0
54101,WHO,0
54225,WHO,1
54849,WHO,0
54878,WHO,0
55092,WHO,0
55355,WHO,0
55518,WHO,0
55530,WHO,1
55589,WHO,0
56021,WHO,0
56034,WHO,0
56180,WHO,0
56303,WHO,0
56325,WHO,0
56424,WHO,0
56929,WHO,0
57000,WHO,0
57182,WHO,0
57345,WHO,0
57546,WHO,0
57650,WHO,0
57763,WHO,0
61752,WHO,0
62074,WHO,0
65047,WHO,0
65415,WHO,0
65481,WHO,0
65505,WHO,0
65508,WHO,0
65560,WHO,0
65609,WHO,0
65622,WHO,0
77967,WHO,0
78106,WHO,0
79834,WHO,0
79899,WHO,0
96510,WHO,0
96969,WHO,0
97671,WHO,0
97906,WHO,0
101602,WHO,0
101665,WHO,0
107289,WHO,1
107441,WHO,1
135320,WHO,0
136177,WHO,0
136503,WHO,0
136590,WHO,0
137582,WHO,0
137669,WHO,0
137756,WHO,1
138024,WHO,1
140813,WHO,1
147245,ALL,1
147342,ALL,1
147414,ALL,0
147725,ALL,0
147846,ALL,0
147850,ALL,0
147865,ALL,0
148001,ALL,0
148069,ALL,0
148399,ALL,1
150593,WHO,0
150717,WHO,0
150873,WHO,0
151112,WHO,0
151287,WHO,0
151508,WHO,0
151516,WHO,0
151527,WHO,0
151708,WHO,0
151803,WHO,0
154928,ALL,0
154975,ALL,1
164994,WHO,0
165137,WHO,1
165939,WHO,0
166089,WHO,1
168678,WHO,0
168969,WHO,0
169110,WHO,1
169571,WHO,0
169633,WHO,0
169644,WHO,0
169721,WHO,0
169878,WHO,0
170003,WHO,0
170027,WHO,0
171439,WHO,0
178049,WHO,0
178137,WHO,1
179820,WHO,0
180349,WHO,0
180537,WHO,0
181212,WHO,0
375015,ALL,0
705414,WHO,1
808731,WHO,0
810009,WHO,1
810242,WHO,0
810400,WHO,0
810483,WHO,1
810550,WHO,1
812633,WHO,1
812679,WHO,0
820833,WHO,0
888279,WHO,1
933861,WHO,1
921,WHO,0
6875,ALL,0
13849,WHO,0
15067,WHO,0
15091,WHO,0
17101,WHO,0
17411,WHO,0
17604,WHO,0
34406,WHO,0
45507,WHO,0
45594,WHO,0
50026,WHO,0
50363,WHO,0
50386,WHO,1
52373,WHO,0
52452,WHO,0
53514,WHO,0
53842,WHO,0
53893,WHO,0
54292,WHO,0
54522,WHO,0
54612,WHO,1
54626,WHO,0
54678,WHO,0
54944,WHO,0
55121,WHO,0
55283,WHO,0
55587,WHO,0
55926,WHO,0
56419,WHO,0
56623,WHO,0
56625,WHO,0
57274,WHO,0
57344,WHO,0
57348,WHO,0
57357,WHO,0
57748,WHO,1
60275,WHO,1
64790,WHO,0
64800,WHO,0
64814,WHO,0
64933,WHO,1
65016,WHO,0
65272,WHO,0
65426,WHO,1
65520,WHO,0
65570,WHO,0
65601,WHO,0
77965,WHO,0
96519,WHO,0
96698,WHO,0
96862,WHO,0
97287,WHO,0
97433,WHO,0
97561,WHO,0
98168,WHO,0
117670,WHO,1
126327,WHO,0
126332,WHO,0
135386,WHO,0
136494,WHO,0
136629,WHO,0
136703,WHO,0
136792,WHO,0
136797,WHO,0
137052,WHO,0
137231,WHO,0
137453,WHO,0
137491,WHO,0
138047,WHO,1
138197,WHO,0
139599,WHO,0
139671,WHO,0
139858,WHO,0
140494,WHO,0
140515,WHO,0
140773,WHO,0
147340,ALL,0
147419,ALL,1
147510,ALL,0
147857,ALL,0
148148,ALL,0
151089,WHO,0
151488,WHO,0
155487,WHO,0
165916,WHO,1
166055,WHO,1
166083,WHO,1
166114,WHO,0
166965,WHO,1
167137,WHO,0
168881,WHO,0
169100,WHO,0
169474,WHO,0
169521,WHO,0
169781,WHO,0
170087,WHO,0
171241,WHO,0
171358,WHO,0
171705,WHO,0
171837,WHO,0
173450,WHO,0
177996,WHO,0
178596,WHO,0
179455,WHO,0
179541,WHO,0
179545,WHO,0
179727,WHO,1
179735,WHO,1
179912,WHO,1
179936,WHO,0
179990,WHO,1
181145,WHO,0
181492,WHO,0
181619,WHO,0
181641,WHO,0
374620,ALL,0
375018,ALL,0
699911,WHO,0
707394,WHO,0
739203,WHO,0
740978,WHO,0
790206,WHO,1
808757,WHO,1
810041,WHO,0
811264,WHO,0
811265,WHO,0
821015,WHO,0
843087,WHO,0
13226,WHO,0
13294,WHO,0
14816,WHO,0
14823,WHO,0
14826,WHO,1
15098,WHO,0
15099,WHO,0
15353,WHO,1
17307,WHO,0
19037,WHO,0
19247,WHO,0
45488,WHO,1
45565,WHO,0
52369,WHO,0
52437,WHO,0
52527,WHO,0
52705,WHO,0
52827,WHO,0
53374,WHO,0
53466,WHO,1
53672,WHO,1
53710,WHO,0
54118,WHO,0
55034,WHO,0
55160,WHO,0
55441,WHO,0
55443,WHO,0
55444,WHO,0
55515,WHO,0
55747,WHO,0
55763,WHO,0
56502,WHO,0
56578,WHO,0
56765,WHO,0
56804,WHO,0
56819,WHO,0
56884,WHO,0
57005,WHO,0
57210,WHO,0
57339,WHO,0
57611,WHO,0
61982,WHO,1
64660,WHO,0
64783,WHO,0
64927,WHO,0
65091,WHO,0
65262,WHO,0
78158,WHO,0
78330,WHO,1
96690,WHO,0
96766,WHO,0
97027,WHO,0
97029,WHO,0
97059,WHO,0
97251,WHO,0
97413,WHO,0
97795,WHO,0
97876,WHO,0
107232,WHO,0
117571,WHO,0
117619,WHO,1
117735,WHO,1
126368,WHO,0
135340,WHO,0
136536,WHO,0
136636,WHO,0
137331,WHO,1
137450,WHO,1
137661,WHO,0
137847,WHO,0
137898,WHO,1
139563,WHO,0
140550,WHO,0
147355,ALL,0
147398,ALL,0
147435,ALL,0
147526,ALL,1
147539,ALL,0
147733,ALL,0
147788,ALL,0
148235,ALL,1
148247,ALL,0
150079,WHO,0
150213,WHO,0
150700,WHO,0
150872,WHO,0
151082,WHO,0
151180,WHO,0
151210,WHO,0
151259,WHO,0
151820,WHO,0
151833,WHO,0
151834,WHO,0
166060,WHO,1
166301,WHO,1
166306,WHO,0
168412,WHO,0
169102,WHO,0
169585,WHO,0
169648,WHO,0
169893,WHO,0
170034,WHO,0
170195,WHO,0
170332,WHO,0
171260,WHO,0
171274,WHO,0
171294,WHO,0
171610,WHO,0
171698,WHO,0
171702,WHO,0
171821,WHO,0
173270,WHO,0
173432,WHO,0
178559,WHO,0
179475,WHO,0
179582,WHO,0
179921,WHO,0
180374,WHO,0
180520,WHO,1
180545,WHO,0
180556,WHO,0
181314,WHO,0
374924,ALL,0
705434,WHO,0
739185,WHO,1
810070,WHO,0
810089,WHO,1
810244,WHO,1
810266,WHO,0
810434,WHO,0
810457,WHO,1
811275,WHO,0
812647,WHO,0
843174,WHO,1
888305,WHO,1
892527,WHO,1
6891,ALL,1
7018,ALL,1
12744,WHO,0
14910,WHO,0
15251,WHO,0
15507,WHO,0
15675,WHO,0
16567,WHO,0
16873,WHO,0
17441,WHO,1
17609,WHO,0
18189,WHO,0
18699,WHO,0
18909,WHO,0
21694,ALL,0
42127,WHO,0
52560,WHO,0
52667,WHO,0
54948,WHO,0
54989,WHO,0
55388,WHO,0
55517,WHO,0
55619,WHO,0
56062,WHO,0
56078,WHO,0
56113,WHO,0
56151,WHO,0
56208,WHO,0
56215,WHO,0
56269,WHO,0
56280,WHO,0
56537,WHO,0
56622,WHO,0
56654,WHO,0
56776,WHO,0
56863,WHO,0
56890,WHO,0
57006,WHO,0
57091,WHO,0
57304,WHO,0
57419,WHO,0
57455,WHO,0
57464,WHO,0
57560,WHO,0
58635,WHO,1
61768,WHO,0
64636,WHO,0
65080,WHO,0
65491,WHO,0
65507,WHO,0
65660,WHO,0
65778,WHO,0
77942,WHO,0
78184,WHO,0
95577,WHO,1
96548,WHO,0
97011,WHO,0
97074,WHO,0
97120,WHO,0
97693,WHO,0
97820,WHO,0
98135,WHO,0
119653,WHO,1
126702,WHO,0
135050,WHO,0
135228,WHO,0
135264,WHO,0
135291,WHO,0
135478,WHO,0
135588,WHO,0
135732,WHO,1
135840,WHO,0
136284,WHO,0
136358,WHO,0
136583,WHO,0
136680,WHO,0
136816,WHO,0
137780,WHO,1
137992,WHO,0
138001,WHO,0
139529,WHO,0
139660,WHO,0
139669,WHO,0
139691,WHO,0
139794,WHO,0
139813,WHO,0
140541,WHO,0
147422,ALL,1
147452,ALL,0
147615,ALL,1
147817,ALL,1
147906,ALL,1
147986,ALL,1
148139,ALL,1
150490,WHO,0
150625,WHO,0
151304,WHO,0
151493,WHO,0
151860,WHO,0
154964,ALL,0
155546,WHO,1
164967,WHO,0
165188,WHO,0
165481,WHO,0
165923,WHO,0
167402,WHO,1
168355,WHO,0
168424,WHO,0
168647,WHO,0
168793,WHO,0
169163,WHO,0
169589,WHO,0
169619,WHO,0
169747,WHO,0
169759,WHO,0
169942,WHO,0
170005,WHO,0
170387,WHO,0
171392,WHO,0
171498,WHO,0
171581,WHO,0
171631,WHO,0
171669,WHO,0
171679,WHO,0
171963,WHO,0
171965,WHO,0
177986,WHO,1
178069,WHO,1
178510,WHO,1
178616,WHO,0
179064,WHO,1
179489,WHO,1
179617,WHO,0
179698,WHO,0
179795,WHO,1
179926,WHO,1
179960,WHO,0
181258,WHO,0
181356,WHO,0
181584,WHO,0
181634,WHO,0
182127,WHO,0
182643,WHO,0
374963,ALL,0
700016,WHO,0
700019,WHO,0
705408,WHO,0
705496,WHO,1
707409,WHO,0
713457,WHO,0
739232,WHO,0
740968,WHO,1
741023,WHO,0
808405,WHO,1
808749,WHO,1
810288,WHO,0
810365,WHO,0
810544,WHO,1
812562,WHO,0
812564,WHO,1
812610,WHO,1
820839,WHO,0
820864,WHO,0
892530,WHO,0
933867,WHO,1
925,WHO,0
5456,WHO,1
6938,ALL,0
9441,WHO,0
9461,WHO,0
15199,WHO,0
15921,WHO,0
17188,WHO,0
17407,WHO,0
18207,WHO,0
19301,WHO,0
21584,ALL,0
34466,WHO,0
34720,WHO,1
52574,WHO,0
52588,WHO,0
52622,WHO,0
52624,WHO,0
52781,WHO,0
53910,WHO,1
54198,WHO,0
54220,WHO,1
54231,WHO,0
54263,WHO,0
54357,WHO,0
54547,WHO,1
54651,WHO,0
54742,WHO,0
54841,WHO,0
55698,WHO,0
55893,WHO,0
56334,WHO,0
56356,WHO,0
56595,WHO,0
56621,WHO,0
56692,WHO,0
56732,WHO,0
56757,WHO,0
57431,WHO,0
58172,WHO,1
61809,WHO,1
64688,WHO,0
64875,WHO,0
65153,WHO,0
65193,WHO,0
65474,WHO,0
65616,WHO,0
76331,WHO,1
78091,WHO,0
78322,WHO,0
78384,WHO,1
96678,WHO,0
96795,WHO,0
96994,WHO,0
97370,WHO,0
101615,WHO,0
119741,WHO,1
126371,WHO,0
126373,WHO,0
126418,WHO,0
135201,WHO,0
135703,WHO,1
136345,WHO,0
136475,WHO,0
136527,WHO,0
136659,WHO,0
137004,WHO,1
137083,WHO,0
137301,WHO,0
137570,WHO,1
137914,WHO,0
138006,WHO,1
139593,WHO,0
140595,WHO,0
140755,WHO,0
147323,ALL,1
147341,ALL,1
147383,ALL,1
147449,ALL,1
147790,ALL,0
147804,ALL,0
147867,ALL,0
147895,ALL,1
147925,ALL,1
150441,WHO,0
150563,WHO,0
150749,WHO,0
151174,WHO,0
151189,WHO,0
151500,WHO,0
151539,WHO,0
151843,WHO,0
155526,WHO,1
155591,WHO,1
155628,WHO,1
165138,WHO,0
167478,WHO,0
167502,WHO,1
168612,WHO,0
169586,WHO,0
169716,WHO,0
169844,WHO,0
169962,WHO,0
170212,WHO,0
170265,WHO,0
171795,WHO,0
173522,WHO,0
173982,WHO,0
174369,WHO,0
177942,WHO,0
178498,WHO,1
178977,WHO,0
179499,WHO,0
179581,WHO,0
179663,WHO,0
179837,WHO,0
179906,WHO,1
179949,WHO,0
180471,WHO,0
181228,WHO,1
181239,WHO,0
181426,WHO,0
181486,WHO,0
182305,WHO,0
374835,ALL,0
700007,WHO,0
705362,WHO,0
705579,WHO,1
707412,WHO,0
725775,WHO,0
729460,WHO,0
810177,WHO,0
810208,WHO,0
810359,WHO,1
810469,WHO,0
812710,WHO,0
843035,WHO,0
888273,WHO,1
888336,WHO,0
812,WHO,0
850,WHO,1
6900,ALL,0
6921,ALL,0
6960,ALL,0
9281,WHO,0
12065,WHO,0
12379,WHO,0
12499,WHO,0
15397,WHO,0
16291,WHO,0
16714,WHO,0
17852,WHO,0
34642,WHO,0
45487,WHO,0
45741,WHO,1
45747,WHO,1
50058,WHO,1
50416,WHO,0
52501,WHO,0
53417,WHO,1
53420,WHO,1
53487,WHO,1
53805,WHO,0
54087,WHO,0
54511,WHO,0
54696,WHO,0
55189,WHO,0
55290,WHO,0
55420,WHO,0
55489,WHO,0
55838,WHO,0
55883,WHO,0
56013,WHO,0
56802,WHO,0
56892,WHO,0
57024,WHO,0
57073,WHO,0
57098,WHO,0
57127,WHO,0
57206,WHO,1
57258,WHO,0
57425,WHO,0
57487,WHO,0
57685,WHO,0
57699,WHO,0
60356,WHO,1
61891,WHO,1
62072,WHO,0
64641,WHO,0
64691,WHO,0
65035,WHO,1
65068,WHO,0
65172,WHO,0
65268,WHO,0
65338,WHO,0
65402,WHO,0
65477,WHO,0
65529,WHO,1
65580,WHO,0
77977,WHO,0
77983,WHO,0
95524,WHO,1
96780,WHO,0
97661,WHO,0
97713,WHO,0
97798,WHO,0
107508,WHO,0
135015,WHO,0
135046,WHO,0
135644,WHO,0
135646,WHO,0
136220,WHO,0
136610,WHO,0
136617,WHO,0
136751,WHO,0
136791,WHO,1
136968,WHO,0
137033,WHO,0
137107,WHO,1
137337,WHO,0
137366,WHO,1
137486,WHO,0
138016,WHO,1
138041,WHO,0
138076,WHO,0
138192,WHO,1
138309,WHO,0
138496,WHO,1
139639,WHO,0
139846,WHO,0
140568,WHO,0
140764,WHO,0
147203,ALL,1
147511,ALL,1
147527,ALL,0
148004,ALL,1
148168,ALL,1
148244,ALL,1
150143,WHO,0
150289,WHO,0
150643,WHO,0
150909,WHO,0
151235,WHO,0
151814,WHO,0
155664,WHO,1
167115,WHO,0
167292,WHO,1
167621,WHO,0
167727,WHO,0
168460,WHO,0
169123,WHO,0
169148,WHO,0
169525,WHO,0
169533,WHO,0
169551,WHO,0
169672,WHO,0
169693,WHO,0
169832,WHO,0
170121,WHO,0
171252,WHO,0
171312,WHO,0
171415,WHO,0
171518,WHO,0
171746,WHO,0
173512,WHO,0
178628,WHO,0
178990,WHO,0
179463,WHO,1
179760,WHO,1
179780,WHO,0
180423,WHO,0
180562,WHO,0
182496,WHO,0
182510,WHO,0
705548,WHO,1
808381,WHO,0
810073,WHO,0
810254,WHO,0
812533,WHO,1
821018,WHO,1
888276,WHO,1
888283,WHO,1
6869,ALL,1
12649,WHO,0
13710,WHO,0
13787,WHO,0
13805,WHO,0
14604,WHO,0
14676,WHO,0
14738,WHO,0
14972,WHO,0
15660,WHO,0
15888,WHO,0
16584,WHO,0
16786,WHO,0
17029,WHO,1
17100,WHO,0
17336,WHO,0
18110,WHO,0
19862,WHO,0
20015,WHO,0
34803,WHO,1
50430,WHO,1
52319,WHO,0
52352,WHO,0
52385,WHO,0
52736,WHO,0
52746,WHO,0
52783,WHO,0
52797,WHO,0
53553,WHO,1
53693,WHO,0
53743,WHO,1
53848,WHO,0
54216,WHO,0
54443,WHO,0
55108,WHO,0
55392,WHO,0
55498,WHO,0
55582,WHO,0
55976,WHO,0
56187,WHO,0
56229,WHO,0
56548,WHO,0
56858,WHO,0
57118,WHO,0
57218,WHO,0
57364,WHO,0
57413,WHO,0
57477,WHO,0
57617,WHO,0
57941,WHO,1
64879,WHO,0
65066,WHO,0
65151,WHO,0
65180,WHO,0
65228,WHO,0
65389,WHO,1
65452,WHO,0
76156,WHO,1
79841,WHO,0
96358,WHO,0
97076,WHO,0
97864,WHO,0
107339,WHO,0
120061,WHO,1
120078,WHO,1
133252,WHO,1
135310,WHO,0
135345,WHO,0
135401,WHO,0
135554,WHO,0
136631,WHO,0
136710,WHO,0
136810,WHO,0
136905,WHO,0
137629,WHO,1
138148,WHO,0
139612,WHO,0
140667,WHO,0
140696,WHO,0
147877,ALL,1
147923,ALL,1
148245,ALL,0
148277,ALL,1
150889,WHO,0
151588,WHO,0
151848,WHO,0
151876,WHO,0
167443,WHO,0
167738,WHO,0
168345,WHO,0
169063,WHO,1
169523,WHO,0
169770,WHO,0
169913,WHO,0
169934,WHO,0
170031,WHO,0
170110,WHO,0
171501,WHO,0
171547,WHO,0
171790,WHO,0
171903,WHO,0
173470,WHO,0
173568,WHO,0
176901,WHO,0
178448,WHO,0
178522,WHO,0
179031,WHO,1
179041,WHO,1
179461,WHO,0
179517,WHO,1
179903,WHO,0
180485,WHO,0
180573,WHO,0
182188,WHO,0
374895,ALL,0
698641,WHO,1
700001,WHO,0
708259,WHO,0
729485,WHO,0
740964,WHO,1
808377,WHO,0
808778,WHO,0
810027,WHO,0
810183,WHO,0
810237,WHO,0
810278,WHO,0
810386,WHO,1
810395,WHO,0
810420,WHO,1
811135,WHO,1
811146,WHO,1
888338,WHO,1
6943,ALL,0
8577,ALL,0
9465,WHO,0
12536,WHO,0
13474,WHO,0
16316,WHO,0
16892,WHO,1
17493,WHO,0
18399,WHO,0
18551,WHO,1
19619,WHO,0
34489,WHO,1
34513,WHO,1
34871,WHO,1
50030,WHO,1
52607,WHO,0
53295,WHO,1
53589,WHO,0
53887,WHO,0
54068,WHO,0
54099,WHO,0
54451,WHO,0
54528,WHO,0
54552,WHO,0
54599,WHO,0
54638,WHO,0
54974,WHO,0
55168,WHO,0
55262,WHO,0
55899,WHO,0
56144,WHO,0
56169,WHO,0
56287,WHO,0
56415,WHO,0
56417,WHO,0
56439,WHO,0
56563,WHO,0
56645,WHO,0
57032,WHO,0
57051,WHO,0
57082,WHO,0
57125,WHO,0
57381,WHO,0
57518,WHO,0
57737,WHO,1
58579,WHO,1
61733,WHO,1
65118,WHO,0
65229,WHO,0
65279,WHO,0
65352,WHO,0
65705,WHO,0
78038,WHO,0
78215,WHO,0
79791,WHO,0
88117,WHO,1
97165,WHO,0
97880,WHO,0
97901,WHO,0
98240,WHO,0
101682,WHO,0
126372,WHO,0
135650,WHO,0
136322,WHO,0
136363,WHO,0
136570,WHO,0
136632,WHO,0
136645,WHO,0
136872,WHO,1
137139,WHO,0
137290,WHO,0
137387,WHO,1
137663,WHO,0
137672,WHO,0
138050,WHO,0
139478,WHO,1
139479,WHO,0
139734,WHO,0
140607,WHO,1
140693,WHO,0
140776,WHO,0
147363,ALL,1
147393,ALL,1
147499,ALL,1
147585,ALL,0
147594,ALL,1
147713,ALL,1
147900,ALL,1
148161,ALL,0
150075,WHO,0
150202,WHO,0
150335,WHO,0
150580,WHO,0
150656,WHO,0
150679,WHO,0
150731,WHO,0
150826,WHO,0
154950,ALL,0
154980,ALL,1
164399,WHO,0
165013,WHO,0
165410,WHO,1
165459,WHO,1
166038,WHO,0
167024,WHO,0
167040,WHO,0
167828,WHO,0
168707,WHO,0
169542,WHO,0
169552,WHO,0
169746,WHO,0
169835,WHO,0
170002,WHO,0
170442,WHO,0
171621,WHO,0
173419,WHO,0
173483,WHO,0
174397,WHO,0
177956,WHO,0
178014,WHO,1
178062,WHO,0
179556,WHO,0
179897,WHO,0
179918,WHO,0
179998,WHO,1
180377,WHO,1
181329,WHO,0
181379,WHO,0
183208,WHO,0
373589,WHO,0
374778,ALL,0
374949,ALL,0
374988,ALL,0
536182,WHO,1
708225,WHO,0
713448,WHO,0
739251,WHO,1
810056,WHO,0
810107,WHO,0
810321,WHO,0
812597,WHO,1
812600,WHO,1
888315,WHO,1
892503,WHO,0
12325,WHO,0
13679,WHO,0
13733,WHO,0
14951,WHO,0
15781,WHO,0
16778,WHO,1
17731,WHO,0
19889,WHO,0
34277,WHO,1
34621,WHO,0
34638,WHO,0
45602,WHO,1
50403,WHO,0
50420,WHO,1
52390,WHO,0
52459,WHO,0
52590,WHO,1
52617,WHO,0
52627,WHO,0
52684,WHO,0
53267,WHO,1
53913,WHO,1
54063,WHO,0
54141,WHO,0
54666,WHO,0
54846,WHO,0
54868,WHO,0
54980,WHO,0
55414,WHO,0
55624,WHO,0
55641,WHO,0
55741,WHO,0
55962,WHO,0
55971,WHO,0
56003,WHO,0
56373,WHO,0
56491,WHO,0
56523,WHO,0
56570,WHO,0
56589,WHO,0
56636,WHO,0
56877,WHO,0
57017,WHO,0
57379,WHO,0
57469,WHO,0
57485,WHO,1
57536,WHO,0
60353,WHO,1
61864,WHO,1
64684,WHO,0
64847,WHO,0
65057,WHO,0
65273,WHO,0
65384,WHO,0
65446,WHO,0
65467,WHO,0
65496,WHO,0
65779,WHO,0
78008,WHO,1
78104,WHO,0
79978,WHO,0
97219,WHO,0
101703,WHO,0
107234,WHO,1
115297,WHO,1
124953,WHO,0
135055,WHO,0
135207,WHO,0
135754,WHO,1
135768,WHO,0
136182,WHO,0
136192,WHO,0
136269,WHO,0
136825,WHO,0
136867,WHO,0
137010,WHO,0
137188,WHO,0
137269,WHO,1
138551,WHO,0
139842,WHO,0
140504,WHO,0
140540,WHO,0
140583,WHO,1
147394,ALL,0
147579,ALL,1
147629,ALL,0
148257,ALL,1
150080,WHO,0
150198,WHO,0
150270,WHO,0
150371,WHO,0
151160,WHO,0
151292,WHO,0
151345,WHO,0
151558,WHO,0
151587,WHO,0
154941,ALL,1
155492,WHO,1
164191,WHO,0
164914,WHO,0
165475,WHO,1
166358,WHO,0
168251,WHO,1
168477,WHO,0
168775,WHO,0
169599,WHO,0
169616,WHO,0
169836,WHO,0
170037,WHO,0
171422,WHO,0
171863,WHO,0
173438,WHO,0
178430,WHO,0
178507,WHO,1
178530,WHO,0
178630,WHO,0
179691,WHO,0
179728,WHO,0
179882,WHO,0
180484,WHO,0
180487,WHO,0
181198,WHO,0
181262,WHO,0
181322,WHO,0
374962,ALL,0
700035,WHO,0
705438,WHO,1
705461,WHO,1
708242,WHO,0
810000,WHO,0
810210,WHO,0
810518,WHO,1
811274,WHO,0
820982,WHO,0
888280,WHO,1
13118,WHO,1
13932,WHO,0
14004,WHO,0
14878,WHO,0
17508,WHO,0
17642,WHO,0
19380,WHO,0
19786,WHO,0
19799,WHO,0
34348,WHO,1
34771,WHO,1
45478,WHO,0
50356,WHO,0
50364,WHO,0
52703,WHO,0
53454,WHO,0
53484,WHO,0
53629,WHO,0
53654,WHO,0
53659,WHO,0
53726,WHO,0
54057,WHO,1
54514,WHO,0
54618,WHO,0
54652,WHO,0
54847,WHO,0
54872,WHO,0
54916,WHO,1
55056,WHO,0
55225,WHO,0
55372,WHO,0
55411,WHO,0
55735,WHO,0
55809,WHO,0
56059,WHO,0
56161,WHO,0
57001,WHO,0
57308,WHO,0
57483,WHO,0
57528,WHO,0
57604,WHO,0
62139,WHO,1
64602,WHO,0
64642,WHO,0
64649,WHO,0
64855,WHO,0
64887,WHO,0
64921,WHO,1
64962,WHO,1
65175,WHO,0
65289,WHO,0
65303,WHO,0
65473,WHO,0
65526,WHO,0
65556,WHO,0
65583,WHO,0
65630,WHO,0
76172,WHO,1
77987,WHO,0
77996,WHO,0
78099,WHO,0
78277,WHO,0
78347,WHO,1
78379,WHO,1
79862,WHO,0
79976,WHO,0
79993,WHO,0
96974,WHO,1
97368,WHO,0
117673,WHO,1
124878,WHO,0
135011,WHO,0
135395,WHO,0
136793,WHO,0
136856,WHO,0
136949,WHO,0
136978,WHO,0
137492,WHO,1
137772,WHO,0
138110,WHO,0
139481,WHO,0
139482,WHO,0
139787,WHO,0
139860,WHO,0
140536,WHO,0
140562,WHO,0
140567,WHO,0
140647,WHO,1
147529,ALL,1
147592,ALL,1
147739,ALL,1
148066,ALL,0
148199,ALL,1
148228,ALL,1
148248,ALL,0
150291,WHO,1
150431,WHO,0
150473,WHO,0
150640,WHO,0
150735,WHO,0
151073,WHO,0
151297,WHO,0
151580,WHO,0
151616,WHO,0
154942,ALL,1
155624,WHO,1
164630,WHO,1
166118,WHO,1
166313,WHO,1
166324,WHO,1
166573,WHO,1
166809,WHO,0
167435,WHO,0
167511,WHO,0
168084,WHO,0
169680,WHO,0
170192,WHO,0
170420,WHO,0
171299,WHO,0
171455,WHO,0
171459,WHO,1
171638,WHO,0
171655,WHO,0
171674,WHO,0
171928,WHO,0
171953,WHO,0
177919,WHO,1
177924,WHO,1
178542,WHO,1
179653,WHO,1
179899,WHO,0
179913,WHO,0
180358,WHO,0
180360,WHO,0
181189,WHO,0
181275,WHO,0
700047,WHO,0
705373,WHO,1
740962,WHO,1
808383,WHO,0
808760,WHO,1
810144,WHO,0
810204,WHO,0
810351,WHO,0
810405,WHO,0
810432,WHO,1
810482,WHO,0
810537,WHO,1
811134,WHO,0
812552,WHO,1
812634,WHO,1
820858,WHO,0
843053,WHO,0
888263,WHO,1
8567,ALL,0
13449,WHO,0
13478,WHO,1
14012,WHO,0
14291,WHO,0
14822,WHO,0
15336,WHO,1
15378,WHO,0
15543,WHO,1
15637,WHO,0
15918,WHO,0
34184,WHO,1
34301,WHO,0
36900,WHO,1
45570,WHO,0
50418,WHO,1
52364,WHO,0
52481,WHO,0
53524,WHO,0
53584,WHO,1
53627,WHO,1
53668,WHO,0
53780,WHO,0
53858,WHO,0
54159,WHO,0
54236,WHO,1
54257,WHO,0
54525,WHO,0
54754,WHO,0
55072,WHO,0
55096,WHO,0
55213,WHO,0
55436,WHO,0
55519,WHO,0
55569,WHO,0
55997,WHO,0
56174,WHO,0
56225,WHO,0
56658,WHO,0
56768,WHO,0
57198,WHO,0
57232,WHO,0
57415,WHO,0
57513,WHO,0
57616,WHO,0
58604,WHO,1
61967,WHO,1
64604,WHO,0
64663,WHO,1
64784,WHO,0
64832,WHO,0
65418,WHO,0
65525,WHO,0
65542,WHO,0
65564,WHO,1
65610,WHO,1
65649,WHO,0
76168,WHO,0
77925,WHO,0
78192,WHO,0
78293,WHO,0
95536,WHO,1
96735,WHO,0
97203,WHO,0
98030,WHO,0
115321,WHO,0
117737,WHO,1
119563,WHO,1
119832,WHO,0
135354,WHO,0
135447,WHO,0
135714,WHO,1
135829,WHO,1
136234,WHO,0
136344,WHO,1
136509,WHO,0
136510,WHO,0
136533,WHO,0
136911,WHO,0
137051,WHO,0
137088,WHO,0
137407,WHO,0
137419,WHO,0
137500,WHO,0
137916,WHO,1
139650,WHO,0
139684,WHO,0
139715,WHO,1
140705,WHO,0
147246,ALL,1
147535,ALL,0
150540,WHO,0
150651,WHO,0
150664,WHO,0
150842,WHO,0
150871,WHO,0
150892,WHO,0
151059,WHO,0
151177,WHO,0
151284,WHO,0
155540,WHO,1
155553,WHO,1
164424,WHO,0
165461,WHO,0
165968,WHO,0
166323,WHO,1
166622,WHO,1
168210,WHO,0
168906,WHO,1
169097,WHO,0
169584,WHO,0
169626,WHO,1
170348,WHO,0
171255,WHO,0
171381,WHO,0
171408,WHO,0
171763,WHO,0
174387,WHO,0
178416,WHO,1
178573,WHO,1
179943,WHO,0
179991,WHO,1
180498,WHO,0
180517,WHO,0
181102,WHO,0
181138,WHO,0
181389,WHO,0
181562,WHO,0
181631,WHO,0
182178,WHO,0
182358,WHO,0
182437,WHO,0
699955,WHO,0
705364,WHO,0
705421,WHO,1
707411,WHO,0
790029,WHO,0
790220,WHO,1
810062,WHO,0
810152,WHO,0
810338,WHO,0
810382,WHO,0
810409,WHO,0
852,WHO,1
895,WHO,0
14914,WHO,0
16682,WHO,0
16874,WHO,1
17962,WHO,1
18725,WHO,0
18809,WHO,1
19472,WHO,0
22318,ALL,0
22396,ALL,0
34164,WHO,0
34193,WHO,1
34215,WHO,1
34525,WHO,0
34590,WHO,1
45491,WHO,1
45530,WHO,0
52357,WHO,0
53617,WHO,1
53983,WHO,0
54064,WHO,0
54203,WHO,0
54415,WHO,0
54681,WHO,0
54869,WHO,0
55456,WHO,0
55538,WHO,0
56056,WHO,0
56156,WHO,0
56642,WHO,0
57239,WHO,0
57284,WHO,0
57295,WHO,0
57664,WHO,0
57756,WHO,1
65218,WHO,1
65239,WHO,0
76151,WHO,0
76249,WHO,1
78073,WHO,0
78365,WHO,1
79836,WHO,0
96696,WHO,0
96781,WHO,0
96884,WHO,0
97237,WHO,0
97755,WHO,0
98063,WHO,0
107255,WHO,0
107256,WHO,0
117003,WHO,1
117651,WHO,1
119531,WHO,0
119675,WHO,0
124968,WHO,0
126328,WHO,0
126396,WHO,0
135723,WHO,0
136183,WHO,0
136668,WHO,0
136934,WHO,0
137054,WHO,0
137641,WHO,0
137670,WHO,1
137865,WHO,0
137905,WHO,1
138038,WHO,1
138172,WHO,0
139547,WHO,0
139658,WHO,0
139722,WHO,1
139848,WHO,0
139867,WHO,0
140582,WHO,1
140685,WHO,0
140824,WHO,0
147345,ALL,1
147400,ALL,1
147417,ALL,0
147433,ALL,1
147548,ALL,0
147569,ALL,1
147600,ALL,1
147954,ALL,1
147977,ALL,1
148176,ALL,1
148195,ALL,0
148298,ALL,1
150138,WHO,0
150379,WHO,1
150528,WHO,1
150727,WHO,0
150896,WHO,0
151131,WHO,0
151134,WHO,0
151276,WHO,0
151336,WHO,0
151744,WHO,0
151825,WHO,0
155504,WHO,1
155600,WHO,1
164478,WHO,0
164632,WHO,1
164644,WHO,0
166918,WHO,0
166943,WHO,1
167033,WHO,0
167477,WHO,0
168743,WHO,0
169771,WHO,0
169802,WHO,0
169896,WHO,0
170250,WHO,0
170253,WHO,0
171607,WHO,0
171743,WHO,0
171771,WHO,0
172794,WHO,0
178387,WHO,0
179495,WHO,0
179938,WHO,1
180445,WHO,0
180525,WHO,1
181084,WHO,0
181141,WHO,1
182164,WHO,1
182544,WHO,0
183070,WHO,0
700040,WHO,0
700049,WHO,0
740995,WHO,0
790020,WHO,0
790050,WHO,1
810168,WHO,0
810441,WHO,1
812659,WHO,1
828774,WHO,1
837183,WHO,0
843060,WHO,0
15334,WHO,0
15835,WHO,1
17685,WHO,0
34217,WHO,0
45424,WHO,0
45450,WHO,0
45462,WHO,0
45472,WHO,0
52342,WHO,0
52566,WHO,0
52600,WHO,0
52618,WHO,0
52650,WHO,0
53279,WHO,0
53519,WHO,0
53620,WHO,0
53837,WHO,0
54130,WHO,0
54136,WHO,0
54935,WHO,0
55824,WHO,0
55924,WHO,0
55968,WHO,0
56306,WHO,0
56405,WHO,0
56688,WHO,0
56902,WHO,0
56991,WHO,0
57388,WHO,0
57411,WHO,0
57765,WHO,1
57771,WHO,1
57794,WHO,1
61740,WHO,1
61898,WHO,0
64698,WHO,0
64704,WHO,0
64822,WHO,0
65195,WHO,0
76124,WHO,1
77988,WHO,0
79470,WHO,0
79928,WHO,0
80014,WHO,0
96613,WHO,0
97480,WHO,0
97622,WHO,0
107324,WHO,0
126335,WHO,0
135009,WHO,0
135353,WHO,0
136319,WHO,0
136393,WHO,0
136811,WHO,0
137082,WHO,1
137578,WHO,0
137984,WHO,0
138092,WHO,0
139483,WHO,0
139834,WHO,0
140584,WHO,0
140641,WHO,0
140681,WHO,0
141213,WHO,1
147488,ALL,1
147769,ALL,0
147821,ALL,0
148293,ALL,0
150071,WHO,0
150182,WHO,0
150728,WHO,0
151163,WHO,0
151283,WHO,0
151366,WHO,0
151933,WHO,0
154962,ALL,0
155607,WHO,1
155621,WHO,1
155636,WHO,0
164803,WHO,0
165447,WHO,0
165468,WHO,1
165492,WHO,0
165983,WHO,0
166056,WHO,0
167306,WHO,1
168410,WHO,0
168465,WHO,0
169044,WHO,0
169067,WHO,0
169518,WHO,0
169572,WHO,0
170010,WHO,0
170164,WHO,0
170230,WHO,0
171289,WHO,0
171600,WHO,0
171649,WHO,0
171716,WHO,0
173406,WHO,0
173429,WHO,0
173453,WHO,0
173477,WHO,0
173518,WHO,0
173624,WHO,0
174350,WHO,0
177606,WHO,1
177934,WHO,0
178123,WHO,1
178632,WHO,0
179747,WHO,0
181126,WHO,0
181154,WHO,0
181233,WHO,0
181378,WHO,0
181437,WHO,0
181646,WHO,0
183066,WHO,0
373602,WHO,0
374639,ALL,0
705518,WHO,1
739213,WHO,0
739256,WHO,1
808373,WHO,0
808772,WHO,0
810185,WHO,0
810312,WHO,0
810323,WHO,0
810488,WHO,1
810554,WHO,0
812576,WHO,1
812677,WHO,0
843118,WHO,0
888312,WHO,1
7002,ALL,0
8582,ALL,0
13015,WHO,0
13040,WHO,0
13119,WHO,0
15935,WHO,0
17325,WHO,0
18944,WHO,0
19670,WHO,0
21458,ALL,0
22424,ALL,0
34405,WHO,0
45436,WHO,0
45572,WHO,0
50137,WHO,0
52616,WHO,0
52652,WHO,0
52665,WHO,0
52722,WHO,1
52763,WHO,0
53223,WHO,0
53363,WHO,1
53499,WHO,0
53642,WHO,0
53879,WHO,0
54004,WHO,0
54055,WHO,0
54191,WHO,0
54628,WHO,0
54740,WHO,0
54885,WHO,0
55660,WHO,0
55939,WHO,0
56295,WHO,0
56840,WHO,0
56893,WHO,0
57087,WHO,0
57165,WHO,0
57229,WHO,0
57514,WHO,0
58558,WHO,1
58616,WHO,1
58619,WHO,1
64631,WHO,0
64801,WHO,0
64838,WHO,0
64849,WHO,0
64964,WHO,0
64988,WHO,0
65000,WHO,0
65210,WHO,0
65731,WHO,0
78202,WHO,0
78333,WHO,0
78362,WHO,0
78382,WHO,1
79922,WHO,0
95530,WHO,0
96799,WHO,0
97620,WHO,0
107317,WHO,0
109620,WHO,0
126365,WHO,0
135424,WHO,0
135634,WHO,0
136336,WHO,0
136820,WHO,0
136866,WHO,0
137185,WHO,1
137310,WHO,1
137422,WHO,0
137466,WHO,1
137497,WHO,0
137852,WHO,1
138084,WHO,1
138086,WHO,0
138170,WHO,0
139664,WHO,0
139797,WHO,0
139837,WHO,0
140545,WHO,0
140565,WHO,0
147765,ALL,1
147871,ALL,0
147970,ALL,0
148108,ALL,1
148113,ALL,1
150110,WHO,0
150738,WHO,0
150754,WHO,0
151063,WHO,0
151224,WHO,0
151237,WHO,0
151562,WHO,0
154967,ALL,0
155042,ALL,0
155588,WHO,0
155626,WHO,0
164435,WHO,0
165185,WHO,0
166082,WHO,0
167126,WHO,0
167811,WHO,0
168537,WHO,0
168598,WHO,0
169094,WHO,0
169538,WHO,0
169583,WHO,0
169650,WHO,0
169728,WHO,0
169822,WHO,0
170018,WHO,0
171360,WHO,0
171407,WHO,0
171566,WHO,0
171598,WHO,0
171938,WHO,0
173372,WHO,0
173396,WHO,0
173620,WHO,0
179633,WHO,1
179994,WHO,1
180341,WHO,0
181182,WHO,0
181266,WHO,0
181376,WHO,0
181463,WHO,0
182210,WHO,0
182338,WHO,0
182533,WHO,0
374596,ALL,0
374606,ALL,0
700044,WHO,0
705418,WHO,0
729362,WHO,0
808399,WHO,0
808799,WHO,1
810213,WHO,0
811266,WHO,0
9308,WHO,0
12819,WHO,0
13767,WHO,0
13875,WHO,0
14411,WHO,0
14707,WHO,0
15483,WHO,0
16851,WHO,0
17294,WHO,0
17461,WHO,1
17594,WHO,1
34575,WHO,0
36891,WHO,1
45422,WHO,0
52388,WHO,0
52470,WHO,0
52546,WHO,0
52724,WHO,0
52728,WHO,1
53307,WHO,0
53324,WHO,1
53398,WHO,0
53500,WHO,0
53944,WHO,0
54003,WHO,1
54335,WHO,0
55728,WHO,0
55852,WHO,0
56276,WHO,0
56328,WHO,0
56806,WHO,0
56966,WHO,0
57442,WHO,0
57509,WHO,0
64500,WHO,0
65022,WHO,0
65085,WHO,0
65137,WHO,0
65407,WHO,0
78049,WHO,0
78134,WHO,0
78141,WHO,0
79837,WHO,0
79902,WHO,0
96557,WHO,0
96604,WHO,0
97212,WHO,0
97277,WHO,0
97377,WHO,0
97719,WHO,0
97735,WHO,0
97917,WHO,0
107264,WHO,1
115278,WHO,0
117679,WHO,1
124722,WHO,0
126391,WHO,0
135305,WHO,0
135619,WHO,1
135626,WHO,0
136148,WHO,0
136381,WHO,0
136772,WHO,0
136843,WHO,0
137170,WHO,0
137467,WHO,0
137646,WHO,0
137722,WHO,1
137747,WHO,0
137846,WHO,0
138389,WHO,0
139508,WHO,0
139567,WHO,1
139683,WHO,0
140218,WHO,0
140601,WHO,0
140791,WHO,0
147360,ALL,1
147473,ALL,1
147498,ALL,0
147533,ALL,0
147750,ALL,0
150259,WHO,0
150405,WHO,1
150812,WHO,0
150893,WHO,0
150932,WHO,0
150933,WHO,0
151270,WHO,0
151282,WHO,0
151930,WHO,0
154934,ALL,0
165009,WHO,0
165412,WHO,1
165509,WHO,0
166190,WHO,0
166584,WHO,0
167448,WHO,0
167900,WHO,0
168905,WHO,0
169038,WHO,0
169062,WHO,0
169464,WHO,0
169495,WHO,0
169809,WHO,0
169833,WHO,0
170114,WHO,0
171301,WHO,0
171502,WHO,1
171603,WHO,0
171660,WHO,0
171676,WHO,0
171830,WHO,0
173382,WHO,0
173399,WHO,0
173451,WHO,0
177949,WHO,0
178020,WHO,0
178124,WHO,0
178141,WHO,1
178599,WHO,1
178629,WHO,0
179070,WHO,0
179595,WHO,0
179624,WHO,0
179859,WHO,0
179881,WHO,1
180431,WHO,0
181171,WHO,0
181206,WHO,0
181529,WHO,0
374591,ALL,0
705497,WHO,1
705515,WHO,1
739216,WHO,0
808773,WHO,0
810119,WHO,0
810280,WHO,0
810529,WHO,0
812541,WHO,1
892460,WHO,1
892546,WHO,0
892570,WHO,1
892571,WHO,1
933872,WHO,1
882,WHO,1
6916,ALL,0
9437,WHO,0
12823,WHO,0
13105,WHO,0
13934,WHO,0
16707,WHO,0
18555,WHO,0
18603,WHO,0
19417,WHO,0
34318,WHO,1
34463,WHO,1
50041,WHO,1
50049,WHO,1
52405,WHO,0
52441,WHO,0
52523,WHO,0
52717,WHO,0
52741,WHO,0
53242,WHO,0
53493,WHO,0
53509,WHO,0
53838,WHO,0
53839,WHO,0
54132,WHO,0
54375,WHO,0
54806,WHO,0
55031,WHO,0
55109,WHO,0
55156,WHO,0
55413,WHO,0
55415,WHO,0
55523,WHO,0
55550,WHO,0
55751,WHO,0
55818,WHO,0
55943,WHO,0
56402,WHO,0
56583,WHO,0
56668,WHO,0
56722,WHO,0
56816,WHO,0
57204,WHO,0
57247,WHO,0
57286,WHO,0
57302,WHO,0
57694,WHO,0
61888,WHO,1
61931,WHO,1
62041,WHO,1
64609,WHO,0
64873,WHO,0
65243,WHO,0
65433,WHO,0
76300,WHO,1
78220,WHO,0
79745,WHO,0
97216,WHO,0
97520,WHO,0
97989,WHO,0
107605,WHO,0
120056,WHO,1
135194,WHO,0
135336,WHO,0
136275,WHO,0
136466,WHO,1
136562,WHO,0
137133,WHO,0
137375,WHO,0
137679,WHO,1
137870,WHO,0
138068,WHO,1
139614,WHO,0
139727,WHO,0
140517,WHO,1
140548,WHO,0
140718,WHO,1
141265,WHO,0
147369,ALL,1
148006,ALL,1
148092,ALL,0
148102,ALL,1
148223,ALL,0
148328,ALL,1
148347,ALL,1
150230,WHO,0
150232,WHO,0
150374,WHO,0
150696,WHO,0
150748,WHO,0
151080,WHO,0
151242,WHO,0
151343,WHO,0
151570,WHO,0
151707,WHO,0
155594,WHO,1
164634,WHO,1
165422,WHO,0
166024,WHO,0
166296,WHO,1
166328,WHO,1
166631,WHO,1
166929,WHO,0
166932,WHO,1
167398,WHO,1
167546,WHO,0
168356,WHO,0
168400,WHO,0
168765,WHO,0
168790,WHO,0
169047,WHO,0
169056,WHO,0
169500,WHO,0
169638,WHO,0
169666,WHO,0
169678,WHO,0
169700,WHO,0
170217,WHO,0
171576,WHO,0
178959,WHO,0
179597,WHO,0
179786,WHO,0
179813,WHO,1
179920,WHO,1
180543,WHO,0
180584,WHO,0
181155,WHO,0
181235,WHO,0
181305,WHO,0
182430,WHO,0
705483,WHO,1
705552,WHO,0
713434,WHO,0
739220,WHO,1
790048,WHO,0
808374,WHO,1
808742,WHO,1
810429,WHO,1
810433,WHO,1
810535,WHO,1
811138,WHO,1
812572,WHO,1
812658,WHO,1
820966,WHO,0
837188,WHO,0
843037,WHO,0
833,WHO,1
838,WHO,1
6944,ALL,0
8620,ALL,0
9276,WHO,0
9285,WHO,0
14798,WHO,0
15131,WHO,0
16233,WHO,0
17072,WHO,0
17194,WHO,0
34173,WHO,1
34374,WHO,1
34740,WHO,0
45433,WHO,0
50417,WHO,1
52636,WHO,0
53280,WHO,0
53418,WHO,0
53610,WHO,0
53633,WHO,0
53689,WHO,0
53930,WHO,0
54013,WHO,0
54202,WHO,1
54390,WHO,0
54859,WHO,0
54928,WHO,0
55037,WHO,0
55593,WHO,0
55681,WHO,0
55692,WHO,0
55779,WHO,0
56118,WHO,0
56396,WHO,0
56500,WHO,0
56566,WHO,0
56569,WHO,0
56618,WHO,0
56665,WHO,0
57036,WHO,0
57191,WHO,0
64638,WHO,0
64919,WHO,0
64958,WHO,0
65074,WHO,1
65145,WHO,0
65267,WHO,1
65340,WHO,0
65509,WHO,1
77933,WHO,1
78094,WHO,0
78225,WHO,0
79821,WHO,0
79871,WHO,0
96363,WHO,0
97476,WHO,0
97615,WHO,0
107204,WHO,1
107224,WHO,1
107509,WHO,1
107534,WHO,1
117604,WHO,1
117616,WHO,1
124957,WHO,0
135097,WHO,0
135237,WHO,0
135435,WHO,0
135756,WHO,1
136224,WHO,0
136430,WHO,0
136801,WHO,0
136885,WHO,0
137606,WHO,0
138008,WHO,1
138032,WHO,0
138051,WHO,0
138189,WHO,0
139711,WHO,0
140561,WHO,0
140580,WHO,0
141236,WHO,1
147456,ALL,0
147567,ALL,0
147809,ALL,0
147834,ALL,0
148104,ALL,1
150253,WHO,0
150438,WHO,0
150553,WHO,0
150602,WHO,0
150714,WHO,0
151819,WHO,0
151822,WHO,0
151859,WHO,0
155525,WHO,0
155605,WHO,0
155678,WHO,1
165484,WHO,1
166925,WHO,1
167290,WHO,1
167629,WHO,1
169160,WHO,0
169528,WHO,0
169736,WHO,0
169851,WHO,0
169870,WHO,1
169939,WHO,0
170187,WHO,0
170226,WHO,0
171251,WHO,0
171489,WHO,0
171497,WHO,1
171664,WHO,0
171806,WHO,0
171951,WHO,0
173439,WHO,0
173460,WHO,0
178362,WHO,0
179052,WHO,1
179079,WHO,1
179568,WHO,0
179584,WHO,0
179822,WHO,0
179878,WHO,0
180344,WHO,0
180499,WHO,0
180513,WHO,0
181079,WHO,0
181197,WHO,0
181217,WHO,0
181310,WHO,0
181345,WHO,0
181561,WHO,0
182091,WHO,0
182110,WHO,0
183234,WHO,0
375043,ALL,1
700036,WHO,0
703020,WHO,1
705546,WHO,0
705572,WHO,0
725686,WHO,0
739195,WHO,1
790260,WHO,0
808417,WHO,1
810053,WHO,0
810054,WHO,0
810257,WHO,0
810407,WHO,0
810444,WHO,1
843051,WHO,0
843082,WHO,0
888294,WHO,1
892552,WHO,0
892559,WHO,0
874,WHO,1
7020,ALL,0
12949,WHO,0
13506,WHO,0
14700,WHO,0
14759,WHO,0
15858,WHO,0
17337,WHO,0
18814,WHO,0
19432,WHO,0
34427,WHO,0
45494,WHO,0
45553,WHO,1
50025,WHO,1
52796,WHO,0
53227,WHO,1
53364,WHO,1
53459,WHO,1
53572,WHO,0
53639,WHO,0
53714,WHO,0
53821,WHO,0
54337,WHO,0
54434,WHO,0
54852,WHO,0
54873,WHO,0
55347,WHO,0
55475,WHO,0
55555,WHO,0
55571,WHO,0
55579,WHO,0
55856,WHO,0
55927,WHO,0
55954,WHO,0
56015,WHO,0
56031,WHO,0
56293,WHO,0
56481,WHO,0
56617,WHO,0
56741,WHO,0
57243,WHO,0
57624,WHO,1
57675,WHO,0
57774,WHO,0
61732,WHO,0
61917,WHO,1
64667,WHO,0
64861,WHO,0
64888,WHO,0
65132,WHO,0
65515,WHO,0
65618,WHO,0
78198,WHO,0
78357,WHO,1
79484,WHO,0
79869,WHO,0
79989,WHO,0
80025,WHO,0
97139,WHO,0
97537,WHO,0
98056,WHO,0
115320,WHO,0
120080,WHO,1
124914,WHO,0
124951,WHO,0
126414,WHO,0
135341,WHO,0
136837,WHO,0
136882,WHO,0
136893,WHO,0
136999,WHO,0
137930,WHO,0
138115,WHO,0
139862,WHO,0
140656,WHO,0
140715,WHO,0
140793,WHO,0
147558,ALL,1
147631,ALL,0
147744,ALL,1
147746,ALL,0
147913,ALL,0
148126,ALL,0
148370,ALL,1
150044,WHO,0
150597,WHO,0
150859,WHO,0
151153,WHO,0
151245,WHO,0
151651,WHO,0
155542,WHO,1
155672,WHO,1
164317,WHO,1
166086,WHO,0
166109,WHO,0
166566,WHO,1
168879,WHO,0
168984,WHO,0
169145,WHO,0
169481,WHO,0
169532,WHO,0
169792,WHO,0
170047,WHO,0
170152,WHO,0
170227,WHO,0
170413,WHO,0
171238,WHO,0
171359,WHO,0
171373,WHO,0
171402,WHO,0
171482,WHO,1
171499,WHO,1
171557,WHO,0
171709,WHO,0
171967,WHO,0
179668,WHO,1
179767,WHO,1
179815,WHO,0
179901,WHO,0
179973,WHO,0
180354,WHO,0
181218,WHO,0
181380,WHO,0
182187,WHO,0
373490,WHO,0
374848,ALL,0
374864,ALL,0
374965,ALL,0
699900,WHO,1
707381,WHO,0
707395,WHO,0
725763,WHO,0
808414,WHO,0
810022,WHO,1
810129,WHO,0
810149,WHO,0
810232,WHO,0
810557,WHO,1
812663,WHO,1
828782,WHO,1
843050,WHO,0
