log_MIC,mutation,confidence,genome_index,MIC,gene,POS,REF,ALT,Gene,Pos,Max,Min,Max_Sig,Min_Sig,WHO,Coll_2014,Freschi_2020,saliency_score
4.4103165,rpoB_p.Gln432Lys,1) Assoc w R,761100,21.263637353676476,rpoB,761100,C,A,rpoBC,761100.0,3.2855728,0.0,1.0,0.0,1,0,0,3.2855728
4.1447916,rpoB_p.Gln432Pro,1) Assoc w R,761101,17.68913503988347,rpoB,761101,A,C,rpoBC,761101.0,2.8975747,0.0,1.0,0.0,1,0,0,2.8975747
2.6888502,rpoB_p.Ser441Leu,1) Assoc w R,761128,6.447993099829425,rpoB,761128,C,T,rpoBC,761128.0,2.465279,0.0,1.0,0.0,1,0,0,2.465279
3.66482,rpoB_p.Gln432Leu,1) Assoc w R,761101,12.682963678152007,rpoB,761101,A,T,rpoBC,761101.0,2.8975747,0.0,1.0,0.0,1,0,0,2.8975747
2.8043,rpoB_p.Phe433dup,1) Assoc w R,761102,6.985193108130573,rpoB,761102,A,ATTC,rpoBC,761102.0,2.3268094,0.0,1.0,0.0,1,0,0,2.38011406
0.44554728,rpoB_p.His445Asn,1) Assoc w R,761139,1.3618306229658104,rpoB,761139,C,A,rpoBC,761139.0,2.1375475,-0.42150304,1.0,1.0,1,0,0,0.8580222300000001
0.96773094,rpoB_p.Ile491Phe,1) Assoc w R,761277,1.9557621667949183,rpoB,761277,A,T,rpoBC,761277.0,2.8016171,-0.2150656,1.0,1.0,1,0,0,1.29327575
3.9703758,rpoB_p.Val170Phe,1) Assoc w R,760314,15.67480727728631,rpoB,760314,G,T,rpoBC,760314.0,4.8852515,0.0,1.0,0.0,1,0,0,4.8852515
4.4341664,rpoB_p.Asp435Val,1) Assoc w R,761110,21.61807863128643,rpoB,761110,A,T,rpoBC,761110.0,3.777351,-1.3449434,1.0,1.0,1,0,0,1.2162038
4.001936,rpoB_p.His445Tyr,1) Assoc w R,761139,16.021485339783425,rpoB,761139,C,T,rpoBC,761139.0,2.1375475,-0.42150304,1.0,1.0,1,0,0,0.8580222300000001
3.8600905,rpoB_p.His445Asp,1) Assoc w R,761139,14.521217369853936,rpoB,761139,C,G,rpoBC,761139.0,2.1375475,-0.42150304,1.0,1.0,1,0,0,0.8580222300000001
1.012124,rpoB_p.Asp435Tyr,1) Assoc w R,761109,2.01687825353051,rpoB,761109,G,T,rpoBC,761109.0,3.3106709,-0.31052113,1.0,1.0,1,0,0,1.5000748849999999
4.356173,rpoB_p.Ser450Trp,1) Assoc w R,761155,20.4804143721418,rpoB,761155,C,G,rpoBC,761155.0,3.2442636,0.0,1.0,0.0,1,0,0,3.2442636
1.3278068,rpoB_p.His445Leu,1) Assoc w R,761140,2.510207802979156,rpoB,761140,A,T,rpoBC,761140.0,2.0481198,-0.08661481,1.0,1.0,1,0,0,0.980752495
0.58632004,rpoB_p.Leu430Pro,1) Assoc w R,761095,1.501412126068577,rpoB,761095,T,C,rpoBC,761095.0,2.1245017,0.0,1.0,0.0,1,0,0,2.1245017
3.799127,rpoB_p.His445Arg,1) Assoc w R,761140,13.92038299643063,rpoB,761140,A,G,rpoBC,761140.0,2.0481198,-0.08661481,1.0,1.0,1,0,0,0.980752495
0.81446904,rpoB_p.Leu452Pro,1) Assoc w R,761161,1.7586507904495738,rpoB,761161,T,C,rpoBC,761161.0,1.3798041,0.0,1.0,0.0,1,0,0,1.3798041
4.175968,rpoB_p.His445Cys,1) Assoc w R,"761139,761140",18.075554500047065,rpoB,761139,C,T,rpoBC,761139.0,2.1375475,-0.42150304,1.0,1.0,1,0,0,1.838774725
4.0240417,rpoB_p.His445Ser,1) Assoc w R,"761139,761140",16.26886500501222,rpoB,761139,C,A,rpoBC,761139.0,2.1375475,-0.42150304,1.0,1.0,1,0,0,1.838774725
-0.8864895,rpoB_p.Ser441Gln,1) Assoc w R,"761127,761128",0.5409287564059315,rpoB,761127,T,C,rpoBC,761127.0,0.29513383,0.0,1.0,0.0,1,0,0,2.7604128300000004
4.157755,rpoB_p.Asp435Phe,1) Assoc w R,"761109,761110",17.848797798064222,rpoB,761109,G,T,rpoBC,761109.0,3.3106709,-0.31052113,1.0,1.0,1,0,0,2.716278685
4.7172866,rpoB_p.Ser450Leu,1) Assoc w R,"761154,761155",26.30539119772792,rpoB,761154,T,C,rpoBC,761154.0,0.7186825,-0.36925304,1.0,1.0,1,0,0,3.41897833
4.9156575,rpoB_p.Ser450Phe,1) Assoc w R,"761155,761156",30.182857679803714,rpoB,761155,C,T,rpoBC,761155.0,3.2442636,0.0,1.0,0.0,1,0,0,2.983905473
-3.6836827,rpoB_p.Pro439Ser,2) Assoc w R - Interim,761121,0.0778217536034419,rpoB,761121,C,T,rpoBC,761121.0,0.4116754,-0.17462866,1.0,1.0,0,0,0,0.11852337000000002
-4.029213,rpoB_p.Thr427Asn,2) Assoc w R - Interim,761086,0.061247170237693875,rpoB,761086,C,A,rpoBC,761086.0,0.024027996,-0.03207966,1.0,1.0,0,0,0,-0.004025832000000002
-3.809025,rpoB_p.Pro439Leu,2) Assoc w R - Interim,761122,0.07134593285390625,rpoB,761122,C,T,rpoBC,761122.0,0.20948452,0.0,1.0,0.0,0,0,0,0.20948452
-1.6668004,rpoB_p.Asn437Tyr,2) Assoc w R - Interim,761115,0.3149510661384227,rpoB,761115,A,T,rpoBC,761115.0,1.1036903,-0.40554637,1.0,1.0,0,0,0,0.34907196500000004
-0.83720565,rpoB_p.Met434Leu,2) Assoc w R - Interim,761106,0.5597266520029122,rpoB,761106,A,T,rpoBC,761106.0,0.90398335,0.0,1.0,0.0,0,0,0,0.90398335
-0.92282236,rpoB_p.Leu452Gln,2) Assoc w R - Interim,761161,0.5274761030190378,rpoB,761161,T,A,rpoBC,761161.0,1.3798041,0.0,1.0,0.0,1,0,0,1.3798041
-3.5985768,rpoB_p.Gln429Pro,2) Assoc w R - Interim,761092,0.0825506394073342,rpoB,761092,A,C,rpoBC,761092.0,0.5619584,0.0,1.0,0.0,0,0,0,0.5619584
-3.6236136,rpoB_p.Ala451Val,2) Assoc w R - Interim,761158,0.08113039934689707,rpoB,761158,C,T,rpoBC,761158.0,0.445419,0.0,1.0,0.0,0,0,0,0.445419
-3.5868075,rpoB_p.Asn438del,2) Assoc w R - Interim,761114,0.08322683011163773,rpoB,761117,CAAC,C,rpoBC,761117.0,0.986405,0.0,1.0,0.0,0,0,0,2.3234482
1.7544662,rpoB_p.Arg448Gln,2) Assoc w R - Interim,761149,3.374014561520191,rpoB,761149,G,A,rpoBC,761149.0,2.3234482,0.0,1.0,0.0,0,0,0,2.3234482
-2.4241564,rpoB_p.Ser431Gly,2) Assoc w R - Interim,761097,0.18631859878751703,rpoB,761097,A,G,rpoBC,761097.0,0.5599061,0.0,1.0,0.0,0,0,0,0.5599061
-4.092037,rpoB_p.Gln429His,2) Assoc w R - Interim,761093,0.058637320923141785,rpoB,761093,G,T,rpoBC,761093.0,0.6845224,-0.15119562,1.0,1.0,0,0,0,0.26666339
-0.51242554,rpoB_p.Asp435Ala,2) Assoc w R - Interim,761110,0.7010428139357856,rpoB,761110,A,C,rpoBC,761110.0,3.777351,-1.3449434,1.0,1.0,1,0,0,1.2162038
-2.7820947,rpoB_p.Asp435Glu,2) Assoc w R - Interim,761111,0.14538046195584323,rpoB,761111,C,A,rpoBC,761111.0,0.49365506,-0.80809605,1.0,1.0,0,0,0,-0.157220495
2.9398224,rpoB_p.His445Pro,2) Assoc w R - Interim,761140,7.673168306886782,rpoB,761140,A,C,rpoBC,761140.0,2.0481198,-0.08661481,1.0,1.0,1,0,0,0.980752495
-4.0241613,rpoB_p.Ser428Arg,2) Assoc w R - Interim,761088,0.06146200750484357,rpoB,761088,A,C,rpoBC,761088.0,0.16471721,0.0,1.0,0.0,0,0,0,0.16471721
-3.006716,rpoB_p.Ser431_Gln432insHis,2) Assoc w R - Interim,761098,0.12441945525942541,rpoB,761099,C,CCAT,rpoBC,761099.0,0.5234947,0.0,1.0,0.0,0,0,0,0.87190369
-4.077726,rpoB_p.Thr427Ile,2) Assoc w R - Interim,761086,0.05922187590094923,rpoB,761086,C,T,rpoBC,761086.0,0.024027996,-0.03207966,1.0,1.0,0,0,0,-0.004025832000000002
-3.2343662,rpoB_p.Met434Val,2) Assoc w R - Interim,761106,0.10625729524254357,rpoB,761106,A,G,rpoBC,761106.0,0.90398335,0.0,1.0,0.0,0,0,0,0.90398335
-2.9298618,rpoB_p.Ser431_Gln432insArg,2) Assoc w R - Interim,761094,0.1312271554858918,rpoB,761099,C,CCGA,rpoBC,761099.0,0.5234947,0.0,1.0,0.0,0,0,0,0.87190369
-4.093716,rpoB_p.Gln432_Asp435delinsHis,2) Assoc w R - Interim,761100,0.05856911884834858,rpoB,761099,CCAATTCATGGAC,CCAT,rpoBC,761099.0,0.5234947,0.0,1.0,0.0,0,0,0,2.71099113
-2.8515399,rpoB_p.Asp435His,2) Assoc w R - Interim,761109,0.13854822182385113,rpoB,761109,G,C,rpoBC,761109.0,3.3106709,-0.31052113,1.0,1.0,1,0,0,1.5000748849999999
-2.1793382,rpoB_p.Asn437His,2) Assoc w R - Interim,761115,0.22077700173420362,rpoB,761115,A,C,rpoBC,761115.0,1.1036903,-0.40554637,1.0,1.0,0,0,0,0.34907196500000004
-0.6458806,rpoB_p.Gln432His,2) Assoc w R - Interim,761102,0.6391025726750887,rpoB,761102,A,T,rpoBC,761102.0,2.3268094,0.0,1.0,0.0,1,0,0,2.3268094
-2.9906151,rpoB_p.Lys446Gln,2) Assoc w R - Interim,761142,0.12581579015024863,rpoB,761142,A,C,rpoBC,761142.0,0.7279065,-0.59967977,1.0,1.0,0,0,0,0.06411336500000003
-3.9022272,rpoB_p.Gln429Leu,2) Assoc w R - Interim,761092,0.06688250996129402,rpoB,761092,A,T,rpoBC,761092.0,0.5619584,0.0,1.0,0.0,0,0,0,0.5619584
-4.0476885,rpoB_p.Thr427Ser,2) Assoc w R - Interim,761086,0.06046782512291252,rpoB,761086,C,G,rpoBC,761086.0,0.024027996,-0.03207966,1.0,1.0,0,0,0,-0.004025832000000002
-2.7573874,rpoB_p.Ser450Ala,2) Assoc w R - Interim,761154,0.14789165974653476,rpoB,761154,T,G,rpoBC,761154.0,0.7186825,-0.36925304,1.0,1.0,1,0,0,0.17471473
-3.6061141,rpoB_p.Ser441Ala,2) Assoc w R - Interim,761127,0.0821204816876824,rpoB,761127,T,G,rpoBC,761127.0,0.29513383,0.0,1.0,0.0,1,0,0,0.29513383
-2.5918927,rpoB_p.Ser431Thr,2) Assoc w R - Interim,761098,0.1658679784957913,rpoB,761098,G,C,rpoBC,761098.0,0.0,-0.22876434,0.0,1.0,0,0,0,-0.22876434
-4.0563145,rpoB_p.Ser428Ile,2) Assoc w R - Interim,761089,0.06010736139671969,rpoB,761089,G,T,rpoBC,761089.0,0.045549266,0.0,1.0,0.0,0,0,0,0.045549266
-4.0736895,rpoB_p.Ser428Gly,2) Assoc w R - Interim,761088,0.059387804128171545,rpoB,761088,A,G,rpoBC,761088.0,0.16471721,0.0,1.0,0.0,0,0,0,0.16471721
-2.6672108,rpoB_p.Gln436Pro,2) Assoc w R - Interim,761113,0.1574307427528025,rpoB,761113,A,C,rpoBC,761113.0,0.06348682,0.0,1.0,0.0,0,0,0,0.06348682
2.1016881,rpoB_p.Gln432Glu,2) Assoc w R - Interim,761100,4.292113122142049,rpoB,761100,C,G,rpoBC,761100.0,3.2855728,0.0,1.0,0.0,1,0,0,3.2855728
0.25389552,rpoB_p.Asp435Gly,2) Assoc w R - Interim,761110,1.1924225139443938,rpoB,761110,A,G,rpoBC,761110.0,3.777351,-1.3449434,1.0,1.0,1,0,0,1.2162038
-1.6181138,rpoB_p.Leu430Arg,2) Assoc w R - Interim,761095,0.3257610902439565,rpoB,761095,T,G,rpoBC,761095.0,2.1245017,0.0,1.0,0.0,1,0,0,2.1245017
-1.5064459,rpoB_p.His445Gln,2) Assoc w R - Interim,761141,0.35197725278182457,rpoB,761141,C,A,rpoBC,761141.0,1.3173952,0.0,1.0,0.0,0,0,0,1.3173952
-2.6218393,rpoB_p.Met434Ile,2) Assoc w R - Interim,761108,0.16246047806899475,rpoB,761108,G,T,rpoBC,761108.0,0.481391,-0.09051834,1.0,1.0,0,0,0,0.19543633
-3.1380403,rpoB_p.Asn437Asp,2) Assoc w R - Interim,761115,0.11359409139355155,rpoB,761115,A,G,rpoBC,761115.0,1.1036903,-0.40554637,1.0,1.0,0,0,0,0.34907196500000004
-3.6672306,rpoB_p.Leu449Met,2) Assoc w R - Interim,761151,0.07871429106932733,rpoB,761151,C,A,rpoBC,761151.0,0.0,-0.568684,0.0,1.0,0,0,0,-0.568684
-2.8881125,rpoB_p.Thr444Ser,2) Assoc w R - Interim,761137,0.13508014142205774,rpoB,761137,C,G,rpoBC,761137.0,1.1053808,0.0,1.0,0.0,0,0,0,1.1053808
-3.9678133,rpoB_p.Ser428Thr,2) Assoc w R - Interim,761089,0.06391005326496133,rpoB,761089,G,C,rpoBC,761089.0,0.045549266,0.0,1.0,0.0,0,0,0,0.045549266
-3.3488357,rpoB_p.Ser431Arg,2) Assoc w R - Interim,761097,0.09815219217000277,rpoB,761097,A,C,rpoBC,761097.0,0.5599061,0.0,1.0,0.0,0,0,0,0.5599061
-2.121485,rpoB_p.Gln436del,2) Assoc w R - Interim,761094,0.2298102417747498,rpoB,761111,CCAG,C,rpoBC,761111.0,0.49365506,-0.80809605,1.0,1.0,0,0,0,1.2400237499999998
3.8225155,rpoB_p.Gln432del,2) Assoc w R - Interim,761094,14.147894882567893,rpoB,761099,CCAA,C,rpoBC,761099.0,0.5234947,0.0,1.0,0.0,0,0,0,0.87190369
1.9372307,rpoB_p.Met434_Asp435del,2) Assoc w R - Interim,761094,3.829698187235727,rpoB,761105,CATGGAC,C,rpoBC,761105.0,0.5601334,0.0,1.0,0.0,0,0,0,2.23629106
3.0628672,rpoB_p.Ser431_Phe433del,2) Assoc w R - Interim,761094,8.356316868997398,rpoB,761096,GAGCCAATTC,G,rpoBC,761096.0,0.2573871,0.0,1.0,0.0,0,0,0,1.7271296300000003
2.8627224,rpoB_p.Phe433_Asp435del,2) Assoc w R - Interim,761094,7.273866259436073,rpoB,761102,ATTCATGGAC,A,rpoBC,761102.0,2.3268094,0.0,1.0,0.0,1,0,0,3.5403081
4.3519936,rpoB_p.Gln432_Phe433del,2) Assoc w R - Interim,761098,20.421169709854578,rpoB,761099,CCAATTC,C,rpoBC,761099.0,0.5234947,0.0,1.0,0.0,0,0,0,3.0001497699999997
4.1460767,rpoB_p.Asp435_Pro439del,2) Assoc w R - Interim,761094,17.704898894583366,rpoB,761108,GGACCAGAACAACCCG,G,rpoBC,761108.0,0.481391,-0.09051834,1.0,1.0,0,0,0,1.51871335
-4.093716,rpoB_p.Met434_Asn437delinsIle,2) Assoc w R - Interim,761106,0.05856911884834858,rpoB,761105,CATGGACCAGAAC,CATC,rpoBC,761105.0,0.5601334,0.0,1.0,0.0,0,0,0,2.23629106
4.1050825,rpoB_p.His445_Lys446del,2) Assoc w R - Interim,761137,17.208894303648115,rpoB,761138,CCACAAG,C,rpoBC,761138.0,0.36923397,0.0,1.0,0.0,0,0,0,0.41035243
3.074445,rpoB_p.Ser450_Leu452del,2) Assoc w R - Interim,761150,8.423647115121923,rpoB,761153,GTCGGCGCTG,G,rpoBC,761153.0,0.0,0.0,0.0,0.0,0,0,0,0.41035243
-3.604637,rpoB_p.Gly442Glu,2) Assoc w R - Interim,761131,0.08220460361068473,rpoB,761131,G,A,rpoBC,761131.0,0.3484399,0.0,1.0,0.0,0,0,0,0.3484399
-3.0643632,rpoB_p.Lys446Glu,2) Assoc w R - Interim,761142,0.1195459201612016,rpoB,761142,A,G,rpoBC,761142.0,0.7279065,-0.59967977,1.0,1.0,0,0,0,0.06411336500000003
-2.5374105,rpoB_p.Lys446Thr,2) Assoc w R - Interim,761143,0.1722516252019484,rpoB,761143,A,C,rpoBC,761143.0,0.9047111,0.0,1.0,0.0,0,0,0,0.9047111
-3.1719625,rpoB_p.Leu452Val,2) Assoc w R - Interim,761160,0.11095430115849336,rpoB,761160,C,G,rpoBC,761160.0,1.0100322,0.0,1.0,0.0,0,0,0,1.0100322
-3.3820722,rpoB_p.Asn437Ile,2) Assoc w R - Interim,761116,0.0959168307004289,rpoB,761116,A,T,rpoBC,761116.0,0.5738778,0.0,1.0,0.0,0,0,0,0.5738778
-1.1683387,rpoB_p.Asp435del,2) Assoc w R - Interim,761108,0.4449333978170615,rpoB,761108,GGAC,G,rpoBC,761108.0,0.481391,-0.09051834,1.0,1.0,0,0,0,0.5350063
3.2569206,rpoB_p.Ser431_Met434del,2) Assoc w R - Interim,761094,9.559403514133184,rpoB,761096,GAGCCAATTCATG,G,rpoBC,761096.0,0.2573871,0.0,1.0,0.0,0,0,0,1.7271296300000003
-4.093716,rpoB_p.Thr427_Gln429delinsLys,2) Assoc w R - Interim,761085,0.05856911884834858,rpoB,761084,CACCAGCCAG,CAAA,rpoBC,761084.0,0.069968306,0.0,1.0,0.0,0,0,0,1.51871335
3.7640998,rpoB_p.Phe433_Gln436del,2) Assoc w R - Interim,761098,13.586479770170895,rpoB,761102,ATTCATGGACCAG,A,rpoBC,761102.0,2.3268094,0.0,1.0,0.0,1,0,0,3.5403081
1.5533872,rpoB_p.Gln436_Asn437del,2) Assoc w R - Interim,761109,2.9350543118493952,rpoB,761111,CCAGAAC,C,rpoBC,761111.0,0.49365506,-0.80809605,1.0,1.0,0,0,0,1.2400237499999998
-3.6895957,rpoB_p.Ala451Gly,2) Assoc w R - Interim,761158,0.07750344772322142,rpoB,761158,C,G,rpoBC,761158.0,0.445419,0.0,1.0,0.0,0,0,0,0.445419
-2.785383,rpoB_p.Lys446Arg,2) Assoc w R - Interim,761143,0.14504947712254437,rpoB,761143,A,G,rpoBC,761143.0,0.9047111,0.0,1.0,0.0,0,0,0,0.9047111
-2.233741,rpoB_p.Thr444Ile,2) Assoc w R - Interim,761137,0.21260670483432287,rpoB,761137,C,T,rpoBC,761137.0,1.1053808,0.0,1.0,0.0,0,0,0,1.1053808
-3.3244908,rpoB_p.Leu443Phe,2) Assoc w R - Interim,761135,0.09982252449201973,rpoB,761135,G,T,rpoBC,761135.0,0.0,0.0,0.0,0.0,0,0,0,0.0
-3.952698,rpoB_p.Asn437Ser,2) Assoc w R - Interim,761116,0.06458316703868812,rpoB,761116,A,G,rpoBC,761116.0,0.5738778,0.0,1.0,0.0,0,0,0,0.5738778
-4.1797137,rpoB_p.Thr427Ala,2) Assoc w R - Interim,761085,0.05517988652190703,rpoB,761085,A,G,rpoBC,761085.0,0.017242573,-0.012928273,1.0,1.0,0,0,0,0.00215715
-3.921343,rpoB_p.Thr427_Ser428del,2) Assoc w R - Interim,761082,0.0660021577400882,rpoB,761084,CACCAGC,C,rpoBC,761084.0,0.069968306,0.0,1.0,0.0,0,0,0,1.51871335
-3.5664694,rpoB_p.Thr427_Gln429del,2) Assoc w R - Interim,761083,0.08440841241672518,rpoB,761084,CACCAGCCAG,C,rpoBC,761084.0,0.069968306,0.0,1.0,0.0,0,0,0,1.51871335
-2.8780935,rpoB_p.Thr427_Leu430del,2) Assoc w R - Interim,761084,0.1360214894709181,rpoB,761084,CACCAGCCAGCTG,C,rpoBC,761084.0,0.069968306,0.0,1.0,0.0,0,0,0,1.51871335
-4.093716,rpoB_p.Asp435_Gln436delinsGlu,2) Assoc w R - Interim,761109,0.05856911884834858,rpoB,761108,GGACCAG,GGAG,rpoBC,761108.0,0.481391,-0.09051834,1.0,1.0,0,0,0,0.5350063
-3.4912136,rpoB_p.Leu452Met,2) Assoc w R - Interim,761160,0.0889282989630555,rpoB,761160,C,A,rpoBC,761160.0,1.0100322,0.0,1.0,0.0,0,0,0,1.0100322
-4.0749836,rpoB_p.Gly426Ser,2) Assoc w R - Interim,761082,0.05933455704790098,rpoB,761082,G,A,rpoBC,761082.0,0.0,0.0,0.0,0.0,0,0,0,0.0
4.403537,rpoB_p.Gln432_Met434del,2) Assoc w R - Interim,761097,21.163949862533116,rpoB,761099,CCAATTCATG,C,rpoBC,761099.0,0.5234947,0.0,1.0,0.0,0,0,0,2.71099113
-3.7985382,rpoB_p.Gly426_Thr427del,2) Assoc w R - Interim,761080,0.07186642843165988,rpoB,761081,CGGCACC,C,rpoBC,761081.0,0.0,0.0,0.0,0.0,0,0,0,1.7160444600000002
-4.136628,rpoB_p.Thr427Gly,2) Assoc w R - Interim,"761085,761086",0.05685267335225593,rpoB,761085,A,G,rpoBC,761085.0,0.017242573,-0.012928273,1.0,1.0,0,0,0,-0.0018686820000000017
-3.4104998,rpoB_p.Gln436Asn,2) Assoc w R - Interim,"761112,761114",0.09404533547689836,rpoB,761112,C,A,rpoBC,761112.0,0.19147521,0.0,1.0,0.0,0,0,0,0.25144243
4.2133107,rpoB_p.His445Gly,2) Assoc w R - Interim,"761139,761140",18.549529642417273,rpoB,761139,C,G,rpoBC,761139.0,2.1375475,-0.42150304,1.0,1.0,1,0,0,1.838774725
4.686055,rpoB_p.Ser450Met,2) Assoc w R - Interim,"761154,761155",25.742049218021222,rpoB,761154,T,A,rpoBC,761154.0,0.7186825,-0.36925304,1.0,1.0,1,0,0,3.41897833
3.8835454,rpoB_p.His445Thr,2) Assoc w R - Interim,"761139,761140",14.759228447280343,rpoB,761139,C,A,rpoBC,761139.0,2.1375475,-0.42150304,1.0,1.0,1,0,0,1.838774725
4.0634484,rpoB_p.Ser450Gly,2) Assoc w R - Interim,"761154,761155",16.719367898207967,rpoB,761154,T,G,rpoBC,761154.0,0.7186825,-0.36925304,1.0,1.0,1,0,0,3.41897833
4.022343,rpoB_p.Ser450Gln,2) Assoc w R - Interim,"761154,761155",16.249720517341824,rpoB,761154,T,C,rpoBC,761154.0,0.7186825,-0.36925304,1.0,1.0,1,0,0,3.41897833
3.0817103,rpoB_p.Gln432Asn,2) Assoc w R - Interim,"761100,761102",8.466174940258282,rpoB,761100,C,A,rpoBC,761100.0,3.2855728,0.0,1.0,0.0,1,0,0,5.612382200000001
4.100711,rpoB_p.His445Phe,2) Assoc w R - Interim,"761139,761140",17.15682867688446,rpoB,761139,C,T,rpoBC,761139.0,2.1375475,-0.42150304,1.0,1.0,1,0,0,1.838774725
4.1723795,rpoB_p.Asp435Leu,2) Assoc w R - Interim,"761109,761110",18.030649983044757,rpoB,761109,G,C,rpoBC,761109.0,3.3106709,-0.31052113,1.0,1.0,1,0,0,2.716278685
3.8418193,rpoB_p.Arg448Lys,2) Assoc w R - Interim,"761148,761149",14.338471162810496,rpoB,761148,C,A,rpoBC,761148.0,1.5033816,0.0,1.0,0.0,0,0,0,3.8268298
-0.3062207,rpoB_p.Ser441Val,2) Assoc w R - Interim,"761127,761128",0.8087576171126305,rpoB,761127,T,G,rpoBC,761127.0,0.29513383,0.0,1.0,0.0,1,0,0,2.7604128300000004
3.9383829,rpoB_p.Ser450Tyr,2) Assoc w R - Interim,"761155,761156",15.33103190035154,rpoB,761155,C,A,rpoBC,761155.0,3.2442636,0.0,1.0,0.0,1,0,0,2.983905473
4.6979365,rpoB_p.Ser450Val,2) Assoc w R - Interim,"761154,761155",25.954926551229473,rpoB,761154,T,G,rpoBC,761154.0,0.7186825,-0.36925304,1.0,1.0,1,0,0,3.41897833
-0.13716586,rpoB_p.Ser441Met,2) Assoc w R - Interim,"761127,761128",0.9093037073347647,rpoB,761127,T,A,rpoBC,761127.0,0.29513383,0.0,1.0,0.0,1,0,0,2.7604128300000004
4.1775436,rpoB_p.Ser450Cys,2) Assoc w R - Interim,"761155,761156",18.09530600696122,rpoB,761155,C,G,rpoBC,761155.0,3.2442636,0.0,1.0,0.0,1,0,0,2.983905473
-4.096849,rpoB_p.Glu825Gly,3) Uncertain significance,762280,0.05844206639135163,rpoB,762280,A,G,rpoBC,762280.0,0.0,0.0,0.0,0.0,0,0,0,0.0
-4.1001344,rpoB_p.Phe1005Val,3) Uncertain significance,762819,0.058309129698912256,rpoB,762819,T,G,rpoBC,762819.0,0.0,-0.0016044563,0.0,1.0,0,0,0,-0.0016044563
-4.1082697,rpoB_p.Phe548Leu,3) Uncertain significance,761448,0.05798125214692049,rpoB,761448,T,C,rpoBC,761448.0,0.0,0.0,0.0,0.0,0,0,0,0.0
-4.090483,rpoB_p.Phe669Leu,3) Uncertain significance,761813,0.05870051618481092,rpoB,761813,T,A,rpoBC,761813.0,0.0049017277,0.0,0.0,0.0,0,0,0,0.0
-4.091029,rpoB_c.-117G>A,3) Uncertain significance,759690,0.05867830468701871,rpoB,759690,G,A,rpoBC,759690.0,0.0,0.0,0.0,0.0,0,0,0,0.0
-4.1032667,rpoB_c.-136G>C,3) Uncertain significance,759671,0.058182669459974766,rpoB,759671,G,C,rpoBC,759671.0,0.0,0.0,0.0,0.0,0,0,0,0.0
-4.114381,rpoB_c.-167G>A,3) Uncertain significance,759640,0.057736161274930566,rpoB,759640,G,A,rpoBC,759640.0,0.0,0.0,0.0,0.0,0,0,0,0.0
-4.092499,rpoB_p.Gly236Asp,3) Uncertain significance,760513,0.05861854626576689,rpoB,760513,G,A,rpoBC,760513.0,0.0,0.0,0.0,0.0,0,0,0,0.0
-4.095537,rpoB_p.Gly345Ser,3) Uncertain significance,760839,0.05849523831225285,rpoB,760839,G,A,rpoBC,760839.0,0.0,0.0,0.0,0.0,0,0,0,0.0
-4.0601187,rpoB_p.Gly492Ser,3) Uncertain significance,761280,0.05994907485063948,rpoB,761280,G,A,rpoBC,761280.0,0.0,0.0,0.0,0.0,0,0,0,0.0
-4.0927525,rpoB_p.Gly546Ser,3) Uncertain significance,761442,0.05860824714113906,rpoB,761442,G,A,rpoBC,761442.0,0.0,0.0,0.0,0.0,0,0,0,0.0
-4.0911546,rpoB_p.Gly560Ala,3) Uncertain significance,761485,0.05867319641808044,rpoB,761485,G,C,rpoBC,761485.0,0.0,0.0,0.0,0.0,0,0,0,0.0
-4.1231422,rpoB_c.-56G>T,3) Uncertain significance,759751,0.057386603524100244,rpoB,759751,G,T,rpoBC,759751.0,0.0,-0.02244404,0.0,1.0,0,0,0,-0.02244404
-4.0948615,rpoB_p.Gly642Ser,3) Uncertain significance,761730,0.05852263341955911,rpoB,761730,G,A,rpoBC,761730.0,0.0,0.0,0.0,0.0,0,0,0,0.0
-4.093021,rpoB_p.Gly659Asp,3) Uncertain significance,761782,0.058597340574151974,rpoB,761782,G,A,rpoBC,761782.0,0.0,0.0,0.0,0.0,0,0,0,0.0
-4.0856013,rpoB_p.Gly693Val,3) Uncertain significance,761884,0.058899479699579683,rpoB,761884,G,T,rpoBC,761884.0,0.0,0.0,0.0,0.0,0,0,0,0.0
-4.141471,rpoB_p.Gly945Arg,3) Uncertain significance,762639,0.056662143916652356,rpoB,762639,G,C,rpoBC,762639.0,0.0,0.0,0.0,0.0,0,0,0,0.0
-4.099984,rpoB_p.Gly95Arg,3) Uncertain significance,760089,0.05831520870382415,rpoB,760089,G,C,rpoBC,760089.0,0.0,0.0,0.0,0.0,0,0,0,0.0
-4.09024,rpoB_c.-96G>A,3) Uncertain significance,759711,0.058710404225174116,rpoB,759711,G,A,rpoBC,759711.0,0.0,0.0,0.0,0.0,0,0,0,0.0
-4.098761,rpoB_p.His317Tyr,3) Uncertain significance,760755,0.05836466457371642,rpoB,760755,C,T,rpoBC,760755.0,0.0,0.0,0.0,0.0,0,0,0,0.0
-4.0923247,rpoB_p.His533Arg,3) Uncertain significance,761404,0.05862562872571061,rpoB,761404,A,G,rpoBC,761404.0,0.0,0.0,0.0,0.0,0,0,0,0.0
-4.091292,rpoB_p.Glu805Ala,3) Uncertain significance,762220,0.058667608741489144,rpoB,762220,A,C,rpoBC,762220.0,0.0,0.0,0.0,0.0,0,0,0,0.0
-4.1081862,rpoB_p.Glu789Lys,3) Uncertain significance,762171,0.057984608070747456,rpoB,762171,G,A,rpoBC,762171.0,0.0,0.0,0.0,0.0,0,0,0,0.0
-4.098805,rpoB_p.Glu738Ala,3) Uncertain significance,762019,0.058362884567541774,rpoB,762019,A,C,rpoBC,762019.0,0.0,-0.0033868775,0.0,1.0,0,0,0,-0.0033868775
-4.0960436,rpoB_p.Glu737Gly,3) Uncertain significance,762016,0.05847470141111454,rpoB,762016,A,G,rpoBC,762016.0,0.0,0.0,0.0,0.0,0,0,0,0.0
-4.0932117,rpoB_p.Asp120Gly,3) Uncertain significance,760165,0.05858959550397283,rpoB,760165,A,G,rpoBC,760165.0,0.0,0.0,0.0,0.0,0,0,0,0.0
-4.1064153,rpoB_p.Asp211Val,3) Uncertain significance,760438,0.05805582755089249,rpoB,760438,A,T,rpoBC,760438.0,0.0,0.0,0.0,0.0,0,0,0,0.0
-4.0920925,rpoB_p.Asp362His,3) Uncertain significance,760890,0.058635065208231515,rpoB,760890,G,C,rpoBC,760890.0,0.0,0.0,0.0,0.0,0,0,0,0.0
-4.0934052,rpoB_p.Asp49His,3) Uncertain significance,759951,0.0585817377612378,rpoB,759951,G,C,rpoBC,759951.0,0.0,0.0,0.0,0.0,0,0,0,0.0
-4.0934014,rpoB_p.Asp520Val,3) Uncertain significance,761365,0.05858189206335318,rpoB,761365,A,T,rpoBC,761365.0,0.0,-0.0014633359,0.0,1.0,0,0,0,-0.0014633359
-4.095778,rpoB_p.Asp543Gly,3) Uncertain significance,761434,0.05848546758827535,rpoB,761434,A,G,rpoBC,761434.0,0.0012195129,0.0,1.0,0.0,0,0,0,0.0012195129
-4.097074,rpoB_p.Asp545Ala,3) Uncertain significance,761440,0.05843295258750825,rpoB,761440,A,C,rpoBC,761440.0,0.0,0.0,0.0,0.0,0,0,0,0.0
-4.095508,rpoB_p.Asp594Ala,3) Uncertain significance,761587,0.058496414152546625,rpoB,761587,A,C,rpoBC,761587.0,0.0,0.0,0.0,0.0,0,0,0,0.0
-4.096608,rpoB_p.Asp703Glu,3) Uncertain significance,761915,0.05845182986461998,rpoB,761915,C,A,rpoBC,761915.0,0.0,0.0,0.0,0.0,0,0,0,0.0
-4.0986495,rpoB_p.Asp777His,3) Uncertain significance,762135,0.058369175514280586,rpoB,762135,G,C,rpoBC,762135.0,0.0,0.0,0.0,0.0,0,0,0,0.0
-4.1055956,rpoB_p.Asp851Gly,3) Uncertain significance,762358,0.058088822662305625,rpoB,762358,A,G,rpoBC,762358.0,0.0,0.0,0.0,0.0,0,0,0,0.0
-4.0987678,rpoB_p.Asp903Asn,3) Uncertain significance,762513,0.058364389478306404,rpoB,762513,G,A,rpoBC,762513.0,0.0,0.0,0.0,0.0,0,0,0,0.0
-4.102659,rpoB_p.His935Arg,3) Uncertain significance,762610,0.05820718264885948,rpoB,762610,A,G,rpoBC,762610.0,0.0,0.0,0.0,0.0,0,0,0,0.0
-4.09902,rpoB_p.Asp993Gly,3) Uncertain significance,762784,0.05835418759078769,rpoB,762784,A,G,rpoBC,762784.0,0.0,0.0,0.0,0.0,0,0,0,0.0
-4.105471,rpoB_p.Glu1011Ala,3) Uncertain significance,762838,0.058093839786272174,rpoB,762838,A,C,rpoBC,762838.0,0.0,-0.0040724757,0.0,1.0,0,0,0,-0.0040724757
-4.098769,rpoB_p.Glu1130Val,3) Uncertain significance,763195,0.058364340932192185,rpoB,763195,A,T,rpoBC,763195.0,0.0,0.0,0.0,0.0,0,0,0,0.0
-4.0919943,rpoB_p.Glu1169Ala,3) Uncertain significance,763312,0.05863905646016522,rpoB,763312,A,C,rpoBC,763312.0,0.0,0.0,0.0,0.0,0,0,0,0.0
-4.088512,rpoB_p.Glu240Gly,3) Uncertain significance,760525,0.05878076723130175,rpoB,760525,A,G,rpoBC,760525.0,0.0,0.0,0.0,0.0,0,0,0,0.0
-4.0928783,rpoB_p.Glu320Gly,3) Uncertain significance,760765,0.05860313684697485,rpoB,760765,A,G,rpoBC,760765.0,0.0,0.0,0.0,0.0,0,0,0,0.0
-4.126452,rpoB_p.Glu337Lys,3) Uncertain significance,760815,0.05725509931465993,rpoB,760815,G,A,rpoBC,760815.0,0.0,0.0,0.0,0.0,0,0,0,0.0
-4.0979867,rpoB_p.Glu639Ala,3) Uncertain significance,761722,0.05839599752209714,rpoB,761722,A,C,rpoBC,761722.0,0.0,-0.00027053623,0.0,0.0,0,0,0,0.0
-4.1353426,rpoB_p.Glu639Gln,3) Uncertain significance,761721,0.05690335002980665,rpoB,761721,G,C,rpoBC,761721.0,0.0,-0.0029062517,0.0,1.0,0,0,0,-0.0029062517
-4.101052,rpoB_p.Glu645Gly,3) Uncertain significance,761740,0.058272055026695996,rpoB,761740,A,G,rpoBC,761740.0,0.0,0.0,0.0,0.0,0,0,0,0.0
-4.08935,rpoB_p.Glu646Gly,3) Uncertain significance,761743,0.05874663390561882,rpoB,761743,A,G,rpoBC,761743.0,0.0,0.0,0.0,0.0,0,0,0,0.0
-4.0979505,rpoB_p.Glu721Asp,3) Uncertain significance,761969,0.058397462808642095,rpoB,761969,G,T,rpoBC,761969.0,0.002384711,0.0,1.0,0.0,0,0,0,0.002384711
-4.0920596,rpoB_p.Glu721Gly,3) Uncertain significance,761968,0.058636402369299435,rpoB,761968,A,G,rpoBC,761968.0,0.0,0.0,0.0,0.0,0,0,0,0.0
-4.093876,rpoB_p.Asp997Glu,3) Uncertain significance,762797,0.05856262368538792,rpoB,762797,C,A,rpoBC,762797.0,0.0,0.0,0.0,0.0,0,0,0,0.0
-4.0946794,rpoB_p.Asp1148Glu,3) Uncertain significance,763250,0.05853002073555078,rpoB,763250,C,A,rpoBC,763250.0,0.0,0.0,0.0,0.0,0,0,0,0.0
-4.0990057,rpoB_p.Ile751Val,3) Uncertain significance,762057,0.05835476600063491,rpoB,762057,A,G,rpoBC,762057.0,0.0,0.0,0.0,0.0,0,0,0,0.0
-4.097735,rpoB_p.Lys298Arg,3) Uncertain significance,760699,0.05840618647707541,rpoB,760699,A,G,rpoBC,760699.0,0.0,0.0,0.0,0.0,0,0,0,0.0
-4.108853,rpoB_p.Pro682Thr,3) Uncertain significance,761850,0.057957814325816384,rpoB,761850,C,A,rpoBC,761850.0,0.0,0.0,0.0,0.0,0,0,0,0.0
-4.1014004,rpoB_p.Pro719Ser,3) Uncertain significance,761961,0.05825798446278257,rpoB,761961,C,T,rpoBC,761961.0,0.0,0.0,0.0,0.0,0,0,0,0.0
-4.0872917,rpoB_p.Pro834Leu,3) Uncertain significance,762307,0.05883050783008832,rpoB,762307,C,T,rpoBC,762307.0,0.0,0.0,0.0,0.0,0,0,0,0.0
-4.113248,rpoB_p.Pro89Ser,3) Uncertain significance,760071,0.05778152135588479,rpoB,760071,C,T,rpoBC,760071.0,0.0,0.0,0.0,0.0,0,0,0,0.0
-4.1080728,rpoB_p.Pro906Leu,3) Uncertain significance,762523,0.05798916600766444,rpoB,762523,C,T,rpoBC,762523.0,0.0,0.0,0.0,0.0,0,0,0,0.0
-4.1102405,rpoB_p.Pro988Ala,3) Uncertain significance,762768,0.057902100673549416,rpoB,762768,C,G,rpoBC,762768.0,0.0,-0.0066089537,0.0,1.0,0,0,0,-0.0066089537
-4.1087317,rpoB_p.Pro988Ser,3) Uncertain significance,762768,0.05796268755143611,rpoB,762768,C,T,rpoBC,762768.0,0.0,-0.0066089537,0.0,1.0,0,0,0,-0.0066089537
-4.0880904,rpoB_p.Arg225Gln,3) Uncertain significance,760480,0.058797947295101315,rpoB,760480,G,A,rpoBC,760480.0,0.0,-0.009064131,0.0,1.0,0,0,0,-0.009064131
-4.1009574,rpoB_p.Arg304Cys,3) Uncertain significance,760716,0.05827587615104069,rpoB,760716,C,T,rpoBC,760716.0,0.0,0.0,0.0,0.0,0,0,0,0.0
-4.0075874,rpoB_p.Arg499Gln,3) Uncertain significance,761302,0.062172163773942045,rpoB,761302,G,A,rpoBC,761302.0,0.0,0.0,0.0,0.0,0,0,0,0.0
-4.049813,rpoB_p.Arg499Trp,3) Uncertain significance,761301,0.06037884626747284,rpoB,761301,C,T,rpoBC,761301.0,0.0,0.0,0.0,0.0,0,0,0,0.0
-4.0988026,rpoB_p.Arg511Leu,3) Uncertain significance,761338,0.05836298165738785,rpoB,761338,G,T,rpoBC,761338.0,0.0,0.0,0.0,0.0,0,0,0,0.0
-4.0941625,rpoB_p.Arg532Cys,3) Uncertain significance,761400,0.05855099508380678,rpoB,761400,C,T,rpoBC,761400.0,0.0,0.0,0.0,0.0,0,0,0,0.0
-4.094643,rpoB_p.Arg547Ser,3) Uncertain significance,761445,0.058531497499226696,rpoB,761445,C,A,rpoBC,761445.0,0.0,0.0,0.0,0.0,0,0,0,0.0
-4.112969,rpoB_p.Arg552Ser,3) Uncertain significance,761460,0.0577926966929523,rpoB,761460,C,A,rpoBC,761460.0,0.0,-0.012811341,0.0,1.0,0,0,0,-0.012811341
-4.0987024,rpoB_p.Arg734His,3) Uncertain significance,762007,0.05836703530260157,rpoB,762007,G,A,rpoBC,762007.0,0.0,0.0,0.0,0.0,0,0,0,0.0
-4.101026,rpoB_p.Arg952Lys,3) Uncertain significance,762661,0.05827310520503586,rpoB,762661,G,A,rpoBC,762661.0,0.0,0.0,0.0,0.0,0,0,0,0.0
-4.096735,rpoB_p.Ser1009Thr,3) Uncertain significance,762832,0.058446684594515776,rpoB,762832,G,C,rpoBC,762832.0,0.0,0.0,0.0,0.0,0,0,0,0.0
-4.095012,rpoB_p.Ser1134Arg,3) Uncertain significance,763206,0.05851652873582862,rpoB,763206,A,C,rpoBC,763206.0,0.0,-0.0021894274,0.0,1.0,0,0,0,-0.0021894274
-4.093766,rpoB_p.Ser20Ile,3) Uncertain significance,759865,0.058567089032542936,rpoB,759865,G,T,rpoBC,759865.0,0.0,0.0,0.0,0.0,0,0,0,0.0
-4.092501,rpoB_p.Ser21Phe,3) Uncertain significance,759868,0.05861846500326306,rpoB,759868,C,T,rpoBC,759868.0,0.0,0.0,0.0,0.0,0,0,0,0.0
-4.0986023,rpoB_p.Ser239Arg,3) Uncertain significance,760521,0.05837108518338884,rpoB,760521,A,C,rpoBC,760521.0,0.0,0.0,0.0,0.0,0,0,0,0.0
-4.0939016,rpoB_p.Ser641Arg,3) Uncertain significance,761729,0.05856158452615983,rpoB,761729,C,A,rpoBC,761729.0,0.0,0.0,0.0,0.0,0,0,0,0.0
-4.1012197,rpoB_p.Ser67Phe,3) Uncertain significance,760006,0.058265281831108885,rpoB,760006,C,T,rpoBC,760006.0,0.0,0.0,0.0,0.0,0,0,0,0.0
-4.1431546,rpoB_p.Ser984Leu,3) Uncertain significance,762757,0.056596058748628976,rpoB,762757,C,T,rpoBC,762757.0,0.0,0.0,0.0,0.0,0,0,0,0.0
-4.098473,rpoB_p.Pro541Leu,3) Uncertain significance,761428,0.05837631686390576,rpoB,761428,C,T,rpoBC,761428.0,0.0,0.0,0.0,0.0,0,0,0,0.0
-4.0960145,rpoB_p.Pro509Ser,3) Uncertain significance,761331,0.05847588089182545,rpoB,761331,C,T,rpoBC,761331.0,0.0,0.0,0.0,0.0,0,0,0,0.0
-4.096011,rpoB_p.Pro358Ser,3) Uncertain significance,760878,0.05847602275536943,rpoB,760878,C,T,rpoBC,760878.0,0.0,0.0,0.0,0.0,0,0,0,0.0
-4.0884376,rpoB_p.Pro321Ser,3) Uncertain significance,760767,0.05878379864246321,rpoB,760767,C,T,rpoBC,760767.0,0.0,0.0,0.0,0.0,0,0,0,0.0
-4.084358,rpoB_p.Lys309Glu,3) Uncertain significance,760731,0.05895026055375745,rpoB,760731,A,G,rpoBC,760731.0,0.0,0.0,0.0,0.0,0,0,0,0.0
-4.0990005,rpoB_p.Lys711Arg,3) Uncertain significance,761938,0.05835497633290992,rpoB,761938,A,G,rpoBC,761938.0,0.0,0.0,0.0,0.0,0,0,0,0.0
-4.096209,rpoB_p.Leu1004Ile,3) Uncertain significance,762816,0.058467997872982014,rpoB,762816,C,A,rpoBC,762816.0,0.0,0.0,0.0,0.0,0,0,0,0.0
-4.094485,rpoB_p.Leu1132Val,3) Uncertain significance,763200,0.0585379080591633,rpoB,763200,C,G,rpoBC,763200.0,0.0,0.0,0.0,0.0,0,0,0,0.0
-4.0801787,rpoB_p.Leu232Val,3) Uncertain significance,760500,0.05912127938580425,rpoB,760500,C,G,rpoBC,760500.0,0.0,0.0,0.0,0.0,0,0,0,0.0
-4.0898933,rpoB_p.Leu235Arg,3) Uncertain significance,760510,0.058724514860165215,rpoB,760510,T,G,rpoBC,760510.0,0.0,0.0,0.0,0.0,0,0,0,0.0
-4.0911365,rpoB_p.Leu290Phe,3) Uncertain significance,760676,0.058673932534506236,rpoB,760676,G,T,rpoBC,760676.0,0.0,0.0,0.0,0.0,0,0,0,0.0
-4.0921397,rpoB_p.Leu314Val,3) Uncertain significance,760746,0.058633146902749664,rpoB,760746,C,G,rpoBC,760746.0,0.0,0.0,0.0,0.0,0,0,0,0.0
-4.0980196,rpoB_p.Leu316Val,3) Uncertain significance,760752,0.0583946658432892,rpoB,760752,C,G,rpoBC,760752.0,0.0,0.0,0.0,0.0,0,0,0,0.0
-4.0934963,rpoB_p.Leu893Arg,3) Uncertain significance,762484,0.058578038692713656,rpoB,762484,T,G,rpoBC,762484.0,0.0,0.0,0.0,0.0,0,0,0,0.0
-4.0938525,rpoB_p.Leu893Val,3) Uncertain significance,762483,0.05856357761731829,rpoB,762483,C,G,rpoBC,762483.0,0.025852468,0.0,1.0,0.0,0,0,0,0.025852468
-4.0938025,rpoB_p.Met1070Ile,3) Uncertain significance,763016,0.05856560731142545,rpoB,763016,G,T,rpoBC,763016.0,0.0,-0.004833883,0.0,1.0,0,0,0,-0.004833883
-4.0928054,rpoB_p.Lys1102Arg,3) Uncertain significance,763111,0.05860609816346527,rpoB,763111,A,G,rpoBC,763111.0,0.0,0.0,0.0,0.0,0,0,0,0.0
-4.109282,rpoB_p.Met1070Thr,3) Uncertain significance,763015,0.057940582544157154,rpoB,763015,T,C,rpoBC,763015.0,0.0,0.0,0.0,0.0,0,0,0,0.0
-4.0951805,rpoB_p.Met154Ile,3) Uncertain significance,760268,0.05850969467940499,rpoB,760268,G,T,rpoBC,760268.0,0.0,0.0,0.0,0.0,0,0,0,0.0
-4.092484,rpoB_p.Met398Val,3) Uncertain significance,760998,0.05861915573813639,rpoB,760998,A,G,rpoBC,760998.0,0.0,0.0,0.0,0.0,0,0,0,0.0
-4.098618,rpoB_p.Met477Arg,3) Uncertain significance,761236,0.05837044996872116,rpoB,761236,T,G,rpoBC,761236.0,0.0,0.0,0.0,0.0,0,0,0,0.0
-4.0993,rpoB_p.Met624Thr,3) Uncertain significance,761677,0.05834286323837657,rpoB,761677,T,C,rpoBC,761677.0,0.0,0.0,0.0,0.0,0,0,0,0.0
-4.108245,rpoB_p.Asn163Lys,3) Uncertain significance,760295,0.0579822448370921,rpoB,760295,C,A,rpoBC,760295.0,0.0,0.0,0.0,0.0,0,0,0,0.0
-4.093232,rpoB_p.Asn24Asp,3) Uncertain significance,759876,0.05858877110215032,rpoB,759876,A,G,rpoBC,759876.0,0.0,0.0,0.0,0.0,0,0,0,0.0
-4.09162,rpoB_p.Asn369Asp,3) Uncertain significance,760911,0.058654272043281636,rpoB,760911,A,G,rpoBC,760911.0,0.0,0.0,0.0,0.0,0,0,0,0.0
-4.1020494,rpoB_p.Asn673Thr,3) Uncertain significance,761824,0.058231782855522565,rpoB,761824,A,C,rpoBC,761824.0,0.0,0.0,0.0,0.0,0,0,0,0.0
-4.0980916,rpoB_p.Asn724Ser,3) Uncertain significance,761977,0.05839175163695364,rpoB,761977,A,G,rpoBC,761977.0,0.0,0.0,0.0,0.0,0,0,0,0.0
-4.0957975,rpoB_p.Asn963Asp,3) Uncertain significance,762693,0.05848467708239699,rpoB,762693,A,G,rpoBC,762693.0,0.0,0.0,0.0,0.0,0,0,0,0.0
-4.0994034,rpoB_p.Pro1014Arg,3) Uncertain significance,762847,0.05833868187245471,rpoB,762847,C,G,rpoBC,762847.0,0.0,0.0,0.0,0.0,0,0,0,0.0
-4.1209726,rpoB_p.Pro1014Ser,3) Uncertain significance,762846,0.0574729694141251,rpoB,762846,C,T,rpoBC,762846.0,0.0,0.0,0.0,0.0,0,0,0,0.0
-4.099007,rpoB_p.Met153Val,3) Uncertain significance,760263,0.05835471341768461,rpoB,760263,A,G,rpoBC,760263.0,0.0,0.0,0.0,0.0,0,0,0,0.0
-4.0907106,rpoB_p.Asp1146Gly,3) Uncertain significance,763243,0.058691256304307445,rpoB,763243,A,G,rpoBC,763243.0,0.0024703704,0.0,1.0,0.0,0,0,0,0.0024703704
-4.105922,rpoB_p.Asp108Glu,3) Uncertain significance,760130,0.05807568194542937,rpoB,760130,T,A,rpoBC,760130.0,0.0,0.0,0.0,0.0,0,0,0,0.0
-4.1040545,rpoB_p.Asp1006Gly,3) Uncertain significance,762823,0.05815090682597267,rpoB,762823,A,G,rpoBC,762823.0,0.0,0.0,0.0,0.0,0,0,0,0.0
-4.109401,rpoB_p.Ala977Val,3) Uncertain significance,762736,0.05793580354043655,rpoB,762736,C,T,rpoBC,762736.0,0.0,0.0,0.0,0.0,0,0,0,0.0
-4.0922203,rpoB_p.Cys1067Gly,3) Uncertain significance,763005,0.05862987129737339,rpoB,763005,T,G,rpoBC,763005.0,0.0,0.0,0.0,0.0,0,0,0,0.0
-4.1049123,rpoB_p.Cys116Phe,3) Uncertain significance,760153,0.05811634164068758,rpoB,760153,G,T,rpoBC,760153.0,0.0,0.0,0.0,0.0,0,0,0,0.0
-4.0910134,rpoB_c.-122C>A,3) Uncertain significance,759685,0.05867893918459184,rpoB,759685,C,A,rpoBC,759685.0,0.0,0.0,0.0,0.0,0,0,0,0.0
-4.0890326,rpoB_c.-122C>T,3) Uncertain significance,759685,0.05875955987566052,rpoB,759685,C,T,rpoBC,759685.0,0.0,0.0,0.0,0.0,0,0,0,0.0
-4.0628133,rpoB_c.-137C>T,3) Uncertain significance,759670,0.05983720920404344,rpoB,759670,C,T,rpoBC,759670.0,0.0,0.0,0.0,0.0,0,0,0,0.0
-4.0804386,rpoB_c.-140C>T,3) Uncertain significance,759667,0.059110629708561464,rpoB,759667,C,T,rpoBC,759667.0,0.0,0.0,0.0,0.0,0,0,0,0.0
-4.0828557,rpoB_c.-152C>T,3) Uncertain significance,759655,0.059011678316947015,rpoB,759655,C,T,rpoBC,759655.0,0.0075909668,0.0,1.0,0.0,0,0,0,0.0075909668
-4.097077,rpoB_c.-153C>G,3) Uncertain significance,759654,0.058432831079725585,rpoB,759654,C,G,rpoBC,759654.0,0.0,0.0,0.0,0.0,0,0,0,0.0
-4.102839,rpoB_c.-179C>T,3) Uncertain significance,759628,0.0581999207958694,rpoB,759628,C,T,rpoBC,759628.0,0.0,0.0,0.0,0.0,0,0,0,0.0
-4.094817,rpoB_c.-185C>A,3) Uncertain significance,759622,0.05852443858092587,rpoB,759622,C,A,rpoBC,759622.0,0.0,0.0,0.0,0.0,0,0,0,0.0
-4.0965714,rpoB_c.-188C>T,3) Uncertain significance,759619,0.05845331275882092,rpoB,759619,C,T,rpoBC,759619.0,0.0,0.0,0.0,0.0,0,0,0,0.0
-4.1061068,rpoB_p.Ala974Gly,3) Uncertain significance,762727,0.05806824329874816,rpoB,762727,C,G,rpoBC,762727.0,0.0,0.0,0.0,0.0,0,0,0,0.0
-4.0934467,rpoB_c.-195C>A,3) Uncertain significance,759612,0.05858005264617059,rpoB,759612,C,A,rpoBC,759612.0,0.00013697603,0.0,1.0,0.0,0,0,0,0.00013697603
-4.0874133,rpoB_c.-51C>T,3) Uncertain significance,759756,0.05882554940985868,rpoB,759756,C,T,rpoBC,759756.0,0.0,0.0,0.0,0.0,0,0,0,0.0
-4.0958962,rpoB_c.-54C>A,3) Uncertain significance,759753,0.058480676070393575,rpoB,759753,C,A,rpoBC,759753.0,0.0,0.0,0.0,0.0,0,0,0,0.0
-4.093686,rpoB_c.-60C>T,3) Uncertain significance,759747,0.05857033677159945,rpoB,759747,C,T,rpoBC,759747.0,0.0,0.0,0.0,0.0,0,0,0,0.0
-4.094536,rpoB_c.-73C>T,3) Uncertain significance,759734,0.05853583875105678,rpoB,759734,C,T,rpoBC,759734.0,0.0,0.0,0.0,0.0,0,0,0,0.0
-4.094012,rpoB_c.-84C>A,3) Uncertain significance,759723,0.05855710336320776,rpoB,759723,C,A,rpoBC,759723.0,0.0,0.0,0.0,0.0,0,0,0,0.0
-4.0906467,rpoB_c.-94C>T,3) Uncertain significance,759713,0.058693855921155585,rpoB,759713,C,T,rpoBC,759713.0,0.0,0.0,0.0,0.0,0,0,0,0.0
-4.0892334,rpoB_p.Ser98Ala,3) Uncertain significance,760098,0.05875138205691394,rpoB,760098,T,G,rpoBC,760098.0,0.0,0.0,0.0,0.0,0,0,0,0.0
-4.105829,rpoB_p.Ala950Val,3) Uncertain significance,762655,0.058079425780650465,rpoB,762655,C,T,rpoBC,762655.0,0.0,0.0,0.0,0.0,0,0,0,0.0
-4.0971828,rpoB_p.Ala934Val,3) Uncertain significance,762607,0.05842854606683438,rpoB,762607,C,T,rpoBC,762607.0,0.0,0.0,0.0,0.0,0,0,0,0.0
-4.106692,rpoB_c.-159_-158insT,3) Uncertain significance,759648,0.05804469386939085,rpoB,759648,C,CT,rpoBC,759648.0,0.0,-0.012554998,0.0,1.0,0,0,0,-0.012554998
-4.085212,rpoB_c.-59delG,3) Uncertain significance,759747,0.05891537540917722,rpoB,759747,C,G,rpoBC,759747.0,0.0,0.0,0.0,0.0,0,0,0,0.0
-4.093964,rpoB_c.-106A>G,3) Uncertain significance,759701,0.05855905165279114,rpoB,759701,A,G,rpoBC,759701.0,0.0,0.0,0.0,0.0,0,0,0,0.0
-4.09554,rpoB_c.-110A>G,3) Uncertain significance,759697,0.058495116674950796,rpoB,759697,A,G,rpoBC,759697.0,0.0,0.0,0.0,0.0,0,0,0,0.0
-4.096358,rpoB_p.Ala29Thr,3) Uncertain significance,759891,0.05846195967254288,rpoB,759891,G,A,rpoBC,759891.0,0.0,0.0,0.0,0.0,0,0,0,0.0
-4.1191573,rpoB_p.Ala942Thr,3) Uncertain significance,762630,0.057545331447711325,rpoB,762630,G,A,rpoBC,762630.0,0.0,0.0,0.0,0.0,0,0,0,0.0
-4.0949097,rpoB_p.Ala29Val,3) Uncertain significance,759892,0.058520678228939825,rpoB,759892,C,T,rpoBC,759892.0,0.0,-0.0033181077,0.0,1.0,0,0,0,-0.0033181077
-4.0947914,rpoB_c.-3A>G,3) Uncertain significance,759804,0.058525477081009365,rpoB,759804,A,G,rpoBC,759804.0,0.0,-0.0016332123,0.0,0.0,0,0,0,0.0
-4.032946,rpoB_p.Ala498Gly,3) Uncertain significance,761299,0.061088896912102605,rpoB,761299,C,G,rpoBC,761299.0,0.06953001,0.0,1.0,0.0,0,0,0,0.06953001
-4.1036344,rpoB_p.Ala527Val,3) Uncertain significance,761386,0.05816784231988718,rpoB,761386,C,T,rpoBC,761386.0,0.0,-0.002270791,0.0,1.0,0,0,0,-0.002270791
-4.097841,rpoB_p.Ala544Val,3) Uncertain significance,761437,0.05840189532187138,rpoB,761437,C,T,rpoBC,761437.0,0.0,0.0,0.0,0.0,0,0,0,0.0
-4.099219,rpoB_p.Ala628Gly,3) Uncertain significance,761689,0.05834613898581795,rpoB,761689,C,G,rpoBC,761689.0,0.0,0.0,0.0,0.0,0,0,0,0.0
-4.091491,rpoB_p.Ala632Gly,3) Uncertain significance,761701,0.05865951690735046,rpoB,761701,C,G,rpoBC,761701.0,0.0,0.0,0.0,0.0,0,0,0,0.0
-4.0913014,rpoB_p.Ala632Ser,3) Uncertain significance,761700,0.05866722648903111,rpoB,761700,G,T,rpoBC,761700.0,0.0,0.0,0.0,0.0,0,0,0,0.0
-4.0932345,rpoB_p.Ala68Val,3) Uncertain significance,760009,0.058588669575634536,rpoB,760009,C,T,rpoBC,760009.0,0.0,0.0,0.0,0.0,0,0,0,0.0
-4.1061735,rpoB_p.Ala776Val,3) Uncertain significance,762133,0.05806555869653767,rpoB,762133,C,T,rpoBC,762133.0,0.0,0.0,0.0,0.0,0,0,0,0.0
-4.0988507,rpoB_c.-77A>G,3) Uncertain significance,759730,0.05836103584587459,rpoB,759730,A,G,rpoBC,759730.0,0.0,-0.0038304576,0.0,1.0,0,0,0,-0.0038304576
-4.104138,rpoB_p.Ala868Val,3) Uncertain significance,762409,0.058147541277419904,rpoB,762409,C,T,rpoBC,762409.0,0.0,0.0,0.0,0.0,0,0,0,0.0
-4.0932918,rpoB_p.Ala902Pro,3) Uncertain significance,762510,0.05858634263611906,rpoB,762510,G,C,rpoBC,762510.0,0.0,-0.00037869505,0.0,0.0,0,0,0,0.0
-4.1007304,rpoB_p.Ala334Asp,3) Uncertain significance,760807,0.05828504625580363,rpoB,760807,C,A,rpoBC,760807.0,0.0,-0.0005280259,0.0,1.0,0,0,0,-0.0005280259
-4.0996127,rpoB_p.Tyr564Cys,3) Uncertain significance,761497,0.05833021896095591,rpoB,761497,A,G,rpoBC,761497.0,0.00019803282,0.0,0.0,0.0,0,0,0,0.0
-4.0914116,rpoB_p.Tyr651His,3) Uncertain significance,761757,0.058662745374683786,rpoB,761757,T,C,rpoBC,761757.0,0.0010174424,0.0,1.0,0.0,0,0,0,0.0010174424
-4.1226435,rpoB_p.Val946Gly,3) Uncertain significance,762643,0.05740644392368911,rpoB,762643,T,G,rpoBC,762643.0,0.0,0.0,0.0,0.0,0,0,0,0.0
-4.0901675,rpoB_p.Val895Phe,3) Uncertain significance,762489,0.0587133546832674,rpoB,762489,G,T,rpoBC,762489.0,0.0,0.0,0.0,0.0,0,0,0,0.0
-4.0937386,rpoB_p.Val867Ala,3) Uncertain significance,762406,0.05856820136289194,rpoB,762406,T,C,rpoBC,762406.0,0.0,0.0,0.0,0.0,0,0,0,0.0
-4.0964017,rpoB_p.Val865Met,3) Uncertain significance,762399,0.058460188855514524,rpoB,762399,G,A,rpoBC,762399.0,0.0,0.0,0.0,0.0,0,0,0,0.0
-4.0994673,rpoB_p.Thr347Ile,3) Uncertain significance,760846,0.05833609798666441,rpoB,760846,C,T,rpoBC,760846.0,0.0,0.0,0.0,0.0,0,0,0,0.0
-4.1006017,rpoB_p.Thr508Ala,3) Uncertain significance,761328,0.058290245982591284,rpoB,761328,A,G,rpoBC,761328.0,0.0,-0.008150282,0.0,1.0,0,0,0,-0.008150282
-4.114271,rpoB_p.Thr526Ser,3) Uncertain significance,761382,0.05774056360507334,rpoB,761382,A,T,rpoBC,761382.0,0.0,0.0,0.0,0.0,0,0,0,0.0
-4.086534,rpoB_p.Thr52Ser,3) Uncertain significance,759960,0.05886141358781296,rpoB,759960,A,T,rpoBC,759960.0,0.0,-0.0044140536,0.0,1.0,0,0,0,-0.0044140536
-4.1018324,rpoB_p.Thr653Ala,3) Uncertain significance,761763,0.05824054232782989,rpoB,761763,A,G,rpoBC,761763.0,0.0,0.0,0.0,0.0,0,0,0,0.0
-4.1306987,rpoB_p.Thr660Ile,3) Uncertain significance,761785,0.05708681169007973,rpoB,761785,C,T,rpoBC,761785.0,0.0,-0.009080916,0.0,1.0,0,0,0,-0.009080916
-4.1314034,rpoB_p.Thr660Asn,3) Uncertain significance,761785,0.05705893382851238,rpoB,761785,C,A,rpoBC,761785.0,0.0,-0.009080916,0.0,1.0,0,0,0,-0.009080916
-4.101211,rpoB_p.Thr756Ile,3) Uncertain significance,762073,0.05826563319398597,rpoB,762073,C,T,rpoBC,762073.0,0.0,0.0,0.0,0.0,0,0,0,0.0
-4.097006,rpoB_p.Val1117Leu,3) Uncertain significance,763155,0.05843570683168798,rpoB,763155,G,T,rpoBC,763155.0,0.0,0.0,0.0,0.0,0,0,0,0.0
-4.0933123,rpoB_p.Val1129Ala,3) Uncertain significance,763192,0.058585510158390176,rpoB,763192,T,C,rpoBC,763192.0,0.0,0.0,0.0,0.0,0,0,0,0.0
-4.098444,rpoB_p.Val1168Phe,3) Uncertain significance,763308,0.058377490313703574,rpoB,763308,G,T,rpoBC,763308.0,0.0,0.0,0.0,0.0,0,0,0,0.0
-4.096728,rpoB_p.Val179Ala,3) Uncertain significance,760342,0.05844696818028624,rpoB,760342,T,C,rpoBC,760342.0,0.0,0.0,0.0,0.0,0,0,0,0.0
-4.097033,rpoB_p.Val179Met,3) Uncertain significance,760341,0.05843461321919478,rpoB,760341,G,A,rpoBC,760341.0,0.0,0.0,0.0,0.0,0,0,0,0.0
-4.1342664,rpoB_p.Val198Met,3) Uncertain significance,760398,0.05694581377333205,rpoB,760398,G,A,rpoBC,760398.0,0.0,-0.014997008,0.0,1.0,0,0,0,-0.014997008
-4.099873,rpoB_p.Val216Ile,3) Uncertain significance,760452,0.0583196956099289,rpoB,760452,G,A,rpoBC,760452.0,0.0,0.0,0.0,0.0,0,0,0,0.0
-4.0984426,rpoB_p.Val262Phe,3) Uncertain significance,760590,0.058377546963600986,rpoB,760590,G,T,rpoBC,760590.0,0.0,0.0,0.0,0.0,0,0,0,0.0
-4.0984488,rpoB_p.Val310Gly,3) Uncertain significance,760735,0.05837729608590115,rpoB,760735,T,G,rpoBC,760735.0,0.0,0.0,0.0,0.0,0,0,0,0.0
-4.0920153,rpoB_p.Val332Ile,3) Uncertain significance,760800,0.05863820291094762,rpoB,760800,G,A,rpoBC,760800.0,0.0,0.0,0.0,0.0,0,0,0,0.0
-4.089109,rpoB_p.Val33Leu,3) Uncertain significance,759903,0.05875644826067434,rpoB,759903,G,C,rpoBC,759903.0,0.00048517066,0.0,0.0,0.0,0,0,0,0.0
-4.0957513,rpoB_p.Val351Ile,3) Uncertain significance,760857,0.05848654999057826,rpoB,760857,G,A,rpoBC,760857.0,0.0,0.0,0.0,0.0,0,0,0,0.0
-4.0687485,rpoB_p.Val44Ala,3) Uncertain significance,759937,0.059591546561766774,rpoB,759937,T,C,rpoBC,759937.0,0.0,0.0,0.0,0.0,0,0,0,0.0
-4.093468,rpoB_p.Val517Met,3) Uncertain significance,761355,0.05857918777461073,rpoB,761355,G,A,rpoBC,761355.0,0.0,0.0,0.0,0.0,0,0,0,0.0
-4.0896583,rpoB_p.Val549Ile,3) Uncertain significance,761451,0.05873408125127451,rpoB,761451,G,A,rpoBC,761451.0,0.0,0.0,0.0,0.0,0,0,0,0.0
-4.0955405,rpoB_p.Val77Met,3) Uncertain significance,760035,0.05849509640209169,rpoB,760035,G,A,rpoBC,760035.0,0.0,0.0,0.0,0.0,0,0,0,0.0
-4.0958323,rpoB_p.Val841Leu,3) Uncertain significance,762327,0.05848326635999336,rpoB,762327,G,T,rpoBC,762327.0,0.0,0.0,0.0,0.0,0,0,0,0.0
-4.208644,rpoB_p.Val198Leu,3) Uncertain significance,760398,0.05408438739994663,rpoB,760398,G,T,rpoBC,760398.0,0.0,-0.014997008,0.0,1.0,0,0,0,-0.014997008
-4.069971,rpoB_p.Pro45Leu,3) Uncertain significance,759940,0.05954107171677071,rpoB,759940,C,T,rpoBC,759940.0,0.017210077,0.0,1.0,0.0,0,0,0,0.017210077
-4.086079,rpoB_p.Thr399Ile,3) Uncertain significance,761002,0.05887998034387595,rpoB,761002,C,T,rpoBC,761002.0,0.0,-0.00051424734,0.0,0.0,0,0,0,0.0
-4.1078486,rpoB_p.Arg552His,3) Uncertain significance,761461,0.05799817843296373,rpoB,761461,G,A,rpoBC,761461.0,0.001785381,-0.01247511,1.0,1.0,0,0,0,-0.005344864499999999
-3.9177566,rpoB_p.Phe424Val,3) Uncertain significance,761076,0.06616643681153508,rpoB,761076,T,G,rpoBC,761076.0,0.046542965,0.0,1.0,0.0,0,0,0,0.046542965
-4.0932794,rpoB_p.Val496Met,3) Uncertain significance,761292,0.05858684618936499,rpoB,761292,G,A,rpoBC,761292.0,0.021370092,0.0,1.0,0.0,0,0,0,0.021370092
-4.099758,rpoB_p.Glu550Gly,3) Uncertain significance,761455,0.058324344570462296,rpoB,761455,A,G,rpoBC,761455.0,0.001074065,0.0,0.0,0.0,0,0,0,0.0
-4.0797095,rpoB_p.Ile1106Thr,3) Uncertain significance,763123,0.05914051021062063,rpoB,763123,T,C,rpoBC,763123.0,0.012211524,0.0,1.0,0.0,0,0,0,0.012211524
-4.0963473,rpoB_p.Lys891Glu,3) Uncertain significance,762477,0.058462393267495756,rpoB,762477,A,G,rpoBC,762477.0,0.0,-0.0014513,0.0,1.0,0,0,0,-0.0014513
-4.0992413,rpoB_p.Val534Met,3) Uncertain significance,761406,0.058345237125891375,rpoB,761406,G,A,rpoBC,761406.0,0.005023147,-0.003663651,0.0,1.0,0,0,0,-0.003663651
-4.116762,rpoB_p.Phe971Leu,3) Uncertain significance,762717,0.05764095305729461,rpoB,762717,T,C,rpoBC,762717.0,0.0,0.0,0.0,0.0,0,0,0,0.0
-4.0959563,rpoB_p.His723Asp,3) Uncertain significance,761973,0.058478239924620895,rpoB,761973,C,G,rpoBC,761973.0,0.0,-0.0031693794,0.0,1.0,0,0,0,-0.0031693794
-3.6280618,rpoB_p.Val168Ala,3) Uncertain significance,760309,0.0808806386878346,rpoB,760309,T,C,rpoBC,760309.0,0.24225011,0.0,1.0,0.0,0,0,0,0.24225011
-3.4070485,rpoB_p.Ile491Met,3) Uncertain significance,761279,0.09427058558519634,rpoB,761279,C,G,rpoBC,761279.0,0.23576605,0.0,1.0,0.0,0,0,0,0.23576605
-4.1007476,rpoB_p.Phe503Ser,3) Uncertain significance,761314,0.058284351377959565,rpoB,761314,T,C,rpoBC,761314.0,0.0,0.0,0.0,0.0,0,0,0,0.0
-4.0875187,rpoB_p.Leu554Pro,3) Uncertain significance,761467,0.05882125190674752,rpoB,761467,T,C,rpoBC,761467.0,0.0050853207,0.0,0.0,0.0,0,0,0,0.0
-4.1372437,rpoB_p.Ile873Phe,3) Uncertain significance,762423,0.056828415472612845,rpoB,762423,A,T,rpoBC,762423.0,0.0,-0.02327447,0.0,1.0,0,0,0,-0.02327447
-4.0928597,rpoB_p.Leu42Val,3) Uncertain significance,759930,0.05860389239498814,rpoB,759930,C,G,rpoBC,759930.0,0.0,-0.001940526,0.0,0.0,0,0,0,0.0
-4.096665,rpoB_p.Arg827His,3) Uncertain significance,762286,0.05844952051413984,rpoB,762286,G,A,rpoBC,762286.0,0.0020856585,-0.001276206,0.0,0.0,0,0,0,0.0
-4.08631,rpoB_p.Tyr564His,3) Uncertain significance,761496,0.0588705534128653,rpoB,761496,T,C,rpoBC,761496.0,0.00354442,0.0,1.0,0.0,0,0,0,0.00354442
-4.0787244,rpoB_p.Glu481Ala,3) Uncertain significance,761248,0.05918090628170788,rpoB,761248,A,C,rpoBC,761248.0,0.033123545,0.0,1.0,0.0,0,0,0,0.033123545
-3.5395913,rpoB_p.Ile491Val,3) Uncertain significance,761277,0.08599572184713807,rpoB,761277,A,G,rpoBC,761277.0,2.8016171,-0.2150656,1.0,1.0,1,0,0,1.29327575
-4.0934563,rpoB_p.Arg552Cys,3) Uncertain significance,761460,0.058579662843323575,rpoB,761460,C,T,rpoBC,761460.0,0.0,-0.012811341,0.0,1.0,0,0,0,-0.012811341
-4.1191387,rpoB_p.Ser874Tyr,3) Uncertain significance,762427,0.05754607335784089,rpoB,762427,C,A,rpoBC,762427.0,0.0,-0.013624988,0.0,1.0,0,0,0,-0.013624988
-4.094532,rpoB_p.Arg827Leu,3) Uncertain significance,762286,0.05853600104708812,rpoB,762286,G,T,rpoBC,762286.0,0.0020856585,-0.001276206,0.0,0.0,0,0,0,0.0
-4.1022615,rpoB_p.Thr400Ala,3) Uncertain significance,761004,0.0582232224509045,rpoB,761004,A,G,rpoBC,761004.0,0.036933377,0.0,1.0,0.0,0,0,0,0.036933377
-2.9758155,rpoB_p.Ile491Leu,3) Uncertain significance,761277,0.12711308906271818,rpoB,761277,A,C,rpoBC,761277.0,2.8016171,-0.2150656,1.0,1.0,1,0,0,1.29327575
-4.099116,rpoB_p.Glu761Asp,3) Uncertain significance,762089,0.058350304708078934,rpoB,762089,G,T,rpoBC,762089.0,0.0055011977,-0.0026373072,1.0,1.0,0,0,0,0.00143194525
-4.096961,rpoB_p.Arg827Cys,3) Uncertain significance,762285,0.058437529564659384,rpoB,762285,C,T,rpoBC,762285.0,0.0010843636,0.0,1.0,0.0,0,0,0,0.0010843636
-4.087315,rpoB_p.Leu731Pro,3) Uncertain significance,761998,0.05882955770568598,rpoB,761998,T,C,rpoBC,761998.0,0.0042384714,0.0,0.0,0.0,0,0,0,0.0
-4.1013045,rpoB_p.Gln975His,3) Uncertain significance,762731,0.058261857163696876,rpoB,762731,G,T,rpoBC,762731.0,0.0,-0.0113728205,0.0,1.0,0,0,0,-0.0113728205
-4.0678873,rpoB_p.Ala692Thr,3) Uncertain significance,761880,0.05962712966076004,rpoB,761880,G,A,rpoBC,761880.0,0.022374053,0.0,0.0,0.0,0,0,0,0.0
-4.0948997,rpoB_p.Ile488Val,3) Uncertain significance,761268,0.05852108386477683,rpoB,761268,A,G,rpoBC,761268.0,0.053574696,0.0,1.0,0.0,0,0,0,0.053574696
-4.1013465,rpoB_p.Ile480Val,3) Uncertain significance,761244,0.05826016105862053,rpoB,761244,A,G,rpoBC,761244.0,0.0,-0.00873741,0.0,1.0,0,0,0,-0.00873741
-4.0869207,rpoB_p.Ala286Val,3) Uncertain significance,760663,0.05884563848792174,rpoB,760663,C,T,rpoBC,760663.0,0.0,-0.0013338665,0.0,1.0,0,0,0,-0.0013338665
-4.0250134,rpoB_p.Val496Leu,3) Uncertain significance,761292,0.06142571687379156,rpoB,761292,G,T,rpoBC,761292.0,0.021370092,0.0,1.0,0.0,0,0,0,0.021370092
-4.067228,rpoB_p.Pro45Ser,3) Uncertain significance,759939,0.059654385005452386,rpoB,759939,C,T,rpoBC,759939.0,0.011608681,0.0,1.0,0.0,0,0,0,0.011608681
-4.078701,rpoB_p.Arg552Leu,3) Uncertain significance,761461,0.059181866182725446,rpoB,761461,G,T,rpoBC,761461.0,0.001785381,-0.01247511,1.0,1.0,0,0,0,-0.005344864499999999
-4.1385245,rpoB_p.Val496Ala,3) Uncertain significance,761293,0.056777986564891955,rpoB,761293,T,C,rpoBC,761293.0,0.031492624,-0.018051704,1.0,1.0,0,0,0,0.006720459999999999
-4.1331983,rpoB_c.-159C>T,3) Uncertain significance,759648,0.05698798924562416,rpoB,759648,C,T,rpoBC,759648.0,0.0,-0.012554998,0.0,1.0,0,0,0,-0.012554998
-4.086713,rpoB_c.-180A>C,3) Uncertain significance,759627,0.05885411090836217,rpoB,759627,A,C,rpoBC,759627.0,0.0,-0.00261736,0.0,1.0,0,0,0,-0.00261736
-4.0750856,rpoB_p.His835Arg,3) Uncertain significance,762310,0.05933036218293872,rpoB,762310,A,G,rpoBC,762310.0,0.017879128,0.0,1.0,0.0,0,0,0,0.017879128
-4.084748,rpoB_p.Gln409Arg,3) Uncertain significance,761032,0.058934326836825125,rpoB,761032,A,G,rpoBC,761032.0,0.011304296,0.0,1.0,0.0,0,0,0,0.011304296
-4.1000123,rpoB_p.Asp574Glu,3) Uncertain significance,761528,0.058314064800106966,rpoB,761528,C,A,rpoBC,761528.0,0.0,0.0,0.0,0.0,0,0,0,0.0
-4.0904703,rpoB_p.Ala596Gly,3) Uncertain significance,761593,0.05870103292592094,rpoB,761593,C,G,rpoBC,761593.0,0.0,0.0,0.0,0.0,0,0,0,0.0
-4.103241,rpoB_p.Gly973Asp,3) Uncertain significance,762724,0.058183705928446156,rpoB,762724,G,A,rpoBC,762724.0,0.0,-0.005650754,0.0,1.0,0,0,0,-0.005650754
-4.092839,rpoB_p.Lys832Glu,3) Uncertain significance,762300,0.05860473325826217,rpoB,762300,A,G,rpoBC,762300.0,0.0012595688,0.0,1.0,0.0,0,0,0,0.0012595688
-4.0938296,rpoB_p.Leu378Arg,3) Uncertain significance,760939,0.058564507208488416,rpoB,760939,T,G,rpoBC,760939.0,0.0,-0.0055690026,0.0,1.0,0,0,0,-0.0055690026
-4.0979047,rpoB_p.Pro577Ala,3) Uncertain significance,761535,0.05839931673215014,rpoB,761535,C,G,rpoBC,761535.0,0.0,-0.0024225037,0.0,1.0,0,0,0,-0.0024225037
-4.0935388,rpoB_p.Ser254Pro,3) Uncertain significance,760566,0.05857631308203054,rpoB,760566,T,C,rpoBC,760566.0,0.0026848651,0.0,1.0,0.0,0,0,0,0.0026848651
-4.07973,rpoB_p.Thr400Asn,3) Uncertain significance,761005,0.05913966985849402,rpoB,761005,C,A,rpoBC,761005.0,0.005335466,0.0,1.0,0.0,0,0,0,0.005335466
-4.093404,rpoB_p.Val534Leu,3) Uncertain significance,761406,0.058581786488177724,rpoB,761406,G,T,rpoBC,761406.0,0.005023147,-0.003663651,0.0,1.0,0,0,0,-0.003663651
-4.091162,rpoB_p.Val736Leu,3) Uncertain significance,762012,0.05867289546706333,rpoB,762012,G,C,rpoBC,762012.0,0.0,0.0,0.0,0.0,0,0,0,0.0
-4.102697,rpoB_p.Asp265Gly,3) Uncertain significance,760600,0.05820564951555805,rpoB,760600,A,G,rpoBC,760600.0,0.013055043,-0.012093826,1.0,1.0,0,0,0,0.00048060850000000016
-4.0942807,rpoB_p.Lys37Arg,3) Uncertain significance,759916,0.058546198197477466,rpoB,759916,A,G,rpoBC,759916.0,0.0,-0.001932754,0.0,1.0,0,0,0,-0.001932754
-4.093431,rpoB_c.-21G>C,3) Uncertain significance,759786,0.05858069014183311,rpoB,759786,G,C,rpoBC,759786.0,0.0016693044,0.0,1.0,0.0,0,0,0,0.0016693044
-4.0931726,rpoB_p.Pro358Leu,3) Uncertain significance,760879,0.05859118342391641,rpoB,760879,C,T,rpoBC,760879.0,0.0,-1.9506697e-05,0.0,0.0,0,0,0,0.0
-4.0736156,rpoB_p.Gly504dup,3) Uncertain significance,761315,0.05939084626182182,rpoB,761315,C,CGGG,rpoBC,761315.0,0.0,0.0,0.0,0.0,0,0,0,-0.0014633359
-4.093871,rpoB_p.Asp520Ala,3) Uncertain significance,761365,0.05856282664832709,rpoB,761365,A,C,rpoBC,761365.0,0.0,-0.0014633359,0.0,1.0,0,0,0,-0.0014633359
-4.069853,rpoB_p.Gly456Ser,3) Uncertain significance,761172,0.059545941861602475,rpoB,761172,G,A,rpoBC,761172.0,0.0,0.0,0.0,0.0,0,0,0,0.0
-4.09055,rpoB_p.Gly46Val,3) Uncertain significance,759943,0.0586977901455927,rpoB,759943,G,T,rpoBC,759943.0,0.0,-0.0060905553,0.0,1.0,0,0,0,-0.0060905553
-4.0997043,rpoB_p.Ile480Thr,3) Uncertain significance,761245,0.05832651555982966,rpoB,761245,T,C,rpoBC,761245.0,0.0,-0.00018757726,0.0,0.0,0,0,0,0.0
-4.090259,rpoB_p.Lys799Gln,3) Uncertain significance,762201,0.05870963102619356,rpoB,762201,A,C,rpoBC,762201.0,0.0015853175,0.0,1.0,0.0,0,0,0,0.0015853175
-4.0990195,rpoB_p.Leu293Ser,3) Uncertain significance,760684,0.05835420781481152,rpoB,760684,T,C,rpoBC,760684.0,0.0,0.0,0.0,0.0,0,0,0,0.0
-4.105552,rpoB_p.Gln1056Arg,3) Uncertain significance,762973,0.058090578203751936,rpoB,762973,A,G,rpoBC,762973.0,0.0,0.0,0.0,0.0,0,0,0,0.0
-4.103585,rpoB_p.Arg273Cys,3) Uncertain significance,760623,0.05816983410645746,rpoB,760623,C,T,rpoBC,760623.0,0.0,0.0,0.0,0.0,0,0,0,0.0
-4.0905004,rpoB_p.Ser582Ala,3) Uncertain significance,761550,0.05869980821618739,rpoB,761550,T,G,rpoBC,761550.0,0.0,-0.0014701555,0.0,1.0,0,0,0,-0.0014701555
-4.1252275,rpoB_p.Val113Ile,3) Uncertain significance,760143,0.057303715708491895,rpoB,760143,G,A,rpoBC,760143.0,0.0,-0.029422132,0.0,1.0,0,0,0,-0.029422132
-4.107217,rpoB_p.Glu460Gly,3) Uncertain significance,761185,0.058023575116356405,rpoB,761185,A,G,rpoBC,761185.0,0.0041831173,0.0,1.0,0.0,0,0,0,0.0041831173
-3.5037453,rpoB_p.Ser493Leu,3) Uncertain significance,761284,0.0881591851834115,rpoB,761284,C,T,rpoBC,761284.0,0.33258757,0.0,1.0,0.0,0,0,0,0.33258757
-4.070781,rpoB_p.Arg167Cys,3) Uncertain significance,760305,0.05950765181138816,rpoB,760305,C,T,rpoBC,760305.0,0.05765942,0.0,1.0,0.0,0,0,0,0.05765942
-4.04608,rpoB_p.Glu207Lys,3) Uncertain significance,760425,0.06053527994490311,rpoB,760425,G,A,rpoBC,760425.0,0.028390191,0.0,1.0,0.0,0,0,0,0.028390191
-4.0886083,rpoB_p.Ile588Val,3) Uncertain significance,761568,0.058776843741717454,rpoB,761568,A,G,rpoBC,761568.0,0.0019119862,0.0,1.0,0.0,0,0,0,0.0019119862
-4.088568,rpoB_p.Pro45Arg,3) Uncertain significance,759940,0.05877848562709132,rpoB,759940,C,G,rpoBC,759940.0,0.017210077,0.0,1.0,0.0,0,0,0,0.017210077
-3.9549634,rpoB_p.Gln172Arg,3) Uncertain significance,760321,0.06448183453729113,rpoB,760321,A,G,rpoBC,760321.0,0.09266827,0.0,1.0,0.0,0,0,0,0.09266827
-4.094138,rpoB_p.Thr400Ser,3) Uncertain significance,761005,0.058551989411450116,rpoB,761005,C,G,rpoBC,761005.0,0.005335466,0.0,1.0,0.0,0,0,0,0.005335466
-4.0955205,rpoB_p.Ala584Asp,3) Uncertain significance,761557,0.058495907321935506,rpoB,761557,C,A,rpoBC,761557.0,0.00017481718,-0.00032838446,0.0,0.0,0,0,0,0.0
-4.0925136,rpoB_p.Ala753Val,3) Uncertain significance,762064,0.05861795305207948,rpoB,762064,C,T,rpoBC,762064.0,0.0,-0.001130356,0.0,1.0,0,0,0,-0.001130356
-4.0921674,rpoB_p.Asp571Ala,3) Uncertain significance,761518,0.05863202114676422,rpoB,761518,A,C,rpoBC,761518.0,0.00078813056,0.0,0.0,0.0,0,0,0,0.0
-3.9513757,rpoB_p.Phe424Leu,3) Uncertain significance,761076,0.06464238777984667,rpoB,761076,T,C,rpoBC,761076.0,0.046542965,0.0,1.0,0.0,0,0,0,0.046542965
-3.978533,rpoB_p.Val170Ala,3) Uncertain significance,760315,0.06343694035883105,rpoB,760315,T,C,rpoBC,760315.0,0.0,-0.038217925,0.0,1.0,0,0,0,-0.038217925
-3.48012,rpoB_p.Ile491Thr,3) Uncertain significance,761278,0.0896147487457282,rpoB,761278,T,C,rpoBC,761278.0,0.07346613,-0.2976688,1.0,1.0,0,0,0,-0.112101335
-4.076197,rpoB_p.Pro45Thr,3) Uncertain significance,759939,0.0592846738216567,rpoB,759939,C,A,rpoBC,759939.0,0.011608681,0.0,1.0,0.0,0,0,0,0.011608681
-4.112704,rpoB_p.Arg219Cys,3) Uncertain significance,760461,0.057803313261833335,rpoB,760461,C,T,rpoBC,760461.0,0.0,-0.0145288035,0.0,1.0,0,0,0,-0.0145288035
-4.2243524,rpoB_c.-83A>G,3) Uncertain significance,759724,0.05349869832491216,rpoB,759724,A,G,rpoBC,759724.0,0.0,-0.032011595,0.0,1.0,0,0,0,-0.032011595
-4.079784,rpoB_p.Val359Ala,3) Uncertain significance,760882,0.059137456305168076,rpoB,760882,T,C,rpoBC,760882.0,0.0012213931,0.0,1.0,0.0,0,0,0,0.0012213931
-4.097283,rpoB_p.Glu592Asp,3) Uncertain significance,761582,0.058424488149640526,rpoB,761582,G,T,rpoBC,761582.0,0.0,-0.0012300613,0.0,1.0,0,0,0,-0.0012300613
-4.0924153,rpoB_p.His1028Tyr,3) Uncertain significance,762888,0.05862194720256311,rpoB,762888,C,T,rpoBC,762888.0,0.0,0.0,0.0,0.0,0,0,0,0.0
-4.1004205,rpoB_p.Leu862Arg,3) Uncertain significance,762391,0.05829756759637452,rpoB,762391,T,G,rpoBC,762391.0,0.0,-0.002392517,0.0,1.0,0,0,0,-0.002392517
-4.100069,rpoB_p.Thr159Pro,3) Uncertain significance,760281,0.05831177301812393,rpoB,760281,A,C,rpoBC,760281.0,0.0,-0.0035186326,0.0,1.0,0,0,0,-0.0035186326
-4.0868096,rpoB_p.Thr52Pro,3) Uncertain significance,759960,0.05885017028569527,rpoB,759960,A,C,rpoBC,759960.0,0.0,-0.0044140536,0.0,1.0,0,0,0,-0.0044140536
-4.094297,rpoB_p.Val534Ala,3) Uncertain significance,761407,0.05854553672875912,rpoB,761407,T,C,rpoBC,761407.0,0.0045802863,0.0,1.0,0.0,0,0,0,0.0045802863
-4.097419,rpoB_p.Val562Ala,3) Uncertain significance,761491,0.05841898084860959,rpoB,761491,T,C,rpoBC,761491.0,0.0,0.0,0.0,0.0,0,0,0,0.0
-4.0968156,rpoB_p.Tyr308Cys,3) Uncertain significance,760729,0.05844341940606187,rpoB,760729,A,G,rpoBC,760729.0,0.0039359787,0.0,1.0,0.0,0,0,0,0.0039359787
-4.084005,rpoB_p.Met920Val,3) Uncertain significance,762564,0.05896468632457548,rpoB,762564,A,G,rpoBC,762564.0,0.0052051703,0.0,1.0,0.0,0,0,0,0.0052051703
-4.09112,rpoB_p.Thr756Ala,3) Uncertain significance,762072,0.05867460358791362,rpoB,762072,A,G,rpoBC,762072.0,0.0,-0.003267852,0.0,1.0,0,0,0,-0.003267852
-4.09909,rpoB_p.Val562Met,3) Uncertain significance,761490,0.058351356296633704,rpoB,761490,G,A,rpoBC,761490.0,0.0052967058,0.0,1.0,0.0,0,0,0,0.0052967058
-4.0898013,rpoB_p.Tyr308Asp,3) Uncertain significance,760728,0.05872825981490622,rpoB,760728,T,G,rpoBC,760728.0,0.0004044385,0.0,1.0,0.0,0,0,0,0.0004044385
-3.5955405,rpoB_p.Pro454Arg,3) Uncertain significance,761167,0.08272455866415973,rpoB,761167,C,G,rpoBC,761167.0,0.32951844,0.0,1.0,0.0,0,0,0,0.32951844
-4.086268,rpoB_p.Pro45Gln,3) Uncertain significance,759940,0.0588722672880534,rpoB,759940,C,A,rpoBC,759940.0,0.017210077,0.0,1.0,0.0,0,0,0,0.017210077
-4.0873,rpoB_p.Pro700Arg,3) Uncertain significance,761905,0.05883016937199666,rpoB,761905,C,G,rpoBC,761905.0,0.00021367543,0.0,0.0,0.0,0,0,0,0.0
-4.0968423,rpoB_p.Pro834Thr,3) Uncertain significance,762306,0.05844233780197062,rpoB,762306,C,A,rpoBC,762306.0,0.00413017,0.0,1.0,0.0,0,0,0,0.00413017
-4.112411,rpoB_p.Pro856Leu,3) Uncertain significance,762373,0.05781505385166269,rpoB,762373,C,T,rpoBC,762373.0,0.0,-0.012208966,0.0,1.0,0,0,0,-0.012208966
-4.115984,rpoB_p.Gln1080Arg,3) Uncertain significance,763045,0.057672045390766244,rpoB,763045,A,G,rpoBC,763045.0,0.0,-0.0012346006,0.0,1.0,0,0,0,-0.0012346006
-4.0391054,rpoB_p.Gln172Lys,3) Uncertain significance,760320,0.06082864172111287,rpoB,760320,C,A,rpoBC,760320.0,0.0,0.0,0.0,0.0,0,0,0,0.0
-4.0954413,rpoB_p.Gln19Arg,3) Uncertain significance,759862,0.05849911867492211,rpoB,759862,A,G,rpoBC,759862.0,0.0,0.0,0.0,0.0,0,0,0,0.0
-4.0896425,rpoB_p.Gln226Glu,3) Uncertain significance,760482,0.0587347244943294,rpoB,760482,C,G,rpoBC,760482.0,0.0,0.0,0.0,0.0,0,0,0,0.0
-4.087543,rpoB_p.Gln51Pro,3) Uncertain significance,759958,0.0588202611607179,rpoB,759958,A,C,rpoBC,759958.0,0.0,0.0,0.0,0.0,0,0,0,0.0
-4.114652,rpoB_p.Gln980Lys,3) Uncertain significance,762744,0.05772531696631904,rpoB,762744,C,A,rpoBC,762744.0,0.0,0.0,0.0,0.0,0,0,0,0.0
-4.0940967,rpoB_p.Gln980Arg,3) Uncertain significance,762745,0.058553665601987506,rpoB,762745,A,G,rpoBC,762745.0,0.0,-0.0014190641,0.0,1.0,0,0,0,-0.0014190641
-4.0933795,rpoB_p.Arg219Ser,3) Uncertain significance,760461,0.05858278133872835,rpoB,760461,C,A,rpoBC,760461.0,0.0,-0.0145288035,0.0,1.0,0,0,0,-0.0145288035
-4.090176,rpoB_p.Arg224Cys,3) Uncertain significance,760476,0.05871300875981825,rpoB,760476,C,T,rpoBC,760476.0,0.0017106733,0.0,0.0,0.0,0,0,0,0.0
-4.0950065,rpoB_p.Arg578Gly,3) Uncertain significance,761538,0.05851675181937183,rpoB,761538,C,G,rpoBC,761538.0,0.0,0.0,0.0,0.0,0,0,0,0.0
-4.0943456,rpoB_p.Arg578His,3) Uncertain significance,761539,0.05854356454123513,rpoB,761539,G,A,rpoBC,761539.0,0.0,-0.00092505553,0.0,1.0,0,0,0,-0.00092505553
-4.0990186,rpoB_p.Arg607Ser,3) Uncertain significance,761625,0.058354244218072025,rpoB,761625,C,A,rpoBC,761625.0,0.0,0.0,0.0,0.0,0,0,0,0.0
-4.1140504,rpoB_p.Arg665Trp,3) Uncertain significance,761799,0.05774939328969803,rpoB,761799,C,T,rpoBC,761799.0,0.0,0.0,0.0,0.0,0,0,0,0.0
-4.0954385,rpoB_p.Arg824Cys,3) Uncertain significance,762276,0.05849923221082997,rpoB,762276,C,T,rpoBC,762276.0,0.0,-0.0021255307,0.0,1.0,0,0,0,-0.0021255307
-4.0957446,rpoB_p.Arg824Leu,3) Uncertain significance,762277,0.05848682160778339,rpoB,762277,G,T,rpoBC,762277.0,0.0,0.0,0.0,0.0,0,0,0,0.0
-4.092302,rpoB_p.Arg827Ser,3) Uncertain significance,762285,0.05862655117446388,rpoB,762285,C,A,rpoBC,762285.0,0.0010843636,0.0,1.0,0.0,0,0,0,0.0010843636
-4.0901017,rpoB_p.Arg845Gln,3) Uncertain significance,762340,0.05871603260668965,rpoB,762340,G,A,rpoBC,762340.0,0.0,0.0,0.0,0.0,0,0,0,0.0
-4.097694,rpoB_p.Arg845Trp,3) Uncertain significance,762339,0.058407846348084116,rpoB,762339,C,T,rpoBC,762339.0,0.0,0.0,0.0,0.0,0,0,0,0.0
-4.0991826,rpoB_p.Arg871His,3) Uncertain significance,762418,0.05834761110999626,rpoB,762418,G,A,rpoBC,762418.0,0.0,-0.021948239,0.0,1.0,0,0,0,-0.021948239
-4.1130104,rpoB_p.Arg871Leu,3) Uncertain significance,762418,0.05779103828057407,rpoB,762418,G,T,rpoBC,762418.0,0.0,-0.021948239,0.0,1.0,0,0,0,-0.021948239
-4.096052,rpoB_p.Pro280Ser,3) Uncertain significance,760644,0.058474360946880584,rpoB,760644,C,T,rpoBC,760644.0,0.0,0.0,0.0,0.0,0,0,0,0.0
-4.098049,rpoB_p.Pro280Leu,3) Uncertain significance,760645,0.05839347585813344,rpoB,760645,C,T,rpoBC,760645.0,0.0,-0.002545666,0.0,1.0,0,0,0,-0.002545666
-4.0919137,rpoB_p.Asn75Thr,3) Uncertain significance,760030,0.05864233257870938,rpoB,760030,A,C,rpoBC,760030.0,0.0,0.0,0.0,0.0,0,0,0,0.0
-4.101903,rpoB_p.Asn604Ser,3) Uncertain significance,761617,0.0582376923272643,rpoB,761617,A,G,rpoBC,761617.0,0.0,0.0,0.0,0.0,0,0,0,0.0
-4.092105,rpoB_p.His533Asn,3) Uncertain significance,761403,0.058634557176305745,rpoB,761403,C,A,rpoBC,761403.0,0.0,-0.0005749413,0.0,1.0,0,0,0,-0.0005749413
-4.0933433,rpoB_p.His674Asn,3) Uncertain significance,761826,0.05858425131209817,rpoB,761826,C,A,rpoBC,761826.0,0.0,0.0,0.0,0.0,0,0,0,0.0
-4.104052,rpoB_p.His835Asp,3) Uncertain significance,762309,0.05815100759390276,rpoB,762309,C,G,rpoBC,762309.0,0.0,0.0,0.0,0.0,0,0,0,0.0
-4.092336,rpoB_p.His835Pro,3) Uncertain significance,762310,0.058625169538570256,rpoB,762310,A,C,rpoBC,762310.0,0.017879128,0.0,1.0,0.0,0,0,0,0.017879128
-4.0934386,rpoB_p.Ile1035Thr,3) Uncertain significance,762910,0.05858038154434037,rpoB,762910,T,C,rpoBC,762910.0,0.0,-0.003172145,0.0,1.0,0,0,0,-0.003172145
-4.0955076,rpoB_p.Ile1035Val,3) Uncertain significance,762909,0.058496430371198664,rpoB,762909,A,G,rpoBC,762909.0,0.0,0.0,0.0,0.0,0,0,0,0.0
-4.1015353,rpoB_p.Ile1046Val,3) Uncertain significance,762942,0.0582525372723074,rpoB,762942,A,G,rpoBC,762942.0,0.0013099477,0.0,1.0,0.0,0,0,0,0.0013099477
-4.092068,rpoB_p.Ile1111Val,3) Uncertain significance,763137,0.05863606096357469,rpoB,763137,A,G,rpoBC,763137.0,0.0,0.0,0.0,0.0,0,0,0,0.0
-4.1026473,rpoB_p.Ile199Thr,3) Uncertain significance,760402,0.05820765470066474,rpoB,760402,T,C,rpoBC,760402.0,0.0,0.0,0.0,0.0,0,0,0,0.0
-3.9842901,rpoB_p.Ile488Met,3) Uncertain significance,761270,0.06318429855078816,rpoB,761270,C,G,rpoBC,761270.0,0.0,0.0,0.0,0.0,0,0,0,0.0
-3.67116,rpoB_p.Ile491Ser,3) Uncertain significance,761278,0.0785001923887678,rpoB,761278,T,G,rpoBC,761278.0,0.07346613,-0.2976688,1.0,1.0,0,0,0,-0.112101335
-4.0883727,rpoB_p.Ser567Pro,3) Uncertain significance,761505,0.058786443105940216,rpoB,761505,T,C,rpoBC,761505.0,0.0,0.0,0.0,0.0,0,0,0,0.0
-4.101355,rpoB_p.Ile909Val,3) Uncertain significance,762531,0.05825981780526751,rpoB,762531,A,G,rpoBC,762531.0,0.0,0.0,0.0,0.0,0,0,0,0.0
-4.09775,rpoB_p.Lys1095Arg,3) Uncertain significance,763090,0.058405579218980076,rpoB,763090,A,G,rpoBC,763090.0,0.0,-0.00250682,0.0,1.0,0,0,0,-0.00250682
-4.0906377,rpoB_p.Lys110Arg,3) Uncertain significance,760135,0.05869422207362439,rpoB,760135,A,G,rpoBC,760135.0,0.0,0.0,0.0,0.0,0,0,0,0.0
-4.09648,rpoB_p.Lys274Glu,3) Uncertain significance,760626,0.058457016106982514,rpoB,760626,A,G,rpoBC,760626.0,0.0,0.0,0.0,0.0,0,0,0,0.0
-4.102465,rpoB_p.Lys274Asn,3) Uncertain significance,760628,0.05821501032718485,rpoB,760628,G,T,rpoBC,760628.0,0.0,0.0,0.0,0.0,0,0,0,0.0
-4.0964003,rpoB_p.Lys832Gln,3) Uncertain significance,762300,0.05846024558566317,rpoB,762300,A,C,rpoBC,762300.0,0.0012595688,0.0,1.0,0.0,0,0,0,0.0012595688
-4.0865107,rpoB_p.Lys891Thr,3) Uncertain significance,762478,0.05886236422670245,rpoB,762478,A,C,rpoBC,762478.0,0.0,-0.004156896,0.0,1.0,0,0,0,-0.004156896
-4.113469,rpoB_p.Leu232Arg,3) Uncertain significance,760501,0.05777267074100092,rpoB,760501,T,G,rpoBC,760501.0,0.0,0.0,0.0,0.0,0,0,0,0.0
-4.067222,rpoB_p.Leu42Phe,3) Uncertain significance,759930,0.05965463310158094,rpoB,759930,C,T,rpoBC,759930.0,0.0,-0.001940526,0.0,0.0,0,0,0,0.0
-4.0957913,rpoB_p.Leu775Pro,3) Uncertain significance,762130,0.058484928421569,rpoB,762130,T,C,rpoBC,762130.0,0.0,0.0,0.0,0.0,0,0,0,0.0
-4.0986037,rpoB_p.Met707Thr,3) Uncertain significance,761926,0.05837102853976194,rpoB,761926,T,C,rpoBC,761926.0,0.0,0.0,0.0,0.0,0,0,0,0.0
-4.0969815,rpoB_p.Asn135Asp,3) Uncertain significance,760209,0.05843669920147738,rpoB,760209,A,G,rpoBC,760209.0,0.0,0.0,0.0,0.0,0,0,0,0.0
-4.101176,rpoB_p.Asn501Lys,3) Uncertain significance,761309,0.05826704674421041,rpoB,761309,C,A,rpoBC,761309.0,0.0,0.0,0.0,0.0,0,0,0,0.0
-4.106445,rpoB_p.Lys1054Arg,3) Uncertain significance,762967,0.05805463239856901,rpoB,762967,A,G,rpoBC,762967.0,0.0,0.0,0.0,0.0,0,0,0,0.0
-4.0858493,rpoB_p.His1028Asp,3) Uncertain significance,762888,0.058889355719707284,rpoB,762888,C,G,rpoBC,762888.0,0.0,0.0,0.0,0.0,0,0,0,0.0
-4.0904393,rpoB_p.Ser582Thr,3) Uncertain significance,761550,0.05870229428159214,rpoB,761550,T,A,rpoBC,761550.0,0.0,-0.0014701555,0.0,1.0,0,0,0,-0.0014701555
-4.100529,rpoB_p.Ser88Pro,3) Uncertain significance,760068,0.0582931834070208,rpoB,760068,T,C,rpoBC,760068.0,0.0,0.0,0.0,0.0,0,0,0,0.0
-4.090652,rpoB_p.Pro700Leu,3) Uncertain significance,761905,0.058693640299103664,rpoB,761905,C,T,rpoBC,761905.0,0.00021367543,0.0,0.0,0.0,0,0,0,0.0
-4.099655,rpoB_p.Ser195Arg,3) Uncertain significance,760389,0.058328508736673765,rpoB,760389,A,C,rpoBC,760389.0,0.0,0.0,0.0,0.0,0,0,0,0.0
-4.084694,rpoB_p.Thr676Pro,3) Uncertain significance,761832,0.05893653278688338,rpoB,761832,A,C,rpoBC,761832.0,0.0009125766,0.0,0.0,0.0,0,0,0,0.0
-4.1061645,rpoB_p.Thr9Ile,3) Uncertain significance,759832,0.058065920929472194,rpoB,759832,C,T,rpoBC,759832.0,0.0,-0.0035453057,0.0,1.0,0,0,0,-0.0035453057
-4.0977015,rpoB_p.Met121Ile,3) Uncertain significance,760169,0.058407542709618204,rpoB,760169,G,T,rpoBC,760169.0,0.0,-0.008099055,0.0,1.0,0,0,0,-0.008099055
-4.1028247,rpoB_p.Gly945Glu,3) Uncertain significance,762640,0.058200497676615844,rpoB,762640,G,A,rpoBC,762640.0,0.0,-0.00026037468,0.0,0.0,0,0,0,0.0
-4.0987744,rpoB_p.Asp545Glu,3) Uncertain significance,761441,0.05836412247517787,rpoB,761441,C,A,rpoBC,761441.0,0.0,-0.005681241,0.0,1.0,0,0,0,-0.005681241
-4.112585,rpoB_p.His194Tyr,3) Uncertain significance,760386,0.05780808133670692,rpoB,760386,C,T,rpoBC,760386.0,0.0,0.0,0.0,0.0,0,0,0,0.0
-4.104536,rpoB_c.-6T>C,3) Uncertain significance,759801,0.0581315021777869,rpoB,759801,T,C,rpoBC,759801.0,0.0,-0.007065039,0.0,0.0,0,0,0,0.0
-4.101648,rpoB_p.His343Gln,3) Uncertain significance,760835,0.05824798689655403,rpoB,760835,C,A,rpoBC,760835.0,0.0,-0.0021951746,0.0,1.0,0,0,0,-0.0021951746
-4.131595,rpoB_p.Arg791Cys,3) Uncertain significance,762177,0.05705135650587098,rpoB,762177,C,T,rpoBC,762177.0,0.0,-0.0052339653,0.0,1.0,0,0,0,-0.0052339653
-3.8228586,rpoB_p.Pro454Ser,3) Uncertain significance,761166,0.07066508606243886,rpoB,761166,C,T,rpoBC,761166.0,0.032920912,0.0,1.0,0.0,0,0,0,0.032920912
-4.106467,rpoB_p.His674Gln,3) Uncertain significance,761828,0.05805374711641412,rpoB,761828,C,A,rpoBC,761828.0,0.0,0.0,0.0,0.0,0,0,0,0.0
-4.0792994,rpoB_p.His1028Arg,3) Uncertain significance,762889,0.05915732386147937,rpoB,762889,A,G,rpoBC,762889.0,0.0156123955,0.0,1.0,0.0,0,0,0,0.0156123955
-4.0964794,rpoB_p.Ala753Thr,3) Uncertain significance,762063,0.058457040418577105,rpoB,762063,G,A,rpoBC,762063.0,0.0,-0.0006032022,0.0,1.0,0,0,0,-0.0006032022
-4.0882716,rpoB_p.Thr399Asn,3) Uncertain significance,761002,0.05879056283844058,rpoB,761002,C,A,rpoBC,761002.0,0.0,-0.00051424734,0.0,0.0,0,0,0,0.0
-4.101878,rpoB_c.-45T>G,3) Uncertain significance,759762,0.05823870151831422,rpoB,759762,T,G,rpoBC,759762.0,0.0,0.0,0.0,0.0,0,0,0,0.0
-4.0826564,rpoB_p.Thr482Ile,3) Uncertain significance,761251,0.0590198310031015,rpoB,761251,C,T,rpoBC,761251.0,0.011945524,-0.008300183,1.0,1.0,0,0,0,0.0018226705000000008
-4.105761,rpoB_p.Thr508Pro,3) Uncertain significance,761328,0.05808216336130205,rpoB,761328,A,C,rpoBC,761328.0,0.0,-0.008150282,0.0,1.0,0,0,0,-0.008150282
-4.094167,rpoB_p.Thr585Ala,3) Uncertain significance,761559,0.058550812454034415,rpoB,761559,A,G,rpoBC,761559.0,0.0,0.0,0.0,0.0,0,0,0,0.0
-4.0905375,rpoB_p.Thr676Ala,3) Uncertain significance,761832,0.05869829872539278,rpoB,761832,A,G,rpoBC,761832.0,0.0009125766,0.0,0.0,0.0,0,0,0,0.0
-4.099506,rpoB_p.Thr742Ala,3) Uncertain significance,762030,0.058334533153731286,rpoB,762030,A,G,rpoBC,762030.0,0.0,0.0,0.0,0.0,0,0,0,0.0
-4.0883756,rpoB_p.Thr928Asn,3) Uncertain significance,762589,0.058786324937852824,rpoB,762589,C,A,rpoBC,762589.0,0.0,0.0,0.0,0.0,0,0,0,0.0
-3.7948837,rpoB_p.Val168Gly,3) Uncertain significance,760309,0.0720487045042807,rpoB,760309,T,G,rpoBC,760309.0,0.24225011,0.0,1.0,0.0,0,0,0,0.24225011
-4.011728,rpoB_p.Val170Gly,3) Uncertain significance,760315,0.061993982668967856,rpoB,760315,T,G,rpoBC,760315.0,0.0,-0.038217925,0.0,1.0,0,0,0,-0.038217925
-4.1259885,rpoB_p.Val228Ile,3) Uncertain significance,760488,0.05727349682846263,rpoB,760488,G,A,rpoBC,760488.0,0.0,-0.024013417,0.0,1.0,0,0,0,-0.024013417
-4.090764,rpoB_p.Val355Ile,3) Uncertain significance,760869,0.0586890839428621,rpoB,760869,G,A,rpoBC,760869.0,0.0,-0.0021670558,0.0,0.0,0,0,0,0.0
-4.172778,rpoB_p.Ser874Phe,3) Uncertain significance,762427,0.05544580034184243,rpoB,762427,C,T,rpoBC,762427.0,0.0,-0.013624988,0.0,1.0,0,0,0,-0.013624988
-4.0982385,rpoB_p.Val394Leu,3) Uncertain significance,760986,0.05838580629758547,rpoB,760986,G,C,rpoBC,760986.0,0.0,-0.0041466854,0.0,1.0,0,0,0,-0.0041466854
-4.0956044,rpoB_p.Val496Gly,3) Uncertain significance,761293,0.058492505588526075,rpoB,761293,T,G,rpoBC,761293.0,0.031492624,-0.018051704,1.0,1.0,0,0,0,0.006720459999999999
-4.1018767,rpoB_p.Val523Leu,3) Uncertain significance,761373,0.05823875399672715,rpoB,761373,G,T,rpoBC,761373.0,0.0,-0.0075145783,0.0,1.0,0,0,0,-0.0075145783
-4.099266,rpoB_p.Val534Gly,3) Uncertain significance,761407,0.05834423822107806,rpoB,761407,T,G,rpoBC,761407.0,0.0045802863,0.0,1.0,0.0,0,0,0,0.0045802863
-4.0899353,rpoB_p.Val797Leu,3) Uncertain significance,762195,0.058722805286310055,rpoB,762195,G,C,rpoBC,762195.0,0.0,0.0,0.0,0.0,0,0,0,0.0
-4.0928044,rpoB_p.Val833Met,3) Uncertain significance,762303,0.05860613878613102,rpoB,762303,G,A,rpoBC,762303.0,0.0,0.0,0.0,0.0,0,0,0,0.0
-4.0918727,rpoB_p.Val867Met,3) Uncertain significance,762405,0.05864399916085763,rpoB,762405,G,A,rpoBC,762405.0,0.0,-0.0005085138,0.0,1.0,0,0,0,-0.0005085138
-4.1048093,rpoB_p.Val996Ala,3) Uncertain significance,762793,0.05812049095617456,rpoB,762793,T,C,rpoBC,762793.0,0.0,0.0,0.0,0.0,0,0,0,0.0
-4.0959773,rpoB_p.Val996Gly,3) Uncertain significance,762793,0.058477388716246345,rpoB,762793,T,G,rpoBC,762793.0,0.0,0.0,0.0,0.0,0,0,0,0.0
-4.09795,rpoB_p.Tyr1015Cys,3) Uncertain significance,762850,0.058397483047663935,rpoB,762850,A,G,rpoBC,762850.0,0.0,0.0,0.0,0.0,0,0,0,0.0
-4.0954742,rpoB_p.Tyr474His,3) Uncertain significance,761226,0.058497784644510296,rpoB,761226,T,C,rpoBC,761226.0,0.0,-0.0011606895,0.0,0.0,0,0,0,0.0
-4.0968313,rpoB_p.Tyr510His,3) Uncertain significance,761334,0.05844278340422778,rpoB,761334,T,C,rpoBC,761334.0,0.0,0.0,0.0,0.0,0,0,0,0.0
-4.056466,rpoB_p.Val44Gly,3) Uncertain significance,759937,0.06010104974603979,rpoB,759937,T,G,rpoBC,759937.0,0.0,0.0,0.0,0.0,0,0,0,0.0
-4.0923753,rpoB_p.Gly992Arg,3) Uncertain significance,762780,0.0586235725705923,rpoB,762780,G,C,rpoBC,762780.0,0.0,0.0,0.0,0.0,0,0,0,0.0
-4.094255,rpoB_p.Gly981Asp,3) Uncertain significance,762748,0.05854724114186473,rpoB,762748,G,A,rpoBC,762748.0,0.0,0.0,0.0,0.0,0,0,0,0.0
-4.1045527,rpoB_p.Gly915Ser,3) Uncertain significance,762549,0.05813082927711135,rpoB,762549,G,A,rpoBC,762549.0,0.0,-0.00034545094,0.0,0.0,0,0,0,0.0
-4.0958266,rpoB_p.Asn539Lys,3) Uncertain significance,761423,0.058483497424263585,rpoB,761423,T,A,rpoBC,761423.0,0.0037500977,-0.005129907,1.0,1.0,0,0,0,-0.0006899046500000003
-4.1014285,rpoB_p.Asn673Ser,3) Uncertain significance,761824,0.058256849757682506,rpoB,761824,A,G,rpoBC,761824.0,0.0,0.0,0.0,0.0,0,0,0,0.0
-4.08378,rpoB_p.Pro483Ser,3) Uncertain significance,761253,0.05897388306307751,rpoB,761253,C,T,rpoBC,761253.0,0.0,0.0,0.0,0.0,0,0,0,0.0
-4.1088767,rpoB_p.Pro768Leu,3) Uncertain significance,762109,0.05795686222653124,rpoB,762109,C,T,rpoBC,762109.0,0.0,0.0,0.0,0.0,0,0,0,0.0
-4.08981,rpoB_p.Gln401Arg,3) Uncertain significance,761008,0.058727905662223,rpoB,761008,A,G,rpoBC,761008.0,0.0,-0.0031736428,0.0,1.0,0,0,0,-0.0031736428
-4.1089907,rpoB_p.Arg1008Cys,3) Uncertain significance,762828,0.05795228272700317,rpoB,762828,C,T,rpoBC,762828.0,0.0,0.0,0.0,0.0,0,0,0,0.0
-4.100251,rpoB_p.Arg219Leu,3) Uncertain significance,760462,0.05830441728943344,rpoB,760462,G,T,rpoBC,760462.0,0.0,-0.0056953076,0.0,1.0,0,0,0,-0.0056953076
-4.0876675,rpoB_p.Arg225Gly,3) Uncertain significance,760479,0.058815185378009185,rpoB,760479,C,G,rpoBC,760479.0,0.0,-0.0029043858,0.0,0.0,0,0,0,0.0
-4.095453,rpoB_p.Ser540Pro,3) Uncertain significance,761424,0.05849864425940548,rpoB,761424,T,C,rpoBC,761424.0,0.0,0.0,0.0,0.0,0,0,0,0.0
-4.0898347,rpoB_p.Thr399Ala,3) Uncertain significance,761001,0.05872690020589902,rpoB,761001,A,G,rpoBC,761001.0,0.0,-0.0021654237,0.0,1.0,0,0,0,-0.0021654237
-4.0929446,rpoB_p.Thr399Pro,3) Uncertain significance,761001,0.0586004437631377,rpoB,761001,A,C,rpoBC,761001.0,0.0,-0.0021654237,0.0,1.0,0,0,0,-0.0021654237
-4.008613,rpoB_p.Val168Met,3) Uncertain significance,760308,0.06212798180189642,rpoB,760308,G,A,rpoBC,760308.0,0.0,0.0,0.0,0.0,0,0,0,0.0
-4.0904155,rpoB_p.Val262Ala,3) Uncertain significance,760591,0.05870326269562866,rpoB,760591,T,C,rpoBC,760591.0,0.0,0.0,0.0,0.0,0,0,0,0.0
-4.0927606,rpoB_p.Val305Ile,3) Uncertain significance,760719,0.058607918086518544,rpoB,760719,G,A,rpoBC,760719.0,0.0034215911,0.0,1.0,0.0,0,0,0,0.0034215911
-4.0843987,rpoB_p.Val50Gly,3) Uncertain significance,759955,0.058948597526094784,rpoB,759955,T,G,rpoBC,759955.0,0.0,0.0,0.0,0.0,0,0,0,0.0
-4.094965,rpoB_p.Val800Ala,3) Uncertain significance,762205,0.05851843511352608,rpoB,762205,T,C,rpoBC,762205.0,0.0,0.0,0.0,0.0,0,0,0,0.0
-4.118084,rpoB_p.Val970Ala,3) Uncertain significance,762715,0.05758815850594801,rpoB,762715,T,C,rpoBC,762715.0,0.0,-0.014994036,0.0,1.0,0,0,0,-0.014994036
-4.1149673,rpoB_p.Val970Met,3) Uncertain significance,762714,0.057712702516845474,rpoB,762714,G,A,rpoBC,762714.0,0.0,0.0,0.0,0.0,0,0,0,0.0
-4.0999875,rpoB_p.Gly217Ser,3) Uncertain significance,760455,0.058315067230417024,rpoB,760455,G,A,rpoBC,760455.0,0.0,0.0,0.0,0.0,0,0,0,0.0
-4.0968127,rpoB_p.Asn1155Ser,3) Uncertain significance,763270,0.058443536884864956,rpoB,763270,A,G,rpoBC,763270.0,0.001164983,0.0,1.0,0.0,0,0,0,0.001164983
-4.0651355,rpoB_p.Pro483Leu,3) Uncertain significance,761254,0.059740971127893464,rpoB,761254,C,T,rpoBC,761254.0,0.041122254,0.0,1.0,0.0,0,0,0,0.041122254
-3.991349,rpoB_p.Arg167His,3) Uncertain significance,760306,0.06287590192202917,rpoB,760306,G,A,rpoBC,760306.0,0.0,0.0,0.0,0.0,0,0,0,0.0
-4.1009645,rpoB_p.Ala960Glu,3) Uncertain significance,762685,0.05827558935605576,rpoB,762685,C,A,rpoBC,762685.0,0.0,-0.0059030876,0.0,1.0,0,0,0,-0.0059030876
-3.7741783,rpoB_p.Pro454His,3) Uncertain significance,761167,0.07309019536356796,rpoB,761167,C,A,rpoBC,761167.0,0.32951844,0.0,1.0,0.0,0,0,0,0.32951844
-4.0919976,rpoB_p.Pro30Ala,3) Uncertain significance,759894,0.058638922330179644,rpoB,759894,C,G,rpoBC,759894.0,0.0,0.0,0.0,0.0,0,0,0,0.0
-4.1065264,rpoB_p.Asn487His,3) Uncertain significance,761265,0.05805135692202674,rpoB,761265,A,C,rpoBC,761265.0,0.0,-0.06475769,0.0,1.0,0,0,0,-0.06475769
-4.095615,rpoB_p.Asn24Lys,3) Uncertain significance,759878,0.05849207582460239,rpoB,759878,C,A,rpoBC,759878.0,0.000751687,0.0,0.0,0.0,0,0,0,0.0
-4.103013,rpoB_p.Met587Thr,3) Uncertain significance,761566,0.05819290186583064,rpoB,761566,T,C,rpoBC,761566.0,0.0,-0.0013995293,0.0,1.0,0,0,0,-0.0013995293
-4.097916,rpoB_p.Asp92Gly,3) Uncertain significance,760081,0.058398859317605856,rpoB,760081,A,G,rpoBC,760081.0,0.0,-0.0010718673,0.0,1.0,0,0,0,-0.0010718673
-4.1286697,rpoB_p.Asn487Ser,3) Uncertain significance,761266,0.05716715481640252,rpoB,761266,A,G,rpoBC,761266.0,0.0,0.0,0.0,0.0,0,0,0,0.0
-4.0764666,rpoB_p.Pro45Ala,3) Uncertain significance,759939,0.059273596182725985,rpoB,759939,C,G,rpoBC,759939.0,0.011608681,0.0,1.0,0.0,0,0,0,0.011608681
-4.1103435,rpoB_p.Ser672Phe,3) Uncertain significance,761821,0.05789796694929652,rpoB,761821,C,T,rpoBC,761821.0,0.0,-0.00871121,0.0,1.0,0,0,0,-0.00871121
-4.094933,rpoB_p.His674Arg,3) Uncertain significance,761827,0.05851973310834716,rpoB,761827,A,G,rpoBC,761827.0,0.0,-0.012666084,0.0,1.0,0,0,0,-0.012666084
-4.0964346,rpoB_p.Asp634Gly,3) Uncertain significance,761707,0.058458855712869295,rpoB,761707,A,G,rpoBC,761707.0,0.0,-0.0009110989,0.0,0.0,0,0,0,0.0
-3.8635554,rpoB_p.Lys422_Thr427del,3) Uncertain significance,761068,0.06869955670139927,rpoB,761069,CAAGGAGTTCTTCGGCACC,C,rpoBC,761069.0,0.0,0.0,0.0,0.0,0,0,0,0.21652591770000001
-4.0962915,rpoB_p.Ala538Val,3) Uncertain significance,761419,0.0584646544970278,rpoB,761419,C,T,rpoBC,761419.0,0.0,0.0,0.0,0.0,0,0,0,0.0
-4.0961576,rpoB_p.Ala584Gly,3) Uncertain significance,761557,0.05847008099418324,rpoB,761557,C,G,rpoBC,761557.0,0.00017481718,-0.00032838446,0.0,0.0,0,0,0,0.0
-4.0938444,rpoB_c.-87C>T,3) Uncertain significance,759720,0.05856390642298886,rpoB,759720,C,T,rpoBC,759720.0,0.0,-2.3561879e-05,0.0,0.0,0,0,0,0.0
-4.102798,rpoB_p.Asp595Glu,3) Uncertain significance,761591,0.05820157480492332,rpoB,761591,C,A,rpoBC,761591.0,0.0,0.0,0.0,0.0,0,0,0,0.0
-4.093513,rpoB_p.His749Tyr,3) Uncertain significance,762051,0.058577360623158735,rpoB,762051,C,T,rpoBC,762051.0,0.0017772866,0.0,1.0,0.0,0,0,0,0.0017772866
-4.1011024,rpoB_p.Glu156Gly,3) Uncertain significance,760273,0.05827001935027737,rpoB,760273,A,G,rpoBC,760273.0,0.0,0.0,0.0,0.0,0,0,0,0.0
-4.093635,rpoB_p.Phe151Leu,3) Uncertain significance,760259,0.05857240729925002,rpoB,760259,C,A,rpoBC,760259.0,0.0,-0.0027129794,0.0,1.0,0,0,0,-0.0027129794
-3.694038,rpoB_p.Gly453Ala,3) Uncertain significance,761164,0.07726516864767241,rpoB,761164,G,C,rpoBC,761164.0,0.2219556,0.0,1.0,0.0,0,0,0,0.2219556
-4.0938735,rpoB_p.Gly79Ser,3) Uncertain significance,760041,0.05856272516676958,rpoB,760041,G,A,rpoBC,760041.0,0.0,0.0,0.0,0.0,0,0,0,0.0
-4.087465,rpoB_p.Gly836Ser,3) Uncertain significance,762312,0.05882344139234581,rpoB,762312,G,A,rpoBC,762312.0,0.0,-0.0054296823,0.0,1.0,0,0,0,-0.0054296823
-4.034651,rpoB_p.Ile488Leu,3) Uncertain significance,761268,0.06101674372409239,rpoB,761268,A,C,rpoBC,761268.0,0.053574696,0.0,1.0,0.0,0,0,0,0.053574696
-4.089724,rpoB_p.Ile90Leu,3) Uncertain significance,760074,0.0587314065756396,rpoB,760074,A,C,rpoBC,760074.0,0.0007155215,0.0,1.0,0.0,0,0,0,0.0007155215
-4.09014,rpoB_p.Lys1102Thr,3) Uncertain significance,763111,0.05871447386133114,rpoB,763111,A,C,rpoBC,763111.0,0.0,0.0,0.0,0.0,0,0,0,0.0
-3.9112966,rpoB_p.Leu173Pro,3) Uncertain significance,760324,0.06646337661478442,rpoB,760324,T,C,rpoBC,760324.0,0.11923227,0.0,1.0,0.0,0,0,0,0.11923227
-3.9972436,rpoB_p.Leu490Val,3) Uncertain significance,761274,0.06261952607688828,rpoB,761274,C,G,rpoBC,761274.0,0.0,0.0,0.0,0.0,0,0,0,0.0
-4.089432,rpoB_p.Leu525Pro,3) Uncertain significance,761380,0.05874329495528939,rpoB,761380,T,C,rpoBC,761380.0,0.0014570884,0.0,1.0,0.0,0,0,0,0.0014570884
-4.093255,rpoB_p.Leu554Val,3) Uncertain significance,761466,0.0585878370648412,rpoB,761466,C,G,rpoBC,761466.0,0.0,0.0,0.0,0.0,0,0,0,0.0
-4.1000915,rpoB_p.Leu778Val,3) Uncertain significance,762138,0.05831086360579159,rpoB,762138,C,G,rpoBC,762138.0,0.0,-0.004932039,0.0,1.0,0,0,0,-0.004932039
-4.0913873,rpoB_p.Glu807Gly,3) Uncertain significance,762226,0.05866373346757763,rpoB,762226,A,G,rpoBC,762226.0,0.00017078352,0.0,0.0,0.0,0,0,0,0.0
-4.0994344,rpoB_p.Met390Thr,3) Uncertain significance,760975,0.05833742832984396,rpoB,760975,T,C,rpoBC,760975.0,0.0,-0.002738073,0.0,1.0,0,0,0,-0.002738073
-4.0956063,rpoB_p.Asp631Gly,3) Uncertain significance,761698,0.05849242855513767,rpoB,761698,A,G,rpoBC,761698.0,0.0,-0.0017963854,0.0,0.0,0,0,0,0.0
-4.0852337,rpoB_p.Glu1140Gln,3) Uncertain significance,763224,0.05891448925236979,rpoB,763224,G,C,rpoBC,763224.0,0.0,0.0,0.0,0.0,0,0,0,0.0
-4.087112,rpoB_p.Glu166Gly,3) Uncertain significance,760303,0.058837836129133785,rpoB,760303,A,G,rpoBC,760303.0,0.0,0.0,0.0,0.0,0,0,0,0.0
-4.029908,rpoB_p.Glu166Lys,3) Uncertain significance,760302,0.06121767229755281,rpoB,760302,G,A,rpoBC,760302.0,0.0,0.0,0.0,0.0,0,0,0,0.0
-4.085177,rpoB_p.Glu284Gly,3) Uncertain significance,760657,0.05891680472243733,rpoB,760657,A,G,rpoBC,760657.0,0.0,0.0,0.0,0.0,0,0,0,0.0
-4.0921807,rpoB_p.Glu291Lys,3) Uncertain significance,760677,0.05863148062900773,rpoB,760677,G,A,rpoBC,760677.0,0.0,0.0,0.0,0.0,0,0,0,0.0
-4.1015825,rpoB_p.Glu330Asp,3) Uncertain significance,760796,0.05825063148161399,rpoB,760796,A,T,rpoBC,760796.0,0.0,0.0,0.0,0.0,0,0,0,0.0
-4.1028495,rpoB_p.Glu377Val,3) Uncertain significance,760936,0.058199497215745265,rpoB,760936,A,T,rpoBC,760936.0,0.0,0.0,0.0,0.0,0,0,0,0.0
-4.112298,rpoB_p.Glu423Ala,3) Uncertain significance,761074,0.05781958242960977,rpoB,761074,A,C,rpoBC,761074.0,0.0,0.0,0.0,0.0,0,0,0,0.0
-4.0507426,rpoB_p.Glu423Gly,3) Uncertain significance,761074,0.06033995371242895,rpoB,761074,A,G,rpoBC,761074.0,0.0,0.0,0.0,0.0,0,0,0,0.0
-4.098516,rpoB_p.Glu550Lys,3) Uncertain significance,761454,0.058374576964518865,rpoB,761454,G,A,rpoBC,761454.0,0.0,0.0,0.0,0.0,0,0,0,0.0
-4.1035056,rpoB_p.Glu563Ala,3) Uncertain significance,761494,0.058173035622922246,rpoB,761494,A,C,rpoBC,761494.0,0.0,0.0,0.0,0.0,0,0,0,0.0
-4.0982904,rpoB_p.Asp571Tyr,3) Uncertain significance,761517,0.05838370594459577,rpoB,761517,G,T,rpoBC,761517.0,0.0,0.0,0.0,0.0,0,0,0,0.0
-4.090565,rpoB_p.Glu750Gln,3) Uncertain significance,762054,0.05869717985564922,rpoB,762054,G,C,rpoBC,762054.0,0.0026883618,0.0,1.0,0.0,0,0,0,0.0026883618
-4.09555,rpoB_p.Glu821Val,3) Uncertain significance,762268,0.05849471121910398,rpoB,762268,A,T,rpoBC,762268.0,0.0,-0.00034531706,0.0,0.0,0,0,0,0.0
-4.0978575,rpoB_p.Glu82Gly,3) Uncertain significance,760051,0.05840122738739109,rpoB,760051,A,G,rpoBC,760051.0,0.0,0.0,0.0,0.0,0,0,0,0.0
-4.0893946,rpoB_p.Glu896Lys,3) Uncertain significance,762492,0.05874481781885133,rpoB,762492,G,A,rpoBC,762492.0,0.0048088287,0.0,1.0,0.0,0,0,0,0.0048088287
-4.0968738,rpoB_p.Phe424Cys,3) Uncertain significance,761077,0.058441061777938404,rpoB,761077,T,G,rpoBC,761077.0,0.0,0.0,0.0,0.0,0,0,0,0.0
-4.108385,rpoB_p.Phe503Val,3) Uncertain significance,761313,0.05797661847795477,rpoB,761313,T,G,rpoBC,761313.0,0.0,0.0,0.0,0.0,0,0,0,0.0
-4.0928125,rpoB_p.Gly158Ser,3) Uncertain significance,760278,0.05860580974334786,rpoB,760278,G,A,rpoBC,760278.0,0.0,0.0,0.0,0.0,0,0,0,0.0
-4.0973196,rpoB_p.Gly203Arg,3) Uncertain significance,760413,0.0584230059866872,rpoB,760413,G,C,rpoBC,760413.0,0.0,0.0,0.0,0.0,0,0,0,0.0
-3.7833147,rpoB_p.Gly453Arg,3) Uncertain significance,761163,0.0726287872262557,rpoB,761163,G,C,rpoBC,761163.0,0.0,0.0,0.0,0.0,0,0,0,0.0
-4.095407,rpoB_c.-50G>A,3) Uncertain significance,759757,0.058500509504977205,rpoB,759757,G,A,rpoBC,759757.0,0.0,0.0,0.0,0.0,0,0,0,0.0
-4.0915127,rpoB_p.Gly602Ala,3) Uncertain significance,761611,0.05865863459895699,rpoB,761611,G,C,rpoBC,761611.0,0.0,0.0,0.0,0.0,0,0,0,0.0
-4.087204,rpoB_p.Gly699Ser,3) Uncertain significance,761901,0.05883408418698435,rpoB,761901,G,A,rpoBC,761901.0,0.0015629181,0.0,0.0,0.0,0,0,0,0.0
-4.097006,rpoB_p.Gly890Cys,3) Uncertain significance,762474,0.05843570683168798,rpoB,762474,G,T,rpoBC,762474.0,0.0,-0.0010868248,0.0,1.0,0,0,0,-0.0010868248
-4.0917764,rpoB_p.Glu807Gln,3) Uncertain significance,762225,0.05864791378276044,rpoB,762225,G,C,rpoBC,762225.0,0.0,0.0,0.0,0.0,0,0,0,0.0
-4.0943975,rpoB_p.Val581Met,3) Uncertain significance,761547,0.05854145851309899,rpoB,761547,G,A,rpoBC,761547.0,0.0,0.0,0.0,0.0,0,0,0,0.0
-4.09987,rpoB_p.Asp531Tyr,3) Uncertain significance,761397,0.05831981688245272,rpoB,761397,G,T,rpoBC,761397.0,0.0,0.0,0.0,0.0,0,0,0,0.0
-4.096347,rpoB_p.Asp363Asn,3) Uncertain significance,760893,0.05846240542440994,rpoB,760893,G,A,rpoBC,760893.0,0.0,0.0,0.0,0.0,0,0,0,0.0
-4.0476832,rpoB_p.Ala670dup,3) Uncertain significance,761813,0.06046804726276379,rpoB,761813,T,TGCC,rpoBC,761813.0,0.0049017277,0.0,0.0,0.0,0,0,0,0.0
-4.1020694,rpoB_p.Gly876dup,3) Uncertain significance,762431,0.05823097559719596,rpoB,762431,C,CGGT,rpoBC,762431.0,0.0,0.0,0.0,0.0,0,0,0,-0.004490893
-4.1013694,rpoB_p.Ala1055Pro,3) Uncertain significance,762969,0.0582592362983199,rpoB,762969,G,C,rpoBC,762969.0,0.0,0.0,0.0,0.0,0,0,0,0.0
-4.1009817,rpoB_p.Ala1153Val,3) Uncertain significance,763264,0.05827489459095742,rpoB,763264,C,T,rpoBC,763264.0,0.0,-0.004490893,0.0,1.0,0,0,0,-0.004490893
-4.092428,rpoB_p.Ala2Thr,3) Uncertain significance,759810,0.058621431157639216,rpoB,759810,G,A,rpoBC,759810.0,0.0,0.0,0.0,0.0,0,0,0,0.0
-4.0961757,rpoB_c.-42A>G,3) Uncertain significance,759765,0.05846934743525548,rpoB,759765,A,G,rpoBC,759765.0,0.0,0.0,0.0,0.0,0,0,0,0.0
-3.9895182,rpoB_p.Ala498Val,3) Uncertain significance,761299,0.06295574296189149,rpoB,761299,C,T,rpoBC,761299.0,0.06953001,0.0,1.0,0.0,0,0,0,0.06953001
-4.0924015,rpoB_p.Ala538Pro,3) Uncertain significance,761418,0.05862250794944142,rpoB,761418,G,C,rpoBC,761418.0,0.0,-0.0013888215,0.0,1.0,0,0,0,-0.0013888215
-4.1047726,rpoB_p.Ala559Val,3) Uncertain significance,761482,0.05812196947317802,rpoB,761482,C,T,rpoBC,761482.0,0.0,0.0,0.0,0.0,0,0,0,0.0
-4.1097236,rpoB_p.Ala599Thr,3) Uncertain significance,761601,0.05792285000541397,rpoB,761601,G,A,rpoBC,761601.0,0.0,0.0,0.0,0.0,0,0,0,0.0
-4.149687,rpoB_p.Ala599Val,3) Uncertain significance,761602,0.05634037591737706,rpoB,761602,C,T,rpoBC,761602.0,0.0,0.0,0.0,0.0,0,0,0,0.0
-4.100332,rpoB_p.Asp531Glu,3) Uncertain significance,761399,0.058301143884387716,rpoB,761399,C,A,rpoBC,761399.0,0.0,0.0,0.0,0.0,0,0,0,0.0
-4.093493,rpoB_p.Ala628Pro,3) Uncertain significance,761688,0.058578172683434716,rpoB,761688,G,C,rpoBC,761688.0,0.0,0.0,0.0,0.0,0,0,0,0.0
-4.1001496,rpoB_p.Ala708Ser,3) Uncertain significance,761928,0.05830851536665397,rpoB,761928,G,T,rpoBC,761928.0,0.0,0.0,0.0,0.0,0,0,0,0.0
-4.1015325,rpoB_c.-90A>G,3) Uncertain significance,759717,0.05825265032964662,rpoB,759717,A,G,rpoBC,759717.0,0.0,0.0,0.0,0.0,0,0,0,0.0
-4.1001906,rpoB_p.Ala934Thr,3) Uncertain significance,762606,0.058306858318495726,rpoB,762606,G,A,rpoBC,762606.0,0.0,0.0,0.0,0.0,0,0,0,0.0
-4.091723,rpoB_p.Ala951Thr,3) Uncertain significance,762657,0.058650084620302835,rpoB,762657,G,A,rpoBC,762657.0,0.0,-0.0005389014,0.0,1.0,0,0,0,-0.0005389014
-4.100823,rpoB_p.Ala974Thr,3) Uncertain significance,762726,0.058281305325167974,rpoB,762726,G,A,rpoBC,762726.0,0.00019190359,0.0,0.0,0.0,0,0,0,0.0
-4.0912805,rpoB_c.-37C>G,3) Uncertain significance,759770,0.0586680763941603,rpoB,759770,C,G,rpoBC,759770.0,0.0,0.0,0.0,0.0,0,0,0,0.0
-4.099734,rpoB_c.-4C>T,3) Uncertain significance,759803,0.05832531483505263,rpoB,759803,C,T,rpoBC,759803.0,0.0,-0.0028575843,0.0,1.0,0,0,0,-0.0028575843
-4.097078,rpoB_p.Cys681Arg,3) Uncertain significance,761847,0.058432790577187504,rpoB,761847,T,C,rpoBC,761847.0,0.0,-0.0008873916,0.0,0.0,0,0,0,0.0
-4.105582,rpoB_p.Cys701Trp,3) Uncertain significance,761909,0.0580893702566963,rpoB,761909,T,G,rpoBC,761909.0,0.0,0.0,0.0,0.0,0,0,0,0.0
-4.124688,rpoB_p.Asp186Ala,3) Uncertain significance,760363,0.057325148606583526,rpoB,760363,A,C,rpoBC,760363.0,0.0,0.0,0.0,0.0,0,0,0,0.0
-4.096418,rpoB_p.Asp190Ala,3) Uncertain significance,760375,0.058459528358549985,rpoB,760375,A,C,rpoBC,760375.0,0.0,0.0,0.0,0.0,0,0,0,0.0
-4.096546,rpoB_p.Asp301Asn,3) Uncertain significance,760707,0.058454341893303244,rpoB,760707,G,A,rpoBC,760707.0,0.0,-0.0029936552,0.0,1.0,0,0,0,-0.0029936552
-4.0938683,rpoB_p.Ala638Gly,3) Uncertain significance,761719,0.05856293624860675,rpoB,761719,C,G,rpoBC,761719.0,0.0,-0.001508747,0.0,0.0,0,0,0,0.0
-4.0895033,rpoB_p.Glu320Asp,3) Uncertain significance,760766,0.05874039185150442,rpoB,760766,G,T,rpoBC,760766.0,0.006277057,0.0,1.0,0.0,0,0,0,0.006277057
-4.092359,rpoB_c.-127G>A,3) Uncertain significance,759680,0.058624234920987874,rpoB,759680,G,A,rpoBC,759680.0,0.0,0.0,0.0,0.0,0,0,0,0.0
-4.086657,rpoB_p.Gly675Asp,3) Uncertain significance,761830,0.05885639544811877,rpoB,761830,G,A,rpoBC,761830.0,0.0050914395,0.0,1.0,0.0,0,0,0,0.0050914395
-4.093209,rpoB_p.Ile783Val,3) Uncertain significance,762153,0.05858970515435037,rpoB,762153,A,G,rpoBC,762153.0,0.0,0.0,0.0,0.0,0,0,0,0.0
-4.0988765,rpoB_p.Ile910Val,3) Uncertain significance,762534,0.058359992173290465,rpoB,762534,A,G,rpoBC,762534.0,0.0025322423,0.0,0.0,0.0,0,0,0,0.0
-4.1031737,rpoB_p.Leu80Val,3) Uncertain significance,760044,0.0581864201921209,rpoB,760044,C,G,rpoBC,760044.0,0.0,0.0,0.0,0.0,0,0,0,0.0
-4.090923,rpoB_p.Asn163Asp,3) Uncertain significance,760293,0.05868261615176029,rpoB,760293,A,G,rpoBC,760293.0,0.0,-0.000111419824,0.0,0.0,0,0,0,0.0
-4.099824,rpoB_p.Pro954Arg,3) Uncertain significance,762667,0.0583216764260637,rpoB,762667,C,G,rpoBC,762667.0,0.0,0.0,0.0,0.0,0,0,0,0.0
-3.6901503,rpoB_p.Ser493Trp,3) Uncertain significance,761284,0.07747365961823835,rpoB,761284,C,G,rpoBC,761284.0,0.33258757,0.0,1.0,0.0,0,0,0,0.33258757
-4.1106715,rpoB_c.-134T>G,3) Uncertain significance,759673,0.05788480521101205,rpoB,759673,T,G,rpoBC,759673.0,0.00063082296,0.0,1.0,0.0,0,0,0,0.00063082296
-4.095905,rpoB_p.Val129Gly,3) Uncertain significance,760192,0.05848031935718303,rpoB,760192,T,G,rpoBC,760192.0,0.0,0.0,0.0,0.0,0,0,0,0.0
-4.095238,rpoB_p.Tyr572Cys,3) Uncertain significance,761521,0.058507362765656226,rpoB,761521,A,G,rpoBC,761521.0,0.0,0.0,0.0,0.0,0,0,0,0.0
-4.097368,rpoB_p.Glu156Asp,3) Uncertain significance,760274,0.058421046025657085,rpoB,760274,G,T,rpoBC,760274.0,0.0,0.0,0.0,0.0,0,0,0,0.0
-4.094786,rpoB_c.-62C>T,3) Uncertain significance,759745,0.058525696141974254,rpoB,759745,C,T,rpoBC,759745.0,0.0,0.0,0.0,0.0,0,0,0,0.0
-4.1003594,rpoB_c.-181C>T,3) Uncertain significance,759626,0.05830003662600829,rpoB,759626,C,T,rpoBC,759626.0,0.0,0.0,0.0,0.0,0,0,0,0.0
-4.1253676,rpoB_p.Ala1002Pro,3) Uncertain significance,762810,0.05729815121943188,rpoB,762810,G,C,rpoBC,762810.0,0.0,0.0,0.0,0.0,0,0,0,0.0
-4.098762,rpoB_p.Ala943Thr,3) Uncertain significance,762633,0.05836462411842774,rpoB,762633,G,A,rpoBC,762633.0,0.0,0.0,0.0,0.0,0,0,0,0.0
-4.0957313,rpoB_p.Asp3Gly,3) Uncertain significance,759814,0.058487360791942826,rpoB,759814,A,G,rpoBC,759814.0,0.0,0.0,0.0,0.0,0,0,0,0.0
-4.0937295,rpoB_p.Gly28Arg,3) Uncertain significance,759888,0.05856857079114821,rpoB,759888,G,C,rpoBC,759888.0,0.0,0.0,0.0,0.0,0,0,0,0.0
-4.092534,rpoB_p.Met573Thr,3) Uncertain significance,761524,0.058617124188214347,rpoB,761524,T,C,rpoBC,761524.0,0.0,0.0,0.0,0.0,0,0,0,0.0
-4.097742,rpoB_p.Pro27His,3) Uncertain significance,759886,0.05840590308917853,rpoB,759886,C,A,rpoBC,759886.0,0.0,-0.0034937693,0.0,1.0,0,0,0,-0.0034937693
-3.685313,rpoB_p.Pro454Leu,3) Uncertain significance,761167,0.07773386174635155,rpoB,761167,C,T,rpoBC,761167.0,0.32951844,0.0,1.0,0.0,0,0,0,0.32951844
-4.09178,rpoB_p.Val613Phe,3) Uncertain significance,761643,0.05864776743705311,rpoB,761643,G,T,rpoBC,761643.0,0.0,0.0,0.0,0.0,0,0,0,0.0
-4.0946307,rpoB_c.-113C>T,3) Uncertain significance,759694,0.058531996523946285,rpoB,759694,C,T,rpoBC,759694.0,0.0003618189,0.0,0.0,0.0,0,0,0,0.0
-4.0943403,rpoB_p.Glu721Lys,3) Uncertain significance,761967,0.05854377961195569,rpoB,761967,G,A,rpoBC,761967.0,0.0,0.0,0.0,0.0,0,0,0,0.0
-4.0960593,rpoB_p.Ser936Arg,3) Uncertain significance,762612,0.05847406506885865,rpoB,762612,A,C,rpoBC,762612.0,9.5830794e-05,0.0,0.0,0.0,0,0,0,0.0
-4.102978,rpoB_c.-173A>G,3) Uncertain significance,759634,0.058194313651560615,rpoB,759634,A,G,rpoBC,759634.0,0.0,-0.0077430466,0.0,1.0,0,0,0,-0.0077430466
-4.073227,rpoB_c.-66C>T,3) Uncertain significance,759741,0.059406845756354874,rpoB,759741,C,T,rpoBC,759741.0,0.0,-8.47996e-05,0.0,0.0,0,0,0,0.0
-4.1195893,rpoB_p.Asp107Glu,3) Uncertain significance,760127,0.0575281026773331,rpoB,760127,C,A,rpoBC,760127.0,0.0,0.0,0.0,0.0,0,0,0,0.0
-4.090091,rpoB_p.Asp53Asn,3) Uncertain significance,759963,0.05871646808602581,rpoB,759963,G,A,rpoBC,759963.0,0.0,0.0,0.0,0.0,0,0,0,0.0
-4.100904,rpoB_p.Asp955Asn,3) Uncertain significance,762669,0.05827803321770525,rpoB,762669,G,A,rpoBC,762669.0,0.0,0.0,0.0,0.0,0,0,0,0.0
-4.0939946,rpoB_p.Glu1145Gly,3) Uncertain significance,763240,0.0585578096106918,rpoB,763240,A,G,rpoBC,763240.0,0.0,0.0,0.0,0.0,0,0,0,0.0
-4.102734,rpoB_p.Glu344Gln,3) Uncertain significance,760836,0.05820415676667138,rpoB,760836,G,C,rpoBC,760836.0,0.0,0.0,0.0,0.0,0,0,0,0.0
-4.0932164,rpoB_p.Phe295Leu,3) Uncertain significance,760691,0.05858940463158296,rpoB,760691,C,A,rpoBC,760691.0,0.0,0.0,0.0,0.0,0,0,0,0.0
-4.0901313,rpoB_p.Ile965Val,3) Uncertain significance,762699,0.058714827933015246,rpoB,762699,A,G,rpoBC,762699.0,0.0,0.0,0.0,0.0,0,0,0,0.0
-4.0789413,rpoB_p.Leu48Phe,3) Uncertain significance,759948,0.059172009478623167,rpoB,759948,C,T,rpoBC,759948.0,0.0,0.0,0.0,0.0,0,0,0,0.0
-4.1222596,rpoB_c.-160T>C,3) Uncertain significance,759647,0.05742172176526287,rpoB,759647,T,C,rpoBC,759647.0,0.0,0.0,0.0,0.0,0,0,0,0.0
-4.0991883,rpoB_p.Glu639Gly,3) Uncertain significance,761722,0.058347380582603504,rpoB,761722,A,G,rpoBC,761722.0,0.0,-0.00027053623,0.0,0.0,0,0,0,0.0
-4.101654,rpoB_p.Asn292Ser,3) Uncertain significance,760681,0.05824774465049042,rpoB,760681,A,G,rpoBC,760681.0,0.0,-0.0029395665,0.0,1.0,0,0,0,-0.0029395665
-4.0916524,rpoB_p.Ser12Thr,3) Uncertain significance,759841,0.05865295480227021,rpoB,759841,G,C,rpoBC,759841.0,0.0,0.0,0.0,0.0,0,0,0,0.0
-4.0984397,rpoB_c.-169_-168insA,3) Uncertain significance,759638,0.058377664309991986,rpoB,759638,T,TA,rpoBC,759638.0,0.0,-0.014919704,0.0,1.0,0,0,0,-0.014919704
-4.104754,rpoB_p.Ala334Val,3) Uncertain significance,760807,0.05812271881768291,rpoB,760807,C,T,rpoBC,760807.0,0.0,-0.0005280259,0.0,1.0,0,0,0,-0.0005280259
-4.0927844,rpoB_c.-53A>G,3) Uncertain significance,759754,0.05860695124535982,rpoB,759754,A,G,rpoBC,759754.0,0.0,0.0,0.0,0.0,0,0,0,0.0
-4.1011667,rpoB_p.Ala977Thr,3) Uncertain significance,762735,0.0582674223504653,rpoB,762735,G,A,rpoBC,762735.0,0.0,0.0,0.0,0.0,0,0,0,0.0
-4.099145,rpoB_p.Ala998Val,3) Uncertain significance,762799,0.05834913180474081,rpoB,762799,C,T,rpoBC,762799.0,0.0,0.0,0.0,0.0,0,0,0,0.0
-4.0906606,rpoB_c.-126C>G,3) Uncertain significance,759681,0.05869329042349741,rpoB,759681,C,G,rpoBC,759681.0,0.0,0.0,0.0,0.0,0,0,0,0.0
-4.107664,rpoB_c.-44C>T,3) Uncertain significance,759763,0.05800560006292508,rpoB,759763,C,T,rpoBC,759763.0,0.0,0.0,0.0,0.0,0,0,0,0.0
-4.099653,rpoB_p.Cys681Gly,3) Uncertain significance,761847,0.05832858959721258,rpoB,761847,T,G,rpoBC,761847.0,0.0,-0.0008873916,0.0,0.0,0,0,0,0.0
-4.09741,rpoB_p.Asp209Asn,3) Uncertain significance,760431,0.05841934528631314,rpoB,760431,G,A,rpoBC,760431.0,0.0,0.0,0.0,0.0,0,0,0,0.0
-4.0934687,rpoB_p.Asp270Glu,3) Uncertain significance,760616,0.05857915935181842,rpoB,760616,C,A,rpoBC,760616.0,8.7453715e-05,0.0,0.0,0.0,0,0,0,0.0
-4.097001,rpoB_p.Glu132Asp,3) Uncertain significance,760202,0.05843590935476613,rpoB,760202,G,T,rpoBC,760202.0,0.0,0.0,0.0,0.0,0,0,0,0.0
-4.106013,rpoB_p.Glu507Lys,3) Uncertain significance,761325,0.05807201885639464,rpoB,761325,G,A,rpoBC,761325.0,0.0,0.0,0.0,0.0,0,0,0,0.0
-4.0933623,rpoB_p.Glu66Lys,3) Uncertain significance,760002,0.058583479774514856,rpoB,760002,G,A,rpoBC,760002.0,0.0,0.0,0.0,0.0,0,0,0,0.0
-4.1067233,rpoB_p.Ala686Thr,3) Uncertain significance,761862,0.058043434574003704,rpoB,761862,G,A,rpoBC,761862.0,0.0,-0.008416079,0.0,1.0,0,0,0,-0.008416079
-4.0796595,rpoB_p.Phe208Leu,3) Uncertain significance,760428,0.0591425599000343,rpoB,760428,T,C,rpoBC,760428.0,0.0,0.0,0.0,0.0,0,0,0,0.0
-4.0999207,rpoB_p.Phe93Leu,3) Uncertain significance,760085,0.058317767410680975,rpoB,760085,C,A,rpoBC,760085.0,0.0,-0.010245597,0.0,1.0,0,0,0,-0.010245597
-4.091077,rpoB_c.-150G>A,3) Uncertain significance,759657,0.058676352429825926,rpoB,759657,G,A,rpoBC,759657.0,0.0,0.0,0.0,0.0,0,0,0,0.0
-4.1107864,rpoB_c.-176G>A,3) Uncertain significance,759631,0.05788019529756032,rpoB,759631,G,A,rpoBC,759631.0,0.0,0.0,0.0,0.0,0,0,0,0.0
-4.0788856,rpoB_c.-40G>C,3) Uncertain significance,759767,0.05917429405329736,rpoB,759767,G,C,rpoBC,759767.0,0.0,0.0,0.0,0.0,0,0,0,0.0
-4.105573,rpoB_p.Gly516Asp,3) Uncertain significance,761353,0.05808973263817556,rpoB,761353,G,A,rpoBC,761353.0,0.0,0.0,0.0,0.0,0,0,0,0.0
-4.0867333,rpoB_p.Gly890Asp,3) Uncertain significance,762475,0.05885328278459928,rpoB,762475,G,A,rpoBC,762475.0,0.0,0.0,0.0,0.0,0,0,0,0.0
-4.0937495,rpoB_p.His656Gln,3) Uncertain significance,761774,0.0585677588639818,rpoB,761774,C,A,rpoBC,761774.0,0.0,0.0,0.0,0.0,0,0,0,0.0
-4.0928116,rpoB_p.Ile506Val,3) Uncertain significance,761322,0.05860584630356586,rpoB,761322,A,G,rpoBC,761322.0,0.0,0.0,0.0,0.0,0,0,0,0.0
-4.093675,rpoB_p.Ile892Thr,3) Uncertain significance,762481,0.05857078334980371,rpoB,762481,T,C,rpoBC,762481.0,0.0,0.0,0.0,0.0,0,0,0,0.0
-4.0953493,rpoB_p.Lys939Gln,3) Uncertain significance,762621,0.05850284925579365,rpoB,762621,A,C,rpoBC,762621.0,0.0011529217,0.0,1.0,0.0,0,0,0,0.0011529217
-4.110909,rpoB_p.Lys944Asn,3) Uncertain significance,762638,0.05787527685656089,rpoB,762638,G,T,rpoBC,762638.0,0.0,-0.014099459,0.0,1.0,0,0,0,-0.014099459
-4.097243,rpoB_p.Met153Thr,3) Uncertain significance,760264,0.05842610804286639,rpoB,760264,T,C,rpoBC,760264.0,0.0,0.0,0.0,0.0,0,0,0,0.0
-4.097178,rpoB_p.Asn963Ser,3) Uncertain significance,762694,0.0584287404651512,rpoB,762694,A,G,rpoBC,762694.0,0.0,-0.0020418935,0.0,1.0,0,0,0,-0.0020418935
-4.0906906,rpoB_p.Pro30Ser,3) Uncertain significance,759894,0.05869206994352377,rpoB,759894,C,T,rpoBC,759894.0,0.0,0.0,0.0,0.0,0,0,0,0.0
-4.0999885,rpoB_p.Pro682Ala,3) Uncertain significance,761850,0.05831502680950659,rpoB,761850,C,G,rpoBC,761850.0,0.0,0.0,0.0,0.0,0,0,0,0.0
-4.1034694,rpoB_p.Arg661Gln,3) Uncertain significance,761788,0.0581744953148531,rpoB,761788,G,A,rpoBC,761788.0,0.0,0.0,0.0,0.0,0,0,0,0.0
-4.104915,rpoB_p.Ser1124Ala,3) Uncertain significance,763176,0.058116232876207784,rpoB,763176,T,G,rpoBC,763176.0,0.0,0.0,0.0,0.0,0,0,0,0.0
-4.1214194,rpoB_c.-160T>G,3) Uncertain significance,759647,0.05745517289714858,rpoB,759647,T,G,rpoBC,759647.0,0.0,0.0,0.0,0.0,0,0,0,0.0
-4.1344028,rpoB_c.-169T>C,3) Uncertain significance,759638,0.05694043007019019,rpoB,759638,T,C,rpoBC,759638.0,0.0,-0.014919704,0.0,1.0,0,0,0,-0.014919704
-4.096326,rpoB_p.Thr215Ala,3) Uncertain significance,760449,0.05846325641468471,rpoB,760449,A,G,rpoBC,760449.0,0.0,0.0,0.0,0.0,0,0,0,0.0
-4.0876226,rpoB_p.Tyr866His,3) Uncertain significance,762402,0.05881701587083196,rpoB,762402,T,C,rpoBC,762402.0,0.0,0.0,0.0,0.0,0,0,0,0.0
-4.0985656,rpoB_p.Met587Ile,3) Uncertain significance,761567,0.05837257007521501,rpoB,761567,G,T,rpoBC,761567.0,0.0,-0.0034140646,0.0,1.0,0,0,0,-0.0034140646
-4.104581,rpoB_p.Ala69Pro,3) Uncertain significance,760011,0.05812968899015758,rpoB,760011,G,C,rpoBC,760011.0,0.0,0.0,0.0,0.0,0,0,0,0.0
-4.0974083,rpoB_p.Thr350Ile,3) Uncertain significance,760855,0.05841941412480132,rpoB,760855,C,T,rpoBC,760855.0,0.0,0.0,0.0,0.0,0,0,0,0.0
-4.034268,rpoB_p.Asp515Tyr,3) Uncertain significance,761349,0.06103294431705223,rpoB,761349,G,T,rpoBC,761349.0,0.03425841,0.0,1.0,0.0,0,0,0,0.03425841
-4.1078653,rpoB_p.Glu563Asp,3) Uncertain significance,761495,0.057997507075575945,rpoB,761495,G,T,rpoBC,761495.0,0.0,0.0,0.0,0.0,0,0,0,0.0
-4.091443,rpoB_p.Met655Thr,3) Uncertain significance,761770,0.05866146860439817,rpoB,761770,T,C,rpoBC,761770.0,0.0,0.0,0.0,0.0,0,0,0,0.0
-4.0972605,rpoB_p.Ser16Cys,3) Uncertain significance,759852,0.05842539933405366,rpoB,759852,A,T,rpoBC,759852.0,0.00023535406,0.0,0.0,0.0,0,0,0,0.0
-4.1140556,rpoB_p.Asp103Glu,3) Uncertain significance,760115,0.05774918514016162,rpoB,760115,C,A,rpoBC,760115.0,0.0,-0.07527684,0.0,1.0,0,0,0,-0.07527684
0.039531797,rpoB_p.Ile491Tyr,3) Uncertain significance,"761277,761278",1.0277802233212827,rpoB,761277,A,T,rpoBC,761277.0,2.8016171,-0.2150656,1.0,1.0,1,0,0,1.181174415
-4.095988,rpoB_p.Ile542Lys,3) Uncertain significance,"761431,761432",0.058476955010077554,rpoB,761431,T,A,rpoBC,761431.0,0.0,-0.00082091946,0.0,0.0,0,0,0,0.0
-4.090366,rpoB_p.Val549Gly,3) Uncertain significance,"761452,761453",0.05870527688523349,rpoB,761452,T,G,rpoBC,761452.0,0.0,0.0,0.0,0.0,0,0,0,0.0
-4.0959635,rpoB_p.Asp851Pro,3) Uncertain significance,"762357,762358",0.05847794808035383,rpoB,762357,G,C,rpoBC,762357.0,0.0,0.0,0.0,0.0,0,0,0,0.0
-4.0917745,rpoB_p.Ile925Val,5) Not assoc w R,762579,0.05864799102091986,rpoB,762579,A,G,rpoBC,762579.0,0.0,0.0,0.0,0.0,0,0,0,0.0
-4.0988393,rpoB_p.Glu639Asp,5) Not assoc w R,761723,0.05836149700947356,rpoB,761723,A,T,rpoBC,761723.0,0.0,0.0,0.0,0.0,0,0,0,0.0
-4.092366,rpoB_p.Glu250Gly,5) Not assoc w R,760555,0.0586239504751159,rpoB,760555,A,G,rpoBC,760555.0,0.0029153433,0.0,0.0,0.0,0,0,0,0.0
-3.969505,rpoB_p.Val695Leu,5) Not assoc w R,761889,0.06383515644325731,rpoB,761889,G,T,rpoBC,761889.0,0.016733991,0.0,0.0,0.0,0,0,0,0.0
-4.045419,rpoB_c.-61C>T,5) Not assoc w R,759746,0.06056302176620356,rpoB,759746,C,T,rpoBC,759746.0,0.029813373,0.0,1.0,0.0,0,0,0,0.029813373
-4.1126246,rpoB_p.Ser388Leu,5) Not assoc w R,760969,0.05780649460594356,rpoB,760969,C,T,rpoBC,760969.0,0.0,0.0,0.0,0.0,0,0,0,0.0
-4.099633,rpoB_p.Lys944Glu,5) Not assoc w R,762636,0.05832939820876595,rpoB,762636,A,G,rpoBC,762636.0,0.0,-0.0031749615,0.0,1.0,0,0,0,-0.0031749615
-4.1031766,rpoB_p.Asn381His,5) Not assoc w R,760947,0.05818630323015445,rpoB,760947,A,C,rpoBC,760947.0,0.0,0.0,0.0,0.0,0,0,0,0.0
